1,6069161,500000
2,6069161,500000
3,6069161,500000
4,6069161,500000
5,6069161,500000
6,6069161,500000
7,6069161,500000
8,6069161,500000
9,6069161,500000
10,6069161,500000
11,6069161,500000
12,6069161,500000
13,6069161,500000
14,6069161,500000
15,171176689,5370
16,6069161,500000
17,6069161,500000
18,6069161,500000
19,6069161,500000
20,6069161,500000
21,6069161,500000
22,6069161,500000
23,6069161,500000
24,6069161,500000
25,6069161,500000
26,6069161,500000
27,6069161,500000
28,6069161,500000
29,6069161,500000
30,6069161,500000
31,6069161,500000
32,6069161,500000
33,6069161,500000
34,6069161,500000
35,6069161,500000
36,6069161,500000
37,6069161,500000
38,6069161,500000
39,171176689,7400
40,6069161,500000
41,6069161,500000
42,6069161,500000
43,6069161,500000
44,6069161,500000
45,6069161,500000
46,6069161,500000
47,6069161,500000
48,6069161,500000
49,6069161,500000
50,171176689,5800
51,6069161,500000
52,6069161,500000
53,6069161,500000
54,171176689,7250
55,6069161,500000
56,6069161,500000
57,6069161,500000
58,6069161,500000
59,6069161,500000
60,6069161,500000
61,6069161,500000
62,6069161,500000
63,6069161,500000
64,6069161,500000
65,6069161,500000
66,6069161,500000
67,6069161,500000
68,6069161,500000
69,6069161,500000
70,6069161,500000
71,6069161,500000
72,6069161,500000
73,6069161,500000
74,6069161,500000
75,6069161,500000
76,6069161,500000
77,6069161,500000
78,6069161,500000
79,6069161,500000
80,6069161,500000
81,6069161,500000
82,6069161,500000
83,171176689,8850
84,6069161,500000
85,6069161,500000
86,6069161,500000
87,6069161,500000
88,6069161,500000
89,6069161,500000
90,6069161,500000
91,6069161,500000
92,6069161,500000
93,6069161,500000
94,6069161,500000
95,6069161,500000
96,6069161,500000
97,6069161,500000
98,6069161,500000
99,6069161,500000
100,6069161,500000
101,6069161,500000
102,6069161,500000
103,6069161,500000
104,6069161,500000
105,6069161,500000
106,6069161,500000
107,6069161,500000
108,6069161,500000
109,6069161,500000
110,6069161,500000
111,6069161,500000
112,6069161,500000
113,6069161,500000
114,6069161,500000
115,6069161,500000
116,6069161,500000
117,6069161,500000
118,6069161,500000
119,6069161,500000
120,6069161,500000
121,6069161,500000
122,6069161,500000
123,171176689,20890
124,6069161,500000
125,6069161,500000
126,6069161,500000
127,6069161,500000
128,6069161,500000
129,6069161,500000
130,6069161,500000
131,6069161,500000
132,6069161,500000
133,6069161,500000
134,6069161,500000
135,6069161,500000
136,6069161,500000
137,6069161,500000
138,6069161,500000
139,6069161,500000
140,6069161,500000
141,6069161,500000
142,6069161,500000
143,171176689,9280
144,6069161,500000
145,6069161,500000
146,6069161,500000
147,6069161,500000
148,6069161,500000
149,6069161,500000
150,6069161,500000
151,6069161,500000
152,6069161,500000
153,6069161,500000
154,6069161,500000
155,6069161,500000
156,6069161,500000
157,6069161,500000
158,6069161,500000
159,6069161,500000
160,6069161,500000
161,6069161,500000
162,171176689,14930
163,6069161,500000
164,6069161,500000
165,6069161,500000
166,6069161,500000
167,6069161,500000
168,6069161,500000
169,6069161,500000
170,6069161,500000
171,6069161,500000
172,6069161,500000
173,6069161,500000
174,6069161,500000
175,6069161,500000
176,6069161,500000
177,6069161,500000
178,6069161,500000
179,6069161,500000
180,6069161,500000
181,6069161,500000
182,6069161,500000
183,6069161,500000
184,6069161,500000
185,6069161,500000
186,6069161,500000
187,6069161,500000
188,6069161,500000
189,6069161,500000
190,6069161,500000
191,6069161,500000
192,6069161,500000
193,6069161,500000
194,6069161,500000
195,6069161,500000
196,6069161,500000
197,6069161,500000
198,171176689,6090
199,6069161,500000
200,6069161,500000
201,6069161,500000
202,171176689,14210
203,6069161,500000
204,6069161,500000
205,6069161,500000
206,6069161,500000
207,6069161,500000
208,6069161,500000
209,6069161,500000
210,6069161,500000
211,6069161,500000
212,6069161,500000
213,6069161,500000
214,6069161,500000
215,6069161,500000
216,6069161,500000
217,6069161,500000
218,6069161,500000
219,6069161,500000
220,6069161,500000
221,6069161,500000
222,6069161,500000
223,6069161,500000
224,6069161,500000
225,6069161,500000
226,6069161,500000
227,6069161,500000
228,6069161,500000
229,6069161,500000
230,6069161,500000
231,6069161,500000
232,6069161,500000
233,6069161,500000
234,6069161,500000
235,6069161,500000
236,6069161,500000
237,6069161,500000
238,6069161,500000
239,6069161,500000
240,6069161,500000
241,6069161,500000
242,6069161,500000
243,6069161,500000
244,6069161,500000
245,6069161,500000
246,6069161,500000
247,6069161,500000
248,6069161,500000
249,6069161,500000
250,6069161,500000
251,6069161,500000
252,6069161,500000
253,6069161,500000
254,6069161,500000
255,6069161,500000
256,6069161,500000
257,6069161,500000
258,6069161,500000
259,6069161,500000
260,6069161,500000
261,6069161,500000
262,6069161,500000
263,6069161,500000
264,6069161,500000
265,6069161,500000
266,6069161,500000
267,6069161,500000
268,6069161,500000
269,6069161,500000
270,6069161,500000
271,6069161,500000
272,6069161,500000
273,6069161,500000
274,6069161,500000
275,6069161,500000
276,6069161,500000
277,6069161,500000
278,6069161,500000
279,6069161,500000
280,6069161,500000
281,6069161,500000
282,6069161,500000
283,6069161,500000
284,6069161,500000
285,6069161,500000
286,6069161,500000
287,6069161,500000
288,6069161,500000
289,6069161,500000
290,6069161,500000
291,6069161,500000
292,6069161,500000
293,6069161,500000
294,6069161,500000
295,6069161,500000
296,6069161,500000
297,6069161,500000
298,6069161,500000
299,6069161,500000
300,6069161,500000
301,6069161,500000
302,6069161,500000
303,6069161,500000
304,6069161,500000
305,6069161,500000
306,6069161,500000
307,6069161,500000
308,6069161,500000
309,6069161,500000
310,6069161,500000
311,6069161,500000
312,6069161,500000
313,6069161,500000
314,6069161,500000
315,6069161,500000
316,6069161,500000
317,6069161,500000
318,6069161,500000
319,6069161,500000
320,6069161,500000
321,6069161,500000
322,6069161,500000
323,6069161,500000
324,6069161,500000
325,6069161,500000
326,6069161,500000
327,6069161,500000
328,6069161,500000
329,6069161,500000
330,6069161,500000
331,6069161,500000
332,6069161,500000
333,6069161,500000
334,6069161,500000
335,6069161,500000
336,6069161,500000
337,6069161,500000
338,6069161,500000
339,6069161,500000
340,6069161,500000
341,6069161,500000
342,6069161,500000
343,6069161,500000
344,6069161,500000
345,6069161,500000
346,6069161,500000
347,6069161,500000
348,6069161,500000
349,6069161,500000
350,6069161,500000
351,6069161,500000
352,6069161,500000
353,6069161,500000
354,6069161,500000
355,6069161,500000
356,6069161,500000
357,6069161,500000
358,6069161,500000
359,6069161,500000
360,6069161,500000
361,6069161,500000
362,6069161,500000
363,6069161,500000
364,6069161,500000
365,6069161,500000
366,6069161,500000
367,6069161,500000
368,6069161,500000
369,6069161,500000
370,6069161,500000
371,6069161,500000
372,6069161,500000
373,6069161,500000
374,6069161,500000
375,6069161,500000
376,6069161,500000
377,6069161,500000
378,6069161,500000
379,6069161,500000
380,6069161,500000
381,6069161,500000
382,6069161,500000
383,6069161,500000
384,6069161,500000
385,6069161,500000
386,6069161,500000
387,6069161,500000
388,6069161,500000
389,6069161,500000
390,6069161,500000
391,6069161,500000
392,6069161,500000
393,6069161,500000
394,6069161,500000
395,6069161,500000
396,171176689,5510
397,6069161,500000
398,6069161,500000
399,6069161,500000
400,6069161,500000
401,6069161,500000
402,6069161,500000
403,6069161,500000
404,6069161,500000
405,6069161,500000
406,6069161,500000
407,6069161,500000
408,6069161,500000
409,6069161,500000
410,171176689,8550
411,6069161,500000
412,6069161,500000
413,6069161,500000
414,6069161,500000
415,6069161,500000
416,6069161,500000
417,6069161,500000
418,6069161,500000
419,6069161,500000
420,6069161,500000
421,6069161,500000
422,6069161,500000
423,6069161,500000
424,6069161,500000
425,6069161,500000
426,6069161,500000
427,6069161,500000
428,6069161,500000
429,6069161,500000
430,171176689,6820
431,6069161,500000
432,6069161,500000
433,6069161,500000
434,6069161,500000
435,6069161,500000
436,6069161,500000
437,6069161,500000
438,6069161,500000
439,6069161,500000
440,6069161,500000
441,6069161,500000
442,6069161,500000
443,6069161,500000
444,6069161,500000
445,6069161,500000
446,6069161,500000
447,6069161,500000
448,6069161,500000
449,6069161,500000
450,6069161,500000
451,6069161,500000
452,6069161,500000
453,6069161,500000
454,6069161,500000
455,6069161,500000
456,6069161,500000
457,6069161,500000
458,6069161,500000
459,6069161,500000
460,6069161,500000
461,6069161,500000
462,6069161,500000
463,6069161,500000
464,6069161,500000
465,6069161,500000
466,6069161,500000
467,6069161,500000
468,6069161,500000
469,6069161,500000
470,6069161,500000
471,6069161,500000
472,6069161,500000
473,6069161,500000
474,6069161,500000
475,6069161,500000
476,6069161,500000
477,6069161,500000
478,6069161,500000
479,6069161,500000
480,6069161,500000
481,6069161,500000
482,6069161,500000
483,6069161,500000
484,6069161,500000
485,6069161,500000
486,6069161,500000
487,6069161,500000
488,6069161,500000
489,6069161,500000
490,171176689,5510
491,6069161,500000
492,6069161,500000
493,6069161,500000
494,6069161,500000
495,6069161,500000
496,6069161,500000
497,6069161,500000
498,6069161,500000
499,6069161,500000
500,6069161,500000
501,6069161,500000
502,6069161,500000
503,6069161,500000
504,6069161,500000
505,6069161,500000
506,6069161,500000
507,6069161,500000
508,6069161,500000
509,6069161,500000
510,6069161,500000
511,6069161,500000
512,6069161,500000
513,6069161,500000
514,6069161,500000
515,6069161,500000
516,6069161,500000
517,6069161,500000
518,6069161,500000
519,6069161,500000
520,171176689,48860
521,6069161,500000
522,6069161,500000
523,6069161,500000
524,6069161,500000
525,6069161,500000
526,6069161,500000
527,6069161,500000
528,171176689,8550
529,6069161,500000
530,6069161,500000
531,6069161,500000
532,6069161,500000
533,6069161,500000
534,6069161,500000
535,6069161,500000
536,6069161,500000
537,6069161,500000
538,6069161,500000
539,6069161,500000
540,6069161,500000
541,6069161,500000
542,6069161,500000
543,6069161,500000
544,6069161,500000
545,6069161,500000
546,6069161,500000
547,6069161,500000
548,6069161,500000
549,6069161,500000
550,6069161,500000
551,6069161,500000
552,6069161,500000
553,6069161,500000
554,6069161,500000
555,6069161,500000
556,6069161,500000
557,6069161,500000
558,6069161,500000
559,6069161,500000
560,6069161,500000
561,6069161,500000
562,6069161,500000
563,6069161,500000
564,6069161,500000
565,6069161,500000
566,6069161,500000
567,6069161,500000
568,171176689,6960
569,6069161,500000
570,6069161,500000
571,6069161,500000
572,6069161,500000
573,6069161,500000
574,6069161,500000
575,6069161,500000
576,6069161,500000
577,6069161,500000
578,6069161,500000
579,6069161,500000
580,6069161,500000
581,6069161,500000
582,6069161,500000
583,6069161,500000
584,6069161,500000
585,6069161,500000
586,6069161,500000
587,6069161,500000
588,6069161,500000
589,6069161,500000
590,6069161,500000
591,6069161,500000
592,6069161,500000
593,6069161,500000
594,6069161,500000
595,6069161,500000
596,6069161,500000
597,6069161,500000
598,6069161,500000
599,6069161,500000
600,6069161,500000
601,6069161,500000
602,6069161,500000
603,6069161,500000
604,6069161,500000
605,171176689,5510
606,6069161,500000
607,6069161,500000
608,6069161,500000
609,6069161,500000
610,6069161,500000
611,6069161,500000
612,6069161,500000
613,6069161,500000
614,6069161,500000
615,6069161,500000
616,6069161,500000
617,6069161,500000
618,6069161,500000
619,6069161,500000
620,6069161,500000
621,6069161,500000
622,6069161,500000
623,6069161,500000
624,6069161,500000
625,6069161,500000
626,6069161,500000
627,6069161,500000
628,6069161,500000
629,6069161,500000
630,6069161,500000
631,6069161,500000
632,6069161,500000
633,6069161,500000
634,6069161,500000
635,6069161,500000
636,6069161,500000
637,6069161,500000
638,171176689,7980
639,6069161,500000
640,6069161,500000
641,6069161,500000
642,6069161,500000
643,6069161,500000
644,6069161,500000
645,6069161,500000
646,6069161,500000
647,171176689,10000
648,6069161,500000
649,6069161,500000
650,6069161,500000
651,6069161,500000
652,6069161,500000
653,6069161,500000
654,6069161,500000
655,6069161,500000
656,6069161,500000
657,6069161,500000
658,6069161,500000
659,6069161,500000
660,6069161,500000
661,6069161,500000
662,6069161,500000
663,6069161,500000
664,6069161,500000
665,6069161,500000
666,6069161,500000
667,6069161,500000
668,6069161,500000
669,6069161,500000
670,6069161,500000
671,6069161,500000
672,6069161,500000
673,6069161,500000
674,6069161,500000
675,6069161,500000
676,6069161,500000
677,6069161,500000
678,6069161,500000
679,6069161,500000
680,6069161,500000
681,6069161,500000
682,6069161,500000
683,6069161,500000
684,6069161,500000
685,6069161,500000
686,6069161,500000
687,6069161,500000
688,6069161,500000
689,6069161,500000
690,6069161,500000
691,6069161,500000
692,6069161,500000
693,6069161,500000
694,6069161,500000
695,6069161,500000
696,6069161,500000
697,6069161,500000
698,6069161,500000
699,6069161,500000
700,6069161,500000
701,6069161,500000
702,6069161,500000
703,6069161,500000
704,6069161,500000
705,6069161,500000
706,6069161,500000
707,6069161,500000
708,6069161,500000
709,6069161,500000
710,6069161,500000
711,6069161,500000
712,6069161,500000
713,6069161,500000
714,6069161,500000
715,6069161,500000
716,6069161,500000
717,6069161,500000
718,6069161,500000
719,6069161,500000
720,6069161,500000
721,6069161,500000
722,6069161,500000
723,6069161,500000
724,6069161,500000
725,6069161,500000
726,171176689,8120
727,6069161,500000
728,171176689,15230
729,6069161,500000
730,6069161,500000
731,6069161,500000
732,6069161,500000
733,6069161,500000
734,6069161,500000
735,6069161,500000
736,6069161,500000
737,6069161,500000
738,6069161,500000
739,6069161,500000
740,6069161,500000
741,6069161,500000
742,6069161,500000
743,6069161,500000
744,6069161,500000
745,6069161,500000
746,6069161,500000
747,6069161,500000
748,6069161,500000
749,6069161,500000
750,6069161,500000
751,6069161,500000
752,6069161,500000
753,6069161,500000
754,6069161,500000
755,6069161,500000
756,6069161,500000
757,6069161,500000
758,6069161,500000
759,6069161,500000
760,6069161,500000
761,6069161,500000
762,6069161,500000
763,6069161,500000
764,6069161,500000
765,6069161,500000
766,6069161,500000
767,6069161,500000
768,6069161,500000
769,6069161,500000
770,6069161,500000
771,6069161,500000
772,6069161,500000
773,6069161,500000
774,6069161,500000
775,6069161,500000
776,6069161,500000
777,6069161,500000
778,6069161,500000
779,6069161,500000
780,6069161,500000
781,6069161,500000
782,6069161,500000
783,6069161,500000
784,6069161,500000
785,6069161,500000
786,6069161,500000
787,6069161,500000
788,6069161,500000
789,6069161,500000
790,6069161,500000
791,6069161,500000
792,6069161,500000
793,6069161,500000
794,6069161,500000
795,6069161,500000
796,6069161,500000
797,6069161,500000
798,6069161,500000
799,6069161,500000
800,6069161,500000
801,6069161,500000
802,6069161,500000
803,6069161,500000
804,6069161,500000
805,6069161,500000
806,6069161,500000
807,6069161,500000
808,6069161,500000
809,6069161,500000
810,6069161,500000
811,6069161,500000
812,6069161,500000
813,6069161,500000
814,6069161,500000
815,6069161,500000
816,6069161,500000
817,6069161,500000
818,6069161,500000
819,6069161,500000
820,6069161,500000
821,6069161,500000
822,6069161,500000
823,6069161,500000
824,6069161,500000
825,6069161,500000
826,171176689,26100
827,6069161,500000
828,6069161,500000
829,6069161,500000
830,6069161,500000
831,6069161,500000
832,6069161,500000
833,6069161,500000
834,6069161,500000
835,6069161,500000
836,6069161,500000
837,6069161,500000
838,6069161,500000
839,6069161,500000
840,6069161,500000
841,6069161,500000
842,6069161,500000
843,6069161,500000
844,6069161,500000
845,6069161,500000
846,6069161,500000
847,6069161,500000
848,6069161,500000
849,6069161,500000
850,6069161,500000
851,6069161,500000
852,6069161,500000
853,6069161,500000
854,6069161,500000
855,6069161,500000
856,6069161,500000
857,6069161,500000
858,6069161,500000
859,6069161,500000
860,6069161,500000
861,6069161,500000
862,6069161,500000
863,6069161,500000
864,6069161,500000
865,171176689,10580
866,6069161,500000
867,6069161,500000
868,6069161,500000
869,6069161,500000
870,6069161,500000
871,6069161,500000
872,6069161,500000
873,6069161,500000
874,6069161,500000
875,6069161,500000
876,6069161,500000
877,6069161,500000
878,6069161,500000
879,6069161,500000
880,6069161,500000
881,6069161,500000
882,6069161,500000
883,6069161,500000
884,171176689,7830
885,6069161,500000
886,6069161,500000
887,6069161,500000
888,6069161,500000
889,6069161,500000
890,6069161,500000
891,6069161,500000
892,6069161,500000
893,6069161,500000
894,6069161,500000
895,6069161,500000
896,6069161,500000
897,6069161,500000
898,6069161,500000
899,6069161,500000
900,6069161,500000
901,6069161,500000
902,6069161,500000
903,6069161,500000
904,6069161,500000
905,6069161,500000
906,6069161,500000
907,6069161,500000
908,6069161,500000
909,6069161,500000
910,6069161,500000
911,6069161,500000
912,6069161,500000
913,6069161,500000
914,6069161,500000
915,6069161,500000
916,6069161,500000
917,6069161,500000
918,6069161,500000
919,6069161,500000
920,6069161,500000
921,6069161,500000
922,6069161,500000
923,6069161,500000
924,6069161,500000
925,6069161,500000
926,6069161,500000
927,6069161,500000
928,6069161,500000
929,6069161,500000
930,6069161,500000
931,6069161,500000
932,6069161,500000
933,6069161,500000
934,6069161,500000
935,6069161,500000
936,6069161,500000
937,6069161,500000
938,6069161,500000
939,6069161,500000
940,6069161,500000
941,6069161,500000
942,6069161,500000
943,6069161,500000
944,6069161,500000
945,6069161,500000
946,171176689,16680
947,6069161,500000
948,6069161,500000
949,6069161,500000
950,6069161,500000
951,171176689,5800
952,6069161,500000
953,6069161,500000
954,6069161,500000
955,6069161,500000
956,6069161,500000
957,6069161,500000
958,6069161,500000
959,6069161,500000
960,6069161,500000
961,6069161,500000
962,6069161,500000
963,6069161,500000
964,6069161,500000
965,6069161,500000
966,6069161,500000
967,6069161,500000
968,6069161,500000
969,171176689,9860
970,6069161,500000
971,6069161,500000
972,6069161,500000
973,6069161,500000
974,6069161,500000
975,6069161,500000
976,6069161,500000
977,6069161,500000
978,6069161,500000
979,6069161,500000
980,6069161,500000
981,171176689,8700
982,6069161,500000
983,6069161,500000
984,6069161,500000
985,6069161,500000
986,6069161,500000
987,6069161,500000
988,171176689,6530
989,6069161,500000
990,6069161,500000
991,6069161,500000
992,6069161,500000
993,6069161,500000
994,6069161,500000
995,6069161,500000
996,6069161,500000
997,6069161,500000
998,6069161,500000
999,6069161,500000
1000,6069161,500000
1001,6069161,500000
1002,6069161,500000
1003,6069161,500000
1004,6069161,500000
1005,6069161,500000
1006,6069161,500000
1007,6069161,500000
1008,6069161,500000
1009,6069161,500000
1010,6069161,500000
1011,6069161,500000
1012,6069161,500000
1013,6069161,500000
1014,6069161,500000
1015,6069161,500000
1016,6069161,500000
1017,6069161,500000
1018,6069161,500000
1019,6069161,500000
1020,6069161,500000
1021,6069161,500000
1022,6069161,500000
1023,6069161,500000
1024,171176689,7680
1025,6069161,500000
1026,6069161,500000
1027,6069161,500000
1028,6069161,500000
1029,6069161,500000
1030,6069161,500000
1031,6069161,500000
1032,6069161,500000
1033,6069161,500000
1034,6069161,500000
1035,6069161,500000
1036,6069161,500000
1037,6069161,500000
1038,6069161,500000
1039,171176689,9430
1040,6069161,500000
1041,6069161,500000
1042,6069161,500000
1043,6069161,500000
1044,6069161,500000
1045,6069161,500000
1046,6069161,500000
1047,6069161,500000
1048,6069161,500000
1049,6069161,500000
1050,6069161,500000
1051,6069161,500000
1052,6069161,500000
1053,6069161,500000
1054,6069161,500000
1055,6069161,500000
1056,6069161,500000
1057,6069161,500000
1058,6069161,500000
1059,6069161,500000
1060,6069161,500000
1061,6069161,500000
1062,6069161,500000
1063,6069161,500000
1064,6069161,500000
1065,6069161,500000
1066,6069161,500000
1067,6069161,500000
1068,6069161,500000
1069,6069161,500000
1070,6069161,500000
1071,6069161,500000
1072,6069161,500000
1073,6069161,500000
1074,6069161,500000
1075,6069161,500000
1076,6069161,500000
1077,6069161,500000
1078,171176689,5510
1079,6069161,500000
1080,6069161,500000
1081,6069161,500000
1082,6069161,500000
1083,6069161,500000
1084,6069161,500000
1085,6069161,500000
1086,6069161,500000
1087,6069161,500000
1088,6069161,500000
1089,6069161,500000
1090,6069161,500000
1091,6069161,500000
1092,6069161,500000
1093,6069161,500000
1094,6069161,500000
1095,6069161,500000
1096,6069161,500000
1097,6069161,500000
1098,6069161,500000
1099,6069161,500000
1100,6069161,500000
1101,6069161,500000
1102,6069161,500000
1103,6069161,500000
1104,6069161,500000
1105,6069161,500000
1106,6069161,500000
1107,6069161,500000
1108,6069161,500000
1109,6069161,500000
1110,6069161,500000
1111,6069161,500000
1112,6069161,500000
1113,6069161,500000
1114,6069161,500000
1115,6069161,500000
1116,6069161,500000
1117,6069161,500000
1118,6069161,500000
1119,6069161,500000
1120,6069161,500000
1121,6069161,500000
1122,6069161,500000
1123,6069161,500000
1124,171176689,11320
1125,6069161,500000
1126,6069161,500000
1127,6069161,500000
1128,6069161,500000
1129,6069161,500000
1130,6069161,500000
1131,6069161,500000
1132,6069161,500000
1133,6069161,500000
1134,6069161,500000
1135,6069161,500000
1136,6069161,500000
1137,6069161,500000
1138,6069161,500000
1139,6069161,500000
1140,6069161,500000
1141,171176689,6240
1142,6069161,500000
1143,6069161,500000
1144,6069161,500000
1145,171176689,28280
1146,6069161,500000
1147,6069161,500000
1148,6069161,500000
1149,6069161,500000
1150,6069161,500000
1151,6069161,500000
1152,6069161,500000
1153,6069161,500000
1154,6069161,500000
1155,6069161,500000
1156,6069161,500000
1157,6069161,500000
1158,6069161,500000
1159,6069161,500000
1160,6069161,500000
1161,6069161,500000
1162,6069161,500000
1163,6069161,500000
1164,6069161,500000
1165,6069161,500000
1166,6069161,500000
1167,6069161,500000
1168,6069161,500000
1169,6069161,500000
1170,6069161,500000
1171,6069161,500000
1172,171176689,18130
1173,6069161,500000
1174,6069161,500000
1175,6069161,500000
1176,6069161,500000
1177,6069161,500000
1178,6069161,500000
1179,6069161,500000
1180,6069161,500000
1181,6069161,500000
1182,6069161,500000
1183,6069161,500000
1184,6069161,500000
1185,6069161,500000
1186,6069161,500000
1187,6069161,500000
1188,6069161,500000
1189,6069161,500000
1190,6069161,500000
1191,6069161,500000
1192,6069161,500000
1193,6069161,500000
1194,6069161,500000
1195,6069161,500000
1196,6069161,500000
1197,6069161,500000
1198,6069161,500000
1199,171176689,5800
1200,6069161,500000
1201,6069161,500000
1202,6069161,500000
1203,6069161,500000
1204,6069161,500000
1205,6069161,500000
1206,6069161,500000
1207,6069161,500000
1208,6069161,500000
1209,6069161,500000
1210,6069161,500000
1211,171176689,6820
1212,6069161,500000
1213,6069161,500000
1214,6069161,500000
1215,6069161,500000
1216,6069161,500000
1217,6069161,500000
1218,6069161,500000
1219,6069161,500000
1220,6069161,500000
1221,6069161,500000
1222,6069161,500000
1223,6069161,500000
1224,6069161,500000
1225,6069161,500000
1226,6069161,500000
1227,6069161,500000
1228,6069161,500000
1229,6069161,500000
1230,6069161,500000
1231,6069161,500000
1232,171176689,10000
1233,6069161,500000
1234,6069161,500000
1235,6069161,500000
1236,6069161,500000
1237,6069161,500000
1238,171176689,14070
1239,6069161,500000
1240,6069161,500000
1241,6069161,500000
1242,6069161,500000
1243,6069161,500000
1244,6069161,500000
1245,6069161,500000
1246,6069161,500000
1247,6069161,500000
1248,6069161,500000
1249,6069161,500000
1250,6069161,500000
1251,6069161,500000
1252,6069161,500000
1253,6069161,500000
1254,6069161,500000
1255,6069161,500000
1256,6069161,500000
1257,6069161,500000
1258,6069161,500000
1259,6069161,500000
1260,6069161,500000
1261,6069161,500000
1262,6069161,500000
1263,6069161,500000
1264,6069161,500000
1265,6069161,500000
1266,6069161,500000
1267,6069161,500000
1268,6069161,500000
1269,6069161,500000
1270,6069161,500000
1271,6069161,500000
1272,6069161,500000
1273,6069161,500000
1274,6069161,500000
1275,6069161,500000
1276,6069161,500000
1277,6069161,500000
1278,6069161,500000
1279,6069161,500000
1280,6069161,500000
1281,6069161,500000
1282,6069161,500000
1283,6069161,500000
1284,6069161,500000
1285,6069161,500000
1286,6069161,500000
1287,6069161,500000
1288,171176689,6380
1289,6069161,500000
1290,6069161,500000
1291,6069161,500000
1292,6069161,500000
1293,6069161,500000
1294,6069161,500000
1295,6069161,500000
1296,6069161,500000
1297,6069161,500000
1298,6069161,500000
1299,6069161,500000
1300,6069161,500000
1301,6069161,500000
1302,6069161,500000
1303,6069161,500000
1304,6069161,500000
1305,6069161,500000
1306,6069161,500000
1307,6069161,500000
1308,6069161,500000
1309,6069161,500000
1310,6069161,500000
1311,6069161,500000
1312,6069161,500000
1313,6069161,500000
1314,6069161,500000
1315,6069161,500000
1316,6069161,500000
1317,6069161,500000
1318,6069161,500000
1319,6069161,500000
1320,6069161,500000
1321,171176689,10300
1322,6069161,500000
1323,6069161,500000
1324,171176689,7250
1325,6069161,500000
1326,171176689,9860
1327,6069161,500000
1328,6069161,500000
1329,6069161,500000
1330,6069161,500000
1331,6069161,500000
1332,6069161,500000
1333,6069161,500000
1334,6069161,500000
1335,6069161,500000
1336,6069161,500000
1337,6069161,500000
1338,6069161,500000
1339,6069161,500000
1340,6069161,500000
1341,6069161,500000
1342,6069161,500000
1343,6069161,500000
1344,6069161,500000
1345,6069161,500000
1346,6069161,500000
1347,6069161,500000
1348,6069161,500000
1349,6069161,500000
1350,6069161,500000
1351,171176689,16820
1352,6069161,500000
1353,6069161,500000
1354,6069161,500000
1355,6069161,500000
1356,6069161,500000
1357,6069161,500000
1358,6069161,500000
1359,6069161,500000
1360,6069161,500000
1361,6069161,500000
1362,6069161,500000
1363,6069161,500000
1364,6069161,500000
1365,6069161,500000
1366,6069161,500000
1367,6069161,500000
1368,6069161,500000
1369,6069161,500000
1370,6069161,500000
1371,6069161,500000
1372,6069161,500000
1373,6069161,500000
1374,6069161,500000
1375,6069161,500000
1376,6069161,500000
1377,6069161,500000
1378,171176689,7250
1379,6069161,500000
1380,6069161,500000
1381,6069161,500000
1382,6069161,500000
1383,6069161,500000
1384,6069161,500000
1385,6069161,500000
1386,171176689,8990
1387,6069161,500000
1388,6069161,500000
1389,6069161,500000
1390,6069161,500000
1391,6069161,500000
1392,6069161,500000
1393,171176689,6820
1394,6069161,500000
1395,6069161,500000
1396,6069161,500000
1397,6069161,500000
1398,6069161,500000
1399,6069161,500000
1400,6069161,500000
1401,6069161,500000
1402,6069161,500000
1403,6069161,500000
1404,6069161,500000
1405,6069161,500000
1406,6069161,500000
1407,6069161,500000
1408,6069161,500000
1409,6069161,500000
1410,6069161,500000
1411,6069161,500000
1412,6069161,500000
1413,6069161,500000
1414,6069161,500000
1415,6069161,500000
1416,6069161,500000
1417,6069161,500000
1418,6069161,500000
1419,6069161,500000
1420,6069161,500000
1421,6069161,500000
1422,6069161,500000
1423,6069161,500000
1424,6069161,500000
1425,6069161,500000
1426,6069161,500000
1427,6069161,500000
1428,6069161,500000
1429,6069161,500000
1430,6069161,500000
1431,6069161,500000
1432,6069161,500000
1433,6069161,500000
1434,6069161,500000
1435,6069161,500000
1436,6069161,500000
1437,6069161,500000
1438,6069161,500000
1439,6069161,500000
1440,6069161,500000
1441,6069161,500000
1442,6069161,500000
1443,6069161,500000
1444,6069161,500000
1445,6069161,500000
1446,6069161,500000
1447,6069161,500000
1448,6069161,500000
1449,6069161,500000
1450,6069161,500000
1451,6069161,500000
1452,6069161,500000
1453,6069161,500000
1454,6069161,500000
1455,6069161,500000
1456,6069161,500000
1457,6069161,500000
1458,6069161,500000
1459,6069161,500000
1460,6069161,500000
1461,6069161,500000
1462,6069161,500000
1463,6069161,500000
1464,6069161,500000
1465,6069161,500000
1466,6069161,500000
1467,6069161,500000
1468,6069161,500000
1469,6069161,500000
1470,6069161,500000
1471,6069161,500000
1472,6069161,500000
1473,6069161,500000
1474,6069161,500000
1475,6069161,500000
1476,6069161,500000
1477,6069161,500000
1478,6069161,500000
1479,6069161,500000
1480,6069161,500000
1481,6069161,500000
1482,6069161,500000
1483,6069161,500000
1484,6069161,500000
1485,6069161,500000
1486,6069161,500000
1487,6069161,500000
1488,6069161,500000
1489,6069161,500000
1490,6069161,500000
1491,6069161,500000
1492,6069161,500000
1493,6069161,500000
1494,6069161,500000
1495,6069161,500000
1496,6069161,500000
1497,6069161,500000
1498,6069161,500000
1499,6069161,500000
1500,6069161,500000
1501,6069161,500000
1502,6069161,500000
1503,6069161,500000
1504,6069161,500000
1505,6069161,500000
1506,6069161,500000
1507,6069161,500000
1508,6069161,500000
1509,6069161,500000
1510,6069161,500000
1511,6069161,500000
1512,6069161,500000
1513,6069161,500000
1514,6069161,500000
1515,6069161,500000
1516,6069161,500000
1517,6069161,500000
1518,6069161,500000
1519,6069161,500000
1520,6069161,500000
1521,6069161,500000
1522,6069161,500000
1523,6069161,500000
1524,6069161,500000
1525,6069161,500000
1526,6069161,500000
1527,6069161,500000
1528,6069161,500000
1529,6069161,500000
1530,6069161,500000
1531,6069161,500000
1532,6069161,500000
1533,6069161,500000
1534,6069161,500000
1535,6069161,500000
1536,6069161,500000
1537,6069161,500000
1538,6069161,500000
1539,6069161,500000
1540,6069161,500000
1541,171176689,8700
1542,6069161,500000
1543,6069161,500000
1544,6069161,500000
1545,6069161,500000
1546,6069161,500000
1547,6069161,500000
1548,6069161,500000
1549,6069161,500000
1550,171176689,11750
1551,6069161,500000
1552,6069161,500000
1553,6069161,500000
1554,6069161,500000
1555,6069161,500000
1556,6069161,500000
1557,6069161,500000
1558,6069161,500000
1559,6069161,500000
1560,6069161,500000
1561,6069161,500000
1562,6069161,500000
1563,6069161,500000
1564,6069161,500000
1565,6069161,500000
1566,6069161,500000
1567,6069161,500000
1568,6069161,500000
1569,6069161,500000
1570,6069161,500000
1571,6069161,500000
1572,6069161,500000
1573,6069161,500000
1574,171176689,8120
1575,6069161,500000
1576,6069161,500000
1577,6069161,500000
1578,6069161,500000
1579,6069161,500000
1580,6069161,500000
1581,6069161,500000
1582,6069161,500000
1583,6069161,500000
1584,6069161,500000
1585,6069161,500000
1586,171176689,9570
1587,6069161,500000
1588,6069161,500000
1589,6069161,500000
1590,171176689,7840
1591,6069161,500000
1592,6069161,500000
1593,6069161,500000
1594,6069161,500000
1595,6069161,500000
1596,6069161,500000
1597,6069161,500000
1598,6069161,500000
1599,6069161,500000
1600,6069161,500000
1601,6069161,500000
1602,6069161,500000
1603,6069161,500000
1604,6069161,500000
1605,6069161,500000
1606,6069161,500000
1607,6069161,500000
1608,6069161,500000
1609,6069161,500000
1610,6069161,500000
1611,6069161,500000
1612,6069161,500000
1613,6069161,500000
1614,6069161,500000
1615,6069161,500000
1616,6069161,500000
1617,6069161,500000
1618,6069161,500000
1619,6069161,500000
1620,6069161,500000
1621,6069161,500000
1622,6069161,500000
1623,6069161,500000
1624,6069161,500000
1625,6069161,500000
1626,6069161,500000
1627,6069161,500000
1628,6069161,500000
1629,6069161,500000
1630,6069161,500000
1631,6069161,500000
1632,6069161,500000
1633,6069161,500000
1634,6069161,500000
1635,6069161,500000
1636,6069161,500000
1637,6069161,500000
1638,6069161,500000
1639,6069161,500000
1640,6069161,500000
1641,6069161,500000
1642,6069161,500000
1643,6069161,500000
1644,6069161,500000
1645,6069161,500000
1646,6069161,500000
1647,171176689,6530
1648,6069161,500000
1649,6069161,500000
1650,6069161,500000
1651,6069161,500000
1652,6069161,500000
1653,6069161,500000
1654,6069161,500000
1655,6069161,500000
1656,6069161,500000
1657,6069161,500000
1658,6069161,500000
1659,6069161,500000
1660,6069161,500000
1661,6069161,500000
1662,6069161,500000
1663,6069161,500000
1664,6069161,500000
1665,6069161,500000
1666,6069161,500000
1667,6069161,500000
1668,6069161,500000
1669,6069161,500000
1670,171176689,5080
1671,6069161,500000
1672,6069161,500000
1673,6069161,500000
1674,6069161,500000
1675,6069161,500000
1676,6069161,500000
1677,6069161,500000
1678,6069161,500000
1679,6069161,500000
1680,6069161,500000
1681,6069161,500000
1682,6069161,500000
1683,6069161,500000
1684,171176689,7680
1685,6069161,500000
1686,171176689,15810
1687,6069161,500000
1688,6069161,500000
1689,6069161,500000
1690,6069161,500000
1691,6069161,500000
1692,6069161,500000
1693,6069161,500000
1694,6069161,500000
1695,6069161,500000
1696,6069161,500000
1697,6069161,500000
1698,171176689,7980
1699,6069161,500000
1700,6069161,500000
1701,6069161,500000
1702,6069161,500000
1703,6069161,500000
1704,6069161,500000
1705,171176689,7100
1706,6069161,500000
1707,6069161,500000
1708,6069161,500000
1709,6069161,500000
1710,6069161,500000
1711,6069161,500000
1712,6069161,500000
1713,6069161,500000
1714,6069161,500000
1715,6069161,500000
1716,6069161,500000
1717,6069161,500000
1718,171176689,5800
1719,6069161,500000
1720,6069161,500000
1721,6069161,500000
1722,6069161,500000
1723,6069161,500000
1724,6069161,500000
1725,6069161,500000
1726,171176689,20740
1727,6069161,500000
1728,6069161,500000
1729,6069161,500000
1730,6069161,500000
1731,6069161,500000
1732,6069161,500000
1733,6069161,500000
1734,6069161,500000
1735,6069161,500000
1736,6069161,500000
1737,6069161,500000
1738,6069161,500000
1739,171176689,6100
1740,6069161,500000
1741,6069161,500000
1742,6069161,500000
1743,6069161,500000
1744,6069161,500000
1745,6069161,500000
1746,6069161,500000
1747,6069161,500000
1748,6069161,500000
1749,6069161,500000
1750,6069161,500000
1751,6069161,500000
1752,171176689,9130
1753,6069161,500000
1754,6069161,500000
1755,6069161,500000
1756,6069161,500000
1757,6069161,500000
1758,6069161,500000
1759,6069161,500000
1760,6069161,500000
1761,6069161,500000
1762,6069161,500000
1763,6069161,500000
1764,6069161,500000
1765,6069161,500000
1766,6069161,500000
1767,6069161,500000
1768,6069161,500000
1769,6069161,500000
1770,6069161,500000
1771,6069161,500000
1772,6069161,500000
1773,6069161,500000
1774,6069161,500000
1775,6069161,500000
1776,6069161,500000
1777,6069161,500000
1778,6069161,500000
1779,6069161,500000
1780,6069161,500000
1781,6069161,500000
1782,6069161,500000
1783,6069161,500000
1784,6069161,500000
1785,6069161,500000
1786,6069161,500000
1787,6069161,500000
1788,6069161,500000
1789,6069161,500000
1790,6069161,500000
1791,6069161,500000
1792,6069161,500000
1793,6069161,500000
1794,6069161,500000
1795,6069161,500000
1796,6069161,500000
1797,171176689,7270
1798,6069161,500000
1799,6069161,500000
1800,6069161,500000
1801,6069161,500000
1802,6069161,500000
1803,6069161,500000
1804,6069161,500000
1805,6069161,500000
1806,6069161,500000
1807,6069161,500000
1808,6069161,500000
1809,6069161,500000
1810,6069161,500000
1811,6069161,500000
1812,6069161,500000
1813,6069161,500000
1814,6069161,500000
1815,6069161,500000
1816,6069161,500000
1817,6069161,500000
1818,6069161,500000
1819,6069161,500000
1820,171176689,11890
1821,6069161,500000
1822,6069161,500000
1823,6069161,500000
1824,6069161,500000
1825,6069161,500000
1826,171176689,7980
1827,6069161,500000
1828,6069161,500000
1829,6069161,500000
1830,6069161,500000
1831,6069161,500000
1832,171176689,13190
1833,6069161,500000
1834,6069161,500000
1835,6069161,500000
1836,171176689,7680
1837,6069161,500000
1838,6069161,500000
1839,6069161,500000
1840,6069161,500000
1841,6069161,500000
1842,6069161,500000
1843,6069161,500000
1844,6069161,500000
1845,6069161,500000
1846,6069161,500000
1847,6069161,500000
1848,6069161,500000
1849,6069161,500000
1850,6069161,500000
1851,6069161,500000
1852,6069161,500000
1853,6069161,500000
1854,6069161,500000
1855,6069161,500000
1856,6069161,500000
1857,6069161,500000
1858,6069161,500000
1859,6069161,500000
1860,6069161,500000
1861,6069161,500000
1862,6069161,500000
1863,6069161,500000
1864,6069161,500000
1865,6069161,500000
1866,171176689,7680
1867,6069161,500000
1868,6069161,500000
1869,6069161,500000
1870,6069161,500000
1871,6069161,500000
1872,6069161,500000
1873,6069161,500000
1874,6069161,500000
1875,6069161,500000
1876,6069161,500000
1877,6069161,500000
1878,6069161,500000
1879,6069161,500000
1880,6069161,500000
1881,6069161,500000
1882,6069161,500000
1883,6069161,500000
1884,6069161,500000
1885,6069161,500000
1886,6069161,500000
1887,6069161,500000
1888,6069161,500000
1889,6069161,500000
1890,6069161,500000
1891,6069161,500000
1892,6069161,500000
1893,6069161,500000
1894,6069161,500000
1895,6069161,500000
1896,6069161,500000
1897,6069161,500000
1898,6069161,500000
1899,6069161,500000
1900,6069161,500000
1901,6069161,500000
1902,6069161,500000
1903,6069161,500000
1904,6069161,500000
1905,6069161,500000
1906,6069161,500000
1907,6069161,500000
1908,6069161,500000
1909,6069161,500000
1910,6069161,500000
1911,6069161,500000
1912,6069161,500000
1913,6069161,500000
1914,6069161,500000
1915,6069161,500000
1916,171176689,43070
1917,6069161,500000
1918,6069161,500000
1919,6069161,500000
1920,6069161,500000
1921,6069161,500000
1922,6069161,500000
1923,6069161,500000
1924,6069161,500000
1925,6069161,500000
1926,6069161,500000
1927,6069161,500000
1928,6069161,500000
1929,6069161,500000
1930,6069161,500000
1931,6069161,500000
1932,6069161,500000
1933,6069161,500000
1934,6069161,500000
1935,6069161,500000
1936,171176689,4930
1937,6069161,500000
1938,6069161,500000
1939,6069161,500000
1940,6069161,500000
1941,6069161,500000
1942,6069161,500000
1943,6069161,500000
1944,6069161,500000
1945,6069161,500000
1946,6069161,500000
1947,6069161,500000
1948,6069161,500000
1949,6069161,500000
1950,6069161,500000
1951,6069161,500000
1952,6069161,500000
1953,6069161,500000
1954,6069161,500000
1955,6069161,500000
1956,6069161,500000
1957,6069161,500000
1958,6069161,500000
1959,6069161,500000
1960,6069161,500000
1961,171176689,7400
1962,6069161,500000
1963,6069161,500000
1964,6069161,500000
1965,6069161,500000
1966,6069161,500000
1967,6069161,500000
1968,6069161,500000
1969,6069161,500000
1970,6069161,500000
1971,6069161,500000
1972,6069161,500000
1973,6069161,500000
1974,6069161,500000
1975,6069161,500000
1976,6069161,500000
1977,6069161,500000
1978,6069161,500000
1979,6069161,500000
1980,6069161,500000
1981,6069161,500000
1982,6069161,500000
1983,6069161,500000
1984,6069161,500000
1985,6069161,500000
1986,6069161,500000
1987,171176689,7100
1988,6069161,500000
1989,6069161,500000
1990,6069161,500000
1991,6069161,500000
1992,6069161,500000
1993,6069161,500000
1994,6069161,500000
1995,6069161,500000
1996,6069161,500000
1997,6069161,500000
1998,6069161,500000
1999,6069161,500000
2000,6069161,500000
2001,6069161,500000
2002,6069161,500000
2003,6069161,500000
2004,6069161,500000
2005,6069161,500000
2006,171176689,6820
2007,6069161,500000
2008,6069161,500000
2009,6069161,500000
2010,6069161,500000
2011,6069161,500000
2012,171176689,38720
2013,6069161,500000
2014,6069161,500000
2015,6069161,500000
2016,6069161,500000
2017,6069161,500000
2018,6069161,500000
2019,6069161,500000
2020,6069161,500000
2021,6069161,500000
2022,6069161,500000
2023,6069161,500000
2024,6069161,500000
2025,6069161,500000
2026,6069161,500000
2027,6069161,500000
2028,6069161,500000
2029,6069161,500000
2030,6069161,500000
2031,6069161,500000
2032,6069161,500000
2033,6069161,500000
2034,6069161,500000
2035,6069161,500000
2036,6069161,500000
2037,6069161,500000
2038,6069161,500000
2039,171176689,7540
2040,6069161,500000
2041,6069161,500000
2042,6069161,500000
2043,6069161,500000
2044,6069161,500000
2045,6069161,500000
2046,6069161,500000
2047,6069161,500000
2048,6069161,500000
2049,6069161,500000
2050,6069161,500000
2051,6069161,500000
2052,6069161,500000
2053,6069161,500000
2054,6069161,500000
2055,6069161,500000
2056,6069161,500000
2057,6069161,500000
2058,6069161,500000
2059,171176689,28280
2060,6069161,500000
2061,6069161,500000
2062,6069161,500000
2063,6069161,500000
2064,171176689,14640
2065,6069161,500000
2066,6069161,500000
2067,6069161,500000
2068,6069161,500000
2069,6069161,500000
2070,6069161,500000
2071,6069161,500000
2072,6069161,500000
2073,6069161,500000
2074,6069161,500000
2075,6069161,500000
2076,6069161,500000
2077,6069161,500000
2078,6069161,500000
2079,6069161,500000
2080,6069161,500000
2081,6069161,500000
2082,6069161,500000
2083,6069161,500000
2084,6069161,500000
2085,6069161,500000
2086,6069161,500000
2087,6069161,500000
2088,6069161,500000
2089,6069161,500000
2090,6069161,500000
2091,6069161,500000
2092,6069161,500000
2093,6069161,500000
2094,6069161,500000
2095,6069161,500000
2096,6069161,500000
2097,6069161,500000
2098,6069161,500000
2099,6069161,500000
2100,6069161,500000
2101,6069161,500000
2102,6069161,500000
2103,6069161,500000
2104,6069161,500000
2105,6069161,500000
2106,6069161,500000
2107,6069161,500000
2108,6069161,500000
2109,6069161,500000
2110,6069161,500000
2111,6069161,500000
2112,6069161,500000
2113,6069161,500000
2114,6069161,500000
2115,6069161,500000
2116,6069161,500000
2117,6069161,500000
2118,6069161,500000
2119,6069161,500000
2120,6069161,500000
2121,6069161,500000
2122,6069161,500000
2123,6069161,500000
2124,6069161,500000
2125,6069161,500000
2126,6069161,500000
2127,6069161,500000
2128,6069161,500000
2129,6069161,500000
2130,6069161,500000
2131,6069161,500000
2132,6069161,500000
2133,6069161,500000
2134,6069161,500000
2135,6069161,500000
2136,171176689,6090
2137,6069161,500000
2138,6069161,500000
2139,6069161,500000
2140,6069161,500000
2141,6069161,500000
2142,6069161,500000
2143,6069161,500000
2144,6069161,500000
2145,171176689,8120
2146,6069161,500000
2147,6069161,500000
2148,6069161,500000
2149,6069161,500000
2150,6069161,500000
2151,6069161,500000
2152,6069161,500000
2153,6069161,500000
2154,6069161,500000
2155,6069161,500000
2156,6069161,500000
2157,6069161,500000
2158,6069161,500000
2159,6069161,500000
2160,6069161,500000
2161,6069161,500000
2162,6069161,500000
2163,171176689,7540
2164,6069161,500000
2165,6069161,500000
2166,6069161,500000
2167,6069161,500000
2168,6069161,500000
2169,6069161,500000
2170,6069161,500000
2171,6069161,500000
2172,6069161,500000
2173,6069161,500000
2174,6069161,500000
2175,6069161,500000
2176,6069161,500000
2177,6069161,500000
2178,6069161,500000
2179,6069161,500000
2180,6069161,500000
2181,6069161,500000
2182,6069161,500000
2183,6069161,500000
2184,6069161,500000
2185,6069161,500000
2186,6069161,500000
2187,6069161,500000
2188,6069161,500000
2189,6069161,500000
2190,6069161,500000
2191,6069161,500000
2192,6069161,500000
2193,6069161,500000
2194,6069161,500000
2195,6069161,500000
2196,6069161,500000
2197,6069161,500000
2198,6069161,500000
2199,6069161,500000
2200,6069161,500000
2201,6069161,500000
2202,6069161,500000
2203,6069161,500000
2204,6069161,500000
2205,6069161,500000
2206,6069161,500000
2207,6069161,500000
2208,6069161,500000
2209,6069161,500000
2210,6069161,500000
2211,6069161,500000
2212,6069161,500000
2213,6069161,500000
2214,6069161,500000
2215,6069161,500000
2216,6069161,500000
2217,6069161,500000
2218,6069161,500000
2219,6069161,500000
2220,6069161,500000
2221,171176689,7540
2222,6069161,500000
2223,6069161,500000
2224,6069161,500000
2225,6069161,500000
2226,6069161,500000
2227,6069161,500000
2228,6069161,500000
2229,6069161,500000
2230,6069161,500000
2231,6069161,500000
2232,6069161,500000
2233,6069161,500000
2234,6069161,500000
2235,6069161,500000
2236,6069161,500000
2237,6069161,500000
2238,6069161,500000
2239,6069161,500000
2240,6069161,500000
2241,6069161,500000
2242,6069161,500000
2243,6069161,500000
2244,6069161,500000
2245,6069161,500000
2246,6069161,500000
2247,6069161,500000
2248,6069161,500000
2249,6069161,500000
2250,6069161,500000
2251,6069161,500000
2252,6069161,500000
2253,6069161,500000
2254,6069161,500000
2255,6069161,500000
2256,6069161,500000
2257,6069161,500000
2258,171176689,5650
2259,6069161,500000
2260,6069161,500000
2261,6069161,500000
2262,171176689,15230
2263,6069161,500000
2264,6069161,500000
2265,171176689,4500
2266,6069161,500000
2267,6069161,500000
2268,6069161,500000
2269,6069161,500000
2270,6069161,500000
2271,6069161,500000
2272,6069161,500000
2273,6069161,500000
2274,6069161,500000
2275,6069161,500000
2276,6069161,500000
2277,6069161,500000
2278,6069161,500000
2279,6069161,500000
2280,6069161,500000
2281,6069161,500000
2282,6069161,500000
2283,6069161,500000
2284,6069161,500000
2285,6069161,500000
2286,6069161,500000
2287,6069161,500000
2288,6069161,500000
2289,6069161,500000
2290,6069161,500000
2291,6069161,500000
2292,171176689,9150
2293,6069161,500000
2294,6069161,500000
2295,6069161,500000
2296,6069161,500000
2297,6069161,500000
2298,6069161,500000
2299,6069161,500000
2300,6069161,500000
2301,6069161,500000
2302,6069161,500000
2303,6069161,500000
2304,6069161,500000
2305,6069161,500000
2306,6069161,500000
2307,6069161,500000
2308,6069161,500000
2309,6069161,500000
2310,6069161,500000
2311,6069161,500000
2312,171176689,10730
2313,6069161,500000
2314,6069161,500000
2315,6069161,500000
2316,6069161,500000
2317,6069161,500000
2318,6069161,500000
2319,6069161,500000
2320,6069161,500000
2321,6069161,500000
2322,6069161,500000
2323,6069161,500000
2324,6069161,500000
2325,6069161,500000
2326,6069161,500000
2327,6069161,500000
2328,6069161,500000
2329,6069161,500000
2330,6069161,500000
2331,6069161,500000
2332,6069161,500000
2333,6069161,500000
2334,6069161,500000
2335,6069161,500000
2336,6069161,500000
2337,6069161,500000
2338,6069161,500000
2339,6069161,500000
2340,6069161,500000
2341,6069161,500000
2342,6069161,500000
2343,6069161,500000
2344,6069161,500000
2345,6069161,500000
2346,6069161,500000
2347,6069161,500000
2348,6069161,500000
2349,6069161,500000
2350,6069161,500000
2351,6069161,500000
2352,6069161,500000
2353,6069161,500000
2354,6069161,500000
2355,6069161,500000
2356,6069161,500000
2357,6069161,500000
2358,6069161,500000
2359,6069161,500000
2360,6069161,500000
2361,6069161,500000
2362,171176689,5800
2363,6069161,500000
2364,6069161,500000
2365,6069161,500000
2366,6069161,500000
2367,6069161,500000
2368,6069161,500000
2369,6069161,500000
2370,6069161,500000
2371,6069161,500000
2372,6069161,500000
2373,6069161,500000
2374,6069161,500000
2375,6069161,500000
2376,6069161,500000
2377,6069161,500000
2378,6069161,500000
2379,6069161,500000
2380,6069161,500000
2381,6069161,500000
2382,6069161,500000
2383,6069161,500000
2384,6069161,500000
2385,6069161,500000
2386,6069161,500000
2387,6069161,500000
2388,171176689,7540
2389,6069161,500000
2390,6069161,500000
2391,6069161,500000
2392,6069161,500000
2393,6069161,500000
2394,6069161,500000
2395,6069161,500000
2396,6069161,500000
2397,6069161,500000
2398,6069161,500000
2399,6069161,500000
2400,6069161,500000
2401,6069161,500000
2402,6069161,500000
2403,6069161,500000
2404,6069161,500000
2405,6069161,500000
2406,6069161,500000
2407,6069161,500000
2408,6069161,500000
2409,6069161,500000
2410,6069161,500000
2411,6069161,500000
2412,171176689,7680
2413,171176689,7550
2414,6069161,500000
2415,6069161,500000
2416,6069161,500000
2417,6069161,500000
2418,6069161,500000
2419,6069161,500000
2420,6069161,500000
2421,6069161,500000
2422,6069161,500000
2423,6069161,500000
2424,6069161,500000
2425,6069161,500000
2426,6069161,500000
2427,6069161,500000
2428,6069161,500000
2429,6069161,500000
2430,6069161,500000
2431,171176689,7980
2432,6069161,500000
2433,6069161,500000
2434,171176689,12760
2435,6069161,500000
2436,6069161,500000
2437,6069161,500000
2438,6069161,500000
2439,6069161,500000
2440,6069161,500000
2441,6069161,500000
2442,6069161,500000
2443,6069161,500000
2444,6069161,500000
2445,6069161,500000
2446,6069161,500000
2447,6069161,500000
2448,171176689,28280
2449,6069161,500000
2450,6069161,500000
2451,6069161,500000
2452,6069161,500000
2453,6069161,500000
2454,6069161,500000
2455,6069161,500000
2456,6069161,500000
2457,171176689,7830
2458,6069161,500000
2459,6069161,500000
2460,6069161,500000
2461,6069161,500000
2462,6069161,500000
2463,6069161,500000
2464,6069161,500000
2465,6069161,500000
2466,6069161,500000
2467,6069161,500000
2468,6069161,500000
2469,6069161,500000
2470,6069161,500000
2471,171176689,10300
2472,6069161,500000
2473,6069161,500000
2474,6069161,500000
2475,6069161,500000
2476,6069161,500000
2477,6069161,500000
2478,6069161,500000
2479,6069161,500000
2480,6069161,500000
2481,6069161,500000
2482,6069161,500000
2483,6069161,500000
2484,6069161,500000
2485,6069161,500000
2486,6069161,500000
2487,6069161,500000
2488,6069161,500000
2489,6069161,500000
2490,6069161,500000
2491,6069161,500000
2492,6069161,500000
2493,6069161,500000
2494,171176689,7830
2495,6069161,500000
2496,6069161,500000
2497,6069161,500000
2498,6069161,500000
2499,6069161,500000
2500,6069161,500000
2501,6069161,500000
2502,6069161,500000
2503,6069161,500000
2504,6069161,500000
2505,6069161,500000
2506,6069161,500000
2507,6069161,500000
2508,6069161,500000
2509,6069161,500000
2510,6069161,500000
2511,6069161,500000
2512,6069161,500000
2513,6069161,500000
2514,6069161,500000
2515,6069161,500000
2516,6069161,500000
2517,6069161,500000
2518,6069161,500000
2519,6069161,500000
2520,6069161,500000
2521,6069161,500000
2522,6069161,500000
2523,6069161,500000
2524,6069161,500000
2525,6069161,500000
2526,6069161,500000
2527,6069161,500000
2528,6069161,500000
2529,6069161,500000
2530,6069161,500000
2531,6069161,500000
2532,6069161,500000
2533,6069161,500000
2534,6069161,500000
2535,6069161,500000
2536,6069161,500000
2537,6069161,500000
2538,6069161,500000
2539,6069161,500000
2540,6069161,500000
2541,6069161,500000
2542,6069161,500000
2543,6069161,500000
2544,6069161,500000
2545,6069161,500000
2546,6069161,500000
2547,6069161,500000
2548,6069161,500000
2549,6069161,500000
2550,6069161,500000
2551,6069161,500000
2552,6069161,500000
2553,6069161,500000
2554,6069161,500000
2555,6069161,500000
2556,6069161,500000
2557,6069161,500000
2558,6069161,500000
2559,6069161,500000
2560,6069161,500000
2561,6069161,500000
2562,6069161,500000
2563,6069161,500000
2564,6069161,500000
2565,6069161,500000
2566,6069161,500000
2567,6069161,500000
2568,6069161,500000
2569,6069161,500000
2570,6069161,500000
2571,6069161,500000
2572,6069161,500000
2573,6069161,500000
2574,171176689,8550
2575,6069161,500000
2576,6069161,500000
2577,6069161,500000
2578,6069161,500000
2579,6069161,500000
2580,6069161,500000
2581,6069161,500000
2582,6069161,500000
2583,6069161,500000
2584,171176689,6240
2585,6069161,500000
2586,6069161,500000
2587,6069161,500000
2588,6069161,500000
2589,6069161,500000
2590,6069161,500000
2591,6069161,500000
2592,6069161,500000
2593,6069161,500000
2594,6069161,500000
2595,6069161,500000
2596,6069161,500000
2597,6069161,500000
2598,6069161,500000
2599,171176689,6670
2600,6069161,500000
2601,6069161,500000
2602,6069161,500000
2603,6069161,500000
2604,6069161,500000
2605,6069161,500000
2606,6069161,500000
2607,6069161,500000
2608,6069161,500000
2609,6069161,500000
2610,6069161,500000
2611,6069161,500000
2612,6069161,500000
2613,6069161,500000
2614,6069161,500000
2615,6069161,500000
2616,6069161,500000
2617,6069161,500000
2618,6069161,500000
2619,6069161,500000
2620,6069161,500000
2621,6069161,500000
2622,6069161,500000
2623,6069161,500000
2624,6069161,500000
2625,6069161,500000
2626,6069161,500000
2627,6069161,500000
2628,6069161,500000
2629,6069161,500000
2630,6069161,500000
2631,6069161,500000
2632,6069161,500000
2633,6069161,500000
2634,6069161,500000
2635,6069161,500000
2636,6069161,500000
2637,6069161,500000
2638,6069161,500000
2639,6069161,500000
2640,6069161,500000
2641,6069161,500000
2642,6069161,500000
2643,6069161,500000
2644,6069161,500000
2645,6069161,500000
2646,6069161,500000
2647,6069161,500000
2648,6069161,500000
2649,6069161,500000
2650,6069161,500000
2651,6069161,500000
2652,6069161,500000
2653,6069161,500000
2654,171176689,6820
2655,6069161,500000
2656,6069161,500000
2657,6069161,500000
2658,6069161,500000
2659,6069161,500000
2660,6069161,500000
2661,6069161,500000
2662,6069161,500000
2663,6069161,500000
2664,6069161,500000
2665,6069161,500000
2666,6069161,500000
2667,6069161,500000
2668,6069161,500000
2669,6069161,500000
2670,6069161,500000
2671,6069161,500000
2672,6069161,500000
2673,6069161,500000
2674,6069161,500000
2675,6069161,500000
2676,6069161,500000
2677,6069161,500000
2678,6069161,500000
2679,6069161,500000
2680,6069161,500000
2681,6069161,500000
2682,6069161,500000
2683,6069161,500000
2684,171176689,13780
2685,6069161,500000
2686,6069161,500000
2687,6069161,500000
2688,6069161,500000
2689,6069161,500000
2690,6069161,500000
2691,6069161,500000
2692,171176689,7400
2693,6069161,500000
2694,6069161,500000
2695,6069161,500000
2696,6069161,500000
2697,6069161,500000
2698,6069161,500000
2699,6069161,500000
2700,6069161,500000
2701,6069161,500000
2702,6069161,500000
2703,6069161,500000
2704,6069161,500000
2705,6069161,500000
2706,6069161,500000
2707,6069161,500000
2708,6069161,500000
2709,6069161,500000
2710,6069161,500000
2711,6069161,500000
2712,6069161,500000
2713,6069161,500000
2714,6069161,500000
2715,6069161,500000
2716,6069161,500000
2717,6069161,500000
2718,6069161,500000
2719,6069161,500000
2720,6069161,500000
2721,6069161,500000
2722,6069161,500000
2723,171176689,9280
2724,6069161,500000
2725,6069161,500000
2726,6069161,500000
2727,6069161,500000
2728,6069161,500000
2729,6069161,500000
2730,6069161,500000
2731,6069161,500000
2732,6069161,500000
2733,6069161,500000
2734,6069161,500000
2735,6069161,500000
2736,6069161,500000
2737,6069161,500000
2738,6069161,500000
2739,6069161,500000
2740,6069161,500000
2741,6069161,500000
2742,6069161,500000
2743,6069161,500000
2744,6069161,500000
2745,6069161,500000
2746,6069161,500000
2747,6069161,500000
2748,6069161,500000
2749,6069161,500000
2750,171176689,10000
2751,6069161,500000
2752,6069161,500000
2753,6069161,500000
2754,6069161,500000
2755,6069161,500000
2756,6069161,500000
2757,6069161,500000
2758,6069161,500000
2759,6069161,500000
2760,171176689,6820
2761,6069161,500000
2762,6069161,500000
2763,6069161,500000
2764,6069161,500000
2765,6069161,500000
2766,6069161,500000
2767,6069161,500000
2768,6069161,500000
2769,6069161,500000
2770,6069161,500000
2771,6069161,500000
2772,6069161,500000
2773,6069161,500000
2774,6069161,500000
2775,6069161,500000
2776,6069161,500000
2777,6069161,500000
2778,6069161,500000
2779,6069161,500000
2780,6069161,500000
2781,6069161,500000
2782,6069161,500000
2783,6069161,500000
2784,6069161,500000
2785,6069161,500000
2786,6069161,500000
2787,6069161,500000
2788,6069161,500000
2789,6069161,500000
2790,6069161,500000
2791,6069161,500000
2792,6069161,500000
2793,6069161,500000
2794,6069161,500000
2795,6069161,500000
2796,6069161,500000
2797,171176689,10300
2798,6069161,500000
2799,6069161,500000
2800,6069161,500000
2801,6069161,500000
2802,6069161,500000
2803,6069161,500000
2804,6069161,500000
2805,6069161,500000
2806,6069161,500000
2807,6069161,500000
2808,6069161,500000
2809,6069161,500000
2810,6069161,500000
2811,6069161,500000
2812,171176689,8850
2813,6069161,500000
2814,6069161,500000
2815,6069161,500000
2816,6069161,500000
2817,6069161,500000
2818,6069161,500000
2819,6069161,500000
2820,171176689,10730
2821,6069161,500000
2822,6069161,500000
2823,6069161,500000
2824,6069161,500000
2825,6069161,500000
2826,6069161,500000
2827,6069161,500000
2828,6069161,500000
2829,6069161,500000
2830,6069161,500000
2831,6069161,500000
2832,6069161,500000
2833,6069161,500000
2834,6069161,500000
2835,6069161,500000
2836,6069161,500000
2837,6069161,500000
2838,6069161,500000
2839,6069161,500000
2840,6069161,500000
2841,6069161,500000
2842,6069161,500000
2843,6069161,500000
2844,6069161,500000
2845,6069161,500000
2846,6069161,500000
2847,171176689,6090
2848,6069161,500000
2849,6069161,500000
2850,6069161,500000
2851,6069161,500000
2852,6069161,500000
2853,6069161,500000
2854,6069161,500000
2855,6069161,500000
2856,6069161,500000
2857,6069161,500000
2858,6069161,500000
2859,6069161,500000
2860,6069161,500000
2861,6069161,500000
2862,6069161,500000
2863,6069161,500000
2864,6069161,500000
2865,6069161,500000
2866,6069161,500000
2867,6069161,500000
2868,6069161,500000
2869,6069161,500000
2870,6069161,500000
2871,171176689,13340
2872,6069161,500000
2873,6069161,500000
2874,6069161,500000
2875,6069161,500000
2876,6069161,500000
2877,6069161,500000
2878,6069161,500000
2879,6069161,500000
2880,6069161,500000
2881,6069161,500000
2882,6069161,500000
2883,6069161,500000
2884,6069161,500000
2885,6069161,500000
2886,6069161,500000
2887,6069161,500000
2888,6069161,500000
2889,6069161,500000
2890,6069161,500000
2891,6069161,500000
2892,6069161,500000
2893,6069161,500000
2894,6069161,500000
2895,6069161,500000
2896,6069161,500000
2897,6069161,500000
2898,6069161,500000
2899,6069161,500000
2900,6069161,500000
2901,6069161,500000
2902,6069161,500000
2903,6069161,500000
2904,6069161,500000
2905,6069161,500000
2906,6069161,500000
2907,6069161,500000
2908,6069161,500000
2909,6069161,500000
2910,6069161,500000
2911,6069161,500000
2912,6069161,500000
2913,6069161,500000
2914,6069161,500000
2915,6069161,500000
2916,6069161,500000
2917,6069161,500000
2918,6069161,500000
2919,6069161,500000
2920,6069161,500000
2921,6069161,500000
2922,6069161,500000
2923,6069161,500000
2924,6069161,500000
2925,6069161,500000
2926,6069161,500000
2927,6069161,500000
2928,6069161,500000
2929,6069161,500000
2930,6069161,500000
2931,6069161,500000
2932,6069161,500000
2933,6069161,500000
2934,6069161,500000
2935,6069161,500000
2936,6069161,500000
2937,6069161,500000
2938,6069161,500000
2939,6069161,500000
2940,6069161,500000
2941,6069161,500000
2942,171176689,4640
2943,6069161,500000
2944,6069161,500000
2945,6069161,500000
2946,6069161,500000
2947,6069161,500000
2948,6069161,500000
2949,6069161,500000
2950,6069161,500000
2951,6069161,500000
2952,6069161,500000
2953,171176689,9570
2954,6069161,500000
2955,6069161,500000
2956,6069161,500000
2957,171176689,13780
2958,6069161,500000
2959,6069161,500000
2960,6069161,500000
2961,6069161,500000
2962,6069161,500000
2963,6069161,500000
2964,6069161,500000
2965,6069161,500000
2966,6069161,500000
2967,6069161,500000
2968,6069161,500000
2969,6069161,500000
2970,6069161,500000
2971,6069161,500000
2972,6069161,500000
2973,6069161,500000
2974,6069161,500000
2975,6069161,500000
2976,6069161,500000
2977,6069161,500000
2978,6069161,500000
2979,6069161,500000
2980,6069161,500000
2981,6069161,500000
2982,6069161,500000
2983,6069161,500000
2984,6069161,500000
2985,6069161,500000
2986,6069161,500000
2987,6069161,500000
2988,6069161,500000
2989,6069161,500000
2990,6069161,500000
2991,6069161,500000
2992,6069161,500000
2993,6069161,500000
2994,6069161,500000
2995,6069161,500000
2996,6069161,500000
2997,6069161,500000
2998,6069161,500000
2999,6069161,500000
3000,6069161,500000
3001,6069161,500000
3002,6069161,500000
3003,171176689,25810
3004,6069161,500000
3005,6069161,500000
3006,6069161,500000
3007,6069161,500000
3008,6069161,500000
3009,6069161,500000
3010,6069161,500000
3011,6069161,500000
3012,6069161,500000
3013,6069161,500000
3014,6069161,500000
3015,6069161,500000
3016,6069161,500000
3017,6069161,500000
3018,6069161,500000
3019,6069161,500000
3020,6069161,500000
3021,6069161,500000
3022,6069161,500000
3023,6069161,500000
3024,6069161,500000
3025,6069161,500000
3026,171176689,13190
3027,6069161,500000
3028,6069161,500000
3029,6069161,500000
3030,6069161,500000
3031,6069161,500000
3032,6069161,500000
3033,6069161,500000
3034,6069161,500000
3035,6069161,500000
3036,6069161,500000
3037,6069161,500000
3038,6069161,500000
3039,6069161,500000
3040,6069161,500000
3041,6069161,500000
3042,6069161,500000
3043,6069161,500000
3044,6069161,500000
3045,6069161,500000
3046,6069161,500000
3047,6069161,500000
3048,6069161,500000
3049,6069161,500000
3050,6069161,500000
3051,6069161,500000
3052,6069161,500000
3053,6069161,500000
3054,6069161,500000
3055,6069161,500000
3056,6069161,500000
3057,6069161,500000
3058,6069161,500000
3059,6069161,500000
3060,6069161,500000
3061,6069161,500000
3062,6069161,500000
3063,6069161,500000
3064,6069161,500000
3065,6069161,500000
3066,6069161,500000
3067,6069161,500000
3068,6069161,500000
3069,6069161,500000
3070,6069161,500000
3071,6069161,500000
3072,6069161,500000
3073,6069161,500000
3074,6069161,500000
3075,6069161,500000
3076,6069161,500000
3077,6069161,500000
3078,6069161,500000
3079,6069161,500000
3080,6069161,500000
3081,6069161,500000
3082,6069161,500000
3083,6069161,500000
3084,6069161,500000
3085,6069161,500000
3086,6069161,500000
3087,6069161,500000
3088,6069161,500000
3089,6069161,500000
3090,6069161,500000
3091,6069161,500000
3092,6069161,500000
3093,6069161,500000
3094,6069161,500000
3095,6069161,500000
3096,6069161,500000
3097,6069161,500000
3098,6069161,500000
3099,6069161,500000
3100,6069161,500000
3101,6069161,500000
3102,6069161,500000
3103,6069161,500000
3104,6069161,500000
3105,6069161,500000
3106,6069161,500000
3107,6069161,500000
3108,6069161,500000
3109,6069161,500000
3110,6069161,500000
3111,6069161,500000
3112,6069161,500000
3113,6069161,500000
3114,6069161,500000
3115,6069161,500000
3116,6069161,500000
3117,6069161,500000
3118,6069161,500000
3119,6069161,500000
3120,6069161,500000
3121,6069161,500000
3122,6069161,500000
3123,6069161,500000
3124,6069161,500000
3125,6069161,500000
3126,6069161,500000
3127,6069161,500000
3128,6069161,500000
3129,6069161,500000
3130,6069161,500000
3131,171176689,5950
3132,6069161,500000
3133,6069161,500000
3134,6069161,500000
3135,6069161,500000
3136,6069161,500000
3137,6069161,500000
3138,6069161,500000
3139,6069161,500000
3140,6069161,500000
3141,6069161,500000
3142,6069161,500000
3143,6069161,500000
3144,6069161,500000
3145,6069161,500000
3146,6069161,500000
3147,6069161,500000
3148,6069161,500000
3149,6069161,500000
3150,6069161,500000
3151,6069161,500000
3152,6069161,500000
3153,6069161,500000
3154,6069161,500000
3155,6069161,500000
3156,6069161,500000
3157,6069161,500000
3158,6069161,500000
3159,6069161,500000
3160,6069161,500000
3161,6069161,500000
3162,6069161,500000
3163,6069161,500000
3164,6069161,500000
3165,6069161,500000
3166,6069161,500000
3167,6069161,500000
3168,171176689,8700
3169,6069161,500000
3170,6069161,500000
3171,6069161,500000
3172,6069161,500000
3173,6069161,500000
3174,6069161,500000
3175,6069161,500000
3176,6069161,500000
3177,6069161,500000
3178,6069161,500000
3179,6069161,500000
3180,6069161,500000
3181,6069161,500000
3182,6069161,500000
3183,6069161,500000
3184,6069161,500000
3185,6069161,500000
3186,6069161,500000
3187,6069161,500000
3188,6069161,500000
3189,6069161,500000
3190,6069161,500000
3191,6069161,500000
3192,6069161,500000
3193,6069161,500000
3194,6069161,500000
3195,6069161,500000
3196,6069161,500000
3197,6069161,500000
3198,6069161,500000
3199,6069161,500000
3200,6069161,500000
3201,6069161,500000
3202,6069161,500000
3203,6069161,500000
3204,6069161,500000
3205,6069161,500000
3206,6069161,500000
3207,6069161,500000
3208,171176689,7270
3209,171176689,7400
3210,6069161,500000
3211,6069161,500000
3212,6069161,500000
3213,6069161,500000
3214,6069161,500000
3215,6069161,500000
3216,6069161,500000
3217,6069161,500000
3218,6069161,500000
3219,6069161,500000
3220,6069161,500000
3221,6069161,500000
3222,6069161,500000
3223,6069161,500000
3224,6069161,500000
3225,6069161,500000
3226,6069161,500000
3227,6069161,500000
3228,6069161,500000
3229,6069161,500000
3230,6069161,500000
3231,6069161,500000
3232,6069161,500000
3233,6069161,500000
3234,6069161,500000
3235,171176689,9430
3236,6069161,500000
3237,6069161,500000
3238,6069161,500000
3239,6069161,500000
3240,6069161,500000
3241,6069161,500000
3242,6069161,500000
3243,6069161,500000
3244,6069161,500000
3245,6069161,500000
3246,6069161,500000
3247,6069161,500000
3248,6069161,500000
3249,6069161,500000
3250,6069161,500000
3251,6069161,500000
3252,6069161,500000
3253,6069161,500000
3254,171176689,14360
3255,6069161,500000
3256,6069161,500000
3257,6069161,500000
3258,6069161,500000
3259,171176689,5080
3260,6069161,500000
3261,6069161,500000
3262,6069161,500000
3263,6069161,500000
3264,6069161,500000
3265,6069161,500000
3266,6069161,500000
3267,6069161,500000
3268,6069161,500000
3269,6069161,500000
3270,6069161,500000
3271,171176689,5510
3272,6069161,500000
3273,6069161,500000
3274,6069161,500000
3275,6069161,500000
3276,6069161,500000
3277,6069161,500000
3278,6069161,500000
3279,6069161,500000
3280,6069161,500000
3281,6069161,500000
3282,6069161,500000
3283,6069161,500000
3284,6069161,500000
3285,6069161,500000
3286,6069161,500000
3287,6069161,500000
3288,6069161,500000
3289,6069161,500000
3290,6069161,500000
3291,6069161,500000
3292,6069161,500000
3293,171176689,10880
3294,6069161,500000
3295,6069161,500000
3296,6069161,500000
3297,6069161,500000
3298,6069161,500000
3299,6069161,500000
3300,6069161,500000
3301,6069161,500000
3302,6069161,500000
3303,6069161,500000
3304,6069161,500000
3305,6069161,500000
3306,6069161,500000
3307,6069161,500000
3308,6069161,500000
3309,6069161,500000
3310,6069161,500000
3311,6069161,500000
3312,6069161,500000
3313,6069161,500000
3314,6069161,500000
3315,6069161,500000
3316,6069161,500000
3317,6069161,500000
3318,6069161,500000
3319,6069161,500000
3320,6069161,500000
3321,6069161,500000
3322,6069161,500000
3323,6069161,500000
3324,6069161,500000
3325,6069161,500000
3326,6069161,500000
3327,6069161,500000
3328,6069161,500000
3329,6069161,500000
3330,6069161,500000
3331,6069161,500000
3332,6069161,500000
3333,6069161,500000
3334,6069161,500000
3335,6069161,500000
3336,6069161,500000
3337,6069161,500000
3338,6069161,500000
3339,6069161,500000
3340,6069161,500000
3341,6069161,500000
3342,6069161,500000
3343,6069161,500000
3344,171176689,6530
3345,6069161,500000
3346,6069161,500000
3347,6069161,500000
3348,6069161,500000
3349,6069161,500000
3350,6069161,500000
3351,6069161,500000
3352,6069161,500000
3353,6069161,500000
3354,6069161,500000
3355,6069161,500000
3356,6069161,500000
3357,6069161,500000
3358,6069161,500000
3359,6069161,500000
3360,6069161,500000
3361,6069161,500000
3362,6069161,500000
3363,6069161,500000
3364,6069161,500000
3365,6069161,500000
3366,6069161,500000
3367,6069161,500000
3368,6069161,500000
3369,6069161,500000
3370,6069161,500000
3371,6069161,500000
3372,6069161,500000
3373,6069161,500000
3374,6069161,500000
3375,6069161,500000
3376,6069161,500000
3377,6069161,500000
3378,6069161,500000
3379,6069161,500000
3380,6069161,500000
3381,6069161,500000
3382,6069161,500000
3383,6069161,500000
3384,6069161,500000
3385,6069161,500000
3386,6069161,500000
3387,6069161,500000
3388,6069161,500000
3389,6069161,500000
3390,6069161,500000
3391,6069161,500000
3392,6069161,500000
3393,6069161,500000
3394,6069161,500000
3395,6069161,500000
3396,6069161,500000
3397,6069161,500000
3398,6069161,500000
3399,6069161,500000
3400,6069161,500000
3401,6069161,500000
3402,6069161,500000
3403,6069161,500000
3404,6069161,500000
3405,6069161,500000
3406,6069161,500000
3407,6069161,500000
3408,171176689,5080
3409,6069161,500000
3410,6069161,500000
3411,6069161,500000
3412,6069161,500000
3413,6069161,500000
3414,6069161,500000
3415,6069161,500000
3416,6069161,500000
3417,6069161,500000
3418,6069161,500000
3419,6069161,500000
3420,6069161,500000
3421,6069161,500000
3422,6069161,500000
3423,6069161,500000
3424,6069161,500000
3425,6069161,500000
3426,6069161,500000
3427,6069161,500000
3428,6069161,500000
3429,6069161,500000
3430,6069161,500000
3431,6069161,500000
3432,6069161,500000
3433,6069161,500000
3434,6069161,500000
3435,6069161,500000
3436,6069161,500000
3437,6069161,500000
3438,6069161,500000
3439,171176689,7980
3440,6069161,500000
3441,6069161,500000
3442,6069161,500000
3443,6069161,500000
3444,6069161,500000
3445,6069161,500000
3446,6069161,500000
3447,6069161,500000
3448,6069161,500000
3449,6069161,500000
3450,6069161,500000
3451,6069161,500000
3452,6069161,500000
3453,6069161,500000
3454,6069161,500000
3455,6069161,500000
3456,6069161,500000
3457,6069161,500000
3458,6069161,500000
3459,6069161,500000
3460,6069161,500000
3461,6069161,500000
3462,6069161,500000
3463,6069161,500000
3464,6069161,500000
3465,6069161,500000
3466,6069161,500000
3467,6069161,500000
3468,6069161,500000
3469,6069161,500000
3470,6069161,500000
3471,6069161,500000
3472,6069161,500000
3473,6069161,500000
3474,6069161,500000
3475,6069161,500000
3476,6069161,500000
3477,6069161,500000
3478,6069161,500000
3479,6069161,500000
3480,6069161,500000
3481,6069161,500000
3482,6069161,500000
3483,6069161,500000
3484,6069161,500000
3485,6069161,500000
3486,6069161,500000
3487,6069161,500000
3488,6069161,500000
3489,6069161,500000
3490,6069161,500000
3491,6069161,500000
3492,6069161,500000
3493,6069161,500000
3494,6069161,500000
3495,6069161,500000
3496,6069161,500000
3497,6069161,500000
3498,6069161,500000
3499,6069161,500000
3500,6069161,500000
3501,6069161,500000
3502,6069161,500000
3503,6069161,500000
3504,6069161,500000
3505,6069161,500000
3506,6069161,500000
3507,6069161,500000
3508,6069161,500000
3509,6069161,500000
3510,6069161,500000
3511,6069161,500000
3512,6069161,500000
3513,6069161,500000
3514,6069161,500000
3515,6069161,500000
3516,6069161,500000
3517,6069161,500000
3518,6069161,500000
3519,6069161,500000
3520,171176689,8410
3521,6069161,500000
3522,6069161,500000
3523,6069161,500000
3524,6069161,500000
3525,6069161,500000
3526,6069161,500000
3527,6069161,500000
3528,6069161,500000
3529,6069161,500000
3530,6069161,500000
3531,6069161,500000
3532,6069161,500000
3533,6069161,500000
3534,6069161,500000
3535,6069161,500000
3536,6069161,500000
3537,6069161,500000
3538,6069161,500000
3539,6069161,500000
3540,6069161,500000
3541,6069161,500000
3542,6069161,500000
3543,6069161,500000
3544,6069161,500000
3545,171176689,14210
3546,6069161,500000
3547,6069161,500000
3548,6069161,500000
3549,6069161,500000
3550,6069161,500000
3551,6069161,500000
3552,6069161,500000
3553,6069161,500000
3554,6069161,500000
3555,6069161,500000
3556,6069161,500000
3557,6069161,500000
3558,6069161,500000
3559,6069161,500000
3560,6069161,500000
3561,6069161,500000
3562,6069161,500000
3563,6069161,500000
3564,6069161,500000
3565,6069161,500000
3566,6069161,500000
3567,6069161,500000
3568,6069161,500000
3569,6069161,500000
3570,6069161,500000
3571,6069161,500000
3572,6069161,500000
3573,6069161,500000
3574,6069161,500000
3575,171176689,12620
3576,6069161,500000
3577,6069161,500000
3578,6069161,500000
3579,6069161,500000
3580,6069161,500000
3581,6069161,500000
3582,6069161,500000
3583,6069161,500000
3584,6069161,500000
3585,6069161,500000
3586,6069161,500000
3587,6069161,500000
3588,6069161,500000
3589,171176689,7540
3590,6069161,500000
3591,6069161,500000
3592,6069161,500000
3593,6069161,500000
3594,6069161,500000
3595,6069161,500000
3596,6069161,500000
3597,6069161,500000
3598,6069161,500000
3599,6069161,500000
3600,6069161,500000
3601,6069161,500000
3602,6069161,500000
3603,171176689,5510
3604,6069161,500000
3605,171176689,4790
3606,6069161,500000
3607,171176689,6380
3608,6069161,500000
3609,6069161,500000
3610,6069161,500000
3611,171176689,5510
3612,6069161,500000
3613,6069161,500000
3614,171176689,11600
3615,6069161,500000
3616,6069161,500000
3617,6069161,500000
3618,6069161,500000
3619,6069161,500000
3620,6069161,500000
3621,171176689,11310
3622,6069161,500000
3623,171176689,22480
3624,6069161,500000
3625,6069161,500000
3626,6069161,500000
3627,171176689,48140
3628,6069161,500000
3629,171176689,7100
3630,171176689,5800
3631,6069161,500000
3632,171176689,8990
3633,6069161,500000
3634,6069161,500000
3635,6069161,500000
3636,6069161,500000
3637,6069161,500000
3638,6069161,500000
3639,6069161,500000
3640,6069161,500000
3641,6069161,500000
3642,171176689,11170
3643,6069161,500000
3644,171176689,7680
3645,171176689,7250
3646,6069161,500000
3647,6069161,500000
3648,171176689,6530
3649,6069161,500000
3650,171176689,20880
3651,6069161,500000
3652,6069161,500000
3653,6069161,500000
3654,171176689,40600
3655,6069161,500000
3656,6069161,500000
3657,171176689,8850
3658,6069161,500000
3659,6069161,500000
3660,6069161,500000
3661,171176689,11020
3662,171176689,8270
3663,6069161,500000
3664,171176689,9570
3665,6069161,500000
3666,6069161,500000
3667,6069161,500000
3668,6069161,500000
3669,6069161,500000
3670,171176689,4930
3671,6069161,500000
3672,171176689,11020
3673,171176689,13780
3674,6069161,500000
3675,6069161,500000
3676,171176689,7680
3677,6069161,500000
3678,171176689,15660
3679,6069161,500000
3680,6069161,500000
3681,6069161,500000
3682,6069161,500000
3683,6069161,500000
3684,171176689,8700
3685,6069161,500000
3686,6069161,500000
3687,6069161,500000
3688,6069161,500000
3689,6069161,500000
3690,171176689,11750
3691,6069161,500000
3692,6069161,500000
3693,6069161,500000
3694,6069161,500000
3695,171176689,8410
3696,6069161,500000
3697,6069161,500000
3698,171176689,17540
3699,171176689,7680
3700,6069161,500000
3701,6069161,500000
3702,6069161,500000
3703,6069161,500000
3704,171176689,12470
3705,171176689,10440
3706,6069161,500000
3707,6069161,500000
3708,6069161,500000
3709,171176689,5370
3710,6069161,500000
3711,171176689,12470
3712,171176689,10880
3713,6069161,500000
3714,6069161,500000
3715,6069161,500000
3716,6069161,500000
3717,6069161,500000
3718,6069161,500000
3719,6069161,500000
3720,171176689,11750
3721,171176689,23780
3722,6069161,500000
3723,171176689,7400
3724,6069161,500000
3725,6069161,500000
3726,6069161,500000
3727,6069161,500000
3728,171176689,14070
3729,171176689,7540
3730,171176689,11020
3731,6069161,500000
3732,6069161,500000
3733,6069161,500000
3734,6069161,500000
3735,6069161,500000
3736,6069161,500000
3737,171176689,9720
3738,6069161,500000
3739,6069161,500000
3740,6069161,500000
3741,6069161,500000
3742,171176689,3770
3743,171176689,6960
3744,171176689,4640
3745,6069161,500000
3746,6069161,500000
3747,6069161,500000
3748,171176689,5220
3749,6069161,500000
3750,6069161,500000
3751,171176689,7980
3752,6069161,500000
3753,6069161,500000
3754,171176689,6670
3755,171176689,6960
3756,6069161,500000
3757,171176689,7540
3758,6069161,500000
3759,171176689,12620
3760,6069161,500000
3761,6069161,500000
3762,6069161,500000
3763,6069161,500000
3764,171176689,8410
3765,171176689,7830
3766,6069161,500000
3767,171176689,4790
3768,6069161,500000
3769,171176689,14070
3770,6069161,500000
3771,6069161,500000
3772,6069161,500000
3773,171176689,10730
3774,6069161,500000
3775,6069161,500000
3776,6069161,500000
3777,6069161,500000
3778,171176689,16970
3779,171176689,12030
3780,6069161,500000
3781,6069161,500000
3782,6069161,500000
3783,6069161,500000
3784,6069161,500000
3785,6069161,500000
3786,6069161,500000
3787,6069161,500000
3788,6069161,500000
3789,6069161,500000
3790,6069161,500000
3791,171176689,7400
3792,171176689,8850
3793,171176689,5510
3794,6069161,500000
3795,6069161,500000
3796,6069161,500000
3797,6069161,500000
3798,6069161,500000
3799,6069161,500000
3800,171176689,12910
3801,6069161,500000
3802,6069161,500000
3803,171176689,6670
3804,6069161,500000
3805,6069161,500000
3806,6069161,500000
3807,6069161,500000
3808,171176689,12030
3809,6069161,500000
3810,6069161,500000
3811,6069161,500000
3812,6069161,500000
3813,171176689,7540
3814,171176689,8270
3815,6069161,500000
3816,6069161,500000
3817,171176689,6820
3818,6069161,500000
3819,6069161,500000
3820,6069161,500000
3821,171176689,14930
3822,6069161,500000
3823,6069161,500000
3824,6069161,500000
3825,171176689,28420
3826,6069161,500000
3827,6069161,500000
3828,6069161,500000
3829,171176689,8710
3830,6069161,500000
3831,171176689,7400
3832,6069161,500000
3833,6069161,500000
3834,171176689,6240
3835,6069161,500000
3836,6069161,500000
3837,6069161,500000
3838,171176689,22190
3839,6069161,500000
3840,171176689,13630
3841,171176689,7980
3842,171176689,4640
3843,6069161,500000
3844,6069161,500000
3845,171176689,7400
3846,6069161,500000
3847,6069161,500000
3848,171176689,11600
3849,171176689,9130
3850,6069161,500000
3851,6069161,500000
3852,171176689,5950
3853,6069161,500000
3854,6069161,500000
3855,171176689,8700
3856,171176689,6380
3857,6069161,500000
3858,171176689,6960
3859,6069161,500000
3860,6069161,500000
3861,171176689,15810
3862,6069161,500000
3863,6069161,500000
3864,171176689,14930
3865,6069161,500000
3866,171176689,6240
3867,171176689,5650
3868,171176689,7980
3869,6069161,500000
3870,6069161,500000
3871,6069161,500000
3872,6069161,500000
3873,171176689,41610
3874,6069161,500000
3875,6069161,500000
3876,6069161,500000
3877,171176689,5510
3878,6069161,500000
3879,6069161,500000
3880,6069161,500000
3881,6069161,500000
3882,6069161,500000
3883,171176689,8700
3884,171176689,22330
3885,171176689,18990
3886,6069161,500000
3887,171176689,12330
3888,171176689,13480
3889,6069161,500000
3890,171176689,9860
3891,171176689,20440
3892,6069161,500000
3893,6069161,500000
3894,171176689,10000
3895,171176689,7250
3896,171176689,18130
3897,171176689,9720
3898,171176689,11310
3899,171176689,7100
3900,6069161,500000
3901,6069161,500000
3902,6069161,500000
3903,171176689,6820
3904,171176689,8000
3905,171176689,4790
3906,171176689,7250
3907,6069161,500000
3908,171176689,6240
3909,6069161,500000
3910,6069161,500000
3911,171176689,41610
3912,171176689,6670
3913,171176689,13340
3914,6069161,500000
3915,6069161,500000
3916,171176689,5510
3917,171176689,14500
3918,6069161,500000
3919,171176689,3630
3920,6069161,500000
3921,6069161,500000
3922,171176689,8550
3923,6069161,500000
3924,6069161,500000
3925,171176689,8120
3926,6069161,500000
3927,6069161,500000
3928,6069161,500000
3929,171176689,5530
3930,171176689,23780
3931,6069161,500000
3932,171176689,4640
3933,6069161,500000
3934,171176689,7980
3935,6069161,500000
3936,6069161,500000
3937,6069161,500000
3938,171176689,8700
3939,6069161,500000
3940,6069161,500000
3941,171176689,4500
3942,6069161,500000
3943,6069161,500000
3944,6069161,500000
3945,171176689,31180
3946,6069161,500000
3947,171176689,5670
3948,171176689,13780
3949,6069161,500000
3950,6069161,500000
3951,171176689,13780
3952,171176689,25380
3953,6069161,500000
3954,6069161,500000
3955,171176689,5650
3956,6069161,500000
3957,171176689,7100
3958,6069161,500000
3959,171176689,7540
3960,6069161,500000
3961,171176689,25960
3962,171176689,13340
3963,6069161,500000
3964,6069161,500000
3965,6069161,500000
3966,171176689,12330
3967,6069161,500000
3968,6069161,500000
3969,171176689,20010
3970,171176689,10580
3971,6069161,500000
3972,6069161,500000
3973,6069161,500000
3974,6069161,500000
3975,6069161,500000
3976,6069161,500000
3977,6069161,500000
3978,6069161,500000
3979,6069161,500000
3980,6069161,500000
3981,171176689,4930
3982,6069161,500000
3983,6069161,500000
3984,6069161,500000
3985,6069161,500000
3986,6069161,500000
3987,6069161,500000
3988,171176689,5220
3989,171176689,21170
3990,6069161,500000
3991,171176689,12910
3992,6069161,500000
3993,6069161,500000
3994,171176689,5950
3995,6069161,500000
3996,6069161,500000
3997,171176689,5220
3998,6069161,500000
3999,6069161,500000
4000,171176689,6090
4001,6069161,500000
4002,6069161,500000
4003,6069161,500000
4004,171176689,7100
4005,6069161,500000
4006,6069161,500000
4007,6069161,500000
4008,6069161,500000
4009,171176689,8550
4010,6069161,500000
4011,6069161,500000
4012,6069161,500000
4013,6069161,500000
4014,171176689,11750
4015,6069161,500000
4016,6069161,500000
4017,6069161,500000
4018,6069161,500000
4019,6069161,500000
4020,171176689,14360
4021,6069161,500000
4022,6069161,500000
4023,171176689,20010
4024,6069161,500000
4025,171176689,7280
4026,6069161,500000
4027,6069161,500000
4028,6069161,500000
4029,6069161,500000
4030,6069161,500000
4031,6069161,500000
4032,6069161,500000
4033,6069161,500000
4034,6069161,500000
4035,6069161,500000
4036,171176689,6960
4037,6069161,500000
4038,6069161,500000
4039,6069161,500000
4040,6069161,500000
4041,171176689,10580
4042,6069161,500000
4043,6069161,500000
4044,171176689,4640
4045,171176689,9130
4046,171176689,9430
4047,6069161,500000
4048,6069161,500000
4049,6069161,500000
4050,171176689,5650
4051,6069161,500000
4052,6069161,500000
4053,6069161,500000
4054,171176689,6530
4055,171176689,9720
4056,6069161,500000
4057,6069161,500000
4058,171176689,12620
4059,6069161,500000
4060,6069161,500000
4061,6069161,500000
4062,6069161,500000
4063,6069161,500000
4064,171176689,11170
4065,171176689,9430
4066,171176689,21030
4067,6069161,500000
4068,6069161,500000
4069,6069161,500000
4070,6069161,500000
4071,6069161,500000
4072,171176689,6670
4073,171176689,11170
4074,171176689,5370
4075,6069161,500000
4076,171176689,18130
4077,6069161,500000
4078,6069161,500000
4079,171176689,6380
4080,171176689,4930
4081,6069161,500000
4082,171176689,4640
4083,171176689,13780
4084,6069161,500000
4085,171176689,7830
4086,171176689,4200
4087,6069161,500000
4088,171176689,6390
4089,6069161,500000
4090,171176689,8850
4091,6069161,500000
4092,171176689,20320
4093,6069161,500000
4094,6069161,500000
4095,171176689,9280
4096,6069161,500000
4097,171176689,6240
4098,6069161,500000
4099,6069161,500000
4100,6069161,500000
4101,6069161,500000
4102,171176689,4200
4103,6069161,500000
4104,6069161,500000
4105,6069161,500000
4106,6069161,500000
4107,6069161,500000
4108,6069161,500000
4109,6069161,500000
4110,171176689,12620
4111,171176689,12760
4112,6069161,500000
4113,6069161,500000
4114,6069161,500000
4115,6069161,500000
4116,6069161,500000
4117,171176689,5510
4118,6069161,500000
4119,171176689,7680
4120,6069161,500000
4121,6069161,500000
4122,171176689,8120
4123,6069161,500000
4124,171176689,9860
4125,6069161,500000
4126,6069161,500000
4127,6069161,500000
4128,6069161,500000
4129,171176689,9280
4130,6069161,500000
4131,6069161,500000
4132,171176689,9130
4133,6069161,500000
4134,171176689,7540
4135,6069161,500000
4136,171176689,8850
4137,171176689,8410
4138,6069161,500000
4139,6069161,500000
4140,6069161,500000
4141,171176689,14210
4142,6069161,500000
4143,6069161,500000
4144,6069161,500000
4145,6069161,500000
4146,6069161,500000
4147,171176689,6670
4148,6069161,500000
4149,6069161,500000
4150,6069161,500000
4151,171176689,6380
4152,6069161,500000
4153,6069161,500000
4154,6069161,500000
4155,6069161,500000
4156,171176689,48860
4157,6069161,500000
4158,6069161,500000
4159,6069161,500000
4160,6069161,500000
4161,6069161,500000
4162,171176689,5950
4163,6069161,500000
4164,6069161,500000
4165,6069161,500000
4166,6069161,500000
4167,171176689,6240
4168,6069161,500000
4169,6069161,500000
4170,6069161,500000
4171,171176689,5370
4172,6069161,500000
4173,6069161,500000
4174,6069161,500000
4175,6069161,500000
4176,171176689,4360
4177,6069161,500000
4178,6069161,500000
4179,171176689,12470
4180,6069161,500000
4181,6069161,500000
4182,6069161,500000
4183,171176689,22190
4184,6069161,500000
4185,6069161,500000
4186,6069161,500000
4187,171176689,7540
4188,6069161,500000
4189,6069161,500000
4190,6069161,500000
4191,6069161,500000
4192,6069161,500000
4193,171176689,9280
4194,6069161,500000
4195,6069161,500000
4196,171176689,6670
4197,6069161,500000
4198,171176689,8990
4199,6069161,500000
4200,6069161,500000
4201,171176689,12480
4202,6069161,500000
4203,6069161,500000
4204,6069161,500000
4205,6069161,500000
4206,6069161,500000
4207,6069161,500000
4208,6069161,500000
4209,6069161,500000
4210,6069161,500000
4211,6069161,500000
4212,171176689,19280
4213,6069161,500000
4214,6069161,500000
4215,6069161,500000
4216,171176689,6240
4217,171176689,8990
4218,6069161,500000
4219,6069161,500000
4220,6069161,500000
4221,6069161,500000
4222,6069161,500000
4223,6069161,500000
4224,6069161,500000
4225,6069161,500000
4226,171176689,7680
4227,6069161,500000
4228,171176689,7830
4229,6069161,500000
4230,171176689,45680
4231,6069161,500000
4232,6069161,500000
4233,6069161,500000
4234,6069161,500000
4235,6069161,500000
4236,6069161,500000
4237,6069161,500000
4238,171176689,7680
4239,6069161,500000
4240,6069161,500000
4241,171176689,7250
4242,171176689,19870
4243,171176689,10150
4244,171176689,15080
4245,171176689,8410
4246,6069161,500000
4247,6069161,500000
4248,6069161,500000
4249,171176689,12330
4250,6069161,500000
4251,171176689,3340
4252,6069161,500000
4253,171176689,8550
4254,171176689,13780
4255,171176689,8410
4256,171176689,4810
4257,171176689,5220
4258,6069161,500000
4259,171176689,4500
4260,6069161,500000
4261,6069161,500000
4262,6069161,500000
4263,6069161,500000
4264,6069161,500000
4265,6069161,500000
4266,171176689,8120
4267,6069161,500000
4268,6069161,500000
4269,171176689,8700
4270,6069161,500000
4271,6069161,500000
4272,171176689,7100
4273,6069161,500000
4274,171176689,8700
4275,6069161,500000
4276,171176689,6240
4277,6069161,500000
4278,6069161,500000
4279,6069161,500000
4280,6069161,500000
4281,6069161,500000
4282,6069161,500000
4283,171176689,4060
4284,6069161,500000
4285,6069161,500000
4286,6069161,500000
4287,6069161,500000
4288,6069161,500000
4289,6069161,500000
4290,6069161,500000
4291,6069161,500000
4292,6069161,500000
4293,6069161,500000
4294,171176689,8850
4295,171176689,9280
4296,171176689,12330
4297,6069161,500000
4298,6069161,500000
4299,171176689,5650
4300,6069161,500000
4301,171176689,12030
4302,6069161,500000
4303,6069161,500000
4304,6069161,500000
4305,6069161,500000
4306,6069161,500000
4307,171176689,12620
4308,6069161,500000
4309,6069161,500000
4310,171176689,36250
4311,171176689,8270
4312,6069161,500000
4313,6069161,500000
4314,6069161,500000
4315,6069161,500000
4316,171176689,9570
4317,6069161,500000
4318,171176689,7680
4319,6069161,500000
4320,6069161,500000
4321,6069161,500000
4322,6069161,500000
4323,6069161,500000
4324,6069161,500000
4325,6069161,500000
4326,171176689,8700
4327,6069161,500000
4328,6069161,500000
4329,171176689,3770
4330,171176689,6240
4331,6069161,500000
4332,171176689,11020
4333,171176689,8120
4334,171176689,7100
4335,171176689,14210
4336,171176689,14220
4337,6069161,500000
4338,171176689,7250
4339,171176689,12620
4340,171176689,8850
4341,6069161,500000
4342,6069161,500000
4343,171176689,5950
4344,171176689,9870
4345,171176689,4930
4346,6069161,500000
4347,6069161,500000
4348,171176689,4930
4349,6069161,500000
4350,6069161,500000
4351,6069161,500000
4352,6069161,500000
4353,171176689,6380
4354,6069161,500000
4355,6069161,500000
4356,6069161,500000
4357,171176689,14640
4358,171176689,8120
4359,171176689,6830
4360,6069161,500000
4361,6069161,500000
4362,6069161,500000
4363,171176689,44520
4364,6069161,500000
4365,6069161,500000
4366,171176689,31030
4367,6069161,500000
4368,6069161,500000
4369,171176689,7830
4370,171176689,9130
4371,171176689,11750
4372,6069161,500000
4373,6069161,500000
4374,171176689,7250
4375,6069161,500000
4376,6069161,500000
4377,171176689,8550
4378,6069161,500000
4379,6069161,500000
4380,6069161,500000
4381,171176689,11890
4382,6069161,500000
4383,6069161,500000
4384,171176689,10440
4385,6069161,500000
4386,171176689,12330
4387,6069161,500000
4388,6069161,500000
4389,6069161,500000
4390,6069161,500000
4391,171176689,5650
4392,6069161,500000
4393,6069161,500000
4394,6069161,500000
4395,171176689,10630
4396,171176689,5510
4397,171176689,11310
4398,6069161,500000
4399,6069161,500000
4400,6069161,500000
4401,6069161,500000
4402,6069161,500000
4403,6069161,500000
4404,6069161,500000
4405,6069161,500000
4406,6069161,500000
4407,6069161,500000
4408,171176689,8120
4409,6069161,500000
4410,6069161,500000
4411,6069161,500000
4412,6069161,500000
4413,6069161,500000
4414,6069161,500000
4415,6069161,500000
4416,6069161,500000
4417,171176689,5370
4418,171176689,6670
4419,6069161,500000
4420,171176689,6240
4421,6069161,500000
4422,171176689,6670
4423,6069161,500000
4424,6069161,500000
4425,6069161,500000
4426,171176689,8990
4427,171176689,4350
4428,6069161,500000
4429,6069161,500000
4430,171176689,5950
4431,6069161,500000
4432,6069161,500000
4433,171176689,7540
4434,6069161,500000
4435,6069161,500000
4436,6069161,500000
4437,171176689,10580
4438,171176689,8410
4439,171176689,7980
4440,6069161,500000
4441,6069161,500000
4442,6069161,500000
4443,6069161,500000
4444,6069161,500000
4445,171176689,7830
4446,6069161,500000
4447,171176689,5820
4448,171176689,4640
4449,6069161,500000
4450,6069161,500000
4451,171176689,5950
4452,6069161,500000
4453,6069161,500000
4454,171176689,10000
4455,6069161,500000
4456,6069161,500000
4457,6069161,500000
4458,6069161,500000
4459,171176689,6410
4460,6069161,500000
4461,6069161,500000
4462,171176689,9130
4463,171176689,9720
4464,171176689,6380
4465,171176689,5800
4466,6069161,500000
4467,6069161,500000
4468,171176689,11890
4469,6069161,500000
4470,171176689,28420
4471,171176689,7680
4472,171176689,15080
4473,6069161,500000
4474,171176689,9430
4475,6069161,500000
4476,171176689,12030
4477,6069161,500000
4478,6069161,500000
4479,6069161,500000
4480,6069161,500000
4481,171176689,23200
4482,6069161,500000
4483,6069161,500000
4484,171176689,6670
4485,6069161,500000
4486,171176689,7680
4487,6069161,500000
4488,171176689,9130
4489,6069161,500000
4490,6069161,500000
4491,6069161,500000
4492,6069161,500000
4493,6069161,500000
4494,6069161,500000
4495,6069161,500000
4496,171176689,6670
4497,6069161,500000
4498,6069161,500000
4499,6069161,500000
4500,171176689,11890
4501,171176689,4930
4502,6069161,500000
4503,6069161,500000
4504,6069161,500000
4505,6069161,500000
4506,6069161,500000
4507,171176689,41760
4508,6069161,500000
4509,171176689,7260
4510,6069161,500000
4511,6069161,500000
4512,6069161,500000
4513,171176689,22480
4514,6069161,500000
4515,6069161,500000
4516,6069161,500000
4517,6069161,500000
4518,6069161,500000
4519,6069161,500000
4520,6069161,500000
4521,171176689,4930
4522,171176689,5950
4523,171176689,7830
4524,6069161,500000
4525,171176689,23340
4526,6069161,500000
4527,6069161,500000
4528,171176689,11460
4529,171176689,9280
4530,171176689,16380
4531,6069161,500000
4532,171176689,15080
4533,6069161,500000
4534,6069161,500000
4535,6069161,500000
4536,6069161,500000
4537,171176689,10880
4538,171176689,6530
4539,171176689,35670
4540,6069161,500000
4541,6069161,500000
4542,6069161,500000
4543,171176689,5370
4544,171176689,12760
4545,171176689,7830
4546,6069161,500000
4547,6069161,500000
4548,171176689,5240
4549,6069161,500000
4550,171176689,7540
4551,171176689,14070
4552,6069161,500000
4553,6069161,500000
4554,171176689,4790
4555,171176689,22620
4556,6069161,500000
4557,6069161,500000
4558,171176689,6670
4559,171176689,16970
4560,171176689,33350
4561,6069161,500000
4562,171176689,31760
4563,6069161,500000
4564,171176689,12330
4565,171176689,43500
4566,6069161,500000
4567,6069161,500000
4568,6069161,500000
4569,6069161,500000
4570,6069161,500000
4571,6069161,500000
4572,171176689,9430
4573,171176689,9570
4574,6069161,500000
4575,6069161,500000
4576,6069161,500000
4577,171176689,12180
4578,6069161,500000
4579,171176689,7400
4580,6069161,500000
4581,171176689,25810
4582,6069161,500000
4583,171176689,10300
4584,6069161,500000
4585,6069161,500000
4586,6069161,500000
4587,6069161,500000
4588,6069161,500000
4589,171176689,14070
4590,6069161,500000
4591,6069161,500000
4592,171176689,9280
4593,6069161,500000
4594,6069161,500000
4595,6069161,500000
4596,171176689,7830
4597,6069161,500000
4598,6069161,500000
4599,171176689,35820
4600,6069161,500000
4601,171176689,5800
4602,6069161,500000
4603,6069161,500000
4604,6069161,500000
4605,6069161,500000
4606,6069161,500000
4607,6069161,500000
4608,171176689,6240
4609,171176689,7830
4610,6069161,500000
4611,171176689,34660
4612,6069161,500000
4613,171176689,10160
4614,6069161,500000
4615,6069161,500000
4616,171176689,5950
4617,6069161,500000
4618,6069161,500000
4619,171176689,5800
4620,6069161,500000
4621,171176689,5800
4622,6069161,500000
4623,6069161,500000
4624,6069161,500000
4625,171176689,7980
4626,6069161,500000
4627,6069161,500000
4628,6069161,500000
4629,6069161,500000
4630,6069161,500000
4631,6069161,500000
4632,6069161,500000
4633,171176689,19730
4634,171176689,14070
4635,171176689,6670
4636,6069161,500000
4637,171176689,6820
4638,171176689,10580
4639,6069161,500000
4640,6069161,500000
4641,6069161,500000
4642,6069161,500000
4643,171176689,6970
4644,6069161,500000
4645,6069161,500000
4646,171176689,7830
4647,6069161,500000
4648,6069161,500000
4649,6069161,500000
4650,6069161,500000
4651,6069161,500000
4652,171176689,4500
4653,6069161,500000
4654,6069161,500000
4655,171176689,9860
4656,6069161,500000
4657,6069161,500000
4658,171176689,10440
4659,6069161,500000
4660,171176689,9860
4661,171176689,9430
4662,171176689,9720
4663,171176689,8410
4664,6069161,500000
4665,171176689,11310
4666,6069161,500000
4667,171176689,7400
4668,171176689,9140
4669,6069161,500000
4670,6069161,500000
4671,171176689,7400
4672,171176689,9430
4673,6069161,500000
4674,6069161,500000
4675,171176689,9130
4676,6069161,500000
4677,171176689,4500
4678,6069161,500000
4679,6069161,500000
4680,171176689,7830
4681,6069161,500000
4682,6069161,500000
4683,171176689,12630
4684,6069161,500000
4685,6069161,500000
4686,171176689,6670
4687,171176689,5950
4688,6069161,500000
4689,6069161,500000
4690,6069161,500000
4691,6069161,500000
4692,171176689,5650
4693,6069161,500000
4694,6069161,500000
4695,171176689,68730
4696,6069161,500000
4697,6069161,500000
4698,171176689,4790
4699,6069161,500000
4700,6069161,500000
4701,171176689,44230
4702,6069161,500000
4703,171176689,19140
4704,171176689,8270
4705,171176689,6960
4706,6069161,500000
4707,171176689,7680
4708,6069161,500000
4709,6069161,500000
4710,171176689,29440
4711,171176689,5510
4712,171176689,7540
4713,171176689,7250
4714,6069161,500000
4715,171176689,6820
4716,171176689,8990
4717,6069161,500000
4718,6069161,500000
4719,6069161,500000
4720,171176689,8990
4721,6069161,500000
4722,171176689,6530
4723,6069161,500000
4724,171176689,10300
4725,6069161,500000
4726,171176689,4350
4727,171176689,4790
4728,171176689,6090
4729,6069161,500000
4730,6069161,500000
4731,6069161,500000
4732,6069161,500000
4733,6069161,500000
4734,171176689,4930
4735,171176689,6670
4736,6069161,500000
4737,6069161,500000
4738,171176689,7100
4739,6069161,500000
4740,6069161,500000
4741,171176689,11600
4742,6069161,500000
4743,6069161,500000
4744,6069161,500000
4745,171176689,6380
4746,171176689,6820
4747,6069161,500000
4748,6069161,500000
4749,171176689,13480
4750,6069161,500000
4751,6069161,500000
4752,6069161,500000
4753,6069161,500000
4754,171176689,5800
4755,6069161,500000
4756,6069161,500000
4757,6069161,500000
4758,6069161,500000
4759,6069161,500000
4760,171176689,6240
4761,6069161,500000
4762,6069161,500000
4763,171176689,6240
4764,6069161,500000
4765,6069161,500000
4766,6069161,500000
4767,6069161,500000
4768,6069161,500000
4769,6069161,500000
4770,171176689,15660
4771,6069161,500000
4772,6069161,500000
4773,171176689,4350
4774,6069161,500000
4775,6069161,500000
4776,6069161,500000
4777,6069161,500000
4778,171176689,10880
4779,6069161,500000
4780,6069161,500000
4781,171176689,21610
4782,6069161,500000
4783,171176689,9130
4784,6069161,500000
4785,6069161,500000
4786,171176689,5960
4787,171176689,5510
4788,6069161,500000
4789,171176689,4930
4790,6069161,500000
4791,6069161,500000
4792,171176689,8550
4793,6069161,500000
4794,171176689,7400
4795,6069161,500000
4796,171176689,23930
4797,171176689,6530
4798,6069161,500000
4799,6069161,500000
4800,171176689,9280
4801,171176689,7250
4802,6069161,500000
4803,171176689,7980
4804,171176689,5220
4805,6069161,500000
4806,171176689,22770
4807,171176689,9280
4808,171176689,8550
4809,171176689,5800
4810,6069161,500000
4811,171176689,4790
4812,6069161,500000
4813,6069161,500000
4814,6069161,500000
4815,171176689,13480
4816,6069161,500000
4817,6069161,500000
4818,171176689,15370
4819,171176689,19140
4820,171176689,18710
4821,171176689,10000
4822,171176689,18850
4823,171176689,7830
4824,171176689,6670
4825,6069161,500000
4826,171176689,6240
4827,171176689,7540
4828,171176689,5800
4829,6069161,500000
4830,171176689,5650
4831,6069161,500000
4832,171176689,8990
4833,171176689,42640
4834,171176689,4930
4835,171176689,7680
4836,6069161,500000
4837,6069161,500000
4838,6069161,500000
4839,6069161,500000
4840,171176689,7250
4841,6069161,500000
4842,6069161,500000
4843,6069161,500000
4844,6069161,500000
4845,171176689,16820
4846,6069161,500000
4847,6069161,500000
4848,6069161,500000
4849,6069161,500000
4850,6069161,500000
4851,6069161,500000
4852,6069161,500000
4853,171176689,9570
4854,171176689,12910
4855,6069161,500000
4856,171176689,13190
4857,6069161,500000
4858,6069161,500000
4859,171176689,8850
4860,171176689,4940
4861,6069161,500000
4862,171176689,13050
4863,171176689,6380
4864,171176689,5650
4865,6069161,500000
4866,6069161,500000
4867,6069161,500000
4868,171176689,5950
4869,171176689,4930
4870,171176689,15660
4871,171176689,4360
4872,6069161,500000
4873,171176689,117600
4874,6069161,500000
4875,6069161,500000
4876,6069161,500000
4877,6069161,500000
4878,171176689,6820
4879,6069161,500000
4880,6069161,500000
4881,6069161,500000
4882,6069161,500000
4883,6069161,500000
4884,6069161,500000
4885,6069161,500000
4886,6069161,500000
4887,6069161,500000
4888,6069161,500000
4889,6069161,500000
4890,6069161,500000
4891,6069161,500000
4892,171176689,6530
4893,171176689,5800
4894,6069161,500000
4895,171176689,12470
4896,6069161,500000
4897,171176689,4200
4898,6069161,500000
4899,171176689,5510
4900,6069161,500000
4901,6069161,500000
4902,171176689,5800
4903,171176689,7540
4904,6069161,500000
4905,171176689,7250
4906,6069161,500000
4907,6069161,500000
4908,6069161,500000
4909,6069161,500000
4910,6069161,500000
4911,171176689,8990
4912,6069161,500000
4913,6069161,500000
4914,171176689,8550
4915,171176689,84390
4916,6069161,500000
4917,171176689,13920
4918,171176689,6960
4919,171176689,14500
4920,171176689,19430
4921,171176689,5650
4922,171176689,15370
4923,171176689,42490
4924,6069161,500000
4925,6069161,500000
4926,6069161,500000
4927,6069161,500000
4928,171176689,12470
4929,171176689,6380
4930,6069161,500000
4931,6069161,500000
4932,6069161,500000
4933,6069161,500000
4934,6069161,500000
4935,6069161,500000
4936,6069161,500000
4937,171176689,5800
4938,6069161,500000
4939,6069161,500000
4940,6069161,500000
4941,6069161,500000
4942,6069161,500000
4943,171176689,15080
4944,6069161,500000
4945,6069161,500000
4946,6069161,500000
4947,171176689,7250
4948,171176689,11470
4949,171176689,6700
4950,6069161,500000
4951,6069161,500000
4952,171176689,11750
4953,6069161,500000
4954,171176689,4930
4955,171176689,11890
4956,171176689,10000
4957,171176689,10000
4958,6069161,500000
4959,171176689,10440
4960,6069161,500000
4961,6069161,500000
4962,6069161,500000
4963,6069161,500000
4964,171176689,7270
4965,171176689,8850
4966,171176689,6380
4967,171176689,7400
4968,171176689,11890
4969,6069161,500000
4970,171176689,8410
4971,6069161,500000
4972,171176689,9720
4973,6069161,500000
4974,6069161,500000
4975,6069161,500000
4976,6069161,500000
4977,171176689,8850
4978,6069161,500000
4979,6069161,500000
4980,6069161,500000
4981,6069161,500000
4982,171176689,5220
4983,6069161,500000
4984,171176689,5220
4985,6069161,500000
4986,6069161,500000
4987,171176689,8410
4988,171176689,16680
4989,6069161,500000
4990,6069161,500000
4991,6069161,500000
4992,6069161,500000
4993,6069161,500000
4994,6069161,500000
4995,6069161,500000
4996,171176689,8410
4997,6069161,500000
4998,171176689,8130
4999,6069161,500000
5000,6069161,500000
5001,6069161,500000
5002,171176689,7100
5003,6069161,500000
5004,171176689,30590
5005,6069161,500000
5006,6069161,500000
5007,6069161,500000
5008,6069161,500000
5009,6069161,500000
5010,6069161,500000
5011,6069161,500000
5012,6069161,500000
5013,6069161,500000
5014,6069161,500000
5015,171176689,13190
5016,6069161,500000
5017,6069161,500000
5018,6069161,500000
5019,6069161,500000
5020,171176689,6090
5021,171176689,7250
5022,6069161,500000
5023,6069161,500000
5024,171176689,8120
5025,171176689,7680
5026,6069161,500000
5027,6069161,500000
5028,6069161,500000
5029,171176689,8270
5030,6069161,500000
5031,6069161,500000
5032,6069161,500000
5033,171176689,12760
5034,6069161,500000
5035,171176689,5510
5036,6069161,500000
5037,6069161,500000
5038,6069161,500000
5039,6069161,500000
5040,171176689,6960
5041,6069161,500000
5042,6069161,500000
5043,171176689,7680
5044,6069161,500000
5045,171176689,19140
5046,6069161,500000
5047,6069161,500000
5048,171176689,11750
5049,6069161,500000
5050,6069161,500000
5051,6069161,500000
5052,171176689,8120
5053,171176689,6670
5054,6069161,500000
5055,171176689,18710
5056,171176689,6820
5057,6069161,500000
5058,6069161,500000
5059,171176689,8990
5060,171176689,7830
5061,171176689,7990
5062,6069161,500000
5063,6069161,500000
5064,6069161,500000
5065,171176689,7980
5066,171176689,5950
5067,171176689,10730
5068,171176689,7400
5069,171176689,6530
5070,6069161,500000
5071,6069161,500000
5072,171176689,5800
5073,6069161,500000
5074,6069161,500000
5075,6069161,500000
5076,171176689,7400
5077,6069161,500000
5078,6069161,500000
5079,171176689,5950
5080,6069161,500000
5081,6069161,500000
5082,6069161,500000
5083,6069161,500000
5084,171176689,7830
5085,171176689,10440
5086,6069161,500000
5087,6069161,500000
5088,6069161,500000
5089,6069161,500000
5090,171176689,10580
5091,6069161,500000
5092,171176689,6820
5093,6069161,500000
5094,171176689,14640
5095,6069161,500000
5096,171176689,10000
5097,6069161,500000
5098,171176689,10440
5099,171176689,24360
5100,171176689,5800
5101,171176689,13050
5102,6069161,500000
5103,171176689,5220
5104,6069161,500000
5105,6069161,500000
5106,171176689,11170
5107,171176689,10880
5108,6069161,500000
5109,171176689,3770
5110,6069161,500000
5111,171176689,7250
5112,171176689,8410
5113,171176689,7100
5114,6069161,500000
5115,6069161,500000
5116,6069161,500000
5117,6069161,500000
5118,171176689,20740
5119,6069161,500000
5120,6069161,500000
5121,6069161,500000
5122,6069161,500000
5123,6069161,500000
5124,171176689,6960
5125,171176689,6090
5126,6069161,500000
5127,6069161,500000
5128,6069161,500000
5129,6069161,500000
5130,6069161,500000
5131,171176689,5080
5132,171176689,12620
5133,6069161,500000
5134,171176689,10300
5135,6069161,500000
5136,6069161,500000
5137,6069161,500000
5138,6069161,500000
5139,6069161,500000
5140,6069161,500000
5141,171176689,10730
5142,6069161,500000
5143,6069161,500000
5144,171176689,7980
5145,6069161,500000
5146,6069161,500000
5147,171176689,6820
5148,6069161,500000
5149,171176689,11750
5150,171176689,5650
5151,171176689,12470
5152,171176689,8410
5153,6069161,500000
5154,6069161,500000
5155,6069161,500000
5156,171176689,7250
5157,171176689,6090
5158,6069161,500000
5159,6069161,500000
5160,6069161,500000
5161,6069161,500000
5162,6069161,500000
5163,171176689,6960
5164,6069161,500000
5165,6069161,500000
5166,6069161,500000
5167,6069161,500000
5168,171176689,7100
5169,171176689,11890
5170,6069161,500000
5171,171176689,7680
5172,6069161,500000
5173,6069161,500000
5174,171176689,5220
5175,171176689,6960
5176,6069161,500000
5177,171176689,7540
5178,6069161,500000
5179,6069161,500000
5180,6069161,500000
5181,171176689,24650
5182,6069161,500000
5183,171176689,13190
5184,171176689,8990
5185,6069161,500000
5186,171176689,6820
5187,6069161,500000
5188,171176689,5080
5189,6069161,500000
5190,6069161,500000
5191,171176689,10300
5192,6069161,500000
5193,171176689,7400
5194,6069161,500000
5195,6069161,500000
5196,6069161,500000
5197,6069161,500000
5198,6069161,500000
5199,6069161,500000
5200,6069161,500000
5201,6069161,500000
5202,6069161,500000
5203,6069161,500000
5204,171176689,7980
5205,6069161,500000
5206,171176689,6960
5207,6069161,500000
5208,171176689,14210
5209,171176689,14790
5210,6069161,500000
5211,6069161,500000
5212,6069161,500000
5213,6069161,500000
5214,171176689,7430
5215,6069161,500000
5216,6069161,500000
5217,6069161,500000
5218,6069161,500000
5219,6069161,500000
5220,171176689,6380
5221,6069161,500000
5222,171176689,10730
5223,6069161,500000
5224,171176689,9720
5225,171176689,11170
5226,171176689,11600
5227,6069161,500000
5228,6069161,500000
5229,6069161,500000
5230,6069161,500000
5231,6069161,500000
5232,171176689,7540
5233,6069161,500000
5234,6069161,500000
5235,171176689,6670
5236,171176689,4640
5237,6069161,500000
5238,171176689,6960
5239,6069161,500000
5240,171176689,9720
5241,171176689,8990
5242,6069161,500000
5243,171176689,9720
5244,6069161,500000
5245,171176689,11890
5246,171176689,8990
5247,171176689,5220
5248,6069161,500000
5249,6069161,500000
5250,6069161,500000
5251,6069161,500000
5252,6069161,500000
5253,171176689,11600
5254,6069161,500000
5255,171176689,7540
5256,171176689,4930
5257,6069161,500000
5258,171176689,7680
5259,6069161,500000
5260,6069161,500000
5261,171176689,22770
5262,171176689,6820
5263,6069161,500000
5264,6069161,500000
5265,6069161,500000
5266,171176689,6670
5267,6069161,500000
5268,171176689,4930
5269,6069161,500000
5270,171176689,6560
5271,171176689,5510
5272,171176689,17400
5273,6069161,500000
5274,171176689,5650
5275,6069161,500000
5276,6069161,500000
5277,6069161,500000
5278,171176689,6380
5279,6069161,500000
5280,6069161,500000
5281,6069161,500000
5282,171176689,16240
5283,6069161,500000
5284,6069161,500000
5285,6069161,500000
5286,6069161,500000
5287,6069161,500000
5288,6069161,500000
5289,171176689,29870
5290,6069161,500000
5291,171176689,5650
5292,171176689,6090
5293,171176689,7250
5294,6069161,500000
5295,6069161,500000
5296,6069161,500000
5297,171176689,8410
5298,171176689,7540
5299,6069161,500000
5300,6069161,500000
5301,6069161,500000
5302,171176689,18420
5303,171176689,5080
5304,6069161,500000
5305,171176689,6960
5306,6069161,500000
5307,6069161,500000
5308,6069161,500000
5309,6069161,500000
5310,6069161,500000
5311,6069161,500000
5312,6069161,500000
5313,6069161,500000
5314,6069161,500000
5315,6069161,500000
5316,6069161,500000
5317,171176689,6530
5318,6069161,500000
5319,171176689,6530
5320,171176689,16970
5321,6069161,500000
5322,171176689,5510
5323,6069161,500000
5324,6069161,500000
5325,6069161,500000
5326,6069161,500000
5327,6069161,500000
5328,171176689,11460
5329,6069161,500000
5330,6069161,500000
5331,6069161,500000
5332,6069161,500000
5333,6069161,500000
5334,171176689,5650
5335,6069161,500000
5336,6069161,500000
5337,171176689,11600
5338,6069161,500000
5339,6069161,500000
5340,6069161,500000
5341,6069161,500000
5342,171176689,78010
5343,6069161,500000
5344,6069161,500000
5345,171176689,9130
5346,171176689,6380
5347,171176689,8120
5348,6069161,500000
5349,6069161,500000
5350,171176689,6240
5351,6069161,500000
5352,6069161,500000
5353,6069161,500000
5354,6069161,500000
5355,171176689,6240
5356,6069161,500000
5357,6069161,500000
5358,171176689,6380
5359,6069161,500000
5360,6069161,500000
5361,6069161,500000
5362,6069161,500000
5363,6069161,500000
5364,6069161,500000
5365,171176689,10730
5366,6069161,500000
5367,171176689,5800
5368,171176689,6670
5369,6069161,500000
5370,6069161,500000
5371,6069161,500000
5372,6069161,500000
5373,6069161,500000
5374,171176689,6240
5375,6069161,500000
5376,171176689,9730
5377,171176689,20160
5378,6069161,500000
5379,171176689,6820
5380,171176689,6090
5381,6069161,500000
5382,6069161,500000
5383,6069161,500000
5384,6069161,500000
5385,171176689,6380
5386,6069161,500000
5387,171176689,13630
5388,6069161,500000
5389,6069161,500000
5390,171176689,8700
5391,6069161,500000
5392,6069161,500000
5393,6069161,500000
5394,6069161,500000
5395,6069161,500000
5396,171176689,13530
5397,6069161,500000
5398,171176689,7100
5399,171176689,7980
5400,171176689,6820
5401,6069161,500000
5402,171176689,4930
5403,6069161,500000
5404,6069161,500000
5405,6069161,500000
5406,6069161,500000
5407,6069161,500000
5408,6069161,500000
5409,6069161,500000
5410,6069161,500000
5411,6069161,500000
5412,171176689,44080
5413,6069161,500000
5414,171176689,8120
5415,171176689,6820
5416,6069161,500000
5417,6069161,500000
5418,6069161,500000
5419,171176689,7250
5420,171176689,5080
5421,171176689,7540
5422,6069161,500000
5423,171176689,20880
5424,6069161,500000
5425,6069161,500000
5426,171176689,8270
5427,6069161,500000
5428,171176689,10000
5429,171176689,10580
5430,171176689,6960
5431,171176689,5650
5432,171176689,8870
5433,6069161,500000
5434,171176689,9430
5435,171176689,7400
5436,6069161,500000
5437,6069161,500000
5438,6069161,500000
5439,171176689,5950
5440,6069161,500000
5441,6069161,500000
5442,171176689,6380
5443,171176689,12910
5444,6069161,500000
5445,6069161,500000
5446,6069161,500000
5447,6069161,500000
5448,6069161,500000
5449,171176689,8850
5450,6069161,500000
5451,6069161,500000
5452,171176689,9860
5453,6069161,500000
5454,6069161,500000
5455,6069161,500000
5456,171176689,26540
5457,6069161,500000
5458,6069161,500000
5459,6069161,500000
5460,6069161,500000
5461,6069161,500000
5462,6069161,500000
5463,6069161,500000
5464,171176689,9130
5465,6069161,500000
5466,6069161,500000
5467,171176689,8410
5468,6069161,500000
5469,6069161,500000
5470,171176689,8550
5471,6069161,500000
5472,6069161,500000
5473,6069161,500000
5474,171176689,14640
5475,171176689,6670
5476,6069161,500000
5477,6069161,500000
5478,6069161,500000
5479,6069161,500000
5480,6069161,500000
5481,6069161,500000
5482,171176689,5080
5483,171176689,16090
5484,171176689,30310
5485,171176689,21890
5486,6069161,500000
5487,6069161,500000
5488,6069161,500000
5489,6069161,500000
5490,6069161,500000
5491,6069161,500000
5492,6069161,500000
5493,6069161,500000
5494,6069161,500000
5495,171176689,10000
5496,171176689,6820
5497,171176689,4930
5498,6069161,500000
5499,6069161,500000
5500,171176689,4930
5501,6069161,500000
5502,171176689,15520
5503,171176689,10150
5504,171176689,7980
5505,6069161,500000
5506,6069161,500000
5507,6069161,500000
5508,171176689,6960
5509,171176689,9870
5510,171176689,12330
5511,6069161,500000
5512,6069161,500000
5513,6069161,500000
5514,171176689,9280
5515,171176689,9130
5516,6069161,500000
5517,171176689,9280
5518,171176689,6530
5519,171176689,7100
5520,171176689,9720
5521,171176689,8120
5522,171176689,5950
5523,6069161,500000
5524,171176689,14210
5525,6069161,500000
5526,171176689,10730
5527,6069161,500000
5528,6069161,500000
5529,6069161,500000
5530,171176689,7980
5531,6069161,500000
5532,171176689,5950
5533,6069161,500000
5534,171176689,7830
5535,6069161,500000
5536,171176689,5950
5537,6069161,500000
5538,6069161,500000
5539,6069161,500000
5540,6069161,500000
5541,171176689,19870
5542,171176689,6960
5543,6069161,500000
5544,6069161,500000
5545,171176689,9860
5546,6069161,500000
5547,6069161,500000
5548,6069161,500000
5549,6069161,500000
5550,6069161,500000
5551,6069161,500000
5552,171176689,8550
5553,6069161,500000
5554,171176689,5820
5555,6069161,500000
5556,6069161,500000
5557,6069161,500000
5558,171176689,5510
5559,6069161,500000
5560,6069161,500000
5561,171176689,5650
5562,6069161,500000
5563,6069161,500000
5564,171176689,15950
5565,6069161,500000
5566,6069161,500000
5567,171176689,6090
5568,171176689,7680
5569,171176689,8120
5570,6069161,500000
5571,171176689,20160
5572,171176689,5650
5573,171176689,8850
5574,6069161,500000
5575,6069161,500000
5576,6069161,500000
5577,6069161,500000
5578,171176689,6380
5579,6069161,500000
5580,171176689,12330
5581,6069161,500000
5582,6069161,500000
5583,6069161,500000
5584,171176689,12470
5585,171176689,11600
5586,6069161,500000
5587,6069161,500000
5588,6069161,500000
5589,171176689,11310
5590,171176689,8120
5591,6069161,500000
5592,171176689,3630
5593,171176689,9570
5594,6069161,500000
5595,171176689,7980
5596,6069161,500000
5597,171176689,9130
5598,171176689,9720
5599,171176689,10580
5600,6069161,500000
5601,171176689,6380
5602,6069161,500000
5603,6069161,500000
5604,6069161,500000
5605,6069161,500000
5606,6069161,500000
5607,6069161,500000
5608,171176689,9280
5609,171176689,8120
5610,6069161,500000
5611,171176689,10580
5612,171176689,8270
5613,6069161,500000
5614,171176689,6090
5615,6069161,500000
5616,171176689,4500
5617,6069161,500000
5618,171176689,8410
5619,6069161,500000
5620,171176689,7980
5621,6069161,500000
5622,171176689,38860
5623,6069161,500000
5624,171176689,14790
5625,171176689,4790
5626,6069161,500000
5627,171176689,7250
5628,6069161,500000
5629,171176689,7980
5630,6069161,500000
5631,6069161,500000
5632,171176689,17260
5633,6069161,500000
5634,171176689,8990
5635,6069161,500000
5636,171176689,6820
5637,171176689,6960
5638,171176689,8120
5639,171176689,8410
5640,171176689,12330
5641,6069161,500000
5642,171176689,4200
5643,6069161,500000
5644,6069161,500000
5645,6069161,500000
5646,6069161,500000
5647,171176689,4200
5648,6069161,500000
5649,6069161,500000
5650,6069161,500000
5651,6069161,500000
5652,6069161,500000
5653,171176689,15370
5654,171176689,8410
5655,171176689,7400
5656,6069161,500000
5657,6069161,500000
5658,171176689,7680
5659,6069161,500000
5660,171176689,29730
5661,6069161,500000
5662,6069161,500000
5663,171176689,43650
5664,6069161,500000
5665,6069161,500000
5666,171176689,11890
5667,6069161,500000
5668,171176689,6240
5669,6069161,500000
5670,6069161,500000
5671,6069161,500000
5672,171176689,22780
5673,6069161,500000
5674,6069161,500000
5675,6069161,500000
5676,6069161,500000
5677,6069161,500000
5678,6069161,500000
5679,6069161,500000
5680,6069161,500000
5681,6069161,500000
5682,6069161,500000
5683,6069161,500000
5684,6069161,500000
5685,171176689,8410
5686,6069161,500000
5687,6069161,500000
5688,6069161,500000
5689,171176689,8560
5690,171176689,9860
5691,6069161,500000
5692,6069161,500000
5693,171176689,8850
5694,6069161,500000
5695,6069161,500000
5696,6069161,500000
5697,6069161,500000
5698,6069161,500000
5699,171176689,26390
5700,6069161,500000
5701,171176689,7540
5702,6069161,500000
5703,171176689,10000
5704,171176689,5080
5705,6069161,500000
5706,6069161,500000
5707,171176689,5800
5708,6069161,500000
5709,171176689,7110
5710,171176689,7680
5711,171176689,5820
5712,171176689,8710
5713,6069161,500000
5714,171176689,9130
5715,6069161,500000
5716,6069161,500000
5717,6069161,500000
5718,6069161,500000
5719,6069161,500000
5720,6069161,500000
5721,171176689,9140
5722,6069161,500000
5723,6069161,500000
5724,6069161,500000
5725,6069161,500000
5726,171176689,3910
5727,6069161,500000
5728,6069161,500000
5729,6069161,500000
5730,6069161,500000
5731,6069161,500000
5732,6069161,500000
5733,171176689,12030
5734,6069161,500000
5735,6069161,500000
5736,171176689,23640
5737,171176689,8410
5738,6069161,500000
5739,171176689,11890
5740,171176689,4790
5741,6069161,500000
5742,6069161,500000
5743,6069161,500000
5744,6069161,500000
5745,6069161,500000
5746,6069161,500000
5747,6069161,500000
5748,171176689,12760
5749,6069161,500000
5750,6069161,500000
5751,171176689,8700
5752,171176689,7250
5753,6069161,500000
5754,6069161,500000
5755,171176689,7400
5756,6069161,500000
5757,171176689,12180
5758,6069161,500000
5759,6069161,500000
5760,6069161,500000
5761,6069161,500000
5762,6069161,500000
5763,171176689,6240
5764,6069161,500000
5765,171176689,28420
5766,6069161,500000
5767,171176689,9720
5768,6069161,500000
5769,6069161,500000
5770,6069161,500000
5771,171176689,6820
5772,6069161,500000
5773,6069161,500000
5774,171176689,4930
5775,6069161,500000
5776,6069161,500000
5777,6069161,500000
5778,171176689,9430
5779,6069161,500000
5780,6069161,500000
5781,171176689,7680
5782,6069161,500000
5783,6069161,500000
5784,6069161,500000
5785,6069161,500000
5786,6069161,500000
5787,6069161,500000
5788,171176689,7540
5789,6069161,500000
5790,6069161,500000
5791,6069161,500000
5792,6069161,500000
5793,6069161,500000
5794,6069161,500000
5795,6069161,500000
5796,171176689,9860
5797,6069161,500000
5798,171176689,6240
5799,6069161,500000
5800,171176689,20300
5801,171176689,10150
5802,171176689,25520
5803,6069161,500000
5804,6069161,500000
5805,6069161,500000
5806,6069161,500000
5807,171176689,6530
5808,6069161,500000
5809,6069161,500000
5810,171176689,14510
5811,171176689,4500
5812,6069161,500000
5813,6069161,500000
5814,6069161,500000
5815,6069161,500000
5816,171176689,8850
5817,6069161,500000
5818,171176689,8850
5819,171176689,56550
5820,6069161,500000
5821,6069161,500000
5822,171176689,5220
5823,6069161,500000
5824,6069161,500000
5825,6069161,500000
5826,171176689,8120
5827,6069161,500000
5828,6069161,500000
5829,6069161,500000
5830,6069161,500000
5831,171176689,6380
5832,171176689,12910
5833,6069161,500000
5834,6069161,500000
5835,171176689,11170
5836,171176689,6670
5837,6069161,500000
5838,6069161,500000
5839,171176689,8270
5840,6069161,500000
5841,6069161,500000
5842,171176689,16240
5843,6069161,500000
5844,171176689,7100
5845,171176689,7680
5846,6069161,500000
5847,171176689,6820
5848,171176689,4940
5849,6069161,500000
5850,6069161,500000
5851,171176689,20590
5852,6069161,500000
5853,6069161,500000
5854,171176689,9130
5855,6069161,500000
5856,6069161,500000
5857,171176689,6960
5858,6069160,500000
5859,171176689,7680
5860,6069160,500000
5861,6069160,500000
5862,6069160,500000
5863,171176689,6960
5864,6069160,500000
5865,6069160,500000
5866,171176689,6670
5867,6069160,500000
5868,6069160,500000
5869,6069160,500000
5870,6069160,500000
5871,6069160,500000
5872,6069160,500000
5873,171176689,12030
5874,171176689,5800
5875,6069160,500000
5876,171176689,40460
5877,171176689,7100
5878,6069160,500000
5879,6069160,500000
5880,6069160,500000
5881,6069160,500000
5882,6069160,500000
5883,6069160,500000
5884,6069160,500000
5885,171176689,5950
5886,171176689,20160
5887,6069160,500000
5888,6069160,500000
5889,6069160,500000
5890,6069160,500000
5891,6069160,500000
5892,171176689,8550
5893,6069160,500000
5894,6069160,500000
5895,171176689,11320
5896,171176689,9130
5897,171176689,7250
5898,6069160,500000
5899,171176689,6380
5900,6069160,500000
5901,6069160,500000
5902,6069160,500000
5903,171176689,5370
5904,171176689,8120
5905,6069160,500000
5906,171176689,5650
5907,6069160,500000
5908,6069160,500000
5909,6069160,500000
5910,6069160,500000
5911,171176689,43060
5912,6069160,500000
5913,6069160,500000
5914,6069160,500000
5915,171176689,8700
5916,171176689,9000
5917,171176689,5080
5918,6069160,500000
5919,6069160,500000
5920,6069160,500000
5921,171176689,9430
5922,6069160,500000
5923,6069160,500000
5924,6069160,500000
5925,6069160,500000
5926,171176689,5650
5927,171176689,21170
5928,171176689,8850
5929,6069160,500000
5930,6069160,500000
5931,6069160,500000
5932,6069160,500000
5933,171176689,4640
5934,6069160,500000
5935,171176689,12470
5936,6069160,500000
5937,6069160,500000
5938,6069160,500000
5939,6069160,500000
5940,171176689,4640
5941,171176689,5800
5942,6069160,500000
5943,171176689,6530
5944,6069160,500000
5945,6069160,500000
5946,171176689,7400
5947,6069160,500000
5948,171176689,15230
5949,6069160,500000
5950,6069160,500000
5951,6069160,500000
5952,6069160,500000
5953,6069160,500000
5954,6069160,500000
5955,171176689,7250
5956,171176689,4640
5957,171176689,6530
5958,6069160,500000
5959,6069160,500000
5960,6069160,500000
5961,171176689,6380
5962,6069160,500000
5963,6069160,500000
5964,171176689,4510
5965,6069160,500000
5966,6069160,500000
5967,171176689,13050
5968,171176689,5080
5969,6069160,500000
5970,6069160,500000
5971,6069160,500000
5972,171176689,7250
5973,6069160,500000
5974,171176689,6380
5975,6069160,500000
5976,171176689,5950
5977,6069160,500000
5978,171176689,7680
5979,6069160,500000
5980,171176689,11180
5981,171176689,7830
5982,171176689,10880
5983,171176689,6090
5984,6069160,500000
5985,6069160,500000
5986,6069160,500000
5987,6069160,500000
5988,6069160,500000
5989,171176689,5530
5990,6069160,500000
5991,171176689,6960
5992,6069160,500000
5993,6069160,500000
5994,171176689,36110
5995,171176689,5810
5996,6069160,500000
5997,6069160,500000
5998,6069160,500000
5999,6069160,500000
6000,6069160,500000
6001,171176689,8410
6002,171176689,21170
6003,6069160,500000
6004,6069160,500000
6005,6069160,500000
6006,6069160,500000
6007,171176689,8850
6008,171176689,5650
6009,171176689,5650
6010,6069160,500000
6011,6069160,500000
6012,6069160,500000
6013,6069160,500000
6014,6069160,500000
6015,6069160,500000
6016,6069160,500000
6017,6069160,500000
6018,6069160,500000
6019,6069160,500000
6020,6069160,500000
6021,6069160,500000
6022,171176689,7540
6023,171176689,8990
6024,6069160,500000
6025,6069160,500000
6026,6069160,500000
6027,171176689,8410
6028,171176689,4790
6029,6069160,500000
6030,6069160,500000
6031,171176689,12760
6032,6069160,500000
6033,6069160,500000
6034,6069160,500000
6035,6069160,500000
6036,6069160,500000
6037,171176689,45680
6038,6069160,500000
6039,6069160,500000
6040,6069160,500000
6041,6069160,500000
6042,171176689,7250
6043,171176689,6090
6044,6069160,500000
6045,171176689,8550
6046,6069160,500000
6047,6069160,500000
6048,171176689,18560
6049,6069160,500000
6050,171176689,5510
6051,6069160,500000
6052,6069160,500000
6053,6069160,500000
6054,6069160,500000
6055,171176689,37840
6056,171176689,12760
6057,6069160,500000
6058,171176689,8700
6059,6069160,500000
6060,6069160,500000
6061,171176689,10300
6062,6069160,500000
6063,6069160,500000
6064,6069160,500000
6065,6069160,500000
6066,6069160,500000
6067,171176689,5510
6068,171176689,8550
6069,6069160,500000
6070,6069160,500000
6071,171176689,9720
6072,171176689,6110
6073,171176689,8700
6074,6069160,500000
6075,171176689,8410
6076,6069160,500000
6077,6069160,500000
6078,171176689,12760
6079,6069160,500000
6080,171176689,6380
6081,6069160,500000
6082,6069160,500000
6083,6069160,500000
6084,6069160,500000
6085,6069160,500000
6086,6069160,500000
6087,6069160,500000
6088,171176689,5510
6089,171176689,23490
6090,6069160,500000
6091,6069160,500000
6092,6069160,500000
6093,6069160,500000
6094,6069160,500000
6095,6069160,500000
6096,6069160,500000
6097,171176689,8850
6098,6069160,500000
6099,171176689,8550
6100,6069160,500000
6101,6069160,500000
6102,171176689,9130
6103,171176689,5800
6104,6069160,500000
6105,171176689,7400
6106,171176689,7100
6107,6069160,500000
6108,171176689,7980
6109,6069160,500000
6110,6069160,500000
6111,6069160,500000
6112,6069160,500000
6113,6069160,500000
6114,6069160,500000
6115,6069160,500000
6116,6069160,500000
6117,6069160,500000
6118,171176689,10150
6119,6069160,500000
6120,6069160,500000
6121,6069160,500000
6122,171176689,8410
6123,171176689,7400
6124,171176689,11600
6125,6069160,500000
6126,171176689,6820
6127,6069160,500000
6128,6069160,500000
6129,6069160,500000
6130,171176689,47710
6131,171176689,5950
6132,6069160,500000
6133,6069160,500000
6134,6069160,500000
6135,171176689,8550
6136,6069160,500000
6137,6069160,500000
6138,171176689,12330
6139,171176689,7400
6140,6069160,500000
6141,6069160,500000
6142,171176689,9570
6143,6069160,500000
6144,171176689,12030
6145,171176689,5800
6146,6069160,500000
6147,6069160,500000
6148,6069160,500000
6149,6069160,500000
6150,6069160,500000
6151,171176689,8850
6152,171176689,8120
6153,171176689,6240
6154,6069160,500000
6155,6069160,500000
6156,171176689,5220
6157,6069160,500000
6158,6069160,500000
6159,6069160,500000
6160,6069160,500000
6161,6069160,500000
6162,171176689,42780
6163,6069160,500000
6164,6069160,500000
6165,6069160,500000
6166,6069160,500000
6167,6069160,500000
6168,171176689,5800
6169,6069160,500000
6170,171176689,6090
6171,6069160,500000
6172,171176689,24080
6173,6069160,500000
6174,6069160,500000
6175,6069160,500000
6176,6069160,500000
6177,171176689,7980
6178,6069160,500000
6179,6069160,500000
6180,171176689,6820
6181,6069160,500000
6182,171176689,5220
6183,171176689,6960
6184,171176689,7830
6185,6069160,500000
6186,6069160,500000
6187,171176689,8420
6188,6069160,500000
6189,171176689,6090
6190,6069160,500000
6191,171176689,8700
6192,6069160,500000
6193,6069160,500000
6194,6069160,500000
6195,6069160,500000
6196,6069160,500000
6197,6069160,500000
6198,6069160,500000
6199,6069160,500000
6200,6069160,500000
6201,6069160,500000
6202,6069160,500000
6203,6069160,500000
6204,171176689,7830
6205,6069160,500000
6206,171176689,12470
6207,6069160,500000
6208,6069160,500000
6209,171176689,5950
6210,6069160,500000
6211,6069160,500000
6212,171176689,12910
6213,6069160,500000
6214,6069160,500000
6215,6069160,500000
6216,6069160,500000
6217,171176689,4500
6218,6069160,500000
6219,6069160,500000
6220,6069160,500000
6221,6069160,500000
6222,171176689,9860
6223,171176689,14210
6224,6069160,500000
6225,6069160,500000
6226,171176689,10000
6227,6069160,500000
6228,171176689,6530
6229,6069160,500000
6230,6069160,500000
6231,6069160,500000
6232,6069160,500000
6233,6069160,500000
6234,171176689,21460
6235,6069160,500000
6236,171176689,17830
6237,171176689,6380
6238,171176689,8270
6239,6069160,500000
6240,6069160,500000
6241,171176689,4790
6242,6069160,500000
6243,6069160,500000
6244,6069160,500000
6245,6069160,500000
6246,6069160,500000
6247,6069160,500000
6248,6069160,500000
6249,6069160,500000
6250,6069160,500000
6251,6069160,500000
6252,171176689,6670
6253,6069160,500000
6254,171176689,28280
6255,6069160,500000
6256,6069160,500000
6257,6069160,500000
6258,6069160,500000
6259,171176689,77430
6260,6069160,500000
6261,6069160,500000
6262,171176689,8270
6263,6069160,500000
6264,6069160,500000
6265,171176689,4930
6266,171176689,6530
6267,171176689,5510
6268,6069160,500000
6269,6069160,500000
6270,171176689,9720
6271,171176689,8410
6272,6069160,500000
6273,6069160,500000
6274,171176689,10730
6275,6069160,500000
6276,6069160,500000
6277,171176689,8270
6278,171176689,13630
6279,171176689,12760
6280,171176689,6820
6281,6069160,500000
6282,6069160,500000
6283,6069160,500000
6284,6069160,500000
6285,6069160,500000
6286,6069160,500000
6287,171176689,24510
6288,171176689,7400
6289,171176689,7100
6290,6069160,500000
6291,171176689,5080
6292,171176689,5220
6293,171176689,8270
6294,6069160,500000
6295,171176689,18990
6296,6069160,500000
6297,6069160,500000
6298,6069160,500000
6299,171176689,7980
6300,6069160,500000
6301,171176689,10300
6302,6069160,500000
6303,6069160,500000
6304,6069160,500000
6305,171176689,13480
6306,6069160,500000
6307,6069160,500000
6308,6069160,500000
6309,6069160,500000
6310,6069160,500000
6311,6069160,500000
6312,6069160,500000
6313,6069160,500000
6314,171176689,9720
6315,171176689,8990
6316,171176689,4350
6317,171176689,15370
6318,6069160,500000
6319,171176689,8550
6320,6069160,500000
6321,6069160,500000
6322,6069160,500000
6323,6069160,500000
6324,171176689,11890
6325,6069160,500000
6326,6069160,500000
6327,6069160,500000
6328,6069160,500000
6329,6069160,500000
6330,6069160,500000
6331,6069160,500000
6332,171176689,8990
6333,171176689,5220
6334,171176689,11170
6335,6069160,500000
6336,6069160,500000
6337,6069160,500000
6338,6069160,500000
6339,171176689,8550
6340,6069160,500000
6341,6069160,500000
6342,6069160,500000
6343,171176689,9570
6344,171176689,19580
6345,171176689,9430
6346,6069160,500000
6347,6069160,500000
6348,6069160,500000
6349,171176689,19870
6350,6069160,500000
6351,6069160,500000
6352,6069160,500000
6353,6069160,500000
6354,171176689,21890
6355,6069160,500000
6356,171176689,7980
6357,171176689,8270
6358,171176689,8550
6359,171176689,6380
6360,171176689,9720
6361,6069160,500000
6362,171176689,9130
6363,171176689,6390
6364,171176689,6380
6365,171176689,10000
6366,171176689,6820
6367,6069160,500000
6368,6069160,500000
6369,6069160,500000
6370,6069160,500000
6371,171176689,7400
6372,171176689,7100
6373,6069160,500000
6374,171176689,9430
6375,6069160,500000
6376,6069160,500000
6377,6069160,500000
6378,6069160,500000
6379,171176689,7250
6380,6069160,500000
6381,6069160,500000
6382,6069160,500000
6383,6069160,500000
6384,171176689,16090
6385,6069160,500000
6386,6069160,500000
6387,171176689,8120
6388,6069160,500000
6389,171176689,10000
6390,6069160,500000
6391,171176689,8700
6392,6069160,500000
6393,171176689,8700
6394,6069160,500000
6395,6069160,500000
6396,6069160,500000
6397,171176689,6240
6398,171176689,8550
6399,6069160,500000
6400,6069160,500000
6401,171176689,44230
6402,6069160,500000
6403,171176689,7100
6404,171176689,7680
6405,171176689,4200
6406,6069160,500000
6407,171176689,8990
6408,6069160,500000
6409,171176689,6090
6410,171176689,8140
6411,6069160,500000
6412,171176689,15080
6413,6069160,500000
6414,171176689,10580
6415,171176689,17260
6416,171176689,10580
6417,171176689,7540
6418,171176689,10150
6419,6069160,500000
6420,6069160,500000
6421,171176689,6380
6422,6069160,500000
6423,6069160,500000
6424,171176689,6960
6425,171176689,5220
6426,171176689,12470
6427,6069160,500000
6428,6069160,500000
6429,171176689,14960
6430,171176689,8270
6431,6069160,500000
6432,6069160,500000
6433,6069160,500000
6434,6069160,500000
6435,6069160,500000
6436,6069160,500000
6437,171176689,11910
6438,6069160,500000
6439,171176689,5370
6440,171176689,4930
6441,171176689,7980
6442,171176689,6530
6443,6069160,500000
6444,6069160,500000
6445,171176689,5800
6446,171176689,7260
6447,171176689,5510
6448,6069160,500000
6449,6069160,500000
6450,171176689,16240
6451,6069160,500000
6452,171176689,6670
6453,6069160,500000
6454,6069160,500000
6455,6069160,500000
6456,6069160,500000
6457,171176689,9280
6458,171176689,8120
6459,6069160,500000
6460,6069160,500000
6461,171176689,5650
6462,171176689,23200
6463,6069160,500000
6464,6069160,500000
6465,6069160,500000
6466,6069160,500000
6467,171176689,7680
6468,171176689,10440
6469,6069160,500000
6470,6069160,500000
6471,171176689,5650
6472,171176689,7680
6473,171176689,6380
6474,6069160,500000
6475,6069160,500000
6476,6069160,500000
6477,6069160,500000
6478,6069160,500000
6479,171176689,6820
6480,6069160,500000
6481,171176689,7250
6482,171176689,6530
6483,6069160,500000
6484,6069160,500000
6485,171176689,4640
6486,171176689,5950
6487,171176689,10580
6488,6069160,500000
6489,171176689,9860
6490,6069160,500000
6491,6069160,500000
6492,171176689,23500
6493,6069160,500000
6494,6069160,500000
6495,171176689,6090
6496,6069160,500000
6497,6069160,500000
6498,6069160,500000
6499,6069160,500000
6500,171176689,41180
6501,171176689,5800
6502,171176689,28860
6503,171176689,83810
6504,171176689,4640
6505,6069160,500000
6506,6069160,500000
6507,6069160,500000
6508,171176689,21890
6509,171176689,6670
6510,171176689,14210
6511,171176689,7540
6512,171176689,6240
6513,6069160,500000
6514,6069160,500000
6515,6069160,500000
6516,6069160,500000
6517,6069160,500000
6518,6069160,500000
6519,6069160,500000
6520,171176689,7980
6521,6069160,500000
6522,171176689,4500
6523,6069160,500000
6524,6069160,500000
6525,6069160,500000
6526,171176689,20440
6527,6069160,500000
6528,171176689,10880
6529,6069160,500000
6530,171176689,6670
6531,6069160,500000
6532,171176689,4350
6533,6069160,500000
6534,171176689,7830
6535,171176689,11170
6536,6069160,500000
6537,6069160,500000
6538,6069160,500000
6539,6069160,500000
6540,171176689,10630
6541,6069160,500000
6542,6069160,500000
6543,171176689,7680
6544,6069160,500000
6545,6069160,500000
6546,6069160,500000
6547,171176689,7250
6548,6069160,500000
6549,6069160,500000
6550,6069160,500000
6551,6069160,500000
6552,6069160,500000
6553,6069160,500000
6554,171176689,4640
6555,6069160,500000
6556,6069160,500000
6557,6069160,500000
6558,6069160,500000
6559,6069160,500000
6560,6069160,500000
6561,6069160,500000
6562,6069160,500000
6563,6069160,500000
6564,6069160,500000
6565,6069160,500000
6566,171176689,7850
6567,6069160,500000
6568,6069160,500000
6569,171176689,5510
6570,6069160,500000
6571,6069160,500000
6572,6069160,500000
6573,171176689,9430
6574,171176689,13050
6575,171176689,8850
6576,6069160,500000
6577,171176689,12470
6578,171176689,9570
6579,171176689,6240
6580,6069160,500000
6581,171176689,10580
6582,6069160,500000
6583,171176689,7980
6584,6069160,500000
6585,171176689,7980
6586,6069160,500000
6587,171176689,10350
6588,171176689,8990
6589,6069160,500000
6590,6069160,500000
6591,6069160,500000
6592,6069160,500000
6593,171176689,4930
6594,6069160,500000
6595,6069160,500000
6596,6069160,500000
6597,6069160,500000
6598,6069160,500000
6599,6069160,500000
6600,6069160,500000
6601,6069160,500000
6602,6069160,500000
6603,6069160,500000
6604,6069160,500000
6605,6069160,500000
6606,6069160,500000
6607,171176689,20180
6608,6069160,500000
6609,6069160,500000
6610,171176689,9430
6611,171176689,4350
6612,6069160,500000
6613,171176689,5370
6614,6069160,500000
6615,6069160,500000
6616,6069160,500000
6617,6069160,500000
6618,171176689,20350
6619,6069160,500000
6620,6069160,500000
6621,6069160,500000
6622,6069160,500000
6623,6069160,500000
6624,171176689,5220
6625,6069160,500000
6626,6069160,500000
6627,171176689,4790
6628,6069160,500000
6629,171176689,8120
6630,6069160,500000
6631,6069160,500000
6632,6069160,500000
6633,6069160,500000
6634,171176689,5220
6635,6069160,500000
6636,6069160,500000
6637,171176689,7680
6638,171176689,15080
6639,171176689,7250
6640,6069160,500000
6641,6069160,500000
6642,6069160,500000
6643,6069160,500000
6644,6069160,500000
6645,171176689,10880
6646,171176689,5950
6647,6069160,500000
6648,6069160,500000
6649,171176689,4060
6650,6069160,500000
6651,171176689,3910
6652,171176689,10300
6653,6069160,500000
6654,6069160,500000
6655,6069160,500000
6656,6069160,500000
6657,6069160,500000
6658,6069160,500000
6659,6069160,500000
6660,6069160,500000
6661,6069160,500000
6662,6069160,500000
6663,6069160,500000
6664,171176689,4790
6665,6069160,500000
6666,171176689,7540
6667,171176689,8990
6668,6069160,500000
6669,171176689,4930
6670,171176689,4500
6671,6069160,500000
6672,171176689,5370
6673,6069160,500000
6674,6069160,500000
6675,171176689,11020
6676,171176689,11600
6677,6069160,500000
6678,171176689,13780
6679,6069160,500000
6680,6069160,500000
6681,6069160,500000
6682,171176689,12760
6683,171176689,6530
6684,6069160,500000
6685,6069160,500000
6686,6069160,500000
6687,6069160,500000
6688,171176689,12330
6689,6069160,500000
6690,6069160,500000
6691,6069160,500000
6692,6069160,500000
6693,6069160,500000
6694,171176689,8410
6695,171176689,8270
6696,6069160,500000
6697,6069160,500000
6698,6069160,500000
6699,6069160,500000
6700,171176689,21460
6701,171176689,6380
6702,6069160,500000
6703,171176689,37700
6704,171176689,12470
6705,171176689,12330
6706,6069160,500000
6707,6069160,500000
6708,171176689,24510
6709,6069160,500000
6710,6069160,500000
6711,6069160,500000
6712,6069160,500000
6713,6069160,500000
6714,6069160,500000
6715,6069160,500000
6716,6069160,500000
6717,171176689,14640
6718,6069160,500000
6719,171176689,8550
6720,171176689,11600
6721,6069160,500000
6722,6069160,500000
6723,6069160,500000
6724,6069160,500000
6725,171176689,6530
6726,6069160,500000
6727,171176689,6090
6728,6069160,500000
6729,6069160,500000
6730,171176689,6670
6731,6069160,500000
6732,171176689,4640
6733,171176689,7830
6734,171176689,7100
6735,171176689,7250
6736,171176689,5220
6737,6069160,500000
6738,6069160,500000
6739,6069160,500000
6740,6069160,500000
6741,171176689,18710
6742,6069160,500000
6743,171176689,12340
6744,6069160,500000
6745,6069160,500000
6746,171176689,6820
6747,6069160,500000
6748,6069160,500000
6749,171176689,4350
6750,6069160,500000
6751,6069160,500000
6752,171176689,8700
6753,6069160,500000
6754,6069160,500000
6755,6069160,500000
6756,6069160,500000
6757,6069160,500000
6758,6069160,500000
6759,171176689,14070
6760,171176689,9660
6761,6069160,500000
6762,6069160,500000
6763,171176689,6820
6764,6069160,500000
6765,171176689,3910
6766,6069160,500000
6767,6069160,500000
6768,6069160,500000
6769,171176689,7400
6770,6069160,500000
6771,171176689,7680
6772,6069160,500000
6773,171176689,7830
6774,171176689,7680
6775,6069160,500000
6776,171176689,4930
6777,6069160,500000
6778,171176689,6960
6779,6069160,500000
6780,6069160,500000
6781,171176689,11170
6782,6069160,500000
6783,6069160,500000
6784,171176689,12620
6785,171176689,8850
6786,6069160,500000
6787,6069160,500000
6788,6069160,500000
6789,6069160,500000
6790,171176689,5080
6791,6069160,500000
6792,171176689,7400
6793,171176689,10440
6794,6069160,500000
6795,6069160,500000
6796,6069160,500000
6797,6069160,500000
6798,6069160,500000
6799,171176689,14500
6800,6069160,500000
6801,6069160,500000
6802,6069160,500000
6803,171176689,11890
6804,171176689,6960
6805,6069160,500000
6806,6069160,500000
6807,6069160,500000
6808,6069160,500000
6809,6069160,500000
6810,6069160,500000
6811,6069160,500000
6812,6069160,500000
6813,171176689,6820
6814,6069160,500000
6815,171176689,9720
6816,6069160,500000
6817,6069160,500000
6818,171176689,3920
6819,6069160,500000
6820,6069160,500000
6821,6069160,500000
6822,6069160,500000
6823,6069160,500000
6824,6069160,500000
6825,6069160,500000
6826,6069160,500000
6827,6069160,500000
6828,6069160,500000
6829,6069160,500000
6830,6069160,500000
6831,6069160,500000
6832,6069160,500000
6833,6069160,500000
6834,6069160,500000
6835,6069160,500000
6836,6069160,500000
6837,171176689,7400
6838,6069160,500000
6839,171176689,15950
6840,171176689,5650
6841,6069160,500000
6842,171176689,7680
6843,171176689,14930
6844,6069160,500000
6845,171176689,7540
6846,6069160,500000
6847,6069160,500000
6848,171176689,7680
6849,171176689,14930
6850,171176689,11170
6851,171176689,10730
6852,6069160,500000
6853,6069160,500000
6854,6069160,500000
6855,171176689,7980
6856,171176689,4840
6857,171176689,13340
6858,171176689,5220
6859,171176689,21460
6860,171176689,40600
6861,171176689,6820
6862,171176689,19870
6863,171176689,6530
6864,6069160,500000
6865,6069160,500000
6866,6069160,500000
6867,6069160,500000
6868,6069160,500000
6869,6069160,500000
6870,6069160,500000
6871,6069160,500000
6872,171176689,11890
6873,171176689,4500
6874,6069160,500000
6875,6069160,500000
6876,6069160,500000
6877,171176689,13920
6878,6069160,500000
6879,6069160,500000
6880,171176689,6960
6881,6069160,500000
6882,171176689,8700
6883,171176689,7540
6884,171176689,5650
6885,6069160,500000
6886,171176689,14360
6887,171176689,53940
6888,6069160,500000
6889,171176689,6820
6890,6069160,500000
6891,6069160,500000
6892,6069160,500000
6893,171176689,6540
6894,6069160,500000
6895,6069160,500000
6896,6069160,500000
6897,171176689,8120
6898,171176689,7100
6899,6069160,500000
6900,171176689,4500
6901,6069160,500000
6902,6069160,500000
6903,171176689,7250
6904,171176689,7250
6905,6069160,500000
6906,6069160,500000
6907,6069160,500000
6908,6069160,500000
6909,6069160,500000
6910,6069160,500000
6911,6069160,500000
6912,6069160,500000
6913,171176689,5080
6914,171176689,6090
6915,6069160,500000
6916,171176689,11750
6917,171176689,7100
6918,6069160,500000
6919,6069160,500000
6920,6069160,500000
6921,6069160,500000
6922,171176689,11890
6923,6069160,500000
6924,6069160,500000
6925,6069160,500000
6926,6069160,500000
6927,6069160,500000
6928,171176689,4790
6929,6069160,500000
6930,171176689,7100
6931,6069160,500000
6932,171176689,11600
6933,6069160,500000
6934,171176689,7980
6935,6069160,500000
6936,6069160,500000
6937,171176689,7680
6938,6069160,500000
6939,171176689,13920
6940,6069160,500000
6941,6069160,500000
6942,6069160,500000
6943,6069160,500000
6944,171176689,12760
6945,6069160,500000
6946,171176689,8410
6947,171176689,5800
6948,171176689,21320
6949,171176689,10580
6950,6069160,500000
6951,6069160,500000
6952,6069160,500000
6953,171176689,7540
6954,171176689,4350
6955,171176689,5510
6956,6069160,500000
6957,6069160,500000
6958,6069160,500000
6959,171176689,9280
6960,6069160,500000
6961,6069160,500000
6962,6069160,500000
6963,6069160,500000
6964,171176689,4060
6965,6069160,500000
6966,6069160,500000
6967,6069160,500000
6968,171176689,12030
6969,6069160,500000
6970,171176689,7830
6971,171176689,20740
6972,6069160,500000
6973,171176689,6530
6974,6069160,500000
6975,171176689,3770
6976,171176689,5800
6977,6069160,500000
6978,6069160,500000
6979,171176689,7830
6980,6069160,500000
6981,6069160,500000
6982,6069160,500000
6983,171176689,7540
6984,171176689,7980
6985,6069160,500000
6986,6069160,500000
6987,6069160,500000
6988,171176689,4060
6989,6069160,500000
6990,171176689,5220
6991,171176689,8990
6992,6069160,500000
6993,6069160,500000
6994,6069160,500000
6995,171176689,9570
6996,6069160,500000
6997,171176689,14790
6998,6069160,500000
6999,171176689,20300
7000,6069160,500000
7001,171176689,6820
7002,6069160,500000
7003,171176689,11170
7004,171176689,8120
7005,6069160,500000
7006,6069160,500000
7007,171176689,4800
7008,6069160,500000
7009,6069160,500000
7010,6069160,500000
7011,171176689,7250
7012,6069160,500000
7013,6069160,500000
7014,6069160,500000
7015,6069160,500000
7016,171176689,19430
7017,6069160,500000
7018,6069160,500000
7019,6069160,500000
7020,6069160,500000
7021,6069160,500000
7022,6069160,500000
7023,6069160,500000
7024,6069160,500000
7025,6069160,500000
7026,6069160,500000
7027,6069160,500000
7028,6069160,500000
7029,171176689,6960
7030,171176689,8550
7031,6069160,500000
7032,171176689,7400
7033,6069160,500000
7034,6069160,500000
7035,6069160,500000
7036,171176689,11750
7037,6069160,500000
7038,171176689,20010
7039,6069160,500000
7040,6069160,500000
7041,171176689,6240
7042,171176689,6670
7043,171176689,28860
7044,6069160,500000
7045,6069160,500000
7046,171176689,10880
7047,171176689,8700
7048,6069160,500000
7049,6069160,500000
7050,171176689,6090
7051,171176689,24790
7052,171176689,18990
7053,6069160,500000
7054,6069160,500000
7055,6069160,500000
7056,171176689,7980
7057,171176689,6670
7058,171176689,7980
7059,171176689,6960
7060,6069160,500000
7061,6069160,500000
7062,6069160,500000
7063,6069160,500000
7064,6069160,500000
7065,171176689,8990
7066,6069160,500000
7067,6069160,500000
7068,171176689,7100
7069,6069160,500000
7070,6069160,500000
7071,171176689,5080
7072,171176689,5510
7073,171176689,10150
7074,171176689,7830
7075,171176689,6820
7076,6069160,500000
7077,6069160,500000
7078,171176689,6960
7079,6069160,500000
7080,171176689,8700
7081,6069160,500000
7082,6069160,500000
7083,6069160,500000
7084,6069160,500000
7085,6069160,500000
7086,6069160,500000
7087,6069160,500000
7088,171176689,9280
7089,171176689,6090
7090,6069160,500000
7091,6069160,500000
7092,6069160,500000
7093,171176689,4500
7094,6069160,500000
7095,6069160,500000
7096,171176689,12760
7097,6069160,500000
7098,6069160,500000
7099,6069160,500000
7100,171176689,10300
7101,171176689,12620
7102,6069160,500000
7103,171176689,12910
7104,6069160,500000
7105,6069160,500000
7106,171176689,5370
7107,6069160,500000
7108,171176689,8270
7109,171176689,8410
7110,6069160,500000
7111,171176689,17400
7112,6069160,500000
7113,6069160,500000
7114,6069160,500000
7115,6069160,500000
7116,6069160,500000
7117,171176689,7540
7118,6069160,500000
7119,171176689,6530
7120,171176689,8270
7121,6069160,500000
7122,6069160,500000
7123,6069160,500000
7124,171176689,6530
7125,6069160,500000
7126,6069160,500000
7127,171176689,9290
7128,6069160,500000
7129,6069160,500000
7130,6069160,500000
7131,171176689,9430
7132,6069160,500000
7133,171176689,6380
7134,6069160,500000
7135,6069160,500000
7136,6069160,500000
7137,6069160,500000
7138,171176689,13630
7139,6069160,500000
7140,171176689,7680
7141,6069160,500000
7142,6069160,500000
7143,171176689,8700
7144,6069160,500000
7145,6069160,500000
7146,6069160,500000
7147,6069160,500000
7148,171176689,3910
7149,171176689,6240
7150,171176689,7400
7151,6069160,500000
7152,171176689,5650
7153,6069160,500000
7154,6069160,500000
7155,6069160,500000
7156,171176689,5080
7157,171176689,5510
7158,171176689,14930
7159,171176689,5080
7160,171176689,11310
7161,6069160,500000
7162,171176689,16090
7163,6069160,500000
7164,6069160,500000
7165,6069160,500000
7166,171176689,5800
7167,6069160,500000
7168,6069160,500000
7169,6069160,500000
7170,6069160,500000
7171,6069160,500000
7172,6069160,500000
7173,6069160,500000
7174,6069160,500000
7175,171176689,11310
7176,6069160,500000
7177,6069160,500000
7178,171176689,23200
7179,6069160,500000
7180,6069160,500000
7181,6069160,500000
7182,171176689,15950
7183,6069160,500000
7184,6069160,500000
7185,171176689,5950
7186,6069160,500000
7187,171176689,9430
7188,6069160,500000
7189,171176689,6820
7190,6069160,500000
7191,171176689,7540
7192,6069160,500000
7193,171176689,6530
7194,171176689,7680
7195,171176689,8850
7196,6069160,500000
7197,6069160,500000
7198,171176689,13340
7199,6069160,500000
7200,6069160,500000
7201,171176689,8990
7202,6069160,500000
7203,171176689,8180
7204,6069160,500000
7205,6069160,500000
7206,6069160,500000
7207,171176689,10580
7208,171176689,5650
7209,6069160,500000
7210,171176689,9570
7211,171176689,10000
7212,171176689,7400
7213,171176689,11600
7214,6069160,500000
7215,6069160,500000
7216,6069160,500000
7217,6069160,500000
7218,6069160,500000
7219,6069160,500000
7220,6069160,500000
7221,6069160,500000
7222,6069160,500000
7223,6069160,500000
7224,171176689,7680
7225,6069160,500000
7226,6069160,500000
7227,171176689,12180
7228,6069160,500000
7229,171176689,15670
7230,171176689,27110
7231,171176689,10150
7232,6069160,500000
7233,6069160,500000
7234,6069160,500000
7235,6069160,500000
7236,6069160,500000
7237,171176689,7250
7238,6069160,500000
7239,6069160,500000
7240,6069160,500000
7241,6069160,500000
7242,6069160,500000
7243,171176689,11600
7244,6069160,500000
7245,6069160,500000
7246,171176689,7830
7247,171176689,7400
7248,6069160,500000
7249,6069160,500000
7250,6069160,500000
7251,171176689,13780
7252,6069160,500000
7253,6069160,500000
7254,6069160,500000
7255,6069160,500000
7256,6069160,500000
7257,171176689,16970
7258,6069160,500000
7259,6069160,500000
7260,6069160,500000
7261,6069160,500000
7262,171176689,11020
7263,6069160,500000
7264,6069160,500000
7265,6069160,500000
7266,6069160,500000
7267,6069160,500000
7268,6069160,500000
7269,6069160,500000
7270,6069160,500000
7271,6069160,500000
7272,6069160,500000
7273,6069160,500000
7274,171176689,4650
7275,171176689,13340
7276,6069160,500000
7277,171176689,5510
7278,6069160,500000
7279,171176689,12030
7280,6069160,500000
7281,171176689,9280
7282,171176689,7980
7283,171176689,6670
7284,171176689,8270
7285,6069160,500000
7286,6069160,500000
7287,6069160,500000
7288,171176689,3770
7289,6069160,500000
7290,171176689,14070
7291,6069160,500000
7292,6069160,500000
7293,6069160,500000
7294,6069160,500000
7295,6069160,500000
7296,171176689,13630
7297,6069160,500000
7298,6069160,500000
7299,171176689,5220
7300,171176689,5650
7301,6069160,500000
7302,6069160,500000
7303,6069160,500000
7304,6069160,500000
7305,6069160,500000
7306,6069160,500000
7307,6069160,500000
7308,171176689,7830
7309,171176689,4500
7310,171176689,11020
7311,6069160,500000
7312,6069160,500000
7313,171176689,5510
7314,6069160,500000
7315,171176689,5650
7316,6069160,500000
7317,6069160,500000
7318,6069160,500000
7319,171176689,17400
7320,6069160,500000
7321,171176689,10000
7322,171176689,5510
7323,171176689,9570
7324,171176689,7680
7325,6069160,500000
7326,171176689,10000
7327,6069160,500000
7328,6069160,500000
7329,171176689,9720
7330,6069160,500000
7331,6069160,500000
7332,6069160,500000
7333,6069160,500000
7334,171176689,17980
7335,171176689,4500
7336,171176689,9130
7337,171176689,9720
7338,6069160,500000
7339,171176689,5650
7340,171176689,19430
7341,6069160,500000
7342,171176689,5510
7343,171176689,7100
7344,6069160,500000
7345,6069160,500000
7346,6069160,500000
7347,6069160,500000
7348,171176689,10730
7349,6069160,500000
7350,6069160,500000
7351,171176689,4500
7352,6069160,500000
7353,6069160,500000
7354,6069160,500000
7355,6069160,500000
7356,6069160,500000
7357,6069160,500000
7358,171176689,5800
7359,6069160,500000
7360,6069160,500000
7361,6069160,500000
7362,6069160,500000
7363,171176689,5370
7364,6069160,500000
7365,6069160,500000
7366,6069160,500000
7367,6069160,500000
7368,6069160,500000
7369,171176689,6960
7370,171176689,7690
7371,171176689,5950
7372,6069160,500000
7373,6069160,500000
7374,6069160,500000
7375,171176689,6090
7376,171176689,6820
7377,6069160,500000
7378,6069160,500000
7379,6069160,500000
7380,6069160,500000
7381,6069160,500000
7382,6069160,500000
7383,6069160,500000
7384,171176689,8990
7385,171176689,7110
7386,6069160,500000
7387,171176689,6090
7388,6069160,500000
7389,171176689,6670
7390,171176689,5220
7391,171176689,8270
7392,171176689,5510
7393,171176689,8120
7394,171176689,12030
7395,6069160,500000
7396,171176689,16090
7397,6069160,500000
7398,171176689,10580
7399,171176689,9860
7400,6069160,500000
7401,6069160,500000
7402,6069160,500000
7403,6069160,500000
7404,171176689,4200
7405,171176689,77000
7406,171176689,4790
7407,171176689,6530
7408,171176689,9860
7409,171176689,6530
7410,6069160,500000
7411,171176689,35670
7412,6069160,500000
7413,171176689,6240
7414,6069160,500000
7415,6069160,500000
7416,6069160,500000
7417,6069160,500000
7418,6069160,500000
7419,6069160,500000
7420,6069160,500000
7421,6069160,500000
7422,171176689,6240
7423,6069160,500000
7424,6069160,500000
7425,6069160,500000
7426,6069160,500000
7427,6069160,500000
7428,171176689,7100
7429,6069160,500000
7430,6069160,500000
7431,171176689,8120
7432,171176689,10880
7433,171176689,14500
7434,6069160,500000
7435,6069160,500000
7436,171176689,7100
7437,171176688,9130
7438,6069160,500000
7439,6069160,500000
7440,6069160,500000
7441,6069160,500000
7442,6069160,500000
7443,6069160,500000
7444,171176688,6530
7445,6069160,500000
7446,6069160,500000
7447,6069160,500000
7448,6069160,500000
7449,171176688,6240
7450,6069160,500000
7451,6069160,500000
7452,171176688,8850
7453,6069160,500000
7454,6069160,500000
7455,171176688,9280
7456,6069160,500000
7457,171176688,4930
7458,6069160,500000
7459,6069160,500000
7460,171176688,6820
7461,6069160,500000
7462,171176688,6980
7463,6069160,500000
7464,171176688,5510
7465,6069160,500000
7466,6069160,500000
7467,6069160,500000
7468,6069160,500000
7469,171176688,6960
7470,6069160,500000
7471,6069160,500000
7472,171176688,7400
7473,6069160,500000
7474,6069160,500000
7475,6069160,500000
7476,6069160,500000
7477,6069160,500000
7478,171176688,6960
7479,6069160,500000
7480,6069160,500000
7481,6069160,500000
7482,6069160,500000
7483,6069160,500000
7484,6069160,500000
7485,171176688,25230
7486,6069160,500000
7487,6069160,500000
7488,6069160,500000
7489,171176688,5950
7490,6069160,500000
7491,6069160,500000
7492,6069160,500000
7493,6069160,500000
7494,171176688,7400
7495,6069160,500000
7496,6069160,500000
7497,171176688,8410
7498,6069160,500000
7499,171176688,6550
7500,171176688,4500
7501,6069160,500000
7502,171176688,11020
7503,6069160,500000
7504,6069160,500000
7505,6069160,500000
7506,171176688,8550
7507,171176688,11890
7508,6069160,500000
7509,171176688,10590
7510,6069160,500000
7511,171176688,6670
7512,6069160,500000
7513,171176688,10000
7514,171176688,7990
7515,171176688,6090
7516,6069160,500000
7517,6069160,500000
7518,171176688,5800
7519,6069160,500000
7520,6069160,500000
7521,6069160,500000
7522,6069160,500000
7523,6069160,500000
7524,6069160,500000
7525,171176688,42050
7526,6069160,500000
7527,6069160,500000
7528,6069160,500000
7529,171176688,15080
7530,6069160,500000
7531,6069160,500000
7532,171176688,6090
7533,6069160,500000
7534,171176688,8850
7535,6069160,500000
7536,171176688,41330
7537,171176688,21610
7538,6069160,500000
7539,6069160,500000
7540,6069160,500000
7541,6069160,500000
7542,171176688,6380
7543,6069160,500000
7544,6069160,500000
7545,6069160,500000
7546,6069160,500000
7547,6069160,500000
7548,6069160,500000
7549,171176688,5510
7550,171176688,7100
7551,6069160,500000
7552,171176688,10580
7553,6069160,500000
7554,171176688,11600
7555,171176688,8850
7556,171176688,8120
7557,171176688,5220
7558,171176688,9860
7559,6069160,500000
7560,6069160,500000
7561,6069160,500000
7562,6069160,500000
7563,171176688,7250
7564,171176688,8850
7565,171176688,5370
7566,171176688,12030
7567,171176688,12180
7568,171176688,11170
7569,171176688,7980
7570,171176688,10880
7571,6069160,500000
7572,171176688,6540
7573,6069160,500000
7574,6069160,500000
7575,6069160,500000
7576,6069160,500000
7577,171176688,7540
7578,171176688,5220
7579,171176688,7680
7580,171176688,12180
7581,6069160,500000
7582,171176688,10730
7583,171176688,5670
7584,6069160,500000
7585,6069160,500000
7586,6069160,500000
7587,6069160,500000
7588,171176688,9280
7589,171176688,11600
7590,6069160,500000
7591,6069160,500000
7592,171176688,4640
7593,6069160,500000
7594,6069160,500000
7595,6069160,500000
7596,171176688,5950
7597,6069160,500000
7598,6069160,500000
7599,171176688,6380
7600,6069160,500000
7601,6069160,500000
7602,6069160,500000
7603,6069160,500000
7604,171176688,6960
7605,171176688,11900
7606,6069160,500000
7607,6069160,500000
7608,171176688,13480
7609,6069160,500000
7610,6069160,500000
7611,171176688,8850
7612,171176688,5950
7613,6069160,500000
7614,6069160,500000
7615,6069160,500000
7616,171176688,6380
7617,6069160,500000
7618,171176688,8270
7619,6069160,500000
7620,6069160,500000
7621,171176688,11890
7622,171176688,5370
7623,171176688,10730
7624,171176688,8700
7625,6069160,500000
7626,6069160,500000
7627,6069160,500000
7628,171176688,34510
7629,6069160,500000
7630,6069160,500000
7631,6069160,500000
7632,171176688,5370
7633,171176688,8120
7634,6069160,500000
7635,171176688,11600
7636,171176688,83230
7637,6069160,500000
7638,171176688,5800
7639,6069160,500000
7640,6069160,500000
7641,171176688,5510
7642,6069160,500000
7643,6069160,500000
7644,171176688,7980
7645,6069160,500000
7646,171176688,14500
7647,171176688,9130
7648,171176688,7400
7649,171176688,5080
7650,6069160,500000
7651,6069160,500000
7652,6069160,500000
7653,171176688,8990
7654,171176688,14210
7655,6069160,500000
7656,6069160,500000
7657,171176688,10730
7658,6069160,500000
7659,6069160,500000
7660,6069160,500000
7661,171176688,7250
7662,6069160,500000
7663,6069160,500000
7664,6069160,500000
7665,6069160,500000
7666,6069160,500000
7667,171176688,12330
7668,6069160,500000
7669,6069160,500000
7670,6069160,500000
7671,6069160,500000
7672,6069160,500000
7673,171176688,12180
7674,6069160,500000
7675,6069160,500000
7676,171176688,4930
7677,171176688,8270
7678,6069160,500000
7679,171176688,6390
7680,6069160,500000
7681,6069160,500000
7682,6069160,500000
7683,6069160,500000
7684,6069160,500000
7685,6069160,500000
7686,6069160,500000
7687,6069160,500000
7688,6069160,500000
7689,171176688,7100
7690,6069160,500000
7691,171176688,4930
7692,171176688,11020
7693,6069160,500000
7694,6069160,500000
7695,171176688,4200
7696,6069160,500000
7697,6069160,500000
7698,6069160,500000
7699,171176688,5220
7700,171176688,5950
7701,6069160,500000
7702,171176688,9130
7703,6069160,500000
7704,6069160,500000
7705,171176688,17690
7706,6069160,500000
7707,6069160,500000
7708,6069160,500000
7709,171176688,7400
7710,171176688,6380
7711,171176688,8270
7712,6069160,500000
7713,6069160,500000
7714,171176688,4930
7715,6069160,500000
7716,6069160,500000
7717,171176688,5220
7718,6069160,500000
7719,6069160,500000
7720,6069160,500000
7721,6069160,500000
7722,6069160,500000
7723,171176688,11460
7724,171176688,7100
7725,6069160,500000
7726,6069160,500000
7727,6069160,500000
7728,171176688,5510
7729,6069160,500000
7730,6069160,500000
7731,6069160,500000
7732,6069160,500000
7733,171176688,7540
7734,6069160,500000
7735,171176688,18710
7736,6069160,500000
7737,171176688,7680
7738,6069160,500000
7739,171176688,11170
7740,6069160,500000
7741,171176688,12470
7742,6069160,500000
7743,6069160,500000
7744,171176688,5650
7745,6069160,500000
7746,171176688,5220
7747,6069160,500000
7748,171176688,6960
7749,171176688,12180
7750,6069160,500000
7751,6069160,500000
7752,171176688,6240
7753,171176688,13340
7754,6069160,500000
7755,6069160,500000
7756,171176688,10150
7757,6069160,500000
7758,6069160,500000
7759,6069160,500000
7760,6069160,500000
7761,171176688,6670
7762,6069160,500000
7763,6069160,500000
7764,171176688,7250
7765,171176688,9130
7766,171176688,7540
7767,6069160,500000
7768,6069160,500000
7769,171176688,13630
7770,6069160,500000
7771,171176688,11750
7772,171176688,40740
7773,6069160,500000
7774,6069160,500000
7775,171176688,6690
7776,6069160,500000
7777,6069160,500000
7778,6069160,500000
7779,171176688,6960
7780,171176688,10150
7781,6069160,500000
7782,6069160,500000
7783,171176688,5950
7784,6069160,500000
7785,6069160,500000
7786,171176688,9150
7787,6069160,500000
7788,6069160,500000
7789,6069160,500000
7790,171176688,6820
7791,6069160,500000
7792,171176688,11020
7793,6069160,500000
7794,6069160,500000
7795,6069160,500000
7796,171176688,12760
7797,171176688,11460
7798,171176688,19600
7799,6069160,500000
7800,6069160,500000
7801,171176688,22620
7802,6069160,500000
7803,6069160,500000
7804,171176688,10580
7805,6069160,500000
7806,171176688,9860
7807,6069160,500000
7808,6069160,500000
7809,171176688,10000
7810,6069160,500000
7811,6069160,500000
7812,6069160,500000
7813,6069160,500000
7814,171176688,9430
7815,6069160,500000
7816,6069160,500000
7817,171176688,6530
7818,6069160,500000
7819,171176688,12760
7820,171176688,10880
7821,171176688,5810
7822,6069160,500000
7823,6069160,500000
7824,6069160,500000
7825,6069160,500000
7826,6069160,500000
7827,171176688,8410
7828,171176688,5080
7829,6069160,500000
7830,171176688,8410
7831,6069160,500000
7832,6069160,500000
7833,6069160,500000
7834,6069160,500000
7835,6069160,500000
7836,171176688,10880
7837,171176688,9130
7838,171176688,7250
7839,6069160,500000
7840,171176688,3770
7841,6069160,500000
7842,171176688,5800
7843,171176688,3770
7844,6069160,500000
7845,171176688,9570
7846,6069160,500000
7847,171176688,11020
7848,171176688,5650
7849,6069160,500000
7850,171176688,5220
7851,171176688,10150
7852,171176688,10300
7853,6069160,500000
7854,6069160,500000
7855,6069160,500000
7856,6069160,500000
7857,6069160,500000
7858,171176688,5370
7859,6069160,500000
7860,171176688,3480
7861,171176688,7400
7862,171176688,6090
7863,6069160,500000
7864,6069160,500000
7865,6069160,500000
7866,171176688,4930
7867,6069160,500000
7868,171176688,7250
7869,171176688,18270
7870,6069160,500000
7871,6069160,500000
7872,6069160,500000
7873,171176688,12330
7874,6069160,500000
7875,171176688,20440
7876,171176688,6530
7877,6069160,500000
7878,6069160,500000
7879,171176688,8410
7880,6069160,500000
7881,6069160,500000
7882,171176688,5950
7883,6069160,500000
7884,6069160,500000
7885,6069160,500000
7886,6069160,500000
7887,171176688,7830
7888,6069160,500000
7889,171176688,6530
7890,6069160,500000
7891,171176688,5800
7892,171176688,7680
7893,171176688,25230
7894,171176688,12180
7895,6069160,500000
7896,6069160,500000
7897,6069160,500000
7898,6069160,500000
7899,171176688,7250
7900,6069160,500000
7901,6069160,500000
7902,171176688,39010
7903,6069160,500000
7904,6069160,500000
7905,6069160,500000
7906,171176688,5510
7907,6069160,500000
7908,171176688,7980
7909,6069160,500000
7910,171176688,5080
7911,171176688,14930
7912,171176688,15810
7913,171176688,6530
7914,6069160,500000
7915,6069160,500000
7916,171176688,9130
7917,6069160,500000
7918,171176688,20160
7919,171176688,8550
7920,6069160,500000
7921,6069160,500000
7922,6069160,500000
7923,171176688,13920
7924,6069160,500000
7925,6069160,500000
7926,6069160,500000
7927,171176688,8270
7928,171176688,6090
7929,6069160,500000
7930,6069160,500000
7931,6069160,500000
7932,6069160,500000
7933,6069160,500000
7934,6069160,500000
7935,6069160,500000
7936,171176688,7680
7937,6069160,500000
7938,6069160,500000
7939,6069160,500000
7940,6069160,500000
7941,6069160,500000
7942,6069160,500000
7943,6069160,500000
7944,6069160,500000
7945,6069160,500000
7946,171176688,10150
7947,171176688,5220
7948,6069160,500000
7949,6069160,500000
7950,6069160,500000
7951,171176688,4200
7952,6069160,500000
7953,171176688,5800
7954,6069160,500000
7955,171176688,6530
7956,6069160,500000
7957,171176688,5370
7958,6069160,500000
7959,6069160,500000
7960,171176688,5370
7961,171176688,11460
7962,6069160,500000
7963,6069160,500000
7964,6069160,500000
7965,171176688,19880
7966,6069160,500000
7967,6069160,500000
7968,171176688,21320
7969,171176688,5950
7970,6069160,500000
7971,6069160,500000
7972,6069160,500000
7973,171176688,8700
7974,6069160,500000
7975,171176688,3190
7976,171176688,41910
7977,6069160,500000
7978,6069160,500000
7979,6069160,500000
7980,171176688,6820
7981,171176688,7680
7982,6069160,500000
7983,6069160,500000
7984,171176688,6960
7985,171176688,5650
7986,171176688,21610
7987,6069160,500000
7988,171176688,5950
7989,6069160,500000
7990,171176688,10300
7991,6069160,500000
7992,6069160,500000
7993,6069160,500000
7994,6069160,500000
7995,6069160,500000
7996,171176688,9430
7997,171176688,42490
7998,171176688,4500
7999,171176688,8410
8000,6069160,500000
8001,6069160,500000
8002,171176688,20010
8003,6069160,500000
8004,171176688,10880
8005,6069160,500000
8006,6069160,500000
8007,6069160,500000
8008,6069160,500000
8009,171176688,20440
8010,171176688,11020
8011,6069160,500000
8012,6069160,500000
8013,171176688,7400
8014,171176688,8120
8015,6069160,500000
8016,171176688,6960
8017,171176688,6380
8018,171176688,6090
8019,6069160,500000
8020,171176688,5220
8021,6069160,500000
8022,6069160,500000
8023,6069160,500000
8024,6069160,500000
8025,171176688,28710
8026,6069160,500000
8027,6069160,500000
8028,6069160,500000
8029,171176688,7250
8030,6069160,500000
8031,6069160,500000
8032,6069160,500000
8033,6069160,500000
8034,6069160,500000
8035,6069160,500000
8036,6069160,500000
8037,171176688,8710
8038,6069160,500000
8039,6069160,500000
8040,6069160,500000
8041,171176688,7400
8042,6069160,500000
8043,6069160,500000
8044,6069160,500000
8045,171176688,78450
8046,171176688,8420
8047,6069160,500000
8048,6069160,500000
8049,6069160,500000
8050,171176688,8120
8051,171176688,21460
8052,171176688,16530
8053,171176688,6670
8054,6069160,500000
8055,6069160,500000
8056,6069160,500000
8057,171176688,13050
8058,6069160,500000
8059,6069160,500000
8060,171176688,5370
8061,6069160,500000
8062,6069160,500000
8063,6069160,500000
8064,6069160,500000
8065,171176688,18560
8066,6069160,500000
8067,6069160,500000
8068,6069160,500000
8069,6069160,500000
8070,6069160,500000
8071,171176688,23060
8072,6069160,500000
8073,171176688,8410
8074,6069160,500000
8075,6069160,500000
8076,6069160,500000
8077,6069160,500000
8078,6069160,500000
8079,6069160,500000
8080,6069160,500000
8081,6069160,500000
8082,6069160,500000
8083,171176688,9280
8084,6069160,500000
8085,6069160,500000
8086,6069160,500000
8087,171176688,9720
8088,6069160,500000
8089,6069160,500000
8090,171176688,42630
8091,6069160,500000
8092,6069160,500000
8093,6069160,500000
8094,6069160,500000
8095,171176688,4640
8096,6069160,500000
8097,6069160,500000
8098,171176688,5650
8099,171176688,10440
8100,171176688,5650
8101,6069160,500000
8102,6069160,500000
8103,171176688,13630
8104,6069160,500000
8105,171176688,10440
8106,6069160,500000
8107,6069160,500000
8108,171176688,8410
8109,171176688,5950
8110,6069160,500000
8111,171176688,20590
8112,171176688,12770
8113,6069160,500000
8114,171176688,10440
8115,6069160,500000
8116,6069160,500000
8117,171176688,6390
8118,6069160,500000
8119,6069160,500000
8120,6069160,500000
8121,171176688,77140
8122,6069160,500000
8123,171176688,7680
8124,6069160,500000
8125,6069160,500000
8126,6069160,500000
8127,171176688,7100
8128,6069160,500000
8129,6069160,500000
8130,171176688,13340
8131,6069160,500000
8132,6069160,500000
8133,6069160,500000
8134,171176688,5650
8135,171176688,7100
8136,171176688,7250
8137,6069160,500000
8138,171176688,5950
8139,6069160,500000
8140,6069160,500000
8141,6069160,500000
8142,171176688,5950
8143,6069160,500000
8144,171176688,9720
8145,6069160,500000
8146,6069160,500000
8147,6069160,500000
8148,171176688,11320
8149,171176688,21750
8150,6069160,500000
8151,6069160,500000
8152,171176688,9280
8153,6069160,500000
8154,6069160,500000
8155,6069160,500000
8156,171176688,7250
8157,171176688,14500
8158,6069160,500000
8159,6069160,500000
8160,6069160,500000
8161,171176688,9570
8162,171176688,7830
8163,6069160,500000
8164,6069160,500000
8165,171176688,5650
8166,6069160,500000
8167,171176688,21320
8168,171176688,7540
8169,6069160,500000
8170,6069160,500000
8171,6069160,500000
8172,171176688,10580
8173,6069160,500000
8174,171176688,5650
8175,171176688,5510
8176,6069160,500000
8177,6069160,500000
8178,171176688,6670
8179,6069160,500000
8180,171176688,7830
8181,6069160,500000
8182,171176688,6090
8183,171176688,9280
8184,6069160,500000
8185,6069160,500000
8186,6069160,500000
8187,6069160,500000
8188,6069160,500000
8189,6069160,500000
8190,6069160,500000
8191,6069160,500000
8192,6069160,500000
8193,6069160,500000
8194,171176688,6530
8195,6069160,500000
8196,6069160,500000
8197,6069160,500000
8198,171176688,5080
8199,6069160,500000
8200,171176688,5370
8201,6069160,500000
8202,6069160,500000
8203,6069160,500000
8204,6069160,500000
8205,6069160,500000
8206,6069160,500000
8207,6069160,500000
8208,171176688,12620
8209,6069160,500000
8210,6069160,500000
8211,171176688,7100
8212,171176688,9280
8213,6069160,500000
8214,171176688,5230
8215,6069160,500000
8216,6069160,500000
8217,6069160,500000
8218,6069160,500000
8219,6069160,500000
8220,6069160,500000
8221,6069160,500000
8222,171176688,8700
8223,6069160,500000
8224,6069160,500000
8225,171176688,19580
8226,171176688,9720
8227,171176688,10730
8228,6069160,500000
8229,6069160,500000
8230,171176688,4930
8231,6069160,500000
8232,6069160,500000
8233,6069160,500000
8234,6069160,500000
8235,171176688,20300
8236,6069160,500000
8237,6069160,500000
8238,171176688,6390
8239,6069160,500000
8240,171176688,8700
8241,6069160,500000
8242,6069160,500000
8243,6069160,500000
8244,6069160,500000
8245,6069160,500000
8246,171176688,4670
8247,6069160,500000
8248,171176688,10300
8249,6069160,500000
8250,171176688,10730
8251,6069160,500000
8252,171176688,6820
8253,171176688,8410
8254,6069160,500000
8255,6069160,500000
8256,6069160,500000
8257,171176688,8270
8258,171176688,9280
8259,6069160,500000
8260,171176688,6380
8261,6069160,500000
8262,171176688,5220
8263,6069160,500000
8264,6069160,500000
8265,171176688,5800
8266,6069160,500000
8267,6069160,500000
8268,171176688,9720
8269,171176688,9870
8270,6069160,500000
8271,171176688,16680
8272,171176688,7100
8273,171176688,12180
8274,6069160,500000
8275,171176688,5950
8276,6069160,500000
8277,171176688,13190
8278,6069160,500000
8279,6069160,500000
8280,6069160,500000
8281,6069160,500000
8282,171176688,18850
8283,6069160,500000
8284,6069160,500000
8285,171176688,6390
8286,6069160,500000
8287,6069160,500000
8288,171176688,4350
8289,6069160,500000
8290,6069160,500000
8291,6069160,500000
8292,6069160,500000
8293,171176688,8850
8294,6069160,500000
8295,6069160,500000
8296,171176688,40600
8297,171176688,5510
8298,171176688,6530
8299,6069160,500000
8300,171176688,11460
8301,171176688,7830
8302,6069160,500000
8303,6069160,500000
8304,171176688,8700
8305,171176688,6530
8306,6069160,500000
8307,171176688,5530
8308,171176688,8550
8309,171176688,6240
8310,6069160,500000
8311,6069160,500000
8312,171176688,77720
8313,6069160,500000
8314,6069160,500000
8315,171176688,7250
8316,6069160,500000
8317,171176688,3480
8318,171176688,4650
8319,171176688,7270
8320,6069160,500000
8321,171176688,11750
8322,6069160,500000
8323,171176688,11460
8324,6069160,500000
8325,171176688,5800
8326,6069160,500000
8327,6069160,500000
8328,6069160,500000
8329,6069160,500000
8330,6069160,500000
8331,171176688,12030
8332,6069160,500000
8333,6069160,500000
8334,6069160,500000
8335,171176688,10000
8336,171176688,5800
8337,6069160,500000
8338,6069160,500000
8339,171176688,7540
8340,6069160,500000
8341,6069160,500000
8342,171176688,20160
8343,6069160,500000
8344,6069160,500000
8345,6069160,500000
8346,6069160,500000
8347,6069160,500000
8348,6069160,500000
8349,171176688,7830
8350,171176688,10000
8351,6069160,500000
8352,6069160,500000
8353,171176688,43500
8354,6069160,500000
8355,6069160,500000
8356,6069160,500000
8357,171176688,10460
8358,171176688,10000
8359,171176688,12770
8360,6069160,500000
8361,171176688,5080
8362,6069160,500000
8363,171176688,49160
8364,171176688,9570
8365,6069160,500000
8366,6069160,500000
8367,6069160,500000
8368,171176688,9860
8369,6069160,500000
8370,171176688,12330
8371,6069160,500000
8372,6069160,500000
8373,171176688,7830
8374,6069160,500000
8375,171176688,7100
8376,6069160,500000
8377,6069160,500000
8378,6069160,500000
8379,171176688,19720
8380,6069160,500000
8381,6069160,500000
8382,6069160,500000
8383,171176688,5950
8384,171176688,6540
8385,6069160,500000
8386,6069160,500000
8387,6069160,500000
8388,171176688,8700
8389,6069160,500000
8390,171176688,6380
8391,171176688,6380
8392,6069160,500000
8393,171176688,7830
8394,171176688,7260
8395,6069160,500000
8396,6069160,500000
8397,6069160,500000
8398,6069160,500000
8399,171176688,5510
8400,171176688,17980
8401,171176688,42920
8402,6069160,500000
8403,6069160,500000
8404,6069160,500000
8405,171176688,4790
8406,171176688,10880
8407,171176688,9430
8408,6069160,500000
8409,6069160,500000
8410,6069160,500000
8411,6069160,500000
8412,171176688,44370
8413,6069160,500000
8414,6069160,500000
8415,6069160,500000
8416,171176688,5650
8417,6069160,500000
8418,6069160,500000
8419,6069160,500000
8420,171176688,10000
8421,171176688,10440
8422,171176688,7100
8423,171176688,6380
8424,171176688,16820
8425,6069160,500000
8426,171176688,6670
8427,6069160,500000
8428,171176688,8700
8429,171176688,7830
8430,6069160,500000
8431,6069160,500000
8432,171176688,5800
8433,171176688,7400
8434,171176688,5510
8435,6069160,500000
8436,6069160,500000
8437,6069160,500000
8438,6069160,500000
8439,6069160,500000
8440,6069160,500000
8441,6069160,500000
8442,6069160,500000
8443,6069160,500000
8444,6069160,500000
8445,6069160,500000
8446,171176688,42340
8447,171176688,42200
8448,6069160,500000
8449,6069160,500000
8450,6069160,500000
8451,6069160,500000
8452,6069160,500000
8453,6069160,500000
8454,6069160,500000
8455,6069160,500000
8456,6069160,500000
8457,171176688,21460
8458,171176688,3770
8459,171176688,12910
8460,171176688,7540
8461,171176688,5380
8462,6069160,500000
8463,6069160,500000
8464,6069160,500000
8465,6069160,500000
8466,171176688,8990
8467,171176688,5950
8468,171176688,8120
8469,171176688,6680
8470,6069160,500000
8471,6069160,500000
8472,6069160,500000
8473,171176688,5370
8474,6069160,500000
8475,6069160,500000
8476,171176688,4060
8477,6069160,500000
8478,171176688,6530
8479,171176688,5950
8480,6069160,500000
8481,6069160,500000
8482,171176688,6530
8483,171176688,18990
8484,6069160,500000
8485,6069160,500000
8486,6069160,500000
8487,6069160,500000
8488,6069160,500000
8489,6069160,500000
8490,6069160,500000
8491,6069160,500000
8492,6069160,500000
8493,6069160,500000
8494,6069160,500000
8495,6069160,500000
8496,6069160,500000
8497,6069160,500000
8498,6069160,500000
8499,6069160,500000
8500,171176688,8850
8501,6069160,500000
8502,171176688,6820
8503,171176688,8550
8504,171176688,7540
8505,6069160,500000
8506,6069160,500000
8507,6069160,500000
8508,171176688,6090
8509,171176688,6820
8510,6069160,500000
8511,6069160,500000
8512,6069160,500000
8513,171176688,5650
8514,6069160,500000
8515,6069160,500000
8516,6069160,500000
8517,171176688,25230
8518,6069160,500000
8519,171176688,8700
8520,6069160,500000
8521,6069160,500000
8522,171176688,6960
8523,6069160,500000
8524,171176688,12180
8525,171176688,12760
8526,6069160,500000
8527,6069160,500000
8528,6069160,500000
8529,6069160,500000
8530,6069160,500000
8531,171176688,9860
8532,171176688,5220
8533,171176688,6820
8534,171176688,9570
8535,171176688,20590
8536,171176688,8410
8537,6069160,500000
8538,6069160,500000
8539,6069160,500000
8540,6069160,500000
8541,171176688,10730
8542,171176688,19140
8543,6069160,500000
8544,171176688,5950
8545,6069160,500000
8546,171176688,8700
8547,6069160,500000
8548,171176688,60180
8549,6069160,500000
8550,6069160,500000
8551,171176688,6240
8552,6069160,500000
8553,6069160,500000
8554,6069160,500000
8555,6069160,500000
8556,171176688,7250
8557,6069160,500000
8558,171176688,12030
8559,6069160,500000
8560,6069160,500000
8561,6069160,500000
8562,6069160,500000
8563,6069160,500000
8564,171176688,8990
8565,6069160,500000
8566,6069160,500000
8567,6069160,500000
8568,6069160,500000
8569,6069160,500000
8570,6069160,500000
8571,6069160,500000
8572,6069160,500000
8573,6069160,500000
8574,6069160,500000
8575,6069160,500000
8576,171176688,7100
8577,6069160,500000
8578,6069160,500000
8579,6069160,500000
8580,6069160,500000
8581,6069160,500000
8582,6069160,500000
8583,6069160,500000
8584,171176688,11750
8585,6069160,500000
8586,171176688,6670
8587,6069160,500000
8588,171176688,15680
8589,171176688,15660
8590,6069160,500000
8591,6069160,500000
8592,6069160,500000
8593,6069160,500000
8594,171176688,4200
8595,6069160,500000
8596,6069160,500000
8597,171176688,10880
8598,171176688,25090
8599,6069160,500000
8600,6069160,500000
8601,6069160,500000
8602,6069160,500000
8603,6069160,500000
8604,6069160,500000
8605,6069160,500000
8606,6069160,500000
8607,6069160,500000
8608,6069160,500000
8609,6069160,500000
8610,171176688,6240
8611,6069160,500000
8612,171176688,12030
8613,171176688,8850
8614,171176688,5800
8615,171176688,7400
8616,6069160,500000
8617,171176688,4790
8618,171176688,9430
8619,6069160,500000
8620,6069160,500000
8621,6069160,500000
8622,6069160,500000
8623,6069160,500000
8624,6069160,500000
8625,6069160,500000
8626,6069160,500000
8627,171176688,19140
8628,6069160,500000
8629,171176688,7110
8630,171176688,5800
8631,6069160,500000
8632,6069160,500000
8633,6069160,500000
8634,171176688,6670
8635,171176688,6240
8636,171176688,13480
8637,171176688,21750
8638,171176688,18270
8639,6069160,500000
8640,171176688,7680
8641,171176688,12330
8642,171176688,4640
8643,6069160,500000
8644,171176688,5510
8645,171176688,6670
8646,171176688,13050
8647,6069160,500000
8648,6069160,500000
8649,6069160,500000
8650,6069160,500000
8651,171176688,7980
8652,6069160,500000
8653,6069160,500000
8654,6069160,500000
8655,171176688,5220
8656,171176688,7540
8657,6069160,500000
8658,171176688,9280
8659,6069160,500000
8660,6069160,500000
8661,6069160,500000
8662,6069160,500000
8663,6069160,500000
8664,171176688,6670
8665,6069160,500000
8666,171176688,7830
8667,6069160,500000
8668,6069160,500000
8669,6069160,500000
8670,6069160,500000
8671,6069160,500000
8672,6069160,500000
8673,6069160,500000
8674,171176688,8550
8675,6069160,500000
8676,6069160,500000
8677,6069160,500000
8678,6069160,500000
8679,171176688,13190
8680,6069160,500000
8681,171176688,7680
8682,171176688,4930
8683,171176688,6380
8684,6069160,500000
8685,171176688,12330
8686,6069160,500000
8687,171176688,7980
8688,6069160,500000
8689,171176688,8270
8690,6069160,500000
8691,6069160,500000
8692,6069160,500000
8693,171176688,13190
8694,6069160,500000
8695,6069160,500000
8696,6069160,500000
8697,171176688,7830
8698,6069160,500000
8699,6069160,500000
8700,6069160,500000
8701,6069160,500000
8702,6069160,500000
8703,171176688,10880
8704,6069160,500000
8705,6069160,500000
8706,171176688,11750
8707,171176688,8120
8708,6069160,500000
8709,6069160,500000
8710,6069160,500000
8711,6069160,500000
8712,171176688,6090
8713,171176688,6090
8714,6069160,500000
8715,6069160,500000
8716,6069160,500000
8717,6069160,500000
8718,6069160,500000
8719,171176688,10730
8720,171176688,5370
8721,171176688,7830
8722,171176688,14790
8723,171176688,14640
8724,171176688,6670
8725,6069160,500000
8726,171176688,29000
8727,171176688,8120
8728,171176688,6670
8729,6069160,500000
8730,6069160,500000
8731,6069160,500000
8732,6069160,500000
8733,6069160,500000
8734,6069160,500000
8735,171176688,6090
8736,6069160,500000
8737,6069160,500000
8738,6069160,500000
8739,6069160,500000
8740,6069160,500000
8741,6069160,500000
8742,171176688,13920
8743,171176688,9130
8744,171176688,5220
8745,6069160,500000
8746,171176688,11890
8747,6069160,500000
8748,171176688,7830
8749,6069160,500000
8750,6069160,500000
8751,6069160,500000
8752,6069160,500000
8753,6069160,500000
8754,6069160,500000
8755,171176688,4930
8756,171176688,23340
8757,171176688,4640
8758,6069160,500000
8759,171176688,7680
8760,6069160,500000
8761,6069160,500000
8762,171176688,8700
8763,171176688,20440
8764,171176688,12470
8765,6069160,500000
8766,171176688,6960
8767,171176688,9860
8768,171176688,5650
8769,171176688,9280
8770,6069160,500000
8771,6069160,500000
8772,6069160,500000
8773,6069160,500000
8774,171176688,6090
8775,171176688,8990
8776,171176688,6380
8777,6069160,500000
8778,171176688,48720
8779,6069160,500000
8780,6069160,500000
8781,6069160,500000
8782,6069160,500000
8783,6069160,500000
8784,6069160,500000
8785,171176688,7250
8786,6069160,500000
8787,6069160,500000
8788,6069160,500000
8789,6069160,500000
8790,171176688,6240
8791,6069160,500000
8792,6069160,500000
8793,171176688,4930
8794,6069160,500000
8795,6069160,500000
8796,6069160,500000
8797,171176688,12030
8798,6069160,500000
8799,171176688,6960
8800,6069160,500000
8801,6069160,500000
8802,6069160,500000
8803,6069160,500000
8804,171176688,11170
8805,6069160,500000
8806,171176688,8700
8807,171176688,22330
8808,6069160,500000
8809,171176688,8410
8810,6069160,500000
8811,171176688,6670
8812,6069160,500000
8813,6069160,500000
8814,6069160,500000
8815,6069160,500000
8816,6069160,500000
8817,6069160,500000
8818,171176688,6820
8819,6069160,500000
8820,171176688,8120
8821,6069160,500000
8822,6069160,500000
8823,6069160,500000
8824,6069160,500000
8825,6069160,500000
8826,6069160,500000
8827,171176688,6960
8828,6069160,500000
8829,171176688,6960
8830,6069160,500000
8831,6069160,500000
8832,6069160,500000
8833,6069160,500000
8834,6069160,500000
8835,6069160,500000
8836,6069160,500000
8837,6069160,500000
8838,6069160,500000
8839,6069160,500000
8840,171176688,5950
8841,6069160,500000
8842,171176688,10880
8843,6069160,500000
8844,171176688,5370
8845,6069160,500000
8846,6069160,500000
8847,171176688,8120
8848,6069160,500000
8849,6069160,500000
8850,6069160,500000
8851,6069160,500000
8852,6069160,500000
8853,171176688,6820
8854,171176688,9570
8855,6069160,500000
8856,6069160,500000
8857,6069160,500000
8858,6069160,500000
8859,6069160,500000
8860,171176688,10740
8861,6069160,500000
8862,6069160,500000
8863,171176688,6820
8864,6069160,500000
8865,6069160,500000
8866,6069160,500000
8867,6069160,500000
8868,6069160,500000
8869,6069160,500000
8870,6069160,500000
8871,6069160,500000
8872,6069160,500000
8873,171176688,8850
8874,171176688,14790
8875,6069160,500000
8876,171176688,5800
8877,6069160,500000
8878,6069160,500000
8879,6069160,500000
8880,6069160,500000
8881,6069160,500000
8882,6069160,500000
8883,171176688,9130
8884,6069160,500000
8885,6069160,500000
8886,6069160,500000
8887,6069160,500000
8888,6069160,500000
8889,6069160,500000
8890,6069160,500000
8891,6069160,500000
8892,171176688,6380
8893,171176688,6820
8894,6069160,500000
8895,6069160,500000
8896,6069160,500000
8897,171176688,13340
8898,6069160,500000
8899,171176688,9180
8900,171176688,8270
8901,171176688,7680
8902,6069160,500000
8903,6069160,500000
8904,6069160,500000
8905,6069160,500000
8906,6069160,500000
8907,171176688,13190
8908,171176688,5080
8909,6069160,500000
8910,171176688,20010
8911,6069160,500000
8912,6069160,500000
8913,6069160,500000
8914,6069160,500000
8915,6069160,500000
8916,6069160,500000
8917,6069160,500000
8918,6069160,500000
8919,171176688,6670
8920,6069160,500000
8921,6069160,500000
8922,6069160,500000
8923,171176688,7100
8924,6069160,500000
8925,6069160,500000
8926,171176688,9570
8927,171176688,16240
8928,171176688,7100
8929,6069160,500000
8930,171176688,7830
8931,6069160,500000
8932,6069160,500000
8933,6069160,500000
8934,6069160,500000
8935,6069160,500000
8936,171176688,5220
8937,171176688,6530
8938,171176688,5080
8939,6069160,500000
8940,6069160,500000
8941,6069160,500000
8942,6069160,500000
8943,6069160,500000
8944,6069160,500000
8945,6069160,500000
8946,6069160,500000
8947,171176688,7400
8948,6069160,500000
8949,6069160,500000
8950,171176688,5080
8951,171176688,6960
8952,171176688,13630
8953,6069160,500000
8954,6069160,500000
8955,171176688,5800
8956,171176688,9720
8957,6069160,500000
8958,6069160,500000
8959,6069160,500000
8960,6069160,500000
8961,6069160,500000
8962,171176688,8700
8963,171176688,16970
8964,171176688,21610
8965,6069160,500000
8966,171176688,19430
8967,6069160,500000
8968,6069160,500000
8969,171176688,8550
8970,6069160,500000
8971,6069160,500000
8972,171176688,18710
8973,6069160,500000
8974,6069160,500000
8975,6069160,500000
8976,171176688,8990
8977,171176688,6090
8978,171176688,6670
8979,6069160,500000
8980,6069160,500000
8981,171176688,6530
8982,6069160,500000
8983,6069160,500000
8984,171176688,14500
8985,171176688,14640
8986,171176688,4790
8987,6069160,500000
8988,6069160,500000
8989,6069160,500000
8990,171176688,7400
8991,171176688,6820
8992,6069160,500000
8993,6069160,500000
8994,6069160,500000
8995,171176688,4930
8996,6069160,500000
8997,6069160,500000
8998,171176688,4640
8999,6069160,500000
9000,171176688,10440
9001,171176688,6670
9002,6069160,500000
9003,6069160,500000
9004,6069160,500000
9005,6069160,500000
9006,6069160,500000
9007,171176688,7980
9008,171176688,9130
9009,171176688,9430
9010,171176688,4640
9011,171176688,10580
9012,171176688,4070
9013,6069160,500000
9014,6069160,500000
9015,171176688,6240
9016,6069160,500000
9017,6069160,500000
9018,171176688,10300
9019,6069160,500000
9020,6069160,500000
9021,6069160,500000
9022,171176688,6960
9023,6069160,500000
9024,6069160,500000
9025,6069160,500000
9026,6069160,500000
9027,6069160,500000
9028,6069160,500000
9029,171176688,10440
9030,6069160,500000
9031,6069160,500000
9032,6069160,500000
9033,171176688,15660
9034,6069160,500000
9035,6069160,500000
9036,6069160,500000
9037,171176688,8410
9038,6069160,500000
9039,6069160,500000
9040,171176688,6670
9041,6069160,500000
9042,171176688,5800
9043,6069160,500000
9044,6069160,500000
9045,6069160,500000
9046,171176688,12030
9047,171176688,8850
9048,6069160,500000
9049,171176688,8270
9050,171176688,68150
9051,171176688,6960
9052,171176688,10000
9053,6069160,500000
9054,6069160,500000
9055,6069160,500000
9056,6069160,500000
9057,6069160,500000
9058,6069160,500000
9059,171176688,7400
9060,6069160,500000
9061,171176688,5800
9062,6069160,500000
9063,6069160,500000
9064,6069160,500000
9065,6069160,500000
9066,6069160,500000
9067,171176688,9860
9068,6069160,500000
9069,6069160,500000
9070,171176688,4640
9071,171176688,9570
9072,6069160,500000
9073,6069160,500000
9074,171176688,22190
9075,6069160,500000
9076,6069160,500000
9077,6069160,500000
9078,6069160,500000
9079,6069160,500000
9080,6069160,500000
9081,171176688,6670
9082,6069160,500000
9083,6069160,500000
9084,171176688,7250
9085,6069160,500000
9086,6069160,500000
9087,171176688,5500
9088,171176688,6240
9089,6069160,500000
9090,171176688,6820
9091,6069160,500000
9092,171176688,7980
9093,6069160,500000
9094,6069160,500000
9095,171176688,9440
9096,171176688,19580
9097,171176688,5650
9098,6069160,500000
9099,6069160,500000
9100,6069160,500000
9101,171176688,11310
9102,6069160,500000
9103,6069160,500000
9104,6069160,500000
9105,6069160,500000
9106,6069160,500000
9107,171176688,7680
9108,6069160,500000
9109,6069160,500000
9110,6069160,500000
9111,6069160,500000
9112,6069160,500000
9113,171176688,9720
9114,6069160,500000
9115,171176688,6240
9116,171176688,7400
9117,6069160,500000
9118,171176688,24220
9119,171176688,9280
9120,6069160,500000
9121,6069160,500000
9122,6069160,500000
9123,6069160,500000
9124,171176688,16680
9125,171176688,4790
9126,6069160,500000
9127,6069160,500000
9128,171176688,5220
9129,6069160,500000
9130,6069160,500000
9131,171176688,6240
9132,171176688,13480
9133,171176688,12180
9134,6069160,500000
9135,6069160,500000
9136,171176688,12760
9137,6069160,500000
9138,6069160,500000
9139,6069160,500000
9140,6069160,500000
9141,6069160,500000
9142,171176688,6820
9143,6069160,500000
9144,6069160,500000
9145,171176688,5080
9146,6069160,500000
9147,6069160,500000
9148,171176688,9430
9149,6069160,500000
9150,171176688,9720
9151,171176688,7830
9152,171176688,6840
9153,171176688,9570
9154,6069160,500000
9155,171176688,23780
9156,6069160,500000
9157,6069160,500000
9158,171176688,10300
9159,171176688,7250
9160,6069160,500000
9161,171176688,5080
9162,6069160,500000
9163,6069160,500000
9164,6069160,500000
9165,6069160,500000
9166,171176688,4350
9167,6069160,500000
9168,6069160,500000
9169,6069160,500000
9170,6069160,500000
9171,6069160,500000
9172,6069160,500000
9173,6069160,500000
9174,6069160,500000
9175,6069160,500000
9176,6069160,500000
9177,6069160,500000
9178,171176688,4350
9179,171176688,7860
9180,6069160,500000
9181,6069160,500000
9182,6069160,500000
9183,6069160,500000
9184,6069160,500000
9185,6069160,500000
9186,6069160,500000
9187,6069160,500000
9188,6069160,500000
9189,171176688,3630
9190,6069160,500000
9191,171176688,8550
9192,6069160,500000
9193,6069160,500000
9194,6069160,500000
9195,171176688,10150
9196,171176688,20300
9197,6069160,500000
9198,6069160,500000
9199,171176688,8120
9200,6069160,500000
9201,6069160,500000
9202,6069160,500000
9203,171176688,8270
9204,6069160,500000
9205,6069160,500000
9206,171176688,5220
9207,6069160,500000
9208,171176688,7400
9209,6069160,500000
9210,6069160,500000
9211,6069160,500000
9212,171176688,80330
9213,171176688,21170
9214,6069160,500000
9215,171176688,8550
9216,171176688,20740
9217,171176688,4060
9218,6069160,500000
9219,6069160,500000
9220,171176688,7100
9221,6069160,500000
9222,171176688,16240
9223,6069160,500000
9224,171176688,11170
9225,171176688,4640
9226,6069160,500000
9227,171176688,11310
9228,6069160,500000
9229,6069160,500000
9230,6069160,500000
9231,6069160,500000
9232,171176688,92950
9233,171176688,7980
9234,6069160,500000
9235,6069160,500000
9236,6069160,500000
9237,6069160,500000
9238,6069160,500000
9239,6069160,500000
9240,6069160,500000
9241,171176688,5950
9242,6069160,500000
9243,171176688,10000
9244,6069160,500000
9245,171176688,9720
9246,6069160,500000
9247,6069160,500000
9248,6069160,500000
9249,6069160,500000
9250,6069160,500000
9251,6069160,500000
9252,6069160,500000
9253,171176688,10880
9254,6069160,500000
9255,6069160,500000
9256,6069160,500000
9257,171176688,43360
9258,171176688,10880
9259,171176688,4930
9260,171176688,17420
9261,171176688,21890
9262,6069160,500000
9263,6069160,500000
9264,171176688,5370
9265,171176688,5510
9266,6069160,500000
9267,171176688,6960
9268,6069160,500000
9269,171176688,6090
9270,6069160,500000
9271,171176688,23490
9272,6069160,500000
9273,6069160,500000
9274,171176688,47270
9275,6069160,500000
9276,6069160,500000
9277,6069160,500000
9278,6069160,500000
9279,6069160,500000
9280,6069160,500000
9281,171176688,10150
9282,171176688,4350
9283,6069160,500000
9284,171176688,7250
9285,171176688,11890
9286,6069160,500000
9287,6069160,500000
9288,6069160,500000
9289,171176688,13780
9290,171176688,4350
9291,171176688,7980
9292,6069160,500000
9293,6069160,500000
9294,6069160,500000
9295,171176688,5810
9296,6069160,500000
9297,6069160,500000
9298,6069160,500000
9299,171176688,10000
9300,171176688,8850
9301,171176688,7540
9302,6069160,500000
9303,171176688,20590
9304,6069160,500000
9305,171176688,4200
9306,171176688,6090
9307,171176688,7400
9308,6069160,500000
9309,6069160,500000
9310,6069160,500000
9311,6069160,500000
9312,171176688,7980
9313,6069160,500000
9314,6069160,500000
9315,171176688,7830
9316,171176688,37840
9317,6069160,500000
9318,6069160,500000
9319,6069160,500000
9320,171176688,7540
9321,6069160,500000
9322,6069160,500000
9323,171176688,6530
9324,6069160,500000
9325,6069160,500000
9326,6069160,500000
9327,6069160,500000
9328,6069160,500000
9329,6069160,500000
9330,6069160,500000
9331,171176688,7250
9332,171176688,5220
9333,171176688,7250
9334,6069160,500000
9335,6069160,500000
9336,171176688,11750
9337,6069160,500000
9338,6069160,500000
9339,6069160,500000
9340,6069160,500000
9341,6069160,500000
9342,6069160,500000
9343,6069160,500000
9344,171176688,5950
9345,6069160,500000
9346,6069160,500000
9347,171176688,7540
9348,6069160,500000
9349,171176688,10020
9350,6069160,500000
9351,6069160,500000
9352,6069160,500000
9353,171176688,5950
9354,6069160,500000
9355,6069160,500000
9356,171176688,7100
9357,6069160,500000
9358,171176688,14500
9359,6069160,500000
9360,6069160,500000
9361,6069160,500000
9362,6069160,500000
9363,6069160,500000
9364,171176688,9570
9365,6069160,500000
9366,6069160,500000
9367,6069160,500000
9368,171176688,8550
9369,6069160,500000
9370,171176688,12180
9371,6069160,500000
9372,6069160,500000
9373,6069160,500000
9374,6069160,500000
9375,171176688,4790
9376,171176688,6240
9377,171176688,7250
9378,6069160,500000
9379,6069160,500000
9380,6069160,500000
9381,171176688,7250
9382,6069160,500000
9383,6069160,500000
9384,6069160,500000
9385,171176688,7250
9386,171176688,8850
9387,171176688,5800
9388,6069160,500000
9389,6069160,500000
9390,6069160,500000
9391,171176688,8120
9392,6069160,500000
9393,171176688,16970
9394,171176688,6530
9395,6069160,500000
9396,6069160,500000
9397,171176688,14790
9398,6069160,500000
9399,6069160,500000
9400,6069160,500000
9401,6069160,500000
9402,6069160,500000
9403,171176688,11170
9404,171176688,13780
9405,171176688,7250
9406,171176688,14210
9407,6069160,500000
9408,6069160,500000
9409,6069160,500000
9410,6069160,500000
9411,171176688,7120
9412,171176688,21170
9413,171176688,11180
9414,6069160,500000
9415,6069160,500000
9416,6069160,500000
9417,171176688,5370
9418,6069160,500000
9419,171176688,6380
9420,6069160,500000
9421,6069160,500000
9422,6069160,500000
9423,6069160,500000
9424,6069160,500000
9425,6069160,500000
9426,171176688,6530
9427,6069160,500000
9428,171176688,10730
9429,171176688,5950
9430,6069160,500000
9431,171176688,8850
9432,6069160,500000
9433,6069160,500000
9434,6069160,500000
9435,6069160,500000
9436,6069160,500000
9437,6069160,500000
9438,6069160,500000
9439,171176688,5220
9440,6069160,500000
9441,6069160,500000
9442,6069160,500000
9443,6069160,500000
9444,171176688,12620
9445,6069160,500000
9446,171176688,15080
9447,6069160,500000
9448,171176688,7100
9449,6069160,500000
9450,171176688,9280
9451,171176688,9130
9452,171176688,37120
9453,171176688,19870
9454,171176688,11890
9455,171176688,12180
9456,6069160,500000
9457,171176688,5080
9458,171176688,10150
9459,6069160,500000
9460,6069160,500000
9461,6069160,500000
9462,171176688,5950
9463,171176688,19430
9464,171176688,10440
9465,6069160,500000
9466,6069160,500000
9467,6069160,500000
9468,6069160,500000
9469,6069160,500000
9470,6069160,500000
9471,171176688,8120
9472,6069160,500000
9473,6069160,500000
9474,171176688,5220
9475,6069160,500000
9476,6069160,500000
9477,6069160,500000
9478,6069160,500000
9479,6069160,500000
9480,171176688,4640
9481,6069160,500000
9482,6069160,500000
9483,6069160,500000
9484,6069160,500000
9485,6069160,500000
9486,6069160,500000
9487,6069160,500000
9488,171176688,5950
9489,6069160,500000
9490,171176688,12910
9491,171176688,82940
9492,6069160,500000
9493,6069160,500000
9494,6069160,500000
9495,6069160,500000
9496,6069160,500000
9497,6069160,500000
9498,6069160,500000
9499,6069160,500000
9500,6069160,500000
9501,6069160,500000
9502,171176688,11020
9503,6069160,500000
9504,171176688,7830
9505,6069160,500000
9506,171176688,4640
9507,6069160,500000
9508,6069160,500000
9509,6069160,500000
9510,171176688,7540
9511,6069160,500000
9512,6069160,500000
9513,6069160,500000
9514,6069160,500000
9515,6069160,500000
9516,6069160,500000
9517,6069160,500000
9518,171176688,12760
9519,171176688,10580
9520,171176688,6260
9521,6069160,500000
9522,171176688,22040
9523,6069160,500000
9524,171176688,5800
9525,171176688,6090
9526,6069160,500000
9527,6069160,500000
9528,171176688,13920
9529,171176688,16530
9530,6069160,500000
9531,171176688,13780
9532,6069160,500000
9533,171176688,22620
9534,171176688,9430
9535,171176688,9860
9536,6069160,500000
9537,6069160,500000
9538,6069160,500000
9539,6069160,500000
9540,6069160,500000
9541,6069160,500000
9542,6069160,500000
9543,6069160,500000
9544,6069160,500000
9545,171176688,6380
9546,6069160,500000
9547,171176688,9860
9548,171176688,6090
9549,6069160,500000
9550,6069160,500000
9551,6069160,500000
9552,6069160,500000
9553,6069160,500000
9554,171176688,13630
9555,6069160,500000
9556,6069160,500000
9557,171176688,5510
9558,6069160,500000
9559,6069160,500000
9560,171176688,15230
9561,171176688,13340
9562,171176688,11170
9563,171176688,5950
9564,6069160,500000
9565,6069160,500000
9566,6069160,500000
9567,6069160,500000
9568,6069160,500000
9569,171176688,7680
9570,6069160,500000
9571,6069160,500000
9572,6069160,500000
9573,171176688,6960
9574,6069160,500000
9575,6069160,500000
9576,171176688,10580
9577,6069160,500000
9578,6069160,500000
9579,171176688,5080
9580,171176688,11020
9581,6069160,500000
9582,171176688,7830
9583,171176688,20440
9584,6069160,500000
9585,6069160,500000
9586,6069160,500000
9587,6069160,500000
9588,6069160,500000
9589,6069160,500000
9590,171176688,5220
9591,6069160,500000
9592,171176688,6960
9593,6069160,500000
9594,6069160,500000
9595,171176688,7120
9596,6069160,500000
9597,6069160,500000
9598,6069160,500000
9599,6069160,500000
9600,171176688,20590
9601,6069160,500000
9602,6069160,500000
9603,6069160,500000
9604,171176688,7980
9605,171176688,7100
9606,6069160,500000
9607,171176688,6090
9608,6069160,500000
9609,171176688,9280
9610,6069160,500000
9611,6069160,500000
9612,6069160,500000
9613,6069160,500000
9614,171176688,5510
9615,171176688,6960
9616,6069160,500000
9617,6069160,500000
9618,6069160,500000
9619,171176688,11750
9620,6069160,500000
9621,6069160,500000
9622,6069160,500000
9623,6069160,500000
9624,171176688,6670
9625,6069160,500000
9626,6069160,500000
9627,6069160,500000
9628,6069160,500000
9629,6069160,500000
9630,171176688,9430
9631,6069160,500000
9632,6069160,500000
9633,171176688,10150
9634,6069160,500000
9635,171176688,10440
9636,171176688,5650
9637,171176688,7830
9638,6069160,500000
9639,171176688,5510
9640,6069160,500000
9641,6069160,500000
9642,6069160,500000
9643,171176688,8850
9644,171176688,11020
9645,171176688,5370
9646,6069160,500000
9647,6069160,500000
9648,6069160,500000
9649,6069160,500000
9650,171176688,20440
9651,171176688,11750
9652,6069160,500000
9653,6069160,500000
9654,6069160,500000
9655,6069160,500000
9656,6069160,500000
9657,171176688,5370
9658,6069160,500000
9659,6069160,500000
9660,171176688,5950
9661,6069160,500000
9662,6069160,500000
9663,6069160,500000
9664,6069160,500000
9665,171176688,5220
9666,6069160,500000
9667,6069160,500000
9668,171176688,13200
9669,6069160,500000
9670,6069160,500000
9671,6069160,500000
9672,171176688,7830
9673,171176688,5950
9674,171176688,6820
9675,6069160,500000
9676,171176688,5080
9677,6069160,500000
9678,171176688,7560
9679,171176688,4640
9680,6069160,500000
9681,171176688,10440
9682,6069160,500000
9683,171176688,8550
9684,6069160,500000
9685,171176688,5220
9686,6069160,500000
9687,6069160,500000
9688,6069160,500000
9689,6069160,500000
9690,6069160,500000
9691,6069160,500000
9692,6069160,500000
9693,171176688,8270
9694,6069160,500000
9695,6069160,500000
9696,6069160,500000
9697,171176688,19870
9698,6069160,500000
9699,171176688,4930
9700,6069160,500000
9701,6069160,500000
9702,171176688,3190
9703,6069160,500000
9704,6069160,500000
9705,6069160,500000
9706,6069160,500000
9707,171176688,4500
9708,6069160,500000
9709,171176688,5950
9710,171176688,5800
9711,6069160,500000
9712,171176688,9430
9713,6069160,500000
9714,6069160,500000
9715,6069160,500000
9716,171176688,8120
9717,6069160,500000
9718,171176688,7680
9719,171176688,12030
9720,6069160,500000
9721,171176688,7830
9722,6069160,500000
9723,171176688,7980
9724,171176688,8270
9725,6069160,500000
9726,171176688,20300
9727,6069160,500000
9728,171176688,8850
9729,171176688,7250
9730,171176688,9430
9731,171176688,43210
9732,6069160,500000
9733,171176688,5950
9734,6069160,500000
9735,171176688,12030
9736,171176688,8120
9737,6069160,500000
9738,6069160,500000
9739,6069160,500000
9740,171176688,9130
9741,6069160,500000
9742,171176688,22330
9743,171176688,52200
9744,171176688,4640
9745,6069160,500000
9746,171176688,10300
9747,6069160,500000
9748,6069160,500000
9749,6069160,500000
9750,6069160,500000
9751,6069160,500000
9752,6069160,500000
9753,6069160,500000
9754,171176688,12030
9755,6069160,500000
9756,171176688,5650
9757,171176688,5950
9758,6069160,500000
9759,6069160,500000
9760,6069160,500000
9761,171176688,10580
9762,6069160,500000
9763,6069160,500000
9764,171176688,8990
9765,6069160,500000
9766,6069160,500000
9767,6069160,500000
9768,171176688,6240
9769,6069160,500000
9770,6069160,500000
9771,6069160,500000
9772,171176688,13340
9773,6069160,500000
9774,6069160,500000
9775,6069160,500000
9776,171176688,5650
9777,6069160,500000
9778,6069160,500000
9779,6069160,500000
9780,171176688,7680
9781,171176688,16380
9782,6069160,500000
9783,171176688,9130
9784,6069160,500000
9785,171176688,6380
9786,6069160,500000
9787,171176688,6820
9788,6069160,500000
9789,171176688,6240
9790,6069160,500000
9791,171176688,5650
9792,171176688,12030
9793,171176688,7100
9794,6069160,500000
9795,6069160,500000
9796,171176688,7680
9797,6069160,500000
9798,171176688,8990
9799,6069160,500000
9800,6069160,500000
9801,6069160,500000
9802,6069160,500000
9803,6069160,500000
9804,6069160,500000
9805,6069160,500000
9806,6069160,500000
9807,6069160,500000
9808,6069160,500000
9809,6069160,500000
9810,6069160,500000
9811,6069160,500000
9812,6069160,500000
9813,6069160,500000
9814,171176688,8410
9815,171176688,6960
9816,6069160,500000
9817,6069160,500000
9818,171176688,11020
9819,6069160,500000
9820,171176688,10000
9821,6069160,500000
9822,6069160,500000
9823,6069160,500000
9824,171176688,8700
9825,6069160,500000
9826,6069160,500000
9827,6069160,500000
9828,171176688,5220
9829,171176688,4200
9830,6069160,500000
9831,6069160,500000
9832,6069160,500000
9833,6069160,500000
9834,6069160,500000
9835,6069160,500000
9836,6069160,500000
9837,171176688,19430
9838,6069160,500000
9839,171176688,5650
9840,6069160,500000
9841,6069160,500000
9842,6069160,500000
9843,171176688,6530
9844,6069160,500000
9845,6069160,500000
9846,171176688,6820
9847,6069160,500000
9848,6069160,500000
9849,6069160,500000
9850,171176688,7100
9851,6069160,500000
9852,171176688,9430
9853,171176688,3630
9854,171176688,14360
9855,171176688,5510
9856,6069160,500000
9857,171176688,20300
9858,6069160,500000
9859,6069160,500000
9860,6069160,500000
9861,171176688,5950
9862,171176688,15810
9863,6069160,500000
9864,6069160,500000
9865,171176688,8120
9866,6069160,500000
9867,6069160,500000
9868,6069160,500000
9869,6069160,500000
9870,171176688,15810
9871,6069160,500000
9872,6069160,500000
9873,6069160,500000
9874,6069160,500000
9875,171176688,7100
9876,6069160,500000
9877,6069160,500000
9878,6069160,500000
9879,6069160,500000
9880,171176688,50900
9881,6069160,500000
9882,171176688,5370
9883,171176688,7400
9884,6069160,500000
9885,6069160,500000
9886,6069160,500000
9887,171176688,6960
9888,6069160,500000
9889,6069160,500000
9890,6069160,500000
9891,171176688,12330
9892,171176688,11890
9893,6069160,500000
9894,171176688,5510
9895,6069160,500000
9896,171176688,7100
9897,6069160,500000
9898,171176688,6820
9899,6069160,500000
9900,171176688,4060
9901,6069160,500000
9902,6069160,500000
9903,6069160,500000
9904,6069160,500000
9905,6069160,500000
9906,6069160,500000
9907,171176688,10000
9908,171176688,10730
9909,171176688,4930
9910,6069160,500000
9911,6069160,500000
9912,171176688,13920
9913,6069160,500000
9914,6069160,500000
9915,171176688,24510
9916,6069160,500000
9917,6069160,500000
9918,171176688,7680
9919,6069160,500000
9920,6069160,500000
9921,6069160,500000
9922,171176688,14210
9923,6069160,500000
9924,6069160,500000
9925,6069160,500000
9926,6069160,500000
9927,171176688,9130
9928,171176688,13050
9929,171176688,11020
9930,6069160,500000
9931,6069160,500000
9932,171176688,8990
9933,6069160,500000
9934,6069160,500000
9935,6069160,500000
9936,171176688,5370
9937,171176688,11170
9938,171176688,9280
9939,171176688,11020
9940,171176688,7680
9941,171176688,42050
9942,6069160,500000
9943,6069160,500000
9944,6069160,500000
9945,171176688,9290
9946,6069160,500000
9947,6069160,500000
9948,6069160,500000
9949,6069160,500000
9950,171176688,10470
9951,6069160,500000
9952,6069160,500000
9953,6069160,500000
9954,6069160,500000
9955,6069160,500000
9956,171176688,4930
9957,171176688,8120
9958,6069160,500000
9959,171176688,24360
9960,6069160,500000
9961,171176688,82650
9962,6069160,500000
9963,6069160,500000
9964,6069160,500000
9965,6069160,500000
9966,6069160,500000
9967,6069160,500000
9968,6069160,500000
9969,6069160,500000
9970,6069160,500000
9971,171176688,8850
9972,171176688,6530
9973,6069160,500000
9974,6069160,500000
9975,6069160,500000
9976,6069160,500000
9977,6069160,500000
9978,171176688,7680
9979,6069160,500000
9980,171176688,6240
9981,6069160,500000
9982,171176688,7250
9983,6069160,500000
9984,6069160,500000
9985,6069160,500000
9986,171176688,6240
9987,6069160,500000
9988,6069160,500000
9989,171176688,9430
9990,171176688,8300
9991,6069160,500000
9992,171176688,10300
9993,6069160,500000
9994,6069160,500000
9995,6069160,500000
9996,6069160,500000
9997,6069160,500000
9998,6069160,500000
9999,6069160,500000
10000,171176688,4500
10001,6069160,500000
10002,6069160,500000
10003,6069160,500000
10004,171176688,95850
10005,171176688,9570
10006,171176688,8850
10007,171176688,4350
10008,171176688,8550
10009,6069160,500000
10010,6069160,500000
10011,6069160,500000
10012,6069160,500000
10013,6069160,500000
10014,171176688,7540
10015,6069160,500000
10016,6069160,500000
10017,6069160,500000
10018,171176688,5510
10019,6069160,500000
10020,6069160,500000
10021,171176688,7830
10022,171176688,9280
10023,171176688,6960
10024,171176688,7830
10025,6069160,500000
10026,171176688,6820
10027,171176688,5650
10028,6069160,500000
10029,171176688,12910
10030,171176688,13060
10031,171176688,10000
10032,6069160,500000
10033,6069160,500000
10034,6069160,500000
10035,6069160,500000
10036,6069160,500000
10037,171176688,5950
10038,6069160,500000
10039,6069160,500000
10040,171176688,8120
10041,6069160,500000
10042,171176688,8120
10043,171176688,10880
10044,6069160,500000
10045,171176688,10730
10046,171176688,7250
10047,6069160,500000
10048,171176688,4930
10049,171176688,14790
10050,6069160,500000
10051,6069160,500000
10052,171176688,11750
10053,6069160,500000
10054,171176688,11310
10055,171176688,9430
10056,6069160,500000
10057,6069160,500000
10058,171176688,7830
10059,6069160,500000
10060,171176688,8270
10061,6069160,500000
10062,6069160,500000
10063,171176688,10880
10064,6069160,500000
10065,6069160,500000
10066,171176688,43500
10067,6069160,500000
10068,6069160,500000
10069,6069160,500000
10070,6069160,500000
10071,6069160,500000
10072,171176688,7400
10073,6069160,500000
10074,171176688,6820
10075,171176688,5080
10076,6069160,500000
10077,6069160,500000
10078,6069160,500000
10079,171176688,6960
10080,171176688,10160
10081,171176688,6820
10082,171176688,4790
10083,6069160,500000
10084,6069160,500000
10085,6069160,500000
10086,171176688,10730
10087,171176688,5800
10088,6069160,500000
10089,6069160,500000
10090,171176688,9130
10091,171176688,7980
10092,6069160,500000
10093,6069160,500000
10094,6069160,500000
10095,6069160,500000
10096,171176688,8990
10097,171176688,6380
10098,6069160,500000
10099,6069160,500000
10100,6069160,500000
10101,6069160,500000
10102,6069160,500000
10103,171176688,7250
10104,171176688,7540
10105,171176688,14070
10106,6069160,500000
10107,6069160,500000
10108,6069160,500000
10109,171176688,5510
10110,6069160,500000
10111,6069160,500000
10112,6069160,500000
10113,6069160,500000
10114,171176688,7100
10115,6069160,500000
10116,171176688,22480
10117,6069160,500000
10118,171176688,5510
10119,6069160,500000
10120,6069160,500000
10121,171176688,8850
10122,171176688,9860
10123,171176688,10000
10124,171176688,8850
10125,171176688,6960
10126,6069160,500000
10127,171176688,8990
10128,6069160,500000
10129,171176688,6390
10130,6069160,500000
10131,6069160,500000
10132,6069160,500000
10133,6069160,500000
10134,6069160,500000
10135,6069160,500000
10136,6069160,500000
10137,6069160,500000
10138,6069160,500000
10139,6069160,500000
10140,6069160,500000
10141,6069160,500000
10142,6069160,500000
10143,171176688,8850
10144,6069160,500000
10145,6069160,500000
10146,171176688,5370
10147,171176688,9570
10148,6069160,500000
10149,171176688,8700
10150,6069160,500000
10151,6069160,500000
10152,171176688,11320
10153,171176688,5220
10154,171176688,6380
10155,6069160,500000
10156,171176688,5080
10157,171176688,7100
10158,171176688,7980
10159,6069160,500000
10160,6069160,500000
10161,171176688,12760
10162,6069160,500000
10163,6069160,500000
10164,6069160,500000
10165,6069160,500000
10166,6069160,500000
10167,6069160,500000
10168,171176688,7980
10169,171176688,7830
10170,6069160,500000
10171,6069160,500000
10172,6069160,500000
10173,6069160,500000
10174,6069160,500000
10175,6069160,500000
10176,171176688,6960
10177,171176688,9430
10178,6069160,500000
10179,6069160,500000
10180,6069160,500000
10181,171176688,9280
10182,6069160,500000
10183,6069160,500000
10184,171176688,8700
10185,6069160,500000
10186,171176688,7980
10187,6069160,500000
10188,6069160,500000
10189,6069160,500000
10190,6069160,500000
10191,171176688,12910
10192,6069160,500000
10193,6069160,500000
10194,171176688,6240
10195,6069160,500000
10196,6069160,500000
10197,6069160,500000
10198,6069160,500000
10199,171176688,13780
10200,6069160,500000
10201,6069160,500000
10202,171176688,38570
10203,171176688,8410
10204,6069160,500000
10205,6069160,500000
10206,6069160,500000
10207,6069160,500000
10208,171176688,7100
10209,171176688,12910
10210,6069160,500000
10211,171176688,6530
10212,6069160,500000
10213,171176688,8410
10214,171176688,5650
10215,6069160,500000
10216,6069160,500000
10217,6069160,500000
10218,6069160,500000
10219,6069160,500000
10220,171176688,8990
10221,171176688,7680
10222,171176688,5800
10223,6069160,500000
10224,171176688,11170
10225,6069160,500000
10226,6069160,500000
10227,171176688,7250
10228,171176688,12620
10229,6069160,500000
10230,6069160,500000
10231,6069160,500000
10232,6069160,500000
10233,171176688,12030
10234,6069160,500000
10235,6069160,500000
10236,6069160,500000
10237,6069160,500000
10238,6069160,500000
10239,6069160,500000
10240,171176688,13920
10241,6069160,500000
10242,171176688,10000
10243,6069160,500000
10244,171176688,3770
10245,171176688,5370
10246,6069160,500000
10247,171176688,9570
10248,6069160,500000
10249,171176688,7250
10250,6069160,500000
10251,171176688,20590
10252,171176688,6820
10253,6069160,500000
10254,6069160,500000
10255,6069160,500000
10256,171176688,6820
10257,171176688,9720
10258,6069160,500000
10259,6069160,500000
10260,6069160,500000
10261,171176688,5370
10262,171176688,6820
10263,6069160,500000
10264,6069160,500000
10265,171176688,8550
10266,6069160,500000
10267,6069160,500000
10268,171176688,8700
10269,6069160,500000
10270,6069160,500000
10271,6069160,500000
10272,6069160,500000
10273,171176688,9720
10274,171176688,10440
10275,6069160,500000
10276,6069160,500000
10277,6069160,500000
10278,6069160,500000
10279,6069160,500000
10280,6069160,500000
10281,6069160,500000
10282,6069160,500000
10283,6069160,500000
10284,171176688,11890
10285,171176688,6670
10286,6069160,500000
10287,171176688,7400
10288,6069160,500000
10289,171176688,24940
10290,6069160,500000
10291,6069160,500000
10292,6069160,500000
10293,171176688,6820
10294,171176688,21460
10295,171176688,25660
10296,6069160,500000
10297,6069160,500000
10298,6069160,500000
10299,171176688,7830
10300,6069160,500000
10301,6069160,500000
10302,6069160,500000
10303,6069160,500000
10304,6069160,500000
10305,171176688,11600
10306,6069160,500000
10307,6069160,500000
10308,171176688,9280
10309,171176688,8550
10310,6069160,500000
10311,6069160,500000
10312,171176688,4500
10313,6069160,500000
10314,6069160,500000
10315,171176688,9860
10316,6069160,500000
10317,6069160,500000
10318,6069160,500000
10319,6069160,500000
10320,6069160,500000
10321,6069160,500000
10322,6069160,500000
10323,6069160,500000
10324,6069160,500000
10325,171176688,8850
10326,6069160,500000
10327,6069160,500000
10328,6069160,500000
10329,6069160,500000
10330,6069160,500000
10331,171176688,14500
10332,171176688,11600
10333,6069160,500000
10334,6069160,500000
10335,171176688,41180
10336,171176688,7250
10337,171176688,10150
10338,6069160,500000
10339,6069160,500000
10340,6069160,500000
10341,171176688,34660
10342,6069160,500000
10343,6069160,500000
10344,6069160,500000
10345,6069160,500000
10346,6069160,500000
10347,171176688,21320
10348,6069160,500000
10349,6069160,500000
10350,171176688,12620
10351,6069160,500000
10352,6069160,500000
10353,6069160,500000
10354,6069160,500000
10355,6069160,500000
10356,171176688,8550
10357,6069160,500000
10358,6069160,500000
10359,6069160,500000
10360,6069160,500000
10361,171176688,20440
10362,6069160,500000
10363,6069160,500000
10364,6069160,500000
10365,6069160,500000
10366,6069160,500000
10367,6069160,500000
10368,6069160,500000
10369,6069160,500000
10370,171176688,5950
10371,6069160,500000
10372,171176688,10730
10373,171176688,4790
10374,6069160,500000
10375,171176688,7540
10376,6069160,500000
10377,6069160,500000
10378,6069160,500000
10379,6069160,500000
10380,6069160,500000
10381,6069160,500000
10382,6069160,500000
10383,171176688,9720
10384,6069160,500000
10385,171176688,10440
10386,6069160,500000
10387,171176688,11020
10388,6069160,500000
10389,171176688,6380
10390,6069160,500000
10391,6069160,500000
10392,6069160,500000
10393,6069160,500000
10394,171176688,8420
10395,6069160,500000
10396,6069160,500000
10397,6069160,500000
10398,6069160,500000
10399,6069160,500000
10400,6069160,500000
10401,171176688,8700
10402,6069160,500000
10403,6069160,500000
10404,6069160,500000
10405,6069160,500000
10406,171176688,9870
10407,6069160,500000
10408,6069160,500000
10409,171176688,6090
10410,6069160,500000
10411,171176688,9280
10412,6069160,500000
10413,6069160,500000
10414,6069160,500000
10415,6069160,500000
10416,6069160,500000
10417,6069160,500000
10418,6069160,500000
10419,171176688,14640
10420,6069160,500000
10421,171176688,20590
10422,171176688,6670
10423,171176688,8700
10424,6069160,500000
10425,6069160,500000
10426,6069160,500000
10427,6069160,500000
10428,6069160,500000
10429,6069160,500000
10430,6069160,500000
10431,6069160,500000
10432,6069160,500000
10433,6069160,500000
10434,6069160,500000
10435,6069160,500000
10436,6069160,500000
10437,171176688,7980
10438,6069160,500000
10439,6069160,500000
10440,171176688,4350
10441,6069160,500000
10442,6069160,500000
10443,6069160,500000
10444,171176688,4930
10445,6069160,500000
10446,6069160,500000
10447,6069160,500000
10448,6069160,500000
10449,171176688,34660
10450,6069160,500000
10451,6069160,500000
10452,6069160,500000
10453,6069160,500000
10454,6069160,500000
10455,171176688,8850
10456,6069160,500000
10457,171176688,6820
10458,6069160,500000
10459,6069160,500000
10460,6069160,500000
10461,6069160,500000
10462,6069160,500000
10463,171176688,6960
10464,171176688,8410
10465,6069160,500000
10466,171176688,19720
10467,6069160,500000
10468,6069160,500000
10469,6069160,500000
10470,6069160,500000
10471,171176688,8990
10472,171176688,6670
10473,6069160,500000
10474,6069160,500000
10475,171176688,22330
10476,171176688,151960
10477,171176688,11020
10478,171176688,9720
10479,171176688,11310
10480,171176688,14790
10481,171176688,4500
10482,171176688,3480
10483,6069160,500000
10484,6069160,500000
10485,6069160,500000
10486,171176688,5800
10487,6069160,500000
10488,171176688,16530
10489,171176688,7980
10490,171176688,13780
10491,6069160,500000
10492,6069160,500000
10493,6069160,500000
10494,171176688,9430
10495,6069160,500000
10496,6069160,500000
10497,6069160,500000
10498,6069160,500000
10499,6069160,500000
10500,6069160,500000
10501,171176688,7400
10502,6069160,500000
10503,6069160,500000
10504,6069160,500000
10505,6069160,500000
10506,171176688,13480
10507,6069160,500000
10508,171176688,9570
10509,171176688,5510
10510,171176688,10150
10511,171176688,19000
10512,171176688,8410
10513,6069160,500000
10514,171176688,11600
10515,6069160,500000
10516,6069160,500000
10517,6069160,500000
10518,171176688,5950
10519,6069160,500000
10520,6069160,500000
10521,6069160,500000
10522,6069160,500000
10523,6069160,500000
10524,6069160,500000
10525,6069160,500000
10526,6069160,500000
10527,6069160,500000
10528,6069160,500000
10529,171176688,8120
10530,6069160,500000
10531,171176688,5080
10532,171176688,8550
10533,6069160,500000
10534,6069160,500000
10535,6069160,500000
10536,6069160,500000
10537,6069160,500000
10538,6069160,500000
10539,6069160,500000
10540,6069160,500000
10541,6069160,500000
10542,171176688,11310
10543,6069160,500000
10544,6069160,500000
10545,171176688,8700
10546,6069160,500000
10547,6069160,500000
10548,6069160,500000
10549,171176688,6670
10550,171176688,6380
10551,6069160,500000
10552,171176688,17690
10553,6069160,500000
10554,6069160,500000
10555,171176688,18710
10556,171176688,30590
10557,6069160,500000
10558,6069160,500000
10559,171176688,4790
10560,171176688,8270
10561,171176688,22330
10562,6069160,500000
10563,6069160,500000
10564,6069160,500000
10565,6069160,500000
10566,171176688,12620
10567,6069160,500000
10568,171176688,7250
10569,6069160,500000
10570,6069160,500000
10571,171176688,6240
10572,171176688,10440
10573,171176688,6380
10574,171176688,6820
10575,6069160,500000
10576,6069160,500000
10577,171176688,14360
10578,6069160,500000
10579,171176688,9280
10580,6069160,500000
10581,171176688,44080
10582,171176688,10580
10583,6069160,500000
10584,171176688,6530
10585,171176688,5370
10586,171176688,43210
10587,6069160,500000
10588,6069160,500000
10589,171176688,6530
10590,171176688,7540
10591,6069160,500000
10592,6069160,500000
10593,171176688,5510
10594,6069160,500000
10595,6069160,500000
10596,171176688,24650
10597,171176688,9430
10598,171176688,6820
10599,171176688,5800
10600,171176688,5800
10601,171176688,5220
10602,6069160,500000
10603,171176688,13050
10604,6069160,500000
10605,6069160,500000
10606,6069160,500000
10607,171176688,8550
10608,6069160,500000
10609,171176688,7100
10610,171176688,9130
10611,171176688,27690
10612,6069160,500000
10613,6069160,500000
10614,6069160,500000
10615,6069160,500000
10616,6069160,500000
10617,171176688,9720
10618,171176688,6090
10619,6069160,500000
10620,171176688,5950
10621,6069160,500000
10622,6069160,500000
10623,6069160,500000
10624,6069160,500000
10625,6069160,500000
10626,6069160,500000
10627,171176688,4200
10628,6069160,500000
10629,6069160,500000
10630,6069160,500000
10631,6069160,500000
10632,6069160,500000
10633,6069160,500000
10634,6069160,500000
10635,6069160,500000
10636,6069160,500000
10637,171176688,11600
10638,6069160,500000
10639,171176688,7830
10640,171176688,16380
10641,171176688,11600
10642,171176688,8850
10643,6069160,500000
10644,171176688,5950
10645,6069160,500000
10646,171176688,7830
10647,6069160,500000
10648,6069160,500000
10649,6069160,500000
10650,171176688,10000
10651,6069160,500000
10652,6069160,500000
10653,6069160,500000
10654,6069160,500000
10655,6069160,500000
10656,171176688,12030
10657,6069160,500000
10658,6069160,500000
10659,171176688,26540
10660,171176688,9860
10661,171176688,4930
10662,171176688,8410
10663,171176688,6090
10664,6069160,500000
10665,6069160,500000
10666,6069160,500000
10667,6069160,500000
10668,171176688,5370
10669,171176688,9860
10670,171176688,8270
10671,6069160,500000
10672,6069160,500000
10673,171176688,8550
10674,171176688,13630
10675,171176688,9430
10676,6069160,500000
10677,171176688,35240
10678,6069160,500000
10679,171176688,7400
10680,171176688,6380
10681,6069160,500000
10682,6069160,500000
10683,171176688,7400
10684,171176688,4930
10685,6069160,500000
10686,171176688,6960
10687,6069160,500000
10688,6069160,500000
10689,6069160,500000
10690,6069160,500000
10691,6069160,500000
10692,6069160,500000
10693,6069160,500000
10694,171176688,15660
10695,171176688,6090
10696,6069160,500000
10697,6069160,500000
10698,6069160,500000
10699,171176688,10580
10700,6069160,500000
10701,6069160,500000
10702,171176688,11170
10703,171176688,6670
10704,171176688,15080
10705,6069160,500000
10706,6069160,500000
10707,6069160,500000
10708,6069160,500000
10709,6069160,500000
10710,6069160,500000
10711,6069160,500000
10712,6069160,500000
10713,6069160,500000
10714,171176688,7980
10715,6069160,500000
10716,6069160,500000
10717,6069160,500000
10718,171176688,6550
10719,6069160,500000
10720,6069160,500000
10721,171176688,8700
10722,171176688,5950
10723,6069160,500000
10724,6069160,500000
10725,6069160,500000
10726,171176688,9020
10727,171176688,5950
10728,171176688,10300
10729,6069160,500000
10730,171176688,15230
10731,171176688,12330
10732,171176688,50310
10733,6069160,500000
10734,171176688,15090
10735,6069160,500000
10736,6069160,500000
10737,6069160,500000
10738,171176688,8410
10739,6069160,500000
10740,171176688,8990
10741,171176688,6670
10742,6069160,500000
10743,171176688,7680
10744,171176688,9130
10745,6069160,500000
10746,6069160,500000
10747,171176688,9430
10748,6069160,500000
10749,6069160,500000
10750,6069160,500000
10751,6069160,500000
10752,6069160,500000
10753,6069160,500000
10754,171176688,8270
10755,6069160,500000
10756,171176688,8120
10757,6069160,500000
10758,6069160,500000
10759,6069160,500000
10760,6069160,500000
10761,6069160,500000
10762,6069160,500000
10763,6069160,500000
10764,6069160,500000
10765,171176688,5650
10766,6069160,500000
10767,6069160,500000
10768,6069160,500000
10769,6069160,500000
10770,171176688,9720
10771,171176688,8410
10772,6069160,500000
10773,6069160,500000
10774,6069160,500000
10775,171176688,9860
10776,171176688,5220
10777,171176688,10300
10778,171176688,6670
10779,6069160,500000
10780,6069160,500000
10781,6069160,500000
10782,6069160,500000
10783,6069160,500000
10784,6069160,500000
10785,6069160,500000
10786,6069160,500000
10787,171176688,13340
10788,6069160,500000
10789,171176688,7830
10790,171176688,11020
10791,171176688,5650
10792,6069160,500000
10793,6069160,500000
10794,6069160,500000
10795,6069160,500000
10796,6069160,500000
10797,6069160,500000
10798,6069160,500000
10799,6069160,500000
10800,6069160,500000
10801,6069160,500000
10802,6069160,500000
10803,171176688,7680
10804,6069160,500000
10805,6069160,500000
10806,171176688,7250
10807,6069160,500000
10808,6069160,500000
10809,171176688,7980
10810,6069160,500000
10811,171176688,6530
10812,6069160,500000
10813,6069160,500000
10814,6069160,500000
10815,6069160,500000
10816,6069160,500000
10817,6069160,500000
10818,171176688,5950
10819,6069160,500000
10820,6069160,500000
10821,171176688,7980
10822,6069160,500000
10823,6069160,500000
10824,6069160,500000
10825,171176688,12910
10826,171176688,15080
10827,6069160,500000
10828,6069160,500000
10829,6069160,500000
10830,6069160,500000
10831,6069160,500000
10832,171176688,5650
10833,6069160,500000
10834,6069160,500000
10835,6069160,500000
10836,6069160,500000
10837,171176688,6090
10838,171176688,12330
10839,6069160,500000
10840,6069160,500000
10841,6069160,500000
10842,6069160,500000
10843,6069160,500000
10844,171176688,50460
10845,6069160,500000
10846,171176688,4790
10847,6069160,500000
10848,6069160,500000
10849,6069160,500000
10850,6069160,500000
10851,6069160,500000
10852,171176688,12330
10853,6069160,500000
10854,171176688,10150
10855,6069160,500000
10856,6069160,500000
10857,171176688,12470
10858,6069160,500000
10859,6069160,500000
10860,171176688,5080
10861,6069160,500000
10862,6069160,500000
10863,171176688,19580
10864,6069160,500000
10865,6069160,500000
10866,6069160,500000
10867,6069160,500000
10868,6069160,500000
10869,171176688,21610
10870,6069160,500000
10871,171176688,10730
10872,171176688,7250
10873,171176688,8550
10874,171176688,11020
10875,171176688,6530
10876,6069160,500000
10877,171176688,41760
10878,6069160,500000
10879,6069160,500000
10880,171176688,22040
10881,6069160,500000
10882,171176688,5370
10883,6069160,500000
10884,171176688,8700
10885,171176688,6960
10886,6069160,500000
10887,171176688,11170
10888,6069160,500000
10889,171176688,8270
10890,171176688,8850
10891,6069160,500000
10892,6069160,500000
10893,6069160,500000
10894,171176688,6530
10895,171176688,5650
10896,6069160,500000
10897,6069160,500000
10898,6069160,500000
10899,171176688,8410
10900,6069160,500000
10901,6069160,500000
10902,171176688,5800
10903,6069160,500000
10904,171176688,6090
10905,6069160,500000
10906,6069160,500000
10907,171176688,13050
10908,6069160,500000
10909,6069160,500000
10910,6069160,500000
10911,6069160,500000
10912,171176688,7680
10913,6069160,500000
10914,6069160,500000
10915,171176688,8270
10916,171176688,6240
10917,6069160,500000
10918,171176688,12910
10919,171176688,8700
10920,171176688,7830
10921,6069160,500000
10922,6069160,500000
10923,6069160,500000
10924,6069160,500000
10925,171176688,8120
10926,6069160,500000
10927,6069160,500000
10928,171176688,8270
10929,6069160,500000
10930,171176688,6960
10931,6069160,500000
10932,6069160,500000
10933,171176688,6240
10934,171176688,10000
10935,6069160,500000
10936,6069160,500000
10937,6069160,500000
10938,6069160,500000
10939,6069160,500000
10940,6069160,500000
10941,6069160,500000
10942,6069160,500000
10943,6069160,500000
10944,6069160,500000
10945,6069160,500000
10946,6069160,500000
10947,6069160,500000
10948,6069160,500000
10949,171176688,4060
10950,6069160,500000
10951,171176688,22910
10952,6069160,500000
10953,6069160,500000
10954,6069160,500000
10955,171176688,6240
10956,171176688,14640
10957,6069160,500000
10958,6069160,500000
10959,6069160,500000
10960,6069160,500000
10961,171176688,5650
10962,6069160,500000
10963,171176688,8850
10964,171176688,7540
10965,6069160,500000
10966,6069160,500000
10967,6069160,500000
10968,171176688,7100
10969,171176688,8270
10970,6069160,500000
10971,6069160,500000
10972,6069160,500000
10973,171176688,6820
10974,6069160,500000
10975,171176688,8700
10976,6069160,500000
10977,6069160,500000
10978,6069160,500000
10979,6069160,500000
10980,6069160,500000
10981,6069160,500000
10982,171176688,7400
10983,6069160,500000
10984,6069160,500000
10985,171176688,5080
10986,171176688,5370
10987,6069160,500000
10988,171176688,6090
10989,171176688,12910
10990,6069160,500000
10991,171176688,6960
10992,171176688,12760
10993,6069160,500000
10994,6069160,500000
10995,6069160,500000
10996,6069160,500000
10997,6069160,500000
10998,6069160,500000
10999,171176688,14640
11000,6069160,500000
11001,6069160,500000
11002,6069160,500000
11003,6069160,500000
11004,6069160,500000
11005,6069160,500000
11006,171176688,8850
11007,171176688,9720
11008,171176688,10730
11009,6069160,500000
11010,6069160,500000
11011,6069160,500000
11012,6069160,500000
11013,6069160,500000
11014,171176688,7250
11015,171176688,5950
11016,171176688,7540
11017,6069160,500000
11018,6069160,500000
11019,6069160,500000
11020,6069160,500000
11021,6069160,500000
11022,6069160,500000
11023,171176688,11460
11024,171176688,8270
11025,6069160,500000
11026,6069160,500000
11027,171176688,7250
11028,171176688,5080
11029,6069160,500000
11030,6069160,500000
11031,6069160,500000
11032,171176688,4640
11033,6069160,500000
11034,171176688,6530
11035,6069160,500000
11036,171176688,8430
11037,6069160,500000
11038,6069160,500000
11039,6069160,500000
11040,6069160,500000
11041,6069160,500000
11042,6069160,500000
11043,171176688,6090
11044,171176688,13630
11045,171176688,5950
11046,171176688,9430
11047,6069160,500000
11048,171176688,5800
11049,171176688,44950
11050,6069160,500000
11051,6069160,500000
11052,171176688,5080
11053,171176688,6820
11054,6069160,500000
11055,171176688,8270
11056,6069160,500000
11057,171176688,5510
11058,171176688,10580
11059,6069160,500000
11060,6069160,500000
11061,171176688,10880
11062,171176688,7980
11063,171176688,9570
11064,6069160,500000
11065,171176688,9860
11066,6069160,500000
11067,171176688,4640
11068,6069160,500000
11069,171176688,10150
11070,171176688,4200
11071,6069160,500000
11072,171176688,6820
11073,171176688,5660
11074,171176688,18710
11075,171176688,6240
11076,6069160,500000
11077,171176688,8120
11078,6069160,500000
11079,6069160,500000
11080,6069160,500000
11081,6069160,500000
11082,171176688,6530
11083,6069160,500000
11084,6069160,500000
11085,6069160,500000
11086,6069160,500000
11087,171176688,8550
11088,171176688,10000
11089,6069160,500000
11090,6069160,500000
11091,6069160,500000
11092,6069160,500000
11093,171176688,15660
11094,6069160,500000
11095,6069160,500000
11096,6069160,500000
11097,6069160,500000
11098,6069160,500000
11099,171176688,15810
11100,6069160,500000
11101,6069160,500000
11102,171176688,7680
11103,6069160,500000
11104,171176688,7540
11105,171176688,6090
11106,171176688,11460
11107,6069160,500000
11108,171176688,5080
11109,6069160,500000
11110,171176688,4650
11111,6069160,500000
11112,6069160,500000
11113,171176688,6530
11114,6069160,500000
11115,6069160,500000
11116,6069160,500000
11117,6069160,500000
11118,6069160,500000
11119,6069160,500000
11120,171176688,5650
11121,171176688,12180
11122,171176688,7250
11123,6069160,500000
11124,6069160,500000
11125,6069160,500000
11126,6069160,500000
11127,171176688,5950
11128,171176688,13630
11129,171176688,8120
11130,6069160,500000
11131,171176688,6530
11132,171176688,15380
11133,171176688,4200
11134,6069160,500000
11135,6069160,500000
11136,6069160,500000
11137,6069160,500000
11138,171176688,9430
11139,6069160,500000
11140,171176688,6960
11141,6069160,500000
11142,171176688,4790
11143,171176688,41470
11144,171176688,7250
11145,6069160,500000
11146,6069160,500000
11147,171176688,7400
11148,6069160,500000
11149,171176688,15080
11150,171176688,9430
11151,171176688,11170
11152,171176688,10000
11153,6069160,500000
11154,6069160,500000
11155,171176688,7680
11156,171176688,8990
11157,6069160,500000
11158,6069160,500000
11159,171176688,4790
11160,171176688,7830
11161,171176688,5370
11162,6069160,500000
11163,6069160,500000
11164,171176688,22040
11165,6069160,500000
11166,6069160,500000
11167,6069160,500000
11168,6069160,500000
11169,6069160,500000
11170,6069160,500000
11171,6069160,500000
11172,6069160,500000
11173,6069160,500000
11174,6069160,500000
11175,6069160,500000
11176,171176688,8990
11177,171176688,13340
11178,6069160,500000
11179,6069160,500000
11180,6069160,500000
11181,6069160,500000
11182,171176688,9570
11183,6069160,500000
11184,6069160,500000
11185,171176688,5080
11186,6069160,500000
11187,171176688,8550
11188,6069160,500000
11189,6069160,500000
11190,171176688,5220
11191,6069160,500000
11192,6069160,500000
11193,171176688,12760
11194,6069160,500000
11195,6069160,500000
11196,6069160,500000
11197,6069160,500000
11198,6069160,500000
11199,6069160,500000
11200,6069160,500000
11201,6069160,500000
11202,171176688,8550
11203,171176688,12030
11204,171176688,13480
11205,171176688,5650
11206,6069160,500000
11207,171176688,13340
11208,171176688,5080
11209,6069160,500000
11210,6069160,500000
11211,6069160,500000
11212,6069160,500000
11213,171176688,6530
11214,171176688,7730
11215,171176688,21460
11216,171176688,7830
11217,6069160,500000
11218,6069160,500000
11219,171176688,6380
11220,6069160,500000
11221,6069160,500000
11222,171176688,7980
11223,6069160,500000
11224,6069160,500000
11225,6069160,500000
11226,6069160,500000
11227,171176688,7250
11228,6069160,500000
11229,6069160,500000
11230,6069160,500000
11231,6069160,500000
11232,6069160,500000
11233,171176688,4060
11234,171176688,9570
11235,171176688,10730
11236,6069160,500000
11237,171176688,7980
11238,6069160,500000
11239,171176688,9570
11240,6069160,500000
11241,171176688,7250
11242,171176688,5650
11243,6069160,500000
11244,6069160,500000
11245,6069160,500000
11246,171176688,10580
11247,6069160,500000
11248,171176688,20880
11249,6069160,500000
11250,6069160,500000
11251,171176688,17110
11252,6069160,500000
11253,6069160,500000
11254,6069160,500000
11255,6069160,500000
11256,6069160,500000
11257,6069160,500000
11258,6069160,500000
11259,171176688,8850
11260,6069160,500000
11261,6069160,500000
11262,6069160,500000
11263,171176688,9720
11264,6069160,500000
11265,171176688,6820
11266,6069160,500000
11267,6069160,500000
11268,171176688,14360
11269,171176688,6820
11270,6069160,500000
11271,171176688,14070
11272,6069160,500000
11273,6069160,500000
11274,6069160,500000
11275,6069160,500000
11276,6069160,500000
11277,6069160,500000
11278,6069160,500000
11279,6069160,500000
11280,6069160,500000
11281,6069160,500000
11282,6069160,500000
11283,6069160,500000
11284,6069160,500000
11285,6069160,500000
11286,6069160,500000
11287,6069160,500000
11288,6069160,500000
11289,171176688,9570
11290,6069160,500000
11291,6069160,500000
11292,171176688,7540
11293,6069160,500000
11294,6069160,500000
11295,6069160,500000
11296,6069160,500000
11297,6069160,500000
11298,171176688,5800
11299,6069160,500000
11300,6069160,500000
11301,6069160,500000
11302,6069160,500000
11303,6069160,500000
11304,6069160,500000
11305,171176688,10580
11306,171176688,8990
11307,6069160,500000
11308,171176688,7540
11309,6069160,500000
11310,6069160,500000
11311,171176688,8410
11312,171176688,19140
11313,171176688,6960
11314,171176688,21460
11315,6069160,500000
11316,171176688,10730
11317,6069160,500000
11318,6069160,500000
11319,171176688,20880
11320,171176688,41180
11321,171176688,7540
11322,6069160,500000
11323,6069160,500000
11324,171176688,7830
11325,6069160,500000
11326,6069160,500000
11327,6069160,500000
11328,6069160,500000
11329,171176688,5800
11330,6069160,500000
11331,6069160,500000
11332,6069160,500000
11333,171176688,4790
11334,6069160,500000
11335,6069160,500000
11336,171176688,4500
11337,6069160,500000
11338,6069160,500000
11339,6069160,500000
11340,6069160,500000
11341,171176688,11020
11342,6069160,500000
11343,6069160,500000
11344,171176688,6530
11345,6069160,500000
11346,6069160,500000
11347,171176688,6670
11348,171176688,8410
11349,6069160,500000
11350,6069160,500000
11351,171176688,14500
11352,171176688,5080
11353,6069160,500000
11354,6069160,500000
11355,6069160,500000
11356,6069160,500000
11357,6069160,500000
11358,171176688,9860
11359,6069160,500000
11360,6069160,500000
11361,6069160,500000
11362,6069160,500000
11363,6069160,500000
11364,6069160,500000
11365,6069160,500000
11366,171176688,10150
11367,6069160,500000
11368,6069160,500000
11369,6069160,500000
11370,171176688,17000
11371,6069160,500000
11372,6069160,500000
11373,6069160,500000
11374,6069160,500000
11375,6069160,500000
11376,6069160,500000
11377,6069160,500000
11378,6069160,500000
11379,171176688,6530
11380,171176688,8990
11381,171176688,24650
11382,171176688,6960
11383,6069160,500000
11384,6069160,500000
11385,171176688,8120
11386,6069160,500000
11387,6069160,500000
11388,171176688,14500
11389,171176688,6670
11390,171176688,7830
11391,6069160,500000
11392,6069160,500000
11393,171176688,11020
11394,6069160,500000
11395,6069160,500000
11396,171176688,7680
11397,6069160,500000
11398,171176688,4350
11399,171176688,6960
11400,6069160,500000
11401,6069160,500000
11402,6069160,500000
11403,171176688,15520
11404,171176688,7980
11405,171176688,15230
11406,171176688,9130
11407,6069160,500000
11408,171176688,7680
11409,6069160,500000
11410,171176688,12180
11411,171176688,6670
11412,6069160,500000
11413,171176688,8120
11414,171176688,10150
11415,6069160,500000
11416,6069160,500000
11417,6069160,500000
11418,171176688,12620
11419,6069160,500000
11420,6069160,500000
11421,171176688,4790
11422,6069160,500000
11423,6069160,500000
11424,6069160,500000
11425,6069160,500000
11426,6069160,500000
11427,6069160,500000
11428,6069160,500000
11429,171176688,6260
11430,171176688,8550
11431,6069160,500000
11432,6069160,500000
11433,6069160,500000
11434,6069160,500000
11435,6069160,500000
11436,171176688,7980
11437,6069160,500000
11438,171176688,8410
11439,6069160,500000
11440,171176688,8120
11441,171176688,7680
11442,171176688,4500
11443,6069160,500000
11444,6069160,500000
11445,171176688,5650
11446,6069160,500000
11447,6069160,500000
11448,171176688,4790
11449,6069160,500000
11450,171176688,5220
11451,171176688,5080
11452,6069160,500000
11453,6069160,500000
11454,171176688,9130
11455,171176688,6530
11456,171176688,6670
11457,6069160,500000
11458,171176688,13050
11459,6069160,500000
11460,171176688,8550
11461,171176688,6670
11462,6069160,500000
11463,6069160,500000
11464,171176688,8550
11465,171176688,4350
11466,171176688,8270
11467,171176688,9860
11468,6069160,500000
11469,171176688,7830
11470,171176688,6240
11471,171176688,5220
11472,171176688,13190
11473,171176688,6670
11474,6069160,500000
11475,171176688,18130
11476,171176688,6670
11477,171176688,13920
11478,6069160,500000
11479,6069160,500000
11480,6069160,500000
11481,6069160,500000
11482,6069160,500000
11483,6069160,500000
11484,6069160,500000
11485,6069160,500000
11486,171176688,5080
11487,6069160,500000
11488,171176688,8850
11489,6069160,500000
11490,6069160,500000
11491,171176688,7400
11492,6069160,500000
11493,6069160,500000
11494,171176688,5950
11495,6069160,500000
11496,171176688,10300
11497,6069160,500000
11498,6069160,500000
11499,6069160,500000
11500,171176688,13050
11501,6069160,500000
11502,6069160,500000
11503,171176688,8700
11504,6069160,500000
11505,6069160,500000
11506,171176688,6670
11507,171176688,12470
11508,6069160,500000
11509,171176688,5520
11510,6069160,500000
11511,171176688,8410
11512,171176688,5810
11513,6069160,500000
11514,6069160,500000
11515,171176688,8120
11516,171176688,13340
11517,6069160,500000
11518,6069160,500000
11519,6069160,500000
11520,171176688,20010
11521,6069160,500000
11522,6069160,500000
11523,6069160,500000
11524,6069160,500000
11525,6069160,500000
11526,171176688,6670
11527,6069160,500000
11528,6069160,500000
11529,171176688,40310
11530,171176688,5510
11531,6069160,500000
11532,6069160,500000
11533,6069160,500000
11534,6069160,500000
11535,6069160,500000
11536,6069160,500000
11537,6069160,500000
11538,171176688,9570
11539,171176688,6670
11540,6069160,500000
11541,6069160,500000
11542,6069160,500000
11543,6069160,500000
11544,6069160,500000
11545,6069160,500000
11546,171176688,9570
11547,6069160,500000
11548,6069160,500000
11549,171176688,6820
11550,6069160,500000
11551,6069160,500000
11552,171176688,15080
11553,6069160,500000
11554,6069160,500000
11555,6069160,500000
11556,6069160,500000
11557,6069160,500000
11558,6069160,500000
11559,6069160,500000
11560,6069160,500000
11561,171176688,7100
11562,6069160,500000
11563,6069160,500000
11564,6069160,500000
11565,6069160,500000
11566,6069160,500000
11567,6069160,500000
11568,171176688,6240
11569,6069160,500000
11570,6069160,500000
11571,6069160,500000
11572,6069160,500000
11573,6069160,500000
11574,6069160,500000
11575,6069160,500000
11576,171176688,7100
11577,6069160,500000
11578,6069160,500000
11579,171176688,8270
11580,171176688,12470
11581,6069160,500000
11582,6069160,500000
11583,6069160,500000
11584,171176688,33490
11585,171176688,12910
11586,6069160,500000
11587,6069160,500000
11588,171176688,10440
11589,171176688,6960
11590,171176688,11600
11591,6069160,500000
11592,6069160,500000
11593,171176688,7400
11594,171176688,11310
11595,171176688,8410
11596,6069160,500000
11597,6069160,500000
11598,171176688,26540
11599,171176688,10580
11600,6069160,500000
11601,6069160,500000
11602,171176688,7680
11603,171176688,6380
11604,171176688,8550
11605,6069160,500000
11606,6069160,500000
11607,6069160,500000
11608,171176688,8410
11609,171176688,11750
11610,171176688,6960
11611,6069160,500000
11612,6069160,500000
11613,6069160,500000
11614,6069160,500000
11615,6069160,500000
11616,171176688,8120
11617,171176688,5220
11618,6069160,500000
11619,6069160,500000
11620,6069160,500000
11621,6069160,500000
11622,171176688,19720
11623,6069160,500000
11624,171176688,6820
11625,6069160,500000
11626,6069160,500000
11627,171176688,12330
11628,6069160,500000
11629,171176688,6380
11630,6069160,500000
11631,6069160,500000
11632,6069160,500000
11633,171176688,7540
11634,6069160,500000
11635,171176688,5800
11636,6069160,500000
11637,171176688,9720
11638,171176688,29440
11639,6069160,500000
11640,6069160,500000
11641,6069160,500000
11642,6069160,500000
11643,171176688,4200
11644,6069160,500000
11645,6069160,500000
11646,6069160,500000
11647,6069160,500000
11648,6069160,500000
11649,6069160,500000
11650,6069160,500000
11651,6069160,500000
11652,171176688,6090
11653,171176688,9720
11654,6069160,500000
11655,171176688,4200
11656,171176688,5800
11657,6069160,500000
11658,6069160,500000
11659,6069160,500000
11660,6069160,500000
11661,6069160,500000
11662,171176688,7830
11663,6069160,500000
11664,6069160,500000
11665,6069160,500000
11666,6069160,500000
11667,6069160,500000
11668,6069160,500000
11669,6069160,500000
11670,171176688,9130
11671,6069160,500000
11672,171176688,7400
11673,6069160,500000
11674,6069160,500000
11675,171176688,6380
11676,171176688,7680
11677,6069160,500000
11678,6069160,500000
11679,6069160,500000
11680,171176688,9720
11681,6069160,500000
11682,6069160,500000
11683,171176688,41760
11684,6069160,500000
11685,171176688,10150
11686,6069160,500000
11687,6069160,500000
11688,171176688,6820
11689,171176688,9280
11690,6069160,500000
11691,6069160,500000
11692,171176688,13630
11693,6069160,500000
11694,171176688,7100
11695,171176688,7100
11696,171176688,6670
11697,6069160,500000
11698,171176688,7830
11699,6069160,500000
11700,171176688,5370
11701,171176688,6240
11702,6069160,500000
11703,171176688,4640
11704,171176688,7100
11705,6069160,500000
11706,6069160,500000
11707,6069160,500000
11708,171176688,8120
11709,171176688,10730
11710,171176688,7250
11711,171176688,6240
11712,171176688,15370
11713,6069160,500000
11714,171176688,5230
11715,6069160,500000
11716,6069160,500000
11717,6069160,500000
11718,6069160,500000
11719,171176688,9860
11720,171176688,5080
11721,6069160,500000
11722,171176688,4500
11723,6069160,500000
11724,6069160,500000
11725,171176688,4500
11726,171176688,8410
11727,6069160,500000
11728,6069160,500000
11729,6069160,500000
11730,171176688,6380
11731,6069160,500000
11732,171176688,12760
11733,171176688,7400
11734,171176688,4930
11735,6069160,500000
11736,6069160,500000
11737,6069160,500000
11738,171176688,9860
11739,6069160,500000
11740,171176688,6970
11741,6069160,500000
11742,6069160,500000
11743,6069160,500000
11744,6069160,500000
11745,171176688,7100
11746,6069160,500000
11747,171176688,7550
11748,171176688,11460
11749,6069160,500000
11750,6069160,500000
11751,171176688,11460
11752,171176688,9280
11753,6069160,500000
11754,171176688,7540
11755,171176688,6530
11756,6069160,500000
11757,171176688,14930
11758,6069160,500000
11759,6069160,500000
11760,171176688,8120
11761,6069160,500000
11762,6069160,500000
11763,171176688,7250
11764,6069160,500000
11765,6069160,500000
11766,6069160,500000
11767,6069160,500000
11768,171176688,15080
11769,171176688,10150
11770,6069160,500000
11771,6069160,500000
11772,6069160,500000
11773,6069160,500000
11774,6069160,500000
11775,171176688,5650
11776,6069160,500000
11777,171176688,9430
11778,171176688,6820
11779,6069160,500000
11780,6069160,500000
11781,6069160,500000
11782,6069160,500000
11783,171176688,6670
11784,6069160,500000
11785,6069160,500000
11786,6069160,500000
11787,171176688,10000
11788,6069160,500000
11789,171176688,6240
11790,171176688,8550
11791,6069160,500000
11792,6069160,500000
11793,171176688,6820
11794,6069160,500000
11795,6069160,500000
11796,171176688,6960
11797,6069160,500000
11798,6069160,500000
11799,6069160,500000
11800,171176688,7980
11801,6069160,500000
11802,6069160,500000
11803,6069160,500000
11804,6069160,500000
11805,6069160,500000
11806,6069160,500000
11807,171176688,9430
11808,6069160,500000
11809,171176688,22190
11810,171176688,20010
11811,6069160,500000
11812,6069160,500000
11813,171176688,6960
11814,171176688,6380
11815,171176688,6670
11816,171176688,8850
11817,6069160,500000
11818,171176688,6670
11819,171176688,4790
11820,6069160,500000
11821,6069160,500000
11822,6069160,500000
11823,6069160,500000
11824,6069160,500000
11825,6069160,500000
11826,6069160,500000
11827,171176688,5220
11828,6069160,500000
11829,6069160,500000
11830,6069160,500000
11831,6069160,500000
11832,171176688,6670
11833,171176688,10440
11834,171176688,7540
11835,6069160,500000
11836,171176688,9860
11837,171176688,21460
11838,6069160,500000
11839,171176688,10580
11840,6069160,500000
11841,171176688,8270
11842,171176688,7830
11843,6069160,500000
11844,6069160,500000
11845,6069160,500000
11846,171176688,9720
11847,171176688,13920
11848,6069160,500000
11849,6069160,500000
11850,6069160,500000
11851,6069160,500000
11852,6069160,500000
11853,6069160,500000
11854,6069160,500000
11855,6069160,500000
11856,171176688,6380
11857,6069160,500000
11858,6069160,500000
11859,6069160,500000
11860,6069160,500000
11861,6069160,500000
11862,171176688,10300
11863,6069160,500000
11864,6069160,500000
11865,171176688,5510
11866,6069160,500000
11867,6069160,500000
11868,171176688,21460
11869,6069160,500000
11870,6069160,500000
11871,171176688,23780
11872,171176688,5650
11873,6069160,500000
11874,6069160,500000
11875,6069160,500000
11876,6069160,500000
11877,6069160,500000
11878,171176688,3630
11879,171176688,15230
11880,6069160,500000
11881,171176688,21350
11882,6069160,500000
11883,6069160,500000
11884,171176688,7250
11885,171176688,7100
11886,6069160,500000
11887,6069160,500000
11888,171176688,10440
11889,171176688,6380
11890,6069160,500000
11891,171176688,34360
11892,6069160,500000
11893,171176688,13780
11894,171176688,6820
11895,6069160,500000
11896,171176688,21890
11897,6069160,500000
11898,6069160,500000
11899,6069160,500000
11900,6069160,500000
11901,6069160,500000
11902,171176688,9720
11903,6069160,500000
11904,6069160,500000
11905,6069160,500000
11906,171176688,7540
11907,6069160,500000
11908,6069160,500000
11909,6069160,500000
11910,6069160,500000
11911,6069160,500000
11912,171176688,11600
11913,171176688,8550
11914,6069160,500000
11915,171176688,6090
11916,6069160,500000
11917,6069160,500000
11918,171176688,10150
11919,6069160,500000
11920,171176688,5810
11921,6069160,500000
11922,171176688,6240
11923,171176688,6530
11924,6069160,500000
11925,171176688,8850
11926,171176688,20010
11927,6069160,500000
11928,171176688,8990
11929,171176688,13920
11930,6069160,500000
11931,171176688,13630
11932,6069160,500000
11933,6069160,500000
11934,171176688,7250
11935,6069160,500000
11936,171176688,12910
11937,6069160,500000
11938,171176688,8550
11939,171176688,9570
11940,6069160,500000
11941,6069160,500000
11942,171176688,11600
11943,6069160,500000
11944,6069160,500000
11945,6069160,500000
11946,6069160,500000
11947,171176688,7680
11948,6069160,500000
11949,6069160,500000
11950,6069160,500000
11951,171176688,12780
11952,6069160,500000
11953,171176688,4350
11954,6069160,500000
11955,6069160,500000
11956,6069160,500000
11957,6069160,500000
11958,6069160,500000
11959,171176688,24510
11960,6069160,500000
11961,6069160,500000
11962,6069160,500000
11963,171176688,23360
11964,6069160,500000
11965,6069160,500000
11966,6069160,500000
11967,6069160,500000
11968,171176688,20590
11969,6069160,500000
11970,171176688,22910
11971,171176688,8700
11972,6069160,500000
11973,6069160,500000
11974,171176688,7100
11975,6069160,500000
11976,6069160,500000
11977,6069160,500000
11978,171176688,7830
11979,6069160,500000
11980,6069160,500000
11981,171176688,6240
11982,171176688,7980
11983,6069160,500000
11984,6069160,500000
11985,171176688,14210
11986,171176688,5650
11987,6069160,500000
11988,6069160,500000
11989,171176688,5950
11990,6069160,500000
11991,6069160,500000
11992,6069160,500000
11993,171176688,5220
11994,171176688,13050
11995,6069160,500000
11996,6069160,500000
11997,6069160,500000
11998,6069160,500000
11999,6069160,500000
12000,171176688,10150
12001,6069160,500000
12002,6069160,500000
12003,171176688,7100
12004,171176688,10730
12005,171176688,5220
12006,6069160,500000
12007,6069160,500000
12008,171176688,6530
12009,6069160,500000
12010,171176688,12330
12011,6069160,500000
12012,171176688,8120
12013,6069160,500000
12014,171176688,6530
12015,171176688,10300
12016,6069160,500000
12017,6069160,500000
12018,6069160,500000
12019,171176688,5510
12020,6069160,500000
12021,171176688,10440
12022,171176688,8550
12023,6069160,500000
12024,6069160,500000
12025,6069160,500000
12026,171176688,6380
12027,6069160,500000
12028,6069160,500000
12029,6069160,500000
12030,171176688,23930
12031,6069160,500000
12032,6069160,500000
12033,6069160,500000
12034,171176688,30450
12035,6069160,500000
12036,6069160,500000
12037,171176688,6820
12038,6069160,500000
12039,6069160,500000
12040,6069160,500000
12041,6069160,500000
12042,6069160,500000
12043,6069160,500000
12044,6069160,500000
12045,171176688,6240
12046,6069160,500000
12047,6069160,500000
12048,6069160,500000
12049,171176688,22330
12050,171176688,11170
12051,6069160,500000
12052,6069160,500000
12053,6069160,500000
12054,6069160,500000
12055,171176688,6960
12056,6069160,500000
12057,6069160,500000
12058,171176688,13340
12059,6069160,500000
12060,6069160,500000
12061,6069160,500000
12062,6069160,500000
12063,6069160,500000
12064,171176688,4500
12065,6069160,500000
12066,171176688,7250
12067,171176688,8700
12068,171176688,4930
12069,171176688,4640
12070,6069160,500000
12071,6069160,500000
12072,6069160,500000
12073,6069160,500000
12074,6069160,500000
12075,171176688,7100
12076,6069160,500000
12077,6069160,500000
12078,6069160,500000
12079,171176688,8990
12080,6069160,500000
12081,171176688,9430
12082,6069160,500000
12083,6069160,500000
12084,6069160,500000
12085,171176688,5370
12086,171176688,5220
12087,171176688,6380
12088,171176688,16530
12089,171176688,5370
12090,6069160,500000
12091,6069160,500000
12092,6069160,500000
12093,171176688,7100
12094,171176688,7980
12095,171176688,6530
12096,6069160,500000
12097,6069160,500000
12098,6069160,500000
12099,6069160,500000
12100,6069160,500000
12101,6069160,500000
12102,6069160,500000
12103,6069160,500000
12104,6069160,500000
12105,6069160,500000
12106,171176688,8130
12107,6069160,500000
12108,6069160,500000
12109,6069160,500000
12110,6069160,500000
12111,171176688,6390
12112,6069160,500000
12113,6069160,500000
12114,171176688,6960
12115,171176688,7680
12116,6069160,500000
12117,171176688,7980
12118,171176688,6530
12119,6069160,500000
12120,6069160,500000
12121,6069160,500000
12122,6069160,500000
12123,6069160,500000
12124,171176688,5080
12125,171176688,6530
12126,6069160,500000
12127,6069160,500000
12128,171176688,11020
12129,6069160,500000
12130,6069160,500000
12131,6069160,500000
12132,6069160,500000
12133,171176688,13480
12134,6069160,500000
12135,6069160,500000
12136,6069160,500000
12137,6069160,500000
12138,6069160,500000
12139,6069160,500000
12140,6069160,500000
12141,6069160,500000
12142,6069160,500000
12143,6069160,500000
12144,6069160,500000
12145,6069160,500000
12146,171176688,8850
12147,6069160,500000
12148,6069160,500000
12149,171176688,18420
12150,171176688,13190
12151,171176688,7400
12152,171176688,9130
12153,6069160,500000
12154,6069160,500000
12155,6069160,500000
12156,6069160,500000
12157,6069160,500000
12158,6069160,500000
12159,6069160,500000
12160,171176688,5800
12161,6069160,500000
12162,171176688,10200
12163,6069160,500000
12164,6069160,500000
12165,6069160,500000
12166,6069160,500000
12167,6069160,500000
12168,171176688,13630
12169,6069160,500000
12170,6069160,500000
12171,6069160,500000
12172,6069160,500000
12173,6069160,500000
12174,6069160,500000
12175,6069160,500000
12176,171176688,5950
12177,171176688,6820
12178,6069160,500000
12179,171176688,11310
12180,6069160,500000
12181,6069160,500000
12182,6069160,500000
12183,171176688,5510
12184,171176688,11600
12185,6069160,500000
12186,6069160,500000
12187,6069160,500000
12188,171176688,5650
12189,171176688,36110
12190,6069160,500000
12191,6069160,500000
12192,171176688,7540
12193,6069160,500000
12194,6069160,500000
12195,6069160,500000
12196,6069160,500000
12197,6069160,500000
12198,6069160,500000
12199,6069160,500000
12200,6069160,500000
12201,6069160,500000
12202,6069160,500000
12203,6069160,500000
12204,171176688,11890
12205,171176688,27280
12206,6069160,500000
12207,6069160,500000
12208,171176688,14070
12209,6069160,500000
12210,171176688,7400
12211,6069160,500000
12212,6069160,500000
12213,6069160,500000
12214,171176688,9430
12215,6069160,500000
12216,171176688,7250
12217,171176688,8700
12218,171176688,8130
12219,6069160,500000
12220,171176688,6670
12221,171176688,9430
12222,6069160,500000
12223,6069160,500000
12224,6069160,500000
12225,6069160,500000
12226,6069160,500000
12227,6069160,500000
12228,6069160,500000
12229,6069160,500000
12230,171176688,7400
12231,171176688,9140
12232,6069160,500000
12233,6069160,500000
12234,6069160,500000
12235,6069160,500000
12236,6069160,500000
12237,171176688,13920
12238,6069160,500000
12239,6069160,500000
12240,6069160,500000
12241,171176688,7680
12242,171176688,9720
12243,6069160,500000
12244,6069160,500000
12245,6069160,500000
12246,171176688,13340
12247,6069160,500000
12248,6069160,500000
12249,171176688,11310
12250,6069160,500000
12251,6069160,500000
12252,6069160,500000
12253,6069160,500000
12254,6069160,500000
12255,6069160,500000
12256,171176688,6960
12257,171176688,11020
12258,6069160,500000
12259,6069160,500000
12260,6069160,500000
12261,171176688,11170
12262,6069160,500000
12263,6069160,500000
12264,171176688,10440
12265,171176688,7250
12266,6069160,500000
12267,6069160,500000
12268,6069160,500000
12269,6069160,500000
12270,6069160,500000
12271,6069160,500000
12272,171176688,8410
12273,6069160,500000
12274,6069160,500000
12275,171176688,6090
12276,6069160,500000
12277,6069160,500000
12278,6069160,500000
12279,6069160,500000
12280,6069160,500000
12281,171176688,5220
12282,6069160,500000
12283,6069160,500000
12284,171176688,5950
12285,6069160,500000
12286,6069160,500000
12287,171176688,6380
12288,6069160,500000
12289,6069160,500000
12290,171176688,10880
12291,6069160,500000
12292,171176688,7980
12293,6069160,500000
12294,171176688,15950
12295,6069160,500000
12296,6069160,500000
12297,6069160,500000
12298,171176688,8850
12299,171176688,8990
12300,6069160,500000
12301,171176688,8990
12302,6069160,500000
12303,171176688,8120
12304,171176688,43360
12305,171176688,22040
12306,6069160,500000
12307,171176688,5080
12308,171176688,5950
12309,6069160,500000
12310,171176688,11750
12311,6069160,500000
12312,6069160,500000
12313,171176688,4500
12314,171176688,6820
12315,171176688,19870
12316,6069160,500000
12317,171176688,7680
12318,6069160,500000
12319,6069160,500000
12320,171176688,5370
12321,6069160,500000
12322,6069160,500000
12323,6069160,500000
12324,6069160,500000
12325,6069160,500000
12326,171176688,15810
12327,6069160,500000
12328,6069160,500000
12329,6069160,500000
12330,171176688,7400
12331,6069160,500000
12332,6069160,500000
12333,6069160,500000
12334,6069160,500000
12335,171176688,18990
12336,6069160,500000
12337,6069160,500000
12338,6069160,500000
12339,171176688,5950
12340,171176688,42490
12341,6069160,500000
12342,6069160,500000
12343,6069160,500000
12344,6069160,500000
12345,6069160,500000
12346,6069160,500000
12347,6069160,500000
12348,6069160,500000
12349,6069160,500000
12350,6069160,500000
12351,6069160,500000
12352,6069160,500000
12353,6069160,500000
12354,6069160,500000
12355,6069160,500000
12356,6069160,500000
12357,171176688,6960
12358,171176688,6380
12359,6069160,500000
12360,6069160,500000
12361,171176688,8270
12362,6069160,500000
12363,6069160,500000
12364,6069160,500000
12365,6069160,500000
12366,6069160,500000
12367,6069160,500000
12368,6069160,500000
12369,6069160,500000
12370,6069160,500000
12371,6069160,500000
12372,6069160,500000
12373,6069160,500000
12374,6069160,500000
12375,6069160,500000
12376,6069160,500000
12377,6069160,500000
12378,171176688,7400
12379,171176688,8850
12380,171176688,6960
12381,171176688,4930
12382,6069160,500000
12383,6069160,500000
12384,171176688,4060
12385,6069160,500000
12386,171176688,5370
12387,6069160,500000
12388,6069160,500000
12389,171176688,8550
12390,6069160,500000
12391,6069160,500000
12392,6069160,500000
12393,6069160,500000
12394,6069160,500000
12395,6069160,500000
12396,6069160,500000
12397,171176688,9570
12398,6069160,500000
12399,171176688,9280
12400,171176688,13050
12401,6069160,500000
12402,171176688,12620
12403,6069160,500000
12404,171176688,6240
12405,6069160,500000
12406,6069160,500000
12407,6069160,500000
12408,6069160,500000
12409,6069160,500000
12410,6069160,500000
12411,171176688,7680
12412,6069160,500000
12413,6069160,500000
12414,171176688,5650
12415,6069160,500000
12416,171176688,7100
12417,171176688,5950
12418,6069160,500000
12419,6069160,500000
12420,6069160,500000
12421,6069160,500000
12422,171176688,6240
12423,6069160,500000
12424,6069160,500000
12425,6069160,500000
12426,6069160,500000
12427,6069160,500000
12428,171176688,9720
12429,6069160,500000
12430,6069160,500000
12431,6069160,500000
12432,6069160,500000
12433,6069160,500000
12434,171176688,17980
12435,171176688,6530
12436,6069160,500000
12437,171176688,6820
12438,171176688,17980
12439,171176688,8410
12440,6069160,500000
12441,171176688,3910
12442,171176688,8550
12443,171176688,5080
12444,6069160,500000
12445,171176688,10730
12446,6069160,500000
12447,6069160,500000
12448,6069160,500000
12449,171176688,12330
12450,6069160,500000
12451,6069160,500000
12452,6069160,500000
12453,6069160,500000
12454,171176688,13340
12455,171176688,8550
12456,171176688,4640
12457,171176688,7830
12458,6069160,500000
12459,6069160,500000
12460,171176688,9130
12461,6069160,500000
12462,171176688,9000
12463,171176688,20160
12464,171176688,13480
12465,6069160,500000
12466,6069160,500000
12467,6069160,500000
12468,6069160,500000
12469,6069160,500000
12470,6069160,500000
12471,171176688,10880
12472,171176688,8410
12473,6069160,500000
12474,6069160,500000
12475,171176688,13630
12476,6069160,500000
12477,171176688,8990
12478,6069160,500000
12479,6069160,500000
12480,171176688,9720
12481,171176688,18990
12482,6069160,500000
12483,6069160,500000
12484,6069160,500000
12485,171176688,9430
12486,171176688,5220
12487,6069160,500000
12488,6069160,500000
12489,6069160,500000
12490,171176688,20880
12491,6069160,500000
12492,6069160,500000
12493,6069160,500000
12494,171176688,8270
12495,6069160,500000
12496,171176688,9720
12497,171176688,27260
12498,6069160,500000
12499,6069160,500000
12500,6069160,500000
12501,6069160,500000
12502,6069160,500000
12503,6069160,500000
12504,6069160,500000
12505,171176688,8700
12506,6069160,500000
12507,6069160,500000
12508,171176688,13630
12509,6069160,500000
12510,171176688,7250
12511,6069160,500000
12512,6069160,500000
12513,6069160,500000
12514,171176688,7270
12515,171176688,8120
12516,6069160,500000
12517,171176688,5370
12518,6069160,500000
12519,171176688,5510
12520,6069160,500000
12521,6069160,500000
12522,6069160,500000
12523,171176688,4200
12524,171176688,13630
12525,171176688,6240
12526,6069160,500000
12527,6069160,500000
12528,6069160,500000
12529,6069160,500000
12530,171176688,13630
12531,6069160,500000
12532,171176688,8700
12533,171176688,7540
12534,171176688,6530
12535,6069160,500000
12536,6069160,500000
12537,6069160,500000
12538,6069160,500000
12539,6069160,500000
12540,171176688,5650
12541,6069160,500000
12542,171176688,8700
12543,6069160,500000
12544,171176688,7540
12545,171176688,13340
12546,6069160,500000
12547,171176688,9720
12548,6069160,500000
12549,171176688,11310
12550,6069160,500000
12551,171176688,6670
12552,6069160,500000
12553,6069160,500000
12554,6069160,500000
12555,6069160,500000
12556,6069160,500000
12557,6069160,500000
12558,6069160,500000
12559,6069160,500000
12560,6069160,500000
12561,6069160,500000
12562,6069160,500000
12563,171176688,8860
12564,171176688,10730
12565,6069160,500000
12566,6069160,500000
12567,6069160,500000
12568,6069160,500000
12569,6069160,500000
12570,6069160,500000
12571,171176688,6240
12572,171176688,12470
12573,171176688,4500
12574,6069160,500000
12575,171176688,12910
12576,6069160,500000
12577,171176688,6960
12578,6069160,500000
12579,6069160,500000
12580,171176688,8990
12581,171176688,10880
12582,171176688,8120
12583,6069160,500000
12584,6069160,500000
12585,171176688,7400
12586,6069160,500000
12587,6069160,500000
12588,6069160,500000
12589,171176688,15520
12590,6069160,500000
12591,171176688,4930
12592,171176688,7250
12593,171176688,7250
12594,6069160,500000
12595,6069160,500000
12596,6069160,500000
12597,171176688,10580
12598,6069160,500000
12599,6069160,500000
12600,6069160,500000
12601,6069160,500000
12602,171176688,5800
12603,6069160,500000
12604,171176688,16240
12605,171176688,7110
12606,6069160,500000
12607,171176688,4200
12608,6069160,500000
12609,6069160,500000
12610,6069160,500000
12611,6069160,500000
12612,6069160,500000
12613,171176688,5220
12614,171176688,7680
12615,171176688,5080
12616,6069160,500000
12617,6069160,500000
12618,171176688,8700
12619,6069160,500000
12620,6069160,500000
12621,6069160,500000
12622,6069160,500000
12623,6069160,500000
12624,6069160,500000
12625,171176688,9860
12626,6069160,500000
12627,171176688,16090
12628,171176688,6240
12629,171176688,7680
12630,171176688,12620
12631,171176688,18560
12632,6069160,500000
12633,171176688,9280
12634,6069160,500000
12635,6069160,500000
12636,6069160,500000
12637,171176688,6960
12638,6069160,500000
12639,6069160,500000
12640,6069160,500000
12641,6069160,500000
12642,6069160,500000
12643,6069160,500000
12644,6069160,500000
12645,171176688,9570
12646,171176688,11020
12647,171176688,5510
12648,6069160,500000
12649,6069160,500000
12650,171176688,5650
12651,6069160,500000
12652,6069160,500000
12653,6069160,500000
12654,6069160,500000
12655,6069160,500000
12656,6069160,500000
12657,171176688,21910
12658,6069160,500000
12659,6069160,500000
12660,6069160,500000
12661,6069160,500000
12662,171176688,6240
12663,171176688,8550
12664,6069160,500000
12665,6069160,500000
12666,171176688,9720
12667,6069160,500000
12668,6069160,500000
12669,6069160,500000
12670,171176688,20440
12671,6069160,500000
12672,6069160,500000
12673,6069160,500000
12674,171176688,11310
12675,6069160,500000
12676,6069160,500000
12677,6069160,500000
12678,6069160,500000
12679,171176688,5950
12680,6069160,500000
12681,6069160,500000
12682,6069160,500000
12683,171176688,20300
12684,6069160,500000
12685,6069160,500000
12686,6069160,500000
12687,171176688,6820
12688,6069160,500000
12689,6069160,500000
12690,171176688,6670
12691,171176688,11020
12692,171176688,8550
12693,171176688,5080
12694,171176688,12630
12695,6069160,500000
12696,6069160,500000
12697,6069160,500000
12698,171176688,9280
12699,6069160,500000
12700,171176688,19140
12701,6069160,500000
12702,6069160,500000
12703,6069160,500000
12704,6069160,500000
12705,171176688,4060
12706,6069160,500000
12707,171176688,8120
12708,6069160,500000
12709,6069160,500000
12710,171176688,11460
12711,6069160,500000
12712,171176688,6530
12713,171176688,17260
12714,6069160,500000
12715,171176688,8270
12716,6069160,500000
12717,6069160,500000
12718,171176688,7680
12719,6069160,500000
12720,6069160,500000
12721,6069160,500000
12722,6069160,500000
12723,171176688,5650
12724,6069160,500000
12725,6069160,500000
12726,171176688,6090
12727,171176688,5800
12728,6069160,500000
12729,171176688,12180
12730,6069160,500000
12731,171176688,5510
12732,6069160,500000
12733,6069160,500000
12734,171176688,6530
12735,6069160,500000
12736,6069160,500000
12737,171176688,9860
12738,171176688,19430
12739,6069160,500000
12740,6069160,500000
12741,6069160,500000
12742,171176688,10160
12743,6069160,500000
12744,171176688,7400
12745,6069160,500000
12746,6069160,500000
12747,171176688,6530
12748,171176688,4790
12749,6069160,500000
12750,171176688,23490
12751,6069160,500000
12752,6069160,500000
12753,6069160,500000
12754,171176688,5950
12755,6069160,500000
12756,6069160,500000
12757,6069160,500000
12758,6069160,500000
12759,171176688,5370
12760,6069160,500000
12761,171176688,6090
12762,6069160,500000
12763,6069160,500000
12764,171176688,6390
12765,6069160,500000
12766,171176688,4060
12767,6069160,500000
12768,171176688,7400
12769,6069160,500000
12770,6069160,500000
12771,171176688,7100
12772,6069160,500000
12773,171176688,6820
12774,6069160,500000
12775,171176688,12470
12776,6069160,500000
12777,6069160,500000
12778,171176688,11600
12779,6069160,500000
12780,6069160,500000
12781,6069160,500000
12782,6069160,500000
12783,6069160,500000
12784,6069160,500000
12785,6069160,500000
12786,6069160,500000
12787,6069160,500000
12788,171176688,8120
12789,6069160,500000
12790,6069160,500000
12791,6069160,500000
12792,171176688,8410
12793,171176688,22480
12794,171176688,6240
12795,171176688,7250
12796,6069160,500000
12797,171176688,4790
12798,6069160,500000
12799,6069160,500000
12800,171176688,9130
12801,6069160,500000
12802,6069160,500000
12803,6069160,500000
12804,6069160,500000
12805,6069160,500000
12806,6069160,500000
12807,171176688,14360
12808,171176688,7990
12809,6069160,500000
12810,6069160,500000
12811,6069160,500000
12812,6069160,500000
12813,171176688,12030
12814,6069160,500000
12815,6069160,500000
12816,6069160,500000
12817,6069160,500000
12818,171176688,5370
12819,171176688,24070
12820,171176688,5370
12821,6069160,500000
12822,6069160,500000
12823,171176688,6530
12824,171176688,12760
12825,6069160,500000
12826,6069160,500000
12827,6069160,500000
12828,6069160,500000
12829,171176688,10150
12830,6069160,500000
12831,6069160,500000
12832,6069160,500000
12833,6069160,500000
12834,171176688,5080
12835,6069160,500000
12836,171176688,10580
12837,6069160,500000
12838,6069160,500000
12839,6069160,500000
12840,171176688,8410
12841,6069160,500000
12842,171176688,7100
12843,6069160,500000
12844,6069160,500000
12845,171176688,10880
12846,6069160,500000
12847,6069160,500000
12848,171176688,9720
12849,171176688,7830
12850,171176688,8270
12851,6069160,500000
12852,6069160,500000
12853,6069160,500000
12854,171176688,6380
12855,171176688,4790
12856,171176688,18130
12857,171176688,5080
12858,6069160,500000
12859,171176688,15810
12860,6069160,500000
12861,6069160,500000
12862,6069160,500000
12863,171176688,7100
12864,171176688,17540
12865,171176688,6670
12866,171176688,11460
12867,171176688,6090
12868,171176688,7540
12869,171176688,6960
12870,6069160,500000
12871,171176688,6960
12872,6069160,500000
12873,171176688,5950
12874,171176688,8270
12875,171176688,7100
12876,6069160,500000
12877,171176688,8270
12878,6069160,500000
12879,6069160,500000
12880,6069160,500000
12881,171176688,11460
12882,171176688,18710
12883,171176688,6530
12884,171176688,12030
12885,6069160,500000
12886,6069160,500000
12887,6069160,500000
12888,6069160,500000
12889,171176688,5950
12890,171176688,11020
12891,6069160,500000
12892,171176688,8550
12893,6069160,500000
12894,171176688,5220
12895,6069160,500000
12896,6069160,500000
12897,171176688,6960
12898,6069160,500000
12899,171176688,7540
12900,171176688,46120
12901,6069160,500000
12902,6069160,500000
12903,171176688,15950
12904,171176688,14500
12905,6069160,500000
12906,171176688,5650
12907,6069160,500000
12908,171176688,10150
12909,6069160,500000
12910,171176688,8850
12911,6069160,500000
12912,6069160,500000
12913,171176688,9000
12914,6069160,500000
12915,6069160,500000
12916,6069160,500000
12917,6069160,500000
12918,171176688,6240
12919,6069160,500000
12920,6069160,500000
12921,171176688,18710
12922,6069160,500000
12923,171176688,7400
12924,6069160,500000
12925,6069160,500000
12926,6069160,500000
12927,6069160,500000
12928,6069160,500000
12929,171176688,7830
12930,171176688,10000
12931,6069160,500000
12932,171176688,5650
12933,171176688,4060
12934,6069160,500000
12935,171176688,10440
12936,6069160,500000
12937,6069160,500000
12938,6069160,500000
12939,171176688,6820
12940,6069160,500000
12941,6069160,500000
12942,171176688,22040
12943,6069160,500000
12944,6069160,500000
12945,6069160,500000
12946,6069160,500000
12947,6069160,500000
12948,171176688,17400
12949,6069160,500000
12950,6069160,500000
12951,171176688,11600
12952,6069160,500000
12953,171176688,14790
12954,6069160,500000
12955,171176688,5800
12956,6069160,500000
12957,6069160,500000
12958,171176688,13780
12959,171176688,10580
12960,171176688,5080
12961,6069160,500000
12962,6069160,500000
12963,6069160,500000
12964,171176688,11060
12965,6069160,500000
12966,6069160,500000
12967,6069160,500000
12968,171176688,11750
12969,6069160,500000
12970,171176688,6670
12971,6069160,500000
12972,171176688,5220
12973,171176688,4930
12974,6069160,500000
12975,6069160,500000
12976,6069160,500000
12977,171176688,21750
12978,6069160,500000
12979,6069160,500000
12980,171176688,16090
12981,6069160,500000
12982,6069160,500000
12983,171176688,7990
12984,6069160,500000
12985,6069160,500000
12986,6069160,500000
12987,6069160,500000
12988,6069160,500000
12989,171176688,22190
12990,171176688,7700
12991,6069160,500000
12992,6069160,500000
12993,6069160,500000
12994,6069160,500000
12995,171176688,8700
12996,6069160,500000
12997,6069160,500000
12998,171176688,5220
12999,6069160,500000
13000,6069160,500000
13001,171176688,7250
13002,171176688,5650
13003,6069160,500000
13004,6069160,500000
13005,6069160,500000
13006,6069160,500000
13007,171176688,6670
13008,171176688,5800
13009,6069160,500000
13010,171176688,6380
13011,6069160,500000
13012,6069160,500000
13013,6069160,500000
13014,6069160,500000
13015,171176688,8410
13016,6069160,500000
13017,171176688,10030
13018,171176688,9280
13019,6069160,500000
13020,171176688,15950
13021,171176688,23930
13022,171176688,5220
13023,171176688,10150
13024,171176688,12330
13025,6069160,500000
13026,6069160,500000
13027,6069160,500000
13028,171176688,5220
13029,171176688,9570
13030,171176688,21030
13031,171176688,4350
13032,6069160,500000
13033,6069160,500000
13034,6069160,500000
13035,6069160,500000
13036,6069160,500000
13037,6069160,500000
13038,171176688,8990
13039,6069160,500000
13040,6069160,500000
13041,171176688,5220
13042,171176688,6380
13043,6069160,500000
13044,6069160,500000
13045,6069160,500000
13046,6069160,500000
13047,171176688,6820
13048,6069160,500000
13049,6069160,500000
13050,6069160,500000
13051,6069160,500000
13052,6069160,500000
13053,171176688,15810
13054,171176688,9130
13055,6069160,500000
13056,6069160,500000
13057,6069160,500000
13058,6069160,500000
13059,171176688,6530
13060,6069160,500000
13061,171176688,5650
13062,6069160,500000
13063,6069160,500000
13064,171176688,7680
13065,6069160,500000
13066,171176688,11020
13067,6069160,500000
13068,171176688,6820
13069,171176688,4500
13070,6069160,500000
13071,6069160,500000
13072,6069160,500000
13073,6069160,500000
13074,6069160,500000
13075,171176688,6670
13076,171176688,4500
13077,171176688,5800
13078,171176688,17980
13079,171176688,16680
13080,6069160,500000
13081,6069160,500000
13082,6069160,500000
13083,171176688,8140
13084,6069160,500000
13085,6069160,500000
13086,6069160,500000
13087,171176688,7400
13088,171176688,7400
13089,171176688,6670
13090,6069160,500000
13091,6069160,500000
13092,6069160,500000
13093,6069160,500000
13094,6069160,500000
13095,6069160,500000
13096,6069160,500000
13097,171176688,19580
13098,171176688,7250
13099,171176688,11750
13100,6069160,500000
13101,171176688,8550
13102,6069160,500000
13103,171176688,11890
13104,6069160,500000
13105,6069160,500000
13106,171176688,7830
13107,6069160,500000
13108,6069160,500000
13109,171176688,7680
13110,6069160,500000
13111,6069160,500000
13112,6069160,500000
13113,6069160,500000
13114,6069160,500000
13115,171176688,23340
13116,6069160,500000
13117,6069160,500000
13118,6069160,500000
13119,6069160,500000
13120,6069160,500000
13121,6069160,500000
13122,6069160,500000
13123,171176688,14790
13124,171176688,48860
13125,171176688,4790
13126,6069160,500000
13127,6069160,500000
13128,6069160,500000
13129,171176688,8120
13130,6069160,500000
13131,6069160,500000
13132,171176688,6530
13133,6069160,500000
13134,6069160,500000
13135,6069160,500000
13136,6069160,500000
13137,6069160,500000
13138,6069160,500000
13139,6069160,500000
13140,6069160,500000
13141,171176688,12470
13142,171176688,8700
13143,171176688,7400
13144,171176688,5650
13145,6069160,500000
13146,6069160,500000
13147,6069160,500000
13148,171176688,9280
13149,171176688,6670
13150,171176688,9280
13151,171176688,5800
13152,6069160,500000
13153,171176688,6390
13154,6069160,500000
13155,171176688,10150
13156,6069160,500000
13157,6069160,500000
13158,171176688,8550
13159,6069160,500000
13160,6069160,500000
13161,6069160,500000
13162,6069160,500000
13163,171176688,9570
13164,6069160,500000
13165,171176688,8410
13166,6069160,500000
13167,171176688,5950
13168,6069160,500000
13169,6069160,500000
13170,6069160,500000
13171,171176688,6820
13172,171176688,12180
13173,6069160,500000
13174,6069160,500000
13175,6069160,500000
13176,171176688,6960
13177,6069160,500000
13178,6069160,500000
13179,171176688,8550
13180,6069160,500000
13181,171176688,7100
13182,171176688,9720
13183,171176688,8270
13184,6069160,500000
13185,6069160,500000
13186,171176688,10730
13187,6069160,500000
13188,171176688,21610
13189,6069160,500000
13190,6069160,500000
13191,171176688,9430
13192,6069160,500000
13193,6069160,500000
13194,171176688,8850
13195,171176688,7250
13196,171176688,12470
13197,171176688,19280
13198,6069160,500000
13199,6069160,500000
13200,6069160,500000
13201,6069160,500000
13202,171176688,10300
13203,6069160,500000
13204,171176688,9570
13205,6069160,500000
13206,6069160,500000
13207,171176688,15660
13208,6069160,500000
13209,6069160,500000
13210,6069160,500000
13211,6069160,500000
13212,6069160,500000
13213,6069160,500000
13214,6069160,500000
13215,6069160,500000
13216,6069160,500000
13217,171176688,7980
13218,171176688,7400
13219,6069160,500000
13220,6069160,500000
13221,6069160,500000
13222,171176688,8270
13223,6069160,500000
13224,6069160,500000
13225,6069160,500000
13226,6069160,500000
13227,171176688,7250
13228,6069160,500000
13229,6069160,500000
13230,6069160,500000
13231,171176688,18990
13232,171176688,6090
13233,171176688,45390
13234,171176688,11310
13235,6069160,500000
13236,171176688,7250
13237,171176688,9130
13238,171176688,7400
13239,171176688,7250
13240,6069160,500000
13241,6069160,500000
13242,171176688,29440
13243,6069160,500000
13244,171176688,8990
13245,171176688,10010
13246,171176688,4060
13247,6069160,500000
13248,6069160,500000
13249,171176688,4940
13250,171176688,12620
13251,6069160,500000
13252,171176688,7830
13253,6069160,500000
13254,171176688,13190
13255,6069160,500000
13256,6069160,500000
13257,6069160,500000
13258,6069160,500000
13259,171176688,5800
13260,171176688,5510
13261,6069160,500000
13262,6069160,500000
13263,6069160,500000
13264,171176688,40460
13265,171176688,7980
13266,6069160,500000
13267,171176688,6670
13268,6069160,500000
13269,6069160,500000
13270,171176688,11890
13271,6069160,500000
13272,6069160,500000
13273,171176688,8550
13274,6069160,500000
13275,171176688,12180
13276,6069160,500000
13277,6069160,500000
13278,171176688,4790
13279,171176688,7540
13280,6069160,500000
13281,171176688,30890
13282,6069160,500000
13283,6069160,500000
13284,6069160,500000
13285,6069160,500000
13286,6069160,500000
13287,171176688,13920
13288,171176688,11170
13289,6069160,500000
13290,6069160,500000
13291,171176688,40460
13292,6069160,500000
13293,6069160,500000
13294,6069160,500000
13295,171176688,7100
13296,171176688,5950
13297,6069160,500000
13298,171176688,4350
13299,171176688,20880
13300,6069160,500000
13301,171176688,7540
13302,171176688,7540
13303,171176688,8120
13304,171176688,11600
13305,6069160,500000
13306,6069160,500000
13307,6069160,500000
13308,171176688,4790
13309,171176688,16390
13310,171176688,14640
13311,6069160,500000
13312,6069160,500000
13313,6069160,500000
13314,171176688,14500
13315,6069160,500000
13316,6069160,500000
13317,171176688,12330
13318,6069160,500000
13319,6069160,500000
13320,171176688,7840
13321,6069160,500000
13322,6069160,500000
13323,171176688,5800
13324,6069160,500000
13325,171176688,5650
13326,6069160,500000
13327,171176688,7250
13328,6069160,500000
13329,171176688,11310
13330,171176688,23640
13331,6069160,500000
13332,6069160,500000
13333,6069160,500000
13334,6069160,500000
13335,6069160,500000
13336,6069160,500000
13337,6069160,500000
13338,171176688,24220
13339,171176688,12760
13340,171176688,5220
13341,6069160,500000
13342,171176688,11890
13343,6069160,500000
13344,171176688,18850
13345,171176688,5080
13346,6069160,500000
13347,6069160,500000
13348,6069160,500000
13349,171176688,5510
13350,171176688,6090
13351,6069160,500000
13352,6069160,500000
13353,6069160,500000
13354,6069160,500000
13355,6069160,500000
13356,6069160,500000
13357,6069160,500000
13358,171176688,9280
13359,171176688,6090
13360,6069160,500000
13361,6069160,500000
13362,171176688,9570
13363,6069160,500000
13364,171176688,7250
13365,6069160,500000
13366,6069160,500000
13367,6069160,500000
13368,171176688,6670
13369,171176688,4200
13370,171176688,10150
13371,6069160,500000
13372,171176688,6820
13373,6069160,500000
13374,6069160,500000
13375,6069160,500000
13376,6069160,500000
13377,171176688,8990
13378,6069160,500000
13379,6069160,500000
13380,6069160,500000
13381,6069160,500000
13382,171176688,8700
13383,6069160,500000
13384,6069160,500000
13385,6069160,500000
13386,6069160,500000
13387,6069160,500000
13388,6069160,500000
13389,171176688,9860
13390,171176688,3490
13391,171176688,9280
13392,171176688,7100
13393,171176688,7680
13394,6069160,500000
13395,171176688,8850
13396,6069160,500000
13397,6069160,500000
13398,171176688,6380
13399,6069160,500000
13400,171176688,25380
13401,6069160,500000
13402,6069160,500000
13403,6069160,500000
13404,6069160,500000
13405,6069160,500000
13406,6069160,500000
13407,6069160,500000
13408,171176688,7850
13409,171176688,9130
13410,6069160,500000
13411,6069160,500000
13412,171176688,28280
13413,171176688,6670
13414,171176688,10580
13415,6069160,500000
13416,6069160,500000
13417,6069160,500000
13418,6069160,500000
13419,171176688,10880
13420,6069160,500000
13421,6069160,500000
13422,6069160,500000
13423,6069160,500000
13424,171176688,7980
13425,6069160,500000
13426,6069160,500000
13427,6069160,500000
13428,6069160,500000
13429,6069160,500000
13430,6069160,500000
13431,6069160,500000
13432,171176688,8850
13433,6069160,500000
13434,6069160,500000
13435,171176688,5800
13436,171176688,9720
13437,171176688,12910
13438,6069160,500000
13439,171176688,9280
13440,6069160,500000
13441,171176688,9130
13442,6069160,500000
13443,171176688,7980
13444,6069160,500000
13445,6069160,500000
13446,171176688,5800
13447,171176688,6530
13448,6069160,500000
13449,171176688,13050
13450,6069160,500000
13451,171176688,4500
13452,6069160,500000
13453,6069160,500000
13454,6069160,500000
13455,6069160,500000
13456,171176688,8450
13457,6069160,500000
13458,171176688,5510
13459,6069160,500000
13460,171176688,8270
13461,171176688,4640
13462,171176688,12470
13463,171176688,5510
13464,6069160,500000
13465,6069160,500000
13466,6069160,500000
13467,171176688,4640
13468,171176688,11030
13469,6069160,500000
13470,171176688,6820
13471,6069160,500000
13472,6069160,500000
13473,6069160,500000
13474,6069160,500000
13475,6069160,500000
13476,6069160,500000
13477,171176688,8410
13478,171176688,12180
13479,6069160,500000
13480,6069160,500000
13481,171176688,6530
13482,6069160,500000
13483,171176688,10440
13484,6069160,500000
13485,171176688,7680
13486,6069160,500000
13487,6069160,500000
13488,6069160,500000
13489,6069160,500000
13490,6069160,500000
13491,6069160,500000
13492,6069160,500000
13493,171176688,23060
13494,6069160,500000
13495,6069160,500000
13496,171176688,7980
13497,171176688,5950
13498,6069160,500000
13499,6069160,500000
13500,6069160,500000
13501,171176688,4930
13502,6069160,500000
13503,6069160,500000
13504,6069160,500000
13505,6069160,500000
13506,6069160,500000
13507,6069160,500000
13508,171176688,6820
13509,6069160,500000
13510,6069160,500000
13511,6069160,500000
13512,6069160,500000
13513,6069160,500000
13514,171176688,18130
13515,6069160,500000
13516,6069160,500000
13517,171176688,5080
13518,6069160,500000
13519,6069160,500000
13520,171176688,6820
13521,6069160,500000
13522,6069160,500000
13523,6069160,500000
13524,6069160,500000
13525,171176688,10880
13526,6069160,500000
13527,6069160,500000
13528,171176688,5370
13529,6069160,500000
13530,6069160,500000
13531,6069160,500000
13532,6069160,500000
13533,6069160,500000
13534,171176688,17420
13535,171176688,10440
13536,6069160,500000
13537,6069160,500000
13538,6069160,500000
13539,6069160,500000
13540,171176688,16240
13541,6069160,500000
13542,6069160,500000
13543,6069160,500000
13544,171176688,15090
13545,171176688,9720
13546,171176688,8700
13547,171176688,21030
13548,171176688,9430
13549,171176688,10730
13550,6069160,500000
13551,6069160,500000
13552,6069160,500000
13553,6069160,500000
13554,171176688,9280
13555,6069160,500000
13556,6069160,500000
13557,6069160,500000
13558,6069160,500000
13559,6069160,500000
13560,171176688,6090
13561,6069160,500000
13562,171176688,9280
13563,171176688,10300
13564,171176688,11170
13565,6069160,500000
13566,6069160,500000
13567,6069160,500000
13568,171176688,9430
13569,171176688,8990
13570,6069160,500000
13571,171176688,5510
13572,6069160,500000
13573,6069160,500000
13574,171176688,9570
13575,6069160,500000
13576,6069160,500000
13577,6069160,500000
13578,6069160,500000
13579,6069160,500000
13580,171176688,5800
13581,6069160,500000
13582,171176688,6960
13583,171176688,8550
13584,171176688,7680
13585,6069160,500000
13586,171176688,15370
13587,171176688,5650
13588,6069160,500000
13589,171176688,5950
13590,171176688,18710
13591,6069160,500000
13592,6069160,500000
13593,6069160,500000
13594,6069160,500000
13595,6069160,500000
13596,6069160,500000
13597,171176688,10580
13598,171176688,8550
13599,6069160,500000
13600,6069160,500000
13601,6069160,500000
13602,171176688,7980
13603,171176688,11170
13604,6069160,500000
13605,171176688,9570
13606,6069160,500000
13607,6069160,500000
13608,6069160,500000
13609,171176688,9570
13610,6069160,500000
13611,171176688,7250
13612,6069160,500000
13613,6069160,500000
13614,6069160,500000
13615,171176688,6820
13616,171176688,10880
13617,6069160,500000
13618,6069160,500000
13619,6069160,500000
13620,6069160,500000
13621,6069160,500000
13622,6069160,500000
13623,6069160,500000
13624,6069160,500000
13625,171176688,5080
13626,6069160,500000
13627,171176688,10880
13628,171176688,5080
13629,6069160,500000
13630,6069160,500000
13631,6069160,500000
13632,171176688,7830
13633,6069160,500000
13634,171176688,21460
13635,6069160,500000
13636,171176688,10730
13637,171176688,10150
13638,171176688,4350
13639,171176688,6530
13640,6069160,500000
13641,171176688,6090
13642,171176688,6530
13643,171176688,12910
13644,6069160,500000
13645,171176688,11460
13646,6069160,500000
13647,6069160,500000
13648,6069160,500000
13649,6069160,500000
13650,6069160,500000
13651,171176688,5950
13652,171176688,8410
13653,6069160,500000
13654,171176688,6090
13655,6069160,500000
13656,6069160,500000
13657,6069160,500000
13658,171176688,29000
13659,171176688,13480
13660,6069160,500000
13661,171176688,15660
13662,6069160,500000
13663,6069160,500000
13664,6069160,500000
13665,6069160,500000
13666,6069160,500000
13667,6069160,500000
13668,6069160,500000
13669,6069160,500000
13670,171176688,10150
13671,171176688,5800
13672,6069160,500000
13673,6069160,500000
13674,6069160,500000
13675,6069160,500000
13676,171176688,29730
13677,6069160,500000
13678,6069160,500000
13679,6069160,500000
13680,6069160,500000
13681,171176688,6530
13682,6069160,500000
13683,171176688,13780
13684,6069160,500000
13685,171176688,15370
13686,6069160,500000
13687,6069160,500000
13688,6069160,500000
13689,6069160,500000
13690,171176688,21460
13691,171176688,7680
13692,6069160,500000
13693,6069160,500000
13694,6069160,500000
13695,6069160,500000
13696,6069160,500000
13697,171176688,7680
13698,171176688,6670
13699,6069160,500000
13700,171176688,7100
13701,6069160,500000
13702,171176688,8120
13703,171176688,11020
13704,6069160,500000
13705,171176688,6820
13706,6069160,500000
13707,6069160,500000
13708,6069160,500000
13709,6069160,500000
13710,171176688,8270
13711,6069160,500000
13712,6069160,500000
13713,171176688,6820
13714,6069160,500000
13715,171176688,7540
13716,6069160,500000
13717,6069160,500000
13718,6069160,500000
13719,6069160,500000
13720,171176688,13190
13721,171176688,8130
13722,6069160,500000
13723,6069160,500000
13724,6069160,500000
13725,6069160,500000
13726,6069160,500000
13727,6069160,500000
13728,6069160,500000
13729,6069160,500000
13730,6069160,500000
13731,6069160,500000
13732,6069160,500000
13733,6069160,500000
13734,171176688,6670
13735,6069160,500000
13736,171176688,5950
13737,171176688,22040
13738,171176688,6970
13739,6069160,500000
13740,6069160,500000
13741,6069160,500000
13742,171176688,11890
13743,171176688,11320
13744,6069160,500000
13745,171176688,9720
13746,171176688,6380
13747,6069160,500000
13748,6069160,500000
13749,171176688,7250
13750,171176688,7540
13751,171176688,8700
13752,6069160,500000
13753,171176688,7250
13754,6069160,500000
13755,6069160,500000
13756,171176688,18710
13757,6069160,500000
13758,6069160,500000
13759,171176688,11750
13760,171176688,5510
13761,6069160,500000
13762,171176688,6240
13763,171176688,9130
13764,6069160,500000
13765,6069160,500000
13766,171176688,4060
13767,171176688,23780
13768,171176688,9720
13769,6069160,500000
13770,6069160,500000
13771,171176688,7100
13772,171176688,6090
13773,171176688,7540
13774,171176688,15810
13775,171176688,6090
13776,6069160,500000
13777,171176688,5220
13778,6069160,500000
13779,171176688,12910
13780,171176688,5370
13781,6069160,500000
13782,6069160,500000
13783,6069160,500000
13784,6069160,500000
13785,6069160,500000
13786,171176688,6090
13787,171176688,9430
13788,171176688,6960
13789,6069160,500000
13790,6069160,500000
13791,171176688,21890
13792,6069160,500000
13793,6069160,500000
13794,171176688,11020
13795,171176688,4060
13796,171176688,12330
13797,171176688,19010
13798,6069160,500000
13799,171176688,4640
13800,6069160,500000
13801,171176688,7140
13802,171176688,11460
13803,6069160,500000
13804,6069160,500000
13805,6069160,500000
13806,171176688,5650
13807,6069160,500000
13808,171176688,5650
13809,6069160,500000
13810,6069160,500000
13811,6069160,500000
13812,6069160,500000
13813,6069160,500000
13814,6069160,500000
13815,171176688,11020
13816,6069160,500000
13817,171176688,8850
13818,6069160,500000
13819,6069160,500000
13820,171176688,10300
13821,6069160,500000
13822,6069160,500000
13823,171176688,10590
13824,6069160,500000
13825,6069160,500000
13826,6069160,500000
13827,171176688,10000
13828,6069160,500000
13829,6069160,500000
13830,6069160,500000
13831,6069160,500000
13832,6069160,500000
13833,171176688,5800
13834,171176688,13190
13835,171176688,12470
13836,171176688,5510
13837,6069160,500000
13838,6069160,500000
13839,6069160,500000
13840,6069160,500000
13841,6069160,500000
13842,6069160,500000
13843,6069160,500000
13844,6069160,500000
13845,6069160,500000
13846,6069160,500000
13847,6069160,500000
13848,6069160,500000
13849,6069160,500000
13850,171176688,5650
13851,171176688,15230
13852,6069160,500000
13853,6069160,500000
13854,6069160,500000
13855,6069160,500000
13856,6069160,500000
13857,6069160,500000
13858,171176688,8550
13859,171176688,10300
13860,6069160,500000
13861,171176688,8700
13862,6069160,500000
13863,6069160,500000
13864,6069160,500000
13865,6069160,500000
13866,6069160,500000
13867,6069160,500000
13868,171176688,8270
13869,6069160,500000
13870,171176688,4500
13871,6069160,500000
13872,6069160,500000
13873,6069160,500000
13874,6069160,500000
13875,6069160,500000
13876,6069160,500000
13877,6069160,500000
13878,171176688,6820
13879,6069160,500000
13880,6069160,500000
13881,171176688,6380
13882,171176688,8120
13883,171176688,4500
13884,171176688,63080
13885,6069160,500000
13886,6069160,500000
13887,171176688,9570
13888,6069160,500000
13889,171176688,6530
13890,171176688,8700
13891,171176688,9280
13892,6069160,500000
13893,171176688,6380
13894,171176688,13050
13895,6069160,500000
13896,171176688,6960
13897,6069160,500000
13898,6069160,500000
13899,6069160,500000
13900,6069160,500000
13901,6069160,500000
13902,6069160,500000
13903,171176688,5220
13904,6069160,500000
13905,6069160,500000
13906,171176688,41070
13907,171176688,6820
13908,6069160,500000
13909,6069160,500000
13910,6069160,500000
13911,6069160,500000
13912,171176688,7250
13913,6069160,500000
13914,6069160,500000
13915,6069160,500000
13916,6069160,500000
13917,171176688,8120
13918,6069160,500000
13919,171176688,152100
13920,6069160,500000
13921,6069160,500000
13922,171176688,6960
13923,6069160,500000
13924,6069160,500000
13925,6069160,500000
13926,6069160,500000
13927,6069160,500000
13928,6069160,500000
13929,6069160,500000
13930,6069160,500000
13931,6069160,500000
13932,6069160,500000
13933,6069160,500000
13934,171176688,9130
13935,6069160,500000
13936,6069160,500000
13937,6069160,500000
13938,171176688,4930
13939,6069160,500000
13940,171176688,6960
13941,6069160,500000
13942,171176688,13630
13943,6069160,500000
13944,6069160,500000
13945,6069160,500000
13946,6069160,500000
13947,171176688,5950
13948,6069160,500000
13949,6069160,500000
13950,6069160,500000
13951,6069160,500000
13952,6069160,500000
13953,6069160,500000
13954,6069160,500000
13955,6069160,500000
13956,6069160,500000
13957,6069160,500000
13958,171176688,9570
13959,6069160,500000
13960,6069160,500000
13961,6069160,500000
13962,6069160,500000
13963,6069160,500000
13964,171176688,7100
13965,6069160,500000
13966,6069160,500000
13967,171176688,8550
13968,171176688,11890
13969,6069160,500000
13970,6069160,500000
13971,171176688,10880
13972,6069160,500000
13973,6069160,500000
13974,6069160,500000
13975,171176688,12470
13976,6069160,500000
13977,171176688,68780
13978,6069160,500000
13979,171176688,17540
13980,6069160,500000
13981,6069160,500000
13982,171176688,12030
13983,6069160,500000
13984,6069160,500000
13985,171176688,6670
13986,6069160,500000
13987,171176688,9130
13988,171176688,7540
13989,6069160,500000
13990,6069160,500000
13991,6069160,500000
13992,6069160,500000
13993,6069160,500000
13994,6069160,500000
13995,6069160,500000
13996,6069160,500000
13997,171176688,10580
13998,6069160,500000
13999,171176688,7100
14000,6069160,500000
14001,6069160,500000
14002,6069160,500000
14003,171176688,37560
14004,6069160,500000
14005,6069160,500000
14006,6069160,500000
14007,6069160,500000
14008,6069160,500000
14009,6069160,500000
14010,6069160,500000
14011,171176688,8410
14012,6069160,500000
14013,171176688,13050
14014,6069160,500000
14015,6069160,500000
14016,6069160,500000
14017,6069160,500000
14018,6069160,500000
14019,171176688,7100
14020,6069160,500000
14021,6069160,500000
14022,6069160,500000
14023,6069160,500000
14024,171176688,15810
14025,6069160,500000
14026,6069160,500000
14027,171176688,7680
14028,6069160,500000
14029,171176688,5800
14030,6069160,500000
14031,6069160,500000
14032,6069160,500000
14033,171176688,6530
14034,6069160,500000
14035,171176688,8270
14036,6069160,500000
14037,6069160,500000
14038,6069160,500000
14039,171176688,4060
14040,6069160,500000
14041,6069160,500000
14042,6069160,500000
14043,6069160,500000
14044,171176688,40460
14045,6069160,500000
14046,6069160,500000
14047,6069160,500000
14048,6069160,500000
14049,6069160,500000
14050,6069160,500000
14051,171176688,22330
14052,171176688,16090
14053,6069160,500000
14054,6069160,500000
14055,6069160,500000
14056,6069160,500000
14057,171176688,3770
14058,6069160,500000
14059,171176688,6530
14060,171176688,12030
14061,171176688,7980
14062,6069160,500000
14063,171176688,6820
14064,171176688,6090
14065,171176688,5510
14066,6069160,500000
14067,6069160,500000
14068,6069160,500000
14069,171176688,8270
14070,6069160,500000
14071,6069160,500000
14072,171176688,14230
14073,171176688,12620
14074,171176688,8700
14075,171176688,10440
14076,171176688,9280
14077,6069160,500000
14078,6069160,500000
14079,6069160,500000
14080,171176688,16240
14081,171176688,7680
14082,171176688,7250
14083,171176688,21460
14084,171176688,8700
14085,171176688,12490
14086,6069160,500000
14087,6069160,500000
14088,171176688,5370
14089,6069160,500000
14090,6069160,500000
14091,6069160,500000
14092,6069160,500000
14093,6069160,500000
14094,6069160,500000
14095,6069160,500000
14096,6069160,500000
14097,6069160,500000
14098,6069160,500000
14099,6069160,500000
14100,6069160,500000
14101,171176688,12030
14102,171176688,6530
14103,171176688,8120
14104,171176688,10730
14105,6069160,500000
14106,6069160,500000
14107,6069160,500000
14108,6069160,500000
14109,171176688,13190
14110,6069160,500000
14111,6069160,500000
14112,6069160,500000
14113,6069160,500000
14114,171176688,6530
14115,6069160,500000
14116,6069160,500000
14117,171176688,5800
14118,6069160,500000
14119,6069160,500000
14120,6069160,500000
14121,6069160,500000
14122,6069160,500000
14123,6069160,500000
14124,6069160,500000
14125,171176688,7100
14126,6069160,500000
14127,6069160,500000
14128,6069160,500000
14129,6069160,500000
14130,171176688,6380
14131,6069160,500000
14132,6069160,500000
14133,6069160,500000
14134,171176688,4970
14135,6069160,500000
14136,6069160,500000
14137,6069160,500000
14138,171176688,11310
14139,171176688,5950
14140,6069160,500000
14141,171176688,5510
14142,6069160,500000
14143,171176688,6090
14144,171176688,6530
14145,171176688,5650
14146,171176688,10440
14147,171176688,4640
14148,6069160,500000
14149,6069160,500000
14150,171176688,23640
14151,6069160,500000
14152,171176688,6240
14153,171176688,9430
14154,6069160,500000
14155,6069160,500000
14156,6069160,500000
14157,6069160,500000
14158,6069160,500000
14159,171176688,6670
14160,6069160,500000
14161,6069160,500000
14162,171176688,5800
14163,6069160,500000
14164,6069160,500000
14165,6069160,500000
14166,171176688,8270
14167,6069160,500000
14168,6069160,500000
14169,171176688,11750
14170,6069160,500000
14171,171176688,6530
14172,6069160,500000
14173,6069160,500000
14174,6069160,500000
14175,171176688,7680
14176,6069160,500000
14177,6069160,500000
14178,6069160,500000
14179,6069160,500000
14180,6069160,500000
14181,6069160,500000
14182,171176688,7830
14183,171176688,6960
14184,6069160,500000
14185,6069160,500000
14186,6069160,500000
14187,171176688,11320
14188,6069160,500000
14189,6069160,500000
14190,6069160,500000
14191,6069160,500000
14192,171176688,10580
14193,171176688,8410
14194,6069160,500000
14195,6069160,500000
14196,171176688,5080
14197,6069160,500000
14198,6069160,500000
14199,171176688,7980
14200,171176688,9430
14201,6069160,500000
14202,6069160,500000
14203,171176688,10000
14204,6069160,500000
14205,6069160,500000
14206,171176688,6530
14207,6069160,500000
14208,6069160,500000
14209,6069160,500000
14210,6069160,500000
14211,171176688,13340
14212,171176688,11600
14213,6069160,500000
14214,6069160,500000
14215,171176688,11020
14216,171176688,19720
14217,171176688,14210
14218,6069160,500000
14219,6069160,500000
14220,171176688,6380
14221,6069160,500000
14222,6069160,500000
14223,171176688,13190
14224,171176688,7550
14225,6069160,500000
14226,6069160,500000
14227,6069160,500000
14228,6069160,500000
14229,6069160,500000
14230,6069160,500000
14231,6069160,500000
14232,6069160,500000
14233,6069160,500000
14234,171176688,14070
14235,171176688,7250
14236,6069160,500000
14237,6069160,500000
14238,6069160,500000
14239,6069160,500000
14240,171176688,10000
14241,171176688,5370
14242,6069160,500000
14243,6069160,500000
14244,6069160,500000
14245,6069160,500000
14246,171176688,6560
14247,171176688,10300
14248,6069160,500000
14249,6069160,500000
14250,6069160,500000
14251,171176688,3480
14252,6069160,500000
14253,6069160,500000
14254,6069160,500000
14255,6069160,500000
14256,6069160,500000
14257,171176688,8410
14258,6069160,500000
14259,171176688,4930
14260,6069160,500000
14261,6069160,500000
14262,171176688,12760
14263,6069160,500000
14264,6069160,500000
14265,6069160,500000
14266,6069160,500000
14267,6069160,500000
14268,171176688,10730
14269,6069160,500000
14270,6069160,500000
14271,171176688,8270
14272,6069160,500000
14273,6069160,500000
14274,171176688,7400
14275,6069160,500000
14276,171176688,10170
14277,6069160,500000
14278,171176688,7830
14279,6069160,500000
14280,171176688,21190
14281,6069160,500000
14282,6069160,500000
14283,6069160,500000
14284,6069160,500000
14285,6069160,500000
14286,6069160,500000
14287,171176688,9430
14288,6069160,500000
14289,171176688,7680
14290,6069160,500000
14291,6069160,500000
14292,171176688,9720
14293,171176688,7540
14294,6069160,500000
14295,6069160,500000
14296,171176688,8410
14297,171176688,8550
14298,6069160,500000
14299,6069160,500000
14300,6069160,500000
14301,6069160,500000
14302,171176688,6670
14303,6069160,500000
14304,6069160,500000
14305,6069160,500000
14306,6069160,500000
14307,6069160,500000
14308,6069160,500000
14309,171176688,12030
14310,6069160,500000
14311,171176688,8550
14312,171176688,7980
14313,6069160,500000
14314,6069160,500000
14315,171176688,14360
14316,171176688,8120
14317,6069160,500000
14318,171176688,34510
14319,6069160,500000
14320,6069160,500000
14321,171176688,7980
14322,6069160,500000
14323,6069160,500000
14324,6069160,500000
14325,171176688,7420
14326,171176688,6380
14327,6069160,500000
14328,6069160,500000
14329,6069160,500000
14330,171176688,5950
14331,6069160,500000
14332,6069160,500000
14333,6069160,500000
14334,6069160,500000
14335,171176688,7540
14336,171176688,5510
14337,6069160,500000
14338,6069160,500000
14339,6069160,500000
14340,6069160,500000
14341,171176688,6670
14342,6069160,500000
14343,171176688,8270
14344,171176688,6820
14345,6069160,500000
14346,6069160,500000
14347,6069160,500000
14348,171176688,9130
14349,171176688,6530
14350,171176688,8990
14351,171176688,6960
14352,6069160,500000
14353,171176688,9860
14354,171176688,9280
14355,6069160,500000
14356,6069160,500000
14357,6069160,500000
14358,171176688,22480
14359,6069160,500000
14360,171176688,24650
14361,6069160,500000
14362,6069160,500000
14363,171176688,5950
14364,171176688,5080
14365,6069160,500000
14366,6069160,500000
14367,171176688,6240
14368,6069160,500000
14369,171176688,7250
14370,171176688,13070
14371,6069160,500000
14372,171176688,14070
14373,171176688,6240
14374,6069160,500000
14375,6069160,500000
14376,171176688,5220
14377,6069160,500000
14378,6069160,500000
14379,6069160,500000
14380,6069160,500000
14381,6069160,500000
14382,6069160,500000
14383,6069160,500000
14384,171176688,6670
14385,6069160,500000
14386,171176688,5370
14387,6069160,500000
14388,6069160,500000
14389,6069160,500000
14390,6069160,500000
14391,6069160,500000
14392,171176688,11020
14393,6069160,500000
14394,171176688,15370
14395,6069160,500000
14396,6069160,500000
14397,6069160,500000
14398,6069160,500000
14399,171176688,9280
14400,171176688,4640
14401,6069160,500000
14402,171176688,12620
14403,6069160,500000
14404,171176688,8120
14405,6069160,500000
14406,6069160,500000
14407,6069160,500000
14408,171176688,6970
14409,171176688,6240
14410,6069160,500000
14411,6069160,500000
14412,6069160,500000
14413,171176688,7400
14414,6069160,500000
14415,171176688,20300
14416,6069160,500000
14417,6069160,500000
14418,6069160,500000
14419,6069160,500000
14420,171176688,50770
14421,6069160,500000
14422,6069160,500000
14423,171176688,6670
14424,6069160,500000
14425,6069160,500000
14426,6069160,500000
14427,171176688,9280
14428,171176688,14360
14429,6069160,500000
14430,171176688,15810
14431,171176688,8120
14432,6069160,500000
14433,6069160,500000
14434,6069160,500000
14435,6069160,500000
14436,6069160,500000
14437,6069160,500000
14438,6069160,500000
14439,171176688,13780
14440,6069160,500000
14441,6069160,500000
14442,6069160,500000
14443,171176688,8850
14444,6069160,500000
14445,171176688,5650
14446,6069160,500000
14447,171176688,7540
14448,6069160,500000
14449,6069160,500000
14450,6069160,500000
14451,171176688,8550
14452,6069160,500000
14453,6069160,500000
14454,6069160,500000
14455,171176688,16380
14456,6069160,500000
14457,6069160,500000
14458,171176688,6530
14459,6069160,500000
14460,171176688,20010
14461,6069160,500000
14462,6069160,500000
14463,171176688,20300
14464,171176688,11310
14465,6069160,500000
14466,6069160,500000
14467,171176688,6960
14468,6069160,500000
14469,171176688,6960
14470,6069160,500000
14471,6069160,500000
14472,6069160,500000
14473,6069160,500000
14474,171176688,8990
14475,6069160,500000
14476,6069160,500000
14477,6069160,500000
14478,171176688,4200
14479,171176688,12620
14480,6069160,500000
14481,171176688,10300
14482,171176688,7130
14483,6069160,500000
14484,6069160,500000
14485,171176688,8410
14486,6069160,500000
14487,171176688,8270
14488,6069160,500000
14489,171176688,3910
14490,171176688,5950
14491,171176688,7830
14492,171176688,5650
14493,171176688,6820
14494,6069160,500000
14495,171176688,9280
14496,171176688,15950
14497,171176688,12030
14498,6069160,500000
14499,171176688,20880
14500,171176688,5950
14501,171176688,13190
14502,6069160,500000
14503,6069160,500000
14504,6069160,500000
14505,171176688,12910
14506,6069160,500000
14507,6069160,500000
14508,6069160,500000
14509,6069160,500000
14510,6069160,500000
14511,6069160,500000
14512,6069160,500000
14513,6069160,500000
14514,171176688,11600
14515,171176688,8410
14516,171176688,6820
14517,6069160,500000
14518,171176688,7830
14519,6069160,500000
14520,171176688,7250
14521,171176688,15660
14522,171176688,8990
14523,6069160,500000
14524,171176688,6380
14525,6069160,500000
14526,6069160,500000
14527,6069160,500000
14528,6069160,500000
14529,6069160,500000
14530,171176688,19580
14531,6069160,500000
14532,6069160,500000
14533,6069160,500000
14534,171176688,14640
14535,6069160,500000
14536,6069160,500000
14537,171176688,5650
14538,6069160,500000
14539,6069160,500000
14540,6069160,500000
14541,6069160,500000
14542,6069160,500000
14543,171176688,12330
14544,6069160,500000
14545,171176688,11750
14546,6069160,500000
14547,171176688,7830
14548,6069160,500000
14549,6069160,500000
14550,171176688,6550
14551,6069160,500000
14552,6069160,500000
14553,6069160,500000
14554,6069160,500000
14555,6069160,500000
14556,171176688,4500
14557,171176688,20010
14558,6069160,500000
14559,171176688,4350
14560,6069160,500000
14561,6069160,500000
14562,6069160,500000
14563,171176688,10150
14564,6069160,500000
14565,6069160,500000
14566,171176688,6960
14567,6069160,500000
14568,171176688,5510
14569,6069160,500000
14570,6069160,500000
14571,171176688,6090
14572,171176688,3910
14573,6069160,500000
14574,171176688,6670
14575,171176688,11310
14576,171176688,14070
14577,6069160,500000
14578,6069160,500000
14579,6069160,500000
14580,6069160,500000
14581,171176688,6380
14582,6069160,500000
14583,6069160,500000
14584,6069160,500000
14585,6069160,500000
14586,6069160,500000
14587,6069160,500000
14588,6069160,500000
14589,6069160,500000
14590,6069160,500000
14591,6069160,500000
14592,6069160,500000
14593,171176688,8410
14594,6069160,500000
14595,171176688,30310
14596,6069160,500000
14597,6069160,500000
14598,171176688,6960
14599,171176688,20160
14600,171176688,8850
14601,6069160,500000
14602,6069160,500000
14603,171176688,10730
14604,6069160,500000
14605,171176688,13780
14606,171176688,8990
14607,171176688,5370
14608,6069160,500000
14609,6069160,500000
14610,171176688,22620
14611,6069160,500000
14612,171176688,8700
14613,6069160,500000
14614,6069160,500000
14615,6069160,500000
14616,6069160,500000
14617,171176688,4930
14618,6069160,500000
14619,171176688,8700
14620,6069160,500000
14621,6069160,500000
14622,6069160,500000
14623,6069160,500000
14624,6069160,500000
14625,171176688,5510
14626,6069160,500000
14627,6069160,500000
14628,6069160,500000
14629,171176688,9570
14630,171176688,4500
14631,6069160,500000
14632,6069160,500000
14633,6069160,500000
14634,6069160,500000
14635,6069160,500000
14636,6069160,500000
14637,171176688,9430
14638,171176688,8270
14639,6069160,500000
14640,171176688,7400
14641,6069160,500000
14642,6069160,500000
14643,6069160,500000
14644,6069160,500000
14645,6069160,500000
14646,171176688,9130
14647,171176688,9570
14648,6069160,500000
14649,171176688,5650
14650,6069160,500000
14651,171176688,10300
14652,6069160,500000
14653,171176688,6380
14654,171176688,20740
14655,6069160,500000
14656,6069160,500000
14657,6069160,500000
14658,171176688,13780
14659,6069160,500000
14660,6069160,500000
14661,171176688,21610
14662,6069160,500000
14663,171176688,5080
14664,6069160,500000
14665,6069160,500000
14666,6069160,500000
14667,6069160,500000
14668,6069160,500000
14669,171176688,7830
14670,6069160,500000
14671,6069160,500000
14672,171176688,7250
14673,6069160,500000
14674,171176688,7250
14675,6069160,500000
14676,6069160,500000
14677,171176688,5510
14678,6069160,500000
14679,6069160,500000
14680,6069160,500000
14681,6069160,500000
14682,6069160,500000
14683,6069160,500000
14684,6069160,500000
14685,6069160,500000
14686,6069160,500000
14687,171176688,4930
14688,171176688,5230
14689,6069160,500000
14690,6069160,500000
14691,6069160,500000
14692,6069160,500000
14693,6069160,500000
14694,6069160,500000
14695,171176688,9280
14696,171176688,7250
14697,171176688,7680
14698,171176688,5370
14699,6069160,500000
14700,6069160,500000
14701,171176688,9280
14702,6069160,500000
14703,171176688,10440
14704,6069160,500000
14705,171176688,10730
14706,171176688,5800
14707,171176688,8410
14708,6069160,500000
14709,6069160,500000
14710,6069160,500000
14711,6069160,500000
14712,171176688,80040
14713,6069160,500000
14714,6069160,500000
14715,6069160,500000
14716,171176688,11170
14717,6069160,500000
14718,6069160,500000
14719,6069160,500000
14720,6069160,500000
14721,6069160,500000
14722,171176688,6960
14723,6069160,500000
14724,6069160,500000
14725,6069160,500000
14726,171176688,8410
14727,6069160,500000
14728,171176688,15230
14729,6069160,500000
14730,171176688,6380
14731,171176688,8120
14732,6069160,500000
14733,171176688,5510
14734,171176688,7680
14735,171176688,10450
14736,6069160,500000
14737,6069160,500000
14738,6069160,500000
14739,171176688,8120
14740,171176688,18560
14741,171176688,21890
14742,6069160,500000
14743,171176688,23780
14744,6069160,500000
14745,6069160,500000
14746,6069160,500000
14747,6069160,500000
14748,171176688,21460
14749,171176688,6380
14750,6069160,500000
14751,6069160,500000
14752,6069160,500000
14753,6069160,500000
14754,6069160,500000
14755,6069160,500000
14756,6069160,500000
14757,6069160,500000
14758,171176688,8850
14759,171176688,6240
14760,6069160,500000
14761,6069160,500000
14762,6069160,500000
14763,6069160,500000
14764,171176688,7100
14765,171176688,38430
14766,6069160,500000
14767,171176688,8550
14768,6069160,500000
14769,171176688,6240
14770,6069160,500000
14771,6069160,500000
14772,6069160,500000
14773,171176688,9130
14774,171176688,5800
14775,6069160,500000
14776,6069160,500000
14777,171176688,5370
14778,171176688,15660
14779,6069160,500000
14780,171176688,6960
14781,6069160,500000
14782,6069160,500000
14783,6069160,500000
14784,6069160,500000
14785,6069160,500000
14786,6069160,500000
14787,6069160,500000
14788,171176688,15950
14789,6069160,500000
14790,171176688,9440
14791,171176688,4790
14792,171176688,6820
14793,171176688,8850
14794,6069160,500000
14795,6069160,500000
14796,171176688,12030
14797,6069160,500000
14798,6069160,500000
14799,6069160,500000
14800,6069160,500000
14801,171176688,7400
14802,6069160,500000
14803,171176688,8550
14804,171176688,10580
14805,171176688,8550
14806,6069160,500000
14807,6069160,500000
14808,6069160,500000
14809,171176688,7100
14810,6069160,500000
14811,6069160,500000
14812,6069160,500000
14813,171176688,7680
14814,6069160,500000
14815,171176688,22770
14816,6069160,500000
14817,6069160,500000
14818,171176688,14790
14819,171176688,6240
14820,6069160,500000
14821,6069160,500000
14822,6069160,500000
14823,171176688,8700
14824,171176688,6670
14825,6069160,500000
14826,6069160,500000
14827,6069160,500000
14828,171176688,14930
14829,6069160,500000
14830,171176688,19720
14831,6069160,500000
14832,6069160,500000
14833,171176688,13630
14834,171176688,4350
14835,171176688,10730
14836,171176688,6670
14837,6069160,500000
14838,171176688,6380
14839,6069160,500000
14840,6069160,500000
14841,171176688,6960
14842,6069160,500000
14843,171176688,9720
14844,6069160,500000
14845,171176688,9570
14846,171176688,7100
14847,6069160,500000
14848,171176688,8700
14849,6069160,500000
14850,171176688,5510
14851,6069160,500000
14852,171176688,5510
14853,6069160,500000
14854,6069160,500000
14855,6069160,500000
14856,6069160,500000
14857,6069160,500000
14858,6069160,500000
14859,171176688,11170
14860,171176688,41910
14861,171176688,14360
14862,171176688,5220
14863,6069160,500000
14864,171176688,20880
14865,6069160,500000
14866,6069160,500000
14867,171176688,14210
14868,171176688,6380
14869,6069160,500000
14870,6069160,500000
14871,6069160,500000
14872,171176688,6670
14873,6069160,500000
14874,171176688,8120
14875,6069160,500000
14876,6069160,500000
14877,171176688,7680
14878,6069160,500000
14879,6069160,500000
14880,6069160,500000
14881,171176688,9720
14882,6069160,500000
14883,6069160,500000
14884,171176688,11890
14885,6069160,500000
14886,6069160,500000
14887,6069160,500000
14888,6069160,500000
14889,6069160,500000
14890,6069160,500000
14891,171176688,11750
14892,171176688,11890
14893,171176688,21460
14894,171176688,6240
14895,6069160,500000
14896,6069160,500000
14897,6069160,500000
14898,171176688,8850
14899,6069160,500000
14900,171176688,4200
14901,6069160,500000
14902,6069160,500000
14903,6069160,500000
14904,6069160,500000
14905,171176688,8120
14906,6069160,500000
14907,6069160,500000
14908,6069160,500000
14909,6069160,500000
14910,171176688,6960
14911,6069160,500000
14912,171176688,10880
14913,6069160,500000
14914,6069160,500000
14915,6069160,500000
14916,6069160,500000
14917,6069160,500000
14918,6069160,500000
14919,6069160,500000
14920,171176688,11020
14921,6069160,500000
14922,6069160,500000
14923,6069160,500000
14924,171176688,14930
14925,6069160,500000
14926,6069160,500000
14927,6069160,500000
14928,171176688,11460
14929,171176688,5510
14930,171176688,6380
14931,171176688,8120
14932,6069160,500000
14933,6069160,500000
14934,6069160,500000
14935,6069160,500000
14936,6069160,500000
14937,6069160,500000
14938,6069160,500000
14939,6069160,500000
14940,6069160,500000
14941,171176688,8120
14942,6069160,500000
14943,171176688,6960
14944,6069160,500000
14945,6069160,500000
14946,171176688,7540
14947,6069160,500000
14948,171176688,16970
14949,6069160,500000
14950,6069160,500000
14951,171176688,6380
14952,6069160,500000
14953,171176688,5510
14954,6069160,500000
14955,6069160,500000
14956,6069160,500000
14957,6069160,500000
14958,171176688,5080
14959,171176688,9430
14960,171176688,7980
14961,171176688,8270
14962,171176688,12910
14963,171176688,13340
14964,6069160,500000
14965,171176688,19280
14966,6069160,500000
14967,6069160,500000
14968,6069160,500000
14969,171176688,8550
14970,6069160,500000
14971,6069160,500000
14972,6069160,500000
14973,171176688,8410
14974,171176688,3630
14975,171176688,12760
14976,171176688,20010
14977,6069160,500000
14978,6069160,500000
14979,6069160,500000
14980,171176688,10440
14981,6069160,500000
14982,6069160,500000
14983,171176688,6380
14984,6069160,500000
14985,6069160,500000
14986,171176688,6240
14987,171176688,5370
14988,6069160,500000
14989,6069160,500000
14990,6069160,500000
14991,171176688,6670
14992,6069160,500000
14993,6069160,500000
14994,6069160,500000
14995,6069160,500000
14996,6069160,500000
14997,6069160,500000
14998,171176688,4500
14999,6069160,500000
15000,6069160,500000
15001,6069160,500000
15002,171176688,20880
15003,6069160,500000
15004,6069160,500000
15005,171176688,26100
15006,6069160,500000
15007,6069160,500000
15008,6069160,500000
15009,171176688,4930
15010,6069160,500000
15011,6069160,500000
15012,6069160,500000
15013,6069160,500000
15014,171176688,8120
15015,6069160,500000
15016,171176688,5650
15017,6069160,500000
15018,171176688,14070
15019,6069160,500000
15020,171176688,7830
15021,171176688,11460
15022,6069160,500000
15023,171176688,20880
15024,6069160,500000
15025,6069160,500000
15026,6069160,500000
15027,6069160,500000
15028,171176688,5800
15029,6069160,500000
15030,6069160,500000
15031,171176688,6380
15032,6069160,500000
15033,171176688,7830
15034,171176688,7400
15035,6069160,500000
15036,6069160,500000
15037,171176688,6960
15038,6069160,500000
15039,6069160,500000
15040,6069160,500000
15041,171176688,8700
15042,6069160,500000
15043,171176688,8550
15044,171176688,4640
15045,171176688,15370
15046,171176688,14500
15047,6069160,500000
15048,6069160,500000
15049,171176688,6820
15050,6069160,500000
15051,6069160,500000
15052,171176688,10000
15053,171176688,4930
15054,6069160,500000
15055,6069160,500000
15056,6069160,500000
15057,171176688,35090
15058,6069160,500000
15059,6069160,500000
15060,171176688,6670
15061,171176688,9720
15062,6069160,500000
15063,6069160,500000
15064,6069160,500000
15065,171176688,43210
15066,6069160,500000
15067,6069160,500000
15068,6069160,500000
15069,6069160,500000
15070,171176688,7540
15071,6069160,500000
15072,6069160,500000
15073,171176688,6960
15074,6069160,500000
15075,6069160,500000
15076,171176688,7250
15077,6069160,500000
15078,171176688,4060
15079,171176688,6380
15080,6069160,500000
15081,6069160,500000
15082,171176688,9570
15083,6069160,500000
15084,171176688,6530
15085,6069160,500000
15086,6069160,500000
15087,171176688,7980
15088,6069160,500000
15089,6069160,500000
15090,6069160,500000
15091,6069160,500000
15092,171176688,5220
15093,171176688,6530
15094,171176688,15230
15095,171176688,33490
15096,6069160,500000
15097,171176688,8120
15098,6069160,500000
15099,171176688,5990
15100,171176688,6380
15101,6069160,500000
15102,171176688,5370
15103,6069160,500000
15104,6069160,500000
15105,6069160,500000
15106,6069160,500000
15107,6069160,500000
15108,6069160,500000
15109,6069160,500000
15110,6069160,500000
15111,171176688,8850
15112,171176688,5950
15113,6069160,500000
15114,171176688,10440
15115,171176688,9280
15116,6069160,500000
15117,171176688,11020
15118,6069160,500000
15119,6069160,500000
15120,171176688,6670
15121,171176688,6970
15122,171176688,8270
15123,6069160,500000
15124,6069160,500000
15125,6069160,500000
15126,171176688,8410
15127,6069160,500000
15128,6069160,500000
15129,6069160,500000
15130,6069160,500000
15131,171176688,3630
15132,171176688,9130
15133,6069160,500000
15134,171176688,5510
15135,6069160,500000
15136,6069160,500000
15137,171176688,6380
15138,6069160,500000
15139,171176688,6380
15140,6069160,500000
15141,171176688,22770
15142,6069160,500000
15143,171176688,5800
15144,171176688,10000
15145,6069160,500000
15146,6069160,500000
15147,6069160,500000
15148,171176688,6820
15149,6069160,500000
15150,6069160,500000
15151,6069160,500000
15152,6069160,500000
15153,171176688,6530
15154,6069160,500000
15155,171176688,30590
15156,171176688,21170
15157,6069160,500000
15158,6069160,500000
15159,6069160,500000
15160,6069160,500000
15161,171176688,5510
15162,6069160,500000
15163,6069160,500000
15164,171176688,8270
15165,6069160,500000
15166,6069160,500000
15167,6069160,500000
15168,6069160,500000
15169,171176688,17980
15170,6069160,500000
15171,6069160,500000
15172,171176688,15950
15173,6069160,500000
15174,6069160,500000
15175,6069160,500000
15176,6069160,500000
15177,6069160,500000
15178,171176688,11460
15179,171176688,6960
15180,6069160,500000
15181,6069160,500000
15182,6069160,500000
15183,6069160,500000
15184,171176688,4640
15185,6069160,500000
15186,6069160,500000
15187,6069160,500000
15188,6069160,500000
15189,6069160,500000
15190,171176688,6240
15191,6069160,500000
15192,6069160,500000
15193,6069160,500000
15194,6069160,500000
15195,6069160,500000
15196,6069160,500000
15197,6069160,500000
15198,171176688,9720
15199,6069160,500000
15200,6069160,500000
15201,6069160,500000
15202,6069160,500000
15203,6069160,500000
15204,6069160,500000
15205,171176688,21610
15206,6069160,500000
15207,6069160,500000
15208,171176688,26240
15209,171176688,5510
15210,6069160,500000
15211,6069160,500000
15212,171176688,7100
15213,6069160,500000
15214,171176688,7100
15215,171176688,6090
15216,6069160,500000
15217,6069160,500000
15218,6069160,500000
15219,171176688,5650
15220,6069160,500000
15221,171176688,8270
15222,6069160,500000
15223,6069160,500000
15224,6069160,500000
15225,6069160,500000
15226,6069160,500000
15227,6069160,500000
15228,6069160,500000
15229,171176688,6090
15230,6069160,500000
15231,6069160,500000
15232,171176688,38860
15233,6069160,500000
15234,171176688,13630
15235,171176688,12030
15236,6069160,500000
15237,6069160,500000
15238,171176688,4930
15239,6069160,500000
15240,6069160,500000
15241,6069160,500000
15242,171176688,8990
15243,171176688,7680
15244,171176688,6090
15245,6069160,500000
15246,6069160,500000
15247,6069160,500000
15248,6069160,500000
15249,6069160,500000
15250,171176688,77580
15251,171176688,8120
15252,171176688,11460
15253,6069160,500000
15254,171176688,10150
15255,171176688,9860
15256,6069160,500000
15257,6069160,500000
15258,171176688,5370
15259,171176688,7680
15260,171176688,20300
15261,6069160,500000
15262,171176688,10880
15263,171176688,11310
15264,171176688,8120
15265,171176688,66410
15266,171176688,20880
15267,6069160,500000
15268,171176688,9430
15269,6069160,500000
15270,171176688,7830
15271,171176688,7830
15272,6069160,500000
15273,6069160,500000
15274,171176688,15950
15275,171176688,6240
15276,171176688,10000
15277,6069160,500000
15278,171176688,15230
15279,171176688,4930
15280,171176688,10590
15281,6069160,500000
15282,171176688,8560
15283,171176688,8850
15284,6069160,500000
15285,6069160,500000
15286,171176688,7250
15287,6069160,500000
15288,171176688,7680
15289,6069160,500000
15290,6069160,500000
15291,6069160,500000
15292,6069160,500000
15293,171176688,8850
15294,6069160,500000
15295,6069160,500000
15296,6069160,500000
15297,6069160,500000
15298,6069160,500000
15299,6069160,500000
15300,6069160,500000
15301,171176688,6090
15302,6069160,500000
15303,6069160,500000
15304,6069160,500000
15305,6069160,500000
15306,6069160,500000
15307,6069160,500000
15308,6069160,500000
15309,6069160,500000
15310,171176688,6670
15311,6069160,500000
15312,6069160,500000
15313,6069160,500000
15314,6069160,500000
15315,6069160,500000
15316,6069160,500000
15317,171176688,5800
15318,6069160,500000
15319,171176688,7100
15320,6069160,500000
15321,171176688,10150
15322,171176688,7250
15323,6069160,500000
15324,171176688,11020
15325,6069160,500000
15326,6069160,500000
15327,6069160,500000
15328,6069160,500000
15329,6069160,500000
15330,6069160,500000
15331,171176688,10740
15332,6069160,500000
15333,6069160,500000
15334,6069160,500000
15335,6069160,500000
15336,171176688,23060
15337,6069160,500000
15338,6069160,500000
15339,6069160,500000
15340,6069160,500000
15341,6069160,500000
15342,171176688,9720
15343,6069160,500000
15344,6069160,500000
15345,171176688,7100
15346,6069160,500000
15347,6069160,500000
15348,171176688,7980
15349,171176688,6670
15350,171176688,7410
15351,6069160,500000
15352,6069160,500000
15353,6069160,500000
15354,6069160,500000
15355,6069160,500000
15356,171176688,9570
15357,171176688,8850
15358,171176688,7980
15359,171176688,7250
15360,6069160,500000
15361,171176688,13480
15362,171176688,9430
15363,6069160,500000
15364,171176688,9130
15365,171176688,37990
15366,171176688,12950
15367,6069160,500000
15368,171176688,7980
15369,171176688,4930
15370,6069160,500000
15371,6069160,500000
15372,6069160,500000
15373,6069160,500000
15374,171176688,9860
15375,6069160,500000
15376,6069160,500000
15377,6069160,500000
15378,6069160,500000
15379,6069160,500000
15380,171176688,20880
15381,6069160,500000
15382,171176688,10880
15383,171176688,7400
15384,6069160,500000
15385,6069160,500000
15386,171176688,23060
15387,6069160,500000
15388,171176688,7400
15389,171176688,8120
15390,171176688,6530
15391,6069160,500000
15392,6069160,500000
15393,6069160,500000
15394,6069160,500000
15395,171176688,5510
15396,6069160,500000
15397,6069160,500000
15398,6069160,500000
15399,171176688,10150
15400,6069160,500000
15401,171176688,8410
15402,6069160,500000
15403,6069160,500000
15404,6069160,500000
15405,6069160,500000
15406,6069160,500000
15407,6069160,500000
15408,6069160,500000
15409,6069160,500000
15410,171176688,8410
15411,171176688,4500
15412,171176688,8270
15413,6069160,500000
15414,171176688,6380
15415,6069160,500000
15416,6069160,500000
15417,171176688,3630
15418,6069160,500000
15419,6069160,500000
15420,171176688,10150
15421,6069160,500000
15422,6069160,500000
15423,171176688,7980
15424,171176688,6960
15425,6069160,500000
15426,171176688,9130
15427,171176688,7680
15428,6069160,500000
15429,6069160,500000
15430,171176688,12030
15431,6069160,500000
15432,171176688,7850
15433,6069160,500000
15434,171176688,10730
15435,6069160,500000
15436,171176688,4500
15437,6069160,500000
15438,6069160,500000
15439,171176688,6090
15440,6069160,500000
15441,171176688,10730
15442,6069160,500000
15443,6069160,500000
15444,171176688,4640
15445,171176688,5510
15446,171176688,7830
15447,6069160,500000
15448,6069160,500000
15449,6069160,500000
15450,6069160,500000
15451,6069160,500000
15452,6069160,500000
15453,171176688,8700
15454,6069160,500000
15455,6069160,500000
15456,6069160,500000
15457,171176688,12470
15458,6069160,500000
15459,6069160,500000
15460,171176688,5950
15461,6069160,500000
15462,6069160,500000
15463,171176688,7680
15464,6069160,500000
15465,6069160,500000
15466,6069160,500000
15467,6069160,500000
15468,6069160,500000
15469,171176688,9280
15470,6069160,500000
15471,6069160,500000
15472,171176688,8410
15473,171176688,19720
15474,6069160,500000
15475,171176688,13190
15476,6069160,500000
15477,6069160,500000
15478,6069160,500000
15479,6069160,500000
15480,6069160,500000
15481,171176688,16820
15482,171176688,11020
15483,6069160,500000
15484,6069160,500000
15485,6069160,500000
15486,6069160,500000
15487,171176688,6530
15488,6069160,500000
15489,6069160,500000
15490,6069160,500000
15491,6069160,500000
15492,6069160,500000
15493,171176688,8270
15494,171176688,20740
15495,6069160,500000
15496,6069160,500000
15497,6069160,500000
15498,6069160,500000
15499,171176688,7540
15500,6069160,500000
15501,171176688,39730
15502,6069160,500000
15503,6069160,500000
15504,6069160,500000
15505,6069160,500000
15506,6069160,500000
15507,6069160,500000
15508,171176688,7250
15509,6069160,500000
15510,6069160,500000
15511,171176688,8410
15512,6069160,500000
15513,171176688,7100
15514,6069160,500000
15515,171176688,7980
15516,6069160,500000
15517,6069160,500000
15518,171176688,5220
15519,171176688,26540
15520,171176688,7100
15521,6069160,500000
15522,6069160,500000
15523,6069160,500000
15524,171176688,7540
15525,171176688,5950
15526,6069160,500000
15527,6069160,500000
15528,171176688,5800
15529,171176688,7830
15530,171176688,13780
15531,6069160,500000
15532,6069160,500000
15533,6069160,500000
15534,171176688,8120
15535,6069160,500000
15536,6069160,500000
15537,6069160,500000
15538,171176688,6960
15539,6069160,500000
15540,6069160,500000
15541,6069160,500000
15542,171176688,7830
15543,171176688,5230
15544,6069160,500000
15545,6069160,500000
15546,6069160,500000
15547,6069160,500000
15548,6069160,500000
15549,6069160,500000
15550,171176688,33930
15551,171176688,22910
15552,171176688,4640
15553,171176688,6820
15554,6069160,500000
15555,6069160,500000
15556,6069160,500000
15557,171176688,6530
15558,171176688,12470
15559,6069160,500000
15560,6069160,500000
15561,6069160,500000
15562,6069160,500000
15563,6069160,500000
15564,171176688,9720
15565,6069160,500000
15566,6069160,500000
15567,6069160,500000
15568,6069160,500000
15569,171176688,14500
15570,6069160,500000
15571,6069160,500000
15572,6069160,500000
15573,6069160,500000
15574,6069160,500000
15575,6069160,500000
15576,6069160,500000
15577,6069160,500000
15578,171176688,6380
15579,6069160,500000
15580,6069160,500000
15581,171176688,8550
15582,6069160,500000
15583,171176688,9860
15584,6069160,500000
15585,6069160,500000
15586,6069160,500000
15587,6069160,500000
15588,6069160,500000
15589,6069160,500000
15590,6069160,500000
15591,171176688,8120
15592,6069160,500000
15593,6069160,500000
15594,171176688,5370
15595,171176688,7250
15596,171176688,11170
15597,6069160,500000
15598,171176688,5950
15599,6069160,500000
15600,171176688,16970
15601,6069160,500000
15602,6069160,500000
15603,6069160,500000
15604,6069160,500000
15605,6069160,500000
15606,171176688,6820
15607,6069160,500000
15608,171176688,16820
15609,6069160,500000
15610,6069160,500000
15611,6069160,500000
15612,6069160,500000
15613,6069160,500000
15614,6069160,500000
15615,171176688,11750
15616,171176688,19140
15617,6069160,500000
15618,171176688,5950
15619,6069160,500000
15620,171176688,10880
15621,171176688,7830
15622,6069160,500000
15623,171176688,12760
15624,6069160,500000
15625,171176688,6820
15626,6069160,500000
15627,6069160,500000
15628,6069160,500000
15629,6069160,500000
15630,6069160,500000
15631,171176688,5950
15632,6069160,500000
15633,171176688,8990
15634,6069160,500000
15635,6069160,500000
15636,6069160,500000
15637,171176688,6530
15638,6069160,500000
15639,6069160,500000
15640,6069160,500000
15641,6069160,500000
15642,6069160,500000
15643,6069160,500000
15644,6069160,500000
15645,6069160,500000
15646,6069160,500000
15647,171176688,8850
15648,6069160,500000
15649,6069160,500000
15650,6069160,500000
15651,6069160,500000
15652,6069160,500000
15653,6069160,500000
15654,171176688,9570
15655,6069160,500000
15656,6069160,500000
15657,171176688,8120
15658,6069160,500000
15659,171176688,5080
15660,171176688,6530
15661,171176688,6530
15662,6069160,500000
15663,171176688,11020
15664,6069160,500000
15665,6069160,500000
15666,171176688,10300
15667,6069160,500000
15668,6069160,500000
15669,6069160,500000
15670,6069160,500000
15671,6069160,500000
15672,6069160,500000
15673,6069160,500000
15674,171176688,10300
15675,171176688,5510
15676,171176688,7250
15677,6069160,500000
15678,6069160,500000
15679,171176688,9860
15680,171176688,11170
15681,6069160,500000
15682,171176688,7830
15683,6069160,500000
15684,6069160,500000
15685,6069160,500000
15686,171176688,6530
15687,171176688,5220
15688,171176688,9720
15689,6069160,500000
15690,171176688,8120
15691,6069160,500000
15692,171176688,10300
15693,6069160,500000
15694,171176688,7700
15695,171176688,5080
15696,6069160,500000
15697,171176688,9570
15698,171176688,7680
15699,6069160,500000
15700,6069160,500000
15701,171176688,7400
15702,6069160,500000
15703,6069160,500000
15704,6069160,500000
15705,6069160,500000
15706,6069160,500000
15707,6069160,500000
15708,6069160,500000
15709,6069160,500000
15710,6069160,500000
15711,6069160,500000
15712,6069160,500000
15713,171176688,13630
15714,6069160,500000
15715,6069160,500000
15716,6069160,500000
15717,171176688,9280
15718,6069160,500000
15719,6069160,500000
15720,6069160,500000
15721,6069160,500000
15722,171176688,14650
15723,6069160,500000
15724,6069160,500000
15725,6069160,500000
15726,6069160,500000
15727,171176688,6820
15728,6069160,500000
15729,171176688,8860
15730,171176688,5080
15731,6069160,500000
15732,6069160,500000
15733,171176688,8120
15734,6069160,500000
15735,6069160,500000
15736,6069160,500000
15737,6069160,500000
15738,171176688,5510
15739,6069160,500000
15740,6069160,500000
15741,6069160,500000
15742,171176688,18990
15743,6069160,500000
15744,6069160,500000
15745,6069160,500000
15746,171176688,7100
15747,171176688,9280
15748,171176688,12030
15749,6069160,500000
15750,6069160,500000
15751,6069160,500000
15752,171176688,9430
15753,171176688,7680
15754,171176688,8270
15755,6069160,500000
15756,171176688,13050
15757,171176688,8270
15758,6069160,500000
15759,6069160,500000
15760,6069160,500000
15761,6069160,500000
15762,6069160,500000
15763,6069160,500000
15764,6069160,500000
15765,6069160,500000
15766,6069160,500000
15767,6069160,500000
15768,6069160,500000
15769,171176688,23340
15770,6069160,500000
15771,6069160,500000
15772,6069160,500000
15773,171176688,6960
15774,171176688,10440
15775,171176688,9430
15776,171176688,14510
15777,6069160,500000
15778,171176688,12330
15779,6069160,500000
15780,6069160,500000
15781,6069160,500000
15782,6069160,500000
15783,171176688,5800
15784,6069160,500000
15785,6069160,500000
15786,6069160,500000
15787,6069160,500000
15788,6069160,500000
15789,6069160,500000
15790,171176688,11890
15791,171176688,9130
15792,6069160,500000
15793,6069160,500000
15794,171176688,6670
15795,6069160,500000
15796,6069160,500000
15797,171176688,10580
15798,6069160,500000
15799,171176688,9430
15800,6069160,500000
15801,6069160,500000
15802,6069160,500000
15803,171176688,9720
15804,6069160,500000
15805,171176688,10750
15806,6069160,500000
15807,171176688,14930
15808,6069160,500000
15809,6069160,500000
15810,6069160,500000
15811,6069160,500000
15812,6069160,500000
15813,171176688,13920
15814,171176688,6240
15815,171176688,42340
15816,6069160,500000
15817,6069160,500000
15818,6069160,500000
15819,171176688,6100
15820,6069160,500000
15821,6069160,500000
15822,171176688,14360
15823,6069160,500000
15824,6069160,500000
15825,171176688,23060
15826,171176688,18710
15827,171176688,12180
15828,6069160,500000
15829,6069160,500000
15830,6069160,500000
15831,6069160,500000
15832,6069160,500000
15833,171176688,9720
15834,6069160,500000
15835,171176688,15810
15836,6069160,500000
15837,6069160,500000
15838,6069160,500000
15839,6069160,500000
15840,6069160,500000
15841,171176688,12760
15842,171176688,7100
15843,6069160,500000
15844,171176688,11310
15845,171176688,5220
15846,6069160,500000
15847,6069160,500000
15848,171176688,12470
15849,6069160,500000
15850,6069160,500000
15851,171176688,17410
15852,171176688,5820
15853,171176688,5220
15854,6069160,500000
15855,171176688,7830
15856,6069160,500000
15857,6069160,500000
15858,171176688,7830
15859,171176688,5370
15860,6069160,500000
15861,6069160,500000
15862,6069160,500000
15863,6069160,500000
15864,171176688,11750
15865,6069160,500000
15866,6069160,500000
15867,6069160,500000
15868,6069160,500000
15869,171176688,4930
15870,6069160,500000
15871,6069160,500000
15872,6069160,500000
15873,6069160,500000
15874,6069160,500000
15875,171176688,12180
15876,6069160,500000
15877,6069160,500000
15878,6069160,500000
15879,171176688,13920
15880,171176688,7250
15881,6069160,500000
15882,171176688,10580
15883,6069160,500000
15884,6069160,500000
15885,6069160,500000
15886,171176688,14080
15887,171176688,5830
15888,171176688,11030
15889,171176688,9430
15890,171176688,8270
15891,171176688,8120
15892,6069160,500000
15893,6069160,500000
15894,6069160,500000
15895,171176688,6380
15896,6069160,500000
15897,6069160,500000
15898,6069160,500000
15899,171176688,7680
15900,171176688,9860
15901,6069160,500000
15902,6069160,500000
15903,6069160,500000
15904,6069160,500000
15905,6069160,500000
15906,171176688,9280
15907,6069160,500000
15908,6069160,500000
15909,6069160,500000
15910,171176688,39880
15911,6069160,500000
15912,6069160,500000
15913,6069160,500000
15914,6069160,500000
15915,171176688,7250
15916,6069160,500000
15917,171176688,6670
15918,171176688,11750
15919,6069160,500000
15920,171176688,7540
15921,171176688,8850
15922,6069160,500000
15923,6069160,500000
15924,171176688,8550
15925,6069160,500000
15926,171176688,24650
15927,6069160,500000
15928,171176688,12620
15929,6069160,500000
15930,6069160,500000
15931,6069160,500000
15932,171176688,7680
15933,6069160,500000
15934,6069160,500000
15935,6069160,500000
15936,6069160,500000
15937,6069160,500000
15938,6069160,500000
15939,6069160,500000
15940,6069160,500000
15941,6069160,500000
15942,6069160,500000
15943,171176688,14070
15944,171176688,4350
15945,6069160,500000
15946,6069160,500000
15947,6069160,500000
15948,6069160,500000
15949,171176688,9130
15950,6069160,500000
15951,171176688,7250
15952,6069160,500000
15953,6069160,500000
15954,6069160,500000
15955,6069160,500000
15956,171176688,7400
15957,6069160,500000
15958,171176688,5950
15959,6069160,500000
15960,6069160,500000
15961,6069160,500000
15962,171176688,15520
15963,171176688,6380
15964,6069160,500000
15965,171176688,5370
15966,6069160,500000
15967,171176688,11600
15968,6069160,500000
15969,6069160,500000
15970,6069160,500000
15971,171176688,6820
15972,171176688,5510
15973,171176688,10300
15974,6069160,500000
15975,6069160,500000
15976,6069160,500000
15977,6069160,500000
15978,171176688,6960
15979,171176688,5650
15980,171176688,11750
15981,171176688,5220
15982,6069160,500000
15983,6069160,500000
15984,6069160,500000
15985,171176688,10440
15986,6069160,500000
15987,6069160,500000
15988,171176688,39440
15989,6069160,500000
15990,171176688,10730
15991,171176688,7400
15992,171176688,6670
15993,171176688,8270
15994,6069160,500000
15995,171176688,4640
15996,171176688,3340
15997,6069160,500000
15998,6069160,500000
15999,171176688,11310
16000,6069160,500000
16001,6069160,500000
16002,171176688,14500
16003,171176688,5800
16004,6069160,500000
16005,6069160,500000
16006,171176688,5950
16007,171176688,6820
16008,6069160,500000
16009,6069160,500000
16010,6069160,500000
16011,6069160,500000
16012,171176688,7250
16013,6069160,500000
16014,6069160,500000
16015,6069160,500000
16016,6069160,500000
16017,6069160,500000
16018,171176688,9860
16019,6069160,500000
16020,6069160,500000
16021,6069160,500000
16022,6069160,500000
16023,171176688,13630
16024,6069160,500000
16025,171176688,5370
16026,171176688,4500
16027,171176688,11760
16028,171176688,24650
16029,6069160,500000
16030,6069160,500000
16031,171176688,5800
16032,6069160,500000
16033,6069160,500000
16034,6069160,500000
16035,171176688,4930
16036,171176688,12470
16037,6069160,500000
16038,171176688,34220
16039,171176688,4640
16040,6069160,500000
16041,6069160,500000
16042,6069160,500000
16043,6069160,500000
16044,6069160,500000
16045,6069160,500000
16046,6069160,500000
16047,6069160,500000
16048,6069160,500000
16049,171176688,4640
16050,6069160,500000
16051,6069160,500000
16052,171176688,12030
16053,171176688,6380
16054,171176688,7540
16055,6069160,500000
16056,171176688,16530
16057,6069160,500000
16058,171176688,8700
16059,6069160,500000
16060,6069160,500000
16061,6069160,500000
16062,6069160,500000
16063,171176688,8700
16064,6069160,500000
16065,171176688,7400
16066,6069160,500000
16067,6069160,500000
16068,6069160,500000
16069,6069160,500000
16070,171176688,20160
16071,171176688,5970
16072,6069160,500000
16073,6069160,500000
16074,6069160,500000
16075,171176688,5080
16076,6069160,500000
16077,171176688,8120
16078,6069160,500000
16079,6069160,500000
16080,6069160,500000
16081,6069160,500000
16082,6069160,500000
16083,171176688,7540
16084,171176688,15660
16085,6069160,500000
16086,6069160,500000
16087,6069160,500000
16088,171176688,6670
16089,6069160,500000
16090,171176688,6380
16091,6069160,500000
16092,171176688,5510
16093,6069160,500000
16094,171176688,4930
16095,171176688,7680
16096,171176688,23340
16097,171176688,6960
16098,171176688,25230
16099,171176688,12620
16100,6069160,500000
16101,171176688,6240
16102,171176688,5080
16103,6069160,500000
16104,6069160,500000
16105,6069160,500000
16106,6069160,500000
16107,171176688,7980
16108,171176688,8270
16109,171176688,8270
16110,6069160,500000
16111,6069160,500000
16112,171176688,7100
16113,171176688,4640
16114,6069160,500000
16115,6069160,500000
16116,171176688,8410
16117,171176688,5650
16118,171176688,8850
16119,6069160,500000
16120,171176688,12760
16121,171176688,5950
16122,171176688,4790
16123,6069160,500000
16124,6069160,500000
16125,6069160,500000
16126,6069160,500000
16127,6069160,500000
16128,171176688,47850
16129,171176688,4650
16130,171176688,9720
16131,171176688,6820
16132,6069160,500000
16133,171176688,11310
16134,171176688,10880
16135,171176688,9570
16136,171176688,7680
16137,6069160,500000
16138,171176688,8410
16139,171176688,5080
16140,6069160,500000
16141,6069160,500000
16142,171176688,9860
16143,6069160,500000
16144,6069160,500000
16145,6069160,500000
16146,171176688,9430
16147,6069160,500000
16148,6069160,500000
16149,6069160,500000
16150,6069160,500000
16151,6069160,500000
16152,6069160,500000
16153,6069160,500000
16154,6069160,500000
16155,6069160,500000
16156,171176688,7540
16157,6069160,500000
16158,171176688,8700
16159,171176688,8700
16160,171176688,5950
16161,6069160,500000
16162,6069160,500000
16163,6069160,500000
16164,171176688,14070
16165,6069160,500000
16166,6069160,500000
16167,6069160,500000
16168,171176688,7980
16169,6069160,500000
16170,6069160,500000
16171,6069160,500000
16172,6069160,500000
16173,171176688,8120
16174,171176688,7540
16175,6069160,500000
16176,6069160,500000
16177,6069160,500000
16178,171176688,11480
16179,171176688,8130
16180,6069160,500000
16181,6069160,500000
16182,6069160,500000
16183,6069160,500000
16184,6069160,500000
16185,171176688,6960
16186,171176688,6820
16187,6069160,500000
16188,6069160,500000
16189,171176688,7980
16190,171176688,13340
16191,6069160,500000
16192,6069160,500000
16193,6069160,500000
16194,171176688,6380
16195,6069160,500000
16196,6069160,500000
16197,171176688,7100
16198,6069160,500000
16199,6069160,500000
16200,171176688,14930
16201,6069160,500000
16202,6069160,500000
16203,6069160,500000
16204,6069160,500000
16205,6069160,500000
16206,171176688,7400
16207,6069160,500000
16208,6069160,500000
16209,171176688,6530
16210,171176688,9130
16211,171176688,10440
16212,171176688,6530
16213,6069160,500000
16214,171176688,24070
16215,6069160,500000
16216,6069160,500000
16217,6069160,500000
16218,6069160,500000
16219,6069160,500000
16220,6069160,500000
16221,171176688,6960
16222,6069160,500000
16223,6069160,500000
16224,6069160,500000
16225,6069160,500000
16226,171176688,6530
16227,171176688,8120
16228,6069160,500000
16229,171176688,7100
16230,6069160,500000
16231,6069160,500000
16232,6069160,500000
16233,171176688,7260
16234,6069160,500000
16235,171176688,5510
16236,6069160,500000
16237,6069160,500000
16238,6069160,500000
16239,6069160,500000
16240,171176688,17400
16241,6069160,500000
16242,171176688,22620
16243,171176688,8990
16244,6069160,500000
16245,6069160,500000
16246,171176688,5370
16247,171176688,9280
16248,6069160,500000
16249,171176688,47270
16250,6069160,500000
16251,6069160,500000
16252,6069160,500000
16253,6069160,500000
16254,6069160,500000
16255,6069160,500000
16256,171176688,8560
16257,171176688,8550
16258,171176688,5510
16259,6069160,500000
16260,6069160,500000
16261,6069160,500000
16262,171176688,5800
16263,6069160,500000
16264,171176688,16380
16265,171176688,5950
16266,171176688,13340
16267,6069160,500000
16268,6069160,500000
16269,6069160,500000
16270,6069160,500000
16271,6069160,500000
16272,6069160,500000
16273,6069160,500000
16274,6069160,500000
16275,6069160,500000
16276,171176688,12330
16277,171176688,5520
16278,6069160,500000
16279,171176688,6530
16280,6069160,500000
16281,6069160,500000
16282,6069160,500000
16283,6069160,500000
16284,6069160,500000
16285,171176688,4930
16286,6069160,500000
16287,6069160,500000
16288,6069160,500000
16289,6069160,500000
16290,6069160,500000
16291,6069160,500000
16292,171176688,6820
16293,6069160,500000
16294,6069160,500000
16295,171176688,10730
16296,6069160,500000
16297,171176688,10440
16298,171176688,6820
16299,171176688,9280
16300,6069160,500000
16301,171176688,11170
16302,6069160,500000
16303,171176688,6530
16304,6069160,500000
16305,6069160,500000
16306,6069160,500000
16307,6069160,500000
16308,6069160,500000
16309,6069160,500000
16310,171176688,8990
16311,6069160,500000
16312,6069160,500000
16313,6069160,500000
16314,6069160,500000
16315,6069160,500000
16316,171176688,5220
16317,6069160,500000
16318,171176688,6090
16319,6069160,500000
16320,6069160,500000
16321,171176688,10880
16322,171176688,6090
16323,6069160,500000
16324,171176688,5370
16325,171176688,6960
16326,171176688,6530
16327,6069160,500000
16328,6069160,500000
16329,6069160,500000
16330,6069160,500000
16331,171176688,10000
16332,6069160,500000
16333,171176688,6670
16334,6069160,500000
16335,171176688,9430
16336,171176688,6820
16337,6069160,500000
16338,171176688,23930
16339,171176688,8710
16340,6069160,500000
16341,6069160,500000
16342,171176688,6960
16343,171176688,8990
16344,171176688,9570
16345,6069160,500000
16346,171176688,8120
16347,6069160,500000
16348,171176688,8850
16349,6069160,500000
16350,171176688,12040
16351,6069160,500000
16352,6069160,500000
16353,6069160,500000
16354,171176688,8850
16355,6069160,500000
16356,171176688,6240
16357,6069160,500000
16358,6069160,500000
16359,6069160,500000
16360,171176688,6530
16361,6069160,500000
16362,6069160,500000
16363,171176688,4370
16364,171176688,6820
16365,6069160,500000
16366,6069160,500000
16367,6069160,500000
16368,6069160,500000
16369,6069160,500000
16370,6069160,500000
16371,6069160,500000
16372,6069160,500000
16373,6069160,500000
16374,171176688,6820
16375,6069160,500000
16376,171176688,8410
16377,6069160,500000
16378,6069160,500000
16379,6069160,500000
16380,6069160,500000
16381,6069160,500000
16382,171176688,7680
16383,6069160,500000
16384,6069160,500000
16385,6069160,500000
16386,6069160,500000
16387,6069160,500000
16388,6069160,500000
16389,6069160,500000
16390,6069160,500000
16391,171176688,8850
16392,171176688,7980
16393,171176688,11170
16394,6069160,500000
16395,171176688,14500
16396,6069160,500000
16397,6069160,500000
16398,6069160,500000
16399,6069160,500000
16400,6069160,500000
16401,171176688,6530
16402,6069160,500000
16403,6069160,500000
16404,6069160,500000
16405,6069160,500000
16406,6069160,500000
16407,171176688,7540
16408,171176688,21030
16409,6069160,500000
16410,171176688,6680
16411,171176688,10150
16412,6069160,500000
16413,6069160,500000
16414,6069160,500000
16415,6069160,500000
16416,171176688,8410
16417,171176688,8700
16418,171176688,7830
16419,6069160,500000
16420,6069160,500000
16421,6069160,500000
16422,6069160,500000
16423,6069160,500000
16424,6069160,500000
16425,171176688,8850
16426,6069160,500000
16427,171176688,11030
16428,6069160,500000
16429,6069160,500000
16430,171176688,5950
16431,171176688,8990
16432,171176688,7680
16433,171176688,5080
16434,171176688,11170
16435,6069160,500000
16436,171176688,7980
16437,171176688,8270
16438,171176688,6670
16439,171176688,11460
16440,6069160,500000
16441,171176688,17400
16442,171176688,15950
16443,171176688,4640
16444,6069160,500000
16445,6069160,500000
16446,6069160,500000
16447,171176688,5080
16448,171176688,24510
16449,171176688,9130
16450,171176688,10150
16451,6069160,500000
16452,6069160,500000
16453,171176688,6820
16454,6069160,500000
16455,6069160,500000
16456,171176688,41330
16457,171176688,9720
16458,6069160,500000
16459,171176688,6820
16460,6069160,500000
16461,171176688,8700
16462,6069160,500000
16463,171176688,13780
16464,6069160,500000
16465,6069160,500000
16466,171176688,4350
16467,6069160,500000
16468,171176688,13190
16469,6069160,500000
16470,6069160,500000
16471,6069160,500000
16472,6069160,500000
16473,6069160,500000
16474,171176688,7980
16475,6069160,500000
16476,6069160,500000
16477,171176688,14640
16478,6069160,500000
16479,6069160,500000
16480,6069160,500000
16481,6069160,500000
16482,6069160,500000
16483,6069160,500000
16484,171176688,6530
16485,6069160,500000
16486,6069160,500000
16487,6069160,500000
16488,171176688,6380
16489,6069160,500000
16490,6069160,500000
16491,6069160,500000
16492,6069160,500000
16493,6069160,500000
16494,171176688,6530
16495,6069160,500000
16496,171176688,13920
16497,171176688,5950
16498,171176688,10300
16499,6069160,500000
16500,6069160,500000
16501,6069160,500000
16502,6069160,500000
16503,6069160,500000
16504,171176688,9860
16505,6069160,500000
16506,171176688,7100
16507,171176688,7100
16508,171176688,7980
16509,6069160,500000
16510,171176688,6240
16511,6069160,500000
16512,171176688,9720
16513,6069160,500000
16514,171176688,12330
16515,6069160,500000
16516,171176688,10150
16517,171176688,5950
16518,6069160,500000
16519,6069160,500000
16520,6069160,500000
16521,6069160,500000
16522,6069160,500000
16523,171176688,7250
16524,6069160,500000
16525,6069160,500000
16526,6069160,500000
16527,6069160,500000
16528,171176688,6670
16529,6069160,500000
16530,171176688,8700
16531,6069160,500000
16532,171176688,5370
16533,171176688,46550
16534,6069160,500000
16535,6069160,500000
16536,6069160,500000
16537,6069160,500000
16538,171176688,7540
16539,171176688,9570
16540,6069160,500000
16541,171176688,7980
16542,171176688,7400
16543,171176688,6090
16544,6069160,500000
16545,6069160,500000
16546,171176688,5650
16547,171176688,11750
16548,6069160,500000
16549,171176688,9130
16550,171176688,8270
16551,6069160,500000
16552,6069160,500000
16553,171176688,41330
16554,6069160,500000
16555,6069160,500000
16556,171176688,11890
16557,6069160,500000
16558,171176688,8120
16559,171176688,8120
16560,6069160,500000
16561,6069160,500000
16562,6069160,500000
16563,6069160,500000
16564,6069160,500000
16565,171176688,4950
16566,171176688,4790
16567,171176688,6980
16568,6069160,500000
16569,6069160,500000
16570,171176688,5510
16571,171176688,12330
16572,6069160,500000
16573,6069160,500000
16574,6069160,500000
16575,171176688,12770
16576,6069160,500000
16577,6069160,500000
16578,6069160,500000
16579,6069160,500000
16580,171176688,4930
16581,6069160,500000
16582,171176688,8550
16583,6069160,500000
16584,6069160,500000
16585,171176688,6530
16586,6069160,500000
16587,171176688,6380
16588,6069160,500000
16589,171176688,7400
16590,171176688,5220
16591,171176688,7100
16592,171176688,14790
16593,171176688,36540
16594,171176688,6530
16595,171176688,5800
16596,6069160,500000
16597,171176688,6670
16598,6069160,500000
16599,6069160,500000
16600,6069160,500000
16601,6069160,500000
16602,6069160,500000
16603,6069160,500000
16604,6069160,500000
16605,6069160,500000
16606,6069160,500000
16607,6069160,500000
16608,6069160,500000
16609,6069160,500000
16610,6069160,500000
16611,6069160,500000
16612,171176688,10300
16613,6069160,500000
16614,171176688,27550
16615,6069160,500000
16616,6069160,500000
16617,6069160,500000
16618,171176688,12760
16619,6069160,500000
16620,6069160,500000
16621,6069160,500000
16622,171176688,10000
16623,6069160,500000
16624,6069160,500000
16625,6069160,500000
16626,6069160,500000
16627,171176688,10150
16628,6069160,500000
16629,6069160,500000
16630,6069160,500000
16631,171176688,11020
16632,171176688,24360
16633,6069160,500000
16634,171176688,4360
16635,6069160,500000
16636,171176688,12910
16637,171176688,7830
16638,6069160,500000
16639,171176688,5650
16640,171176688,6670
16641,6069160,500000
16642,6069160,500000
16643,171176688,9430
16644,6069160,500000
16645,6069160,500000
16646,6069160,500000
16647,6069160,500000
16648,6069160,500000
16649,6069160,500000
16650,171176688,6670
16651,6069160,500000
16652,171176688,4790
16653,171176688,9570
16654,6069160,500000
16655,6069160,500000
16656,171176688,24220
16657,6069160,500000
16658,6069160,500000
16659,171176688,3770
16660,6069160,500000
16661,6069160,500000
16662,6069160,500000
16663,6069160,500000
16664,171176688,5220
16665,6069160,500000
16666,6069160,500000
16667,6069160,500000
16668,6069160,500000
16669,6069160,500000
16670,171176688,7400
16671,171176688,11020
16672,171176688,4350
16673,171176688,7540
16674,6069160,500000
16675,6069160,500000
16676,171176688,5370
16677,6069160,500000
16678,6069160,500000
16679,6069160,500000
16680,6069160,500000
16681,6069160,500000
16682,171176688,23490
16683,6069160,500000
16684,171176688,5650
16685,6069160,500000
16686,6069160,500000
16687,171176688,30160
16688,171176688,16380
16689,6069160,500000
16690,171176688,12180
16691,171176688,7690
16692,171176688,12180
16693,6069160,500000
16694,6069160,500000
16695,6069160,500000
16696,6069160,500000
16697,171176688,8990
16698,6069160,500000
16699,171176688,11170
16700,6069160,500000
16701,6069160,500000
16702,6069160,500000
16703,6069160,500000
16704,171176688,17260
16705,6069160,500000
16706,171176688,14930
16707,6069160,500000
16708,171176688,9430
16709,171176688,37840
16710,6069160,500000
16711,6069160,500000
16712,6069160,500000
16713,6069160,500000
16714,171176688,8850
16715,171176688,7540
16716,6069160,500000
16717,6069160,500000
16718,6069160,500000
16719,171176688,40310
16720,171176688,7250
16721,171176688,6240
16722,6069160,500000
16723,171176688,6690
16724,6069160,500000
16725,171176688,19580
16726,6069160,500000
16727,6069160,500000
16728,171176688,7830
16729,6069160,500000
16730,6069160,500000
16731,6069160,500000
16732,171176688,8270
16733,171176688,11600
16734,6069160,500000
16735,171176688,8700
16736,171176688,18130
16737,171176688,8270
16738,6069160,500000
16739,6069160,500000
16740,6069160,500000
16741,171176688,5510
16742,171176688,41470
16743,171176688,6390
16744,171176688,11750
16745,6069160,500000
16746,6069160,500000
16747,6069160,500000
16748,6069160,500000
16749,171176688,7540
16750,171176688,8120
16751,6069160,500000
16752,6069160,500000
16753,171176688,9860
16754,6069160,500000
16755,171176688,45530
16756,171176688,7100
16757,6069160,500000
16758,171176688,21320
16759,171176688,11890
16760,6069160,500000
16761,6069160,500000
16762,171176688,5220
16763,171176688,9280
16764,171176688,12760
16765,6069160,500000
16766,6069160,500000
16767,6069160,500000
16768,171176688,20880
16769,6069160,500000
16770,171176688,6670
16771,6069160,500000
16772,6069160,500000
16773,6069160,500000
16774,6069160,500000
16775,6069160,500000
16776,6069160,500000
16777,6069160,500000
16778,6069160,500000
16779,171176688,8550
16780,171176688,8550
16781,6069160,500000
16782,171176688,6960
16783,6069160,500000
16784,6069160,500000
16785,6069160,500000
16786,171176688,7100
16787,6069160,500000
16788,171176688,16530
16789,6069160,500000
16790,171176688,19430
16791,6069160,500000
16792,6069160,500000
16793,6069160,500000
16794,171176688,8850
16795,6069160,500000
16796,6069160,500000
16797,171176688,6670
16798,171176688,6090
16799,171176688,6820
16800,6069160,500000
16801,171176688,7680
16802,6069160,500000
16803,6069160,500000
16804,6069160,500000
16805,171176688,5510
16806,171176688,17980
16807,171176688,7400
16808,6069160,500000
16809,6069160,500000
16810,6069160,500000
16811,6069160,500000
16812,6069160,500000
16813,6069160,500000
16814,171176688,7260
16815,171176688,5650
16816,171176688,7540
16817,6069160,500000
16818,171176688,5950
16819,171176688,3910
16820,171176688,6530
16821,171176688,15080
16822,6069160,500000
16823,171176688,23780
16824,171176688,8270
16825,171176688,9280
16826,171176688,23200
16827,171176688,6380
16828,171176688,5800
16829,6069160,500000
16830,6069160,500000
16831,6069160,500000
16832,6069160,500000
16833,6069160,500000
16834,171176688,11170
16835,171176688,10730
16836,171176688,8120
16837,6069160,500000
16838,6069160,500000
16839,6069160,500000
16840,171176688,4640
16841,6069160,500000
16842,6069160,500000
16843,171176688,10880
16844,6069160,500000
16845,6069160,500000
16846,6069160,500000
16847,6069160,500000
16848,6069160,500000
16849,6069160,500000
16850,171176688,7100
16851,171176688,11750
16852,171176688,14210
16853,6069160,500000
16854,171176688,9130
16855,171176688,9130
16856,6069160,500000
16857,6069160,500000
16858,171176688,21320
16859,6069160,500000
16860,171176688,5800
16861,6069160,500000
16862,171176688,11890
16863,6069160,500000
16864,6069160,500000
16865,171176688,10880
16866,171176688,6670
16867,6069160,500000
16868,6069160,500000
16869,171176688,5080
16870,6069160,500000
16871,6069160,500000
16872,6069160,500000
16873,171176688,10880
16874,171176688,8410
16875,6069160,500000
16876,6069160,500000
16877,171176688,16380
16878,6069160,500000
16879,6069160,500000
16880,171176688,5650
16881,6069160,500000
16882,6069160,500000
16883,6069160,500000
16884,6069160,500000
16885,171176688,12030
16886,6069160,500000
16887,6069160,500000
16888,171176688,9860
16889,171176688,5510
16890,6069160,500000
16891,6069160,500000
16892,171176688,7250
16893,6069160,500000
16894,171176688,16680
16895,6069160,500000
16896,171176688,7540
16897,6069160,500000
16898,6069160,500000
16899,6069160,500000
16900,6069160,500000
16901,171176688,13050
16902,6069160,500000
16903,171176688,13920
16904,171176688,18710
16905,171176688,7120
16906,6069160,500000
16907,171176688,11310
16908,6069160,500000
16909,171176688,7680
16910,171176688,25660
16911,171176688,9430
16912,6069160,500000
16913,171176688,6960
16914,6069160,500000
16915,171176688,9430
16916,6069160,500000
16917,6069160,500000
16918,6069160,500000
16919,171176688,7100
16920,6069160,500000
16921,171176688,6530
16922,6069160,500000
16923,6069160,500000
16924,6069160,500000
16925,6069160,500000
16926,6069160,500000
16927,6069160,500000
16928,6069160,500000
16929,6069160,500000
16930,171176688,6240
16931,6069160,500000
16932,6069160,500000
16933,171176688,10440
16934,6069160,500000
16935,6069160,500000
16936,171176688,6090
16937,6069160,500000
16938,6069160,500000
16939,6069160,500000
16940,6069160,500000
16941,6069160,500000
16942,6069160,500000
16943,6069160,500000
16944,6069160,500000
16945,6069160,500000
16946,6069160,500000
16947,171176688,4790
16948,6069160,500000
16949,6069160,500000
16950,6069160,500000
16951,171176688,7540
16952,171176688,8700
16953,6069160,500000
16954,6069160,500000
16955,171176688,7250
16956,6069160,500000
16957,6069160,500000
16958,6069160,500000
16959,6069160,500000
16960,6069160,500000
16961,6069160,500000
16962,171176688,4200
16963,6069160,500000
16964,171176688,6670
16965,171176688,6960
16966,171176688,14500
16967,171176688,9430
16968,171176688,14640
16969,6069160,500000
16970,171176688,13190
16971,6069160,500000
16972,171176688,22190
16973,171176688,7980
16974,6069160,500000
16975,171176688,14360
16976,171176688,7400
16977,6069160,500000
16978,6069160,500000
16979,6069160,500000
16980,6069160,500000
16981,6069160,500000
16982,6069160,500000
16983,171176688,5280
16984,6069160,500000
16985,6069160,500000
16986,6069160,500000
16987,171176688,8270
16988,6069160,500000
16989,171176688,8990
16990,6069160,500000
16991,171176688,6240
16992,6069160,500000
16993,6069160,500000
16994,171176688,8700
16995,171176688,4790
16996,171176688,4930
16997,6069160,500000
16998,6069160,500000
16999,6069160,500000
17000,6069160,500000
17001,6069160,500000
17002,6069160,500000
17003,171176688,4640
17004,171176688,12630
17005,6069160,500000
17006,6069160,500000
17007,6069160,500000
17008,6069160,500000
17009,171176688,5950
17010,6069160,500000
17011,171176688,4350
17012,6069160,500000
17013,171176688,14640
17014,6069160,500000
17015,6069160,500000
17016,171176688,10300
17017,171176688,7680
17018,171176688,9720
17019,6069160,500000
17020,6069160,500000
17021,6069160,500000
17022,6069160,500000
17023,171176688,17980
17024,6069160,500000
17025,6069160,500000
17026,6069160,500000
17027,171176688,14360
17028,6069160,500000
17029,6069160,500000
17030,171176688,10730
17031,171176688,4640
17032,6069160,500000
17033,171176688,10150
17034,171176688,10880
17035,6069160,500000
17036,6069160,500000
17037,6069160,500000
17038,171176688,9430
17039,6069160,500000
17040,6069160,500000
17041,6069160,500000
17042,171176688,2900
17043,6069160,500000
17044,6069160,500000
17045,6069160,500000
17046,6069160,500000
17047,6069160,500000
17048,6069160,500000
17049,171176688,10300
17050,171176688,6090
17051,6069160,500000
17052,171176688,14070
17053,6069160,500000
17054,171176688,4640
17055,6069160,500000
17056,6069160,500000
17057,6069160,500000
17058,171176688,5950
17059,6069160,500000
17060,6069160,500000
17061,6069160,500000
17062,6069160,500000
17063,171176688,7400
17064,6069160,500000
17065,6069160,500000
17066,6069160,500000
17067,171176688,7540
17068,6069160,500000
17069,6069160,500000
17070,6069160,500000
17071,6069160,500000
17072,6069160,500000
17073,6069160,500000
17074,171176688,6820
17075,171176688,22190
17076,6069160,500000
17077,6069160,500000
17078,171176688,11310
17079,171176688,5650
17080,6069160,500000
17081,6069160,500000
17082,6069160,500000
17083,6069160,500000
17084,6069160,500000
17085,6069160,500000
17086,6069160,500000
17087,171176688,7400
17088,6069160,500000
17089,6069160,500000
17090,171176688,11170
17091,6069160,500000
17092,6069160,500000
17093,6069160,500000
17094,6069160,500000
17095,6069160,500000
17096,6069160,500000
17097,171176688,10730
17098,6069160,500000
17099,6069160,500000
17100,171176688,7120
17101,6069160,500000
17102,171176688,6530
17103,171176688,9750
17104,6069160,500000
17105,171176688,12760
17106,6069160,500000
17107,171176688,5220
17108,171176688,8270
17109,171176688,9570
17110,171176688,24070
17111,171176688,7680
17112,171176688,6380
17113,6069160,500000
17114,6069160,500000
17115,6069160,500000
17116,171176688,44230
17117,6069160,500000
17118,6069160,500000
17119,171176688,5800
17120,171176688,6820
17121,171176688,6240
17122,6069160,500000
17123,6069160,500000
17124,171176688,6530
17125,6069160,500000
17126,6069160,500000
17127,6069160,500000
17128,171176688,10150
17129,171176688,6530
17130,6069160,500000
17131,6069160,500000
17132,6069160,500000
17133,6069160,500000
17134,6069160,500000
17135,6069160,500000
17136,6069160,500000
17137,6069160,500000
17138,6069160,500000
17139,6069160,500000
17140,6069160,500000
17141,6069160,500000
17142,6069160,500000
17143,6069160,500000
17144,6069160,500000
17145,6069160,500000
17146,171176688,5950
17147,6069160,500000
17148,171176688,5510
17149,6069160,500000
17150,6069160,500000
17151,6069160,500000
17152,171176688,7100
17153,6069160,500000
17154,6069160,500000
17155,171176688,8990
17156,6069160,500000
17157,6069160,500000
17158,6069160,500000
17159,171176688,8850
17160,171176688,11170
17161,6069160,500000
17162,171176688,15520
17163,6069160,500000
17164,171176688,6380
17165,6069160,500000
17166,6069160,500000
17167,6069160,500000
17168,171176688,8270
17169,171176688,8850
17170,6069160,500000
17171,6069160,500000
17172,6069160,500000
17173,171176688,40740
17174,6069160,500000
17175,171176688,10150
17176,6069160,500000
17177,6069160,500000
17178,171176688,23060
17179,171176688,14640
17180,171176688,8270
17181,171176688,18990
17182,171176688,7250
17183,6069160,500000
17184,6069160,500000
17185,6069160,500000
17186,6069160,500000
17187,6069160,500000
17188,6069160,500000
17189,171176688,5650
17190,6069160,500000
17191,171176688,8710
17192,171176688,5950
17193,6069160,500000
17194,6069160,500000
17195,6069160,500000
17196,171176688,19430
17197,171176688,8270
17198,6069160,500000
17199,6069160,500000
17200,6069160,500000
17201,6069160,500000
17202,6069160,500000
17203,6069160,500000
17204,6069160,500000
17205,6069160,500000
17206,171176688,7830
17207,6069160,500000
17208,171176688,6670
17209,6069160,500000
17210,6069160,500000
17211,6069160,500000
17212,6069160,500000
17213,6069160,500000
17214,6069160,500000
17215,171176688,20590
17216,171176688,10000
17217,171176688,9570
17218,6069160,500000
17219,171176688,4930
17220,171176688,8270
17221,6069160,500000
17222,171176688,8700
17223,171176688,4790
17224,6069160,500000
17225,6069160,500000
17226,171176688,6380
17227,6069160,500000
17228,6069160,500000
17229,6069160,500000
17230,6069160,500000
17231,6069160,500000
17232,171176688,12620
17233,171176688,5220
17234,6069160,500000
17235,6069160,500000
17236,6069160,500000
17237,171176688,15520
17238,171176688,9430
17239,6069160,500000
17240,171176688,14070
17241,6069160,500000
17242,6069160,500000
17243,6069160,500000
17244,6069160,500000
17245,171176688,6380
17246,171176688,13630
17247,6069160,500000
17248,171176688,11020
17249,171176688,13190
17250,6069160,500000
17251,6069160,500000
17252,6069160,500000
17253,171176688,7830
17254,6069160,500000
17255,6069160,500000
17256,171176688,7100
17257,171176688,7250
17258,171176688,7100
17259,6069160,500000
17260,171176688,9430
17261,6069160,500000
17262,6069160,500000
17263,6069160,500000
17264,171176688,14790
17265,6069160,500000
17266,171176688,6820
17267,6069160,500000
17268,171176688,4930
17269,6069160,500000
17270,6069160,500000
17271,6069160,500000
17272,6069160,500000
17273,171176688,5950
17274,6069160,500000
17275,171176688,6670
17276,6069160,500000
17277,171176688,13920
17278,6069160,500000
17279,171176688,11020
17280,6069160,500000
17281,6069160,500000
17282,6069160,500000
17283,6069160,500000
17284,6069160,500000
17285,171176688,9130
17286,171176688,7980
17287,171176688,13050
17288,6069160,500000
17289,6069160,500000
17290,6069160,500000
17291,6069160,500000
17292,6069160,500000
17293,6069160,500000
17294,171176688,10580
17295,171176688,7400
17296,6069160,500000
17297,6069160,500000
17298,6069160,500000
17299,6069160,500000
17300,171176688,8410
17301,171176688,21610
17302,171176688,5950
17303,6069160,500000
17304,6069160,500000
17305,6069160,500000
17306,171176688,7250
17307,171176688,7400
17308,6069160,500000
17309,6069160,500000
17310,6069160,500000
17311,6069160,500000
17312,171176688,23340
17313,6069160,500000
17314,6069160,500000
17315,171176688,6960
17316,6069160,500000
17317,171176688,10300
17318,171176688,13920
17319,171176688,4930
17320,6069160,500000
17321,6069160,500000
17322,171176688,4930
17323,171176688,9860
17324,6069160,500000
17325,6069160,500000
17326,171176688,7690
17327,6069160,500000
17328,6069160,500000
17329,6069160,500000
17330,6069160,500000
17331,6069160,500000
17332,6069160,500000
17333,6069160,500000
17334,171176688,8120
17335,6069160,500000
17336,6069160,500000
17337,6069160,500000
17338,6069160,500000
17339,171176688,5080
17340,6069160,500000
17341,6069160,500000
17342,171176688,6090
17343,6069160,500000
17344,6069160,500000
17345,6069160,500000
17346,6069160,500000
17347,6069160,500000
17348,171176688,10150
17349,6069160,500000
17350,6069160,500000
17351,171176688,10300
17352,6069160,500000
17353,171176688,4930
17354,6069160,500000
17355,171176688,6960
17356,6069160,500000
17357,6069160,500000
17358,171176688,8700
17359,171176688,5370
17360,6069160,500000
17361,171176688,35960
17362,6069160,500000
17363,171176688,7400
17364,6069160,500000
17365,6069160,500000
17366,171176688,10320
17367,6069160,500000
17368,6069160,500000
17369,6069160,500000
17370,6069160,500000
17371,171176688,12330
17372,6069160,500000
17373,171176688,13340
17374,6069160,500000
17375,6069160,500000
17376,6069160,500000
17377,6069160,500000
17378,6069160,500000
17379,6069160,500000
17380,6069160,500000
17381,6069160,500000
17382,6069160,500000
17383,6069160,500000
17384,171176688,10880
17385,6069160,500000
17386,6069160,500000
17387,171176688,7410
17388,171176688,4640
17389,6069160,500000
17390,6069160,500000
17391,6069160,500000
17392,171176688,11170
17393,6069160,500000
17394,6069160,500000
17395,6069160,500000
17396,6069160,500000
17397,6069160,500000
17398,6069160,500000
17399,6069160,500000
17400,6069160,500000
17401,6069160,500000
17402,171176688,5950
17403,6069160,500000
17404,6069160,500000
17405,6069160,500000
17406,6069160,500000
17407,6069160,500000
17408,6069160,500000
17409,171176688,9570
17410,6069160,500000
17411,6069160,500000
17412,6069160,500000
17413,6069160,500000
17414,6069160,500000
17415,171176688,10300
17416,6069160,500000
17417,6069160,500000
17418,6069160,500000
17419,171176688,4350
17420,6069160,500000
17421,6069160,500000
17422,6069160,500000
17423,171176688,29730
17424,171176688,18270
17425,6069160,500000
17426,171176688,6670
17427,171176688,6670
17428,6069160,500000
17429,171176688,7980
17430,171176688,10160
17431,6069160,500000
17432,6069160,500000
17433,171176688,5650
17434,171176688,8550
17435,6069160,500000
17436,6069160,500000
17437,171176688,15970
17438,6069160,500000
17439,6069160,500000
17440,171176688,5800
17441,171176688,6680
17442,6069160,500000
17443,6069160,500000
17444,6069160,500000
17445,6069160,500000
17446,6069160,500000
17447,171176688,13630
17448,6069160,500000
17449,6069160,500000
17450,6069160,500000
17451,171176688,8410
17452,6069160,500000
17453,6069160,500000
17454,6069160,500000
17455,6069160,500000
17456,171176688,8120
17457,6069160,500000
17458,171176688,7540
17459,171176688,5080
17460,171176688,8550
17461,171176688,7100
17462,6069160,500000
17463,171176688,14360
17464,6069160,500000
17465,6069160,500000
17466,6069160,500000
17467,171176688,6820
17468,6069160,500000
17469,171176688,4930
17470,171176688,13920
17471,6069160,500000
17472,171176688,8270
17473,171176688,8850
17474,6069160,500000
17475,6069160,500000
17476,171176688,95700
17477,6069160,500000
17478,6069160,500000
17479,6069160,500000
17480,6069160,500000
17481,6069160,500000
17482,171176688,9570
17483,6069160,500000
17484,6069160,500000
17485,6069160,500000
17486,171176688,7100
17487,6069160,500000
17488,6069160,500000
17489,171176688,5510
17490,6069160,500000
17491,6069160,500000
17492,171176688,22330
17493,6069160,500000
17494,6069160,500000
17495,6069160,500000
17496,171176688,6250
17497,6069160,500000
17498,6069160,500000
17499,6069160,500000
17500,6069160,500000
17501,6069160,500000
17502,6069160,500000
17503,6069160,500000
17504,6069160,500000
17505,6069160,500000
17506,171176688,5080
17507,6069160,500000
17508,6069160,500000
17509,171176688,5650
17510,171176688,14070
17511,6069160,500000
17512,171176688,19720
17513,6069160,500000
17514,171176688,8130
17515,171176688,6820
17516,6069160,500000
17517,6069160,500000
17518,6069160,500000
17519,171176688,10730
17520,6069160,500000
17521,6069160,500000
17522,6069160,500000
17523,171176688,13340
17524,6069160,500000
17525,171176688,10300
17526,6069160,500000
17527,6069160,500000
17528,171176688,11310
17529,171176688,6240
17530,6069160,500000
17531,171176688,13780
17532,6069160,500000
17533,6069160,500000
17534,6069160,500000
17535,6069160,500000
17536,6069160,500000
17537,171176688,23340
17538,6069160,500000
17539,171176688,7680
17540,6069160,500000
17541,171176688,5950
17542,6069160,500000
17543,6069160,500000
17544,171176688,40600
17545,6069160,500000
17546,6069160,500000
17547,171176688,5080
17548,6069160,500000
17549,6069160,500000
17550,6069160,500000
17551,6069160,500000
17552,171176688,10150
17553,6069160,500000
17554,6069160,500000
17555,171176688,6240
17556,6069160,500000
17557,6069160,500000
17558,171176688,12220
17559,6069160,500000
17560,6069160,500000
17561,171176688,6960
17562,6069160,500000
17563,6069160,500000
17564,171176688,8410
17565,171176688,8700
17566,6069160,500000
17567,171176688,6960
17568,171176688,12620
17569,6069160,500000
17570,6069160,500000
17571,6069160,500000
17572,6069160,500000
17573,171176688,4500
17574,6069160,500000
17575,6069160,500000
17576,171176688,11460
17577,171176688,5080
17578,6069160,500000
17579,6069160,500000
17580,6069160,500000
17581,6069160,500000
17582,171176688,6240
17583,171176688,9130
17584,171176688,7100
17585,6069160,500000
17586,6069160,500000
17587,6069160,500000
17588,171176688,7680
17589,171176688,5950
17590,171176688,6090
17591,6069160,500000
17592,171176688,9280
17593,6069160,500000
17594,6069160,500000
17595,171176688,8550
17596,171176688,11600
17597,6069160,500000
17598,6069160,500000
17599,171176688,5650
17600,171176688,10000
17601,6069160,500000
17602,6069160,500000
17603,6069160,500000
17604,6069160,500000
17605,6069160,500000
17606,171176688,6960
17607,171176688,12910
17608,171176688,4790
17609,6069160,500000
17610,6069160,500000
17611,6069160,500000
17612,171176688,15520
17613,6069160,500000
17614,6069160,500000
17615,171176688,14500
17616,6069160,500000
17617,6069160,500000
17618,171176688,6090
17619,171176688,22190
17620,6069160,500000
17621,6069160,500000
17622,6069160,500000
17623,6069160,500000
17624,6069160,500000
17625,6069160,500000
17626,171176688,5290
17627,6069160,500000
17628,6069160,500000
17629,171176688,7400
17630,171176688,33210
17631,6069160,500000
17632,6069160,500000
17633,6069160,500000
17634,6069160,500000
17635,171176688,7250
17636,6069160,500000
17637,171176688,7680
17638,6069160,500000
17639,171176688,5220
17640,6069160,500000
17641,6069160,500000
17642,171176688,7830
17643,171176688,7400
17644,6069160,500000
17645,171176688,4930
17646,6069160,500000
17647,6069160,500000
17648,171176688,10440
17649,6069160,500000
17650,171176688,8130
17651,6069160,500000
17652,171176688,6240
17653,6069160,500000
17654,171176688,15080
17655,6069160,500000
17656,6069160,500000
17657,171176688,7980
17658,6069160,500000
17659,6069160,500000
17660,6069160,500000
17661,6069160,500000
17662,6069160,500000
17663,171176688,18420
17664,171176688,6530
17665,6069160,500000
17666,6069160,500000
17667,171176688,9130
17668,6069160,500000
17669,6069160,500000
17670,6069160,500000
17671,171176688,19720
17672,171176688,42050
17673,171176688,6090
17674,6069160,500000
17675,171176688,8850
17676,171176688,15660
17677,171176688,7830
17678,171176688,5510
17679,171176688,23930
17680,6069160,500000
17681,171176688,7540
17682,171176688,7680
17683,6069160,500000
17684,6069160,500000
17685,6069160,500000
17686,6069160,500000
17687,6069160,500000
17688,6069160,500000
17689,171176688,8410
17690,171176688,9720
17691,171176688,10880
17692,171176688,6380
17693,6069160,500000
17694,171176688,10580
17695,6069160,500000
17696,171176688,6380
17697,6069160,500000
17698,6069160,500000
17699,6069160,500000
17700,6069160,500000
17701,6069160,500000
17702,171176688,24650
17703,171176688,7680
17704,171176688,8550
17705,171176688,14070
17706,171176688,5080
17707,171176688,78450
17708,171176688,8850
17709,171176688,4500
17710,171176688,5950
17711,6069160,500000
17712,171176688,5800
17713,171176688,6530
17714,6069160,500000
17715,6069160,500000
17716,171176688,12330
17717,171176688,10580
17718,6069160,500000
17719,171176688,4200
17720,6069160,500000
17721,6069160,500000
17722,171176688,5370
17723,171176688,30160
17724,171176688,6820
17725,171176688,20590
17726,6069160,500000
17727,6069160,500000
17728,171176688,7980
17729,6069160,500000
17730,6069160,500000
17731,171176688,4790
17732,171176688,7250
17733,6069160,500000
17734,6069160,500000
17735,171176688,9430
17736,171176688,5950
17737,6069160,500000
17738,6069160,500000
17739,6069160,500000
17740,6069160,500000
17741,6069160,500000
17742,6069160,500000
17743,6069160,500000
17744,6069160,500000
17745,171176688,14500
17746,6069160,500000
17747,171176688,12620
17748,171176688,5650
17749,171176688,50310
17750,171176688,5800
17751,171176688,22770
17752,6069160,500000
17753,6069160,500000
17754,6069160,500000
17755,6069160,500000
17756,6069160,500000
17757,6069160,500000
17758,6069160,500000
17759,171176688,7680
17760,6069160,500000
17761,6069160,500000
17762,6069160,500000
17763,6069160,500000
17764,6069160,500000
17765,6069160,500000
17766,171176688,7100
17767,6069160,500000
17768,6069160,500000
17769,6069160,500000
17770,6069160,500000
17771,6069160,500000
17772,6069160,500000
17773,171176688,6960
17774,171176688,6240
17775,6069160,500000
17776,171176688,6680
17777,6069160,500000
17778,171176688,6090
17779,171176688,7250
17780,6069160,500000
17781,6069160,500000
17782,6069160,500000
17783,171176688,10730
17784,6069160,500000
17785,6069160,500000
17786,6069160,500000
17787,6069160,500000
17788,6069160,500000
17789,171176688,12620
17790,6069160,500000
17791,6069160,500000
17792,171176688,12030
17793,6069160,500000
17794,6069160,500000
17795,6069160,500000
17796,6069160,500000
17797,6069160,500000
17798,171176688,8700
17799,6069160,500000
17800,6069160,500000
17801,6069160,500000
17802,6069160,500000
17803,171176688,4500
17804,6069160,500000
17805,171176688,12030
17806,171176688,13050
17807,6069160,500000
17808,171176688,8410
17809,6069160,500000
17810,6069160,500000
17811,6069160,500000
17812,6069160,500000
17813,6069160,500000
17814,6069160,500000
17815,6069160,500000
17816,171176688,7100
17817,6069160,500000
17818,6069160,500000
17819,6069160,500000
17820,171176688,14360
17821,6069160,500000
17822,6069160,500000
17823,6069160,500000
17824,6069160,500000
17825,171176688,9290
17826,6069160,500000
17827,6069160,500000
17828,171176688,6960
17829,6069160,500000
17830,6069160,500000
17831,171176688,9570
17832,6069160,500000
17833,171176688,10580
17834,6069160,500000
17835,6069160,500000
17836,6069160,500000
17837,6069160,500000
17838,171176688,13920
17839,6069160,500000
17840,6069160,500000
17841,6069160,500000
17842,6069160,500000
17843,6069160,500000
17844,6069160,500000
17845,6069160,500000
17846,6069160,500000
17847,6069160,500000
17848,6069160,500000
17849,6069160,500000
17850,6069160,500000
17851,171176688,7830
17852,6069160,500000
17853,6069160,500000
17854,6069160,500000
17855,6069160,500000
17856,6069160,500000
17857,171176688,9860
17858,171176688,6960
17859,6069160,500000
17860,6069160,500000
17861,6069160,500000
17862,171176688,4200
17863,6069160,500000
17864,6069160,500000
17865,6069160,500000
17866,6069160,500000
17867,6069160,500000
17868,171176688,8000
17869,6069160,500000
17870,6069160,500000
17871,171176688,13630
17872,6069160,500000
17873,6069160,500000
17874,6069160,500000
17875,171176688,14360
17876,6069160,500000
17877,6069160,500000
17878,171176688,10880
17879,6069160,500000
17880,6069160,500000
17881,171176688,15230
17882,6069160,500000
17883,171176688,7980
17884,171176688,11460
17885,6069160,500000
17886,6069160,500000
17887,171176688,5510
17888,171176688,5510
17889,171176688,9130
17890,171176688,10310
17891,6069160,500000
17892,6069160,500000
17893,6069160,500000
17894,6069160,500000
17895,171176688,17260
17896,171176688,8860
17897,6069160,500000
17898,6069160,500000
17899,171176688,6530
17900,6069160,500000
17901,6069160,500000
17902,6069160,500000
17903,6069160,500000
17904,6069160,500000
17905,171176688,17260
17906,6069160,500000
17907,6069160,500000
17908,6069160,500000
17909,6069160,500000
17910,6069160,500000
17911,6069160,500000
17912,171176688,13920
17913,6069160,500000
17914,6069160,500000
17915,6069160,500000
17916,6069160,500000
17917,171176688,10730
17918,171176688,7400
17919,6069160,500000
17920,6069160,500000
17921,171176688,4060
17922,171176688,8850
17923,6069160,500000
17924,6069160,500000
17925,171176688,14930
17926,6069160,500000
17927,6069160,500000
17928,6069160,500000
17929,171176688,8850
17930,6069160,500000
17931,6069160,500000
17932,6069160,500000
17933,171176688,7100
17934,171176688,4500
17935,6069160,500000
17936,6069160,500000
17937,6069160,500000
17938,6069160,500000
17939,6069160,500000
17940,6069160,500000
17941,6069160,500000
17942,171176688,8990
17943,6069160,500000
17944,6069160,500000
17945,6069160,500000
17946,6069160,500000
17947,171176688,14790
17948,6069160,500000
17949,6069160,500000
17950,171176688,10150
17951,6069160,500000
17952,6069160,500000
17953,6069160,500000
17954,6069160,500000
17955,171176688,5950
17956,6069160,500000
17957,171176688,24510
17958,171176688,10150
17959,171176688,7680
17960,171176688,7540
17961,6069160,500000
17962,171176688,10440
17963,171176688,15370
17964,171176688,9430
17965,171176688,21320
17966,171176688,4640
17967,6069160,500000
17968,6069160,500000
17969,6069160,500000
17970,6069160,500000
17971,6069160,500000
17972,171176688,7980
17973,6069160,500000
17974,6069160,500000
17975,6069160,500000
17976,6069160,500000
17977,6069160,500000
17978,6069160,500000
17979,6069160,500000
17980,6069160,500000
17981,6069160,500000
17982,6069160,500000
17983,6069160,500000
17984,6069160,500000
17985,6069160,500000
17986,6069160,500000
17987,171176688,6380
17988,171176688,7540
17989,6069160,500000
17990,6069160,500000
17991,6069160,500000
17992,6069160,500000
17993,6069160,500000
17994,6069160,500000
17995,171176688,5080
17996,6069160,500000
17997,171176688,10440
17998,6069160,500000
17999,171176688,9860
18000,6069160,500000
