1,2386,500000
2,2386,500000
3,2386,500000
4,2386,500000
5,2386,500000
6,2386,500000
7,2386,500000
8,2386,500000
9,2386,500000
10,2386,500000
11,2386,500000
12,2386,500000
13,2386,500000
14,2386,500000
15,2386,500000
16,2386,500000
17,2386,500000
18,2386,500000
19,2386,500000
20,2386,500000
21,2386,500000
22,2386,500000
23,2386,500000
24,2386,500000
25,2386,500000
26,2386,500000
27,2386,500000
28,2386,500000
29,2386,500000
30,2386,500000
31,2386,500000
32,2386,500000
33,2386,500000
34,2386,500000
35,2386,500000
36,2386,500000
37,2386,500000
38,2386,500000
39,2386,500000
40,1905292,3700
41,2386,500000
42,2386,500000
43,2386,500000
44,2386,500000
45,2386,500000
46,2386,500000
47,2386,500000
48,2386,500000
49,2386,500000
50,2386,500000
51,2386,500000
52,2386,500000
53,2386,500000
54,2386,500000
55,2386,500000
56,2386,500000
57,2386,500000
58,2386,500000
59,2386,500000
60,2386,500000
61,2386,500000
62,2386,500000
63,2386,500000
64,2386,500000
65,2386,500000
66,2386,500000
67,2386,500000
68,2386,500000
69,2386,500000
70,2386,500000
71,2386,500000
72,2386,500000
73,2386,500000
74,2386,500000
75,2386,500000
76,2386,500000
77,2386,500000
78,2386,500000
79,2386,500000
80,2386,500000
81,2386,500000
82,2386,500000
83,2386,500000
84,1905292,6000
85,2386,500000
86,2386,500000
87,2386,500000
88,2386,500000
89,2386,500000
90,2386,500000
91,2386,500000
92,2386,500000
93,2386,500000
94,2386,500000
95,2386,500000
96,2386,500000
97,2386,500000
98,2386,500000
99,2386,500000
100,2386,500000
101,2386,500000
102,2386,500000
103,2386,500000
104,2386,500000
105,2386,500000
106,1905292,5100
107,2386,500000
108,2386,500000
109,2386,500000
110,2386,500000
111,2386,500000
112,2386,500000
113,2386,500000
114,2386,500000
115,2386,500000
116,2386,500000
117,2386,500000
118,2386,500000
119,2386,500000
120,2386,500000
121,2386,500000
122,2386,500000
123,2386,500000
124,2386,500000
125,2386,500000
126,2386,500000
127,2386,500000
128,2386,500000
129,2386,500000
130,2386,500000
131,2386,500000
132,2386,500000
133,2386,500000
134,1905292,9100
135,2386,500000
136,2386,500000
137,2386,500000
138,2386,500000
139,2386,500000
140,2386,500000
141,2386,500000
142,2386,500000
143,2386,500000
144,2386,500000
145,2386,500000
146,2386,500000
147,2386,500000
148,2386,500000
149,2386,500000
150,2386,500000
151,2386,500000
152,2386,500000
153,2386,500000
154,2386,500000
155,2386,500000
156,2386,500000
157,2386,500000
158,2386,500000
159,2386,500000
160,2386,500000
161,2386,500000
162,2386,500000
163,2386,500000
164,2386,500000
165,2386,500000
166,2386,500000
167,2386,500000
168,2386,500000
169,2386,500000
170,2386,500000
171,2386,500000
172,2386,500000
173,2386,500000
174,2386,500000
175,2386,500000
176,2386,500000
177,2386,500000
178,2386,500000
179,2386,500000
180,2386,500000
181,2386,500000
182,2386,500000
183,2386,500000
184,2386,500000
185,2386,500000
186,2386,500000
187,2386,500000
188,2386,500000
189,2386,500000
190,2386,500000
191,2386,500000
192,2386,500000
193,2386,500000
194,2386,500000
195,2386,500000
196,2386,500000
197,2386,500000
198,2386,500000
199,2386,500000
200,2386,500000
201,2386,500000
202,2386,500000
203,2386,500000
204,2386,500000
205,2386,500000
206,2386,500000
207,2386,500000
208,2386,500000
209,2386,500000
210,2386,500000
211,2386,500000
212,2386,500000
213,2386,500000
214,2386,500000
215,2386,500000
216,2386,500000
217,2386,500000
218,2386,500000
219,2386,500000
220,2386,500000
221,2386,500000
222,2386,500000
223,2386,500000
224,2386,500000
225,2386,500000
226,2386,500000
227,2386,500000
228,2386,500000
229,2386,500000
230,2386,500000
231,2386,500000
232,2386,500000
233,2386,500000
234,1905292,5700
235,2386,500000
236,2386,500000
237,2386,500000
238,2386,500000
239,2386,500000
240,2386,500000
241,2386,500000
242,2386,500000
243,2386,500000
244,1905292,6600
245,2386,500000
246,2386,500000
247,1905292,3700
248,2386,500000
249,2386,500000
250,2386,500000
251,2386,500000
252,2386,500000
253,2386,500000
254,2386,500000
255,2386,500000
256,2386,500000
257,2386,500000
258,2386,500000
259,2386,500000
260,2386,500000
261,2386,500000
262,2386,500000
263,2386,500000
264,2386,500000
265,2386,500000
266,2386,500000
267,2386,500000
268,2386,500000
269,2386,500000
270,2386,500000
271,2386,500000
272,2386,500000
273,2386,500000
274,2386,500000
275,2386,500000
276,2386,500000
277,2386,500000
278,2386,500000
279,2386,500000
280,2386,500000
281,2386,500000
282,1905292,3400
283,2386,500000
284,2386,500000
285,2386,500000
286,2386,500000
287,2386,500000
288,1905292,6200
289,2386,500000
290,2386,500000
291,2386,500000
292,2386,500000
293,2386,500000
294,2386,500000
295,2386,500000
296,2386,500000
297,2386,500000
298,2386,500000
299,2386,500000
300,2386,500000
301,2386,500000
302,2386,500000
303,2386,500000
304,2386,500000
305,2386,500000
306,2386,500000
307,2386,500000
308,2386,500000
309,2386,500000
310,2386,500000
311,2386,500000
312,2386,500000
313,2386,500000
314,2386,500000
315,2386,500000
316,2386,500000
317,2386,500000
318,2386,500000
319,2386,500000
320,2386,500000
321,2386,500000
322,2386,500000
323,2386,500000
324,2386,500000
325,2386,500000
326,2386,500000
327,2386,500000
328,2386,500000
329,2386,500000
330,2386,500000
331,2386,500000
332,2386,500000
333,2386,500000
334,2386,500000
335,2386,500000
336,2386,500000
337,2386,500000
338,2386,500000
339,2386,500000
340,2386,500000
341,2386,500000
342,2386,500000
343,2386,500000
344,2386,500000
345,2386,500000
346,2386,500000
347,2386,500000
348,2386,500000
349,2386,500000
350,2386,500000
351,2386,500000
352,2386,500000
353,2386,500000
354,2386,500000
355,2386,500000
356,2386,500000
357,2386,500000
358,2386,500000
359,2386,500000
360,2386,500000
361,2386,500000
362,2386,500000
363,2386,500000
364,2386,500000
365,2386,500000
366,2386,500000
367,2386,500000
368,2386,500000
369,2386,500000
370,2386,500000
371,2386,500000
372,2386,500000
373,2386,500000
374,1905292,5000
375,2386,500000
376,2386,500000
377,2386,500000
378,2386,500000
379,2386,500000
380,2386,500000
381,2386,500000
382,2386,500000
383,2386,500000
384,2386,500000
385,2386,500000
386,2386,500000
387,2386,500000
388,2386,500000
389,2386,500000
390,2386,500000
391,2386,500000
392,2386,500000
393,2386,500000
394,2386,500000
395,2386,500000
396,2386,500000
397,2386,500000
398,2386,500000
399,2386,500000
400,2386,500000
401,2386,500000
402,2386,500000
403,2386,500000
404,2386,500000
405,2386,500000
406,2386,500000
407,2386,500000
408,2386,500000
409,2386,500000
410,2386,500000
411,2386,500000
412,2386,500000
413,2386,500000
414,2386,500000
415,2386,500000
416,2386,500000
417,2386,500000
418,2386,500000
419,2386,500000
420,2386,500000
421,2386,500000
422,2386,500000
423,2386,500000
424,2386,500000
425,2386,500000
426,2386,500000
427,2386,500000
428,2386,500000
429,2386,500000
430,2386,500000
431,2386,500000
432,2386,500000
433,2386,500000
434,2386,500000
435,2386,500000
436,2386,500000
437,2386,500000
438,2386,500000
439,2386,500000
440,2386,500000
441,2386,500000
442,2386,500000
443,2386,500000
444,2386,500000
445,2386,500000
446,2386,500000
447,2386,500000
448,2386,500000
449,2386,500000
450,2386,500000
451,2386,500000
452,2386,500000
453,1905292,4200
454,2386,500000
455,2386,500000
456,2386,500000
457,2386,500000
458,2386,500000
459,2386,500000
460,2386,500000
461,2386,500000
462,2385,500000
463,2385,500000
464,2385,500000
465,2385,500000
466,2385,500000
467,2385,500000
468,2385,500000
469,2385,500000
470,2385,500000
471,2385,500000
472,2385,500000
473,2385,500000
474,2385,500000
475,2385,500000
476,2385,500000
477,2385,500000
478,2385,500000
479,2385,500000
480,2385,500000
481,2385,500000
482,2385,500000
483,2385,500000
484,2385,500000
485,2385,500000
486,2385,500000
487,2385,500000
488,2385,500000
489,2385,500000
490,2385,500000
491,2385,500000
492,2385,500000
493,2385,500000
494,2385,500000
495,2385,500000
496,2385,500000
497,2385,500000
498,2385,500000
499,2385,500000
500,2385,500000
501,2385,500000
502,2385,500000
503,2385,500000
504,2385,500000
505,2385,500000
506,2385,500000
507,2385,500000
508,2385,500000
509,2385,500000
510,2385,500000
511,2385,500000
512,2385,500000
513,2385,500000
514,2385,500000
515,2385,500000
516,2385,500000
517,2385,500000
518,2385,500000
519,2385,500000
520,2385,500000
521,2385,500000
522,2385,500000
523,2385,500000
524,2385,500000
525,2385,500000
526,2385,500000
527,2385,500000
528,2385,500000
529,2385,500000
530,2385,500000
531,2385,500000
532,2385,500000
533,2385,500000
534,2385,500000
535,2385,500000
536,2385,500000
537,2385,500000
538,2385,500000
539,2385,500000
540,2385,500000
541,1905292,5300
542,2385,500000
543,2385,500000
544,2385,500000
545,2385,500000
546,2385,500000
547,2385,500000
548,2385,500000
549,2385,500000
550,2385,500000
551,2385,500000
552,2385,500000
553,2385,500000
554,2385,500000
555,2385,500000
556,2385,500000
557,2385,500000
558,2385,500000
559,2385,500000
560,2385,500000
561,2385,500000
562,2385,500000
563,2385,500000
564,2385,500000
565,2385,500000
566,2385,500000
567,2385,500000
568,2385,500000
569,2385,500000
570,2385,500000
571,2385,500000
572,2385,500000
573,2385,500000
574,2385,500000
575,2385,500000
576,2385,500000
577,2385,500000
578,2385,500000
579,2385,500000
580,2385,500000
581,2385,500000
582,2385,500000
583,2385,500000
584,2385,500000
585,2385,500000
586,2385,500000
587,2385,500000
588,2385,500000
589,2385,500000
590,2385,500000
591,2385,500000
592,2385,500000
593,2385,500000
594,2385,500000
595,2385,500000
596,1905292,6300
597,2385,500000
598,2385,500000
599,1905292,6100
600,2385,500000
601,2385,500000
602,2385,500000
603,2385,500000
604,2385,500000
605,2385,500000
606,2385,500000
607,2385,500000
608,2385,500000
609,2385,500000
610,2385,500000
611,2385,500000
612,2385,500000
613,2385,500000
614,2385,500000
615,2385,500000
616,2385,500000
617,2385,500000
618,2385,500000
619,2385,500000
620,2385,500000
621,2385,500000
622,2385,500000
623,2385,500000
624,2385,500000
625,2385,500000
626,2385,500000
627,2385,500000
628,2385,500000
629,2385,500000
630,2385,500000
631,2385,500000
632,2385,500000
633,2385,500000
634,2385,500000
635,2385,500000
636,2385,500000
637,2385,500000
638,2385,500000
639,2385,500000
640,2385,500000
641,2385,500000
642,2385,500000
643,2385,500000
644,2385,500000
645,2385,500000
646,2385,500000
647,2385,500000
648,1905292,5100
649,2385,500000
650,2385,500000
651,2385,500000
652,2385,500000
653,1905292,7400
654,2385,500000
655,2385,500000
656,2385,500000
657,2385,500000
658,2385,500000
659,2385,500000
660,2385,500000
661,2385,500000
662,2385,500000
663,2385,500000
664,2385,500000
665,2385,500000
666,2385,500000
667,2385,500000
668,2385,500000
669,2385,500000
670,2385,500000
671,2385,500000
672,2385,500000
673,2385,500000
674,2385,500000
675,2385,500000
676,2385,500000
677,2385,500000
678,2385,500000
679,2385,500000
680,2385,500000
681,2385,500000
682,2385,500000
683,2385,500000
684,2385,500000
685,2385,500000
686,2385,500000
687,2385,500000
688,2385,500000
689,2385,500000
690,2385,500000
691,2385,500000
692,2385,500000
693,2385,500000
694,2385,500000
695,2385,500000
696,2385,500000
697,2385,500000
698,1905292,5200
699,2385,500000
700,2385,500000
701,2385,500000
702,2385,500000
703,2385,500000
704,2385,500000
705,2385,500000
706,2385,500000
707,2385,500000
708,2385,500000
709,2385,500000
710,2385,500000
711,2385,500000
712,2385,500000
713,2385,500000
714,2385,500000
715,2385,500000
716,2385,500000
717,2385,500000
718,2385,500000
719,2385,500000
720,2385,500000
721,1905292,2900
722,2385,500000
723,2385,500000
724,2385,500000
725,2385,500000
726,2385,500000
727,2385,500000
728,2385,500000
729,2385,500000
730,2385,500000
731,2385,500000
732,2385,500000
733,2385,500000
734,2385,500000
735,2385,500000
736,2385,500000
737,2385,500000
738,2385,500000
739,2385,500000
740,2385,500000
741,2385,500000
742,2385,500000
743,2385,500000
744,2385,500000
745,2385,500000
746,2385,500000
747,2385,500000
748,2385,500000
749,2385,500000
750,2385,500000
751,2385,500000
752,2385,500000
753,2385,500000
754,2385,500000
755,2385,500000
756,2385,500000
757,2385,500000
758,2385,500000
759,2385,500000
760,2385,500000
761,2385,500000
762,2385,500000
763,2385,500000
764,1905292,4800
765,1905292,8600
766,2385,500000
767,2385,500000
768,2385,500000
769,2385,500000
770,2385,500000
771,2385,500000
772,2385,500000
773,2385,500000
774,2385,500000
775,2385,500000
776,2385,500000
777,2385,500000
778,2385,500000
779,1905292,8500
780,2385,500000
781,2385,500000
782,2385,500000
783,2385,500000
784,2385,500000
785,2385,500000
786,2385,500000
787,2385,500000
788,2385,500000
789,2385,500000
790,2385,500000
791,2385,500000
792,2385,500000
793,2385,500000
794,2385,500000
795,2385,500000
796,2385,500000
797,2385,500000
798,2385,500000
799,2385,500000
800,2385,500000
801,2385,500000
802,2385,500000
803,2385,500000
804,2385,500000
805,2385,500000
806,2385,500000
807,2385,500000
808,2385,500000
809,2385,500000
810,2385,500000
811,2385,500000
812,2385,500000
813,2385,500000
814,2385,500000
815,2385,500000
816,2385,500000
817,2385,500000
818,1905292,10000
819,2385,500000
820,2385,500000
821,2385,500000
822,2385,500000
823,2385,500000
824,2385,500000
825,2385,500000
826,2385,500000
827,2385,500000
828,2385,500000
829,2385,500000
830,2385,500000
831,2385,500000
832,2385,500000
833,2385,500000
834,2385,500000
835,2385,500000
836,2385,500000
837,2385,500000
838,2385,500000
839,1905292,6000
840,2385,500000
841,2385,500000
842,2385,500000
843,2385,500000
844,2385,500000
845,2385,500000
846,2385,500000
847,2385,500000
848,2385,500000
849,2385,500000
850,2385,500000
851,2385,500000
852,1905292,7210
853,2385,500000
854,2385,500000
855,2385,500000
856,2385,500000
857,2385,500000
858,2385,500000
859,2385,500000
860,2385,500000
861,2385,500000
862,2385,500000
863,2385,500000
864,2385,500000
865,2385,500000
866,2385,500000
867,2385,500000
868,2385,500000
869,2385,500000
870,2385,500000
871,2385,500000
872,2385,500000
873,2385,500000
874,2385,500000
875,2385,500000
876,2385,500000
877,2385,500000
878,2385,500000
879,2385,500000
880,2385,500000
881,2385,500000
882,2385,500000
883,2385,500000
884,2385,500000
885,2385,500000
886,2385,500000
887,2385,500000
888,2385,500000
889,2385,500000
890,2385,500000
891,2385,500000
892,2385,500000
893,2385,500000
894,2385,500000
895,2385,500000
896,2385,500000
897,2385,500000
898,2385,500000
899,2385,500000
900,2385,500000
901,2385,500000
902,2385,500000
903,2385,500000
904,2385,500000
905,2385,500000
906,2385,500000
907,2385,500000
908,2385,500000
909,2385,500000
910,2385,500000
911,1905292,4500
912,2385,500000
913,2385,500000
914,2385,500000
915,2385,500000
916,2385,500000
917,2385,500000
918,2385,500000
919,2385,500000
920,2385,500000
921,2385,500000
922,2385,500000
923,2385,500000
924,2385,500000
925,2385,500000
926,2385,500000
927,2385,500000
928,2385,500000
929,2385,500000
930,2385,500000
931,2385,500000
932,2385,500000
933,2385,500000
934,2385,500000
935,2385,500000
936,2385,500000
937,2385,500000
938,2385,500000
939,2385,500000
940,2385,500000
941,2385,500000
942,2385,500000
943,2385,500000
944,2385,500000
945,2385,500000
946,2385,500000
947,2385,500000
948,2385,500000
949,2385,500000
950,2385,500000
951,2385,500000
952,2385,500000
953,2385,500000
954,2385,500000
955,2385,500000
956,1905292,3100
957,2385,500000
958,2385,500000
959,1905292,8100
960,2385,500000
961,2385,500000
962,2385,500000
963,2385,500000
964,2385,500000
965,2385,500000
966,2385,500000
967,2385,500000
968,2385,500000
969,2385,500000
970,2385,500000
971,2385,500000
972,2385,500000
973,2385,500000
974,2385,500000
975,2385,500000
976,2385,500000
977,2385,500000
978,2385,500000
979,2385,500000
980,2385,500000
981,2385,500000
982,2385,500000
983,2385,500000
984,2385,500000
985,2385,500000
986,2385,500000
987,2385,500000
988,2385,500000
989,2385,500000
990,2385,500000
991,2385,500000
992,2385,500000
993,2385,500000
994,2385,500000
995,2385,500000
996,1905292,4720
997,2385,500000
998,2385,500000
999,2385,500000
1000,2385,500000
1001,2385,500000
1002,2385,500000
1003,2385,500000
1004,2385,500000
1005,2385,500000
1006,2385,500000
1007,2385,500000
1008,2385,500000
1009,2385,500000
1010,2385,500000
1011,2385,500000
1012,2385,500000
1013,2385,500000
1014,2385,500000
1015,2385,500000
1016,2385,500000
1017,2385,500000
1018,2385,500000
1019,2385,500000
1020,2385,500000
1021,2385,500000
1022,2385,500000
1023,2385,500000
1024,2385,500000
1025,2385,500000
1026,2385,500000
1027,2385,500000
1028,2385,500000
1029,2385,500000
1030,2385,500000
1031,1905292,5700
1032,2385,500000
1033,2385,500000
1034,2385,500000
1035,2385,500000
1036,2385,500000
1037,2385,500000
1038,2385,500000
1039,2385,500000
1040,2385,500000
1041,2385,500000
1042,2385,500000
1043,2385,500000
1044,2385,500000
1045,2385,500000
1046,2385,500000
1047,2385,500000
1048,2385,500000
1049,2385,500000
1050,2385,500000
1051,2385,500000
1052,2385,500000
1053,2385,500000
1054,2385,500000
1055,2385,500000
1056,2385,500000
1057,1905292,3300
1058,2385,500000
1059,2385,500000
1060,2385,500000
1061,2385,500000
1062,2385,500000
1063,2385,500000
1064,2385,500000
1065,2385,500000
1066,2385,500000
1067,2385,500000
1068,2385,500000
1069,2385,500000
1070,2385,500000
1071,2385,500000
1072,2385,500000
1073,2385,500000
1074,2385,500000
1075,1905292,6500
1076,2385,500000
1077,2385,500000
1078,1905292,4100
1079,1905292,6300
1080,2385,500000
1081,2385,500000
1082,2385,500000
1083,2385,500000
1084,2385,500000
1085,2385,500000
1086,2385,500000
1087,1905292,4400
1088,2385,500000
1089,2385,500000
1090,2385,500000
1091,2385,500000
1092,2385,500000
1093,2385,500000
1094,2385,500000
1095,2385,500000
1096,2385,500000
1097,2385,500000
1098,2385,500000
1099,2385,500000
1100,1905292,4400
1101,2385,500000
1102,2385,500000
1103,2385,500000
1104,2385,500000
1105,2385,500000
1106,2385,500000
1107,2385,500000
1108,2385,500000
1109,2385,500000
1110,2385,500000
1111,2385,500000
1112,2385,500000
1113,2385,500000
1114,2385,500000
1115,2385,500000
1116,2385,500000
1117,2385,500000
1118,2385,500000
1119,2385,500000
1120,2385,500000
1121,2385,500000
1122,1905292,6600
1123,2385,500000
1124,2385,500000
1125,2385,500000
1126,2385,500000
1127,2385,500000
1128,2385,500000
1129,2385,500000
1130,2385,500000
1131,2385,500000
1132,2385,500000
1133,2385,500000
1134,2385,500000
1135,2385,500000
1136,2385,500000
1137,2385,500000
1138,2385,500000
1139,2385,500000
1140,2385,500000
1141,2385,500000
1142,2385,500000
1143,2385,500000
1144,2385,500000
1145,2385,500000
1146,2385,500000
1147,2385,500000
1148,2385,500000
1149,2385,500000
1150,2385,500000
1151,2385,500000
1152,2385,500000
1153,2385,500000
1154,2385,500000
1155,2385,500000
1156,2385,500000
1157,2385,500000
1158,2385,500000
1159,2385,500000
1160,2385,500000
1161,2385,500000
1162,2385,500000
1163,2385,500000
1164,2385,500000
1165,2385,500000
1166,2385,500000
1167,2385,500000
1168,1905292,26300
1169,2385,500000
1170,2385,500000
1171,2385,500000
1172,2385,500000
1173,2385,500000
1174,2385,500000
1175,2385,500000
1176,2385,500000
1177,2385,500000
1178,2385,500000
1179,2385,500000
1180,2385,500000
1181,2385,500000
1182,2385,500000
1183,2385,500000
1184,2385,500000
1185,2385,500000
1186,2385,500000
1187,2385,500000
1188,2385,500000
1189,2385,500000
1190,2385,500000
1191,2385,500000
1192,2385,500000
1193,2385,500000
1194,2385,500000
1195,2385,500000
1196,2385,500000
1197,1905292,3800
1198,2385,500000
1199,2385,500000
1200,2385,500000
1201,2385,500000
1202,1905292,5200
1203,2385,500000
1204,1905292,8400
1205,2385,500000
1206,1905292,4200
1207,2385,500000
1208,2385,500000
1209,1905292,7600
1210,1905292,3700
1211,1905292,5200
1212,1905292,9300
1213,2385,500000
1214,2385,500000
1215,2385,500000
1216,1905292,4100
1217,2385,500000
1218,2385,500000
1219,2385,500000
1220,2385,500000
1221,1905292,8200
1222,1905292,7100
1223,2385,500000
1224,1905292,3400
1225,2385,500000
1226,1905292,12800
1227,1905292,4600
1228,1905292,3400
1229,1905292,4900
1230,2385,500000
1231,1905292,32500
1232,2385,500000
1233,1905292,4300
1234,1905292,5100
1235,2385,500000
1236,2385,500000
1237,1905292,4000
1238,1905292,3900
1239,1905292,5100
1240,2385,500000
1241,2385,500000
1242,1905292,4800
1243,1905292,7600
1244,1905292,4300
1245,1905292,5600
1246,1905292,4200
1247,2385,500000
1248,2385,500000
1249,2385,500000
1250,1905292,5500
1251,2385,500000
1252,2385,500000
1253,2385,500000
1254,2385,500000
1255,1905292,5600
1256,1905292,4800
1257,1905292,3400
1258,2385,500000
1259,2385,500000
1260,1905292,3600
1261,1905292,3500
1262,2385,500000
1263,1905292,5200
1264,1905292,3700
1265,2385,500000
1266,1905292,5800
1267,2385,500000
1268,1905292,5700
1269,1905292,8220
1270,2385,500000
1271,1905292,9200
1272,1905292,4500
1273,2385,500000
1274,1905292,7220
1275,1905292,6400
1276,1905292,8900
1277,2385,500000
1278,1905292,29100
1279,2385,500000
1280,2385,500000
1281,1905292,8900
1282,2385,500000
1283,1905292,5200
1284,1905292,6000
1285,2385,500000
1286,2385,500000
1287,1905292,5300
1288,2385,500000
1289,2385,500000
1290,2385,500000
1291,2385,500000
1292,2385,500000
1293,1905292,4900
1294,1905292,3900
1295,2385,500000
1296,1905292,6500
1297,2385,500000
1298,2385,500000
1299,2385,500000
1300,2385,500000
1301,2385,500000
1302,2385,500000
1303,1905292,28900
1304,1905292,5500
1305,2385,500000
1306,1905292,9100
1307,2385,500000
1308,2385,500000
1309,2385,500000
1310,1905292,4300
1311,2385,500000
1312,1905292,3200
1313,2385,500000
1314,1905292,4900
1315,1905292,12100
1316,2385,500000
1317,2385,500000
1318,1905292,3200
1319,1905292,2600
1320,1905292,5600
1321,1905292,4400
1322,2385,500000
1323,1905292,5200
1324,2385,500000
1325,2385,500000
1326,2385,500000
1327,2385,500000
1328,1905292,4820
1329,1905292,13900
1330,1905292,4900
1331,2385,500000
1332,1905292,7300
1333,1905292,4200
1334,1905292,3200
1335,1905292,4500
1336,1905292,13400
1337,2385,500000
1338,1905292,4300
1339,2385,500000
1340,1905292,7900
1341,2385,500000
1342,2385,500000
1343,1905292,4800
1344,1905292,8400
1345,1905292,24440
1346,1905292,4300
1347,1905292,6200
1348,1905292,4000
1349,2385,500000
1350,2385,500000
1351,2385,500000
1352,2385,500000
1353,2385,500000
1354,1905292,7900
1355,1905292,4700
1356,2385,500000
1357,2385,500000
1358,2385,500000
1359,2385,500000
1360,1905292,6200
1361,1905292,6120
1362,1905292,18200
1363,2385,500000
1364,2385,500000
1365,1905292,3800
1366,2385,500000
1367,2385,500000
1368,2385,500000
1369,1905292,9900
1370,1905292,3700
1371,2385,500000
1372,2385,500000
1373,1905292,4500
1374,1905292,3700
1375,1905292,4900
1376,1905292,5900
1377,2385,500000
1378,1905292,4400
1379,1905292,3500
1380,1905292,9200
1381,1905292,5000
1382,1905292,12800
1383,1905292,4700
1384,2385,500000
1385,2385,500000
1386,1905292,15500
1387,1905292,4200
1388,1905292,5300
1389,2385,500000
1390,1905292,6800
1391,1905292,17700
1392,2385,500000
1393,2385,500000
1394,1905292,4700
1395,2385,500000
1396,2385,500000
1397,2385,500000
1398,1905292,9600
1399,1905292,5500
1400,1905292,3900
1401,1905292,9400
1402,2385,500000
1403,2385,500000
1404,1905292,5500
1405,2385,500000
1406,2385,500000
1407,1905292,6400
1408,2385,500000
1409,1905292,13500
1410,2385,500000
1411,2385,500000
1412,2385,500000
1413,1905292,11120
1414,2385,500000
1415,1905292,3000
1416,2385,500000
1417,1905292,3800
1418,2385,500000
1419,2385,500000
1420,1905292,18000
1421,1905292,5900
1422,1905292,6700
1423,2385,500000
1424,1905292,8900
1425,1905292,3700
1426,2385,500000
1427,2385,500000
1428,1905292,3100
1429,2385,500000
1430,1905292,5600
1431,2385,500000
1432,1905292,13600
1433,2385,500000
1434,2385,500000
1435,2385,500000
1436,2385,500000
1437,1905292,4320
1438,2385,500000
1439,2385,500000
1440,2385,500000
1441,1905292,31900
1442,1905292,3800
1443,2385,500000
1444,1905292,13100
1445,1905292,5800
1446,2385,500000
1447,2385,500000
1448,2385,500000
1449,1905292,7200
1450,2385,500000
1451,1905292,3400
1452,1905292,7600
1453,1905292,9500
1454,2385,500000
1455,2385,500000
1456,1905292,3400
1457,2385,500000
1458,1905292,7010
1459,2385,500000
1460,2385,500000
1461,1905292,6800
1462,1905292,15300
1463,1905292,5400
1464,1905292,7500
1465,1905292,9900
1466,1905292,4300
1467,2385,500000
1468,1905292,3000
1469,1905292,4400
1470,2385,500000
1471,2385,500000
1472,1905292,5900
1473,2385,500000
1474,1905292,10200
1475,2385,500000
1476,1905292,7100
1477,1905292,4900
1478,2385,500000
1479,1905292,13200
1480,1905292,9200
1481,1905292,5100
1482,1905292,5700
1483,1905292,5100
1484,1905292,8200
1485,1905292,3500
1486,1905292,8700
1487,1905292,4100
1488,1905292,4900
1489,2385,500000
1490,1905292,5900
1491,2385,500000
1492,1905292,5700
1493,2385,500000
1494,1905292,6500
1495,1905292,5200
1496,1905292,13000
1497,1905292,4700
1498,2385,500000
1499,2385,500000
1500,1905292,4500
1501,2385,500000
1502,1905292,3500
1503,1905292,3800
1504,2385,500000
1505,2385,500000
1506,1905292,5200
1507,1905292,4030
1508,1905292,4300
1509,1905292,6600
1510,2385,500000
1511,1905292,5400
1512,2385,500000
1513,1905292,9600
1514,2385,500000
1515,1905292,4900
1516,2385,500000
1517,2385,500000
1518,2385,500000
1519,2385,500000
1520,2385,500000
1521,1905292,6200
1522,1905292,5920
1523,2385,500000
1524,2385,500000
1525,1905292,5000
1526,1905292,5010
1527,2385,500000
1528,2385,500000
1529,2385,500000
1530,1905292,9800
1531,1905292,4600
1532,1905292,4030
1533,1905292,4100
1534,1905292,3400
1535,2385,500000
1536,1905292,5400
1537,2385,500000
1538,1905292,7500
1539,1905292,11500
1540,1905292,3100
1541,2385,500000
1542,1905292,4900
1543,1905292,10200
1544,1905292,5200
1545,2385,500000
1546,1905292,9100
1547,2385,500000
1548,1905292,3800
1549,2385,500000
1550,1905292,5300
1551,2385,500000
1552,1905292,4800
1553,1905292,5100
1554,2385,500000
1555,1905292,3400
1556,1905292,4100
1557,2385,500000
1558,1905292,8300
1559,2385,500000
1560,1905292,10900
1561,1905292,9400
1562,2385,500000
1563,1905292,4600
1564,1905292,7500
1565,1905292,6300
1566,2385,500000
1567,2385,500000
1568,1905292,20300
1569,1905292,3000
1570,2385,500000
1571,1905292,5800
1572,1905292,4500
1573,2385,500000
1574,1905292,5100
1575,1905292,4700
1576,1905292,3700
1577,1905292,7300
1578,1905292,13000
1579,2385,500000
1580,1905292,4100
1581,2385,500000
1582,2385,500000
1583,1905292,9600
1584,2385,500000
1585,2385,500000
1586,2385,500000
1587,1905292,4800
1588,2385,500000
1589,2385,500000
1590,2385,500000
1591,1905292,3210
1592,1905292,13800
1593,2385,500000
1594,2385,500000
1595,2385,500000
1596,2385,500000
1597,2385,500000
1598,2385,500000
1599,1905292,4500
1600,2385,500000
1601,2385,500000
1602,1905292,6000
1603,1905292,6200
1604,1905292,6600
1605,2385,500000
1606,2385,500000
1607,2385,500000
1608,1905292,4200
1609,1905292,7200
1610,1905292,4400
1611,1905292,7100
1612,1905292,7600
1613,1905292,5600
1614,2385,500000
1615,2385,500000
1616,2385,500000
1617,1905292,8720
1618,2385,500000
1619,1905292,15000
1620,2385,500000
1621,1905292,5000
1622,1905292,4100
1623,1905292,5100
1624,1905292,4800
1625,1905292,19820
1626,1905292,5000
1627,1905292,7710
1628,2385,500000
1629,2385,500000
1630,1905292,11010
1631,1905292,13000
1632,2385,500000
1633,1905292,15120
1634,1905292,7120
1635,2385,500000
1636,1905292,4600
1637,1905292,7800
1638,2385,500000
1639,1905292,3600
1640,2385,500000
1641,1905292,6400
1642,2385,500000
1643,2385,500000
1644,1905292,9000
1645,1905292,4600
1646,2385,500000
1647,2385,500000
1648,2385,500000
1649,2385,500000
1650,1905292,4200
1651,1905292,3500
1652,1905292,3700
1653,2385,500000
1654,2385,500000
1655,1905292,8400
1656,1905292,4500
1657,1905292,3800
1658,1905292,4100
1659,2385,500000
1660,1905292,6200
1661,1905292,7000
1662,2385,500000
1663,1905292,15300
1664,1905292,3800
1665,2385,500000
1666,1905292,6900
1667,2385,500000
1668,2385,500000
1669,1905292,2500
1670,2385,500000
1671,1905292,3100
1672,2385,500000
1673,1905292,5700
1674,1905292,3600
1675,1905292,5100
1676,1905292,8800
1677,2385,500000
1678,1905292,3900
1679,1905292,6500
1680,2385,500000
1681,2385,500000
1682,1905292,2630
1683,2385,500000
1684,1905292,4500
1685,1905292,6100
1686,2385,500000
1687,2385,500000
1688,2385,500000
1689,1905292,6600
1690,1905292,4600
1691,1905292,8300
1692,2385,500000
1693,1905292,4500
1694,1905292,4400
1695,1905292,6300
1696,1905292,16500
1697,2385,500000
1698,2385,500000
1699,2385,500000
1700,2385,500000
1701,2385,500000
1702,1905292,9300
1703,2385,500000
1704,2385,500000
1705,1905292,17700
1706,1905292,6800
1707,1905292,2900
1708,1905292,4100
1709,2385,500000
1710,1905292,4000
1711,2385,500000
1712,1905292,7210
1713,2385,500000
1714,1905292,7100
1715,2385,500000
1716,1905292,4400
1717,1905292,5900
1718,1905292,5000
1719,2385,500000
1720,1905292,30700
1721,1905292,5300
1722,2385,500000
1723,1905292,7200
1724,1905292,5800
1725,1905292,5300
1726,1905292,4100
1727,1905292,5300
1728,1905292,8500
1729,2385,500000
1730,2385,500000
1731,2385,500000
1732,1905292,4600
1733,1905292,4100
1734,1905292,10500
1735,1905292,4500
1736,1905292,8100
1737,1905292,5100
1738,2385,500000
1739,2385,500000
1740,2385,500000
1741,1905292,5000
1742,2385,500000
1743,1905292,5400
1744,2385,500000
1745,2385,500000
1746,2385,500000
1747,1905292,14900
1748,2385,500000
1749,2385,500000
1750,1905292,11100
1751,1905292,4900
1752,2385,500000
1753,1905292,2600
1754,1905292,4500
1755,1905292,5200
1756,1905292,5110
1757,1905292,5300
1758,1905292,8500
1759,1905292,4200
1760,1905292,3700
1761,1905292,7100
1762,2385,500000
1763,1905292,7300
1764,1905292,4600
1765,1905292,4000
1766,2385,500000
1767,1905292,13210
1768,1905292,2400
1769,2385,500000
1770,2385,500000
1771,1905292,11000
1772,1905292,10200
1773,1905292,5500
1774,2385,500000
1775,1905292,13100
1776,1905292,3900
1777,2385,500000
1778,2385,500000
1779,2385,500000
1780,2385,500000
1781,2385,500000
1782,1905292,3900
1783,1905292,4200
1784,1905292,5000
1785,2385,500000
1786,2385,500000
1787,1905292,13200
1788,2385,500000
1789,1905292,7000
1790,2385,500000
1791,1905292,7500
1792,2385,500000
1793,2385,500000
1794,2385,500000
1795,2385,500000
1796,2385,500000
1797,2385,500000
1798,2385,500000
1799,1905292,4200
1800,1905292,6220
1801,2385,500000
1802,1905292,8500
1803,2385,500000
1804,2385,500000
1805,1905292,5100
1806,1905292,7000
1807,1905292,4900
1808,2385,500000
1809,2385,500000
1810,2385,500000
1811,2385,500000
1812,2385,500000
1813,1905292,11300
1814,2385,500000
1815,1905292,5100
1816,1905292,4300
1817,2385,500000
1818,1905292,5010
1819,2385,500000
1820,2385,500000
1821,1905292,3500
1822,2385,500000
1823,1905292,9700
1824,1905292,5700
1825,1905292,3730
1826,1905292,6500
1827,1905292,2700
1828,1905292,4900
1829,2385,500000
1830,1905292,4600
1831,2385,500000
1832,1905292,5600
1833,2385,500000
1834,1905292,7900
1835,1905292,7100
1836,1905292,3200
1837,1905292,5600
1838,2385,500000
1839,2385,500000
1840,2385,500000
1841,2385,500000
1842,1905292,6400
1843,2385,500000
1844,1905292,4300
1845,1905292,10000
1846,2385,500000
1847,2385,500000
1848,1905292,4300
1849,1905292,7200
1850,1905292,2700
1851,1905292,4100
1852,1905292,5100
1853,1905292,13700
1854,1905292,4300
1855,2385,500000
1856,2385,500000
1857,1905292,6100
1858,1905292,7700
1859,2385,500000
1860,2385,500000
1861,2385,500000
1862,1905292,5500
1863,1905292,14200
1864,2385,500000
1865,2385,500000
1866,1905292,9200
1867,2385,500000
1868,2385,500000
1869,2385,500000
1870,1905292,7400
1871,1905292,7200
1872,1905292,4200
1873,1905292,3100
1874,1905292,4800
1875,2385,500000
1876,1905292,16500
1877,1905292,2900
1878,1905292,4500
1879,1905292,4400
1880,2385,500000
1881,2385,500000
1882,1905292,6000
1883,1905292,4300
1884,1905292,9400
1885,1905292,3500
1886,1905292,3800
1887,1905292,4400
1888,2385,500000
1889,2385,500000
1890,2385,500000
1891,2385,500000
1892,2385,500000
1893,2385,500000
1894,1905292,6100
1895,2385,500000
1896,1905292,4300
1897,2385,500000
1898,2385,500000
1899,1905292,4300
1900,2385,500000
1901,1905292,3700
1902,2385,500000
1903,2385,500000
1904,2385,500000
1905,1905292,4200
1906,1905292,4000
1907,2385,500000
1908,2385,500000
1909,1905292,7110
1910,1905292,6420
1911,1905292,14400
1912,2385,500000
1913,1905292,4100
1914,1905292,5700
1915,1905292,8700
1916,2385,500000
1917,1905292,12000
1918,1905292,9400
1919,1905292,5100
1920,2385,500000
1921,2385,500000
1922,2385,500000
1923,1905292,13600
1924,1905292,4500
1925,2385,500000
1926,1905292,7400
1927,1905292,10000
1928,1905292,4800
1929,1905292,4300
1930,1905292,28900
1931,1905292,4300
1932,2385,500000
1933,1905292,7400
1934,2385,500000
1935,1905292,4920
1936,1905292,5000
1937,1905292,5900
1938,1905292,5000
1939,1905292,3500
1940,1905292,8500
1941,1905292,7200
1942,1905292,3600
1943,2385,500000
1944,1905292,4200
1945,2385,500000
1946,1905292,3900
1947,1905292,4600
1948,1905292,4200
1949,1905292,3800
1950,1905292,9200
1951,2385,500000
1952,1905292,30500
1953,2385,500000
1954,2385,500000
1955,1905292,3800
1956,1905292,6300
1957,2385,500000
1958,1905292,7720
1959,2385,500000
1960,2385,500000
1961,2385,500000
1962,2385,500000
1963,1905292,3800
1964,2385,500000
1965,1905292,5900
1966,1905292,7200
1967,1905292,4020
1968,1905292,3600
1969,2385,500000
1970,2385,500000
1971,2385,500000
1972,1905292,5600
1973,1905292,4200
1974,2385,500000
1975,2385,500000
1976,2385,500000
1977,2385,500000
1978,1905292,4900
1979,1905292,6300
1980,1905292,3000
1981,1905292,28900
1982,2385,500000
1983,2385,500000
1984,1905292,4900
1985,1905292,4800
1986,1905292,9400
1987,1905292,4400
1988,1905292,5100
1989,2385,500000
1990,1905292,5800
1991,2385,500000
1992,2385,500000
1993,1905292,4000
1994,2385,500000
1995,2385,500000
1996,1905292,9800
1997,1905292,9600
1998,2385,500000
1999,1905292,3400
2000,2385,500000
2001,2385,500000
2002,1905292,5200
2003,1905292,4600
2004,1905292,5100
2005,1905292,5200
2006,2385,500000
2007,1905292,3500
2008,2385,500000
2009,2385,500000
2010,1905292,8300
2011,1905292,7000
2012,2385,500000
2013,1905292,12500
2014,2385,500000
2015,1905292,7310
2016,1905292,5500
2017,1905292,3100
2018,1905292,6210
2019,1905292,14100
2020,2385,500000
2021,2385,500000
2022,1905292,2700
2023,1905292,3700
2024,2385,500000
2025,1905292,4000
2026,2385,500000
2027,1905292,3900
2028,2385,500000
2029,2385,500000
2030,1905292,5000
2031,1905292,7000
2032,1905292,4400
2033,2385,500000
2034,2385,500000
2035,1905292,5800
2036,1905292,3800
2037,1905292,3510
2038,1905292,3600
2039,2385,500000
2040,2385,500000
2041,1905292,3400
2042,2385,500000
2043,1905292,6200
2044,1905292,2400
2045,2385,500000
2046,1905292,3000
2047,2385,500000
2048,1905292,15800
2049,1905292,3400
2050,1905292,3400
2051,2385,500000
2052,2385,500000
2053,1905292,34600
2054,2385,500000
2055,1905292,14200
2056,1905292,28100
2057,1905292,5600
2058,1905292,9100
2059,2385,500000
2060,2385,500000
2061,1905292,4200
2062,1905292,5300
2063,2385,500000
2064,1905292,4000
2065,2385,500000
2066,1905292,8100
2067,1905292,6600
2068,1905292,15100
2069,1905292,5500
2070,1905292,17210
2071,2385,500000
2072,1905292,4100
2073,2385,500000
2074,2385,500000
2075,2385,500000
2076,1905292,4300
2077,1905292,3700
2078,1905292,5600
2079,1905292,5700
2080,2385,500000
2081,1905292,6000
2082,1905292,10400
2083,1905292,7300
2084,1905292,15900
2085,2385,500000
2086,2385,500000
2087,2385,500000
2088,1905292,9100
2089,1905292,3500
2090,1905292,6400
2091,1905292,6700
2092,2385,500000
2093,1905292,8200
2094,1905292,5100
2095,1905292,5800
2096,2385,500000
2097,2385,500000
2098,1905292,7500
2099,1905292,5200
2100,2385,500000
2101,1905292,8900
2102,2385,500000
2103,1905292,7400
2104,1905292,5700
2105,1905292,6600
2106,1905292,3700
2107,1905292,5600
2108,2385,500000
2109,2385,500000
2110,1905292,4620
2111,1905292,10200
2112,2385,500000
2113,1905292,4200
2114,1905292,4500
2115,1905292,4600
2116,2385,500000
2117,1905292,2600
2118,1905292,4510
2119,1905292,5600
2120,2385,500000
2121,2385,500000
2122,1905292,5700
2123,2385,500000
2124,2385,500000
2125,1905292,5100
2126,2385,500000
2127,1905292,2800
2128,1905292,2800
2129,1905292,15400
2130,2385,500000
2131,1905292,10410
2132,2385,500000
2133,1905292,6300
2134,1905292,3300
2135,1905292,4900
2136,1905292,18200
2137,2385,500000
2138,2385,500000
2139,1905292,4600
2140,1905292,9900
2141,1905292,3400
2142,1905292,3200
2143,1905292,6100
2144,1905292,7900
2145,2385,500000
2146,1905292,3800
2147,2385,500000
2148,1905292,3100
2149,2385,500000
2150,1905292,3000
2151,2385,500000
2152,2385,500000
2153,2385,500000
2154,1905292,4400
2155,1905292,11110
2156,1905292,7900
2157,1905292,10200
2158,1905292,3900
2159,1905292,5400
2160,1905292,6100
2161,1905292,3300
2162,1905292,4300
2163,2385,500000
2164,2385,500000
2165,1905292,3700
2166,1905292,4400
2167,1905292,6600
2168,1905292,4400
2169,2385,500000
2170,1905292,13700
2171,1905292,8410
2172,2385,500000
2173,2385,500000
2174,2385,500000
2175,2385,500000
2176,1905292,3600
2177,1905292,4700
2178,2385,500000
2179,1905292,5600
2180,1905292,3810
2181,1905292,5500
2182,2385,500000
2183,1905292,5300
2184,2385,500000
2185,2385,500000
2186,2385,500000
2187,1905292,5100
2188,1905292,4800
2189,1905292,5200
2190,1905292,8800
2191,1905292,4200
2192,2385,500000
2193,2385,500000
2194,1905292,6900
2195,2385,500000
2196,1905292,7100
2197,1905292,7700
2198,2385,500000
2199,2385,500000
2200,2385,500000
2201,2385,500000
2202,1905292,8000
2203,2385,500000
2204,1905292,5200
2205,1905292,12200
2206,1905292,4500
2207,1905292,10000
2208,1905292,6000
2209,2385,500000
2210,1905292,15000
2211,1905292,5000
2212,1905292,6300
2213,2385,500000
2214,1905292,4500
2215,2385,500000
2216,1905292,4800
2217,1905292,11900
2218,2385,500000
2219,1905292,7710
2220,1905292,3400
2221,2385,500000
2222,1905292,5500
2223,1905292,28900
2224,1905292,14800
2225,2385,500000
2226,1905292,4700
2227,1905292,5400
2228,2385,500000
2229,2385,500000
2230,1905292,5200
2231,1905292,5700
2232,1905292,4100
2233,1905292,3100
2234,1905292,4200
2235,2385,500000
2236,1905292,8600
2237,1905292,6520
2238,1905292,3600
2239,2385,500000
2240,2385,500000
2241,1905292,27400
2242,1905292,9210
2243,1905292,29700
2244,2385,500000
2245,2385,500000
2246,1905292,6300
2247,1905292,5700
2248,1905292,5800
2249,2385,500000
2250,2385,500000
2251,2385,500000
2252,1905292,7400
2253,2385,500000
2254,1905292,6300
2255,1905292,3800
2256,1905292,8400
2257,2385,500000
2258,2385,500000
2259,2385,500000
2260,1905292,4600
2261,1905292,2800
2262,1905292,10700
2263,1905292,3920
2264,1905292,8200
2265,1905292,4600
2266,2385,500000
2267,2385,500000
2268,1905292,4120
2269,1905292,4600
2270,2385,500000
2271,1905292,4500
2272,2385,500000
2273,1905292,4200
2274,1905292,6400
2275,2385,500000
2276,1905292,3300
2277,2385,500000
2278,2385,500000
2279,1905292,10100
2280,1905292,7700
2281,1905292,4100
2282,1905292,3600
2283,1905292,12400
2284,2385,500000
2285,1905292,4400
2286,1905292,5900
2287,1905292,4100
2288,2385,500000
2289,1905292,3610
2290,2385,500000
2291,2385,500000
2292,2385,500000
2293,2385,500000
2294,2385,500000
2295,1905292,5400
2296,2385,500000
2297,1905292,5100
2298,2385,500000
2299,2385,500000
2300,1905292,9200
2301,2385,500000
2302,2385,500000
2303,2385,500000
2304,1905292,3200
2305,1905292,8000
2306,1905292,8600
2307,2385,500000
2308,2385,500000
2309,1905292,9800
2310,1905292,4500
2311,1905292,5200
2312,2385,500000
2313,1905292,8000
2314,1905292,25800
2315,2385,500000
2316,2385,500000
2317,2385,500000
2318,1905292,8100
2319,1905292,6000
2320,2385,500000
2321,1905292,6700
2322,1905292,3800
2323,1905292,7300
2324,2385,500000
2325,2385,500000
2326,1905292,3900
2327,2385,500000
2328,1905292,5200
2329,2385,500000
2330,1905292,5000
2331,2385,500000
2332,2385,500000
2333,2385,500000
2334,2385,500000
2335,1905292,5100
2336,1905292,6500
2337,2385,500000
2338,1905292,3800
2339,1905292,2900
2340,1905292,9100
2341,1905292,7010
2342,1905292,2500
2343,2385,500000
2344,2385,500000
2345,1905292,4000
2346,2385,500000
2347,1905292,33600
2348,2385,500000
2349,1905292,6400
2350,2385,500000
2351,1905292,40000
2352,1905292,2100
2353,1905292,5620
2354,1905292,3800
2355,1905292,8800
2356,2385,500000
2357,2385,500000
2358,2385,500000
2359,2385,500000
2360,2385,500000
2361,1905292,4500
2362,1905292,6000
2363,1905292,4800
2364,2385,500000
2365,2385,500000
2366,2385,500000
2367,1905292,29900
2368,1905292,4800
2369,1905292,3900
2370,1905292,4400
2371,1905292,1700
2372,1905292,27600
2373,1905292,3100
2374,2385,500000
2375,1905292,7700
2376,1905292,6200
2377,2385,500000
2378,1905292,3700
2379,2385,500000
2380,1905292,11400
2381,1905292,4800
2382,2385,500000
2383,2385,500000
2384,1905292,8700
2385,2385,500000
2386,1905292,4200
2387,2385,500000
2388,2385,500000
2389,2385,500000
2390,2385,500000
2391,1905292,11100
2392,1905292,4600
2393,2385,500000
2394,1905292,4800
2395,1905292,7400
2396,2385,500000
2397,1905292,6800
2398,2385,500000
2399,1905292,7000
2400,1905292,5300
2401,2385,500000
2402,1905292,5300
2403,2385,500000
2404,1905292,4600
2405,1905292,5200
2406,1905292,4100
2407,1905292,4500
2408,1905292,7500
2409,2385,500000
2410,1905292,5700
2411,1905292,13200
2412,1905292,5000
2413,1905292,8700
2414,1905292,5200
2415,1905292,18600
2416,1905292,13400
2417,2385,500000
2418,1905292,9810
2419,2385,500000
2420,1905292,7000
2421,1905292,6200
2422,1905292,4900
2423,2385,500000
2424,2385,500000
2425,2385,500000
2426,1905292,10500
2427,2385,500000
2428,1905292,15500
2429,1905292,14400
2430,2385,500000
2431,1905292,7900
2432,1905292,30300
2433,1905292,2810
2434,2385,500000
2435,1905292,6000
2436,2385,500000
2437,1905292,10000
2438,1905292,2900
2439,1905292,3300
2440,1905292,6600
2441,2385,500000
2442,1905292,8100
2443,2385,500000
2444,1905292,8400
2445,1905292,3600
2446,2385,500000
2447,1905292,10300
2448,2385,500000
2449,1905292,6600
2450,1905292,3300
2451,2385,500000
2452,1905292,3800
2453,2385,500000
2454,1905292,5600
2455,1905292,3800
2456,1905292,11600
2457,1905292,3300
2458,2385,500000
2459,2385,500000
2460,2385,500000
2461,2385,500000
2462,2385,500000
2463,1905292,7400
2464,2385,500000
2465,2385,500000
2466,1905292,4700
2467,2385,500000
2468,2385,500000
2469,1905292,20200
2470,1905292,4400
2471,1905292,14800
2472,2385,500000
2473,1905292,3200
2474,2385,500000
2475,2385,500000
2476,2385,500000
2477,2385,500000
2478,1905292,5120
2479,1905292,5500
2480,2385,500000
2481,2385,500000
2482,2385,500000
2483,1905292,5000
2484,2385,500000
2485,1905292,13300
2486,2385,500000
2487,2385,500000
2488,1905292,4400
2489,2385,500000
2490,1905292,3000
2491,1905292,4900
2492,1905292,3300
2493,1905292,6200
2494,2385,500000
2495,1905292,3600
2496,1905292,4210
2497,1905292,3900
2498,2385,500000
2499,1905292,9300
2500,2385,500000
2501,1905292,44600
2502,2385,500000
2503,2385,500000
2504,1905292,3600
2505,1905292,4300
2506,1905292,6810
2507,2385,500000
2508,1905292,5500
2509,1905292,3200
2510,2385,500000
2511,1905292,6700
2512,1905292,4600
2513,2385,500000
2514,2385,500000
2515,1905292,4300
2516,1905292,2310
2517,1905292,4900
2518,2385,500000
2519,1905292,4300
2520,1905292,53300
2521,2385,500000
2522,1905292,4200
2523,1905292,3500
2524,1905292,5700
2525,2385,500000
2526,1905292,15000
2527,2385,500000
2528,2385,500000
2529,1905292,4000
2530,1905292,8700
2531,2385,500000
2532,2385,500000
2533,1905292,5400
2534,1905292,11400
2535,2385,500000
2536,2385,500000
2537,1905292,5300
2538,2385,500000
2539,2385,500000
2540,2385,500000
2541,2385,500000
2542,1905292,2900
2543,2385,500000
2544,2385,500000
2545,1905292,3800
2546,2385,500000
2547,1905292,4100
2548,1905292,4900
2549,2385,500000
2550,1905292,5200
2551,1905292,5000
2552,2385,500000
2553,1905292,5100
2554,2385,500000
2555,1905292,6000
2556,2385,500000
2557,2385,500000
2558,1905292,3500
2559,2385,500000
2560,2385,500000
2561,1905292,6400
2562,2385,500000
2563,1905292,4300
2564,1905292,5600
2565,1905292,4460
2566,2385,500000
2567,1905292,5600
2568,1905292,4200
2569,1905292,13900
2570,2385,500000
2571,1905292,3200
2572,1905292,14000
2573,1905292,13800
2574,1905292,11600
2575,2385,500000
2576,2385,500000
2577,2385,500000
2578,1905292,2900
2579,1905292,3700
2580,1905292,4700
2581,2385,500000
2582,1905292,6800
2583,2385,500000
2584,1905292,3800
2585,1905292,8600
2586,1905292,5400
2587,1905292,6500
2588,1905292,6800
2589,1905292,9600
2590,1905292,9400
2591,1905292,6300
2592,1905292,4500
2593,2385,500000
2594,1905292,4200
2595,1905292,8400
2596,1905292,3400
2597,1905292,4400
2598,2385,500000
2599,2385,500000
2600,2385,500000
2601,1905292,9100
2602,2385,500000
2603,1905292,5400
2604,1905292,3400
2605,1905292,4200
2606,2385,500000
2607,2385,500000
2608,2385,500000
2609,1905292,9900
2610,1905292,14300
2611,1905292,3700
2612,1905292,6800
2613,1905292,3500
2614,1905292,7900
2615,2385,500000
2616,1905292,4100
2617,2385,500000
2618,1905292,13400
2619,1905292,5900
2620,2385,500000
2621,2385,500000
2622,1905292,8800
2623,1905292,6500
2624,1905292,5600
2625,1905292,8400
2626,1905292,4100
2627,2385,500000
2628,2385,500000
2629,2385,500000
2630,1905292,5010
2631,1905292,54200
2632,2385,500000
2633,2385,500000
2634,1905292,2800
2635,2385,500000
2636,1905292,9300
2637,1905292,6300
2638,2385,500000
2639,2385,500000
2640,1905292,4000
2641,2385,500000
2642,1905292,4600
2643,1905292,8300
2644,2385,500000
2645,2385,500000
2646,2385,500000
2647,2385,500000
2648,2385,500000
2649,2385,500000
2650,1905292,6700
2651,2385,500000
2652,2385,500000
2653,1905292,21000
2654,1905292,13200
2655,2385,500000
2656,2385,500000
2657,1905292,4500
2658,1905292,4600
2659,2385,500000
2660,2385,500000
2661,2385,500000
2662,1905292,6400
2663,2385,500000
2664,1905292,5700
2665,2385,500000
2666,1905292,5800
2667,2385,500000
2668,1905292,10800
2669,1905292,13110
2670,1905292,15800
2671,1905292,5400
2672,1905292,4600
2673,2385,500000
2674,1905292,3400
2675,2385,500000
2676,1905292,17200
2677,2385,500000
2678,1905292,6300
2679,2385,500000
2680,1905292,3600
2681,2385,500000
2682,1905292,6600
2683,2385,500000
2684,2385,500000
2685,2385,500000
2686,1905292,4100
2687,2385,500000
2688,2385,500000
2689,2385,500000
2690,2385,500000
2691,1905292,16200
2692,2385,500000
2693,2385,500000
2694,1905292,9800
2695,1905292,6400
2696,2385,500000
2697,2385,500000
2698,2385,500000
2699,1905292,5400
2700,1905292,5800
2701,2385,500000
2702,1905292,4100
2703,1905292,4000
2704,2385,500000
2705,1905292,2600
2706,1905292,5900
2707,1905292,6000
2708,1905292,3200
2709,1905292,4300
2710,1905292,3700
2711,1905292,8800
2712,2385,500000
2713,2385,500000
2714,1905292,6510
2715,2385,500000
2716,1905292,4800
2717,1905292,4000
2718,1905292,9200
2719,1905292,6800
2720,1905292,5300
2721,2385,500000
2722,2385,500000
2723,1905292,7100
2724,2385,500000
2725,2385,500000
2726,2385,500000
2727,2385,500000
2728,1905292,6600
2729,1905292,4800
2730,2385,500000
2731,2385,500000
2732,1905292,3100
2733,1905292,7700
2734,1905292,6500
2735,1905292,3400
2736,1905292,4500
2737,2385,500000
2738,1905292,3400
2739,1905292,3600
2740,2385,500000
2741,1905292,9500
2742,2385,500000
2743,1905292,5200
2744,1905292,2900
2745,1905292,4000
2746,1905292,4100
2747,2385,500000
2748,1905292,6100
2749,2385,500000
2750,1905292,5900
2751,1905292,6900
2752,1905292,5100
2753,1905292,4820
2754,1905292,2100
2755,1905292,4300
2756,1905292,6600
2757,1905292,8820
2758,2385,500000
2759,1905292,10200
2760,2385,500000
2761,1905292,5700
2762,1905292,5720
2763,1905292,4000
2764,2385,500000
2765,1905292,10100
2766,2385,500000
2767,2385,500000
2768,2385,500000
2769,2385,500000
2770,1905292,2800
2771,1905292,5800
2772,1905292,3600
2773,1905292,4510
2774,1905292,6000
2775,1905292,6600
2776,2385,500000
2777,2385,500000
2778,2385,500000
2779,2385,500000
2780,2385,500000
2781,1905292,8400
2782,2385,500000
2783,2385,500000
2784,2385,500000
2785,2385,500000
2786,2385,500000
2787,1905292,10000
2788,1905292,4300
2789,1905292,4400
2790,2385,500000
2791,1905292,4200
2792,1905292,14000
2793,2385,500000
2794,2385,500000
2795,1905292,18440
2796,1905292,4600
2797,1905292,6600
2798,2385,500000
2799,2385,500000
2800,1905292,6500
2801,1905292,4700
2802,2385,500000
2803,1905292,4500
2804,1905292,6000
2805,1905292,7100
2806,1905292,7100
2807,1905292,4410
2808,1905292,5020
2809,1905292,5100
2810,2385,500000
2811,1905292,12400
2812,1905292,4700
2813,1905292,5700
2814,1905292,8100
2815,1905292,7300
2816,1905292,7400
2817,1905292,9310
2818,1905292,10300
2819,1905292,6400
2820,1905292,6000
2821,1905292,8100
2822,2385,500000
2823,1905292,7700
2824,1905292,4900
2825,2385,500000
2826,1905292,2900
2827,1905292,5400
2828,2385,500000
2829,2385,500000
2830,2385,500000
2831,1905292,4900
2832,1905292,4400
2833,1905292,6310
2834,1905292,8900
2835,1905292,5300
2836,2385,500000
2837,1905292,3600
2838,1905292,4200
2839,1905292,9400
2840,1905292,4200
2841,2385,500000
2842,2385,500000
2843,1905292,13800
2844,2385,500000
2845,2385,500000
2846,2385,500000
2847,1905292,6500
2848,2385,500000
2849,2385,500000
2850,1905292,6000
2851,2385,500000
2852,1905292,5700
2853,1905292,5900
2854,1905292,5300
2855,1905292,4900
2856,1905292,5400
2857,1905292,5600
2858,1905292,4800
2859,1905292,4000
2860,1905292,8900
2861,1905292,5300
2862,2385,500000
2863,1905292,4400
2864,1905292,4900
2865,1905292,5100
2866,1905292,4600
2867,2385,500000
2868,1905292,7800
2869,2385,500000
2870,2385,500000
2871,2385,500000
2872,2385,500000
2873,1905292,6200
2874,2385,500000
2875,2385,500000
2876,1905292,4300
2877,1905292,6000
2878,2385,500000
2879,2385,500000
2880,2385,500000
2881,1905292,4300
2882,2385,500000
2883,1905292,3400
2884,2385,500000
2885,2385,500000
2886,2385,500000
2887,1905292,5300
2888,1905292,7800
2889,2385,500000
2890,1905292,7900
2891,2385,500000
2892,2385,500000
2893,2385,500000
2894,1905292,5700
2895,1905292,5200
2896,2385,500000
2897,2385,500000
2898,2385,500000
2899,2385,500000
2900,1905292,5300
2901,1905292,7400
2902,1905292,4000
2903,1905292,6000
2904,2385,500000
2905,2385,500000
2906,2385,500000
2907,1905292,4500
2908,1905292,6500
2909,2385,500000
2910,2385,500000
2911,1905292,4000
2912,1905292,3100
2913,1905292,32300
2914,2385,500000
2915,2385,500000
2916,1905292,9200
2917,2385,500000
2918,1905292,3600
2919,2385,500000
2920,2385,500000
2921,1905292,6500
2922,1905292,5210
2923,1905292,18300
2924,2385,500000
2925,1905292,5310
2926,2385,500000
2927,2385,500000
2928,2385,500000
2929,2385,500000
2930,1905292,4300
2931,2385,500000
2932,1905292,4700
2933,2385,500000
2934,1905292,9900
2935,2385,500000
2936,1905292,2900
2937,1905292,3500
2938,2385,500000
2939,2385,500000
2940,2385,500000
2941,2385,500000
2942,1905292,17500
2943,1905292,6300
2944,2385,500000
2945,1905292,9900
2946,1905292,5200
2947,2385,500000
2948,1905292,3600
2949,2385,500000
2950,1905292,6000
2951,1905292,5700
2952,2385,500000
2953,2385,500000
2954,1905292,3000
2955,1905292,5800
2956,2385,500000
2957,2385,500000
2958,1905292,3800
2959,2385,500000
2960,1905292,3500
2961,1905292,4300
2962,2385,500000
2963,1905292,9200
2964,1905292,6100
2965,2385,500000
2966,1905292,12040
2967,1905292,8400
2968,1905292,3300
2969,2385,500000
2970,1905292,23000
2971,2385,500000
2972,1905292,5600
2973,1905292,2700
2974,1905292,7000
2975,1905292,8900
2976,1905292,56500
2977,2385,500000
2978,2385,500000
2979,1905292,6800
2980,2385,500000
2981,1905292,3500
2982,2385,500000
2983,1905292,6400
2984,2385,500000
2985,2385,500000
2986,1905292,4900
2987,2385,500000
2988,1905292,3900
2989,1905292,7000
2990,1905292,5200
2991,1905292,4400
2992,1905292,3600
2993,2385,500000
2994,2385,500000
2995,1905292,4600
2996,2385,500000
2997,2385,500000
2998,1905292,5500
2999,1905292,16000
3000,1905292,7500
3001,2385,500000
3002,1905292,4700
3003,1905292,5700
3004,2385,500000
3005,2385,500000
3006,2385,500000
3007,2385,500000
3008,1905292,3500
3009,2385,500000
3010,1905292,3500
3011,2385,500000
3012,2385,500000
3013,1905292,5700
3014,1905292,5700
3015,1905292,28710
3016,1905292,4200
3017,1905292,5000
3018,1905292,5000
3019,2385,500000
3020,2385,500000
3021,1905292,4300
3022,1905292,6700
3023,1905292,4000
3024,1905292,9500
3025,1905292,3800
3026,2385,500000
3027,1905292,10000
3028,2385,500000
3029,1905292,3500
3030,1905292,3800
3031,1905292,12200
3032,2385,500000
3033,2385,500000
3034,2385,500000
3035,2385,500000
3036,1905292,4800
3037,2385,500000
3038,1905292,5200
3039,2385,500000
3040,2385,500000
3041,1905292,2700
3042,1905292,5200
3043,1905292,5700
3044,1905292,15500
3045,2385,500000
3046,1905292,5100
3047,1905292,8010
3048,1905292,4400
3049,1905292,9100
3050,2385,500000
3051,1905292,3400
3052,1905292,7000
3053,1905292,3100
3054,1905292,5600
3055,1905292,28500
3056,1905292,4700
3057,2385,500000
3058,1905292,3600
3059,2385,500000
3060,2385,500000
3061,1905292,7200
3062,2385,500000
3063,1905292,6100
3064,2385,500000
3065,1905292,4100
3066,1905292,4300
3067,2385,500000
3068,2385,500000
3069,1905292,12400
3070,1905292,9000
3071,2385,500000
3072,1905292,4200
3073,1905292,3700
3074,1905292,4100
3075,2385,500000
3076,1905292,6300
3077,1905292,5200
3078,1905292,3500
3079,1905292,8100
3080,1905292,5700
3081,1905292,3600
3082,1905292,8800
3083,1905292,3900
3084,1905292,5600
3085,1905292,5300
3086,2385,500000
3087,2385,500000
3088,1905292,7200
3089,1905292,3700
3090,2385,500000
3091,2385,500000
3092,2385,500000
3093,2385,500000
3094,1905292,5300
3095,2385,500000
3096,1905292,10000
3097,2385,500000
3098,2385,500000
3099,1905292,3200
3100,1905292,7100
3101,2385,500000
3102,1905292,3000
3103,1905292,4900
3104,2385,500000
3105,2385,500000
3106,2385,500000
3107,2385,500000
3108,1905292,3610
3109,1905292,4800
3110,1905292,7000
3111,1905292,4800
3112,1905292,6400
3113,1905292,6200
3114,1905292,5400
3115,1905292,9300
3116,1905292,8800
3117,2385,500000
3118,1905292,3900
3119,2385,500000
3120,1905292,4300
3121,2385,500000
3122,1905292,4600
3123,1905292,4700
3124,1905292,2800
3125,2385,500000
3126,1905292,6000
3127,1905292,4900
3128,2385,500000
3129,1905292,23500
3130,1905292,9100
3131,1905292,4400
3132,1905292,5510
3133,1905292,8900
3134,2385,500000
3135,2385,500000
3136,1905292,4000
3137,1905292,3100
3138,2385,500000
3139,1905292,2200
3140,1905292,7100
3141,2385,500000
3142,2385,500000
3143,1905292,4600
3144,1905292,10400
3145,1905292,9300
3146,1905292,4900
3147,2385,500000
3148,1905292,4500
3149,1905292,7400
3150,1905292,5500
3151,1905292,6110
3152,1905292,3200
3153,1905292,9900
3154,1905292,10200
3155,1905292,12900
3156,2385,500000
3157,2385,500000
3158,1905292,5400
3159,1905292,20410
3160,1905292,5600
3161,1905292,8300
3162,1905292,9800
3163,2385,500000
3164,1905292,13510
3165,1905292,3100
3166,2385,500000
3167,2385,500000
3168,1905292,6200
3169,1905292,4200
3170,1905292,4800
3171,1905292,15000
3172,2385,500000
3173,1905292,3500
3174,1905292,4200
3175,1905292,6900
3176,1905292,4300
3177,2385,500000
3178,2385,500000
3179,1905292,4200
3180,2385,500000
3181,1905292,2100
3182,1905292,5500
3183,1905292,3800
3184,2385,500000
3185,1905292,4800
3186,2385,500000
3187,2385,500000
3188,2385,500000
3189,1905292,28500
3190,1905292,3500
3191,1905292,22510
3192,1905292,6500
3193,1905292,5100
3194,2385,500000
3195,1905292,4900
3196,1905292,5600
3197,1905292,32900
3198,1905292,4900
3199,1905292,5600
3200,2385,500000
3201,1905292,5700
3202,2385,500000
3203,1905292,3600
3204,2385,500000
3205,2385,500000
3206,2385,500000
3207,1905292,6100
3208,2385,500000
3209,1905292,4200
3210,1905292,14000
3211,1905292,4100
3212,1905292,3800
3213,1905292,7800
3214,1905292,11900
3215,2385,500000
3216,2385,500000
3217,1905292,7400
3218,2385,500000
3219,2385,500000
3220,1905292,8000
3221,2385,500000
3222,1905292,3500
3223,2385,500000
3224,2385,500000
3225,1905292,4400
3226,1905292,13500
3227,2385,500000
3228,1905292,5100
3229,1905292,6400
3230,2385,500000
3231,1905292,9600
3232,2385,500000
3233,2385,500000
3234,1905292,5600
3235,2385,500000
3236,1905292,14900
3237,1905292,5700
3238,1905292,4110
3239,1905292,6800
3240,1905292,17500
3241,2385,500000
3242,2385,500000
3243,2385,500000
3244,2385,500000
3245,2385,500000
3246,1905292,4200
3247,1905292,4700
3248,1905292,5200
3249,1905292,5400
3250,1905292,8400
3251,2385,500000
3252,1905292,5700
3253,2385,500000
3254,1905292,11700
3255,2385,500000
3256,1905292,5200
3257,1905292,8800
3258,1905292,5200
3259,1905292,5010
3260,2385,500000
3261,1905292,5300
3262,2385,500000
3263,1905292,7000
3264,1905292,3700
3265,1905292,6200
3266,2385,500000
3267,2385,500000
3268,2385,500000
3269,1905292,3700
3270,2385,500000
3271,2385,500000
3272,2385,500000
3273,2385,500000
3274,1905292,4000
3275,2385,500000
3276,2385,500000
3277,2385,500000
3278,1905292,6520
3279,1905292,4300
3280,2385,500000
3281,1905292,9100
3282,1905292,2700
3283,1905292,8100
3284,1905292,8100
3285,2385,500000
3286,1905292,5600
3287,1905292,9430
3288,1905292,9300
3289,2385,500000
3290,1905292,6500
3291,2385,500000
3292,2385,500000
3293,1905292,4400
3294,1905292,4900
3295,2385,500000
3296,1905292,4700
3297,1905292,5500
3298,2385,500000
3299,2385,500000
3300,2385,500000
3301,1905292,6600
3302,2385,500000
3303,1905292,5500
3304,1905292,5300
3305,2385,500000
3306,1905292,7400
3307,1905292,3400
3308,2385,500000
3309,1905292,4600
3310,1905292,6400
3311,1905292,11400
3312,1905292,15000
3313,2385,500000
3314,2385,500000
3315,1905292,3700
3316,1905292,4900
3317,2385,500000
3318,2385,500000
3319,1905292,2600
3320,1905292,3200
3321,2385,500000
3322,1905292,4310
3323,2385,500000
3324,1905292,4900
3325,1905292,4190
3326,2385,500000
3327,2385,500000
3328,1905292,12200
3329,2385,500000
3330,1905292,6500
3331,2385,500000
3332,2385,500000
3333,1905292,4500
3334,2385,500000
3335,2385,500000
3336,1905292,4400
3337,1905292,11000
3338,1905292,8500
3339,1905292,5130
3340,1905292,6700
3341,1905292,5700
3342,1905292,6200
3343,1905292,5500
3344,1905292,8200
3345,2385,500000
3346,1905292,4200
3347,1905292,57300
3348,2385,500000
3349,2385,500000
3350,2385,500000
3351,1905292,4200
3352,1905292,4500
3353,2385,500000
3354,2385,500000
3355,1905292,4500
3356,2385,500000
3357,2385,500000
3358,2385,500000
3359,2385,500000
3360,2385,500000
3361,1905292,4500
3362,2385,500000
3363,1905292,30000
3364,1905292,5700
3365,2385,500000
3366,1905292,3200
3367,2385,500000
3368,1905292,4040
3369,1905292,4720
3370,1905292,19350
3371,2385,500000
3372,1905292,5200
3373,1905292,2900
3374,1905292,4200
3375,1905292,3710
3376,2385,500000
3377,2385,500000
3378,1905292,8910
3379,1905292,6400
3380,1905292,3700
3381,2385,500000
3382,1905292,4610
3383,1905292,4900
3384,1905292,4100
3385,2385,500000
3386,1905292,5800
3387,1905292,6450
3388,2385,500000
3389,1905292,7000
3390,2385,500000
3391,1905292,11900
3392,2385,500000
3393,1905292,2900
3394,1905292,8210
3395,1905292,5400
3396,2385,500000
3397,2385,500000
3398,1905292,7900
3399,1905292,4700
3400,2385,500000
3401,2385,500000
3402,2385,500000
3403,2385,500000
3404,2385,500000
3405,1905292,6300
3406,2385,500000
3407,1905292,5300
3408,2385,500000
3409,2385,500000
3410,1905292,5400
3411,2385,500000
3412,2385,500000
3413,2385,500000
3414,1905292,4300
3415,2385,500000
3416,2385,500000
3417,2385,500000
3418,1905292,8500
3419,1905292,3800
3420,1905292,5900
3421,1905292,9500
3422,2385,500000
3423,1905292,9410
3424,1905292,9100
3425,2385,500000
3426,1905292,5500
3427,1905292,11200
3428,1905292,4400
3429,2385,500000
3430,1905292,4400
3431,2385,500000
3432,1905292,4300
3433,2385,500000
3434,1905292,6300
3435,1905292,3700
3436,2385,500000
3437,1905292,11000
3438,2385,500000
3439,1905292,4300
3440,1905292,13630
3441,1905292,4300
3442,2385,500000
3443,2385,500000
3444,1905292,3400
3445,2385,500000
3446,1905292,4900
3447,1905292,4400
3448,2385,500000
3449,2385,500000
3450,2385,500000
3451,1905292,11400
3452,2385,500000
3453,1905292,15300
3454,2385,500000
3455,1905292,5500
3456,2385,500000
3457,1905292,4500
3458,2385,500000
3459,1905292,5100
3460,2385,500000
3461,1905292,10500
3462,1905292,5600
3463,2385,500000
3464,1905292,14000
3465,1905292,5200
3466,1905292,3900
3467,2385,500000
3468,1905292,4100
3469,1905292,5600
3470,2385,500000
3471,1905292,5200
3472,1905292,3000
3473,2385,500000
3474,1905292,14400
3475,2385,500000
3476,1905292,4800
3477,1905292,4800
3478,2385,500000
3479,1905292,4400
3480,2385,500000
3481,1905292,6900
3482,1905292,4800
3483,2385,500000
3484,2385,500000
3485,2385,500000
3486,2385,500000
3487,2385,500000
3488,1905292,7000
3489,1905292,5400
3490,2385,500000
3491,1905292,6200
3492,2385,500000
3493,1905292,16100
3494,1905292,3600
3495,1905292,6500
3496,2385,500000
3497,1905292,6800
3498,1905292,2000
3499,1905292,5300
3500,2385,500000
3501,1905292,8900
3502,2385,500000
3503,2385,500000
3504,1905292,3700
3505,1905292,5400
3506,2385,500000
3507,1905292,7300
3508,2385,500000
3509,2385,500000
3510,1905292,7800
3511,1905292,5600
3512,2385,500000
3513,1905292,3700
3514,2385,500000
3515,2385,500000
3516,1905292,3800
3517,2385,500000
3518,1905292,4900
3519,1905292,5400
3520,1905292,2910
3521,1905292,13000
3522,2385,500000
3523,1905292,5200
3524,2385,500000
3525,2385,500000
3526,2385,500000
3527,2385,500000
3528,1905292,4310
3529,1905292,8800
3530,1905292,3600
3531,1905292,7300
3532,2385,500000
3533,2385,500000
3534,1905292,7100
3535,2385,500000
3536,1905292,5400
3537,2385,500000
3538,1905292,6600
3539,1905292,3700
3540,2385,500000
3541,1905292,5900
3542,1905292,8700
3543,1905292,5300
3544,2385,500000
3545,2385,500000
3546,1905292,4100
3547,1905292,5200
3548,2385,500000
3549,1905292,13700
3550,1905292,4900
3551,1905292,5600
3552,2385,500000
3553,2385,500000
3554,1905292,11100
3555,1905292,7200
3556,2385,500000
3557,2385,500000
3558,2385,500000
3559,1905292,4200
3560,1905292,23700
3561,2385,500000
3562,1905292,5200
3563,1905292,4800
3564,1905292,15920
3565,2385,500000
3566,1905292,4700
3567,2385,500000
3568,1905292,9220
3569,1905292,13300
3570,2385,500000
3571,1905292,8300
3572,1905292,5200
3573,2385,500000
3574,1905292,5900
3575,1905292,9100
3576,2385,500000
3577,2385,500000
3578,1905292,11400
3579,1905292,3400
3580,1905292,2900
3581,2385,500000
3582,2385,500000
3583,2385,500000
3584,1905292,5700
3585,1905292,5300
3586,2385,500000
3587,1905292,16000
3588,1905292,4800
3589,1905292,10800
3590,2385,500000
3591,1905292,13400
3592,1905292,6000
3593,1905292,6400
3594,1905292,5600
3595,1905292,4500
3596,1905292,3800
3597,1905292,8000
3598,1905292,4700
3599,1905292,6200
3600,2385,500000
3601,2385,500000
3602,1905292,6400
3603,2385,500000
3604,2385,500000
3605,1905292,5300
3606,2385,500000
3607,2385,500000
3608,1905292,7400
3609,2385,500000
3610,1905292,9100
3611,2385,500000
3612,1905292,29200
3613,2385,500000
3614,2385,500000
3615,1905292,4700
3616,2385,500000
3617,2385,500000
3618,2385,500000
3619,1905292,4700
3620,1905292,10700
3621,1905292,4500
3622,1905292,7100
3623,1905292,4300
3624,2385,500000
3625,1905292,4100
3626,1905292,3100
3627,2385,500000
3628,1905292,2400
3629,2385,500000
3630,1905292,5300
3631,2385,500000
3632,1905292,5200
3633,2385,500000
3634,1905292,7830
3635,1905292,7500
3636,1905292,6000
3637,2385,500000
3638,1905292,5200
3639,2385,500000
3640,2385,500000
3641,1905292,10500
3642,1905292,2900
3643,1905292,4700
3644,2385,500000
3645,1905292,5520
3646,2385,500000
3647,1905292,6800
3648,2385,500000
3649,1905292,5100
3650,1905292,5100
3651,1905292,4600
3652,2385,500000
3653,2385,500000
3654,2385,500000
3655,1905292,5500
3656,1905292,9100
3657,1905292,8800
3658,1905292,4600
3659,2385,500000
3660,1905292,12700
3661,1905292,10100
3662,2385,500000
3663,1905292,7500
3664,2385,500000
3665,1905292,3800
3666,1905292,7610
3667,2385,500000
3668,1905292,5400
3669,1905292,7600
3670,1905292,4800
3671,2385,500000
3672,2385,500000
3673,2385,500000
3674,2385,500000
3675,1905292,3700
3676,1905292,4300
3677,1905292,4700
3678,1905292,6100
3679,1905292,5600
3680,1905292,3900
3681,1905292,7310
3682,2385,500000
3683,1905292,4300
3684,1905292,6800
3685,1905292,6500
3686,1905292,5100
3687,1905292,11010
3688,1905292,6300
3689,2385,500000
3690,1905292,3100
3691,1905292,5320
3692,1905292,1900
3693,1905292,4700
3694,2385,500000
3695,2385,500000
3696,2385,500000
3697,1905292,6700
3698,1905292,5400
3699,1905292,8800
3700,1905292,5900
3701,2385,500000
3702,1905292,7800
3703,2385,500000
3704,1905292,5100
3705,2385,500000
3706,1905292,3800
3707,1905292,4300
3708,1905292,2500
3709,2385,500000
3710,1905292,6800
3711,1905292,4200
3712,1905292,4000
3713,1905292,4610
3714,1905292,5700
3715,2385,500000
3716,2385,500000
3717,2385,500000
3718,2385,500000
3719,2385,500000
3720,1905292,16700
3721,2385,500000
3722,1905292,5200
3723,2385,500000
3724,1905292,4600
3725,2385,500000
3726,1905292,9100
3727,1905292,6700
3728,1905292,14100
3729,1905292,3300
3730,1905292,9800
3731,1905292,4600
3732,1905292,5400
3733,1905292,3200
3734,1905292,6400
3735,1905292,3000
3736,2385,500000
3737,2385,500000
3738,1905292,4500
3739,1905292,3800
3740,1905292,3400
3741,1905292,4300
3742,1905292,4900
3743,1905292,14400
3744,2385,500000
3745,1905292,5500
3746,1905292,15110
3747,1905292,5800
3748,2385,500000
3749,1905292,11600
3750,2385,500000
3751,2385,500000
3752,1905292,9600
3753,1905292,4600
3754,1905292,5100
3755,2385,500000
3756,1905292,14500
3757,1905292,15500
3758,2385,500000
3759,1905292,9300
3760,1905292,102600
3761,1905292,3300
3762,2385,500000
3763,1905292,3100
3764,1905292,6420
3765,2385,500000
3766,1905292,17100
3767,2385,500000
3768,2385,500000
3769,2385,500000
3770,1905292,4400
3771,2385,500000
3772,1905292,6600
3773,2385,500000
3774,1905292,6320
3775,1905292,5800
3776,1905292,5800
3777,1905292,4300
3778,1905292,4700
3779,2385,500000
3780,2385,500000
3781,1905292,6100
3782,2385,500000
3783,2385,500000
3784,1905292,3100
3785,2385,500000
3786,2385,500000
3787,2385,500000
3788,2385,500000
3789,2385,500000
3790,1905292,4800
3791,1905292,3600
3792,2385,500000
3793,1905292,4400
3794,2385,500000
3795,2385,500000
3796,2385,500000
3797,2385,500000
3798,1905292,5900
3799,2385,500000
3800,2385,500000
3801,1905292,4300
3802,2385,500000
3803,2385,500000
3804,1905292,4500
3805,1905292,3200
3806,1905292,5100
3807,2385,500000
3808,1905292,6400
3809,2385,500000
3810,2385,500000
3811,1905292,7900
3812,1905292,4600
3813,1905292,10200
3814,2385,500000
3815,1905292,4200
3816,2385,500000
3817,1905292,5400
3818,1905292,3000
3819,2385,500000
3820,1905292,4100
3821,2385,500000
3822,1905292,1400
3823,2385,500000
3824,1905292,9600
3825,1905292,5200
3826,2385,500000
3827,2385,500000
3828,1905292,15500
3829,2385,500000
3830,1905292,8100
3831,2385,500000
3832,1905292,24300
3833,2385,500000
3834,1905292,6300
3835,2385,500000
3836,1905292,4300
3837,2385,500000
3838,1905292,4300
3839,1905292,3500
3840,2385,500000
3841,1905292,28500
3842,1905292,5900
3843,1905292,2700
3844,1905292,15800
3845,2385,500000
3846,2385,500000
3847,2385,500000
3848,1905292,14600
3849,2385,500000
3850,2385,500000
3851,1905292,16200
3852,2385,500000
3853,1905292,14100
3854,1905292,5700
3855,2385,500000
3856,2385,500000
3857,1905292,3220
3858,1905292,4700
3859,1905292,7300
3860,2385,500000
3861,1905292,3210
3862,1905292,8000
3863,1905292,6300
3864,1905292,6400
3865,1905292,4200
3866,2385,500000
3867,1905292,5600
3868,2385,500000
3869,2385,500000
3870,2385,500000
3871,1905292,5300
3872,1905292,4700
3873,2385,500000
3874,2385,500000
3875,2385,500000
3876,1905292,3300
3877,1905292,4700
3878,2385,500000
3879,1905292,5700
3880,1905292,8700
3881,2385,500000
3882,1905292,30600
3883,2385,500000
3884,1905292,9400
3885,1905292,7400
3886,2385,500000
3887,2385,500000
3888,2385,500000
3889,1905292,3800
3890,1905292,12300
3891,1905292,3300
3892,1905292,9000
3893,2385,500000
3894,2385,500000
3895,2385,500000
3896,2385,500000
3897,1905292,5400
3898,1905292,7800
3899,1905292,3800
3900,1905292,9400
3901,1905292,7900
3902,1905292,11700
3903,1905292,4400
3904,1905292,5300
3905,1905292,6300
3906,2385,500000
3907,1905292,5200
3908,1905292,3800
3909,1905292,4300
3910,1905292,3700
3911,1905292,13000
3912,1905292,4300
3913,2385,500000
3914,2385,500000
3915,1905292,5900
3916,1905292,6800
3917,2385,500000
3918,2385,500000
3919,2385,500000
3920,2385,500000
3921,1905292,6600
3922,1905292,34500
3923,2385,500000
3924,1905292,8500
3925,2385,500000
3926,1905292,5100
3927,1905292,6000
3928,1905292,2710
3929,1905292,3800
3930,1905292,9500
3931,1905292,3000
3932,2385,500000
3933,2385,500000
3934,2385,500000
3935,1905292,4100
3936,1905292,6200
3937,1905292,7610
3938,2385,500000
3939,1905292,8000
3940,2385,500000
3941,2385,500000
3942,1905292,5100
3943,1905292,4800
3944,1905292,7900
3945,2385,500000
3946,2385,500000
3947,2385,500000
3948,2385,500000
3949,2385,500000
3950,2385,500000
3951,2385,500000
3952,1905292,3500
3953,2385,500000
3954,2385,500000
3955,1905292,5000
3956,1905292,13900
3957,1905292,8300
3958,1905292,4200
3959,2385,500000
3960,2385,500000
3961,2385,500000
3962,2385,500000
3963,1905292,4300
3964,2385,500000
3965,2385,500000
3966,2385,500000
3967,1905292,15500
3968,1905292,6000
3969,1905292,3720
3970,2385,500000
3971,1905292,6200
3972,1905292,5900
3973,2385,500000
3974,1905292,4800
3975,1905292,9500
3976,1905292,5500
3977,1905292,9500
3978,1905292,3400
3979,1905292,9800
3980,1905292,5500
3981,1905292,9400
3982,1905292,5800
3983,1905292,4800
3984,2385,500000
3985,1905292,5100
3986,2385,500000
3987,1905292,5300
3988,1905292,7400
3989,2385,500000
3990,2385,500000
3991,1905292,3600
3992,1905292,4800
3993,1905292,3500
3994,1905292,6500
3995,2385,500000
3996,1905292,5300
3997,1905292,16900
3998,1905292,8200
3999,2385,500000
4000,1905292,3310
4001,1905292,4800
4002,2385,500000
4003,2385,500000
4004,2385,500000
4005,1905292,6500
4006,1905292,13000
4007,2385,500000
4008,2385,500000
4009,1905292,9000
4010,1905292,14900
4011,2385,500000
4012,1905292,2700
4013,1905292,6100
4014,1905292,3900
4015,1905292,8200
4016,2385,500000
4017,1905292,7500
4018,1905292,7200
4019,1905292,10900
4020,1905292,10400
4021,2385,500000
4022,1905292,3600
4023,2385,500000
4024,1905292,4500
4025,1905292,6300
4026,2385,500000
4027,2385,500000
4028,2385,500000
4029,2385,500000
4030,1905292,3200
4031,2385,500000
4032,2385,500000
4033,1905292,5700
4034,2385,500000
4035,2385,500000
4036,2385,500000
4037,1905292,10700
4038,2385,500000
4039,1905292,13900
4040,2385,500000
4041,1905292,4200
4042,1905292,4920
4043,1905292,5000
4044,1905292,11900
4045,1905292,4000
4046,1905292,6300
4047,2385,500000
4048,1905292,5700
4049,2385,500000
4050,1905292,6820
4051,2385,500000
4052,2385,500000
4053,2385,500000
4054,1905292,18100
4055,2385,500000
4056,2385,500000
4057,1905292,4500
4058,1905292,6600
4059,2385,500000
4060,1905292,20200
4061,1905292,4810
4062,2385,500000
4063,2385,500000
4064,2385,500000
4065,2385,500000
4066,1905292,4300
4067,2385,500000
4068,2385,500000
4069,2385,500000
4070,1905292,7900
4071,1905292,4520
4072,2385,500000
4073,2385,500000
4074,1905292,3000
4075,2385,500000
4076,1905292,5200
4077,2385,500000
4078,1905292,58200
4079,2385,500000
4080,1905292,6300
4081,1905292,4500
4082,1905292,10300
4083,1905292,3500
4084,2385,500000
4085,1905292,4000
4086,1905292,7700
4087,1905292,7800
4088,1905292,5900
4089,2385,500000
4090,1905292,29600
4091,1905292,5900
4092,1905292,5100
4093,1905292,4300
4094,2385,500000
4095,2385,500000
4096,1905292,7700
4097,2385,500000
4098,1905292,3100
4099,1905292,3700
4100,1905292,6710
4101,1905292,6000
4102,2385,500000
4103,2385,500000
4104,2385,500000
4105,1905292,6100
4106,2385,500000
4107,2385,500000
4108,1905292,4700
4109,1905292,14100
4110,1905292,4300
4111,1905292,4500
4112,1905292,6700
4113,1905292,6100
4114,2385,500000
4115,1905292,33100
4116,2385,500000
4117,1905292,4900
4118,2385,500000
4119,2385,500000
4120,1905292,6900
4121,1905292,5500
4122,2385,500000
4123,1905292,6300
4124,1905292,6700
4125,2385,500000
4126,2385,500000
4127,1905292,5600
4128,1905292,5000
4129,1905292,4600
4130,1905292,8400
4131,1905292,3600
4132,1905292,3800
4133,1905292,7200
4134,1905292,11000
4135,1905292,5200
4136,2385,500000
4137,1905292,6000
4138,1905292,4600
4139,2385,500000
4140,1905292,6300
4141,1905292,3700
4142,2385,500000
4143,1905292,10300
4144,2385,500000
4145,1905292,4300
4146,1905292,2800
4147,2385,500000
4148,1905292,4500
4149,2385,500000
4150,2385,500000
4151,2385,500000
4152,1905292,6800
4153,1905292,4600
4154,1905292,4800
4155,1905292,6400
4156,1905292,7200
4157,1905292,6500
4158,1905292,8100
4159,2385,500000
4160,2385,500000
4161,2385,500000
4162,1905292,6400
4163,2385,500000
4164,2385,500000
4165,1905292,6400
4166,1905292,3300
4167,1905292,4120
4168,1905292,3200
4169,2385,500000
4170,2385,500000
4171,1905292,3700
4172,1905292,8000
4173,2385,500000
4174,2385,500000
4175,2385,500000
4176,1905292,4300
4177,1905292,5600
4178,2385,500000
4179,2385,500000
4180,1905292,54900
4181,2385,500000
4182,2385,500000
4183,2385,500000
4184,1905292,5200
4185,1905292,3800
4186,2385,500000
4187,2385,500000
4188,1905292,27900
4189,1905292,7800
4190,1905292,4500
4191,1905292,3900
4192,2385,500000
4193,2385,500000
4194,1905292,5200
4195,1905292,4000
4196,1905292,6000
4197,2385,500000
4198,1905292,3000
4199,1905292,5900
4200,2385,500000
4201,2385,500000
4202,1905292,3300
4203,2385,500000
4204,2385,500000
4205,1905292,5800
4206,2385,500000
4207,2385,500000
4208,1905292,5500
4209,2385,500000
4210,1905292,7000
4211,1905292,3600
4212,2385,500000
4213,1905292,24100
4214,1905292,10400
4215,2385,500000
4216,2385,500000
4217,2385,500000
4218,2385,500000
4219,1905292,3300
4220,1905292,5600
4221,1905292,6300
4222,2385,500000
4223,1905292,6500
4224,1905292,5600
4225,1905292,13000
4226,1905292,6800
4227,2385,500000
4228,2385,500000
4229,1905292,6600
4230,2385,500000
4231,1905292,6200
4232,2385,500000
4233,2385,500000
4234,2385,500000
4235,1905292,5300
4236,1905292,3100
4237,2385,500000
4238,2385,500000
4239,1905292,3500
4240,2385,500000
4241,2385,500000
4242,1905292,5100
4243,1905292,4000
4244,2385,500000
4245,2385,500000
4246,1905292,8420
4247,1905292,11500
4248,2385,500000
4249,1905292,4000
4250,1905292,3500
4251,1905292,7800
4252,2385,500000
4253,2385,500000
4254,1905292,4200
4255,2385,500000
4256,1905292,8000
4257,1905292,6700
4258,1905292,6000
4259,1905292,2710
4260,1905292,8300
4261,1905292,9700
4262,2385,500000
4263,1905292,2200
4264,1905292,4900
4265,1905292,4600
4266,2385,500000
4267,1905292,16400
4268,2385,500000
4269,2385,500000
4270,1905292,4400
4271,1905292,14600
4272,1905292,4700
4273,1905292,3800
4274,2385,500000
4275,2385,500000
4276,1905292,3100
4277,2385,500000
4278,1905292,53900
4279,2385,500000
4280,2385,500000
4281,2385,500000
4282,1905292,13400
4283,2385,500000
4284,1905292,9010
4285,1905292,15300
4286,1905292,3800
4287,1905292,8700
4288,2385,500000
4289,1905292,3800
4290,1905292,4700
4291,2385,500000
4292,2385,500000
4293,1905292,4900
4294,2385,500000
4295,2385,500000
4296,1905292,3600
4297,1905292,6300
4298,2385,500000
4299,2385,500000
4300,1905292,4700
4301,2385,500000
4302,2385,500000
4303,2385,500000
4304,1905292,3900
4305,1905292,10800
4306,1905292,15000
4307,1905292,4200
4308,1905292,25500
4309,1905292,8900
4310,1905292,5300
4311,1905292,4100
4312,1905292,6400
4313,1905292,6100
4314,2385,500000
4315,1905292,5700
4316,1905292,3620
4317,1905292,7400
4318,2385,500000
4319,1905292,7400
4320,1905292,6000
4321,1905292,10400
4322,1905292,4200
4323,1905292,4000
4324,1905292,10100
4325,1905292,5300
4326,1905292,7300
4327,2385,500000
4328,2385,500000
4329,2385,500000
4330,1905292,4900
4331,2385,500000
4332,1905292,6500
4333,1905292,5400
4334,1905292,4600
4335,2385,500000
4336,1905292,3500
4337,1905292,4700
4338,2385,500000
4339,1905292,6500
4340,1905292,7900
4341,2385,500000
4342,1905292,3600
4343,1905292,5100
4344,2385,500000
4345,1905292,5700
4346,2385,500000
4347,1905292,7000
4348,1905292,4400
4349,1905292,9400
4350,1905292,7600
4351,1905292,8400
4352,2385,500000
4353,1905292,4300
4354,1905292,5900
4355,2385,500000
4356,2385,500000
4357,2385,500000
4358,2385,500000
4359,1905292,4200
4360,1905292,7100
4361,1905292,9800
4362,1905292,5200
4363,1905292,5400
4364,1905292,11300
4365,2385,500000
4366,1905292,4700
4367,1905292,11200
4368,1905292,3900
4369,1905292,50300
4370,1905292,3800
4371,2385,500000
4372,2385,500000
4373,2385,500000
4374,1905292,6100
4375,2385,500000
4376,1905292,7000
4377,1905292,8400
4378,2385,500000
4379,1905292,5800
4380,2385,500000
4381,2385,500000
4382,2385,500000
4383,2385,500000
4384,2385,500000
4385,2385,500000
4386,2385,500000
4387,2385,500000
4388,1905292,3700
4389,1905292,4400
4390,2385,500000
4391,2385,500000
4392,1905292,3800
4393,2385,500000
4394,2385,500000
4395,2385,500000
4396,2385,500000
4397,2385,500000
4398,2385,500000
4399,2385,500000
4400,2385,500000
4401,1905292,7400
4402,1905292,13500
4403,1905292,4200
4404,1905292,3100
4405,1905292,20000
4406,2385,500000
4407,2385,500000
4408,2385,500000
4409,1905292,2900
4410,1905292,5700
4411,2385,500000
4412,1905292,14600
4413,1905292,3800
4414,1905292,8600
4415,1905292,2700
4416,1905292,8800
4417,2385,500000
4418,2385,500000
4419,2385,500000
4420,1905292,3100
4421,1905292,10400
4422,1905292,5100
4423,2385,500000
4424,1905292,4300
4425,1905292,5900
4426,2385,500000
4427,1905292,16100
4428,1905292,3000
4429,1905292,18100
4430,1905292,4500
4431,2385,500000
4432,1905292,13700
4433,2385,500000
4434,1905292,4800
4435,2385,500000
4436,2385,500000
4437,1905292,6400
4438,1905292,7100
4439,1905292,3700
4440,1905292,7800
4441,1905292,2310
4442,2385,500000
4443,1905292,6000
4444,2385,500000
4445,1905292,4700
4446,1905292,6500
4447,2385,500000
4448,1905292,5800
4449,1905292,6500
4450,1905292,3800
4451,1905292,8700
4452,1905292,5800
4453,1905292,4800
4454,1905292,3000
4455,1905292,35500
4456,1905292,5500
4457,1905292,5800
4458,1905292,4100
4459,1905292,5100
4460,1905292,15000
4461,2385,500000
4462,2385,500000
4463,1905292,6100
4464,2385,500000
4465,1905292,5210
4466,2385,500000
4467,2385,500000
4468,1905292,3200
4469,2385,500000
4470,1905292,3800
4471,2385,500000
4472,1905292,4000
4473,2385,500000
4474,1905292,3700
4475,1905292,6500
4476,2385,500000
4477,2385,500000
4478,2385,500000
4479,2385,500000
4480,1905292,14300
4481,1905292,4600
4482,2385,500000
4483,2385,500000
4484,1905292,4600
4485,1905292,4500
4486,1905292,6300
4487,1905292,12300
4488,2385,500000
4489,1905292,12600
4490,1905292,4700
4491,1905292,4500
4492,1905292,10500
4493,2385,500000
4494,2385,500000
4495,1905292,4100
4496,1905292,5100
4497,1905292,5400
4498,1905292,3700
4499,1905292,7000
4500,1905292,4900
4501,1905292,5550
4502,1905292,8900
4503,2385,500000
4504,1905292,29100
4505,1905292,4500
4506,2385,500000
4507,1905292,4900
4508,1905292,4600
4509,2385,500000
4510,2385,500000
4511,1905292,5100
4512,1905292,3500
4513,2385,500000
4514,2385,500000
4515,2385,500000
4516,1905292,12700
4517,2385,500000
4518,2385,500000
4519,1905292,6400
4520,2385,500000
4521,1905292,8000
4522,1905292,18200
4523,1905292,3900
4524,1905292,6500
4525,1905292,7600
4526,2385,500000
4527,2385,500000
4528,1905292,5200
4529,1905292,6100
4530,1905292,8400
4531,2385,500000
4532,1905292,3700
4533,1905292,5000
4534,2385,500000
4535,2385,500000
4536,2385,500000
4537,2385,500000
4538,1905292,12900
4539,2385,500000
4540,2385,500000
4541,1905292,6300
4542,1905292,3100
4543,1905292,6700
4544,2385,500000
4545,2385,500000
4546,1905292,10700
4547,1905292,5500
4548,2385,500000
4549,1905292,8200
4550,2385,500000
4551,2385,500000
4552,2385,500000
4553,2385,500000
4554,2385,500000
4555,2385,500000
4556,1905292,5000
4557,1905292,4900
4558,1905292,4600
4559,1905292,3300
4560,1905292,6200
4561,2385,500000
4562,1905292,16000
4563,1905292,4020
4564,1905292,8500
4565,2385,500000
4566,2385,500000
4567,1905292,3500
4568,1905292,7000
4569,1905292,9400
4570,1905292,3100
4571,2385,500000
4572,1905292,6400
4573,1905292,13800
4574,1905292,8200
4575,1905292,10500
4576,1905292,4600
4577,2385,500000
4578,1905292,8500
4579,1905292,4100
4580,1905292,4700
4581,2385,500000
4582,1905292,4600
4583,1905292,8200
4584,1905292,16900
4585,1905292,6700
4586,2385,500000
4587,1905292,5020
4588,2385,500000
4589,1905292,5600
4590,2385,500000
4591,1905292,9700
4592,2385,500000
4593,1905292,4000
4594,2385,500000
4595,1905292,7400
4596,2385,500000
4597,1905292,4700
4598,1905292,3400
4599,1905292,4100
4600,1905292,5810
4601,1905292,13700
4602,1905292,7000
4603,1905292,5100
4604,1905292,4200
4605,2385,500000
4606,1905292,5100
4607,1905292,4600
4608,2385,500000
4609,1905292,4400
4610,2385,500000
4611,1905292,5400
4612,1905292,24020
4613,2385,500000
4614,1905292,5700
4615,2385,500000
4616,2385,500000
4617,1905292,4100
4618,1905292,7300
4619,1905292,13800
4620,2385,500000
4621,2385,500000
4622,1905292,11200
4623,1905292,35500
4624,2385,500000
4625,1905292,6800
4626,1905292,6620
4627,1905292,3900
4628,1905292,3600
4629,2385,500000
4630,2385,500000
4631,1905292,4800
4632,1905292,4700
4633,1905292,7610
4634,1905292,3200
4635,2385,500000
4636,1905292,4100
4637,1905292,3510
4638,1905292,5700
4639,2385,500000
4640,1905292,3100
4641,2385,500000
4642,1905292,4100
4643,2385,500000
4644,2385,500000
4645,1905292,14200
4646,2385,500000
4647,1905292,7200
4648,1905292,4700
4649,1905292,4600
4650,1905292,5200
4651,2385,500000
4652,1905292,5600
4653,1905292,3600
4654,1905292,3300
4655,2385,500000
4656,2385,500000
4657,2385,500000
4658,1905292,4200
4659,2385,500000
4660,1905292,3800
4661,1905292,3900
4662,1905292,4810
4663,1905292,13600
4664,1905292,5010
4665,1905292,6200
4666,2385,500000
4667,1905292,8900
4668,2385,500000
4669,1905292,8900
4670,2385,500000
4671,2385,500000
4672,1905292,2400
4673,2385,500000
4674,2385,500000
4675,1905292,5800
4676,2385,500000
4677,2385,500000
4678,1905292,4100
4679,2385,500000
4680,1905292,2200
4681,1905292,3300
4682,2385,500000
4683,1905292,5700
4684,1905292,5200
4685,1905292,4700
4686,1905292,3000
4687,2385,500000
4688,2385,500000
4689,1905292,5600
4690,2385,500000
4691,2385,500000
4692,1905292,5000
4693,1905292,7800
4694,2385,500000
4695,1905292,4400
4696,1905292,3100
4697,1905292,6700
4698,2385,500000
4699,2385,500000
4700,1905292,5900
4701,2385,500000
4702,1905292,4600
4703,1905292,4000
4704,1905292,7320
4705,2385,500000
4706,1905292,5500
4707,1905292,13100
4708,1905292,2200
4709,1905292,6800
4710,1905292,6900
4711,1905292,6200
4712,1905292,3900
4713,1905292,4100
4714,2385,500000
4715,2385,500000
4716,1905292,4700
4717,2385,500000
4718,1905292,6600
4719,1905292,5600
4720,1905292,29900
4721,1905292,13400
4722,1905292,6300
4723,1905292,4400
4724,2385,500000
4725,1905292,4900
4726,2385,500000
4727,2385,500000
4728,1905292,6000
4729,2385,500000
4730,1905292,2410
4731,2385,500000
4732,2385,500000
4733,1905292,7000
4734,2385,500000
4735,1905292,2800
4736,1905292,6400
4737,2385,500000
4738,1905292,9000
4739,2385,500000
4740,1905292,2900
4741,2385,500000
4742,1905292,8700
4743,2385,500000
4744,1905292,3900
4745,1905292,11200
4746,2385,500000
4747,1905292,6400
4748,1905292,9400
4749,2385,500000
4750,2385,500000
4751,1905292,5800
4752,1905292,16500
4753,2385,500000
4754,2385,500000
4755,2385,500000
4756,2385,500000
4757,1905292,4900
4758,1905292,8100
4759,1905292,30000
4760,1905292,5200
4761,1905292,27100
4762,1905292,3400
4763,1905292,8400
4764,1905292,4900
4765,1905292,2200
4766,1905292,4100
4767,1905292,7300
4768,2385,500000
4769,1905292,5000
4770,1905292,4400
4771,1905292,5600
4772,2385,500000
4773,1905292,5300
4774,1905292,7100
4775,2385,500000
4776,1905292,7200
4777,1905292,6600
4778,1905292,6800
4779,1905292,10500
4780,1905292,3800
4781,1905292,5400
4782,1905292,5700
4783,1905292,3700
4784,1905292,4800
4785,1905292,28600
4786,2385,500000
4787,1905292,3900
4788,1905292,6200
4789,1905292,6400
4790,2385,500000
4791,1905292,5800
4792,1905292,5400
4793,1905292,5600
4794,1905292,3800
4795,2385,500000
4796,2385,500000
4797,1905292,4600
4798,1905292,8100
4799,1905292,4700
4800,1905292,3400
4801,1905292,6100
4802,2385,500000
4803,1905292,4900
4804,2385,500000
4805,2385,500000
4806,1905292,6400
4807,1905292,5710
4808,2385,500000
4809,2385,500000
4810,1905292,6000
4811,2385,500000
4812,1905292,2900
4813,1905292,4200
4814,1905292,4500
4815,2385,500000
4816,1905292,10900
4817,2385,500000
4818,2385,500000
4819,2385,500000
4820,2385,500000
4821,1905292,5800
4822,2385,500000
4823,1905292,4500
4824,2385,500000
4825,1905292,8700
4826,2385,500000
4827,1905292,3700
4828,2385,500000
4829,1905292,6000
4830,1905292,4900
4831,1905292,9100
4832,2385,500000
4833,2385,500000
4834,2385,500000
4835,2385,500000
4836,2385,500000
4837,2385,500000
4838,2385,500000
4839,1905292,3410
4840,2385,500000
4841,2385,500000
4842,1905292,6400
4843,1905292,6700
4844,2385,500000
4845,1905292,4200
4846,1905292,3800
4847,1905292,5900
4848,2385,500000
4849,2385,500000
4850,1905292,4500
4851,1905292,4400
4852,2385,500000
4853,1905292,5700
4854,1905292,7020
4855,1905292,4300
4856,2385,500000
4857,1905292,5000
4858,2385,500000
4859,1905292,8200
4860,2385,500000
4861,2385,500000
4862,1905292,5100
4863,2385,500000
4864,1905292,2610
4865,1905292,4000
4866,1905292,12200
4867,2385,500000
4868,2385,500000
4869,1905292,3300
4870,2385,500000
4871,1905292,6200
4872,2385,500000
4873,1905292,5800
4874,1905292,5300
4875,1905292,6900
4876,2385,500000
4877,2385,500000
4878,2385,500000
4879,2385,500000
4880,1905292,4000
4881,2385,500000
4882,2385,500000
4883,1905292,4310
4884,1905292,8200
4885,2385,500000
4886,2385,500000
4887,1905292,24200
4888,2385,500000
4889,1905292,7700
4890,1905292,7600
4891,1905292,6200
4892,2385,500000
4893,2385,500000
4894,1905292,4600
4895,2385,500000
4896,1905292,4500
4897,2385,500000
4898,2385,500000
4899,1905292,5500
4900,2385,500000
4901,2385,500000
4902,1905292,6500
4903,1905292,8400
4904,1905292,10000
4905,2385,500000
4906,2385,500000
4907,1905292,9400
4908,1905292,8300
4909,1905292,5000
4910,1905292,5500
4911,1905292,4600
4912,1905292,13500
4913,1905292,3600
4914,2385,500000
4915,2385,500000
4916,1905292,6200
4917,1905292,6100
4918,1905292,5000
4919,2385,500000
4920,2385,500000
4921,2385,500000
4922,1905292,15700
4923,1905292,2800
4924,2385,500000
4925,2385,500000
4926,2385,500000
4927,1905292,3900
4928,2385,500000
4929,2385,500000
4930,2385,500000
4931,1905292,5600
4932,1905292,6600
4933,2385,500000
4934,2385,500000
4935,2385,500000
4936,2385,500000
4937,1905292,11900
4938,2385,500000
4939,1905292,5300
4940,1905292,9400
4941,1905292,9300
4942,1905292,3600
4943,2385,500000
4944,1905292,16000
4945,1905292,19000
4946,1905292,6500
4947,2385,500000
4948,2385,500000
4949,2385,500000
4950,1905292,4120
4951,1905292,5800
4952,2385,500000
4953,2385,500000
4954,1905292,3100
4955,1905292,4700
4956,1905292,7700
4957,1905292,5700
4958,1905292,5800
4959,2385,500000
4960,2385,500000
4961,1905292,5200
4962,2385,500000
4963,1905292,10500
4964,2385,500000
4965,2385,500000
4966,1905292,3800
4967,1905292,7500
4968,1905292,5700
4969,2385,500000
4970,1905292,5000
4971,1905292,7000
4972,2385,500000
4973,1905292,4800
4974,2385,500000
4975,1905292,3700
4976,2385,500000
4977,1905292,4400
4978,2385,500000
4979,1905292,5000
4980,2385,500000
4981,2385,500000
4982,1905292,4400
4983,1905292,14200
4984,2385,500000
4985,2385,500000
4986,1905292,10200
4987,2385,500000
4988,2385,500000
4989,1905292,6100
4990,1905292,4700
4991,2385,500000
4992,2385,500000
4993,1905292,28900
4994,2385,500000
4995,1905292,14600
4996,1905292,7710
4997,1905292,4700
4998,1905292,5700
4999,2385,500000
5000,2385,500000
5001,2385,500000
5002,2385,500000
5003,1905292,4600
5004,1905292,4800
5005,2385,500000
5006,1905292,6100
5007,2385,500000
5008,1905292,5600
5009,2385,500000
5010,1905292,12900
5011,1905292,25400
5012,1905292,8800
5013,2385,500000
5014,2385,500000
5015,1905292,16200
5016,1905292,8900
5017,1905292,4600
5018,1905292,4010
5019,1905292,13700
5020,1905292,3700
5021,1905292,6900
5022,2385,500000
5023,2385,500000
5024,1905292,5800
5025,1905292,6610
5026,1905292,5300
5027,2385,500000
5028,1905292,5100
5029,1905292,4400
5030,1905292,5500
5031,2385,500000
5032,1905292,5700
5033,1905292,3000
5034,1905292,14900
5035,1905292,5900
5036,2385,500000
5037,2385,500000
5038,2385,500000
5039,1905292,8000
5040,2385,500000
5041,1905292,6300
5042,1905292,3200
5043,1905292,4020
5044,2385,500000
5045,2385,500000
5046,2385,500000
5047,2385,500000
5048,2385,500000
5049,2385,500000
5050,1905292,13700
5051,1905292,4900
5052,1905292,2900
5053,2385,500000
5054,1905292,24600
5055,2385,500000
5056,1905292,4300
5057,1905292,4500
5058,2385,500000
5059,2385,500000
5060,1905292,5700
5061,2385,500000
5062,2385,500000
5063,1905292,8000
5064,2385,500000
5065,1905292,6800
5066,1905292,5400
5067,2385,500000
5068,2385,500000
5069,2385,500000
5070,1905292,4100
5071,1905292,5100
5072,1905292,13700
5073,2385,500000
5074,1905292,13700
5075,1905292,6420
5076,1905292,18200
5077,1905292,2800
5078,1905292,5700
5079,2385,500000
5080,2385,500000
5081,1905292,5700
5082,1905292,6200
5083,2385,500000
5084,2385,500000
5085,1905292,5100
5086,1905292,4700
5087,2385,500000
5088,2385,500000
5089,1905292,4800
5090,2385,500000
5091,1905292,8100
5092,2385,500000
5093,1905292,14400
5094,2385,500000
5095,1905292,8400
5096,2385,500000
5097,2385,500000
5098,1905292,4200
5099,2385,500000
5100,1905292,2600
5101,1905292,3700
5102,1905292,14100
5103,1905292,5400
5104,2385,500000
5105,1905292,6700
5106,2385,500000
5107,1905292,10900
5108,1905292,8200
5109,2385,500000
5110,1905292,4000
5111,1905292,6100
5112,2385,500000
5113,1905292,7600
5114,2385,500000
5115,2385,500000
5116,1905292,3800
5117,1905292,15200
5118,2385,500000
5119,2385,500000
5120,1905292,7100
5121,1905292,14900
5122,2385,500000
5123,1905292,6900
5124,2385,500000
5125,1905292,5500
5126,1905292,5400
5127,1905292,3800
5128,2385,500000
5129,2385,500000
5130,1905292,4500
5131,1905292,28000
5132,1905292,3100
5133,2385,500000
5134,1905292,6200
5135,1905292,11000
5136,1905292,4800
5137,1905292,5200
5138,2385,500000
5139,1905292,6610
5140,2385,500000
5141,1905292,8100
5142,2385,500000
5143,1905292,3800
5144,1905292,5700
5145,1905292,5300
5146,1905292,5900
5147,1905292,4700
5148,2385,500000
5149,2385,500000
5150,2385,500000
5151,1905292,4800
5152,2385,500000
5153,1905292,4600
5154,1905292,4700
5155,1905292,5400
5156,2385,500000
5157,2385,500000
5158,1905292,4400
5159,1905292,7800
5160,2385,500000
5161,2385,500000
5162,1905292,3400
5163,1905292,10100
5164,1905292,4900
5165,2385,500000
5166,2385,500000
5167,1905292,9200
5168,2385,500000
5169,1905292,5000
5170,2385,500000
5171,2385,500000
5172,2385,500000
5173,1905292,7900
5174,1905292,5300
5175,1905292,6300
5176,2385,500000
5177,1905292,14410
5178,2385,500000
5179,1905292,7900
5180,1905292,5200
5181,2385,500000
5182,2385,500000
5183,1905292,13020
5184,1905292,5400
5185,1905292,5500
5186,1905292,5600
5187,2385,500000
5188,2385,500000
5189,2385,500000
5190,2385,500000
5191,1905292,7200
5192,1905292,3800
5193,1905292,3900
5194,2385,500000
5195,2385,500000
5196,1905292,11900
5197,2385,500000
5198,1905292,3400
5199,2385,500000
5200,1905292,4310
5201,1905292,5000
5202,1905292,5720
5203,2385,500000
5204,2385,500000
5205,1905292,4500
5206,1905292,5700
5207,1905292,3000
5208,2385,500000
5209,1905292,3700
5210,2385,500000
5211,1905292,5200
5212,1905292,6200
5213,2385,500000
5214,1905292,6000
5215,1905292,5300
5216,2385,500000
5217,2385,500000
5218,2385,500000
5219,2385,500000
5220,2385,500000
5221,1905292,9000
5222,1905292,4700
5223,1905292,4900
5224,1905292,4000
5225,1905292,8000
5226,2385,500000
5227,1905292,3100
5228,2385,500000
5229,2385,500000
5230,1905292,6800
5231,2385,500000
5232,1905292,6000
5233,2385,500000
5234,2385,500000
5235,2385,500000
5236,1905292,7000
5237,2385,500000
5238,2385,500000
5239,2385,500000
5240,1905292,11000
5241,1905292,4000
5242,1905292,8700
5243,1905292,5000
5244,1905292,4300
5245,1905292,6000
5246,2385,500000
5247,2385,500000
5248,2385,500000
5249,2385,500000
5250,1905292,4700
5251,1905292,6200
5252,2385,500000
5253,1905292,6600
5254,2385,500000
5255,2385,500000
5256,1905292,7700
5257,2385,500000
5258,1905292,3700
5259,1905292,4600
5260,1905292,15500
5261,2385,500000
5262,2385,500000
5263,2385,500000
5264,1905292,54100
5265,2385,500000
5266,1905292,9200
5267,2385,500000
5268,2385,500000
5269,2385,500000
5270,1905292,4500
5271,1905292,6400
5272,1905292,6200
5273,1905292,6200
5274,1905292,9400
5275,2385,500000
5276,1905292,4700
5277,2385,500000
5278,1905292,5100
5279,2385,500000
5280,1905292,3800
5281,2385,500000
5282,2385,500000
5283,2385,500000
5284,1905292,5400
5285,1905292,6800
5286,1905292,5700
5287,1905292,5200
5288,2385,500000
5289,1905292,6000
5290,2385,500000
5291,1905292,7800
5292,2385,500000
5293,1905292,5300
5294,2385,500000
5295,2385,500000
5296,1905292,3410
5297,1905292,8500
5298,1905292,3200
5299,1905292,3900
5300,2385,500000
5301,1905292,3000
5302,1905292,4500
5303,2385,500000
5304,2385,500000
5305,2385,500000
5306,1905292,5400
5307,2385,500000
5308,2385,500000
5309,1905292,16310
5310,2385,500000
5311,1905292,5520
5312,1905292,10100
5313,2385,500000
5314,2385,500000
5315,1905292,15100
5316,1905292,5100
5317,1905292,4400
5318,1905292,7100
5319,1905292,4500
5320,2385,500000
5321,2385,500000
5322,2385,500000
5323,1905292,6300
5324,2385,500000
5325,2385,500000
5326,2385,500000
5327,2385,500000
5328,1905292,11300
5329,1905292,3500
5330,1905292,5900
5331,1905292,3500
5332,2385,500000
5333,2385,500000
5334,1905292,4800
5335,2385,500000
5336,1905292,5300
5337,2385,500000
5338,1905292,7900
5339,1905292,6200
5340,1905292,5700
5341,2385,500000
5342,1905292,6300
5343,1905292,4800
5344,2385,500000
5345,1905292,6500
5346,1905292,4300
5347,2385,500000
5348,2385,500000
5349,1905292,6300
5350,1905292,14400
5351,2385,500000
5352,2385,500000
5353,2385,500000
5354,2385,500000
5355,1905292,7000
5356,2385,500000
5357,2385,500000
5358,2385,500000
5359,1905292,5200
5360,1905292,11000
5361,1905292,6100
5362,1905292,3600
5363,1905292,6200
5364,1905292,8200
5365,2385,500000
5366,2385,500000
5367,1905292,4000
5368,1905292,5900
5369,1905292,5700
5370,1905292,6600
5371,1905292,7000
5372,1905292,8100
5373,2385,500000
5374,1905292,4800
5375,1905292,6000
5376,1905292,5600
5377,2385,500000
5378,1905292,3500
5379,2385,500000
5380,1905292,5300
5381,1905292,3900
5382,2385,500000
5383,1905292,4620
5384,1905292,2500
5385,1905292,3700
5386,1905292,5050
5387,2385,500000
5388,1905292,4100
5389,2385,500000
5390,2385,500000
5391,2385,500000
5392,1905292,3400
5393,2385,500000
5394,2385,500000
5395,1905292,3500
5396,1905292,5300
5397,1905292,4500
5398,1905292,7400
5399,1905292,4530
5400,1905292,4200
5401,1905292,5000
5402,2385,500000
5403,2385,500000
5404,2385,500000
5405,2385,500000
5406,2385,500000
5407,1905292,3500
5408,1905292,6900
5409,1905292,3500
5410,2385,500000
5411,1905292,5820
5412,2385,500000
5413,1905292,9700
5414,2385,500000
5415,2385,500000
5416,1905292,3700
5417,1905292,5700
5418,1905292,3800
5419,2385,500000
5420,2385,500000
5421,1905292,6800
5422,2385,500000
5423,2385,500000
5424,2385,500000
5425,1905292,7300
5426,1905292,10900
5427,2385,500000
5428,1905292,5800
5429,1905292,4900
5430,1905292,44200
5431,2385,500000
5432,2385,500000
5433,1905292,5100
5434,1905292,4900
5435,1905292,16800
5436,1905292,2700
5437,2385,500000
5438,1905292,4200
5439,2385,500000
5440,2385,500000
5441,2385,500000
5442,2385,500000
5443,1905292,5500
5444,1905292,5200
5445,1905292,10300
5446,2385,500000
5447,2385,500000
5448,1905292,9000
5449,2385,500000
5450,1905292,5100
5451,2385,500000
5452,2385,500000
5453,1905292,9100
5454,1905292,5500
5455,2385,500000
5456,2385,500000
5457,1905292,7000
5458,2385,500000
5459,1905292,4500
5460,1905292,5300
5461,2385,500000
5462,1905292,4900
5463,1905292,14600
5464,1905292,6000
5465,2385,500000
5466,2385,500000
5467,2385,500000
5468,1905292,18600
5469,1905292,3900
5470,2385,500000
5471,1905292,4300
5472,1905292,4520
5473,1905292,4110
5474,1905292,8600
5475,2385,500000
5476,2385,500000
5477,2385,500000
5478,2385,500000
5479,1905292,4900
5480,2385,500000
5481,1905292,5200
5482,1905292,3900
5483,1905292,8800
5484,1905292,6300
5485,1905292,15320
5486,1905292,4300
5487,2385,500000
5488,2385,500000
5489,2385,500000
5490,2385,500000
5491,1905292,4400
5492,1905292,6900
5493,1905292,12400
5494,1905292,5000
5495,1905292,20400
5496,2385,500000
5497,2385,500000
5498,2385,500000
5499,1905292,3400
5500,2385,500000
5501,2385,500000
5502,1905292,8300
5503,2385,500000
5504,1905292,11000
5505,1905292,28400
5506,2385,500000
5507,1905292,5800
5508,2385,500000
5509,2385,500000
5510,2385,500000
5511,2385,500000
5512,2385,500000
5513,2385,500000
5514,1905292,11200
5515,1905292,6400
5516,1905292,5300
5517,1905292,9800
5518,1905292,6500
5519,1905292,6100
5520,1905292,3400
5521,1905292,5000
5522,2385,500000
5523,1905292,8200
5524,1905292,27900
5525,1905292,4000
5526,1905292,5900
5527,1905292,2600
5528,1905292,3900
5529,2385,500000
5530,2385,500000
5531,2385,500000
5532,1905292,3800
5533,1905292,8300
5534,1905292,6000
5535,1905292,4500
5536,1905292,25500
5537,1905292,5400
5538,2385,500000
5539,2385,500000
5540,1905292,6500
5541,1905292,15200
5542,1905292,6000
5543,2385,500000
5544,1905292,5000
5545,1905292,5730
5546,2385,500000
5547,1905292,3800
5548,1905292,7400
5549,2385,500000
5550,1905292,4800
5551,2385,500000
5552,1905292,6300
5553,2385,500000
5554,1905292,18600
5555,2385,500000
5556,2385,500000
5557,2385,500000
5558,1905292,2500
5559,2385,500000
5560,2385,500000
5561,1905292,6000
5562,1905292,4600
5563,1905292,32600
5564,2385,500000
5565,1905292,4410
5566,1905292,9400
5567,1905292,3300
5568,2385,500000
5569,1905292,3000
5570,1905292,4400
5571,1905292,3900
5572,2385,500000
5573,2385,500000
5574,2385,500000
5575,1905292,9900
5576,1905292,9900
5577,1905292,6200
5578,1905292,5300
5579,1905292,4500
5580,1905292,4700
5581,1905292,3800
5582,1905292,7910
5583,1905292,5500
5584,1905292,5600
5585,2385,500000
5586,1905292,5110
5587,1905292,5700
5588,1905292,5800
5589,2385,500000
5590,2385,500000
5591,1905292,7100
5592,2385,500000
5593,1905292,2400
5594,1905292,3700
5595,1905292,6600
5596,1905292,7100
5597,2385,500000
5598,2385,500000
5599,1905292,5500
5600,2385,500000
5601,2385,500000
5602,2385,500000
5603,1905292,3400
5604,1905292,39000
5605,2385,500000
5606,2385,500000
5607,2385,500000
5608,2385,500000
5609,2385,500000
5610,1905292,31000
5611,2385,500000
5612,2385,500000
5613,1905292,6500
5614,1905292,15300
5615,1905292,6900
5616,1905292,6700
5617,1905292,4900
5618,1905292,3800
5619,1905292,4700
5620,1905292,11600
5621,1905292,9800
5622,1905292,4300
5623,1905292,3600
5624,2385,500000
5625,1905292,5200
5626,1905292,2700
5627,2385,500000
5628,1905292,5000
5629,2385,500000
5630,2385,500000
5631,2385,500000
5632,1905292,5910
5633,2385,500000
5634,2385,500000
5635,2385,500000
5636,1905292,3900
5637,2385,500000
5638,2385,500000
5639,1905292,12100
5640,2385,500000
5641,1905292,5300
5642,2385,500000
5643,1905292,4100
5644,1905292,4800
5645,1905292,7400
5646,2385,500000
5647,1905292,7820
5648,1905292,3300
5649,1905292,2500
5650,1905292,5500
5651,1905292,3620
5652,1905292,4000
5653,1905292,7200
5654,1905292,2400
5655,2385,500000
5656,1905292,4400
5657,1905292,7300
5658,1905292,3900
5659,1905292,3100
5660,2385,500000
5661,1905292,7500
5662,1905292,4300
5663,1905292,3500
5664,1905292,4500
5665,2385,500000
5666,1905292,4100
5667,2385,500000
5668,2385,500000
5669,1905292,7100
5670,1905292,7500
5671,2385,500000
5672,1905292,3500
5673,1905292,11000
5674,2385,500000
5675,2385,500000
5676,1905292,3000
5677,2385,500000
5678,1905292,3500
5679,2385,500000
5680,1905292,5300
5681,1905292,7010
5682,1905292,5300
5683,2385,500000
5684,2385,500000
5685,2385,500000
5686,2385,500000
5687,1905292,5010
5688,2385,500000
5689,1905292,6300
5690,2385,500000
5691,1905292,3500
5692,1905292,2800
5693,2385,500000
5694,2385,500000
5695,1905292,6500
5696,2385,500000
5697,1905292,3600
5698,1905292,4500
5699,2385,500000
5700,2385,500000
5701,2385,500000
5702,2385,500000
5703,1905292,3900
5704,1905292,3100
5705,1905292,6200
5706,2385,500000
5707,1905292,15000
5708,2385,500000
5709,1905292,13300
5710,2385,500000
5711,2385,500000
5712,1905292,13800
5713,1905292,4400
5714,1905292,4200
5715,2385,500000
5716,1905292,4100
5717,1905292,3300
5718,2385,500000
5719,1905292,5200
5720,1905292,4800
5721,2385,500000
5722,1905292,5100
5723,1905292,7100
5724,2385,500000
5725,1905292,11900
5726,1905292,6800
5727,2385,500000
5728,1905292,7100
5729,2385,500000
5730,2385,500000
5731,2385,500000
5732,1905292,5500
5733,2385,500000
5734,1905292,30800
5735,1905292,13900
5736,2385,500000
5737,1905292,4900
5738,2385,500000
5739,2385,500000
5740,2385,500000
5741,1905292,13710
5742,1905292,5600
5743,2385,500000
5744,1905292,10000
5745,2385,500000
5746,1905292,13100
5747,2385,500000
5748,2385,500000
5749,2385,500000
5750,1905292,4700
5751,2385,500000
5752,1905292,5900
5753,1905292,4000
5754,1905292,4700
5755,1905292,6300
5756,1905292,5600
5757,1905292,4700
5758,1905292,3100
5759,1905292,4300
5760,1905292,2900
5761,2385,500000
5762,2385,500000
5763,2385,500000
5764,1905292,14700
5765,2385,500000
5766,1905292,7300
5767,2385,500000
5768,2385,500000
5769,2385,500000
5770,1905292,7600
5771,1905292,16200
5772,1905292,4500
5773,1905292,6000
5774,2385,500000
5775,1905292,5400
5776,1905292,4700
5777,2385,500000
5778,1905292,24000
5779,1905292,7600
5780,1905292,6400
5781,2385,500000
5782,1905292,6200
5783,1905292,6600
5784,1905292,4600
5785,1905292,10300
5786,2385,500000
5787,2385,500000
5788,1905292,4400
5789,1905292,8500
5790,1905292,4600
5791,2385,500000
5792,1905292,3800
5793,1905292,6000
5794,1905292,4300
5795,1905292,15300
5796,1905292,5400
5797,1905292,5600
5798,1905292,5300
5799,2385,500000
5800,2385,500000
5801,1905292,15300
5802,2385,500000
5803,1905292,3800
5804,2385,500000
5805,2385,500000
5806,2385,500000
5807,1905292,4000
5808,1905292,6600
5809,1905292,5800
5810,2385,500000
5811,1905292,7900
5812,1905292,13000
5813,1905292,4800
5814,2385,500000
5815,2385,500000
5816,2385,500000
5817,1905292,4500
5818,1905292,7300
5819,1905292,2700
5820,1905292,29800
5821,1905292,7700
5822,1905292,4000
5823,1905292,4400
5824,1905292,3000
5825,1905292,10200
5826,2385,500000
5827,1905292,4420
5828,1905292,6500
5829,1905292,7400
5830,1905292,10100
5831,2385,500000
5832,2385,500000
5833,1905292,3200
5834,1905292,5500
5835,2385,500000
5836,1905292,5300
5837,2385,500000
5838,2385,500000
5839,1905292,8500
5840,1905292,6300
5841,1905292,3200
5842,2385,500000
5843,1905292,9100
5844,2385,500000
5845,2385,500000
5846,1905292,3300
5847,2385,500000
5848,1905292,5300
5849,1905292,28830
5850,1905292,3400
5851,2385,500000
5852,1905292,4800
5853,1905292,3400
5854,2385,500000
5855,2385,500000
5856,1905292,3500
5857,1905292,6520
5858,1905292,5210
5859,2385,500000
5860,2385,500000
5861,1905292,4200
5862,2385,500000
5863,1905292,6400
5864,2385,500000
5865,2385,500000
5866,2385,500000
5867,2385,500000
5868,1905292,7700
5869,1905292,4500
5870,1905292,3700
5871,1905292,6200
5872,1905292,5300
5873,2385,500000
5874,1905292,7000
5875,1905292,8300
5876,1905292,4000
5877,1905292,4100
5878,2385,500000
5879,1905292,11900
5880,1905292,3700
5881,1905292,5100
5882,1905292,4010
5883,2385,500000
5884,1905292,6600
5885,1905292,2100
5886,2385,500000
5887,2385,500000
5888,1905292,4500
5889,1905292,4600
5890,1905292,6000
5891,1905292,3000
5892,1905292,7600
5893,1905292,4000
5894,1905292,6800
5895,1905292,6000
5896,2385,500000
5897,2385,500000
5898,2385,500000
5899,1905292,5700
5900,1905292,3900
5901,2385,500000
5902,1905292,6300
5903,2385,500000
5904,2385,500000
5905,1905292,5200
5906,1905292,3700
5907,1905292,4900
5908,2385,500000
5909,1905292,28300
5910,1905292,4610
5911,2385,500000
5912,1905292,5600
5913,1905292,3100
5914,1905292,3800
5915,1905292,4900
5916,2385,500000
5917,2385,500000
5918,1905292,7400
5919,2385,500000
5920,2385,500000
5921,1905292,3900
5922,2385,500000
5923,1905292,5500
5924,1905292,3400
5925,1905292,13400
5926,2385,500000
5927,1905292,33100
5928,1905292,14910
5929,1905292,9400
5930,2385,500000
5931,2385,500000
5932,2385,500000
5933,1905292,3100
5934,2385,500000
5935,1905292,3900
5936,1905292,6700
5937,1905292,8600
5938,1905292,4000
5939,1905292,9800
5940,1905292,5810
5941,2385,500000
5942,1905292,5200
5943,2385,500000
5944,2385,500000
5945,2385,500000
5946,1905292,16200
5947,2385,500000
5948,2385,500000
5949,1905292,6700
5950,1905292,5800
5951,1905292,4310
5952,1905292,3100
5953,1905292,5000
5954,1905292,4200
5955,2385,500000
5956,1905292,3500
5957,1905292,29100
5958,1905292,2200
5959,1905292,6200
5960,2385,500000
5961,1905292,11500
5962,2385,500000
5963,1905292,4300
5964,1905292,2900
5965,1905292,40500
5966,2385,500000
5967,2385,500000
5968,2385,500000
5969,1905292,3200
5970,1905292,4400
5971,1905292,6700
5972,1905292,46700
5973,1905292,4400
5974,2385,500000
5975,1905292,11700
5976,2385,500000
5977,1905292,6400
5978,1905292,4600
5979,1905292,8600
5980,2385,500000
5981,1905292,6000
5982,2385,500000
5983,1905292,3310
5984,1905292,5500
5985,1905292,4500
5986,1905292,4800
5987,1905292,6400
5988,2385,500000
5989,1905292,6900
5990,2385,500000
5991,1905292,10000
5992,1905292,9900
5993,1905292,10400
5994,2385,500000
5995,1905292,3700
5996,1905292,7100
5997,1905292,5200
5998,2385,500000
5999,2385,500000
6000,2385,500000
6001,2385,500000
6002,2385,500000
6003,1905292,5700
6004,1905292,4100
6005,2385,500000
6006,2385,500000
6007,2385,500000
6008,1905292,4600
6009,2385,500000
6010,1905292,7800
6011,2385,500000
6012,1905292,4500
6013,2385,500000
6014,1905292,8100
6015,1905292,4600
6016,2385,500000
6017,1905292,3000
6018,2385,500000
6019,1905292,3610
6020,1905292,3800
6021,2385,500000
6022,1905292,5900
6023,1905292,6500
6024,2385,500000
6025,1905292,4900
6026,1905292,9320
6027,1905292,3200
6028,2385,500000
6029,1905292,13500
6030,1905292,4200
6031,2385,500000
6032,1905292,7100
6033,1905292,6400
6034,2385,500000
6035,2385,500000
6036,2385,500000
6037,1905292,6300
6038,1905292,3900
6039,2385,500000
6040,2385,500000
6041,1905292,4000
6042,2385,500000
6043,2385,500000
6044,1905292,6200
6045,1905292,4900
6046,1905292,3400
6047,1905292,7500
6048,1905292,5200
6049,1905292,4400
6050,1905292,6900
6051,1905292,8400
6052,2385,500000
6053,2385,500000
6054,1905292,3900
6055,1905292,3300
6056,2385,500000
6057,2385,500000
6058,2385,500000
6059,1905292,5700
6060,2385,500000
6061,2385,500000
6062,2385,500000
6063,1905292,7400
6064,1905292,3900
6065,1905292,4300
6066,2385,500000
6067,1905292,8300
6068,1905292,3700
6069,1905292,4000
6070,2385,500000
6071,2385,500000
6072,2385,500000
6073,2385,500000
6074,2385,500000
6075,1905292,10000
6076,1905292,16300
6077,1905292,5200
6078,1905292,4400
6079,2385,500000
6080,2385,500000
6081,2385,500000
6082,1905292,5200
6083,2385,500000
6084,2385,500000
6085,2385,500000
6086,2385,500000
6087,1905292,2300
6088,1905292,5900
6089,1905292,9900
6090,1905292,5700
6091,1905292,3200
6092,1905292,8600
6093,2385,500000
6094,2385,500000
6095,2385,500000
6096,2385,500000
6097,2385,500000
6098,2385,500000
6099,1905292,4800
6100,1905292,6600
6101,2385,500000
6102,1905292,14200
6103,2385,500000
6104,2385,500000
6105,2385,500000
6106,2385,500000
6107,2385,500000
6108,1905292,3100
6109,1905292,8500
6110,1905292,6700
6111,1905292,3300
6112,2385,500000
6113,1905292,7410
6114,1905292,32600
6115,1905292,5600
6116,1905292,3800
6117,1905292,5010
6118,2385,500000
6119,1905292,3210
6120,1905292,6700
6121,2385,500000
6122,2385,500000
6123,2385,500000
6124,2385,500000
6125,1905292,4900
6126,1905292,5000
6127,2385,500000
6128,2385,500000
6129,2385,500000
6130,2385,500000
6131,1905292,3600
6132,2385,500000
6133,2385,500000
6134,1905292,5900
6135,1905292,6300
6136,1905292,5600
6137,2385,500000
6138,2385,500000
6139,2385,500000
6140,2385,500000
6141,1905292,6200
6142,1905292,3400
6143,1905292,6300
6144,2385,500000
6145,2385,500000
6146,2385,500000
6147,1905292,3200
6148,2385,500000
6149,1905292,6700
6150,1905292,7000
6151,1905292,3200
6152,2385,500000
6153,1905292,8200
6154,1905292,4800
6155,1905292,9500
6156,1905292,8400
6157,2385,500000
6158,2385,500000
6159,1905292,13500
6160,2385,500000
6161,1905292,3600
6162,2385,500000
6163,1905292,3500
6164,1905292,9010
6165,1905292,6000
6166,2385,500000
6167,2385,500000
6168,2385,500000
6169,1905292,8300
6170,1905292,3900
6171,2385,500000
6172,1905292,13900
6173,2385,500000
6174,1905292,3500
6175,1905292,6100
6176,2385,500000
6177,1905292,7600
6178,2385,500000
6179,1905292,4700
6180,1905292,3500
6181,1905292,5110
6182,1905292,9800
6183,1905292,9200
6184,2385,500000
6185,2385,500000
6186,1905292,13800
6187,1905292,4300
6188,1905292,5000
6189,2385,500000
6190,1905292,5000
6191,2385,500000
6192,2385,500000
6193,1905292,4000
6194,2385,500000
6195,1905292,5010
6196,2385,500000
6197,1905292,2900
6198,2385,500000
6199,1905292,3900
6200,1905292,8200
6201,2385,500000
6202,2385,500000
6203,2385,500000
6204,2385,500000
6205,1905292,5800
6206,1905292,4500
6207,2385,500000
6208,1905292,4020
6209,2385,500000
6210,1905292,8300
6211,1905292,15100
6212,2385,500000
6213,1905292,5300
6214,1905292,4600
6215,1905292,9100
6216,1905292,7210
6217,1905292,5400
6218,1905292,2910
6219,2385,500000
6220,1905292,6000
6221,1905292,5300
6222,1905292,5500
6223,1905292,3400
6224,1905292,3500
6225,1905292,25600
6226,2385,500000
6227,2385,500000
6228,1905292,4100
6229,2385,500000
6230,2385,500000
6231,1905292,18110
6232,2385,500000
6233,2385,500000
6234,1905292,47010
6235,1905292,5800
6236,1905292,4100
6237,2385,500000
6238,1905292,4900
6239,2385,500000
6240,1905292,15100
6241,2385,500000
6242,1905292,3100
6243,2385,500000
6244,1905292,4600
6245,1905292,6100
6246,1905292,2900
6247,1905292,8100
6248,1905292,4600
6249,2385,500000
6250,1905292,9400
6251,1905292,3700
6252,2385,500000
6253,1905292,9400
6254,1905292,9400
6255,2385,500000
6256,1905292,6400
6257,1905292,4800
6258,1905292,5500
6259,2385,500000
6260,1905292,3600
6261,1905292,7600
6262,1905292,5300
6263,1905292,3500
6264,1905292,4100
6265,2385,500000
6266,2385,500000
6267,2385,500000
6268,2385,500000
6269,2385,500000
6270,1905292,6100
6271,1905292,5100
6272,2385,500000
6273,1905292,6900
6274,1905292,9110
6275,1905292,6100
6276,2385,500000
6277,1905292,19400
6278,2385,500000
6279,2385,500000
6280,1905292,3800
6281,1905292,3300
6282,1905292,7300
6283,1905292,4200
6284,2385,500000
6285,2385,500000
6286,1905292,11510
6287,1905292,5100
6288,1905292,7800
6289,2385,500000
6290,1905292,5000
6291,2385,500000
6292,1905292,4600
6293,2385,500000
6294,2385,500000
6295,1905292,11700
6296,1905292,11900
6297,2385,500000
6298,1905292,7300
6299,2385,500000
6300,1905292,8000
6301,2385,500000
6302,1905292,2800
6303,2385,500000
6304,2385,500000
6305,1905292,3400
6306,1905292,25200
6307,1905292,10100
6308,1905292,7100
6309,2385,500000
6310,1905292,3800
6311,1905292,5100
6312,1905292,3300
6313,2385,500000
6314,1905292,4000
6315,1905292,4900
6316,2385,500000
6317,2385,500000
6318,2385,500000
6319,1905292,6600
6320,1905292,5400
6321,2385,500000
6322,1905292,6700
6323,1905292,5100
6324,1905292,2800
6325,2385,500000
6326,2385,500000
6327,1905292,5500
6328,1905292,6100
6329,2385,500000
6330,1905292,9400
6331,2385,500000
6332,1905292,5600
6333,1905292,6000
6334,2385,500000
6335,2385,500000
6336,1905292,3000
6337,1905292,4900
6338,2385,500000
6339,2385,500000
6340,1905292,25300
6341,2385,500000
6342,1905292,28400
6343,2385,500000
6344,2385,500000
6345,2385,500000
6346,2385,500000
6347,2385,500000
6348,2385,500000
6349,2385,500000
6350,1905292,8010
6351,1905292,3000
6352,1905292,10600
6353,1905292,17500
6354,2385,500000
6355,1905292,9800
6356,1905292,3400
6357,1905292,4800
6358,1905292,6800
6359,2385,500000
6360,1905292,6400
6361,1905292,4800
6362,1905292,3640
6363,1905292,6200
6364,1905292,4200
6365,1905292,4500
6366,1905292,5400
6367,1905292,3600
6368,1905292,4600
6369,1905292,5300
6370,1905292,11100
6371,1905292,5400
6372,2385,500000
6373,1905292,3900
6374,1905292,3200
6375,1905292,4800
6376,1905292,13600
6377,1905292,4400
6378,2385,500000
6379,1905292,6600
6380,1905292,7600
6381,2385,500000
6382,1905292,3400
6383,2385,500000
6384,1905292,9000
6385,1905292,6200
6386,1905292,4310
6387,2385,500000
6388,2385,500000
6389,2385,500000
6390,2385,500000
6391,2385,500000
6392,1905292,5500
6393,1905292,5100
6394,2385,500000
6395,2385,500000
6396,1905292,2600
6397,1905292,4800
6398,1905292,6100
6399,1905292,12100
6400,1905292,3700
6401,1905292,4700
6402,1905292,4100
6403,2385,500000
6404,2385,500000
6405,2385,500000
6406,2385,500000
6407,1905292,5200
6408,1905292,4100
6409,2385,500000
6410,2385,500000
6411,1905292,6000
6412,2385,500000
6413,2385,500000
6414,1905292,5900
6415,2385,500000
6416,1905292,5000
6417,2385,500000
6418,2385,500000
6419,1905292,6900
6420,1905292,6000
6421,1905292,5100
6422,1905292,5400
6423,1905292,3400
6424,1905292,4500
6425,2385,500000
6426,1905292,6600
6427,2385,500000
6428,1905292,9610
6429,2385,500000
6430,1905292,4600
6431,2385,500000
6432,1905292,4200
6433,1905292,6700
6434,1905292,4410
6435,2385,500000
6436,2385,500000
6437,2385,500000
6438,1905292,6500
6439,1905292,4530
6440,2385,500000
6441,2385,500000
6442,2385,500000
6443,1905292,9900
6444,1905292,6200
6445,2385,500000
6446,2385,500000
6447,2385,500000
6448,2385,500000
6449,1905292,4600
6450,2385,500000
6451,1905292,14000
6452,1905292,5500
6453,1905292,9000
6454,1905292,2400
6455,1905292,6100
6456,1905292,2400
6457,1905292,8400
6458,1905292,4800
6459,1905292,5700
6460,2385,500000
6461,1905292,6600
6462,1905292,3700
6463,1905292,9500
6464,2385,500000
6465,2385,500000
6466,1905292,15900
6467,1905292,4100
6468,1905292,7400
6469,2385,500000
6470,1905292,4800
6471,1905292,4900
6472,1905292,5800
6473,1905292,7200
6474,1905292,5400
6475,1905292,4600
6476,2385,500000
6477,1905292,7800
6478,2385,500000
6479,1905292,3100
6480,2385,500000
6481,2385,500000
6482,2385,500000
6483,2385,500000
6484,1905292,5900
6485,1905292,10600
6486,1905292,4530
6487,1905292,6400
6488,2385,500000
6489,1905292,9000
6490,1905292,4300
6491,1905292,10000
6492,2385,500000
6493,1905292,6700
6494,2385,500000
6495,1905292,5000
6496,1905292,6200
6497,2385,500000
6498,2385,500000
6499,1905292,5300
6500,2385,500000
6501,2385,500000
6502,1905292,5800
6503,2385,500000
6504,2385,500000
6505,1905292,8100
6506,2385,500000
6507,2385,500000
6508,2385,500000
6509,1905292,8600
6510,2385,500000
6511,2385,500000
6512,1905292,4720
6513,1905292,15400
6514,1905292,3500
6515,1905292,3300
6516,2385,500000
6517,1905292,3700
6518,1905292,4900
6519,1905292,5500
6520,2385,500000
6521,2385,500000
6522,1905292,3200
6523,2385,500000
6524,1905292,4200
6525,1905292,3300
6526,1905292,4500
6527,1905292,4300
6528,2385,500000
6529,1905292,4400
6530,1905292,4130
6531,1905292,5900
6532,1905292,8700
6533,1905292,3300
6534,2385,500000
6535,2385,500000
6536,2385,500000
6537,1905292,20400
6538,1905292,5600
6539,2385,500000
6540,2385,500000
6541,2385,500000
6542,2385,500000
6543,2385,500000
6544,1905292,4400
6545,1905292,11900
6546,1905292,3600
6547,1905292,4000
6548,1905292,6300
6549,2385,500000
6550,1905292,8600
6551,1905292,3200
6552,1905292,3100
6553,1905292,5400
6554,1905292,4500
6555,2385,500000
6556,2385,500000
6557,1905292,6300
6558,2385,500000
6559,2385,500000
6560,2385,500000
6561,1905292,5910
6562,1905292,4200
6563,1905292,5000
6564,1905292,13800
6565,2385,500000
6566,1905292,6000
6567,2385,500000
6568,1905292,4400
6569,1905292,4300
6570,2385,500000
6571,1905292,6700
6572,1905292,8510
6573,1905292,4000
6574,2385,500000
6575,1905292,54200
6576,1905292,4400
6577,2385,500000
6578,2385,500000
6579,1905292,6800
6580,2385,500000
6581,1905292,5200
6582,1905292,5200
6583,2385,500000
6584,2385,500000
6585,1905292,2900
6586,1905292,4400
6587,1905292,5300
6588,1905292,6600
6589,2385,500000
6590,2385,500000
6591,2385,500000
6592,1905292,5330
6593,2385,500000
6594,1905292,4300
6595,1905292,12100
6596,1905292,5800
6597,2385,500000
6598,1905292,5010
6599,1905292,4510
6600,2385,500000
6601,1905292,6300
6602,2385,500000
6603,1905292,5200
6604,1905292,4400
6605,2385,500000
6606,2385,500000
6607,2385,500000
6608,1905292,13900
6609,1905292,6000
6610,2385,500000
6611,2385,500000
6612,1905292,5600
6613,2385,500000
6614,2385,500000
6615,1905292,4800
6616,2385,500000
6617,1905292,9200
6618,1905292,6700
6619,2385,500000
6620,1905292,5700
6621,2385,500000
6622,1905292,3100
6623,1905292,6000
6624,1905292,7600
6625,2385,500000
6626,1905292,5800
6627,1905292,9400
6628,1905292,2500
6629,1905292,24900
6630,2385,500000
6631,1905292,8000
6632,2385,500000
6633,1905292,3500
6634,1905292,4420
6635,2385,500000
6636,2385,500000
6637,1905292,7300
6638,2385,500000
6639,2385,500000
6640,1905292,31000
6641,2385,500000
6642,1905292,7100
6643,2385,500000
6644,2385,500000
6645,1905292,3800
6646,1905292,13900
6647,2385,500000
6648,1905292,4000
6649,1905292,5300
6650,1905292,8100
6651,1905292,15240
6652,2385,500000
6653,2385,500000
6654,1905292,14730
6655,1905292,5600
6656,1905292,5300
6657,1905292,6230
6658,1905292,5500
6659,1905292,10500
6660,1905292,5700
6661,2385,500000
6662,1905292,4200
6663,1905292,5600
6664,1905292,4000
6665,1905292,4500
6666,1905292,10510
6667,1905292,6900
6668,1905292,4700
6669,1905292,5200
6670,2385,500000
6671,1905292,3900
6672,2385,500000
6673,2385,500000
6674,1905292,11400
6675,1905292,10100
6676,1905292,28700
6677,2385,500000
6678,1905292,4720
6679,1905292,3900
6680,2385,500000
6681,1905292,7000
6682,2385,500000
6683,1905292,6100
6684,1905292,7700
6685,1905292,2500
6686,1905292,4600
6687,1905292,5100
6688,2385,500000
6689,2385,500000
6690,1905292,6310
6691,2385,500000
6692,1905292,5000
6693,1905292,8700
6694,2385,500000
6695,1905292,5800
6696,2385,500000
6697,1905292,6000
6698,2385,500000
6699,1905292,4600
6700,1905292,18400
6701,1905292,2800
6702,2385,500000
6703,1905292,9100
6704,1905292,7100
6705,1905292,5200
6706,1905292,5100
6707,1905292,5100
6708,1905292,11000
6709,1905292,12300
6710,2385,500000
6711,2385,500000
6712,1905292,11700
6713,1905292,5400
6714,1905292,6800
6715,1905292,2900
6716,2385,500000
6717,1905292,3100
6718,1905292,7800
6719,2385,500000
6720,1905292,4500
6721,1905292,18000
6722,1905292,6700
6723,1905292,3100
6724,1905292,11200
6725,2385,500000
6726,1905292,11500
6727,2385,500000
6728,2385,500000
6729,2385,500000
6730,2385,500000
6731,2385,500000
6732,2385,500000
6733,2385,500000
6734,1905292,4700
6735,2385,500000
6736,2385,500000
6737,2385,500000
6738,2385,500000
6739,1905292,6600
6740,2385,500000
6741,2385,500000
6742,1905292,4400
6743,2385,500000
6744,1905292,8900
6745,2385,500000
6746,2385,500000
6747,2385,500000
6748,2385,500000
6749,1905292,28900
6750,1905292,4000
6751,2385,500000
6752,2385,500000
6753,1905292,6200
6754,2385,500000
6755,2385,500000
6756,2385,500000
6757,1905292,3000
6758,2385,500000
6759,1905292,7600
6760,2385,500000
6761,1905292,4800
6762,1905292,4900
6763,1905292,5700
6764,2385,500000
6765,1905292,5000
6766,2385,500000
6767,1905292,4600
6768,2385,500000
6769,2385,500000
6770,1905292,12900
6771,1905292,4300
6772,2385,500000
6773,2385,500000
6774,2385,500000
6775,1905292,6400
6776,2385,500000
6777,2385,500000
6778,1905292,4000
6779,2385,500000
6780,1905292,3800
6781,2385,500000
6782,1905292,4000
6783,2385,500000
6784,1905292,13500
6785,2385,500000
6786,2385,500000
6787,1905292,8500
6788,1905292,4300
6789,1905292,10700
6790,2385,500000
6791,1905292,4700
6792,1905292,4100
6793,2385,500000
6794,1905292,4500
6795,2385,500000
6796,2385,500000
6797,1905292,9800
6798,2385,500000
6799,2385,500000
6800,1905292,6100
6801,1905292,10510
6802,1905292,4900
6803,1905292,5900
6804,1905292,5500
6805,1905292,2700
6806,1905292,3900
6807,1905292,4000
6808,2385,500000
6809,1905292,3300
6810,1905292,8000
6811,2385,500000
6812,1905292,5310
6813,2385,500000
6814,1905292,5700
6815,1905292,14000
6816,1905292,8100
6817,2385,500000
6818,1905292,4800
6819,1905292,7200
6820,1905292,4000
6821,2385,500000
6822,1905292,5200
6823,1905292,6700
6824,1905292,7400
6825,2385,500000
6826,1905292,6200
6827,2385,500000
6828,1905292,7300
6829,2385,500000
6830,1905292,4400
6831,1905292,23000
6832,2385,500000
6833,1905292,4500
6834,2385,500000
6835,1905292,9600
6836,1905292,3900
6837,1905292,4200
6838,2385,500000
6839,1905292,7900
6840,2385,500000
6841,1905292,3900
6842,1905292,4700
6843,1905292,8100
6844,1905292,4400
6845,2385,500000
6846,2385,500000
6847,2385,500000
6848,2385,500000
6849,2385,500000
6850,2385,500000
6851,2385,500000
6852,2385,500000
6853,1905292,8000
6854,2385,500000
6855,2385,500000
6856,1905292,4200
6857,2385,500000
6858,2385,500000
6859,1905292,4720
6860,2385,500000
6861,1905292,5400
6862,2385,500000
6863,1905292,5500
6864,2385,500000
6865,1905292,49400
6866,1905292,24800
6867,2385,500000
6868,1905292,4300
6869,1905292,4600
6870,1905292,13500
6871,2385,500000
6872,1905292,4000
6873,2385,500000
6874,1905292,4800
6875,1905292,5000
6876,1905292,4800
6877,2385,500000
6878,1905292,11100
6879,2385,500000
6880,1905292,4400
6881,1905292,7600
6882,2385,500000
6883,2385,500000
6884,1905292,5300
6885,1905292,5300
6886,2385,500000
6887,1905292,4100
6888,1905292,5100
6889,2385,500000
6890,1905292,10600
6891,2385,500000
6892,1905292,19100
6893,2385,500000
6894,1905292,11100
6895,1905292,4400
6896,2385,500000
6897,1905292,4000
6898,1905292,4300
6899,2385,500000
6900,1905292,3500
6901,1905292,11300
6902,2385,500000
6903,2385,500000
6904,1905292,4830
6905,1905292,8600
6906,2385,500000
6907,2385,500000
6908,2385,500000
6909,1905292,8200
6910,1905292,5510
6911,2385,500000
6912,2385,500000
6913,2385,500000
6914,2385,500000
6915,1905292,5110
6916,2385,500000
6917,1905292,2800
6918,1905292,3400
6919,1905292,4900
6920,2385,500000
6921,2385,500000
6922,2385,500000
6923,2385,500000
6924,2385,500000
6925,1905292,6100
6926,2385,500000
6927,2385,500000
6928,1905292,7200
6929,2385,500000
6930,2385,500000
6931,1905292,4400
6932,1905292,3300
6933,2385,500000
6934,2385,500000
6935,1905292,4600
6936,1905292,6200
6937,1905292,9400
6938,2385,500000
6939,2385,500000
6940,2385,500000
6941,2385,500000
6942,2385,500000
6943,2385,500000
6944,2385,500000
6945,2385,500000
6946,1905292,4500
6947,2385,500000
6948,1905292,8610
6949,1905292,6700
6950,1905292,4000
6951,1905292,5500
6952,2385,500000
6953,1905292,11200
6954,1905292,4300
6955,1905292,18700
6956,2385,500000
6957,2385,500000
6958,1905292,3800
6959,1905292,3300
6960,1905292,5300
6961,2385,500000
6962,1905292,3600
6963,2385,500000
6964,2385,500000
6965,2385,500000
6966,1905292,7500
6967,1905292,9000
6968,1905292,7300
6969,1905292,4800
6970,1905292,5500
6971,2385,500000
6972,1905292,4700
6973,1905292,7100
6974,2385,500000
6975,1905292,4600
6976,1905292,4900
6977,2385,500000
6978,1905292,5100
6979,1905292,3700
6980,1905292,6700
6981,2385,500000
6982,2385,500000
6983,1905292,5800
6984,2385,500000
6985,1905292,9800
6986,2385,500000
6987,2385,500000
6988,1905292,5200
6989,2385,500000
6990,1905292,6100
6991,1905292,4000
6992,2385,500000
6993,1905292,9000
6994,2385,500000
6995,2385,500000
6996,1905292,5220
6997,2385,500000
6998,2385,500000
6999,1905292,29200
7000,2385,500000
7001,1905292,3800
7002,1905292,16600
7003,1905292,5700
7004,1905292,4600
7005,1905292,3900
7006,2385,500000
7007,1905292,4800
7008,1905292,6900
7009,1905292,4750
7010,1905292,18600
7011,1905292,4900
7012,1905292,9100
7013,1905292,8100
7014,1905292,5200
7015,1905292,5800
7016,2385,500000
7017,1905292,4500
7018,2385,500000
7019,1905292,5000
7020,1905292,10200
7021,1905292,17500
7022,1905292,10200
7023,1905292,6400
7024,1905292,3900
7025,2385,500000
7026,1905292,4500
7027,1905292,6420
7028,2385,500000
7029,1905292,5800
7030,1905292,30000
7031,2385,500000
7032,1905292,3300
7033,1905292,4600
7034,1905292,4710
7035,2385,500000
7036,2385,500000
7037,2385,500000
7038,1905292,3100
7039,1905292,2600
7040,1905292,8300
7041,2385,500000
7042,1905292,4000
7043,1905292,5400
7044,1905292,4200
7045,1905292,5600
7046,1905292,5000
7047,2385,500000
7048,1905292,21600
7049,2385,500000
7050,2385,500000
7051,1905292,5600
7052,1905292,7100
7053,1905292,5800
7054,1905292,7900
7055,2385,500000
7056,1905292,8200
7057,2385,500000
7058,1905292,4900
7059,2385,500000
7060,1905292,4700
7061,1905292,6300
7062,1905292,3710
7063,2385,500000
7064,1905292,3900
7065,1905292,7600
7066,1905292,4500
7067,1905292,5320
7068,2385,500000
7069,1905292,3400
7070,2385,500000
7071,1905292,15200
7072,1905292,4800
7073,2385,500000
7074,2385,500000
7075,1905292,4900
7076,1905292,4000
7077,2385,500000
7078,2385,500000
7079,1905292,11000
7080,2385,500000
7081,1905292,11000
7082,2385,500000
7083,1905292,2300
7084,2385,500000
7085,2385,500000
7086,2385,500000
7087,1905292,5400
7088,1905292,5900
7089,2385,500000
7090,1905292,5100
7091,2385,500000
7092,1905292,2900
7093,1905292,5800
7094,1905292,3540
7095,1905292,9800
7096,1905292,3100
7097,1905292,5500
7098,1905292,4200
7099,1905292,5600
7100,2385,500000
7101,2385,500000
7102,2385,500000
7103,2385,500000
7104,2385,500000
7105,1905292,3010
7106,2385,500000
7107,2385,500000
7108,2385,500000
7109,2385,500000
7110,1905292,10400
7111,2385,500000
7112,2385,500000
7113,1905292,7800
7114,1905292,2800
7115,1905292,3200
7116,2385,500000
7117,2385,500000
7118,1905292,5100
7119,1905292,3400
7120,1905292,3300
7121,1905292,4400
7122,2385,500000
7123,2385,500000
7124,1905292,13600
7125,2385,500000
7126,1905292,5200
7127,1905292,6700
7128,1905292,5300
7129,2385,500000
7130,1905292,5000
7131,2385,500000
7132,1905292,8500
7133,2385,500000
7134,2385,500000
7135,1905292,8200
7136,1905292,4300
7137,1905292,10100
7138,1905292,4300
7139,2385,500000
7140,1905292,10200
7141,1905292,8200
7142,2385,500000
7143,1905292,4400
7144,1905292,4200
7145,1905292,12800
7146,1905292,3100
7147,1905292,6600
7148,1905292,7300
7149,2385,500000
7150,2385,500000
7151,1905292,6600
7152,1905292,5200
7153,2385,500000
7154,1905292,4700
7155,1905292,3200
7156,1905292,4200
7157,1905292,8500
7158,1905292,27400
7159,1905292,7400
7160,2385,500000
7161,1905292,5600
7162,1905292,4300
7163,1905292,10000
7164,1905292,4400
7165,1905292,6400
7166,1905292,4400
7167,1905292,4300
7168,2385,500000
7169,2385,500000
7170,1905292,6600
7171,1905292,8200
7172,1905292,15000
7173,2385,500000
7174,1905292,8200
7175,1905291,2300
7176,2385,500000
7177,2385,500000
7178,1905291,2400
7179,2385,500000
7180,1905291,4200
7181,1905291,2300
7182,2385,500000
7183,1905291,17900
7184,1905291,7400
7185,1905291,7000
7186,1905291,4530
7187,1905291,9610
7188,1905291,6500
7189,2385,500000
7190,2385,500000
7191,1905291,5000
7192,2385,500000
7193,2385,500000
7194,2385,500000
7195,2385,500000
7196,1905291,4300
7197,1905291,8000
7198,1905291,4000
7199,1905291,5210
7200,1905291,13200
7201,1905291,8800
7202,1905291,8500
7203,1905291,4300
7204,1905291,5400
7205,1905291,9700
7206,2385,500000
7207,1905291,3300
7208,2385,500000
7209,1905291,5200
7210,2385,500000
7211,1905291,3200
7212,2385,500000
7213,2385,500000
7214,1905291,15500
7215,2385,500000
7216,1905291,3900
7217,2385,500000
7218,2385,500000
7219,2385,500000
7220,1905291,3300
7221,2385,500000
7222,1905291,14400
7223,2385,500000
7224,2385,500000
7225,1905291,8200
7226,2385,500000
7227,1905291,6100
7228,1905291,6100
7229,1905291,3900
7230,1905291,4100
7231,1905291,3600
7232,1905291,7200
7233,2385,500000
7234,2385,500000
7235,1905291,4100
7236,1905291,7600
7237,1905291,5000
7238,2385,500000
7239,1905291,9300
7240,2385,500000
7241,1905291,4300
7242,1905291,3600
7243,2385,500000
7244,1905291,30310
7245,2385,500000
7246,1905291,8100
7247,2385,500000
7248,1905291,14200
7249,2385,500000
7250,1905291,4000
7251,2385,500000
7252,1905291,4000
7253,1905291,5600
7254,1905291,10800
7255,1905291,5100
7256,1905291,11000
7257,2385,500000
7258,1905291,2600
7259,1905291,4300
7260,1905291,3400
7261,2385,500000
7262,1905291,6310
7263,1905291,12500
7264,1905291,5800
7265,2385,500000
7266,1905291,28400
7267,1905291,11500
7268,1905291,3300
7269,1905291,12500
7270,1905291,5900
7271,2385,500000
7272,1905291,11910
7273,1905291,3800
7274,1905291,6210
7275,1905291,5300
7276,1905291,7200
7277,1905291,7500
7278,1905291,3900
7279,2385,500000
7280,1905291,5400
7281,2385,500000
7282,1905291,4300
7283,1905291,7300
7284,1905291,6300
7285,1905291,3600
7286,2385,500000
7287,2385,500000
7288,2385,500000
7289,1905291,14300
7290,1905291,6000
7291,2385,500000
7292,1905291,9800
7293,2385,500000
7294,2385,500000
7295,2385,500000
7296,1905291,4700
7297,1905291,4200
7298,2385,500000
7299,1905291,6700
7300,2385,500000
7301,1905291,6900
7302,1905291,6100
7303,1905291,3700
7304,1905291,4500
7305,2385,500000
7306,1905291,10500
7307,1905291,4700
7308,1905291,16000
7309,2385,500000
7310,2385,500000
7311,2385,500000
7312,1905291,5900
7313,1905291,6900
7314,2385,500000
7315,2385,500000
7316,1905291,29200
7317,1905291,3800
7318,2385,500000
7319,1905291,2400
7320,2385,500000
7321,2385,500000
7322,2385,500000
7323,2385,500000
7324,1905291,7100
7325,1905291,10110
7326,1905291,5900
7327,1905291,3900
7328,1905291,5700
7329,1905291,6100
7330,1905291,5600
7331,1905291,4900
7332,2385,500000
7333,2385,500000
7334,1905291,23000
7335,2385,500000
7336,1905291,9200
7337,2385,500000
7338,1905291,4800
7339,2385,500000
7340,2385,500000
7341,2385,500000
7342,2385,500000
7343,1905291,5200
7344,1905291,6600
7345,1905291,4700
7346,2385,500000
7347,2385,500000
7348,2385,500000
7349,1905291,8800
7350,2385,500000
7351,1905291,5400
7352,1905291,26300
7353,1905291,3200
7354,1905291,4700
7355,1905291,9700
7356,1905291,9800
7357,2385,500000
7358,2385,500000
7359,1905291,6900
7360,1905291,4400
7361,1905291,5800
7362,2385,500000
7363,1905291,11610
7364,1905291,6700
7365,2385,500000
7366,1905291,5600
7367,1905291,4900
7368,1905291,6000
7369,1905291,3800
7370,2385,500000
7371,2385,500000
7372,2385,500000
7373,1905291,3300
7374,2385,500000
7375,1905291,3400
7376,1905291,3100
7377,1905291,27300
7378,2385,500000
7379,2385,500000
7380,1905291,5400
7381,1905291,7400
7382,1905291,4200
7383,2385,500000
7384,2385,500000
7385,2385,500000
7386,2385,500000
7387,1905291,4300
7388,1905291,5200
7389,2385,500000
7390,2385,500000
7391,2385,500000
7392,2385,500000
7393,1905291,7000
7394,1905291,25300
7395,2385,500000
7396,2385,500000
7397,1905291,7100
7398,2385,500000
7399,1905291,4800
7400,1905291,6400
7401,2385,500000
7402,1905291,7000
7403,1905291,4210
7404,1905291,4600
7405,2385,500000
7406,2385,500000
7407,1905291,3810
7408,1905291,3800
7409,2385,500000
7410,2385,500000
7411,2385,500000
7412,1905291,7700
7413,2385,500000
7414,1905291,3700
7415,1905291,2300
7416,1905291,5600
7417,1905291,4100
7418,1905291,4300
7419,2385,500000
7420,2385,500000
7421,2385,500000
7422,1905291,3300
7423,2385,500000
7424,1905291,4200
7425,2385,500000
7426,1905291,9200
7427,2385,500000
7428,1905291,4400
7429,2385,500000
7430,1905291,7500
7431,1905291,7800
7432,1905291,5100
7433,2385,500000
7434,1905291,4700
7435,2385,500000
7436,1905291,3200
7437,2385,500000
7438,1905291,5500
7439,1905291,3200
7440,1905291,3700
7441,1905291,5000
7442,1905291,7100
7443,2385,500000
7444,1905291,6100
7445,1905291,4600
7446,2385,500000
7447,1905291,6400
7448,2385,500000
7449,1905291,8200
7450,2385,500000
7451,1905291,4700
7452,1905291,3900
7453,1905291,4100
7454,1905291,3500
7455,1905291,5900
7456,2385,500000
7457,2385,500000
7458,2385,500000
7459,1905291,5900
7460,2385,500000
7461,1905291,5700
7462,2385,500000
7463,1905291,3300
7464,1905291,5700
7465,2385,500000
7466,1905291,7000
7467,2385,500000
7468,2385,500000
7469,2385,500000
7470,2385,500000
7471,1905291,5200
7472,1905291,12800
7473,2385,500000
7474,1905291,14800
7475,1905291,3800
7476,1905291,4000
7477,1905291,3600
7478,2385,500000
7479,2385,500000
7480,1905291,4000
7481,2385,500000
7482,1905291,4300
7483,1905291,4100
7484,2385,500000
7485,1905291,4710
7486,2385,500000
7487,2385,500000
7488,2385,500000
7489,2385,500000
7490,2385,500000
7491,2385,500000
7492,2385,500000
7493,2385,500000
7494,2385,500000
7495,1905291,5400
7496,1905291,4800
7497,2385,500000
7498,1905291,3460
7499,2385,500000
7500,1905291,6400
7501,1905291,2300
7502,1905291,20800
7503,1905291,8200
7504,1905291,3800
7505,1905291,6500
7506,1905291,4500
7507,1905291,3700
7508,2385,500000
7509,1905291,6900
7510,2385,500000
7511,1905291,6400
7512,2385,500000
7513,1905291,3020
7514,2385,500000
7515,2385,500000
7516,1905291,6700
7517,2385,500000
7518,1905291,3100
7519,1905291,9700
7520,1905291,7100
7521,2385,500000
7522,2385,500000
7523,1905291,4000
7524,1905291,4000
7525,2385,500000
7526,2385,500000
7527,1905291,4300
7528,1905291,5200
7529,1905291,4900
7530,2385,500000
7531,2385,500000
7532,1905291,7100
7533,1905291,4000
7534,1905291,14800
7535,2385,500000
7536,1905291,5100
7537,2385,500000
7538,2385,500000
7539,2385,500000
7540,1905291,3200
7541,1905291,6200
7542,1905291,4600
7543,1905291,4200
7544,2385,500000
7545,2385,500000
7546,1905291,3700
7547,1905291,14900
7548,2385,500000
7549,1905291,4600
7550,2385,500000
7551,1905291,6010
7552,2385,500000
7553,2385,500000
7554,1905291,5100
7555,1905291,11000
7556,2385,500000
7557,2385,500000
7558,1905291,3200
7559,2385,500000
7560,1905291,6900
7561,1905291,3100
7562,1905291,24300
7563,2385,500000
7564,1905291,4800
7565,1905291,5100
7566,1905291,5400
7567,1905291,4900
7568,2385,500000
7569,2385,500000
7570,2385,500000
7571,1905291,7300
7572,2385,500000
7573,2385,500000
7574,1905291,3900
7575,2385,500000
7576,1905291,6900
7577,2385,500000
7578,2385,500000
7579,2385,500000
7580,2385,500000
7581,1905291,5800
7582,1905291,6700
7583,1905291,4800
7584,1905291,3100
7585,2385,500000
7586,2385,500000
7587,2385,500000
7588,1905291,6700
7589,2385,500000
7590,1905291,30900
7591,1905291,5600
7592,1905291,4900
7593,1905291,20800
7594,2385,500000
7595,2385,500000
7596,1905291,16600
7597,2385,500000
7598,2385,500000
7599,1905291,4500
7600,1905291,4700
7601,1905291,7200
7602,2385,500000
7603,1905291,5900
7604,1905291,5500
7605,1905291,6000
7606,1905291,5700
7607,1905291,26520
7608,1905291,8200
7609,2385,500000
7610,1905291,3100
7611,1905291,5000
7612,2385,500000
7613,2385,500000
7614,1905291,3800
7615,1905291,5600
7616,2385,500000
7617,1905291,7100
7618,1905291,5300
7619,1905291,3900
7620,2385,500000
7621,1905291,5600
7622,2385,500000
7623,1905291,4700
7624,1905291,3700
7625,2385,500000
7626,1905291,6200
7627,2385,500000
7628,2385,500000
7629,2385,500000
7630,1905291,6200
7631,2385,500000
7632,1905291,6110
7633,2385,500000
7634,2385,500000
7635,2385,500000
7636,1905291,3800
7637,1905291,4500
7638,1905291,6600
7639,2385,500000
7640,1905291,33200
7641,2385,500000
7642,1905291,7500
7643,1905291,4220
7644,1905291,3900
7645,2385,500000
7646,1905291,4200
7647,1905291,24200
7648,2385,500000
7649,1905291,4200
7650,1905291,7300
7651,2385,500000
7652,2385,500000
7653,1905291,5400
7654,1905291,6500
7655,2385,500000
7656,2385,500000
7657,1905291,4900
7658,1905291,7000
7659,2385,500000
7660,2385,500000
7661,2385,500000
7662,2385,500000
7663,2385,500000
7664,1905291,7600
7665,2385,500000
7666,1905291,4400
7667,2385,500000
7668,1905291,3900
7669,2385,500000
7670,1905291,6900
7671,1905291,7700
7672,1905291,3300
7673,1905291,7200
7674,2385,500000
7675,1905291,11000
7676,2385,500000
7677,1905291,6000
7678,1905291,6400
7679,1905291,5800
7680,1905291,7910
7681,2385,500000
7682,1905291,5200
7683,2385,500000
7684,1905291,6100
7685,1905291,3300
7686,2385,500000
7687,1905291,7200
7688,1905291,2600
7689,2385,500000
7690,1905291,4600
7691,1905291,9300
7692,1905291,4800
7693,2385,500000
7694,1905291,8200
7695,2385,500000
7696,2385,500000
7697,1905291,7600
7698,2385,500000
7699,2385,500000
7700,2385,500000
7701,2385,500000
7702,1905291,5600
7703,1905291,28900
7704,2385,500000
7705,2385,500000
7706,2385,500000
7707,1905291,4800
7708,1905291,25300
7709,2385,500000
7710,2385,500000
7711,2385,500000
7712,2385,500000
7713,1905291,4100
7714,1905291,3700
7715,1905291,2800
7716,2385,500000
7717,1905291,4300
7718,2385,500000
7719,2385,500000
7720,2385,500000
7721,2385,500000
7722,1905291,2500
7723,2385,500000
7724,1905291,7900
7725,2385,500000
7726,2385,500000
7727,2385,500000
7728,1905291,3700
7729,1905291,5900
7730,1905291,5100
7731,2385,500000
7732,2385,500000
7733,1905291,4900
7734,2385,500000
7735,1905291,6300
7736,1905291,6100
7737,1905291,13800
7738,2385,500000
7739,2385,500000
7740,1905291,5800
7741,1905291,14300
7742,2385,500000
7743,2385,500000
7744,1905291,4600
7745,1905291,3400
7746,1905291,4000
7747,2385,500000
7748,2385,500000
7749,1905291,3500
7750,2385,500000
7751,1905291,2900
7752,1905291,7200
7753,1905291,3600
7754,2385,500000
7755,1905291,5300
7756,2385,500000
7757,2385,500000
7758,1905291,7610
7759,2385,500000
7760,2385,500000
7761,1905291,3900
7762,2385,500000
7763,1905291,5100
7764,2385,500000
7765,1905291,4100
7766,1905291,7300
7767,1905291,6100
7768,1905291,9300
7769,2385,500000
7770,2385,500000
7771,1905291,15400
7772,1905291,5800
7773,2385,500000
7774,1905291,4500
7775,2385,500000
7776,1905291,5600
7777,1905291,5100
7778,1905291,3100
7779,2385,500000
7780,1905291,5900
7781,1905291,4400
7782,2385,500000
7783,2385,500000
7784,1905291,2900
7785,1905291,5400
7786,1905291,5800
7787,1905291,4600
7788,2385,500000
7789,1905291,3800
7790,1905291,9200
7791,2385,500000
7792,1905291,10200
7793,2385,500000
7794,2385,500000
7795,1905291,3500
7796,1905291,4500
7797,1905291,5500
7798,1905291,15300
7799,2385,500000
7800,1905291,3400
7801,2385,500000
7802,1905291,8800
7803,2385,500000
7804,1905291,6600
7805,1905291,4500
7806,1905291,6000
7807,1905291,3800
7808,1905291,7700
7809,1905291,5700
7810,1905291,5800
7811,1905291,5200
7812,2385,500000
7813,1905291,3900
7814,1905291,4300
7815,2385,500000
7816,1905291,10600
7817,1905291,6800
7818,1905291,5400
7819,1905291,6610
7820,2385,500000
7821,1905291,4300
7822,2385,500000
7823,1905291,4400
7824,1905291,4000
7825,1905291,11000
7826,1905291,3710
7827,1905291,3300
7828,1905291,5400
7829,1905291,6700
7830,1905291,5800
7831,2385,500000
7832,1905291,7800
7833,2385,500000
7834,1905291,4200
7835,2385,500000
7836,1905291,5900
7837,1905291,7400
7838,1905291,2700
7839,1905291,10800
7840,1905291,10100
7841,1905291,8910
7842,1905291,4000
7843,2385,500000
7844,1905291,3500
7845,2385,500000
7846,2385,500000
7847,1905291,28800
7848,1905291,12600
7849,1905291,5100
7850,1905291,4010
7851,2385,500000
7852,1905291,7900
7853,2385,500000
7854,2385,500000
7855,2385,500000
7856,2385,500000
7857,2385,500000
7858,2385,500000
7859,1905291,3600
7860,1905291,4600
7861,1905291,7400
7862,2385,500000
7863,2385,500000
7864,1905291,6500
7865,1905291,3400
7866,1905291,13720
7867,1905291,4500
7868,2385,500000
7869,1905291,7300
7870,2385,500000
7871,2385,500000
7872,1905291,24100
7873,2385,500000
7874,2385,500000
7875,2385,500000
7876,2385,500000
7877,1905291,4700
7878,2385,500000
7879,1905291,3700
7880,2385,500000
7881,2385,500000
7882,1905291,11700
7883,1905291,4800
7884,1905291,7700
7885,1905291,4200
7886,1905291,5700
7887,2385,500000
7888,1905291,5000
7889,2385,500000
7890,2385,500000
7891,2385,500000
7892,2385,500000
7893,1905291,9200
7894,2385,500000
7895,1905291,5100
7896,1905291,6000
7897,2385,500000
7898,1905291,6400
7899,1905291,7200
7900,2385,500000
7901,1905291,3600
7902,1905291,3800
7903,1905291,3500
7904,1905291,17700
7905,1905291,5400
7906,1905291,13920
7907,1905291,8000
7908,2385,500000
7909,1905291,4900
7910,2385,500000
7911,2385,500000
7912,1905291,4600
7913,1905291,3300
7914,2385,500000
7915,1905291,8800
7916,2385,500000
7917,1905291,3600
7918,2385,500000
7919,2385,500000
7920,2385,500000
7921,2385,500000
7922,1905291,28800
7923,2385,500000
7924,1905291,4200
7925,1905291,13700
7926,1905291,6200
7927,1905291,6600
7928,1905291,9410
7929,2385,500000
7930,1905291,5800
7931,2385,500000
7932,1905291,6500
7933,1905291,5610
7934,1905291,2500
7935,2385,500000
7936,1905291,7800
7937,1905291,6700
7938,2385,500000
7939,1905291,4200
7940,1905291,8000
7941,1905291,4020
7942,1905291,4800
7943,1905291,3700
7944,1905291,6000
7945,1905291,5500
7946,1905291,6700
7947,2385,500000
7948,2385,500000
7949,1905291,5000
7950,2385,500000
7951,2385,500000
7952,1905291,5000
7953,2385,500000
7954,2385,500000
7955,2385,500000
7956,1905291,3820
7957,2385,500000
7958,2385,500000
7959,2385,500000
7960,1905291,7900
7961,2385,500000
7962,2385,500000
7963,2385,500000
7964,1905291,5300
7965,1905291,6600
7966,2385,500000
7967,1905291,5500
7968,1905291,10000
7969,1905291,4400
7970,2385,500000
7971,2385,500000
7972,1905291,6000
7973,2385,500000
7974,1905291,4100
7975,1905291,6900
7976,1905291,3200
7977,1905291,6200
7978,1905291,6400
7979,1905291,6500
7980,2385,500000
7981,2385,500000
7982,1905291,3700
7983,2385,500000
7984,1905291,4300
7985,2385,500000
7986,1905291,4900
7987,1905291,4800
7988,2385,500000
7989,1905291,4800
7990,2385,500000
7991,1905291,5300
7992,1905291,4100
7993,2385,500000
7994,1905291,24810
7995,1905291,5900
7996,2385,500000
7997,2385,500000
7998,1905291,6400
7999,1905291,3500
8000,2385,500000
8001,2385,500000
8002,1905291,4500
8003,1905291,5900
8004,1905291,4100
8005,1905291,3710
8006,1905291,4500
8007,1905291,13800
8008,2385,500000
8009,1905291,8400
8010,1905291,8400
8011,1905291,7300
8012,1905291,26000
8013,1905291,34500
8014,2385,500000
8015,1905291,4500
8016,1905291,3100
8017,2385,500000
8018,2385,500000
8019,1905291,9900
8020,1905291,3710
8021,1905291,3500
8022,1905291,4600
8023,1905291,3300
8024,1905291,3700
8025,1905291,5500
8026,1905291,2600
8027,1905291,10300
8028,1905291,6100
8029,2385,500000
8030,2385,500000
8031,1905291,14700
8032,1905291,4100
8033,2385,500000
8034,2385,500000
8035,1905291,4300
8036,1905291,4000
8037,2385,500000
8038,1905291,10300
8039,1905291,9000
8040,1905291,3500
8041,1905291,8400
8042,2385,500000
8043,1905291,3420
8044,1905291,6200
8045,2385,500000
8046,1905291,7300
8047,2385,500000
8048,2385,500000
8049,1905291,5800
8050,1905291,6400
8051,2385,500000
8052,1905291,2900
8053,1905291,9200
8054,1905291,3200
8055,1905291,6500
8056,2385,500000
8057,2385,500000
8058,1905291,3800
8059,1905291,3500
8060,1905291,3830
8061,2385,500000
8062,1905291,3800
8063,2385,500000
8064,2385,500000
8065,2385,500000
8066,1905291,14800
8067,2385,500000
8068,2385,500000
8069,2385,500000
8070,1905291,5000
8071,1905291,4100
8072,2385,500000
8073,1905291,54300
8074,1905291,3400
8075,1905291,10200
8076,2385,500000
8077,2385,500000
8078,2385,500000
8079,2385,500000
8080,1905291,3800
8081,2385,500000
8082,2385,500000
8083,1905291,3600
8084,1905291,6200
8085,1905291,14700
8086,1905291,7900
8087,2385,500000
8088,2385,500000
8089,2385,500000
8090,2385,500000
8091,2385,500000
8092,1905291,8300
8093,2385,500000
8094,1905291,6700
8095,1905291,4000
8096,1905291,9600
8097,1905291,10700
8098,2385,500000
8099,1905291,8500
8100,1905291,6100
8101,1905291,3600
8102,1905291,3700
8103,1905291,4240
8104,2385,500000
8105,2385,500000
8106,1905291,4800
8107,2385,500000
8108,1905291,4800
8109,2385,500000
8110,2385,500000
8111,1905291,4400
8112,2385,500000
8113,1905291,6800
8114,1905291,4700
8115,2385,500000
8116,1905291,5500
8117,2385,500000
8118,1905291,2700
8119,1905291,3600
8120,1905291,4700
8121,1905291,7700
8122,1905291,2800
8123,2385,500000
8124,1905291,2800
8125,2385,500000
8126,2385,500000
8127,1905291,7600
8128,1905291,6100
8129,1905291,1800
8130,2385,500000
8131,2385,500000
8132,1905291,6100
8133,1905291,4300
8134,2385,500000
8135,2385,500000
8136,1905291,6800
8137,1905291,5600
8138,2385,500000
8139,2385,500000
8140,2385,500000
8141,1905291,4100
8142,1905291,6600
8143,2385,500000
8144,2385,500000
8145,1905291,6000
8146,1905291,14600
8147,1905291,7300
8148,2385,500000
8149,1905291,6900
8150,1905291,7200
8151,1905291,7200
8152,1905291,4800
8153,2385,500000
8154,2385,500000
8155,2385,500000
8156,1905291,3500
8157,1905291,10600
8158,1905291,7900
8159,1905291,3000
8160,2385,500000
8161,2385,500000
8162,1905291,5900
8163,2385,500000
8164,1905291,4900
8165,1905291,5100
8166,1905291,31400
8167,2385,500000
8168,1905291,14000
8169,1905291,6700
8170,2385,500000
8171,1905291,3800
8172,2385,500000
8173,2385,500000
8174,1905291,6500
8175,2385,500000
8176,1905291,4700
8177,1905291,4300
8178,1905291,3600
8179,2385,500000
8180,1905291,7400
8181,2385,500000
8182,1905291,3700
8183,1905291,4500
8184,1905291,7400
8185,1905291,21700
8186,2385,500000
8187,1905291,5900
8188,2385,500000
8189,1905291,4100
8190,1905291,2400
8191,1905291,4100
8192,2385,500000
8193,1905291,2800
8194,2385,500000
8195,2385,500000
8196,1905291,3600
8197,1905291,5800
8198,1905291,4700
8199,2385,500000
8200,1905291,2900
8201,2385,500000
8202,2385,500000
8203,1905291,15100
8204,2385,500000
8205,1905291,9300
8206,1905291,5200
8207,2385,500000
8208,2385,500000
8209,1905291,8800
8210,1905291,5500
8211,1905291,4600
8212,2385,500000
8213,2385,500000
8214,2385,500000
8215,2385,500000
8216,1905291,4800
8217,1905291,9400
8218,2385,500000
8219,2385,500000
8220,1905291,5100
8221,1905291,4700
8222,2385,500000
8223,1905291,11200
8224,2385,500000
8225,2385,500000
8226,2385,500000
8227,1905291,10000
8228,1905291,3600
8229,1905291,4100
8230,2385,500000
8231,1905291,4000
8232,1905291,4900
8233,2385,500000
8234,2385,500000
8235,1905291,4600
8236,1905291,8200
8237,1905291,5210
8238,1905291,8900
8239,1905291,4900
8240,1905291,5300
8241,1905291,5100
8242,2385,500000
8243,1905291,5910
8244,2385,500000
8245,1905291,5300
8246,1905291,4400
8247,1905291,4500
8248,1905291,4900
8249,2385,500000
8250,1905291,5400
8251,2385,500000
8252,1905291,4900
8253,1905291,5200
8254,1905291,3600
8255,1905291,5300
8256,1905291,3330
8257,2385,500000
8258,2385,500000
8259,1905291,4900
8260,2385,500000
8261,1905291,3200
8262,1905291,9500
8263,2385,500000
8264,1905291,13700
8265,2385,500000
8266,2385,500000
8267,2385,500000
8268,1905291,7300
8269,2385,500000
8270,1905291,4400
8271,2385,500000
8272,2385,500000
8273,2385,500000
8274,1905291,4900
8275,2385,500000
8276,1905291,3900
8277,2385,500000
8278,1905291,9100
8279,1905291,6000
8280,1905291,4000
8281,2385,500000
8282,1905291,2900
8283,1905291,11900
8284,1905291,8000
8285,1905291,3200
8286,2385,500000
8287,1905291,4100
8288,2385,500000
8289,1905291,7600
8290,2385,500000
8291,1905291,5300
8292,2385,500000
8293,1905291,4600
8294,2385,500000
8295,2385,500000
8296,1905291,12300
8297,1905291,8900
8298,1905291,6700
8299,1905291,5700
8300,1905291,5000
8301,2385,500000
8302,2385,500000
8303,1905291,6200
8304,2385,500000
8305,1905291,3700
8306,2385,500000
8307,1905291,3700
8308,1905291,4500
8309,2385,500000
8310,1905291,17700
8311,1905291,9500
8312,2385,500000
8313,1905291,6500
8314,2385,500000
8315,1905291,9600
8316,1905291,7800
8317,2385,500000
8318,2385,500000
8319,2385,500000
8320,1905291,9100
8321,2385,500000
8322,1905291,4500
8323,1905291,10200
8324,1905291,7400
8325,1905291,10100
8326,2385,500000
8327,1905291,5610
8328,2385,500000
8329,1905291,8500
8330,1905291,7800
8331,2385,500000
8332,2385,500000
8333,2385,500000
8334,2385,500000
8335,1905291,5400
8336,1905291,4400
8337,1905291,4200
8338,1905291,5300
8339,1905291,4500
8340,2385,500000
8341,1905291,5000
8342,1905291,28100
8343,2385,500000
8344,1905291,5300
8345,1905291,7400
8346,1905291,6510
8347,1905291,5300
8348,2385,500000
8349,1905291,5700
8350,2385,500000
8351,2385,500000
8352,1905291,6000
8353,1905291,6000
8354,2385,500000
8355,1905291,5200
8356,2385,500000
8357,2385,500000
8358,1905291,6400
8359,2385,500000
8360,1905291,2600
8361,2385,500000
8362,1905291,3500
8363,2385,500000
8364,1905291,5200
8365,1905291,2700
8366,2385,500000
8367,1905291,3500
8368,1905291,4100
8369,2385,500000
8370,1905291,3700
8371,1905291,19200
8372,2385,500000
8373,2385,500000
8374,1905291,5200
8375,1905291,3400
8376,1905291,3600
8377,2385,500000
8378,1905291,14400
8379,2385,500000
8380,2385,500000
8381,2385,500000
8382,2385,500000
8383,1905291,4800
8384,1905291,3500
8385,2385,500000
8386,1905291,4300
8387,1905291,7500
8388,1905291,9800
8389,2385,500000
8390,1905291,6400
8391,2385,500000
8392,1905291,12200
8393,2385,500000
8394,1905291,7500
8395,1905291,9800
8396,2385,500000
8397,1905291,9400
8398,1905291,5000
8399,1905291,8100
8400,2385,500000
8401,1905291,13500
8402,1905291,4300
8403,1905291,7300
8404,1905291,5500
8405,1905291,3900
8406,1905291,6700
8407,2385,500000
8408,1905291,3100
8409,1905291,7200
8410,1905291,6600
8411,2385,500000
8412,1905291,5700
8413,1905291,8200
8414,2385,500000
8415,2385,500000
8416,1905291,4400
8417,1905291,28900
8418,2385,500000
8419,2385,500000
8420,1905291,6100
8421,1905291,18900
8422,2385,500000
8423,2385,500000
8424,2385,500000
8425,1905291,4700
8426,1905291,3100
8427,1905291,28800
8428,2385,500000
8429,1905291,5100
8430,1905291,7800
8431,1905291,3100
8432,1905291,6900
8433,1905291,5200
8434,1905291,7600
8435,2385,500000
8436,1905291,3710
8437,2385,500000
8438,1905291,7720
8439,1905291,15600
8440,2385,500000
8441,1905291,4100
8442,2385,500000
8443,1905291,5500
8444,2385,500000
8445,1905291,3800
8446,2385,500000
8447,2385,500000
8448,2385,500000
8449,1905291,26600
8450,1905291,3500
8451,1905291,10300
8452,1905291,2600
8453,2385,500000
8454,1905291,3600
8455,1905291,5500
8456,1905291,6200
8457,2385,500000
8458,2385,500000
8459,1905291,3800
8460,1905291,7900
8461,1905291,5600
8462,2385,500000
8463,2385,500000
8464,1905291,5700
8465,1905291,10260
8466,1905291,6100
8467,2385,500000
8468,1905291,3500
8469,2385,500000
8470,2385,500000
8471,2385,500000
8472,1905291,4800
8473,2385,500000
8474,1905291,4800
8475,1905291,3700
8476,1905291,7200
8477,2385,500000
8478,2385,500000
8479,2385,500000
8480,1905291,4600
8481,1905291,8300
8482,1905291,6200
8483,1905291,5300
8484,2385,500000
8485,1905291,4700
8486,1905291,4400
8487,1905291,3400
8488,1905291,10700
8489,1905291,8500
8490,2385,500000
8491,1905291,4700
8492,2385,500000
8493,1905291,3900
8494,2385,500000
8495,2385,500000
8496,1905291,15900
8497,2385,500000
8498,2385,500000
8499,1905291,3300
8500,2385,500000
8501,1905291,6300
8502,1905291,3800
8503,1905291,6500
8504,1905291,4500
8505,1905291,4300
8506,1905291,3700
8507,2385,500000
8508,2385,500000
8509,2385,500000
8510,2385,500000
8511,1905291,4900
8512,2385,500000
8513,2385,500000
8514,1905291,8630
8515,2385,500000
8516,1905291,19200
8517,2385,500000
8518,2385,500000
8519,2385,500000
8520,2385,500000
8521,1905291,4200
8522,2385,500000
8523,1905291,12700
8524,1905291,6400
8525,1905291,3500
8526,1905291,2000
8527,2385,500000
8528,1905291,8600
8529,1905291,4800
8530,1905291,3800
8531,2385,500000
8532,2385,500000
8533,2385,500000
8534,1905291,3000
8535,1905291,2900
8536,1905291,7000
8537,1905291,4600
8538,2385,500000
8539,2385,500000
8540,1905291,3000
8541,1905291,3700
8542,2385,500000
8543,2385,500000
8544,1905291,3800
8545,2385,500000
8546,1905291,6000
8547,1905291,5500
8548,1905291,5000
8549,1905291,6200
8550,1905291,8600
8551,1905291,9100
8552,2385,500000
8553,2385,500000
8554,1905291,4800
8555,2385,500000
8556,1905291,4400
8557,1905291,5000
8558,1905291,7200
8559,1905291,30900
8560,1905291,5200
8561,1905291,5900
8562,2385,500000
8563,1905291,6400
8564,1905291,6500
8565,2385,500000
8566,2385,500000
8567,2385,500000
8568,1905291,4000
8569,1905291,4500
8570,1905291,4500
8571,2385,500000
8572,1905291,4500
8573,1905291,14520
8574,1905291,4300
8575,1905291,4500
8576,2385,500000
8577,1905291,4300
8578,2385,500000
8579,1905291,6900
8580,2385,500000
8581,2385,500000
8582,2385,500000
8583,2385,500000
8584,1905291,8300
8585,1905291,3200
8586,1905291,5100
8587,2385,500000
8588,1905291,8200
8589,1905291,7000
8590,2385,500000
8591,2385,500000
8592,1905291,4700
8593,2385,500000
8594,2385,500000
8595,1905291,5800
8596,1905291,7200
8597,2385,500000
8598,1905291,4100
8599,2385,500000
8600,1905291,14100
8601,1905291,16400
8602,1905291,5600
8603,2385,500000
8604,2385,500000
8605,2385,500000
8606,2385,500000
8607,1905291,6700
8608,1905291,9500
8609,2385,500000
8610,2385,500000
8611,1905291,6000
8612,2385,500000
8613,1905291,4400
8614,1905291,4100
8615,1905291,4100
8616,1905291,4300
8617,2385,500000
8618,1905291,6400
8619,1905291,9200
8620,1905291,6000
8621,2385,500000
8622,1905291,10300
8623,2385,500000
8624,1905291,4800
8625,1905291,4500
8626,2385,500000
8627,1905291,8000
8628,1905291,2900
8629,1905291,10500
8630,2385,500000
8631,2385,500000
8632,1905291,4200
8633,2385,500000
8634,2385,500000
8635,2385,500000
8636,1905291,3300
8637,1905291,2800
8638,1905291,6400
8639,1905291,6700
8640,1905291,7500
8641,2385,500000
8642,1905291,5800
8643,2385,500000
8644,2385,500000
8645,2385,500000
8646,2385,500000
8647,1905291,5600
8648,1905291,8000
8649,1905291,5600
8650,2385,500000
8651,1905291,13400
8652,1905291,4800
8653,1905291,19100
8654,1905291,4000
8655,2385,500000
8656,1905291,6610
8657,2385,500000
8658,1905291,3800
8659,2385,500000
8660,2385,500000
8661,1905291,8200
8662,2385,500000
8663,1905291,5500
8664,1905291,3500
8665,2385,500000
8666,1905291,4400
8667,1905291,6800
8668,1905291,4300
8669,1905291,5200
8670,1905291,11300
8671,2385,500000
8672,1905291,6200
8673,1905291,6600
8674,1905291,3900
8675,1905291,7300
8676,1905291,3300
8677,1905291,6800
8678,1905291,4900
8679,1905291,4200
8680,1905291,4200
8681,2385,500000
8682,1905291,4000
8683,2385,500000
8684,1905291,5500
8685,1905291,4600
8686,2385,500000
8687,2385,500000
8688,2385,500000
8689,2385,500000
8690,2385,500000
8691,1905291,3800
8692,1905291,7500
8693,2385,500000
8694,1905291,4900
8695,2385,500000
8696,1905291,23100
8697,1905291,4600
8698,2385,500000
8699,2385,500000
8700,1905291,4800
8701,1905291,8800
8702,1905291,4200
8703,1905291,3700
8704,1905291,8500
8705,1905291,28700
8706,1905291,4800
8707,2385,500000
8708,1905291,4100
8709,1905291,3200
8710,1905291,6000
8711,2385,500000
8712,2385,500000
8713,1905291,3000
8714,2385,500000
8715,1905291,3800
8716,1905291,4900
8717,2385,500000
8718,2385,500000
8719,1905291,13900
8720,1905291,8300
8721,1905291,3900
8722,1905291,14120
8723,2385,500000
8724,1905291,4900
8725,1905291,3800
8726,2385,500000
8727,1905291,3700
8728,1905291,6100
8729,1905291,3900
8730,1905291,5000
8731,1905291,5000
8732,2385,500000
8733,1905291,4800
8734,2385,500000
8735,1905291,3910
8736,1905291,6900
8737,1905291,5400
8738,1905291,4000
8739,1905291,4000
8740,2385,500000
8741,1905291,6300
8742,1905291,11400
8743,1905291,5400
8744,1905291,3500
8745,2385,500000
8746,1905291,10700
8747,2385,500000
8748,1905291,5000
8749,2385,500000
8750,2385,500000
8751,2385,500000
8752,1905291,3200
8753,2385,500000
8754,1905291,13300
8755,1905291,4200
8756,2385,500000
8757,2385,500000
8758,1905291,9100
8759,1905291,14800
8760,2385,500000
8761,1905291,7300
8762,2385,500000
8763,1905291,4400
8764,2385,500000
8765,1905291,5000
8766,2385,500000
8767,1905291,5100
8768,1905291,4500
8769,2385,500000
8770,2385,500000
8771,2385,500000
8772,1905291,6400
8773,1905291,4200
8774,1905291,6000
8775,1905291,4400
8776,1905291,7700
8777,2385,500000
8778,1905291,5500
8779,1905291,4200
8780,1905291,4000
8781,2385,500000
8782,2385,500000
8783,1905291,6400
8784,1905291,5300
8785,2385,500000
8786,1905291,8400
8787,1905291,9800
8788,1905291,7100
8789,1905291,10000
8790,1905291,3210
8791,1905291,6300
8792,1905291,8700
8793,2385,500000
8794,1905291,4000
8795,2385,500000
8796,2385,500000
8797,2385,500000
8798,2385,500000
8799,1905291,5700
8800,2385,500000
8801,2385,500000
8802,2385,500000
8803,1905291,5800
8804,2385,500000
8805,2385,500000
8806,1905291,9900
8807,2385,500000
8808,1905291,5300
8809,2385,500000
8810,1905291,9900
8811,1905291,4900
8812,2385,500000
8813,2385,500000
8814,1905291,3100
8815,1905291,4200
8816,1905291,2800
8817,1905291,6300
8818,1905291,5600
8819,1905291,7500
8820,1905291,3600
8821,1905291,4710
8822,2385,500000
8823,2385,500000
8824,1905291,6200
8825,1905291,7700
8826,2385,500000
8827,1905291,7410
8828,1905291,4700
8829,1905291,6000
8830,1905291,8200
8831,1905291,4000
8832,2385,500000
8833,2385,500000
8834,2385,500000
8835,2385,500000
8836,2385,500000
8837,1905291,3910
8838,2385,500000
8839,1905291,4100
8840,1905291,6600
8841,2385,500000
8842,1905291,38400
8843,1905291,8810
8844,1905291,3800
8845,1905291,5400
8846,2385,500000
8847,2385,500000
8848,2385,500000
8849,1905291,10400
8850,1905291,9800
8851,1905291,12500
8852,2385,500000
8853,1905291,4000
8854,2385,500000
8855,1905291,2700
8856,2385,500000
8857,2385,500000
8858,1905291,15700
8859,1905291,11600
8860,1905291,9900
8861,2385,500000
8862,1905291,7600
8863,2385,500000
8864,1905291,3600
8865,1905291,26500
8866,2385,500000
8867,1905291,3400
8868,1905291,4800
8869,1905291,4900
8870,2385,500000
8871,2385,500000
8872,1905291,4400
8873,1905291,4510
8874,2385,500000
8875,2385,500000
8876,1905291,3400
8877,2385,500000
8878,1905291,9100
8879,1905291,3900
8880,2385,500000
8881,1905291,4200
8882,2385,500000
8883,1905291,3500
8884,1905291,12900
8885,2385,500000
8886,1905291,10100
8887,2385,500000
8888,2385,500000
8889,1905291,14510
8890,2385,500000
8891,1905291,7200
8892,1905291,5000
8893,2385,500000
8894,1905291,4200
8895,1905291,7600
8896,2385,500000
8897,2385,500000
8898,2385,500000
8899,1905291,3400
8900,1905291,3600
8901,2385,500000
8902,1905291,4700
8903,1905291,5900
8904,2385,500000
8905,1905291,5500
8906,2385,500000
8907,1905291,4800
8908,2385,500000
8909,1905291,3200
8910,1905291,6100
8911,1905291,3400
8912,1905291,9000
8913,2385,500000
8914,1905291,13100
8915,1905291,9100
8916,1905291,6700
8917,2385,500000
8918,2385,500000
8919,1905291,4400
8920,2385,500000
8921,2385,500000
8922,2385,500000
8923,1905291,5900
8924,2385,500000
8925,2385,500000
8926,1905291,15400
8927,2385,500000
8928,2385,500000
8929,2385,500000
8930,2385,500000
8931,1905291,5000
8932,1905291,9100
8933,2385,500000
8934,1905291,3200
8935,1905291,14200
8936,1905291,3100
8937,1905291,5000
8938,2385,500000
8939,2385,500000
8940,1905291,6400
8941,1905291,5010
8942,2385,500000
8943,1905291,5300
8944,2385,500000
8945,1905291,4800
8946,2385,500000
8947,2385,500000
8948,2385,500000
8949,1905291,5820
8950,1905291,5200
8951,1905291,11900
8952,1905291,14400
8953,2385,500000
8954,1905291,4400
8955,1905291,4720
8956,1905291,2620
8957,1905291,7800
8958,1905291,7300
8959,1905291,4300
8960,2385,500000
8961,1905291,12300
8962,1905291,5800
8963,2385,500000
8964,1905291,5000
8965,1905291,2100
8966,1905291,4200
8967,1905291,4400
8968,2385,500000
8969,1905291,3500
8970,1905291,6000
8971,2385,500000
8972,1905291,5900
8973,2385,500000
8974,2385,500000
8975,1905291,7800
8976,2385,500000
8977,2385,500000
8978,2385,500000
8979,1905291,10900
8980,2385,500000
8981,2385,500000
8982,2385,500000
8983,1905291,4700
8984,1905291,3300
8985,1905291,6500
8986,1905291,4300
8987,2385,500000
8988,1905291,4600
8989,2385,500000
8990,1905291,3810
8991,1905291,12100
8992,2385,500000
8993,1905291,3300
8994,2385,500000
8995,2385,500000
8996,2385,500000
8997,1905291,4600
8998,1905291,4600
8999,1905291,8100
9000,1905291,3500
9001,1905291,6700
9002,1905291,5100
9003,1905291,8900
9004,2385,500000
9005,1905291,4700
9006,1905291,4820
9007,1905291,5300
9008,2385,500000
9009,1905291,5000
9010,2385,500000
9011,1905291,4800
9012,2385,500000
9013,1905291,25400
9014,1905291,6300
9015,1905291,5610
9016,2385,500000
9017,1905291,7000
9018,2385,500000
9019,2385,500000
9020,1905291,6600
9021,1905291,4600
9022,1905291,8100
9023,1905291,5900
9024,2385,500000
9025,2385,500000
9026,1905291,6500
9027,2385,500000
9028,1905291,5500
9029,1905291,4100
9030,1905291,3200
9031,2385,500000
9032,1905291,6200
9033,1905291,6100
9034,2385,500000
9035,2385,500000
9036,1905291,13300
9037,1905291,8000
9038,2385,500000
9039,2385,500000
9040,1905291,3200
9041,2385,500000
9042,2385,500000
9043,2385,500000
9044,1905291,14100
9045,2385,500000
9046,1905291,5500
9047,2385,500000
9048,2385,500000
9049,2385,500000
9050,1905291,7900
9051,1905291,8610
9052,1905291,4200
9053,2385,500000
9054,2385,500000
9055,2385,500000
9056,1905291,5200
9057,1905291,6100
9058,2385,500000
9059,2385,500000
9060,1905291,4600
9061,2385,500000
9062,1905291,6900
9063,1905291,5600
9064,1905291,5400
9065,1905291,7200
9066,1905291,5300
9067,2385,500000
9068,1905291,12200
9069,1905291,4200
9070,2385,500000
9071,1905291,4300
9072,1905291,8000
9073,2385,500000
9074,1905291,8300
9075,1905291,6400
9076,1905291,3900
9077,1905291,4300
9078,2385,500000
9079,2385,500000
9080,2385,500000
9081,1905291,6000
9082,2385,500000
9083,1905291,3300
9084,1905291,5200
9085,1905291,3600
9086,1905291,6400
9087,1905291,7100
9088,1905291,9400
9089,1905291,5000
9090,1905291,5100
9091,2385,500000
9092,1905291,4800
9093,1905291,5000
9094,1905291,6300
9095,2385,500000
9096,1905291,4000
9097,2385,500000
9098,2385,500000
9099,1905291,6200
9100,1905291,4700
9101,2385,500000
9102,1905291,5110
9103,1905291,8800
9104,1905291,4900
9105,2385,500000
9106,2385,500000
9107,2385,500000
9108,1905291,4600
9109,2385,500000
9110,1905291,14000
9111,1905291,6100
9112,1905291,13300
9113,2385,500000
9114,1905291,2900
9115,2385,500000
9116,1905291,8400
9117,2385,500000
9118,2385,500000
9119,2385,500000
9120,1905291,3800
9121,1905291,6400
9122,2385,500000
9123,1905291,4200
9124,2385,500000
9125,2385,500000
9126,2385,500000
9127,1905291,4700
9128,1905291,4000
9129,1905291,6600
9130,2385,500000
9131,2385,500000
9132,2385,500000
9133,1905291,31400
9134,1905291,3000
9135,1905291,3000
9136,2385,500000
9137,1905291,5500
9138,1905291,4800
9139,2385,500000
9140,2385,500000
9141,2385,500000
9142,2385,500000
9143,2385,500000
9144,2385,500000
9145,1905291,12500
9146,1905291,3800
9147,1905291,8500
9148,2385,500000
9149,1905291,3300
9150,2385,500000
9151,1905291,8000
9152,1905291,3100
9153,1905291,10000
9154,2385,500000
9155,1905291,11700
9156,2385,500000
9157,1905291,3700
9158,2385,500000
9159,2385,500000
9160,2385,500000
9161,1905291,5600
9162,1905291,7800
9163,1905291,7900
9164,2385,500000
9165,1905291,9200
9166,1905291,3500
9167,1905291,3600
9168,2385,500000
9169,1905291,3800
9170,2385,500000
9171,1905291,4800
9172,1905291,31300
9173,1905291,4100
9174,2385,500000
9175,2385,500000
9176,2385,500000
9177,1905291,3900
9178,1905291,2530
9179,2385,500000
9180,1905291,5100
9181,2385,500000
9182,1905291,5000
9183,1905291,4400
9184,1905291,6620
9185,2385,500000
9186,2385,500000
9187,1905291,6400
9188,1905291,3800
9189,1905291,3930
9190,1905291,16020
9191,1905291,5800
9192,2385,500000
9193,2385,500000
9194,2385,500000
9195,2385,500000
9196,1905291,7800
9197,2385,500000
9198,1905291,9910
9199,1905291,5600
9200,1905291,5900
9201,2385,500000
9202,1905291,4100
9203,1905291,4300
9204,1905291,4100
9205,1905291,5300
9206,1905291,5900
9207,1905291,5100
9208,2385,500000
9209,2385,500000
9210,2385,500000
9211,2385,500000
9212,2385,500000
9213,1905291,3400
9214,1905291,5600
9215,1905291,29020
9216,2385,500000
9217,1905291,7900
9218,2385,500000
9219,2385,500000
9220,1905291,8700
9221,1905291,4300
9222,2385,500000
9223,1905291,15500
9224,2385,500000
9225,1905291,3100
9226,1905291,3900
9227,2385,500000
9228,2385,500000
9229,1905291,5400
9230,2385,500000
9231,2385,500000
9232,2385,500000
9233,2385,500000
9234,2385,500000
9235,1905291,3600
9236,2385,500000
9237,2385,500000
9238,2385,500000
9239,1905291,3900
9240,1905291,6700
9241,2385,500000
9242,2385,500000
9243,2385,500000
9244,1905291,6600
9245,2385,500000
9246,1905291,5300
9247,1905291,8800
9248,1905291,4100
9249,2385,500000
9250,2385,500000
9251,2385,500000
9252,1905291,9600
9253,1905291,12900
9254,2385,500000
9255,1905291,3900
9256,2385,500000
9257,1905291,5400
9258,2385,500000
9259,2385,500000
9260,2385,500000
9261,1905291,4700
9262,1905291,6300
9263,1905291,6600
9264,2385,500000
9265,2385,500000
9266,2385,500000
9267,1905291,4700
9268,1905291,14300
9269,2385,500000
9270,2385,500000
9271,1905291,6200
9272,1905291,5800
9273,2385,500000
9274,2385,500000
9275,2385,500000
9276,2385,500000
9277,2385,500000
9278,2385,500000
9279,2385,500000
9280,1905291,5500
9281,1905291,5500
9282,1905291,9800
9283,2385,500000
9284,1905291,6200
9285,1905291,6900
9286,1905291,3900
9287,2385,500000
9288,1905291,4500
9289,1905291,5600
9290,2385,500000
9291,1905291,11400
9292,1905291,4200
9293,2385,500000
9294,1905291,14100
9295,1905291,8600
9296,1905291,5600
9297,2385,500000
9298,1905291,5400
9299,1905291,11400
9300,2385,500000
9301,1905291,5000
9302,1905291,4800
9303,1905291,10100
9304,1905291,6600
9305,1905291,4130
9306,2385,500000
9307,2385,500000
9308,1905291,7900
9309,1905291,3700
9310,1905291,7900
9311,1905291,4600
9312,1905291,5600
9313,1905291,6800
9314,1905291,9600
9315,2385,500000
9316,1905291,3800
9317,1905291,5700
9318,1905291,3900
9319,1905291,4200
9320,1905291,4600
9321,1905291,10000
9322,1905291,3000
9323,1905291,6400
9324,2385,500000
9325,1905291,10500
9326,1905291,5300
9327,1905291,8700
9328,1905291,6600
9329,1905291,3900
9330,2385,500000
9331,1905291,5000
9332,1905291,7500
9333,2385,500000
9334,2385,500000
9335,1905291,9900
9336,2385,500000
9337,2385,500000
9338,1905291,7700
9339,1905291,8400
9340,2385,500000
9341,2385,500000
9342,1905291,7800
9343,2385,500000
9344,2385,500000
9345,1905291,5100
9346,1905291,4700
9347,1905291,9400
9348,2385,500000
9349,1905291,4200
9350,1905291,4900
9351,2385,500000
9352,1905291,8900
9353,1905291,4400
9354,1905291,10600
9355,1905291,16000
9356,1905291,6700
9357,1905291,4400
9358,1905291,7800
9359,2385,500000
9360,2385,500000
9361,2385,500000
9362,2385,500000
9363,1905291,6210
9364,2385,500000
9365,2385,500000
9366,2385,500000
9367,2385,500000
9368,1905291,40100
9369,1905291,6600
9370,1905291,5800
9371,2385,500000
9372,2385,500000
9373,1905291,4920
9374,1905291,5200
9375,2385,500000
9376,1905291,2300
9377,1905291,8500
9378,2385,500000
9379,1905291,9300
9380,1905291,5400
9381,1905291,5700
9382,1905291,8800
9383,2385,500000
9384,1905291,18000
9385,2385,500000
9386,2385,500000
9387,1905291,6200
9388,1905291,12800
9389,1905291,7500
9390,1905291,4700
9391,2385,500000
9392,1905291,29100
9393,1905291,4200
9394,1905291,3800
9395,2385,500000
9396,1905291,4510
9397,1905291,3400
9398,1905291,4000
9399,1905291,5400
9400,2385,500000
9401,1905291,6200
9402,2385,500000
9403,1905291,5200
9404,1905291,4000
9405,1905291,4000
9406,1905291,6000
9407,2385,500000
9408,1905291,4500
9409,1905291,6500
9410,1905291,4100
9411,1905291,3400
9412,1905291,5700
9413,1905291,7000
9414,1905291,6410
9415,2385,500000
9416,1905291,9600
9417,1905291,4100
9418,1905291,29100
9419,1905291,5900
9420,1905291,4500
9421,1905291,4900
9422,1905291,5400
9423,2385,500000
9424,1905291,14300
9425,1905291,3600
9426,1905291,3700
9427,1905291,3000
9428,1905291,5300
9429,2385,500000
9430,1905291,6900
9431,1905291,3100
9432,1905291,4300
9433,1905291,6200
9434,1905291,6400
9435,1905291,4000
9436,1905291,5000
9437,1905291,16700
9438,2385,500000
9439,1905291,8200
9440,1905291,2900
9441,2385,500000
9442,2385,500000
9443,1905291,30800
9444,1905291,7500
9445,2385,500000
9446,1905291,4000
9447,2385,500000
9448,1905291,8900
9449,1905291,7900
9450,1905291,6400
9451,2385,500000
9452,2385,500000
9453,2385,500000
9454,2385,500000
9455,1905291,5100
9456,2385,500000
9457,2385,500000
9458,1905291,9700
9459,1905291,5700
9460,1905291,3300
9461,2385,500000
9462,1905291,8700
9463,2385,500000
9464,1905291,6300
9465,1905291,3000
9466,1905291,10500
9467,2385,500000
9468,2385,500000
9469,1905291,7400
9470,1905291,6600
9471,2385,500000
9472,1905291,7300
9473,1905291,4800
9474,1905291,13600
9475,1905291,8000
9476,1905291,5100
9477,1905291,8800
9478,1905291,4300
9479,1905291,7800
9480,2385,500000
9481,1905291,3600
9482,1905291,6900
9483,1905291,6000
9484,2385,500000
9485,1905291,6500
9486,1905291,18100
9487,1905291,3700
9488,1905291,6800
9489,1905291,6100
9490,1905291,3400
9491,2385,500000
9492,1905291,3800
9493,1905291,31700
9494,1905291,15100
9495,1905291,6600
9496,2385,500000
9497,1905291,4400
9498,1905291,5700
9499,1905291,4500
9500,1905291,5830
9501,2385,500000
9502,1905291,7300
9503,1905291,2400
9504,2385,500000
9505,2385,500000
9506,2385,500000
9507,2385,500000
9508,1905291,3800
9509,2385,500000
9510,1905291,3000
9511,2385,500000
9512,1905291,3600
9513,2385,500000
9514,1905291,7900
9515,1905291,11300
9516,1905291,13200
9517,2385,500000
9518,1905291,6100
9519,2385,500000
9520,1905291,4200
9521,1905291,5600
9522,1905291,7800
9523,2385,500000
9524,2385,500000
9525,1905291,11700
9526,1905291,7600
9527,1905291,4900
9528,1905291,3700
9529,1905291,4400
9530,1905291,4900
9531,1905291,5200
9532,1905291,4100
9533,2385,500000
9534,1905291,6300
9535,1905291,4200
9536,2385,500000
9537,2385,500000
9538,1905291,4800
9539,2385,500000
9540,2385,500000
9541,1905291,5600
9542,1905291,5200
9543,1905291,10900
9544,2385,500000
9545,1905291,4700
9546,1905291,7300
9547,1905291,5100
9548,2385,500000
9549,1905291,4400
9550,2385,500000
9551,2385,500000
9552,2385,500000
9553,1905291,3700
9554,1905291,5200
9555,2385,500000
9556,1905291,3200
9557,1905291,7400
9558,1905291,3300
9559,2385,500000
9560,1905291,6700
9561,2385,500000
9562,1905291,6200
9563,2385,500000
9564,2385,500000
9565,1905291,6400
9566,1905291,8510
9567,1905291,10900
9568,1905291,3900
9569,2385,500000
9570,1905291,11500
9571,1905291,4710
9572,2385,500000
9573,1905291,4910
9574,2385,500000
9575,1905291,7700
9576,1905291,16200
9577,2385,500000
9578,1905291,5500
9579,1905291,5900
9580,2385,500000
9581,1905291,5600
9582,1905291,6400
9583,2385,500000
9584,2385,500000
9585,1905291,6300
9586,2385,500000
9587,2385,500000
9588,2385,500000
9589,2385,500000
9590,1905291,7300
9591,1905291,4900
9592,2385,500000
9593,2385,500000
9594,2385,500000
9595,1905291,7900
9596,1905291,8500
9597,1905291,3800
9598,2385,500000
9599,1905291,11000
9600,1905291,9000
9601,1905291,9700
9602,1905291,5000
9603,1905291,8500
9604,1905291,3700
9605,2385,500000
9606,2385,500000
9607,2385,500000
9608,1905291,6100
9609,1905291,7900
9610,2385,500000
9611,1905291,4100
9612,1905291,5700
9613,1905291,4600
9614,2385,500000
9615,1905291,2000
9616,1905291,2400
9617,2385,500000
9618,1905291,10400
9619,1905291,5300
9620,1905291,8600
9621,1905291,4900
9622,2385,500000
9623,1905291,5700
9624,2385,500000
9625,1905291,10700
9626,1905291,5100
9627,2385,500000
9628,1905291,7500
9629,1905291,8400
9630,2385,500000
9631,2385,500000
9632,2385,500000
9633,2385,500000
9634,1905291,10200
9635,2385,500000
9636,2385,500000
9637,1905291,4600
9638,1905291,13600
9639,2385,500000
9640,1905291,4600
9641,1905291,7300
9642,1905291,4400
9643,1905291,4000
9644,1905291,6910
9645,1905291,5800
9646,2385,500000
9647,1905291,6200
9648,2385,500000
9649,2385,500000
9650,1905291,5000
9651,2385,500000
9652,1905291,5210
9653,2385,500000
9654,1905291,5000
9655,1905291,4200
9656,2385,500000
9657,2385,500000
9658,1905291,7700
9659,2385,500000
9660,1905291,13000
9661,2385,500000
9662,1905291,4800
9663,1905291,3900
9664,2385,500000
9665,2385,500000
9666,1905291,4300
9667,2385,500000
9668,1905291,4000
9669,1905291,7600
9670,2385,500000
9671,1905291,5000
9672,2385,500000
9673,1905291,4500
9674,1905291,19900
9675,2385,500000
9676,2385,500000
9677,1905291,6600
9678,1905291,9110
9679,2385,500000
9680,2385,500000
9681,1905291,3400
9682,1905291,6000
9683,2385,500000
9684,1905291,12700
9685,2385,500000
9686,2385,500000
9687,1905291,5900
9688,1905291,7300
9689,1905291,4100
9690,2385,500000
9691,2385,500000
9692,2385,500000
9693,1905291,5300
9694,2385,500000
9695,1905291,11200
9696,1905291,9500
9697,1905291,6300
9698,1905291,3700
9699,2385,500000
9700,2385,500000
9701,2385,500000
9702,2385,500000
9703,1905291,5700
9704,2385,500000
9705,1905291,4200
9706,1905291,5100
9707,1905291,4200
9708,1905291,7200
9709,1905291,6700
9710,2385,500000
9711,1905291,8500
9712,1905291,6400
9713,1905291,7200
9714,1905291,5200
9715,2385,500000
9716,2385,500000
9717,1905291,7020
9718,1905291,4200
9719,1905291,10000
9720,1905291,3400
9721,1905291,8200
9722,1905291,6400
9723,2385,500000
9724,1905291,3900
9725,2385,500000
9726,2385,500000
9727,2385,500000
9728,1905291,5900
9729,1905291,5800
9730,2385,500000
9731,1905291,5700
9732,2385,500000
9733,2385,500000
9734,1905291,3700
9735,2385,500000
9736,1905291,9200
9737,1905291,24300
9738,1905291,3700
9739,2385,500000
9740,2385,500000
9741,1905291,4000
9742,1905291,3700
9743,1905291,5200
9744,1905291,3700
9745,2385,500000
9746,1905291,8100
9747,1905291,4300
9748,2385,500000
9749,2385,500000
9750,2385,500000
9751,2385,500000
9752,2385,500000
9753,1905291,3800
9754,1905291,12000
9755,1905291,8800
9756,2385,500000
9757,1905291,58900
9758,2385,500000
9759,2385,500000
9760,1905291,9300
9761,2385,500000
9762,1905291,3300
9763,1905291,5900
9764,1905291,5700
9765,1905291,3400
9766,2385,500000
9767,2385,500000
9768,2385,500000
9769,2385,500000
9770,2385,500000
9771,1905291,8400
9772,1905291,29000
9773,2385,500000
9774,1905291,5800
9775,1905291,7010
9776,1905291,6400
9777,1905291,6300
9778,1905291,4700
9779,1905291,5900
9780,2385,500000
9781,1905291,5800
9782,1905291,4400
9783,1905291,4400
9784,1905291,6100
9785,1905291,4700
9786,1905291,3700
9787,1905291,6500
9788,2385,500000
9789,1905291,5200
9790,2385,500000
9791,1905291,3200
9792,1905291,5000
9793,1905291,4600
9794,1905291,3100
9795,2385,500000
9796,2385,500000
9797,2385,500000
9798,1905291,5320
9799,1905291,4600
9800,2385,500000
9801,2385,500000
9802,1905291,5200
9803,2385,500000
9804,2385,500000
9805,2385,500000
9806,1905291,2500
9807,1905291,12700
9808,1905291,46400
9809,1905291,2800
9810,1905291,5000
9811,1905291,4100
9812,2385,500000
9813,2385,500000
9814,1905291,4200
9815,2385,500000
9816,1905291,3700
9817,1905291,3700
9818,1905291,3400
9819,2385,500000
9820,1905291,6400
9821,1905291,4600
9822,2385,500000
9823,2385,500000
9824,2385,500000
9825,1905291,3400
9826,2385,500000
9827,1905291,6500
9828,2385,500000
9829,1905291,7600
9830,2385,500000
9831,1905291,4700
9832,1905291,5600
9833,1905291,12500
9834,1905291,4100
9835,1905291,7900
9836,1905291,3900
9837,1905291,6500
9838,1905291,3900
9839,2385,500000
9840,1905291,2800
9841,1905291,14200
9842,1905291,5000
9843,1905291,5910
9844,2385,500000
9845,2385,500000
9846,2385,500000
9847,1905291,8800
9848,2385,500000
9849,1905291,4100
9850,1905291,5800
9851,2385,500000
9852,1905291,6900
9853,2385,500000
9854,2385,500000
9855,1905291,4700
9856,1905291,15600
9857,1905291,7400
9858,2385,500000
9859,1905291,5000
9860,2385,500000
9861,1905291,4100
9862,1905291,3300
9863,2385,500000
9864,2385,500000
9865,1905291,7600
9866,1905291,9600
9867,2385,500000
9868,1905291,3600
9869,2385,500000
9870,1905291,59500
9871,1905291,13900
9872,1905291,13300
9873,1905291,4300
9874,2385,500000
9875,1905291,5500
9876,2385,500000
9877,1905291,6000
9878,1905291,2000
9879,1905291,3800
9880,1905291,3100
9881,1905291,4000
9882,2385,500000
9883,1905291,6800
9884,2385,500000
9885,1905291,23600
9886,2385,500000
9887,1905291,28300
9888,2385,500000
9889,1905291,3300
9890,2385,500000
9891,1905291,3200
9892,1905291,4700
9893,1905291,4000
9894,2385,500000
9895,1905291,5900
9896,1905291,5100
9897,1905291,7300
9898,1905291,5700
9899,2385,500000
9900,1905291,8700
9901,2385,500000
9902,2385,500000
9903,2385,500000
9904,2385,500000
9905,1905291,6100
9906,2385,500000
9907,2385,500000
9908,2385,500000
9909,1905291,3800
9910,2385,500000
9911,2385,500000
9912,1905291,7600
9913,1905291,3800
9914,2385,500000
9915,1905291,8700
9916,1905291,3800
9917,2385,500000
9918,1905291,4200
9919,1905291,6100
9920,1905291,3800
9921,1905291,4600
9922,1905291,3000
9923,1905291,7600
9924,2385,500000
9925,1905291,7700
9926,2385,500000
9927,2385,500000
9928,1905291,3600
9929,2385,500000
9930,1905291,4300
9931,2385,500000
9932,2385,500000
9933,1905291,5400
9934,1905291,8700
9935,1905291,3400
9936,2385,500000
9937,2385,500000
9938,1905291,3500
9939,2385,500000
9940,2385,500000
9941,1905291,4900
9942,1905291,6600
9943,2385,500000
9944,1905291,7000
9945,1905291,6400
9946,1905291,3800
9947,2385,500000
9948,2385,500000
9949,2385,500000
9950,1905291,4100
9951,1905291,7600
9952,1905291,7900
9953,2385,500000
9954,1905291,7300
9955,1905291,7000
9956,2385,500000
9957,1905291,3210
9958,1905291,5100
9959,2385,500000
9960,1905291,5100
9961,1905291,14300
9962,1905291,3700
9963,1905291,5200
9964,1905291,4210
9965,1905291,11200
9966,1905291,8700
9967,1905291,5600
9968,2385,500000
9969,1905291,5800
9970,2385,500000
9971,1905291,2600
9972,2385,500000
9973,2385,500000
9974,2385,500000
9975,1905291,11600
9976,2385,500000
9977,2385,500000
9978,2385,500000
9979,2385,500000
9980,2385,500000
9981,1905291,3400
9982,2385,500000
9983,1905291,8300
9984,1905291,32600
9985,2385,500000
9986,1905291,5000
9987,2385,500000
9988,1905291,3300
9989,1905291,3500
9990,1905291,4800
9991,2385,500000
9992,1905291,9300
9993,2385,500000
9994,1905291,5000
9995,1905291,5310
9996,2385,500000
9997,2385,500000
9998,2385,500000
9999,1905291,6400
10000,2385,500000
10001,5729338,290
10002,5729338,60
10003,5729338,140
10004,5729338,40
10005,5729338,150
10006,5729338,90
10007,5729338,90
10008,5729338,90
10009,5729338,250
10010,5729338,940
10011,5729338,70
10012,5729338,60
10013,5729338,140
10014,5729338,70
10015,5729338,90
10016,5729338,140
10017,5729338,500
10018,5729338,1300
10019,5729338,120
10020,5729338,220
10021,5729338,320
10022,5729338,630
10023,5729338,250
10024,5729338,60
10025,5729338,290
10026,5729338,80
10027,5729338,1900
10028,5729338,100
10029,5729338,170
10030,5729338,60
10031,5729338,10
10032,5729338,60
10033,5729338,20
10034,5729338,10
10035,5729338,30
10036,5729338,20
10037,5729338,1300
10038,5729338,290
10039,5729338,30
10040,5729338,440
10041,5729338,250
10042,5729338,200
10043,5729338,60
10044,5729338,40
10045,5729338,420
10046,5729338,70
10047,5729338,320
10048,5729338,290
10049,5729338,10
10050,5729338,50
10051,5729338,110
10052,5729338,220
10053,5729338,190
10054,5729338,40
10055,5729338,130
10056,5729338,40
10057,5729338,170
10058,5729338,60
10059,5729338,120
10060,5729338,40
10061,5729338,140
10062,5729338,880
10063,5729338,1970
10064,5729338,150
10065,5729338,70
10066,5729338,40
10067,5729338,1300
10068,5729338,130
10069,5729338,90
10070,5729338,1310
10071,5729338,160
10072,5729338,590
10073,5729338,90
10074,5729338,50
10075,5729338,210
10076,5729338,220
10077,5729338,90
10078,5729338,360
10079,5729338,200
10080,5729338,30
10081,5729338,630
10082,5729338,230
10083,5729338,340
10084,5729338,270
10085,5729338,90
10086,5729338,100
10087,5729338,150
10088,5729338,40
10089,5729338,60
10090,5729338,170
10091,5729338,1370
10092,5729338,230
10093,5729338,650
10094,5729338,170
10095,5729338,160
10096,5729338,150
10097,5729338,590
10098,5729338,140
10099,5729338,30
10100,5729338,150
10101,5729338,340
10102,5729338,30
10103,5729338,530
10104,5729338,60
10105,5729338,90
10106,5729338,60
10107,5729338,70
10108,5729338,90
10109,5729338,420
10110,5729338,130
10111,5729338,200
10112,5729338,420
10113,5729338,60
10114,5729338,60
10115,5729338,20
10116,5729338,20
10117,5729338,190
10118,5729338,50
10119,5729338,70
10120,5729338,60
10121,5729338,70
10122,5729338,150
10123,5729338,120
10124,5729338,60
10125,5729338,170
10126,5729338,120
10127,5729338,160
10128,5729338,50
10129,5729338,10
10130,5729338,30
10131,5729338,360
10132,5729338,120
10133,5729338,120
10134,5729338,500
10135,5729338,60
10136,5729338,50
10137,5729338,120
10138,5729338,230
10139,5729338,50
10140,5729338,170
10141,5729338,100
10142,5729338,500
10143,5729338,290
10144,5729338,160
10145,5729338,590
10146,5729338,170
10147,5729338,20
10148,5729338,10
10149,5729338,30
10150,5729338,30
10151,5729338,420
10152,5729338,60
10153,5729338,60
10154,5729338,150
10155,5729338,380
10156,5729338,60
10157,5729338,90
10158,5729338,140
10159,5729338,220
10160,5729338,300
10161,5729338,650
10162,5729338,60
10163,5729338,230
10164,5729338,40
10165,5729338,360
10166,5729338,130
10167,5729338,90
10168,5729338,90
10169,5729338,60
10170,5729338,120
10171,5729338,130
10172,5729338,190
10173,5729338,120
10174,5729338,20
10175,5729338,650
10176,5729338,60
10177,5729338,60
10178,5729338,30
10179,5729338,400
10180,5729338,380
10181,5729338,140
10182,5729338,20
10183,5729338,70
10184,5729338,20
10185,5729338,30
10186,5729338,500
10187,5729338,200
10188,5729338,110
10189,5729338,140
10190,5729338,200
10191,5729338,230
10192,5729338,90
10193,5729338,20
10194,5729338,30
10195,5729338,500
10196,5729338,30
10197,5729338,880
10198,5729338,70
10199,5729338,290
10200,5729338,880
10201,5729338,160
10202,5729338,170
10203,5729338,150
10204,5729338,20
10205,5729338,170
10206,5729338,60
10207,5729338,1300
10208,5729338,50
10209,5729338,150
10210,5729338,420
10211,5729338,80
10212,5729338,140
10213,5729338,70
10214,5729338,60
10215,5729338,50
10216,5729338,230
10217,5729338,220
10218,5729338,170
10219,5729338,10
10220,5729338,70
10221,5729338,10
10222,5729338,20
10223,5729338,150
10224,5729338,150
10225,5729338,200
10226,5729338,680
10227,5729338,420
10228,5729338,230
10229,5729338,20
10230,5729338,190
10231,5729338,20
10232,5729338,50
10233,5729338,100
10234,5729338,160
10235,5729338,50
10236,5729338,220
10237,5729338,110
10238,5729338,60
10239,5729338,30
10240,5729338,50
10241,5729338,120
10242,5729338,30
10243,5729338,60
10244,5729338,60
10245,5729338,220
10246,5729338,150
10247,5729338,380
10248,5729338,30
10249,5729338,120
10250,5729338,160
10251,5729338,50
10252,5729338,120
10253,5729338,80
10254,5729338,90
10255,5729338,100
10256,5729338,250
10257,5729338,150
10258,5729338,70
10259,5729338,290
10260,5729338,90
10261,5729338,120
10262,5729338,590
10263,5729338,140
10264,5729338,20
10265,5729338,320
10266,5729338,590
10267,5729338,60
10268,5729338,20
10269,5729338,150
10270,5729338,190
10271,5729338,70
10272,5729338,440
10273,5729338,30
10274,5729338,110
10275,5729338,20
10276,5729338,120
10277,5729338,1300
10278,5729338,200
10279,5729338,160
10280,5729338,270
10281,5729338,120
10282,5729338,60
10283,5729338,160
10284,5729338,570
10285,5729338,60
10286,5729338,200
10287,5729338,170
10288,5729338,1630
10289,5729338,880
10290,5729338,650
10291,5729338,650
10292,5729338,550
10293,5729338,640
10294,5729338,140
10295,5729338,170
10296,5729338,60
10297,5729338,40
10298,5729338,120
10299,5729338,650
10300,5729338,90
10301,5729338,90
10302,5729338,340
10303,5729338,150
10304,5729338,220
10305,5729338,100
10306,5729338,150
10307,5729338,90
10308,5729338,90
10309,5729338,170
10310,5729338,40
10311,5729338,40
10312,5729338,930
10313,5729338,40
10314,5729338,140
10315,5729338,20
10316,5729338,170
10317,5729338,880
10318,5729338,380
10319,5729338,10
10320,5729338,140
10321,5729338,90
10322,5729338,140
10323,5729338,150
10324,5729338,20
10325,5729338,380
10326,5729338,190
10327,5729338,70
10328,5729338,20
10329,5729338,1300
10330,5729338,470
10331,5729338,50
10332,5729338,110
10333,5729338,380
10334,5729338,10
10335,5729338,20
10336,5729338,250
10337,5729338,10
10338,5729338,90
10339,5729338,440
10340,5729338,50
10341,5729338,200
10342,5729338,20
10343,5729338,40
10344,5729338,200
10345,5729338,120
10346,5729338,20
10347,5729338,60
10348,5729338,20
10349,5729338,140
10350,5729338,880
10351,5729338,50
10352,5729338,270
10353,5729338,120
10354,5729338,60
10355,5729338,220
10356,5729338,380
10357,5729338,590
10358,5729338,1320
10359,5729338,30
10360,5729338,100
10361,5729338,20
10362,5729338,70
10363,5729338,530
10364,5729338,160
10365,5729338,160
10366,5729338,40
10367,5729338,100
10368,5729338,250
10369,5729338,90
10370,5729338,50
10371,5729338,130
10372,5729338,200
10373,5729338,470
10374,5729338,50
10375,5729338,160
10376,5729338,30
10377,5729338,140
10378,5729338,140
10379,5729338,50
10380,5729338,90
10381,5729338,40
10382,5729338,70
10383,5729338,290
10384,5729338,320
10385,5729338,40
10386,5729338,40
10387,5729338,300
10388,5729338,20
10389,5729338,880
10390,5729338,290
10391,5729338,120
10392,5729338,60
10393,5729338,60
10394,5729338,310
10395,5729338,230
10396,5729338,70
10397,5729338,50
10398,5729338,880
10399,5729338,30
10400,5729338,420
10401,5729338,160
10402,5729338,50
10403,5729338,460
10404,5729338,650
10405,5729338,70
10406,5729338,90
10407,5729338,100
10408,5729338,360
10409,5729338,90
10410,5729338,50
10411,5729338,220
10412,5729338,1890
10413,5729338,430
10414,5729338,260
10415,5729338,30
10416,5729338,120
10417,5729338,60
10418,5729338,60
10419,5729338,440
10420,5729338,170
10421,5729338,90
10422,5729338,70
10423,5729338,140
10424,5729338,60
10425,5729338,100
10426,5729338,270
10427,5729338,140
10428,5729338,100
10429,5729338,50
10430,5729338,90
10431,5729338,380
10432,5729338,140
10433,5729338,140
10434,5729338,50
10435,5729338,650
10436,5729338,1300
10437,5729338,60
10438,5729338,50
10439,5729338,30
10440,5729338,120
10441,5729338,40
10442,5729338,40
10443,5729338,20
10444,5729338,530
10445,5729338,30
10446,5729338,160
10447,5729338,100
10448,5729338,290
10449,5729338,60
10450,5729338,90
10451,5729338,70
10452,5729338,220
10453,5729338,320
10454,5729338,140
10455,5729338,520
10456,5729338,670
10457,5729338,10
10458,5729338,350
10459,5729338,40
10460,5729338,20
10461,5729338,50
10462,5729338,630
10463,5729338,130
10464,5729338,140
10465,5729338,60
10466,5729338,80
10467,5729338,930
10468,5729338,20
10469,5729338,50
10470,5729338,50
10471,5729338,950
10472,5729338,60
10473,5729338,60
10474,5729338,70
10475,5729338,340
10476,5729338,100
10477,5729338,160
10478,5729338,40
10479,5729338,420
10480,5729338,140
10481,5729338,80
10482,5729338,80
10483,5729338,630
10484,5729338,500
10485,5729338,200
10486,5729338,150
10487,5729338,50
10488,5729338,110
10489,5729338,720
10490,5729338,250
10491,5729338,140
10492,5729338,170
10493,5729338,450
10494,5729338,20
10495,5729338,170
10496,5729338,590
10497,5729338,10
10498,5729338,520
10499,5729338,50
10500,5729338,510
10501,5729338,60
10502,5729338,60
10503,5729338,540
10504,5729338,210
10505,5729338,20
10506,5729338,100
10507,5729338,150
10508,5729338,340
10509,5729338,240
10510,5729338,130
10511,5729338,20
10512,5729338,590
10513,5729338,100
10514,5729338,150
10515,5729338,270
10516,5729338,50
10517,5729338,120
10518,5729338,140
10519,5729338,20
10520,5729338,60
10521,5729338,250
10522,5729338,50
10523,5729338,840
10524,5729338,140
10525,5729338,10
10526,5729338,880
10527,5729338,220
10528,5729338,930
10529,5729338,330
10530,5729338,170
10531,5729338,70
10532,5729338,80
10533,5729338,220
10534,5729338,130
10535,5729338,70
10536,5729338,230
10537,5729338,160
10538,5729338,340
10539,5729338,20
10540,5729338,40
10541,5729338,200
10542,5729338,490
10543,5729338,60
10544,5729338,60
10545,5729338,160
10546,5729338,270
10547,5729338,180
10548,5729338,80
10549,5729338,630
10550,5729338,60
10551,5729338,40
10552,5729338,140
10553,5729338,260
10554,5729338,50
10555,5729338,80
10556,5729338,60
10557,5729338,340
10558,5729338,650
10559,5729338,230
10560,5729338,40
10561,5729338,60
10562,5729338,60
10563,5729338,170
10564,5729338,250
10565,5729338,70
10566,5729338,100
10567,5729338,150
10568,5729338,140
10569,5729338,930
10570,5729338,880
10571,5729338,150
10572,5729338,70
10573,5729338,300
10574,5729338,40
10575,5729338,40
10576,5729338,30
10577,5729338,10
10578,5729338,500
10579,5729338,170
10580,5729338,140
10581,5729338,50
10582,5729338,40
10583,5729338,80
10584,5729338,120
10585,5729338,20
10586,5729338,140
10587,5729338,60
10588,5729338,200
10589,5729338,20
10590,5729338,1300
10591,5729338,220
10592,5729338,90
10593,5729338,90
10594,5729338,360
10595,5729338,220
10596,5729338,60
10597,5729338,40
10598,5729338,720
10599,5729338,110
10600,5729338,40
10601,5729338,160
10602,5729338,30
10603,5729338,630
10604,5729338,440
10605,5729338,100
10606,5729338,290
10607,5729338,220
10608,5729338,40
10609,5729338,30
10610,5729338,380
10611,5729338,340
10612,5729338,90
10613,5729338,140
10614,5729338,50
10615,5729338,90
10616,5729338,140
10617,5729338,220
10618,5729338,60
10619,5729338,60
10620,5729338,200
10621,5729338,20
10622,5729338,110
10623,5729338,290
10624,5729338,40
10625,5729338,60
10626,5729338,20
10627,5729338,120
10628,5729338,720
10629,5729338,60
10630,5729338,940
10631,5729338,40
10632,5729338,290
10633,5729338,170
10634,5729338,1990
10635,5729338,220
10636,5729338,250
10637,5729338,160
10638,5729338,20
10639,5729338,90
10640,5729338,630
10641,5729338,40
10642,5729338,80
10643,5729338,30
10644,5729338,130
10645,5729338,170
10646,5729338,60
10647,5729338,120
10648,5729338,890
10649,5729338,90
10650,5729338,30
10651,5729338,60
10652,5729338,390
10653,5729338,90
10654,5729338,130
10655,5729338,200
10656,5729338,30
10657,5729338,230
10658,5729338,250
10659,5729338,20
10660,5729338,100
10661,5729338,140
10662,5729338,90
10663,5729338,440
10664,5729338,80
10665,5729338,20
10666,5729338,40
10667,5729338,720
10668,5729338,250
10669,5729338,60
10670,5729338,1300
10671,5729338,90
10672,5729338,170
10673,5729338,120
10674,5729338,50
10675,5729338,140
10676,5729338,10
10677,5729338,270
10678,5729338,90
10679,5729338,240
10680,5729338,40
10681,5729338,150
10682,5729338,290
10683,5729338,320
10684,5729338,90
10685,5729338,60
10686,5729338,1360
10687,5729338,150
10688,5729338,150
10689,5729338,130
10690,5729338,60
10691,5729338,30
10692,5729338,140
10693,5729338,10
10694,5729338,150
10695,5729338,350
10696,5729338,30
10697,5729338,20
10698,5729338,590
10699,5729338,100
10700,5729338,20
10701,5729338,140
10702,5729338,320
10703,5729338,40
10704,5729338,70
10705,5729338,150
10706,5729338,20
10707,5729338,80
10708,5729338,90
10709,5729338,60
10710,5729338,90
10711,5729338,1890
10712,5729338,140
10713,5729338,60
10714,5729338,60
10715,5729338,90
10716,5729338,220
10717,5729338,160
10718,5729338,50
10719,5729338,80
10720,5729338,880
10721,5729338,20
10722,5729338,140
10723,5729338,160
10724,5729338,20
10725,5729338,70
10726,5729338,230
10727,5729338,440
10728,5729338,70
10729,5729338,140
10730,5729338,40
10731,5729338,30
10732,5729338,100
10733,5729338,30
10734,5729338,60
10735,5729338,120
10736,5729338,200
10737,5729338,60
10738,5729338,20
10739,5729338,20
10740,5729338,170
10741,5729338,40
10742,5729338,230
10743,5729338,380
10744,5729338,20
10745,5729338,10
10746,5729338,420
10747,5729338,60
10748,5729338,220
10749,5729338,40
10750,5729338,20
10751,5729338,10
10752,5729338,70
10753,5729338,200
10754,5729338,190
10755,5729338,30
10756,5729338,120
10757,5729338,50
10758,5729338,230
10759,5729338,30
10760,5729338,50
10761,5729338,70
10762,5729338,110
10763,5729338,90
10764,5729338,390
10765,5729338,10
10766,5729338,160
10767,5729338,380
10768,5729338,1890
10769,5729338,200
10770,5729338,130
10771,5729338,50
10772,5729338,110
10773,5729338,20
10774,5729338,30
10775,5729338,120
10776,5729338,630
10777,5729338,170
10778,5729338,880
10779,5729338,60
10780,5729338,170
10781,5729338,420
10782,5729338,20
10783,5729338,60
10784,5729338,90
10785,5729338,40
10786,5729338,60
10787,5729338,80
10788,5729338,60
10789,5729338,120
10790,5729338,30
10791,5729338,90
10792,5729338,20
10793,5729338,20
10794,5729338,40
10795,5729338,40
10796,5729338,230
10797,5729338,500
10798,5729338,10
10799,5729338,170
10800,5729338,380
10801,5729338,170
10802,5729338,40
10803,5729338,440
10804,5729338,30
10805,5729338,160
10806,5729338,60
10807,5729338,120
10808,5729338,100
10809,5729338,60
10810,5729338,630
10811,5729338,40
10812,5729338,590
10813,5729338,190
10814,5729338,590
10815,5729338,50
10816,5729338,100
10817,5729338,200
10818,5729338,340
10819,5729338,60
10820,5729338,40
10821,5729338,100
10822,5729338,30
10823,5729338,20
10824,5729338,220
10825,5729338,630
10826,5729338,500
10827,5729338,90
10828,5729338,50
10829,5729338,200
10830,5729338,100
10831,5729338,60
10832,5729338,930
10833,5729338,60
10834,5729338,100
10835,5729338,160
10836,5729338,320
10837,5729338,20
10838,5729338,90
10839,5729338,110
10840,5729338,380
10841,5729338,200
10842,5729338,110
10843,5729338,170
10844,5729338,120
10845,5729338,930
10846,5729338,200
10847,5729338,170
10848,5729338,80
10849,5729338,60
10850,5729338,70
10851,5729338,20
10852,5729338,110
10853,5729338,50
10854,5729338,30
10855,5729338,360
10856,5729338,20
10857,5729338,60
10858,5729338,590
10859,5729338,10
10860,5729338,30
10861,5729338,650
10862,5729338,440
10863,5729338,230
10864,5729338,390
10865,5729338,420
10866,5729338,140
10867,5729338,130
10868,5729338,170
10869,5729338,90
10870,5729338,500
10871,5729338,100
10872,5729338,1300
10873,5729338,140
10874,5729338,240
10875,5729338,1890
10876,5729338,90
10877,5729338,20
10878,5729338,880
10879,5729338,20
10880,5729338,20
10881,5729338,340
10882,5729338,440
10883,5729338,30
10884,5729338,30
10885,5729338,140
10886,5729338,630
10887,5729338,230
10888,5729338,20
10889,5729338,30
10890,5729338,90
10891,5729338,630
10892,5729338,590
10893,5729338,70
10894,5729338,30
10895,5729338,160
10896,5729338,340
10897,5729338,90
10898,5729338,80
10899,5729338,290
10900,5729338,80
10901,5729338,20
10902,5729338,60
10903,5729338,220
10904,5729338,90
10905,5729338,130
10906,5729338,40
10907,5729338,380
10908,5729338,20
10909,5729338,80
10910,5729338,200
10911,5729338,60
10912,5729338,200
10913,5729338,40
10914,5729338,190
10915,5729338,30
10916,5729338,930
10917,5729338,20
10918,5729338,80
10919,5729338,440
10920,5729338,120
10921,5729338,250
10922,5729338,200
10923,5729338,230
10924,5729338,200
10925,5729338,70
10926,5729338,90
10927,5729338,340
10928,5729338,90
10929,5729338,40
10930,5729338,140
10931,5729338,120
10932,5729338,50
10933,5729338,420
10934,5729338,760
10935,5729338,40
10936,5729338,340
10937,5729338,40
10938,5729338,150
10939,5729338,140
10940,5729338,1370
10941,5729338,70
10942,5729338,500
10943,5729338,60
10944,5729338,590
10945,5729338,160
10946,5729338,190
10947,5729338,380
10948,5729338,50
10949,5729338,20
10950,5729338,90
10951,5729338,10
10952,5729338,40
10953,5729338,300
10954,5729338,120
10955,5729338,40
10956,5729338,50
10957,5729338,150
10958,5729338,150
10959,5729338,90
10960,5729338,20
10961,5729338,150
10962,5729338,40
10963,5729338,50
10964,5729338,40
10965,5729338,90
10966,5729338,880
10967,5729338,20
10968,5729338,360
10969,5729338,40
10970,5729338,290
10971,5729338,80
10972,5729338,630
10973,5729338,100
10974,5729338,20
10975,5729338,630
10976,5729338,20
10977,5729338,80
10978,5729338,140
10979,5729338,890
10980,5729338,10
10981,5729338,360
10982,5729338,90
10983,5729338,220
10984,5729338,50
10985,5729338,60
10986,5729338,30
10987,5729338,80
10988,5729338,100
10989,5729338,90
10990,5729338,130
10991,5729338,40
10992,5729338,150
10993,5729338,200
10994,5729338,140
10995,5729338,650
10996,5729338,290
10997,5729338,290
10998,5729338,60
10999,5729338,90
11000,5729338,230
11001,5729338,120
11002,5729338,110
11003,5729338,340
11004,5729338,150
11005,5729338,90
11006,5729338,1890
11007,5729338,360
11008,5729338,40
11009,5729338,200
11010,5729338,40
11011,5729338,70
11012,5729338,140
11013,5729338,60
11014,5729338,340
11015,5729338,340
11016,5729338,20
11017,5729338,30
11018,5729338,90
11019,5729338,60
11020,5729338,40
11021,5729338,190
11022,5729338,80
11023,5729338,40
11024,5729338,20
11025,5729338,40
11026,5729338,630
11027,5729338,320
11028,5729338,630
11029,5729338,30
11030,5729338,50
11031,5729338,40
11032,5729338,290
11033,5729338,10
11034,5729338,20
11035,5729338,120
11036,5729338,40
11037,5729338,20
11038,5729338,420
11039,5729338,150
11040,5729338,150
11041,5729338,650
11042,5729338,650
11043,5729338,140
11044,5729338,80
11045,5729338,60
11046,5729338,50
11047,5729338,70
11048,5729338,40
11049,5729338,50
11050,5729338,40
11051,5729338,500
11052,5729338,140
11053,5729338,290
11054,5729338,60
11055,5729338,60
11056,5729338,200
11057,5729338,20
11058,5729338,630
11059,5729338,10
11060,5729338,60
11061,5729338,40
11062,5729338,120
11063,5729338,160
11064,5729338,60
11065,5729338,10
11066,5729338,60
11067,5729338,220
11068,5729338,10
11069,5729338,230
11070,5729338,120
11071,5729338,140
11072,5729338,140
11073,5729338,20
11074,5729338,200
11075,5729338,20
11076,5729338,90
11077,5729338,140
11078,5729338,50
11079,5729338,90
11080,5729338,100
11081,5729338,20
11082,5729338,110
11083,5729338,50
11084,5729338,160
11085,5729338,250
11086,5729338,20
11087,5729338,20
11088,5729338,220
11089,5729338,90
11090,5729338,90
11091,5729338,140
11092,5729338,110
11093,5729338,30
11094,5729338,220
11095,5729338,90
11096,5729338,60
11097,5729338,140
11098,5729338,30
11099,5729338,120
11100,5729338,50
11101,5729338,50
11102,5729338,10
11103,5729338,50
11104,5729338,10
11105,5729338,20
11106,5729338,120
11107,5729338,50
11108,5729338,570
11109,5729338,60
11110,5729338,120
11111,5729338,20
11112,5729338,100
11113,5729338,290
11114,5729338,160
11115,5729338,120
11116,5729338,120
11117,5729338,220
11118,5729338,320
11119,5729338,230
11120,5729338,120
11121,5729338,10
11122,5729338,880
11123,5729338,160
11124,5729338,60
11125,5729338,90
11126,5729338,880
11127,5729338,10
11128,5729338,90
11129,5729338,10
11130,5729338,30
11131,5729338,150
11132,5729338,100
11133,5729338,20
11134,5729338,150
11135,5729338,290
11136,5729338,20
11137,5729338,360
11138,5729338,1350
11139,5729338,70
11140,5729338,20
11141,5729338,880
11142,5729338,30
11143,5729338,30
11144,5729338,100
11145,5729338,90
11146,5729338,120
11147,5729338,50
11148,5729338,160
11149,5729338,70
11150,5729338,10
11151,5729338,100
11152,5729338,200
11153,5729338,170
11154,5729338,320
11155,5729338,140
11156,5729338,90
11157,5729338,200
11158,5729338,160
11159,5729338,10
11160,5729338,310
11161,5729338,10
11162,5729338,30
11163,5729338,650
11164,5729338,50
11165,5729338,130
11166,5729338,420
11167,5729338,290
11168,5729338,1300
11169,5729338,40
11170,5729338,630
11171,5729338,60
11172,5729338,80
11173,5729338,90
11174,5729338,100
11175,5729338,1900
11176,5729338,170
11177,5729338,10
11178,5729338,10
11179,5729338,180
11180,5729338,170
11181,5729338,140
11182,5729338,30
11183,5729338,20
11184,5729338,230
11185,5729338,90
11186,5729338,340
11187,5729338,170
11188,5729338,10
11189,5729338,120
11190,5729338,100
11191,5729338,620
11192,5729338,230
11193,5729338,60
11194,5729338,110
11195,5729338,60
11196,5729338,390
11197,5729338,480
11198,5729338,880
11199,5729338,1350
11200,5729338,250
11201,5729338,140
11202,5729338,80
11203,5729338,30
11204,5729338,530
11205,5729338,340
11206,5729338,30
11207,5729338,1890
11208,5729338,300
11209,5729338,220
11210,5729338,100
11211,5729338,140
11212,5729338,30
11213,5729338,200
11214,5729338,140
11215,5729338,90
11216,5729338,200
11217,5729338,220
11218,5729338,290
11219,5729338,380
11220,5729338,140
11221,5729338,590
11222,5729338,160
11223,5729338,930
11224,5729338,30
11225,5729338,100
11226,5729338,60
11227,5729338,40
11228,5729338,30
11229,5729338,40
11230,5729338,20
11231,5729338,20
11232,5729338,100
11233,5729338,10
11234,5729338,20
11235,5729338,290
11236,5729338,100
11237,5729338,250
11238,5729338,40
11239,5729338,140
11240,5729338,650
11241,5729338,590
11242,5729338,60
11243,5729338,140
11244,5729338,50
11245,5729338,1300
11246,5729338,170
11247,5729338,380
11248,5729338,60
11249,5729338,220
11250,5729338,60
11251,5729338,220
11252,5729338,60
11253,5729338,380
11254,5729338,360
11255,5729338,70
11256,5729338,340
11257,5729338,130
11258,5729338,240
11259,5729338,220
11260,5729338,20
11261,5729338,170
11262,5729338,10
11263,5729338,10
11264,5729338,290
11265,5729338,160
11266,5729338,50
11267,5729338,70
11268,5729338,120
11269,5729338,530
11270,5729338,100
11271,5729338,20
11272,5729338,480
11273,5729338,320
11274,5729338,440
11275,5729338,650
11276,5729338,30
11277,5729338,160
11278,5729338,60
11279,5729338,10
11280,5729338,160
11281,5729338,380
11282,5729338,120
11283,5729338,20
11284,5729338,30
11285,5729338,70
11286,5729338,50
11287,5729338,90
11288,5729338,40
11289,5729338,340
11290,5729338,20
11291,5729338,160
11292,5729338,40
11293,5729338,120
11294,5729338,90
11295,5729338,650
11296,5729338,50
11297,5729338,110
11298,5729338,120
11299,5729338,530
11300,5729338,140
11301,5729338,160
11302,5729338,880
11303,5729338,320
11304,5729338,80
11305,5729338,80
11306,5729338,90
11307,5729338,200
11308,5729338,90
11309,5729338,20
11310,5729338,20
11311,5729338,20
11312,5729338,70
11313,5729338,950
11314,5729338,390
11315,5729338,270
11316,5729338,80
11317,5729338,760
11318,5729338,100
11319,5729338,140
11320,5729338,60
11321,5729338,70
11322,5729338,60
11323,5729338,90
11324,5729338,20
11325,5729338,160
11326,5729338,30
11327,5729338,50
11328,5729338,170
11329,5729338,340
11330,5729338,20
11331,5729338,90
11332,5729338,140
11333,5729338,30
11334,5729338,650
11335,5729338,100
11336,5729338,200
11337,5729338,20
11338,5729338,40
11339,5729338,930
11340,5729338,30
11341,5729338,110
11342,5729338,90
11343,5729338,50
11344,5729338,10
11345,5729338,420
11346,5729338,140
11347,5729338,20
11348,5729338,500
11349,5729338,250
11350,5729338,30
11351,5729338,90
11352,5729338,30
11353,5729338,120
11354,5729338,140
11355,5729338,20
11356,5729338,380
11357,5729338,170
11358,5729338,20
11359,5729338,50
11360,5729338,90
11361,5729338,200
11362,5729338,960
11363,5729338,40
11364,5729338,230
11365,5729338,590
11366,5729338,140
11367,5729338,220
11368,5729338,220
11369,5729338,720
11370,5729338,60
11371,5729338,120
11372,5729338,930
11373,5729338,40
11374,5729338,100
11375,5729338,880
11376,5729338,10
11377,5729338,250
11378,5729338,30
11379,5729338,340
11380,5729338,60
11381,5729338,420
11382,5729338,70
11383,5729338,50
11384,5729338,230
11385,5729338,70
11386,5729338,40
11387,5729338,20
11388,5729338,160
11389,5729338,240
11390,5729338,60
11391,5729338,90
11392,5729338,70
11393,5729338,90
11394,5729338,270
11395,5729338,500
11396,5729338,650
11397,5729338,220
11398,5729338,50
11399,5729338,50
11400,5729338,200
11401,5729338,10
11402,5729338,670
11403,5729338,160
11404,5729338,50
11405,5729338,120
11406,5729338,50
11407,5729338,50
11408,5729338,50
11409,5729338,90
11410,5729338,320
11411,5729338,250
11412,5729338,20
11413,5729338,270
11414,5729338,20
11415,5729338,90
11416,5729338,30
11417,5729338,90
11418,5729338,150
11419,5729338,20
11420,5729338,60
11421,5729338,360
11422,5729338,90
11423,5729338,220
11424,5729338,1300
11425,5729338,20
11426,5729338,40
11427,5729338,440
11428,5729338,60
11429,5729338,50
11430,5729338,60
11431,5729338,30
11432,5729338,130
11433,5729338,100
11434,5729338,190
11435,5729338,110
11436,5729338,740
11437,5729338,50
11438,5729338,120
11439,5729338,130
11440,5729338,720
11441,5729338,110
11442,5729338,290
11443,5729338,100
11444,5729338,230
11445,5729338,590
11446,5729338,70
11447,5729338,10
11448,5729338,100
11449,5729338,290
11450,5729338,80
11451,5729338,290
11452,5729338,110
11453,5729338,110
11454,5729338,20
11455,5729338,70
11456,5729338,30
11457,5729338,190
11458,5729338,640
11459,5729338,20
11460,5729338,80
11461,5729338,260
11462,5729338,110
11463,5729338,20
11464,5729338,90
11465,5729338,930
11466,5729338,70
11467,5729338,290
11468,5729338,60
11469,5729338,140
11470,5729338,120
11471,5729338,20
11472,5729338,140
11473,5729338,30
11474,5729338,40
11475,5729338,140
11476,5729338,70
11477,5729338,740
11478,5729338,200
11479,5729338,20
11480,5729338,60
11481,5729338,100
11482,5729338,880
11483,5729338,20
11484,5729338,120
11485,5729338,500
11486,5729338,220
11487,5729338,80
11488,5729338,60
11489,5729338,90
11490,5729338,60
11491,5729338,90
11492,5729338,230
11493,5729338,420
11494,5729338,290
11495,5729338,70
11496,5729338,930
11497,5729338,80
11498,5729338,40
11499,5729338,360
11500,5729338,90
11501,5729338,50
11502,5729338,320
11503,5729338,30
11504,5729338,100
11505,5729338,30
11506,5729338,40
11507,5729338,650
11508,5729338,70
11509,5729338,90
11510,5729338,440
11511,5729338,120
11512,5729338,50
11513,5729338,140
11514,5729338,90
11515,5729338,60
11516,5729338,40
11517,5729338,120
11518,5729338,20
11519,5729338,230
11520,5729338,130
11521,5729338,150
11522,5729338,320
11523,5729338,160
11524,5729338,290
11525,5729338,40
11526,5729338,90
11527,5729338,420
11528,5729338,930
11529,5729338,20
11530,5729338,130
11531,5729338,30
11532,5729338,890
11533,5729338,590
11534,5729338,210
11535,5729338,20
11536,5729338,20
11537,5729338,70
11538,5729338,50
11539,5729338,230
11540,5729338,150
11541,5729338,30
11542,5729338,50
11543,5729338,220
11544,5729338,330
11545,5729338,20
11546,5729338,1370
11547,5729338,140
11548,5729338,120
11549,5729338,150
11550,5729338,30
11551,5729338,500
11552,5729338,40
11553,5729338,50
11554,5729338,320
11555,5729338,80
11556,5729338,40
11557,5729338,100
11558,5729338,160
11559,5729338,130
11560,5729338,60
11561,5729338,650
11562,5729338,70
11563,5729338,1350
11564,5729338,30
11565,5729338,80
11566,5729338,270
11567,5729338,90
11568,5729338,40
11569,5729338,60
11570,5729338,30
11571,5729338,270
11572,5729338,200
11573,5729338,30
11574,5729338,110
11575,5729338,30
11576,5729338,420
11577,5729338,320
11578,5729338,70
11579,5729338,220
11580,5729338,150
11581,5729338,220
11582,5729338,90
11583,5729338,200
11584,5729338,30
11585,5729338,30
11586,5729338,60
11587,5729338,650
11588,5729338,120
11589,5729338,90
11590,5729338,50
11591,5729338,220
11592,5729338,110
11593,5729338,50
11594,5729338,30
11595,5729338,250
11596,5729338,150
11597,5729338,30
11598,5729338,880
11599,5729338,80
11600,5729338,100
11601,5729338,60
11602,5729338,720
11603,5729338,150
11604,5729338,40
11605,5729338,350
11606,5729338,50
11607,5729338,30
11608,5729338,150
11609,5729338,220
11610,5729338,230
11611,5729338,470
11612,5729338,320
11613,5729338,590
11614,5729338,30
11615,5729338,40
11616,5729338,170
11617,5729338,50
11618,5729338,70
11619,5729338,60
11620,5729338,120
11621,5729338,150
11622,5729338,230
11623,5729338,20
11624,5729338,90
11625,5729338,140
11626,5729338,110
11627,5729338,290
11628,5729338,120
11629,5729338,220
11630,5729338,20
11631,5729338,40
11632,5729338,50
11633,5729338,420
11634,5729338,60
11635,5729338,60
11636,5729338,140
11637,5729338,100
11638,5729338,30
11639,5729338,630
11640,5729338,120
11641,5729338,10
11642,5729338,340
11643,5729338,220
11644,5729338,40
11645,5729338,160
11646,5729338,20
11647,5729338,40
11648,5729338,110
11649,5729338,140
11650,5729338,90
11651,5729338,150
11652,5729338,30
11653,5729338,60
11654,5729338,70
11655,5729338,470
11656,5729338,30
11657,5729338,910
11658,5729338,150
11659,5729338,200
11660,5729338,290
11661,5729338,80
11662,5729338,50
11663,5729338,270
11664,5729338,150
11665,5729338,290
11666,5729338,1300
11667,5729338,50
11668,5729338,120
11669,5729338,220
11670,5729338,220
11671,5729338,720
11672,5729338,140
11673,5729338,190
11674,5729338,200
11675,5729338,200
11676,5729338,500
11677,5729338,80
11678,5729338,70
11679,5729338,20
11680,5729338,100
11681,5729338,50
11682,5729338,290
11683,5729338,10
11684,5729338,450
11685,5729338,30
11686,5729338,50
11687,5729338,30
11688,5729338,120
11689,5729338,1350
11690,5729338,100
11691,5729338,270
11692,5729338,630
11693,5729338,50
11694,5729338,60
11695,5729338,50
11696,5729338,50
11697,5729338,150
11698,5729338,90
11699,5729338,150
11700,5729338,20
11701,5729338,70
11702,5729338,60
11703,5729338,320
11704,5729338,60
11705,5729338,220
11706,5729338,150
11707,5729338,90
11708,5729338,70
11709,5729338,290
11710,5729338,120
11711,5729338,40
11712,5729338,120
11713,5729338,20
11714,5729338,70
11715,5729338,470
11716,5729338,40
11717,5729338,30
11718,5729338,160
11719,5729338,90
11720,5729338,90
11721,5729338,30
11722,5729338,70
11723,5729338,380
11724,5729338,30
11725,5729338,90
11726,5729338,950
11727,5729338,230
11728,5729338,170
11729,5729338,160
11730,5729338,930
11731,5729338,140
11732,5729338,40
11733,5729338,90
11734,5729338,140
11735,5729338,80
11736,5729338,150
11737,5729338,40
11738,5729338,230
11739,5729338,60
11740,5729338,230
11741,5729338,230
11742,5729338,50
11743,5729338,930
11744,5729338,20
11745,5729338,220
11746,5729338,440
11747,5729338,90
11748,5729338,50
11749,5729338,320
11750,5729338,290
11751,5729338,150
11752,5729338,50
11753,5729338,100
11754,5729338,40
11755,5729338,90
11756,5729338,40
11757,5729338,70
11758,5729338,150
11759,5729338,80
11760,5729338,390
11761,5729338,60
11762,5729338,20
11763,5729338,90
11764,5729338,150
11765,5729338,20
11766,5729338,50
11767,5729338,530
11768,5729338,100
11769,5729338,150
11770,5729338,290
11771,5729338,300
11772,5729338,140
11773,5729338,140
11774,5729338,50
11775,5729338,180
11776,5729338,170
11777,5729338,690
11778,5729338,140
11779,5729338,10
11780,5729338,30
11781,5729338,140
11782,5729338,40
11783,5729338,90
11784,5729338,380
11785,5729338,10
11786,5729338,120
11787,5729338,150
11788,5729338,70
11789,5729338,60
11790,5729338,160
11791,5729338,20
11792,5729338,30
11793,5729338,200
11794,5729338,90
11795,5729338,80
11796,5729338,20
11797,5729338,530
11798,5729338,290
11799,5729338,120
11800,5729338,10
11801,5729338,20
11802,5729338,70
11803,5729338,50
11804,5729338,160
11805,5729338,90
11806,5729338,90
11807,5729338,30
11808,5729338,320
11809,5729338,650
11810,5729338,50
11811,5729338,120
11812,5729338,170
11813,5729338,90
11814,5729338,20
11815,5729338,60
11816,5729338,90
11817,5729338,90
11818,5729338,170
11819,5729338,500
11820,5729338,10
11821,5729338,430
11822,5729338,60
11823,5729338,70
11824,5729338,20
11825,5729338,50
11826,5729338,40
11827,5729338,130
11828,5729338,380
11829,5729338,50
11830,5729338,60
11831,5729338,340
11832,5729338,200
11833,5729338,80
11834,5729338,500
11835,5729338,50
11836,5729338,220
11837,5729338,60
11838,5729338,160
11839,5729338,1060
11840,5729338,20
11841,5729338,190
11842,5729338,20
11843,5729338,380
11844,5729338,200
11845,5729338,90
11846,5729338,170
11847,5729338,160
11848,5729338,230
11849,5729338,30
11850,5729338,160
11851,5729338,590
11852,5729338,70
11853,5729338,10
11854,5729338,110
11855,5729338,120
11856,5729338,270
11857,5729338,80
11858,5729338,90
11859,5729338,780
11860,5729338,290
11861,5729338,200
11862,5729338,160
11863,5729338,60
11864,5729338,90
11865,5729338,60
11866,5729338,20
11867,5729338,60
11868,5729338,30
11869,5729338,30
11870,5729338,80
11871,5729338,290
11872,5729338,20
11873,5729338,80
11874,5729338,230
11875,5729338,10
11876,5729338,20
11877,5729338,420
11878,5729338,140
11879,5729338,150
11880,5729338,30
11881,5729338,50
11882,5729338,90
11883,5729338,220
11884,5729338,90
11885,5729338,430
11886,5729338,20
11887,5729338,20
11888,5729338,310
11889,5729338,60
11890,5729338,400
11891,5729338,160
11892,5729338,160
11893,5729338,630
11894,5729338,290
11895,5729338,60
11896,5729338,340
11897,5729338,100
11898,5729338,130
11899,5729338,10
11900,5729338,270
11901,5729338,880
11902,5729338,80
11903,5729338,290
11904,5729338,40
11905,5729338,80
11906,5729338,90
11907,5729338,60
11908,5729338,60
11909,5729338,440
11910,5729338,100
11911,5729338,50
11912,5729338,90
11913,5729338,270
11914,5729338,80
11915,5729338,230
11916,5729338,40
11917,5729338,100
11918,5729338,1300
11919,5729338,320
11920,5729338,130
11921,5729338,10
11922,5729338,500
11923,5729338,50
11924,5729338,320
11925,5729338,120
11926,5729338,90
11927,5729338,120
11928,5729338,220
11929,5729338,70
11930,5729338,140
11931,5729338,940
11932,5729338,160
11933,5729338,220
11934,5729338,90
11935,5729338,720
11936,5729338,70
11937,5729338,40
11938,5729338,170
11939,5729338,140
11940,5729338,90
11941,5729338,200
11942,5729338,110
11943,5729338,30
11944,5729338,90
11945,5729338,90
11946,5729338,30
11947,5729338,1300
11948,5729338,10
11949,5729338,10
11950,5729338,20
11951,5729338,10
11952,5729338,80
11953,5729338,40
11954,5729338,630
11955,5729338,10
11956,5729338,30
11957,5729338,10
11958,5729338,80
11959,5729338,120
11960,5729338,350
11961,5729338,200
11962,5729338,1890
11963,5729338,220
11964,5729338,40
11965,5729338,60
11966,5729338,40
11967,5729338,40
11968,5729338,200
11969,5729338,20
11970,5729338,30
11971,5729338,40
11972,5729338,650
11973,5729338,50
11974,5729338,120
11975,5729338,170
11976,5729338,160
11977,5729338,120
11978,5729338,80
11979,5729338,150
11980,5729338,290
11981,5729338,50
11982,5729338,250
11983,5729338,40
11984,5729338,660
11985,5729338,250
11986,5729338,590
11987,5729338,90
11988,5729338,400
11989,5729338,50
11990,5729338,290
11991,5729338,1300
11992,5729338,140
11993,5729338,140
11994,5729338,140
11995,5729338,90
11996,5729338,420
11997,5729338,230
11998,5729338,30
11999,5729338,500
12000,5729338,420
12001,5729338,40
12002,5729338,200
12003,5729338,160
12004,5729338,60
12005,5729338,10
12006,5729338,40
12007,5729338,880
12008,5729338,150
12009,5729338,630
12010,5729338,40
12011,5729338,90
12012,5729338,90
12013,5729338,420
12014,5729338,220
12015,5729338,10
12016,5729338,1310
12017,5729338,50
12018,5729338,420
12019,5729338,90
12020,5729338,440
12021,5729338,60
12022,5729338,50
12023,5729338,250
12024,5729338,70
12025,5729338,60
12026,5729338,650
12027,5729338,120
12028,5729338,40
12029,5729338,40
12030,5729338,20
12031,5729338,320
12032,5729338,380
12033,5729338,30
12034,5729338,120
12035,5729338,270
12036,5729338,420
12037,5729338,60
12038,5729338,80
12039,5729338,200
12040,5729338,170
12041,5729338,200
12042,5729338,100
12043,5729338,440
12044,5729338,40
12045,5729338,170
12046,5729338,40
12047,5729338,30
12048,5729338,80
12049,5729338,170
12050,5729338,40
12051,5729338,20
12052,5729338,50
12053,5729338,30
12054,5729338,140
12055,5729338,220
12056,5729338,20
12057,5729338,650
12058,5729338,340
12059,5729338,200
12060,5729338,170
12061,5729338,10
12062,5729338,100
12063,5729338,20
12064,5729338,60
12065,5729338,250
12066,5729338,880
12067,5729338,50
12068,5729338,20
12069,5729338,110
12070,5729338,30
12071,5729338,40
12072,5729338,20
12073,5729338,500
12074,5729338,100
12075,5729338,1300
12076,5729338,320
12077,5729338,880
12078,5729338,60
12079,5729338,390
12080,5729338,40
12081,5729338,220
12082,5729338,930
12083,5729338,160
12084,5729338,30
12085,5729338,30
12086,5729338,360
12087,5729338,720
12088,5729338,60
12089,5729338,90
12090,5729338,220
12091,5729338,320
12092,5729338,160
12093,5729338,360
12094,5729338,20
12095,5729338,250
12096,5729338,140
12097,5729338,270
12098,5729338,120
12099,5729338,20
12100,5729338,50
12101,5729338,60
12102,5729338,150
12103,5729338,380
12104,5729338,200
12105,5729338,650
12106,5729338,90
12107,5729338,440
12108,5729338,170
12109,5729338,10
12110,5729338,80
12111,5729338,80
12112,5729338,450
12113,5729338,20
12114,5729338,250
12115,5729338,160
12116,5729338,50
12117,5729338,140
12118,5729338,60
12119,5729338,90
12120,5729338,60
12121,5729338,380
12122,5729338,250
12123,5729338,290
12124,5729338,90
12125,5729338,120
12126,5729338,120
12127,5729338,170
12128,5729338,80
12129,5729338,420
12130,5729338,60
12131,5729338,190
12132,5729338,40
12133,5729338,170
12134,5729338,90
12135,5729338,220
12136,5729338,40
12137,5729338,400
12138,5729338,720
12139,5729338,100
12140,5729338,50
12141,5729338,40
12142,5729338,50
12143,5729338,290
12144,5729338,20
12145,5729338,140
12146,5729338,300
12147,5729338,10
12148,5729338,200
12149,5729338,90
12150,5729338,120
12151,5729338,10
12152,5729338,20
12153,5729338,30
12154,5729338,120
12155,5729338,90
12156,5729338,140
12157,5729338,60
12158,5729338,40
12159,5729338,30
12160,5729338,20
12161,5729338,40
12162,5729338,50
12163,5729338,90
12164,5729338,80
12165,5729338,30
12166,5729338,1300
12167,5729338,190
12168,5729338,30
12169,5729338,30
12170,5729338,190
12171,5729338,480
12172,5729338,20
12173,5729338,120
12174,5729338,70
12175,5729338,130
12176,5729338,90
12177,5729338,440
12178,5729338,100
12179,5729338,50
12180,5729338,90
12181,5729338,70
12182,5729338,170
12183,5729338,220
12184,5729338,50
12185,5729338,1300
12186,5729338,70
12187,5729338,90
12188,5729338,20
12189,5729338,220
12190,5729338,360
12191,5729338,290
12192,5729338,120
12193,5729338,310
12194,5729338,110
12195,5729338,110
12196,5729338,270
12197,5729338,340
12198,5729338,50
12199,5729338,320
12200,5729338,80
12201,5729338,40
12202,5729338,10
12203,5729338,160
12204,5729338,230
12205,5729338,1060
12206,5729338,720
12207,5729338,100
12208,5729338,220
12209,5729338,50
12210,5729338,60
12211,5729338,90
12212,5729338,320
12213,5729338,150
12214,5729338,10
12215,5729338,250
12216,5729338,90
12217,5729338,150
12218,5729338,40
12219,5729338,50
12220,5729338,90
12221,5729338,170
12222,5729338,20
12223,5729338,230
12224,5729338,230
12225,5729338,650
12226,5729338,30
12227,5729338,170
12228,5729338,50
12229,5729338,100
12230,5729338,70
12231,5729338,50
12232,5729338,20
12233,5729338,140
12234,5729338,100
12235,5729338,90
12236,5729338,200
12237,5729338,100
12238,5729338,880
12239,5729338,630
12240,5729338,150
12241,5729338,70
12242,5729338,50
12243,5729338,50
12244,5729338,120
12245,5729338,50
12246,5729338,70
12247,5729338,160
12248,5729338,160
12249,5729338,300
12250,5729338,380
12251,5729338,630
12252,5729338,120
12253,5729338,60
12254,5729338,70
12255,5729338,30
12256,5729338,420
12257,5729338,140
12258,5729338,630
12259,5729338,250
12260,5729338,60
12261,5729338,80
12262,5729338,220
12263,5729338,290
12264,5729338,40
12265,5729338,140
12266,5729338,200
12267,5729338,290
12268,5729338,40
12269,5729338,190
12270,5729338,320
12271,5729338,80
12272,5729338,50
12273,5729338,220
12274,5729338,220
12275,5729338,10
12276,5729338,20
12277,5729338,10
12278,5729338,50
12279,5729338,150
12280,5729338,60
12281,5729338,360
12282,5729338,80
12283,5729338,30
12284,5729338,40
12285,5729338,70
12286,5729338,60
12287,5729338,140
12288,5729338,30
12289,5729338,90
12290,5729338,140
12291,5729338,500
12292,5729338,60
12293,5729338,880
12294,5729338,110
12295,5729338,630
12296,5729338,80
12297,5729338,200
12298,5729338,220
12299,5729338,50
12300,5729338,500
12301,5729338,250
12302,5729338,60
12303,5729338,90
12304,5729338,110
12305,5729338,30
12306,5729338,110
12307,5729338,90
12308,5729338,120
12309,5729338,380
12310,5729338,20
12311,5729338,1310
12312,5729338,60
12313,5729338,100
12314,5729338,60
12315,5729338,50
12316,5729338,120
12317,5729338,20
12318,5729338,30
12319,5729338,500
12320,5729338,320
12321,5729338,190
12322,5729338,730
12323,5729338,210
12324,5729338,630
12325,5729338,160
12326,5729338,630
12327,5729338,50
12328,5729338,140
12329,5729338,250
12330,5729338,60
12331,5729338,20
12332,5729338,60
12333,5729338,40
12334,5729338,50
12335,5729338,210
12336,5729338,110
12337,5729338,470
12338,5729338,140
12339,5729338,20
12340,5729338,140
12341,5729338,120
12342,5729338,60
12343,5729338,140
12344,5729338,40
12345,5729338,90
12346,5729338,20
12347,5729338,140
12348,5729338,220
12349,5729338,140
12350,5729338,80
12351,5729338,160
12352,5729338,90
12353,5729338,20
12354,5729338,20
12355,5729338,90
12356,5729338,70
12357,5729338,440
12358,5729338,210
12359,5729338,40
12360,5729338,30
12361,5729338,110
12362,5729338,220
12363,5729338,20
12364,5729338,30
12365,5729338,290
12366,5729338,420
12367,5729338,130
12368,5729338,90
12369,5729338,20
12370,5729338,380
12371,5729338,70
12372,5729338,290
12373,5729338,150
12374,5729338,140
12375,5729338,50
12376,5729338,70
12377,5729338,70
12378,5729338,30
12379,5729338,30
12380,5729338,220
12381,5729338,930
12382,5729338,50
12383,5729338,50
12384,5729338,220
12385,5729338,20
12386,5729338,110
12387,5729338,60
12388,5729338,290
12389,5729338,120
12390,5729338,70
12391,5729338,160
12392,5729338,40
12393,5729338,90
12394,5729338,50
12395,5729338,170
12396,5729338,20
12397,5729338,290
12398,5729338,40
12399,5729338,270
12400,5729338,590
12401,5729338,110
12402,5729338,630
12403,5729338,100
12404,5729338,230
12405,5729338,40
12406,5729338,630
12407,5729338,50
12408,5729338,50
12409,5729338,90
12410,5729338,140
12411,5729338,80
12412,5729338,570
12413,5729338,220
12414,5729338,290
12415,5729338,160
12416,5729338,1300
12417,5729338,20
12418,5729338,1300
12419,5729338,50
12420,5729338,20
12421,5729338,70
12422,5729338,20
12423,5729338,140
12424,5729338,60
12425,5729338,120
12426,5729338,30
12427,5729338,200
12428,5729338,440
12429,5729338,200
12430,5729338,290
12431,5729338,640
12432,5729338,60
12433,5729338,20
12434,5729338,470
12435,5729338,20
12436,5729338,50
12437,5729338,140
12438,5729338,130
12439,5729338,30
12440,5729338,90
12441,5729338,880
12442,5729338,30
12443,5729338,40
12444,5729338,400
12445,5729338,190
12446,5729338,340
12447,5729338,880
12448,5729338,80
12449,5729338,70
12450,5729338,630
12451,5729338,1350
12452,5729338,50
12453,5729338,20
12454,5729338,90
12455,5729338,40
12456,5729338,50
12457,5729338,90
12458,5729338,140
12459,5729338,150
12460,5729338,140
12461,5729338,20
12462,5729338,70
12463,5729338,120
12464,5729338,10
12465,5729338,140
12466,5729338,80
12467,5729338,420
12468,5729338,220
12469,5729338,30
12470,5729338,120
12471,5729338,320
12472,5729338,60
12473,5729338,290
12474,5729338,80
12475,5729338,50
12476,5729338,20
12477,5729338,650
12478,5729338,170
12479,5729338,1300
12480,5729338,20
12481,5729338,200
12482,5729338,90
12483,5729338,880
12484,5729338,400
12485,5729338,170
12486,5729338,140
12487,5729338,20
12488,5729338,40
12489,5729338,140
12490,5729338,160
12491,5729338,90
12492,5729338,150
12493,5729338,40
12494,5729338,220
12495,5729338,270
12496,5729338,500
12497,5729338,70
12498,5729338,60
12499,5729338,270
12500,5729338,170
12501,5729338,100
12502,5729338,150
12503,5729338,20
12504,5729338,340
12505,5729338,40
12506,5729338,190
12507,5729338,290
12508,5729338,60
12509,5729338,90
12510,5729338,230
12511,5729338,20
12512,5729338,40
12513,5729338,120
12514,5729338,10
12515,5729338,590
12516,5729338,420
12517,5729338,140
12518,5729338,410
12519,5729338,290
12520,5729338,10
12521,5729338,60
12522,5729338,160
12523,5729338,150
12524,5729338,190
12525,5729338,140
12526,5729338,90
12527,5729338,40
12528,5729338,40
12529,5729338,380
12530,5729338,220
12531,5729338,500
12532,5729338,100
12533,5729338,660
12534,5729338,80
12535,5729338,220
12536,5729338,420
12537,5729338,60
12538,5729338,50
12539,5729338,100
12540,5729338,940
12541,5729338,80
12542,5729338,170
12543,5729338,70
12544,5729338,150
12545,5729338,20
12546,5729338,60
12547,5729338,880
12548,5729338,220
12549,5729338,300
12550,5729338,180
12551,5729338,20
12552,5729338,180
12553,5729338,40
12554,5729338,200
12555,5729338,320
12556,5729338,200
12557,5729338,40
12558,5729338,650
12559,5729338,120
12560,5729338,60
12561,5729338,90
12562,5729338,110
12563,5729338,160
12564,5729338,140
12565,5729338,10
12566,5729338,10
12567,5729338,40
12568,5729338,250
12569,5729338,1300
12570,5729338,50
12571,5729338,260
12572,5729338,420
12573,5729338,110
12574,5729338,720
12575,5729338,50
12576,5729338,1300
12577,5729338,60
12578,5729338,120
12579,5729338,20
12580,5729338,170
12581,5729338,650
12582,5729338,200
12583,5729338,30
12584,5729338,60
12585,5729338,650
12586,5729338,590
12587,5729338,420
12588,5729338,80
12589,5729338,1180
12590,5729338,90
12591,5729338,140
12592,5729338,290
12593,5729338,380
12594,5729338,120
12595,5729338,40
12596,5729338,880
12597,5729338,200
12598,5729338,50
12599,5729338,90
12600,5729338,50
12601,5729338,150
12602,5729338,90
12603,5729338,60
12604,5729338,40
12605,5729338,90
12606,5729338,120
12607,5729338,30
12608,5729338,220
12609,5729338,50
12610,5729338,180
12611,5729338,10
12612,5729338,90
12613,5729338,50
12614,5729338,60
12615,5729338,10
12616,5729338,20
12617,5729338,220
12618,5729338,90
12619,5729338,80
12620,5729338,930
12621,5729338,30
12622,5729338,160
12623,5729338,50
12624,5729338,160
12625,5729338,80
12626,5729338,250
12627,5729338,30
12628,5729338,200
12629,5729338,100
12630,5729338,140
12631,5729338,190
12632,5729338,70
12633,5729338,340
12634,5729338,140
12635,5729338,90
12636,5729338,50
12637,5729338,40
12638,5729338,30
12639,5729338,150
12640,5729338,120
12641,5729338,60
12642,5729338,60
12643,5729338,20
12644,5729338,90
12645,5729338,70
12646,5729338,220
12647,5729338,80
12648,5729338,290
12649,5729338,940
12650,5729338,200
12651,5729338,20
12652,5729338,60
12653,5729338,30
12654,5729338,60
12655,5729338,60
12656,5729338,650
12657,5729338,780
12658,5729338,20
12659,5729338,440
12660,5729338,250
12661,5729338,120
12662,5729338,130
12663,5729338,240
12664,5729338,20
12665,5729338,2740
12666,5729338,170
12667,5729338,60
12668,5729338,170
12669,5729338,270
12670,5729338,110
12671,5729338,70
12672,5729338,220
12673,5729338,30
12674,5729338,70
12675,5729338,60
12676,5729338,930
12677,5729338,60
12678,5729338,40
12679,5729338,60
12680,5729338,500
12681,5729338,440
12682,5729338,20
12683,5729338,170
12684,5729338,100
12685,5729338,90
12686,5729338,320
12687,5729338,190
12688,5729338,880
12689,5729338,20
12690,5729338,70
12691,5729338,90
12692,5729338,220
12693,5729338,270
12694,5729338,50
12695,5729338,340
12696,5729338,200
12697,5729338,100
12698,5729338,200
12699,5729338,190
12700,5729338,30
12701,5729338,50
12702,5729338,90
12703,5729338,50
12704,5729338,70
12705,5729338,250
12706,5729338,60
12707,5729338,320
12708,5729338,120
12709,5729338,140
12710,5729338,250
12711,5729338,80
12712,5729338,150
12713,5729338,500
12714,5729338,70
12715,5729338,290
12716,5729338,60
12717,5729338,80
12718,5729338,30
12719,5729338,50
12720,5729338,30
12721,5729338,1890
12722,5729338,140
12723,5729338,220
12724,5729338,100
12725,5729338,160
12726,5729338,140
12727,5729338,170
12728,5729338,290
12729,5729338,60
12730,5729338,220
12731,5729338,30
12732,5729338,120
12733,5729338,90
12734,5729338,220
12735,5729338,290
12736,5729338,500
12737,5729338,20
12738,5729338,30
12739,5729338,220
12740,5729338,70
12741,5729338,240
12742,5729338,20
12743,5729338,20
12744,5729338,50
12745,5729338,210
12746,5729338,20
12747,5729338,80
12748,5729338,90
12749,5729338,30
12750,5729338,720
12751,5729338,80
12752,5729338,110
12753,5729338,380
12754,5729338,100
12755,5729338,720
12756,5729338,80
12757,5729338,130
12758,5729338,80
12759,5729338,340
12760,5729338,100
12761,5729338,140
12762,5729338,90
12763,5729338,60
12764,5729338,160
12765,5729338,20
12766,5729338,220
12767,5729338,130
12768,5729338,40
12769,5729338,290
12770,5729338,80
12771,5729338,20
12772,5729338,60
12773,5729338,60
12774,5729338,160
12775,5729338,440
12776,5729338,290
12777,5729338,20
12778,5729338,120
12779,5729338,190
12780,5729338,10
12781,5729338,30
12782,5729338,20
12783,5729338,50
12784,5729338,40
12785,5729338,10
12786,5729338,30
12787,5729338,650
12788,5729338,20
12789,5729338,70
12790,5729338,60
12791,5729338,140
12792,5729338,720
12793,5729338,200
12794,5729338,90
12795,5729338,420
12796,5729338,230
12797,5729338,800
12798,5729338,150
12799,5729338,230
12800,5729338,160
12801,5729338,20
12802,5729338,340
12803,5729338,50
12804,5729338,230
12805,5729338,50
12806,5729338,650
12807,5729338,20
12808,5729338,60
12809,5729338,320
12810,5729338,140
12811,5729338,20
12812,5729338,200
12813,5729338,210
12814,5729338,470
12815,5729338,50
12816,5729338,30
12817,5729338,1040
12818,5729338,200
12819,5729338,970
12820,5729338,40
12821,5729338,230
12822,5729338,150
12823,5729338,230
12824,5729338,420
12825,5729338,90
12826,5729338,140
12827,5729338,290
12828,5729338,60
12829,5729338,130
12830,5729338,40
12831,5729338,120
12832,5729338,60
12833,5729338,160
12834,5729338,30
12835,5729338,120
12836,5729338,230
12837,5729338,1300
12838,5729338,230
12839,5729338,140
12840,5729338,30
12841,5729338,200
12842,5729338,650
12843,5729338,120
12844,5729338,90
12845,5729338,90
12846,5729338,120
12847,5729338,210
12848,5729338,20
12849,5729338,120
12850,5729338,60
12851,5729338,340
12852,5729338,10
12853,5729338,170
12854,5729338,200
12855,5729338,160
12856,5729338,110
12857,5729338,90
12858,5729338,90
12859,5729338,70
12860,5729338,20
12861,5729338,230
12862,5729338,110
12863,5729338,80
12864,5729338,30
12865,5729338,100
12866,5729338,30
12867,5729338,1050
12868,5729338,90
12869,5729338,40
12870,5729338,930
12871,5729338,130
12872,5729338,60
12873,5729338,140
12874,5729338,200
12875,5729338,420
12876,5729338,320
12877,5729338,470
12878,5729338,60
12879,5729338,90
12880,5729338,180
12881,5729338,90
12882,5729338,20
12883,5729338,80
12884,5729338,90
12885,5729338,160
12886,5729338,40
12887,5729338,20
12888,5729338,30
12889,5729338,90
12890,5729338,290
12891,5729338,340
12892,5729338,40
12893,5729338,190
12894,5729338,220
12895,5729338,270
12896,5729338,220
12897,5729338,10
12898,5729338,140
12899,5729338,880
12900,5729338,1310
12901,5729338,420
12902,5729338,650
12903,5729338,290
12904,5729338,90
12905,5729338,50
12906,5729338,170
12907,5729338,200
12908,5729338,320
12909,5729338,210
12910,5729338,20
12911,5729338,930
12912,5729338,30
12913,5729338,420
12914,5729338,440
12915,5729338,10
12916,5729338,110
12917,5729338,50
12918,5729338,60
12919,5729338,630
12920,5729338,50
12921,5729338,150
12922,5729338,120
12923,5729338,40
12924,5729338,140
12925,5729338,110
12926,5729338,650
12927,5729338,940
12928,5729338,30
12929,5729338,220
12930,5729338,40
12931,5729338,140
12932,5729338,120
12933,5729338,90
12934,5729338,30
12935,5729338,40
12936,5729338,10
12937,5729338,60
12938,5729338,270
12939,5729338,10
12940,5729338,270
12941,5729338,350
12942,5729338,10
12943,5729338,60
12944,5729338,30
12945,5729338,420
12946,5729338,530
12947,5729338,150
12948,5729338,90
12949,5729338,40
12950,5729338,60
12951,5729338,220
12952,5729338,60
12953,5729338,100
12954,5729338,60
12955,5729338,90
12956,5729338,630
12957,5729338,140
12958,5729338,150
12959,5729338,590
12960,5729338,120
12961,5729338,1300
12962,5729338,290
12963,5729338,30
12964,5729338,640
12965,5729338,30
12966,5729338,30
12967,5729338,140
12968,5729338,4050
12969,5729338,320
12970,5729338,360
12971,5729338,140
12972,5729338,460
12973,5729338,440
12974,5729338,30
12975,5729338,250
12976,5729338,70
12977,5729338,20
12978,5729338,720
12979,5729338,70
12980,5729338,90
12981,5729338,30
12982,5729338,90
12983,5729338,1300
12984,5729338,90
12985,5729338,90
12986,5729338,120
12987,5729338,60
12988,5729338,40
12989,5729338,90
12990,5729338,720
12991,5729338,340
12992,5729338,420
12993,5729338,60
12994,5729338,250
12995,5729338,120
12996,5729338,640
12997,5729338,110
12998,5729338,30
12999,5729338,60
13000,5729338,510
13001,5729338,140
13002,5729338,40
13003,5729338,90
13004,5729338,940
13005,5729338,220
13006,5729338,230
13007,5729338,930
13008,5729338,270
13009,5729338,350
13010,5729338,150
13011,5729338,60
13012,5729338,40
13013,5729338,50
13014,5729338,120
13015,5729338,60
13016,5729338,90
13017,5729338,110
13018,5729338,40
13019,5729338,100
13020,5729338,150
13021,5729338,440
13022,5729338,150
13023,5729338,930
13024,5729338,90
13025,5729338,80
13026,5729338,40
13027,5729338,40
13028,5729338,90
13029,5729338,290
13030,5729338,110
13031,5729338,150
13032,5729338,120
13033,5729338,110
13034,5729338,200
13035,5729338,150
13036,5729338,460
13037,5729338,10
13038,5729338,180
13039,5729338,560
13040,5729338,90
13041,5729338,140
13042,5729338,60
13043,5729338,80
13044,5729338,90
13045,5729338,10
13046,5729338,420
13047,5729338,430
13048,5729338,60
13049,5729338,630
13050,5729338,230
13051,5729338,60
13052,5729338,130
13053,5729338,150
13054,5729338,470
13055,5729338,40
13056,5729338,150
13057,5729338,230
13058,5729338,30
13059,5729338,20
13060,5729338,160
13061,5729338,220
13062,5729338,200
13063,5729338,880
13064,5729338,140
13065,5729338,90
13066,5729338,50
13067,5729338,200
13068,5729338,590
13069,5729338,320
13070,5729338,140
13071,5729338,680
13072,5729338,50
13073,5729338,90
13074,5729338,100
13075,5729338,470
13076,5729338,250
13077,5729338,90
13078,5729338,20
13079,5729338,80
13080,5729338,160
13081,5729338,220
13082,5729338,20
13083,5729338,130
13084,5729338,440
13085,5729338,60
13086,5729338,30
13087,5729338,30
13088,5729338,440
13089,5729338,40
13090,5729338,20
13091,5729338,140
13092,5729338,110
13093,5729338,660
13094,5729338,250
13095,5729338,60
13096,5729338,420
13097,5729338,200
13098,5729338,880
13099,5729338,50
13100,5729338,110
13101,5729338,60
13102,5729338,130
13103,5729338,120
13104,5729338,500
13105,5729338,720
13106,5729338,400
13107,5729338,90
13108,5729338,90
13109,5729338,200
13110,5729338,220
13111,5729338,340
13112,5729338,40
13113,5729338,50
13114,5729338,40
13115,5729338,590
13116,5729338,170
13117,5729338,440
13118,5729338,10
13119,5729338,230
13120,5729338,80
13121,5729338,60
13122,5729338,50
13123,5729338,40
13124,5729338,650
13125,5729338,60
13126,5729338,380
13127,5729338,120
13128,5729338,360
13129,5729338,950
13130,5729338,20
13131,5729338,20
13132,5729338,60
13133,5729338,430
13134,5729338,20
13135,5729338,60
13136,5729338,60
13137,5729338,60
13138,5729338,160
13139,5729338,80
13140,5729338,160
13141,5729338,880
13142,5729338,20
13143,5729338,30
13144,5729338,390
13145,5729338,380
13146,5729338,440
13147,5729338,630
13148,5729338,170
13149,5729338,40
13150,5729338,350
13151,5729338,70
13152,5729338,60
13153,5729338,50
13154,5729338,100
13155,5729338,170
13156,5729338,50
13157,5729338,930
13158,5729338,20
13159,5729338,1890
13160,5729338,280
13161,5729338,30
13162,5729338,170
13163,5729338,20
13164,5729338,640
13165,5729338,930
13166,5729338,630
13167,5729338,60
13168,5729338,40
13169,5729338,220
13170,5729338,90
13171,5729338,40
13172,5729338,130
13173,5729338,380
13174,5729338,90
13175,5729338,200
13176,5729338,340
13177,5729338,940
13178,5729338,50
13179,5729338,270
13180,5729338,150
13181,5729338,50
13182,5729338,120
13183,5729338,140
13184,5729338,160
13185,5729338,150
13186,5729338,20
13187,5729338,20
13188,5729338,40
13189,5729338,30
13190,5729338,340
13191,5729338,270
13192,5729338,220
13193,5729338,50
13194,5729338,190
13195,5729338,30
13196,5729338,220
13197,5729338,140
13198,5729338,500
13199,5729338,290
13200,5729338,50
13201,5729338,50
13202,5729338,420
13203,5729338,70
13204,5729338,500
13205,5729338,150
13206,5729338,170
13207,5729338,250
13208,5729338,110
13209,5729338,30
13210,5729338,910
13211,5729338,110
13212,5729338,50
13213,5729338,110
13214,5729338,380
13215,5729338,60
13216,5729338,40
13217,5729338,470
13218,5729338,50
13219,5729338,290
13220,5729338,130
13221,5729338,110
13222,5729338,40
13223,5729338,80
13224,5729338,60
13225,5729338,80
13226,5729338,140
13227,5729338,270
13228,5729338,20
13229,5729338,290
13230,5729338,10
13231,5729338,140
13232,5729338,360
13233,5729338,160
13234,5729338,90
13235,5729338,60
13236,5729338,150
13237,5729338,110
13238,5729338,80
13239,5729338,70
13240,5729338,220
13241,5729338,320
13242,5729338,60
13243,5729338,420
13244,5729338,30
13245,5729338,70
13246,5729338,1300
13247,5729338,880
13248,5729338,190
13249,5729338,270
13250,5729338,930
13251,5729338,290
13252,5729338,90
13253,5729338,60
13254,5729338,90
13255,5729338,30
13256,5729338,190
13257,5729338,140
13258,5729338,60
13259,5729338,130
13260,5729338,120
13261,5729338,140
13262,5729338,170
13263,5729338,40
13264,5729338,90
13265,5729338,420
13266,5729338,630
13267,5729338,90
13268,5729338,70
13269,5729338,60
13270,5729338,90
13271,5729338,110
13272,5729338,500
13273,5729338,120
13274,5729338,40
13275,5729338,20
13276,5729338,20
13277,5729338,340
13278,5729338,220
13279,5729338,80
13280,5729338,230
13281,5729338,40
13282,5729338,60
13283,5729338,150
13284,5729338,170
13285,5729338,220
13286,5729338,160
13287,5729338,20
13288,5729338,100
13289,5729338,30
13290,5729338,230
13291,5729338,160
13292,5729338,250
13293,5729338,60
13294,5729338,60
13295,5729338,880
13296,5729338,160
13297,5729338,880
13298,5729338,210
13299,5729338,220
13300,5729338,20
13301,5729338,50
13302,5729338,200
13303,5729338,380
13304,5729338,110
13305,5729338,630
13306,5729338,650
13307,5729338,60
13308,5729338,70
13309,5729338,40
13310,5729338,140
13311,5729338,140
13312,5729338,40
13313,5729338,40
13314,5729338,50
13315,5729338,70
13316,5729338,170
13317,5729338,170
13318,5729338,10
13319,5729338,140
13320,5729338,20
13321,5729338,230
13322,5729338,10
13323,5729338,170
13324,5729338,120
13325,5729338,110
13326,5729338,440
13327,5729338,340
13328,5729338,290
13329,5729338,140
13330,5729338,100
13331,5729338,200
13332,5729338,290
13333,5729338,100
13334,5729338,630
13335,5729338,140
13336,5729338,90
13337,5729338,90
13338,5729338,160
13339,5729338,500
13340,5729338,140
13341,5729338,1350
13342,5729338,50
13343,5729338,60
13344,5729338,320
13345,5729338,500
13346,5729338,380
13347,5729338,80
13348,5729338,160
13349,5729338,60
13350,5729338,10
13351,5729338,80
13352,5729338,20
13353,5729338,100
13354,5729338,270
13355,5729338,60
13356,5729338,120
13357,5729338,160
13358,5729338,70
13359,5729338,30
13360,5729338,110
13361,5729338,340
13362,5729338,220
13363,5729338,930
13364,5729338,60
13365,5729338,60
13366,5729338,650
13367,5729338,90
13368,5729338,140
13369,5729338,30
13370,5729338,80
13371,5729338,150
13372,5729338,20
13373,5729338,60
13374,5729338,60
13375,5729338,40
13376,5729338,20
13377,5729338,90
13378,5729338,20
13379,5729338,30
13380,5729338,10
13381,5729338,90
13382,5729338,220
13383,5729338,200
13384,5729338,40
13385,5729338,650
13386,5729338,30
13387,5729338,20
13388,5729338,320
13389,5729338,10
13390,5729338,420
13391,5729338,60
13392,5729338,90
13393,5729338,230
13394,5729338,60
13395,5729338,650
13396,5729338,190
13397,5729338,630
13398,5729338,20
13399,5729338,500
13400,5729338,90
13401,5729338,420
13402,5729338,630
13403,5729338,20
13404,5729338,60
13405,5729338,650
13406,5729338,320
13407,5729338,70
13408,5729338,110
13409,5729338,170
13410,5729338,100
13411,5729338,40
13412,5729338,110
13413,5729338,40
13414,5729338,60
13415,5729338,30
13416,5729338,40
13417,5729338,590
13418,5729338,160
13419,5729338,20
13420,5729338,70
13421,5729338,40
13422,5729338,110
13423,5729338,30
13424,5729338,90
13425,5729338,30
13426,5729338,340
13427,5729338,200
13428,5729338,390
13429,5729338,440
13430,5729338,250
13431,5729338,40
13432,5729338,420
13433,5729338,60
13434,5729338,140
13435,5729338,90
13436,5729338,200
13437,5729338,60
13438,5729338,140
13439,5729338,40
13440,5729338,60
13441,5729338,100
13442,5729338,220
13443,5729338,100
13444,5729338,220
13445,5729338,1350
13446,5729338,50
13447,5729338,110
13448,5729338,930
13449,5729338,170
13450,5729338,140
13451,5729338,150
13452,5729338,170
13453,5729338,880
13454,5729338,230
13455,5729338,290
13456,5729338,320
13457,5729338,80
13458,5729338,160
13459,5729338,140
13460,5729338,20
13461,5729338,650
13462,5729338,130
13463,5729338,230
13464,5729338,150
13465,5729338,40
13466,5729338,30
13467,5729338,10
13468,5729338,380
13469,5729338,40
13470,5729338,590
13471,5729338,160
13472,5729338,650
13473,5729338,70
13474,5729338,40
13475,5729338,590
13476,5729338,90
13477,5729338,40
13478,5729338,20
13479,5729338,30
13480,5729338,140
13481,5729338,680
13482,5729338,190
13483,5729338,140
13484,5729338,90
13485,5729338,220
13486,5729338,140
13487,5729338,20
13488,5729338,10
13489,5729338,290
13490,5729338,140
13491,5729338,170
13492,5729338,200
13493,5729338,160
13494,5729338,380
13495,5729338,220
13496,5729338,650
13497,5729338,30
13498,5729338,1040
13499,5729338,170
13500,5729338,290
13501,5729338,60
13502,5729338,90
13503,5729338,500
13504,5729338,140
13505,5729338,50
13506,5729338,130
13507,5729338,160
13508,5729338,20
13509,5729338,30
13510,5729338,100
13511,5729338,60
13512,5729338,80
13513,5729338,90
13514,5729338,140
13515,5729338,880
13516,5729338,290
13517,5729338,60
13518,5729338,90
13519,5729338,20
13520,5729338,1300
13521,5729338,30
13522,5729338,140
13523,5729338,320
13524,5729338,20
13525,5729338,30
13526,5729338,40
13527,5729338,200
13528,5729338,110
13529,5729338,100
13530,5729338,30
13531,5729338,160
13532,5729338,50
13533,5729338,140
13534,5729338,30
13535,5729338,540
13536,5729338,1300
13537,5729338,90
13538,5729338,90
13539,5729338,60
13540,5729338,140
13541,5729338,180
13542,5729338,20
13543,5729338,40
13544,5729338,20
13545,5729338,60
13546,5729338,140
13547,5729338,290
13548,5729338,20
13549,5729338,50
13550,5729338,20
13551,5729338,230
13552,5729338,20
13553,5729338,90
13554,5729338,110
13555,5729338,70
13556,5729338,170
13557,5729338,380
13558,5729338,60
13559,5729338,70
13560,5729338,500
13561,5729338,20
13562,5729338,170
13563,5729338,140
13564,5729338,130
13565,5729338,290
13566,5729338,50
13567,5729338,40
13568,5729338,60
13569,5729338,110
13570,5729338,680
13571,5729338,360
13572,5729338,180
13573,5729338,120
13574,5729338,1060
13575,5729338,90
13576,5729338,290
13577,5729338,20
13578,5729338,230
13579,5729338,30
13580,5729338,160
13581,5729338,170
13582,5729338,470
13583,5729338,20
13584,5729338,60
13585,5729338,70
13586,5729338,140
13587,5729338,10
13588,5729338,120
13589,5729338,200
13590,5729338,30
13591,5729338,60
13592,5729338,100
13593,5729338,680
13594,5729338,650
13595,5729338,20
13596,5729338,530
13597,5729338,10
13598,5729338,320
13599,5729338,20
13600,5729338,70
13601,5729338,120
13602,5729338,90
13603,5729338,230
13604,5729338,50
13605,5729338,30
13606,5729338,300
13607,5729338,20
13608,5729338,720
13609,5729338,90
13610,5729338,90
13611,5729338,140
13612,5729338,140
13613,5729338,70
13614,5729338,190
13615,5729338,40
13616,5729338,250
13617,5729338,60
13618,5729338,270
13619,5729338,150
13620,5729338,40
13621,5729338,20
13622,5729338,70
13623,5729338,250
13624,5729338,70
13625,5729338,50
13626,5729338,50
13627,5729338,200
13628,5729338,40
13629,5729338,140
13630,5729338,150
13631,5729338,110
13632,5729338,1300
13633,5729338,220
13634,5729338,80
13635,5729338,320
13636,5729338,20
13637,5729338,170
13638,5729338,290
13639,5729338,50
13640,5729338,30
13641,5729338,60
13642,5729338,140
13643,5729338,20
13644,5729338,170
13645,5729338,290
13646,5729338,30
13647,5729338,50
13648,5729338,150
13649,5729338,1300
13650,5729338,30
13651,5729338,220
13652,5729338,230
13653,5729338,630
13654,5729338,230
13655,5729338,120
13656,5729338,170
13657,5729338,170
13658,5729338,360
13659,5729338,40
13660,5729338,30
13661,5729338,40
13662,5729338,90
13663,5729338,20
13664,5729338,1300
13665,5729338,120
13666,5729338,180
13667,5729338,60
13668,5729338,50
13669,5729338,250
13670,5729338,320
13671,5729338,880
13672,5729338,30
13673,5729338,50
13674,5729338,50
13675,5729338,50
13676,5729338,90
13677,5729338,100
13678,5729338,140
13679,5729338,80
13680,5729338,80
13681,5729338,590
13682,5729338,90
13683,5729338,50
13684,5729338,50
13685,5729338,1350
13686,5729338,40
13687,5729338,30
13688,5729338,40
13689,5729338,1300
13690,5729338,50
13691,5729338,50
13692,5729338,30
13693,5729338,190
13694,5729338,40
13695,5729338,250
13696,5729338,90
13697,5729338,30
13698,5729338,310
13699,5729338,40
13700,5729338,70
13701,5729338,290
13702,5729338,200
13703,5729338,70
13704,5729338,380
13705,5729338,440
13706,5729338,110
13707,5729338,30
13708,5729338,90
13709,5729338,200
13710,5729338,650
13711,5729338,140
13712,5729338,140
13713,5729338,20
13714,5729338,40
13715,5729338,140
13716,5729338,90
13717,5729338,380
13718,5729338,1300
13719,5729338,20
13720,5729338,90
13721,5729338,40
13722,5729338,30
13723,5729338,140
13724,5729338,40
13725,5729338,140
13726,5729338,100
13727,5729338,120
13728,5729338,290
13729,5729338,340
13730,5729338,40
13731,5729338,30
13732,5729338,950
13733,5729338,60
13734,5729338,30
13735,5729338,10
13736,5729338,230
13737,5729338,680
13738,5729338,940
13739,5729338,120
13740,5729338,250
13741,5729338,50
13742,5729338,140
13743,5729338,930
13744,5729338,90
13745,5729338,150
13746,5729338,90
13747,5729338,140
13748,5729338,10
13749,5729338,320
13750,5729338,250
13751,5729338,160
13752,5729338,20
13753,5729338,120
13754,5729338,220
13755,5729338,30
13756,5729338,80
13757,5729338,30
13758,5729338,110
13759,5729338,160
13760,5729338,50
13761,5729338,90
13762,5729338,180
13763,5729338,220
13764,5729338,320
13765,5729338,20
13766,5729338,40
13767,5729338,530
13768,5729338,30
13769,5729338,40
13770,5729338,500
13771,5729338,40
13772,5729338,360
13773,5729338,380
13774,5729338,70
13775,5729338,160
13776,5729338,400
13777,5729338,140
13778,5729338,200
13779,5729338,40
13780,5729338,220
13781,5729338,150
13782,5729338,60
13783,5729338,40
13784,5729338,20
13785,5729338,10
13786,5729338,50
13787,5729338,60
13788,5729338,480
13789,5729338,70
13790,5729338,60
13791,5729338,1300
13792,5729338,120
13793,5729338,90
13794,5729338,70
13795,5729338,50
13796,5729338,180
13797,5729338,20
13798,5729338,970
13799,5729338,20
13800,5729338,930
13801,5729338,140
13802,5729338,130
13803,5729338,120
13804,5729338,60
13805,5729338,140
13806,5729338,200
13807,5729338,190
13808,5729338,50
13809,5729338,500
13810,5729338,30
13811,5729338,20
13812,5729338,420
13813,5729338,1520
13814,5729338,60
13815,5729338,120
13816,5729338,30
13817,5729338,90
13818,5729338,290
13819,5729338,130
13820,5729338,230
13821,5729338,140
13822,5729338,220
13823,5729338,40
13824,5729338,220
13825,5729338,70
13826,5729338,80
13827,5729338,220
13828,5729338,90
13829,5729338,140
13830,5729338,50
13831,5729338,120
13832,5729338,50
13833,5729338,30
13834,5729338,240
13835,5729338,30
13836,5729338,50
13837,5729338,60
13838,5729338,190
13839,5729338,310
13840,5729338,130
13841,5729338,80
13842,5729338,1890
13843,5729338,10
13844,5729338,30
13845,5729338,90
13846,5729338,10
13847,5729338,140
13848,5729338,930
13849,5729338,1300
13850,5729338,140
13851,5729338,650
13852,5729338,420
13853,5729338,170
13854,5729338,170
13855,5729338,20
13856,5729338,20
13857,5729338,590
13858,5729338,20
13859,5729338,120
13860,5729338,140
13861,5729338,20
13862,5729338,220
13863,5729338,50
13864,5729338,40
13865,5729338,60
13866,5729338,90
13867,5729338,250
13868,5729338,50
13869,5729338,150
13870,5729338,40
13871,5729338,60
13872,5729338,180
13873,5729338,90
13874,5729338,590
13875,5729338,50
13876,5729338,90
13877,5729338,440
13878,5729338,20
13879,5729338,100
13880,5729338,140
13881,5729338,880
13882,5729338,90
13883,5729338,160
13884,5729338,80
13885,5729338,110
13886,5729338,70
13887,5729338,140
13888,5729338,290
13889,5729338,90
13890,5729338,50
13891,5729338,200
13892,5729338,280
13893,5729338,340
13894,5729338,60
13895,5729338,420
13896,5729338,140
13897,5729338,170
13898,5729338,340
13899,5729338,50
13900,5729338,70
13901,5729338,150
13902,5729338,880
13903,5729338,140
13904,5729338,440
13905,5729338,590
13906,5729338,270
13907,5729338,30
13908,5729338,20
13909,5729338,90
13910,5729338,20
13911,5729338,140
13912,5729338,280
13913,5729338,290
13914,5729338,80
13915,5729338,320
13916,5729338,140
13917,5729338,30
13918,5729338,320
13919,5729338,160
13920,5729338,200
13921,5729338,140
13922,5729338,200
13923,5729338,40
13924,5729338,880
13925,5729338,40
13926,5729338,650
13927,5729338,110
13928,5729338,650
13929,5729338,420
13930,5729338,70
13931,5729338,90
13932,5729338,430
13933,5729338,270
13934,5729338,10
13935,5729338,70
13936,5729338,140
13937,5729338,20
13938,5729338,140
13939,5729338,110
13940,5729338,40
13941,5729338,100
13942,5729338,200
13943,5729338,80
13944,5729338,60
13945,5729338,110
13946,5729338,100
13947,5729338,100
13948,5729338,70
13949,5729338,140
13950,5729338,140
13951,5729338,1300
13952,5729338,60
13953,5729338,200
13954,5729338,60
13955,5729338,60
13956,5729338,20
13957,5729338,90
13958,5729338,650
13959,5729338,60
13960,5729338,320
13961,5729338,30
13962,5729338,160
13963,5729338,90
13964,5729338,60
13965,5729338,80
13966,5729338,20
13967,5729338,200
13968,5729338,50
13969,5729338,60
13970,5729338,270
13971,5729338,650
13972,5729338,630
13973,5729338,30
13974,5729338,380
13975,5729338,360
13976,5729338,310
13977,5729338,90
13978,5729338,220
13979,5729338,20
13980,5729338,110
13981,5729338,50
13982,5729338,140
13983,5729338,60
13984,5729338,440
13985,5729338,80
13986,5729338,120
13987,5729338,170
13988,5729338,100
13989,5729338,270
13990,5729338,40
13991,5729338,200
13992,5729338,40
13993,5729338,440
13994,5729338,60
13995,5729338,40
13996,5729338,220
13997,5729338,20
13998,5729338,100
13999,5729338,10
14000,5729338,240
14001,5729338,320
14002,5729338,290
14003,5729338,40
14004,5729338,290
14005,5729338,60
14006,5729338,10
14007,5729338,40
14008,5729338,70
14009,5729338,880
14010,5729338,60
14011,5729338,30
14012,5729338,30
14013,5729338,270
14014,5729338,90
14015,5729338,90
14016,5729338,380
14017,5729338,90
14018,5729338,90
14019,5729338,270
14020,5729338,240
14021,5729338,720
14022,5729338,20
14023,5729338,30
14024,5729338,220
14025,5729338,110
14026,5729338,90
14027,5729338,170
14028,5729338,20
14029,5729338,10
14030,5729338,50
14031,5729338,320
14032,5729338,880
14033,5729338,120
14034,5729338,60
14035,5729338,630
14036,5729338,30
14037,5729338,40
14038,5729338,20
14039,5729338,180
14040,5729338,290
14041,5729338,60
14042,5729338,220
14043,5729338,230
14044,5729338,130
14045,5729338,60
14046,5729338,310
14047,5729338,290
14048,5729338,390
14049,5729338,250
14050,5729338,230
14051,5729338,100
14052,5729338,130
14053,5729338,880
14054,5729338,100
14055,5729338,170
14056,5729338,360
14057,5729338,290
14058,5729338,110
14059,5729338,60
14060,5729338,200
14061,5729338,340
14062,5729338,130
14063,5729338,650
14064,5729338,100
14065,5729338,40
14066,5729338,110
14067,5729338,290
14068,5729338,80
14069,5729338,230
14070,5729338,90
14071,5729338,140
14072,5729338,20
14073,5729338,60
14074,5729338,270
14075,5729338,140
14076,5729338,100
14077,5729338,120
14078,5729338,100
14079,5729338,170
14080,5729338,10
14081,5729338,290
14082,5729338,140
14083,5729338,20
14084,5729338,1350
14085,5729338,40
14086,5729338,20
14087,5729338,410
14088,5729338,50
14089,5729338,20
14090,5729338,530
14091,5729338,30
14092,5729338,90
14093,5729338,130
14094,5729338,160
14095,5729338,230
14096,5729338,30
14097,5729338,590
14098,5729338,120
14099,5729338,420
14100,5729338,230
14101,5729338,330
14102,5729338,290
14103,5729338,1300
14104,5729338,30
14105,5729338,140
14106,5729338,60
14107,5729338,360
14108,5729338,90
14109,5729338,220
14110,5729338,60
14111,5729338,170
14112,5729338,660
14113,5729338,150
14114,5729338,90
14115,5729338,500
14116,5729338,290
14117,5729338,40
14118,5729338,130
14119,5729338,120
14120,5729338,150
14121,5729338,20
14122,5729338,930
14123,5729338,630
14124,5729338,300
14125,5729338,160
14126,5729338,80
14127,5729338,60
14128,5729338,220
14129,5729338,140
14130,5729338,100
14131,5729338,590
14132,5729338,100
14133,5729338,200
14134,5729338,80
14135,5729338,30
14136,5729338,60
14137,5729338,80
14138,5729338,90
14139,5729338,880
14140,5729338,220
14141,5729338,20
14142,5729338,290
14143,5729338,70
14144,5729338,60
14145,5729338,200
14146,5729338,50
14147,5729338,40
14148,5729338,40
14149,5729338,100
14150,5729338,90
14151,5729338,150
14152,5729338,100
14153,5729338,250
14154,5729338,80
14155,5729338,170
14156,5729338,50
14157,5729338,40
14158,5729338,50
14159,5729338,30
14160,5729338,470
14161,5729338,150
14162,5729338,30
14163,5729338,130
14164,5729338,290
14165,5729338,270
14166,5729338,60
14167,5729338,30
14168,5729338,200
14169,5729338,20
14170,5729338,20
14171,5729338,20
14172,5729338,20
14173,5729338,70
14174,5729338,100
14175,5729338,60
14176,5729338,250
14177,5729338,20
14178,5729338,90
14179,5729338,60
14180,5729338,340
14181,5729338,90
14182,5729338,140
14183,5729338,70
14184,5729338,220
14185,5729338,80
14186,5729338,590
14187,5729338,10
14188,5729338,60
14189,5729338,20
14190,5729338,70
14191,5729338,140
14192,5729338,590
14193,5729338,40
14194,5729338,150
14195,5729338,90
14196,5729338,290
14197,5729338,120
14198,5729338,90
14199,5729338,180
14200,5729338,440
14201,5729338,200
14202,5729338,40
14203,5729338,60
14204,5729338,40
14205,5729338,630
14206,5729338,230
14207,5729338,650
14208,5729338,50
14209,5729338,110
14210,5729338,100
14211,5729338,340
14212,5729338,50
14213,5729338,670
14214,5729338,20
14215,5729338,150
14216,5729338,90
14217,5729338,340
14218,5729338,110
14219,5729338,140
14220,5729338,10
14221,5729338,60
14222,5729338,40
14223,5729338,60
14224,5729338,420
14225,5729338,230
14226,5729338,420
14227,5729338,90
14228,5729338,20
14229,5729338,140
14230,5729338,90
14231,5729338,90
14232,5729338,60
14233,5729338,60
14234,5729338,80
14235,5729338,70
14236,5729338,90
14237,5729338,110
14238,5729338,200
14239,5729338,340
14240,5729338,30
14241,5729338,10
14242,5729338,290
14243,5729338,270
14244,5729338,40
14245,5729338,250
14246,5729338,100
14247,5729338,90
14248,5729338,40
14249,5729338,500
14250,5729338,430
14251,5729338,120
14252,5729338,50
14253,5729338,30
14254,5729338,30
14255,5729338,160
14256,5729338,20
14257,5729338,200
14258,5729338,60
14259,5729338,40
14260,5729338,100
14261,5729338,930
14262,5729338,120
14263,5729338,230
14264,5729338,40
14265,5729338,190
14266,5729338,120
14267,5729338,650
14268,5729338,140
14269,5729338,50
14270,5729338,260
14271,5729338,30
14272,5729338,80
14273,5729338,30
14274,5729338,30
14275,5729338,360
14276,5729338,270
14277,5729338,200
14278,5729338,170
14279,5729338,90
14280,5729338,320
14281,5729338,60
14282,5729338,60
14283,5729338,320
14284,5729338,930
14285,5729338,90
14286,5729338,90
14287,5729338,280
14288,5729338,60
14289,5729338,140
14290,5729338,160
14291,5729338,150
14292,5729338,140
14293,5729338,160
14294,5729338,340
14295,5729338,90
14296,5729338,50
14297,5729338,290
14298,5729338,60
14299,5729338,340
14300,5729338,650
14301,5729338,70
14302,5729338,40
14303,5729338,70
14304,5729338,220
14305,5729338,20
14306,5729338,90
14307,5729338,100
14308,5729338,50
14309,5729338,440
14310,5729338,120
14311,5729338,90
14312,5729338,260
14313,5729338,90
14314,5729338,110
14315,5729338,60
14316,5729338,50
14317,5729338,130
14318,5729338,270
14319,5729338,250
14320,5729338,20
14321,5729338,440
14322,5729338,440
14323,5729338,40
14324,5729338,40
14325,5729338,470
14326,5729338,90
14327,5729338,60
14328,5729338,450
14329,5729338,70
14330,5729338,80
14331,5729338,1130
14332,5729338,150
14333,5729338,120
14334,5729338,470
14335,5729338,40
14336,5729338,110
14337,5729338,30
14338,5729338,60
14339,5729338,10
14340,5729338,100
14341,5729338,40
14342,5729338,70
14343,5729338,150
14344,5729338,130
14345,5729338,50
14346,5729338,60
14347,5729338,10
14348,5729338,20
14349,5729338,530
14350,5729338,30
14351,5729338,60
14352,5729338,800
14353,5729338,60
14354,5729338,970
14355,5729338,60
14356,5729338,220
14357,5729338,290
14358,5729338,590
14359,5729338,90
14360,5729338,880
14361,5729338,70
14362,5729338,40
14363,5729338,20
14364,5729338,100
14365,5729338,440
14366,5729338,40
14367,5729338,70
14368,5729338,930
14369,5729338,880
14370,5729338,160
14371,5729338,60
14372,5729338,200
14373,5729338,30
14374,5729338,880
14375,5729338,110
14376,5729338,200
14377,5729338,240
14378,5729338,900
14379,5729338,930
14380,5729338,2160
14381,5729338,230
14382,5729338,120
14383,5729338,290
14384,5729338,160
14385,5729338,230
14386,5729338,1300
14387,5729338,500
14388,5729338,150
14389,5729338,290
14390,5729338,50
14391,5729338,140
14392,5729338,20
14393,5729338,110
14394,5729338,2160
14395,5729338,140
14396,5729338,380
14397,5729338,140
14398,5729338,160
14399,5729338,500
14400,5729338,70
14401,5729338,20
14402,5729338,380
14403,5729338,390
14404,5729338,320
14405,5729338,10
14406,5729338,50
14407,5729338,220
14408,5729338,50
14409,5729338,210
14410,5729338,730
14411,5729338,30
14412,5729338,20
14413,5729338,90
14414,5729338,90
14415,5729338,190
14416,5729338,90
14417,5729338,950
14418,5729338,880
14419,5729338,170
14420,5729338,650
14421,5729338,220
14422,5729338,270
14423,5729338,190
14424,5729338,120
14425,5729338,340
14426,5729338,40
14427,5729338,120
14428,5729338,70
14429,5729338,120
14430,5729338,10
14431,5729338,150
14432,5729338,320
14433,5729338,50
14434,5729338,590
14435,5729338,930
14436,5729338,120
14437,5729338,100
14438,5729338,20
14439,5729338,50
14440,5729338,220
14441,5729338,420
14442,5729338,140
14443,5729338,30
14444,5729338,270
14445,5729338,160
14446,5729338,140
14447,5729338,380
14448,5729338,10
14449,5729338,120
14450,5729338,370
14451,5729338,60
14452,5729338,10
14453,5729338,320
14454,5729338,230
14455,5729338,30
14456,5729338,500
14457,5729338,510
14458,5729338,320
14459,5729338,500
14460,5729338,40
14461,5729338,100
14462,5729338,1350
14463,5729338,30
14464,5729338,880
14465,5729338,90
14466,5729338,320
14467,5729338,110
14468,5729338,30
14469,5729338,630
14470,5729338,120
14471,5729338,20
14472,5729338,10
14473,5729338,70
14474,5729338,60
14475,5729338,1890
14476,5729338,90
14477,5729338,100
14478,5729338,10
14479,5729338,70
14480,5729338,290
14481,5729338,220
14482,5729338,340
14483,5729338,40
14484,5729338,20
14485,5729338,50
14486,5729338,70
14487,5729338,1300
14488,5729338,20
14489,5729338,30
14490,5729338,20
14491,5729338,420
14492,5729338,390
14493,5729338,90
14494,5729338,90
14495,5729338,90
14496,5729338,220
14497,5729338,340
14498,5729338,20
14499,5729338,500
14500,5729338,220
14501,5729338,30
14502,5729338,40
14503,5729338,150
14504,5729338,280
14505,5729338,40
14506,5729338,60
14507,5729338,250
14508,5729338,40
14509,5729338,90
14510,5729338,60
14511,5729338,220
14512,5729338,20
14513,5729338,40
14514,5729338,40
14515,5729338,30
14516,5729338,170
14517,5729338,440
14518,5729338,20
14519,5729338,290
14520,5729338,70
14521,5729338,30
14522,5729338,100
14523,5729338,50
14524,5729338,590
14525,5729338,40
14526,5729338,120
14527,5729338,30
14528,5729338,220
14529,5729338,60
14530,5729338,530
14531,5729338,30
14532,5729338,220
14533,5729338,930
14534,5729338,40
14535,5729338,90
14536,5729338,40
14537,5729338,930
14538,5729338,150
14539,5729338,150
14540,5729338,200
14541,5729338,90
14542,5729338,200
14543,5729338,60
14544,5729338,120
14545,5729338,1370
14546,5729338,60
14547,5729338,960
14548,5729338,200
14549,5729338,90
14550,5729338,220
14551,5729338,90
14552,5729338,100
14553,5729338,670
14554,5729338,120
14555,5729338,50
14556,5729338,10
14557,5729338,40
14558,5729338,20
14559,5729338,20
14560,5729338,50
14561,5729338,130
14562,5729338,170
14563,5729338,200
14564,5729338,20
14565,5729338,320
14566,5729338,1370
14567,5729338,40
14568,5729338,170
14569,5729338,30
14570,5729338,40
14571,5729338,40
14572,5729338,930
14573,5729338,90
14574,5729338,20
14575,5729338,940
14576,5729338,720
14577,5729338,230
14578,5729338,30
14579,5729338,200
14580,5729338,30
14581,5729338,30
14582,5729338,200
14583,5729338,80
14584,5729338,60
14585,5729338,120
14586,5729338,190
14587,5729338,590
14588,5729338,220
14589,5729338,80
14590,5729338,70
14591,5729338,90
14592,5729338,90
14593,5729338,220
14594,5729338,20
14595,5729338,40
14596,5729338,220
14597,5729338,30
14598,5729338,120
14599,5729338,110
14600,5729338,10
14601,5729338,440
14602,5729338,160
14603,5729338,670
14604,5729338,20
14605,5729338,140
14606,5729338,30
14607,5729338,140
14608,5729338,30
14609,5729338,160
14610,5729338,100
14611,5729338,70
14612,5729338,930
14613,5729338,60
14614,5729338,500
14615,5729338,170
14616,5729338,70
14617,5729338,250
14618,5729338,40
14619,5729338,120
14620,5729338,40
14621,5729338,70
14622,5729338,30
14623,5729338,60
14624,5729338,50
14625,5729338,420
14626,5729338,140
14627,5729338,20
14628,5729338,90
14629,5729338,40
14630,5729338,250
14631,5729338,160
14632,5729338,90
14633,5729338,60
14634,5729338,470
14635,5729338,290
14636,5729338,60
14637,5729338,50
14638,5729338,110
14639,5729338,30
14640,5729338,40
14641,5729338,10
14642,5729338,320
14643,5729338,50
14644,5729338,60
14645,5729338,230
14646,5729338,60
14647,5729338,120
14648,5729338,150
14649,5729338,90
14650,5729338,40
14651,5729338,20
14652,5729338,200
14653,5729338,30
14654,5729338,190
14655,5729338,340
14656,5729338,60
14657,5729338,90
14658,5729338,70
14659,5729338,60
14660,5729338,340
14661,5729338,60
14662,5729338,90
14663,5729338,110
14664,5729338,140
14665,5729338,230
14666,5729338,10
14667,5729338,70
14668,5729338,170
14669,5729338,920
14670,5729338,80
14671,5729338,220
14672,5729338,360
14673,5729338,100
14674,5729338,360
14675,5729338,70
14676,5729338,50
14677,5729338,50
14678,5729338,80
14679,5729338,90
14680,5729338,90
14681,5729338,20
14682,5729338,60
14683,5729338,270
14684,5729338,10
14685,5729338,170
14686,5729338,340
14687,5729338,390
14688,5729338,290
14689,5729338,90
14690,5729338,40
14691,5729338,760
14692,5729338,20
14693,5729338,10
14694,5729338,20
14695,5729338,80
14696,5729338,50
14697,5729338,60
14698,5729338,650
14699,5729338,140
14700,5729338,930
14701,5729338,470
14702,5729338,290
14703,5729338,20
14704,5729338,140
14705,5729338,140
14706,5729338,120
14707,5729338,60
14708,5729338,40
14709,5729338,40
14710,5729338,90
14711,5729338,30
14712,5729338,230
14713,5729338,60
14714,5729338,440
14715,5729338,720
14716,5729338,60
14717,5729338,90
14718,5729338,20
14719,5729338,60
14720,5729338,60
14721,5729338,20
14722,5729338,880
14723,5729338,160
14724,5729338,20
14725,5729338,110
14726,5729338,70
14727,5729338,420
14728,5729338,10
14729,5729338,630
14730,5729338,220
14731,5729338,250
14732,5729338,230
14733,5729338,90
14734,5729338,440
14735,5729338,20
14736,5729338,40
14737,5729338,270
14738,5729338,30
14739,5729338,140
14740,5729338,40
14741,5729338,30
14742,5729338,60
14743,5729338,290
14744,5729338,180
14745,5729338,50
14746,5729338,40
14747,5729338,60
14748,5729338,100
14749,5729338,10
14750,5729338,200
14751,5729338,50
14752,5729338,70
14753,5729338,90
14754,5729338,120
14755,5729338,50
14756,5729338,420
14757,5729338,440
14758,5729338,50
14759,5729338,200
14760,5729338,90
14761,5729338,40
14762,5729338,10
14763,5729338,90
14764,5729338,1300
14765,5729338,70
14766,5729338,40
14767,5729338,10
14768,5729338,100
14769,5729338,40
14770,5729338,40
14771,5729338,320
14772,5729338,60
14773,5729338,20
14774,5729338,140
14775,5729338,190
14776,5729338,130
14777,5729338,140
14778,5729338,20
14779,5729338,500
14780,5729338,120
14781,5729338,380
14782,5729338,60
14783,5729338,80
14784,5729338,30
14785,5729338,20
14786,5729338,30
14787,5729338,20
14788,5729338,290
14789,5729338,80
14790,5729338,80
14791,5729338,230
14792,5729338,290
14793,5729338,290
14794,5729338,360
14795,5729338,420
14796,5729338,70
14797,5729338,20
14798,5729338,40
14799,5729338,500
14800,5729338,10
14801,5729338,250
14802,5729338,140
14803,5729338,930
14804,5729338,50
14805,5729338,90
14806,5729338,940
14807,5729338,190
14808,5729338,60
14809,5729338,20
14810,5729338,40
14811,5729338,30
14812,5729338,60
14813,5729338,70
14814,5729338,50
14815,5729338,20
14816,5729338,50
14817,5729338,60
14818,5729338,500
14819,5729338,70
14820,5729338,90
14821,5729338,30
14822,5729338,380
14823,5729338,200
14824,5729338,10
14825,5729338,120
14826,5729338,630
14827,5729338,530
14828,5729338,590
14829,5729338,170
14830,5729338,200
14831,5729338,270
14832,5729338,120
14833,5729338,500
14834,5729338,430
14835,5729338,90
14836,5729338,40
14837,5729338,20
14838,5729338,290
14839,5729338,880
14840,5729338,150
14841,5729338,60
14842,5729338,420
14843,5729338,60
14844,5729338,40
14845,5729338,440
14846,5729338,30
14847,5729338,40
14848,5729338,60
14849,5729338,60
14850,5729338,60
14851,5729338,80
14852,5729338,300
14853,5729338,220
14854,5729338,110
14855,5729338,50
14856,5729338,130
14857,5729338,570
14858,5729338,630
14859,5729338,10
14860,5729338,930
14861,5729338,1890
14862,5729338,10
14863,5729338,20
14864,5729338,220
14865,5729338,20
14866,5729338,60
14867,5729338,10
14868,5729338,250
14869,5729338,320
14870,5729338,90
14871,5729338,40
14872,5729338,60
14873,5729338,140
14874,5729338,270
14875,5729338,230
14876,5729338,60
14877,5729338,880
14878,5729338,390
14879,5729338,880
14880,5729338,50
14881,5729338,880
14882,5729338,290
14883,5729338,1300
14884,5729338,60
14885,5729338,150
14886,5729338,420
14887,5729338,420
14888,5729338,90
14889,5729338,90
14890,5729338,20
14891,5729338,50
14892,5729338,880
14893,5729338,20
14894,5729338,220
14895,5729338,10
14896,5729338,80
14897,5729338,50
14898,5729338,120
14899,5729338,140
14900,5729338,40
14901,5729338,150
14902,5729338,150
14903,5729338,60
14904,5729338,340
14905,5729338,20
14906,5729338,120
14907,5729338,160
14908,5729338,90
14909,5729338,420
14910,5729338,440
14911,5729338,100
14912,5729338,50
14913,5729338,50
14914,5729338,140
14915,5729338,140
14916,5729338,50
14917,5729338,120
14918,5729338,120
14919,5729338,200
14920,5729338,30
14921,5729338,90
14922,5729338,440
14923,5729338,60
14924,5729338,170
14925,5729338,220
14926,5729338,470
14927,5729338,10
14928,5729338,60
14929,5729338,460
14930,5729338,50
14931,5729338,230
14932,5729338,50
14933,5729338,930
14934,5729338,190
14935,5729338,290
14936,5729338,110
14937,5729338,290
14938,5729338,60
14939,5729338,40
14940,5729338,10
14941,5729338,120
14942,5729338,30
14943,5729338,420
14944,5729338,880
14945,5729338,40
14946,5729338,140
14947,5729338,880
14948,5729338,200
14949,5729338,90
14950,5729338,630
14951,5729338,30
14952,5729338,50
14953,5729338,40
14954,5729338,70
14955,5729338,140
14956,5729338,120
14957,5729338,140
14958,5729338,90
14959,5729338,20
14960,5729338,500
14961,5729338,1300
14962,5729338,80
14963,5729338,40
14964,5729338,90
14965,5729338,470
14966,5729338,80
14967,5729338,240
14968,5729338,30
14969,5729338,50
14970,5729338,170
14971,5729338,80
14972,5729338,10
14973,5729338,200
14974,5729338,10
14975,5729338,30
14976,5729338,140
14977,5729338,230
14978,5729338,40
14979,5729338,380
14980,5729338,60
14981,5729338,110
14982,5729338,90
14983,5729338,110
14984,5729338,10
14985,5729338,30
14986,5729338,100
14987,5729338,200
14988,5729338,60
14989,5729338,230
14990,5729338,50
14991,5729338,290
14992,5729338,150
14993,5729338,20
14994,5729338,60
14995,5729338,50
14996,5729338,50
14997,5729338,140
14998,5729338,50
14999,5729338,150
15000,5729338,200
15001,5729338,90
15002,5729338,140
15003,5729338,70
15004,5729338,170
15005,5729338,140
15006,5729338,60
15007,5729338,220
15008,5729338,10
15009,5729338,100
15010,5729338,40
15011,5729338,130
15012,5729338,20
15013,5729338,50
15014,5729338,20
15015,5729338,10
15016,5729338,50
15017,5729338,120
15018,5729338,60
15019,5729338,40
15020,5729338,500
15021,5729338,380
15022,5729338,630
15023,5729338,160
15024,5729338,270
15025,5729338,50
15026,5729338,10
15027,5729338,150
15028,5729338,500
15029,5729338,90
15030,5729338,190
15031,5729338,80
15032,5729338,150
15033,5729338,140
15034,5729338,10
15035,5729338,30
15036,5729338,30
15037,5729338,440
15038,5729338,40
15039,5729338,1300
15040,5729338,10
15041,5729338,60
15042,5729338,60
15043,5729338,50
15044,5729338,20
15045,5729338,50
15046,5729338,90
15047,5729338,140
15048,5729338,40
15049,5729338,140
15050,5729338,590
15051,5729338,90
15052,5729338,160
15053,5729338,50
15054,5729338,720
15055,5729338,150
15056,5729338,230
15057,5729338,130
15058,5729338,160
15059,5729338,250
15060,5729338,500
15061,5729338,110
15062,5729338,30
15063,5729338,290
15064,5729338,40
15065,5729338,520
15066,5729338,70
15067,5729338,90
15068,5729338,30
15069,5729338,140
15070,5729338,30
15071,5729338,200
15072,5729338,420
15073,5729338,220
15074,5729338,120
15075,5729338,20
15076,5729338,10
15077,5729338,40
15078,5729338,320
15079,5729338,630
15080,5729338,90
15081,5729338,10
15082,5729338,30
15083,5729338,40
15084,5729338,1300
15085,5729338,50
15086,5729338,760
15087,5729338,150
15088,5729338,60
15089,5729338,90
15090,5729338,80
15091,5729338,70
15092,5729338,20
15093,5729338,100
15094,5729338,220
15095,5729338,150
15096,5729338,60
15097,5729338,110
15098,5729338,120
15099,5729338,140
15100,5729338,120
15101,5729338,80
15102,5729338,220
15103,5729338,200
15104,5729338,100
15105,5729338,90
15106,5729338,220
15107,5729338,440
15108,5729338,90
15109,5729338,30
15110,5729338,90
15111,5729338,60
15112,5729338,60
15113,5729338,50
15114,5729338,30
15115,5729338,140
15116,5729338,170
15117,5729338,200
15118,5729338,80
15119,5729338,30
15120,5729338,90
15121,5729338,90
15122,5729338,40
15123,5729338,270
15124,5729338,650
15125,5729338,20
15126,5729338,90
15127,5729338,50
15128,5729338,420
15129,5729338,880
15130,5729338,190
15131,5729338,140
15132,5729338,270
15133,5729338,230
15134,5729338,20
15135,5729338,160
15136,5729338,110
15137,5729338,400
15138,5729338,30
15139,5729338,90
15140,5729338,20
15141,5729338,160
15142,5729338,420
15143,5729338,150
15144,5729338,30
15145,5729338,130
15146,5729338,400
15147,5729338,410
15148,5729338,90
15149,5729338,40
15150,5729338,30
15151,5729338,110
15152,5729338,100
15153,5729338,30
15154,5729338,590
15155,5729338,970
15156,5729338,90
15157,5729338,170
15158,5729338,200
15159,5729338,220
15160,5729338,20
15161,5729338,90
15162,5729338,320
15163,5729338,70
15164,5729338,40
15165,5729338,930
15166,5729338,340
15167,5729338,150
15168,5729338,1030
15169,5729338,110
15170,5729338,50
15171,5729338,40
15172,5729338,380
15173,5729338,10
15174,5729338,80
15175,5729338,470
15176,5729338,30
15177,5729338,20
15178,5729338,100
15179,5729338,110
15180,5729338,160
15181,5729338,250
15182,5729338,190
15183,5729338,20
15184,5729338,20
15185,5729338,90
15186,5729338,110
15187,5729338,90
15188,5729338,450
15189,5729338,30
15190,5729338,420
15191,5729338,10
15192,5729338,120
15193,5729338,230
15194,5729338,40
15195,5729338,730
15196,5729338,420
15197,5729338,340
15198,5729338,40
15199,5729338,530
15200,5729338,70
15201,5729338,50
15202,5729338,940
15203,5729338,220
15204,5729338,30
15205,5729338,60
15206,5729338,90
15207,5729338,430
15208,5729338,930
15209,5729338,120
15210,5729338,130
15211,5729338,1370
15212,5729338,20
15213,5729338,110
15214,5729338,60
15215,5729338,60
15216,5729338,50
15217,5729338,1300
15218,5729338,40
15219,5729338,60
15220,5729338,10
15221,5729338,40
15222,5729338,250
15223,5729338,590
15224,5729338,50
15225,5729338,230
15226,5729338,160
15227,5729338,420
15228,5729338,440
15229,5729338,60
15230,5729338,60
15231,5729338,60
15232,5729338,60
15233,5729338,100
15234,5729338,100
15235,5729338,40
15236,5729338,500
15237,5729338,650
15238,5729338,200
15239,5729338,930
15240,5729338,630
15241,5729338,230
15242,5729338,680
15243,5729338,90
15244,5729338,170
15245,5729338,70
15246,5729338,30
15247,5729338,340
15248,5729338,70
15249,5729338,130
15250,5729338,250
15251,5729338,900
15252,5729338,270
15253,5729338,80
15254,5729338,230
15255,5729338,200
15256,5729338,160
15257,5729338,250
15258,5729338,30
15259,5729338,90
15260,5729338,150
15261,5729338,210
15262,5729338,290
15263,5729338,400
15264,5729338,10
15265,5729338,40
15266,5729338,50
15267,5729338,20
15268,5729338,100
15269,5729338,200
15270,5729338,80
15271,5729338,60
15272,5729338,80
15273,5729338,40
15274,5729338,140
15275,5729338,60
15276,5729338,420
15277,5729338,1300
15278,5729338,200
15279,5729338,100
15280,5729338,720
15281,5729338,140
15282,5729338,250
15283,5729338,990
15284,5729338,400
15285,5729338,220
15286,5729338,90
15287,5729338,10
15288,5729338,70
15289,5729338,120
15290,5729338,20
15291,5729338,420
15292,5729338,100
15293,5729338,650
15294,5729338,720
15295,5729338,100
15296,5729338,10
15297,5729338,150
15298,5729338,100
15299,5729338,650
15300,5729338,40
15301,5729338,70
15302,5729338,590
15303,5729338,120
15304,5729338,30
15305,5729338,650
15306,5729338,70
15307,5729338,20
15308,5729338,120
15309,5729338,120
15310,5729338,140
15311,5729338,60
15312,5729338,220
15313,5729338,940
15314,5729338,40
15315,5729338,60
15316,5729338,500
15317,5729338,80
15318,5729338,100
15319,5729338,60
15320,5729338,160
15321,5729338,500
15322,5729338,170
15323,5729338,40
15324,5729338,60
15325,5729338,350
15326,5729338,60
15327,5729338,930
15328,5729338,220
15329,5729338,110
15330,5729338,350
15331,5729338,60
15332,5729338,90
15333,5729338,60
15334,5729338,20
15335,5729338,30
15336,5729338,100
15337,5729338,100
15338,5729338,250
15339,5729338,80
15340,5729338,40
15341,5729338,220
15342,5729338,80
15343,5729338,20
15344,5729338,220
15345,5729338,880
15346,5729338,120
15347,5729338,20
15348,5729338,60
15349,5729338,80
15350,5729338,40
15351,5729338,880
15352,5729338,220
15353,5729338,50
15354,5729338,140
15355,5729338,220
15356,5729338,110
15357,5729338,290
15358,5729338,230
15359,5729338,590
15360,5729338,100
15361,5729338,110
15362,5729338,1520
15363,5729338,60
15364,5729338,160
15365,5729338,290
15366,5729338,90
15367,5729338,930
15368,5729338,120
15369,5729338,110
15370,5729338,220
15371,5729338,390
15372,5729338,340
15373,5729338,200
15374,5729338,50
15375,5729338,130
15376,5729338,40
15377,5729338,160
15378,5729338,530
15379,5729338,130
15380,5729338,30
15381,5729338,90
15382,5729338,240
15383,5729338,130
15384,5729338,140
15385,5729338,30
15386,5729338,380
15387,5729338,420
15388,5729338,340
15389,5729338,50
15390,5729338,140
15391,5729338,30
15392,5729338,90
15393,5729338,80
15394,5729338,230
15395,5729338,30
15396,5729338,60
15397,5729338,290
15398,5729338,650
15399,5729338,120
15400,5729338,50
15401,5729338,90
15402,5729338,140
15403,5729338,930
15404,5729338,30
15405,5729338,80
15406,5729338,80
15407,5729338,150
15408,5729338,40
15409,5729338,1890
15410,5729338,470
15411,5729338,180
15412,5729338,220
15413,5729338,250
15414,5729338,430
15415,5729338,20
15416,5729338,250
15417,5729338,120
15418,5729338,200
15419,5729338,40
15420,5729338,80
15421,5729338,60
15422,5729338,40
15423,5729338,100
15424,5729338,10
15425,5729338,50
15426,5729338,20
15427,5729338,60
15428,5729338,130
15429,5729338,10
15430,5729338,170
15431,5729338,20
15432,5729338,130
15433,5729338,140
15434,5729338,60
15435,5729338,40
15436,5729338,40
15437,5729338,20
15438,5729338,90
15439,5729338,40
15440,5729338,140
15441,5729338,140
15442,5729338,50
15443,5729338,530
15444,5729338,20
15445,5729338,950
15446,5729338,170
15447,5729338,220
15448,5729338,10
15449,5729338,360
15450,5729338,60
15451,5729338,240
15452,5729338,70
15453,5729338,350
15454,5729338,100
15455,5729338,50
15456,5729338,30
15457,5729338,140
15458,5729338,380
15459,5729338,380
15460,5729338,20
15461,5729338,200
15462,5729338,10
15463,5729338,170
15464,5729338,230
15465,5729338,90
15466,5729338,60
15467,5729338,30
15468,5729338,30
15469,5729338,90
15470,5729338,90
15471,5729338,340
15472,5729338,60
15473,5729338,20
15474,5729338,50
15475,5729338,60
15476,5729338,110
15477,5729338,30
15478,5729338,30
15479,5729338,200
15480,5729338,20
15481,5729338,90
15482,5729338,70
15483,5729338,100
15484,5729338,200
15485,5729338,10
15486,5729338,30
15487,5729338,30
15488,5729338,100
15489,5729338,880
15490,5729338,140
15491,5729338,40
15492,5729338,10
15493,5729338,1300
15494,5729338,100
15495,5729338,170
15496,5729338,20
15497,5729338,90
15498,5729338,90
15499,5729338,230
15500,5729338,20
15501,5729338,10
15502,5729338,20
15503,5729338,70
15504,5729338,940
15505,5729338,40
15506,5729338,360
15507,5729338,440
15508,5729338,30
15509,5729338,140
15510,5729338,630
15511,5729338,160
15512,5729338,160
15513,5729338,220
15514,5729338,420
15515,5729338,250
15516,5729338,720
15517,5729338,20
15518,5729338,630
15519,5729338,150
15520,5729338,140
15521,5729338,160
15522,5729338,200
15523,5729338,80
15524,5729338,90
15525,5729338,30
15526,5729338,100
15527,5729338,230
15528,5729338,940
15529,5729338,60
15530,5729338,440
15531,5729338,90
15532,5729338,40
15533,5729338,10
15534,5729338,720
15535,5729338,200
15536,5729338,90
15537,5729338,250
15538,5729338,50
15539,5729338,170
15540,5729338,40
15541,5729338,40
15542,5729338,20
15543,5729338,150
15544,5729338,270
15545,5729338,70
15546,5729338,340
15547,5729338,1350
15548,5729338,270
15549,5729338,940
15550,5729338,200
15551,5729338,120
15552,5729338,90
15553,5729338,90
15554,5729338,110
15555,5729338,80
15556,5729338,340
15557,5729338,410
15558,5729338,20
15559,5729338,720
15560,5729338,90
15561,5729338,70
15562,5729338,140
15563,5729338,20
15564,5729338,40
15565,5729338,80
15566,5729338,40
15567,5729338,150
15568,5729338,20
15569,5729338,40
15570,5729338,120
15571,5729338,20
15572,5729338,50
15573,5729338,60
15574,5729338,310
15575,5729338,650
15576,5729338,340
15577,5729338,470
15578,5729338,160
15579,5729338,30
15580,5729338,20
15581,5729338,10
15582,5729338,90
15583,5729338,70
15584,5729338,60
15585,5729338,100
15586,5729338,70
15587,5729338,1300
15588,5729338,20
15589,5729338,70
15590,5729338,30
15591,5729338,170
15592,5729338,150
15593,5729338,360
15594,5729338,590
15595,5729338,70
15596,5729338,30
15597,5729338,120
15598,5729338,10
15599,5729338,170
15600,5729338,300
15601,5729338,60
15602,5729338,150
15603,5729338,640
15604,5729338,90
15605,5729338,220
15606,5729338,60
15607,5729338,270
15608,5729338,100
15609,5729338,10
15610,5729338,90
15611,5729338,120
15612,5729338,60
15613,5729338,930
15614,5729338,40
15615,5729338,20
15616,5729338,60
15617,5729338,420
15618,5729338,120
15619,5729338,20
15620,5729338,160
15621,5729338,150
15622,5729338,60
15623,5729338,40
15624,5729338,30
15625,5729338,60
15626,5729338,50
15627,5729338,130
15628,5729338,20
15629,5729338,60
15630,5729338,120
15631,5729338,220
15632,5729338,50
15633,5729338,20
15634,5729338,190
15635,5729338,120
15636,5729338,40
15637,5729338,150
15638,5729338,230
15639,5729338,130
15640,5729338,20
15641,5729338,140
15642,5729338,20
15643,5729338,1300
15644,5729338,60
15645,5729338,220
15646,5729338,290
15647,5729338,380
15648,5729338,220
15649,5729338,500
15650,5729338,40
15651,5729338,20
15652,5729338,120
15653,5729338,30
15654,5729338,220
15655,5729338,590
15656,5729338,880
15657,5729338,40
15658,5729338,140
15659,5729338,200
15660,5729338,200
15661,5729338,160
15662,5729338,50
15663,5729338,120
15664,5729338,140
15665,5729338,120
15666,5729338,420
15667,5729338,40
15668,5729338,50
15669,5729338,50
15670,5729338,90
15671,5729338,30
15672,5729338,140
15673,5729338,170
15674,5729338,250
15675,5729338,500
15676,5729338,120
15677,5729338,120
15678,5729338,40
15679,5729338,20
15680,5729338,140
15681,5729338,80
15682,5729338,170
15683,5729338,200
15684,5729338,230
15685,5729338,130
15686,5729338,90
15687,5729338,10
15688,5729338,20
15689,5729338,160
15690,5729338,60
15691,5729338,10
15692,5729338,50
15693,5729338,140
15694,5729338,440
15695,5729338,590
15696,5729338,200
15697,5729338,220
15698,5729338,120
15699,5729338,100
15700,5729338,220
15701,5729338,130
15702,5729338,1510
15703,5729338,70
15704,5729338,10
15705,5729338,30
15706,5729338,10
15707,5729338,160
15708,5729338,20
15709,5729338,50
15710,5729338,40
15711,5729338,110
15712,5729338,120
15713,5729338,90
15714,5729338,1300
15715,5729338,200
15716,5729338,360
15717,5729338,120
15718,5729338,60
15719,5729338,40
15720,5729338,30
15721,5729338,590
15722,5729338,90
15723,5729338,90
15724,5729338,10
15725,5729338,10
15726,5729338,270
15727,5729338,140
15728,5729338,130
15729,5729338,120
15730,5729338,190
15731,5729338,70
15732,5729338,30
15733,5729338,140
15734,5729338,50
15735,5729338,140
15736,5729338,10
15737,5729338,140
15738,5729338,140
15739,5729338,70
15740,5729338,30
15741,5729338,10
15742,5729338,80
15743,5729338,650
15744,5729338,230
15745,5729338,70
15746,5729338,30
15747,5729338,110
15748,5729338,70
15749,5729338,30
15750,5729338,140
15751,5729338,150
15752,5729338,1300
15753,5729338,20
15754,5729338,720
15755,5729338,80
15756,5729338,340
15757,5729338,70
15758,5729338,40
15759,5729338,50
15760,5729338,70
15761,5729338,70
15762,5729338,30
15763,5729338,630
15764,5729338,250
15765,5729338,120
15766,5729338,420
15767,5729338,120
15768,5729338,60
15769,5729338,70
15770,5729338,420
15771,5729338,20
15772,5729338,200
15773,5729338,20
15774,5729338,150
15775,5729338,40
15776,5729338,10
15777,5729338,510
15778,5729338,30
15779,5729338,290
15780,5729338,140
15781,5729338,90
15782,5729338,30
15783,5729338,320
15784,5729338,100
15785,5729338,20
15786,5729338,50
15787,5729338,50
15788,5729338,220
15789,5729338,290
15790,5729338,230
15791,5729338,470
15792,5729338,600
15793,5729338,60
15794,5729338,250
15795,5729338,140
15796,5729338,30
15797,5729338,500
15798,5729338,150
15799,5729338,80
15800,5729338,50
15801,5729338,80
15802,5729338,40
15803,5729338,90
15804,5729338,380
15805,5729338,40
15806,5729338,160
15807,5729338,30
15808,5729338,30
15809,5729338,1300
15810,5729338,650
15811,5729338,50
15812,5729338,10
15813,5729338,10
15814,5729338,390
15815,5729338,320
15816,5729338,40
15817,5729338,1950
15818,5729338,10
15819,5729338,110
15820,5729338,80
15821,5729338,680
15822,5729338,930
15823,5729338,220
15824,5729338,90
15825,5729338,90
15826,5729338,60
15827,5729338,290
15828,5729338,120
15829,5729338,20
15830,5729338,20
15831,5729338,100
15832,5729338,40
15833,5729338,60
15834,5729338,60
15835,5729338,30
15836,5729338,160
15837,5729338,30
15838,5729338,90
15839,5729338,220
15840,5729338,80
15841,5729338,120
15842,5729338,340
15843,5729338,630
15844,5729338,250
15845,5729338,70
15846,5729338,560
15847,5729338,40
15848,5729338,260
15849,5729338,30
15850,5729338,40
15851,5729338,50
15852,5729338,250
15853,5729338,380
15854,5729338,100
15855,5729338,500
15856,5729338,20
15857,5729338,20
15858,5729338,20
15859,5729338,590
15860,5729338,50
15861,5729338,420
15862,5729338,340
15863,5729338,630
15864,5729338,320
15865,5729338,30
15866,5729338,20
15867,5729338,30
15868,5729338,290
15869,5729338,20
15870,5729338,160
15871,5729338,230
15872,5729338,680
15873,5729338,220
15874,5729338,110
15875,5729338,440
15876,5729338,80
15877,5729338,170
15878,5729338,140
15879,5729338,10
15880,5729338,650
15881,5729338,290
15882,5729338,220
15883,5729338,220
15884,5729338,250
15885,5729338,150
15886,5729338,160
15887,5729338,40
15888,5729338,80
15889,5729338,50
15890,5729338,30
15891,5729338,110
15892,5729338,60
15893,5729338,40
15894,5729338,100
15895,5729338,40
15896,5729338,40
15897,5729338,90
15898,5729338,160
15899,5729338,120
15900,5729338,690
15901,5729338,650
15902,5729338,60
15903,5729338,250
15904,5729338,170
15905,5729338,10
15906,5729338,90
15907,5729338,50
15908,5729338,70
15909,5729338,80
15910,5729338,160
15911,5729338,100
15912,5729338,100
15913,5729338,500
15914,5729338,10
15915,5729338,140
15916,5729338,40
15917,5729338,230
15918,5729338,240
15919,5729338,120
15920,5729338,170
15921,5729338,220
15922,5729338,60
15923,5729338,930
15924,5729338,150
15925,5729338,10
15926,5729338,130
15927,5729338,60
15928,5729338,320
15929,5729338,190
15930,5729338,60
15931,5729338,200
15932,5729338,50
15933,5729338,90
15934,5729338,70
15935,5729338,590
15936,5729338,650
15937,5729338,1300
15938,5729338,20
15939,5729338,160
15940,5729338,140
15941,5729338,220
15942,5729338,90
15943,5729338,120
15944,5729338,20
15945,5729338,30
15946,5729338,20
15947,5729338,360
15948,5729338,90
15949,5729338,360
15950,5729338,30
15951,5729338,90
15952,5729338,930
15953,5729338,110
15954,5729338,220
15955,5729338,630
15956,5729338,30
15957,5729338,60
15958,5729338,440
15959,5729338,20
15960,5729338,90
15961,5729338,940
15962,5729338,70
15963,5729338,880
15964,5729338,220
15965,5729338,130
15966,5729338,90
15967,5729338,440
15968,5729338,20
15969,5729338,40
15970,5729338,10
15971,5729338,130
15972,5729338,170
15973,5729338,20
15974,5729338,50
15975,5729338,500
15976,5729338,10
15977,5729338,270
15978,5729338,340
15979,5729338,170
15980,5729338,120
15981,5729338,80
15982,5729338,930
15983,5729338,70
15984,5729338,90
15985,5729338,50
15986,5729338,390
15987,5729338,160
15988,5729338,630
15989,5729338,220
15990,5729338,60
15991,5729338,70
15992,5729338,20
15993,5729338,30
15994,5729338,190
15995,5729338,20
15996,5729338,1300
15997,5729338,320
15998,5729338,90
15999,5729338,100
16000,5729338,120
16001,5729338,220
16002,5729338,200
16003,5729338,170
16004,5729338,630
16005,5729338,90
16006,5729338,20
16007,5729338,150
16008,5729338,40
16009,5729338,20
16010,5729338,30
16011,5729338,10
16012,5729338,270
16013,5729338,20
16014,5729338,10
16015,5729338,110
16016,5729338,1890
16017,5729338,40
16018,5729338,110
16019,5729338,220
16020,5729338,30
16021,5729338,280
16022,5729338,440
16023,5729338,1890
16024,5729338,110
16025,5729338,1300
16026,5729338,880
16027,5729338,90
16028,5729338,20
16029,5729338,250
16030,5729338,40
16031,5729338,90
16032,5729338,940
16033,5729338,140
16034,5729338,140
16035,5729338,150
16036,5729338,30
16037,5729338,120
16038,5729338,630
16039,5729338,60
16040,5729338,60
16041,5729338,60
16042,5729338,10
16043,5729338,30
16044,5729338,30
16045,5729338,1350
16046,5729338,90
16047,5729338,60
16048,5729338,240
16049,5729338,170
16050,5729338,230
16051,5729338,30
16052,5729338,10
16053,5729338,420
16054,5729338,70
16055,5729338,60
16056,5729338,40
16057,5729338,30
16058,5729338,120
16059,5729338,230
16060,5729338,20
16061,5729338,140
16062,5729338,420
16063,5729338,40
16064,5729338,150
16065,5729338,90
16066,5729338,180
16067,5729338,10
16068,5729338,420
16069,5729338,90
16070,5729338,230
16071,5729338,60
16072,5729338,150
16073,5729338,140
16074,5729338,500
16075,5729338,20
16076,5729338,650
16077,5729338,30
16078,5729338,70
16079,5729338,40
16080,5729338,120
16081,5729338,880
16082,5729338,270
16083,5729338,200
16084,5729338,70
16085,5729338,220
16086,5729338,90
16087,5729338,20
16088,5729338,30
16089,5729338,30
16090,5729338,140
16091,5729338,70
16092,5729338,650
16093,5729338,100
16094,5729338,30
16095,5729338,1300
16096,5729338,50
16097,5729338,140
16098,5729338,90
16099,5729338,90
16100,5729338,90
16101,5729338,40
16102,5729338,650
16103,5729338,60
16104,5729338,420
16105,5729338,80
16106,5729338,90
16107,5729338,340
16108,5729338,360
16109,5729338,1890
16110,5729338,90
16111,5729338,20
16112,5729338,90
16113,5729338,650
16114,5729338,930
16115,5729338,500
16116,5729338,30
16117,5729338,230
16118,5729338,140
16119,5729338,140
16120,5729338,130
16121,5729338,340
16122,5729338,320
16123,5729338,220
16124,5729338,290
16125,5729338,190
16126,5729338,880
16127,5729338,60
16128,5729338,70
16129,5729338,220
16130,5729338,880
16131,5729338,420
16132,5729338,40
16133,5729338,90
16134,5729338,120
16135,5729338,350
16136,5729338,50
16137,5729338,60
16138,5729338,40
16139,5729338,140
16140,5729338,20
16141,5729338,170
16142,5729338,220
16143,5729338,170
16144,5729338,80
16145,5729338,1370
16146,5729338,290
16147,5729338,100
16148,5729338,160
16149,5729338,90
16150,5729338,470
16151,5729338,220
16152,5729338,200
16153,5729338,200
16154,5729338,150
16155,5729338,930
16156,5729338,40
16157,5729338,1890
16158,5729338,180
16159,5729338,60
16160,5729338,1350
16161,5729338,160
16162,5729338,950
16163,5729338,140
16164,5729338,930
16165,5729338,170
16166,5729338,90
16167,5729338,200
16168,5729338,940
16169,5729338,950
16170,5729338,60
16171,5729338,340
16172,5729338,10
16173,5729338,60
16174,5729338,140
16175,5729338,290
16176,5729338,60
16177,5729338,80
16178,5729338,60
16179,5729338,50
16180,5729338,30
16181,5729338,50
16182,5729338,60
16183,5729338,30
16184,5729338,190
16185,5729338,90
16186,5729338,90
16187,5729338,120
16188,5729338,60
16189,5729338,20
16190,5729338,60
16191,5729338,260
16192,5729338,250
16193,5729338,70
16194,5729338,270
16195,5729338,190
16196,5729338,150
16197,5729338,500
16198,5729338,120
16199,5729338,160
16200,5729338,60
16201,5729338,70
16202,5729338,140
16203,5729338,10
16204,5729338,170
16205,5729338,140
16206,5729338,630
16207,5729338,40
16208,5729338,380
16209,5729338,60
16210,5729338,240
16211,5729338,130
16212,5729338,950
16213,5729338,320
16214,5729338,30
16215,5729338,90
16216,5729338,630
16217,5729338,90
16218,5729338,190
16219,5729338,10
16220,5729338,220
16221,5729338,170
16222,5729338,190
16223,5729338,20
16224,5729338,10
16225,5729338,30
16226,5729338,80
16227,5729338,30
16228,5729338,60
16229,5729338,20
16230,5729338,220
16231,5729338,120
16232,5729338,30
16233,5729338,50
16234,5729338,80
16235,5729338,80
16236,5729338,160
16237,5729338,50
16238,5729338,590
16239,5729338,190
16240,5729338,20
16241,5729338,20
16242,5729338,110
16243,5729338,290
16244,5729338,500
16245,5729338,590
16246,5729338,160
16247,5729338,20
16248,5729338,100
16249,5729338,100
16250,5729338,30
16251,5729338,60
16252,5729338,90
16253,5729338,50
16254,5729338,130
16255,5729338,140
16256,5729338,110
16257,5729338,90
16258,5729338,140
16259,5729338,50
16260,5729338,290
16261,5729338,130
16262,5729338,440
16263,5729338,290
16264,5729338,70
16265,5729338,50
16266,5729338,630
16267,5729338,30
16268,5729338,60
16269,5729338,590
16270,5729338,40
16271,5729338,170
16272,5729338,320
16273,5729338,40
16274,5729338,230
16275,5729338,80
16276,5729338,420
16277,5729338,930
16278,5729338,140
16279,5729338,50
16280,5729338,290
16281,5729338,40
16282,5729338,100
16283,5729338,90
16284,5729338,240
16285,5729338,30
16286,5729338,320
16287,5729338,40
16288,5729338,500
16289,5729338,120
16290,5729338,50
16291,5729338,160
16292,5729338,30
16293,5729338,100
16294,5729338,30
16295,5729338,340
16296,5729338,630
16297,5729338,30
16298,5729338,250
16299,5729338,650
16300,5729338,170
16301,5729338,160
16302,5729338,50
16303,5729338,60
16304,5729338,30
16305,5729338,120
16306,5729338,190
16307,5729338,50
16308,5729338,50
16309,5729338,230
16310,5729338,60
16311,5729338,90
16312,5729338,130
16313,5729338,20
16314,5729338,90
16315,5729338,170
16316,5729338,30
16317,5729338,150
16318,5729338,90
16319,5729338,30
16320,5729338,20
16321,5729338,50
16322,5729338,20
16323,5729338,440
16324,5729338,60
16325,5729338,140
16326,5729338,190
16327,5729338,20
16328,5729338,20
16329,5729338,60
16330,5729338,60
16331,5729338,90
16332,5729338,150
16333,5729338,160
16334,5729338,140
16335,5729338,220
16336,5729338,630
16337,5729338,80
16338,5729338,220
16339,5729338,440
16340,5729338,20
16341,5729338,140
16342,5729338,500
16343,5729338,20
16344,5729338,90
16345,5729338,10
16346,5729338,50
16347,5729338,670
16348,5729338,420
16349,5729338,30
16350,5729338,150
16351,5729338,420
16352,5729338,230
16353,5729338,510
16354,5729338,160
16355,5729338,60
16356,5729338,170
16357,5729338,50
16358,5729338,130
16359,5729338,140
16360,5729338,10
16361,5729338,110
16362,5729338,320
16363,5729338,1300
16364,5729338,310
16365,5729338,40
16366,5729338,60
16367,5729338,250
16368,5729338,230
16369,5729338,410
16370,5729338,220
16371,5729338,420
16372,5729338,200
16373,5729338,20
16374,5729338,60
16375,5729338,40
16376,5729338,290
16377,5729338,30
16378,5729338,340
16379,5729338,390
16380,5729338,30
16381,5729338,140
16382,5729338,90
16383,5729338,940
16384,5729338,10
16385,5729338,200
16386,5729338,250
16387,5729338,650
16388,5729338,30
16389,5729338,20
16390,5729338,90
16391,5729338,90
16392,5729338,110
16393,5729338,10
16394,5729338,90
16395,5729338,90
16396,5729338,110
16397,5729338,630
16398,5729338,50
16399,5729338,20
16400,5729338,1040
16401,5729338,50
16402,5729338,60
16403,5729338,30
16404,5729338,50
16405,5729338,60
16406,5729338,140
16407,5729338,530
16408,5729338,50
16409,5729338,60
16410,5729338,60
16411,5729338,930
16412,5729338,60
16413,5729338,590
16414,5729338,150
16415,5729338,100
16416,5729338,500
16417,5729338,70
16418,5729338,590
16419,5729338,80
16420,5729338,90
16421,5729338,200
16422,5729338,60
16423,5729338,50
16424,5729338,140
16425,5729338,80
16426,5729338,170
16427,5729338,20
16428,5729338,30
16429,5729338,90
16430,5729338,70
16431,5729338,570
16432,5729338,200
16433,5729338,30
16434,5729338,20
16435,5729338,290
16436,5729338,250
16437,5729338,30
16438,5729338,10
16439,5729338,40
16440,5729338,110
16441,5729338,20
16442,5729338,270
16443,5729338,90
16444,5729338,150
16445,5729338,150
16446,5729338,60
16447,5729338,60
16448,5729338,230
16449,5729338,40
16450,5729338,70
16451,5729338,50
16452,5729338,550
16453,5729338,60
16454,5729338,30
16455,5729338,20
16456,5729338,90
16457,5729338,110
16458,5729338,60
16459,5729338,530
16460,5729338,720
16461,5729338,150
16462,5729338,40
16463,5729338,50
16464,5729338,10
16465,5729338,250
16466,5729338,90
16467,5729338,500
16468,5729338,90
16469,5729338,230
16470,5729338,20
16471,5729338,170
16472,5729338,60
16473,5729338,20
16474,5729338,360
16475,5729338,230
16476,5729338,80
16477,5729338,420
16478,5729338,140
16479,5729338,30
16480,5729338,10
16481,5729338,220
16482,5729338,270
16483,5729338,310
16484,5729338,400
16485,5729338,60
16486,5729338,50
16487,5729338,70
16488,5729338,60
16489,5729338,240
16490,5729338,290
16491,5729338,170
16492,5729338,650
16493,5729338,60
16494,5729338,220
16495,5729338,90
16496,5729338,40
16497,5729338,320
16498,5729338,170
16499,5729338,160
16500,5729338,290
16501,5729338,50
16502,5729338,220
16503,5729338,20
16504,5729338,220
16505,5729338,30
16506,5729338,160
16507,5729338,160
16508,5729338,70
16509,5729338,20
16510,5729338,220
16511,5729338,40
16512,5729338,390
16513,5729338,20
16514,5729338,420
16515,5729338,70
16516,5729338,90
16517,5729338,20
16518,5729338,930
16519,5729338,60
16520,5729338,30
16521,5729338,20
16522,5729338,150
16523,5729338,120
16524,5729338,160
16525,5729338,40
16526,5729338,70
16527,5729338,10
16528,5729338,40
16529,5729338,650
16530,5729338,900
16531,5729338,50
16532,5729338,730
16533,5729338,50
16534,5729338,100
16535,5729338,90
16536,5729338,20
16537,5729338,60
16538,5729338,380
16539,5729338,150
16540,5729338,270
16541,5729338,140
16542,5729338,50
16543,5729338,60
16544,5729338,20
16545,5729338,220
16546,5729338,50
16547,5729338,630
16548,5729338,140
16549,5729338,360
16550,5729338,90
16551,5729338,60
16552,5729338,360
16553,5729338,1300
16554,5729338,270
16555,5729338,200
16556,5729338,180
16557,5729338,100
16558,5729338,250
16559,5729338,30
16560,5729338,30
16561,5729338,40
16562,5729338,970
16563,5729338,40
16564,5729338,60
16565,5729338,500
16566,5729338,140
16567,5729338,160
16568,5729338,20
16569,5729338,340
16570,5729338,140
16571,5729338,150
16572,5729338,220
16573,5729338,30
16574,5729338,190
16575,5729338,40
16576,5729338,160
16577,5729338,60
16578,5729338,20
16579,5729338,20
16580,5729338,190
16581,5729338,140
16582,5729338,40
16583,5729338,220
16584,5729338,160
16585,5729338,90
16586,5729338,10
16587,5729338,20
16588,5729338,50
16589,5729338,110
16590,5729338,220
16591,5729338,60
16592,5729338,250
16593,5729338,680
16594,5729338,130
16595,5729338,250
16596,5729338,80
16597,5729338,130
16598,5729338,160
16599,5729338,30
16600,5729338,40
16601,5729338,1300
16602,5729338,30
16603,5729338,420
16604,5729338,110
16605,5729338,140
16606,5729338,60
16607,5729338,50
16608,5729338,50
16609,5729338,250
16610,5729338,230
16611,5729338,80
16612,5729338,140
16613,5729338,130
16614,5729338,130
16615,5729338,270
16616,5729338,100
16617,5729338,60
16618,5729338,70
16619,5729338,20
16620,5729338,1300
16621,5729338,40
16622,5729338,40
16623,5729338,190
16624,5729338,200
16625,5729338,250
16626,5729338,40
16627,5729338,110
16628,5729338,120
16629,5729338,40
16630,5729338,30
16631,5729338,290
16632,5729338,440
16633,5729338,220
16634,5729338,120
16635,5729338,30
16636,5729338,30
16637,5729338,20
16638,5729338,290
16639,5729338,40
16640,5729338,470
16641,5729338,220
16642,5729338,110
16643,5729338,120
16644,5729338,20
16645,5729338,140
16646,5729338,150
16647,5729338,100
16648,5729338,220
16649,5729338,20
16650,5729338,80
16651,5729338,110
16652,5729338,140
16653,5729338,50
16654,5729338,10
16655,5729338,30
16656,5729338,20
16657,5729338,40
16658,5729338,20
16659,5729338,70
16660,5729338,220
16661,5729338,60
16662,5729338,420
16663,5729338,30
16664,5729338,220
16665,5729338,200
16666,5729338,1300
16667,5729338,80
16668,5729338,60
16669,5729338,120
16670,5729338,150
16671,5729338,380
16672,5729338,170
16673,5729338,1300
16674,5729338,70
16675,5729338,150
16676,5729338,160
16677,5729338,90
16678,5729338,10
16679,5729338,30
16680,5729338,10
16681,5729338,80
16682,5729338,150
16683,5729338,30
16684,5729338,260
16685,5729338,70
16686,5729338,650
16687,5729338,50
16688,5729338,340
16689,5729338,50
16690,5729338,90
16691,5729338,220
16692,5729338,240
16693,5729338,100
16694,5729338,220
16695,5729338,90
16696,5729338,30
16697,5729338,30
16698,5729338,40
16699,5729338,880
16700,5729338,60
16701,5729338,90
16702,5729338,420
16703,5729338,290
16704,5729338,120
16705,5729338,250
16706,5729338,60
16707,5729338,170
16708,5729338,20
16709,5729338,290
16710,5729338,20
16711,5729338,30
16712,5729338,170
16713,5729338,30
16714,5729338,420
16715,5729338,290
16716,5729338,110
16717,5729338,200
16718,5729338,120
16719,5729338,30
16720,5729338,290
16721,5729338,90
16722,5729338,110
16723,5729338,60
16724,5729338,60
16725,5729338,230
16726,5729338,60
16727,5729338,220
16728,5729338,20
16729,5729338,60
16730,5729338,470
16731,5729338,10
16732,5729338,60
16733,5729338,230
16734,5729338,50
16735,5729338,170
16736,5729338,650
16737,5729338,1300
16738,5729338,90
16739,5729338,1300
16740,5729338,220
16741,5729338,50
16742,5729338,60
16743,5729338,10
16744,5729338,250
16745,5729338,310
16746,5729338,1890
16747,5729338,80
16748,5729338,270
16749,5729338,1960
16750,5729338,60
16751,5729338,60
16752,5729338,70
16753,5729338,150
16754,5729338,100
16755,5729338,110
16756,5729338,70
16757,5729338,630
16758,5729338,1300
16759,5729338,20
16760,5729338,50
16761,5729338,90
16762,5729338,220
16763,5729338,90
16764,5729338,30
16765,5729338,80
16766,5729338,20
16767,5729338,120
16768,5729338,250
16769,5729338,220
16770,5729338,90
16771,5729338,160
16772,5729338,190
16773,5729338,50
16774,5729338,10
16775,5729338,20
16776,5729338,50
16777,5729338,220
16778,5729338,60
16779,5729338,1300
16780,5729338,10
16781,5729338,10
16782,5729338,200
16783,5729338,310
16784,5729338,190
16785,5729338,590
16786,5729338,160
16787,5729338,440
16788,5729338,170
16789,5729338,200
16790,5729338,220
16791,5729338,190
16792,5729338,750
16793,5729338,140
16794,5729338,20
16795,5729338,40
16796,5729338,220
16797,5729338,90
16798,5729338,60
16799,5729338,20
16800,5729338,110
16801,5729338,140
16802,5729338,170
16803,5729338,380
16804,5729338,320
16805,5729338,630
16806,5729338,340
16807,5729338,360
16808,5729338,150
16809,5729338,20
16810,5729338,230
16811,5729338,190
16812,5729338,50
16813,5729338,170
16814,5729338,240
16815,5729338,1300
16816,5729338,160
16817,5729338,80
16818,5729338,200
16819,5729338,130
16820,5729338,160
16821,5729338,10
16822,5729338,20
16823,5729338,50
16824,5729338,140
16825,5729338,120
16826,5729338,150
16827,5729338,650
16828,5729338,90
16829,5729338,90
16830,5729338,590
16831,5729338,170
16832,5729338,40
16833,5729338,30
16834,5729338,170
16835,5729338,940
16836,5729338,880
16837,5729338,420
16838,5729338,340
16839,5729338,140
16840,5729338,270
16841,5729338,170
16842,5729338,470
16843,5729338,90
16844,5729338,20
16845,5729338,60
16846,5729338,120
16847,5729338,50
16848,5729338,50
16849,5729338,20
16850,5729338,220
16851,5729338,140
16852,5729338,320
16853,5729338,430
16854,5729338,100
16855,5729338,140
16856,5729338,230
16857,5729338,60
16858,5729338,170
16859,5729338,60
16860,5729338,50
16861,5729338,320
16862,5729338,120
16863,5729338,60
16864,5729338,50
16865,5729338,320
16866,5729338,380
16867,5729338,30
16868,5729338,320
16869,5729338,20
16870,5729338,30
16871,5729338,90
16872,5729338,1300
16873,5729338,880
16874,5729338,60
16875,5729338,20
16876,5729338,130
16877,5729338,390
16878,5729338,50
16879,5729338,230
16880,5729338,130
16881,5729338,110
16882,5729338,30
16883,5729338,20
16884,5729338,120
16885,5729338,50
16886,5729338,170
16887,5729338,320
16888,5729338,30
16889,5729338,1370
16890,5729338,100
16891,5729338,120
16892,5729338,30
16893,5729338,120
16894,5729338,40
16895,5729338,460
16896,5729338,290
16897,5729338,140
16898,5729338,140
16899,5729338,380
16900,5729338,90
16901,5729338,150
16902,5729338,30
16903,5729338,50
16904,5729338,20
16905,5729338,20
16906,5729338,40
16907,5729338,650
16908,5729338,650
16909,5729338,50
16910,5729338,140
16911,5729338,100
16912,5729338,90
16913,5729338,230
16914,5729338,220
16915,5729338,220
16916,5729338,40
16917,5729338,120
16918,5729338,250
16919,5729338,360
16920,5729338,130
16921,5729338,930
16922,5729338,140
16923,5729338,40
16924,5729338,500
16925,5729338,90
16926,5729338,60
16927,5729338,340
16928,5729338,140
16929,5729338,30
16930,5729338,140
16931,5729338,320
16932,5729338,140
16933,5729338,20
16934,5729338,200
16935,5729338,170
16936,5729338,630
16937,5729338,150
16938,5729338,10
16939,5729338,10
16940,5729338,60
16941,5729338,30
16942,5729338,40
16943,5729338,380
16944,5729338,60
16945,5729338,880
16946,5729338,200
16947,5729338,90
16948,5729338,20
16949,5729338,120
16950,5729338,60
16951,5729338,90
16952,5729338,60
16953,5729338,220
16954,5729338,70
16955,5729338,20
16956,5729338,60
16957,5729338,20
16958,5729338,500
16959,5729338,40
16960,5729338,50
16961,5729338,770
16962,5729338,50
16963,5729338,290
16964,5729338,90
16965,5729338,190
16966,5729338,650
16967,5729338,90
16968,5729338,70
16969,5729338,140
16970,5729338,1350
16971,5729338,110
16972,5729338,180
16973,5729338,30
16974,5729338,120
16975,5729338,20
16976,5729338,140
16977,5729338,90
16978,5729338,420
16979,5729338,190
16980,5729338,500
16981,5729338,60
16982,5729338,90
16983,5729338,110
16984,5729338,60
16985,5729338,1350
16986,5729338,160
16987,5729338,650
16988,5729338,70
16989,5729338,340
16990,5729338,50
16991,5729338,60
16992,5729338,90
16993,5729338,140
16994,5729338,50
16995,5729338,110
16996,5729338,30
16997,5729338,20
16998,5729338,290
16999,5729338,60
17000,5729338,60
17001,5729338,180
17002,5729338,90
17003,5729338,110
17004,5729338,290
17005,5729338,500
17006,5729338,170
17007,5729338,110
17008,5729338,40
17009,5729338,80
17010,5729338,110
17011,5729338,190
17012,5729338,50
17013,5729338,630
17014,5729338,50
17015,5729338,1890
17016,5729338,20
17017,5729338,220
17018,5729338,320
17019,5729338,340
17020,5729338,100
17021,5729338,130
17022,5729338,590
17023,5729338,160
17024,5729338,420
17025,5729338,40
17026,5729338,250
17027,5729338,80
17028,5729338,270
17029,5729338,60
17030,5729338,170
17031,5729338,50
17032,5729338,80
17033,5729338,100
17034,5729338,160
17035,5729338,320
17036,5729338,50
17037,5729338,50
17038,5729338,150
17039,5729338,200
17040,5729338,100
17041,5729338,50
17042,5729338,160
17043,5729338,30
17044,5729338,440
17045,5729338,70
17046,5729338,440
17047,5729338,10
17048,5729338,20
17049,5729338,140
17050,5729338,60
17051,5729338,140
17052,5729338,290
17053,5729338,70
17054,5729338,50
17055,5729338,500
17056,5729338,150
17057,5729338,290
17058,5729338,90
17059,5729338,200
17060,5729338,90
17061,5729338,30
17062,5729338,290
17063,5729338,40
17064,5729338,60
17065,5729338,150
17066,5729338,50
17067,5729338,10
17068,5729338,80
17069,5729338,170
17070,5729338,100
17071,5729338,140
17072,5729338,10
17073,5729338,90
17074,5729338,230
17075,5729338,90
17076,5729338,220
17077,5729338,110
17078,5729338,70
17079,5729338,250
17080,5729338,220
17081,5729338,50
17082,5729338,100
17083,5729338,360
17084,5729338,290
17085,5729338,120
17086,5729338,40
17087,5729338,140
17088,5729338,220
17089,5729338,230
17090,5729338,90
17091,5729338,170
17092,5729338,90
17093,5729338,220
17094,5729338,440
17095,5729338,140
17096,5729338,50
17097,5729338,590
17098,5729338,120
17099,5729338,10
17100,5729338,50
17101,5729338,10
17102,5729338,90
17103,5729338,90
17104,5729338,30
17105,5729338,930
17106,5729338,90
17107,5729338,930
17108,5729338,50
17109,5729338,160
17110,5729338,120
17111,5729338,320
17112,5729338,60
17113,5729338,70
17114,5729338,160
17115,5729338,100
17116,5729338,100
17117,5729338,170
17118,5729338,10
17119,5729338,930
17120,5729338,170
17121,5729338,420
17122,5729338,40
17123,5729338,340
17124,5729338,130
17125,5729338,10
17126,5729338,440
17127,5729338,140
17128,5729338,130
17129,5729338,70
17130,5729338,220
17131,5729338,270
17132,5729338,60
17133,5729338,30
17134,5729338,90
17135,5729338,40
17136,5729338,30
17137,5729338,80
17138,5729338,70
17139,5729338,100
17140,5729338,170
17141,5729338,10
17142,5729338,20
17143,5729338,630
17144,5729338,110
17145,5729338,40
17146,5729338,40
17147,5729338,190
17148,5729338,630
17149,5729338,90
17150,5729338,30
17151,5729338,30
17152,5729338,60
17153,5729338,420
17154,5729338,140
17155,5729338,100
17156,5729338,760
17157,5729338,420
17158,5729338,220
17159,5729338,90
17160,5729338,220
17161,5729338,160
17162,5729338,380
17163,5729338,200
17164,5729338,200
17165,5729338,10
17166,5729338,120
17167,5729338,220
17168,5729338,440
17169,5729338,40
17170,5729338,140
17171,5729338,440
17172,5729338,30
17173,5729338,80
17174,5729338,50
17175,5729338,110
17176,5729338,30
17177,5729338,70
17178,5729338,130
17179,5729338,90
17180,5729338,940
17181,5729338,110
17182,5729338,190
17183,5729338,320
17184,5729338,290
17185,5729338,50
17186,5729338,50
17187,5729338,70
17188,5729338,120
17189,5729338,940
17190,5729338,90
17191,5729338,80
17192,5729338,70
17193,5729338,20
17194,5729338,30
17195,5729338,190
17196,5729338,100
17197,5729338,320
17198,5729338,90
17199,5729338,400
17200,5729338,40
17201,5729338,140
17202,5729338,40
17203,5729338,80
17204,5729338,70
17205,5729338,40
17206,5729338,30
17207,5729338,140
17208,5729338,20
17209,5729338,40
17210,5729338,730
17211,5729338,520
17212,5729338,140
17213,5729338,40
17214,5729338,20
17215,5729338,110
17216,5729338,60
17217,5729338,50
17218,5729338,160
17219,5729338,30
17220,5729338,100
17221,5729338,60
17222,5729338,200
17223,5729338,230
17224,5729338,1300
17225,5729338,320
17226,5729338,380
17227,5729338,340
17228,5729338,320
17229,5729338,220
17230,5729338,420
17231,5729338,210
17232,5729338,140
17233,5729338,220
17234,5729338,30
17235,5729338,90
17236,5729338,110
17237,5729338,130
17238,5729338,90
17239,5729338,10
17240,5729338,230
17241,5729338,60
17242,5729338,190
17243,5729338,200
17244,5729338,60
17245,5729338,880
17246,5729338,140
17247,5729338,140
17248,5729338,460
17249,5729338,70
17250,5729338,100
17251,5729338,880
17252,5729338,30
17253,5729338,880
17254,5729338,250
17255,5729338,50
17256,5729338,590
17257,5729338,320
17258,5729338,190
17259,5729338,190
17260,5729338,60
17261,5729338,20
17262,5729338,40
17263,5729338,90
17264,5729338,10
17265,5729338,100
17266,5729338,20
17267,5729338,90
17268,5729338,140
17269,5729338,50
17270,5729338,250
17271,5729338,60
17272,5729338,40
17273,5729338,190
17274,5729338,60
17275,5729338,40
17276,5729338,90
17277,5729338,20
17278,5729338,30
17279,5729338,290
17280,5729338,120
17281,5729338,960
17282,5729338,270
17283,5729338,90
17284,5729338,20
17285,5729338,150
17286,5729338,30
17287,5729338,60
17288,5729338,10
17289,5729338,70
17290,5729338,50
17291,5729338,60
17292,5729338,120
17293,5729338,200
17294,5729338,160
17295,5729338,730
17296,5729338,650
17297,5729338,270
17298,5729338,60
17299,5729338,470
17300,5729338,90
17301,5729338,140
17302,5729338,20
17303,5729338,40
17304,5729338,170
17305,5729338,360
17306,5729338,60
17307,5729338,50
17308,5729338,880
17309,5729338,170
17310,5729338,30
17311,5729338,60
17312,5729338,90
17313,5729338,60
17314,5729338,590
17315,5729338,1300
17316,5729338,20
17317,5729338,60
17318,5729338,140
17319,5729338,600
17320,5729338,1350
17321,5729338,120
17322,5729338,70
17323,5729338,590
17324,5729338,50
17325,5729338,160
17326,5729338,460
17327,5729338,50
17328,5729338,30
17329,5729338,120
17330,5729338,200
17331,5729338,20
17332,5729338,20
17333,5729338,70
17334,5729338,80
17335,5729338,50
17336,5729338,420
17337,5729338,350
17338,5729338,10
17339,5729338,30
17340,5729338,20
17341,5729338,110
17342,5729338,30
17343,5729338,80
17344,5729338,230
17345,5729338,140
17346,5729338,140
17347,5729338,160
17348,5729338,60
17349,5729338,320
17350,5729338,20
17351,5729338,50
17352,5729338,220
17353,5729338,200
17354,5729338,40
17355,5729338,80
17356,5729338,930
17357,5729338,90
17358,5729338,140
17359,5729338,20
17360,5729338,230
17361,5729338,10
17362,5729338,140
17363,5729338,110
17364,5729338,40
17365,5729338,80
17366,5729338,650
17367,5729338,30
17368,5729338,220
17369,5729338,220
17370,5729338,60
17371,5729338,40
17372,5729338,630
17373,5729338,380
17374,5729338,380
17375,5729338,120
17376,5729338,60
17377,5729338,20
17378,5729338,880
17379,5729338,10
17380,5729338,500
17381,5729338,50
17382,5729338,10
17383,5729338,270
17384,5729338,440
17385,5729338,40
17386,5729338,1300
17387,5729338,60
17388,5729338,160
17389,5729338,140
17390,5729338,290
17391,5729338,200
17392,5729338,20
17393,5729338,120
17394,5729338,190
17395,5729338,10
17396,5729338,720
17397,5729338,270
17398,5729338,100
17399,5729338,40
17400,5729338,500
17401,5729338,60
17402,5729338,630
17403,5729338,60
17404,5729338,1350
17405,5729338,190
17406,5729338,50
17407,5729338,250
17408,5729338,40
17409,5729338,10
17410,5729338,20
17411,5729338,450
17412,5729338,500
17413,5729338,220
17414,5729338,320
17415,5729338,30
17416,5729338,940
17417,5729338,170
17418,5729338,20
17419,5729338,60
17420,5729338,50
17421,5729338,120
17422,5729338,40
17423,5729338,90
17424,5729338,150
17425,5729338,30
17426,5729338,60
17427,5729338,40
17428,5729338,650
17429,5729338,90
17430,5729338,230
17431,5729338,40
17432,5729338,290
17433,5729338,60
17434,5729338,60
17435,5729338,200
17436,5729338,30
17437,5729338,10
17438,5729338,730
17439,5729338,200
17440,5729338,340
17441,5729338,100
17442,5729338,100
17443,5729338,650
17444,5729338,20
17445,5729338,290
17446,5729338,40
17447,5729338,290
17448,5729338,250
17449,5729338,90
17450,5729338,60
17451,5729338,40
17452,5729338,190
17453,5729338,140
17454,5729338,320
17455,5729338,30
17456,5729338,40
17457,5729338,440
17458,5729338,170
17459,5729338,140
17460,5729338,60
17461,5729338,590
17462,5729338,20
17463,5729338,30
17464,5729338,220
17465,5729338,1300
17466,5729338,220
17467,5729338,240
17468,5729338,340
17469,5729338,50
17470,5729338,470
17471,5729338,590
17472,5729338,30
17473,5729338,20
17474,5729338,160
17475,5729338,200
17476,5729338,650
17477,5729338,50
17478,5729338,160
17479,5729338,60
17480,5729338,40
17481,5729338,90
17482,5729338,90
17483,5729338,110
17484,5729338,150
17485,5729338,170
17486,5729338,150
17487,5729338,260
17488,5729338,60
17489,5729338,70
17490,5729338,60
17491,5729338,50
17492,5729338,30
17493,5729338,40
17494,5729338,240
17495,5729338,60
17496,5729338,20
17497,5729338,160
17498,5729338,190
17499,5729338,100
17500,5729338,250
17501,5729338,90
17502,5729338,150
17503,5729338,60
17504,5729338,20
17505,5729338,30
17506,5729338,30
17507,5729338,10
17508,5729338,200
17509,5729338,30
17510,5729338,30
17511,5729338,80
17512,5729338,1350
17513,5729338,20
17514,5729338,110
17515,5729338,50
17516,5729338,160
17517,5729338,180
17518,5729338,20
17519,5729338,20
17520,5729338,20
17521,5729338,140
17522,5729338,250
17523,5729338,10
17524,5729338,100
17525,5729338,60
17526,5729338,30
17527,5729338,90
17528,5729338,170
17529,5729338,80
17530,5729338,1890
17531,5729338,270
17532,5729338,220
17533,5729338,220
17534,5729338,50
17535,5729338,30
17536,5729338,200
17537,5729338,200
17538,5729338,100
17539,5729338,140
17540,5729338,60
17541,5729338,20
17542,5729338,630
17543,5729338,190
17544,5729338,320
17545,5729338,160
17546,5729338,90
17547,5729338,340
17548,5729338,230
17549,5729338,30
17550,5729338,120
17551,5729338,40
17552,5729338,10
17553,5729338,140
17554,5729338,40
17555,5729338,650
17556,5729338,20
17557,5729338,880
17558,5729338,30
17559,5729338,40
17560,5729338,20
17561,5729338,90
17562,5729338,440
17563,5729338,880
17564,5729338,50
17565,5729338,90
17566,5729338,340
17567,5729338,150
17568,5729338,30
17569,5729338,50
17570,5729338,220
17571,5729338,60
17572,5729338,30
17573,5729338,70
17574,5729338,50
17575,5729338,70
17576,5729338,590
17577,5729338,140
17578,5729338,270
17579,5729338,10
17580,5729338,20
17581,5729338,290
17582,5729338,20
17583,5729338,100
17584,5729338,250
17585,5729338,440
17586,5729338,50
17587,5729338,80
17588,5729338,100
17589,5729338,90
17590,5729338,290
17591,5729338,170
17592,5729338,30
17593,5729338,110
17594,5729338,30
17595,5729338,270
17596,5729338,590
17597,5729338,60
17598,5729338,50
17599,5729338,20
17600,5729338,880
17601,5729338,60
17602,5729338,30
17603,5729338,200
17604,5729338,270
17605,5729338,60
17606,5729338,960
17607,5729338,10
17608,5729338,120
17609,5729338,250
17610,5729338,90
17611,5729338,140
17612,5729338,140
17613,5729338,20
17614,5729338,30
17615,5729338,170
17616,5729338,70
17617,5729338,200
17618,5729338,40
17619,5729338,270
17620,5729338,50
17621,5729338,380
17622,5729338,60
17623,5729338,140
17624,5729338,270
17625,5729338,60
17626,5729338,20
17627,5729338,1300
17628,5729338,10
17629,5729338,120
17630,5729338,170
17631,5729338,120
17632,5729338,90
17633,5729338,50
17634,5729338,140
17635,5729338,470
17636,5729338,10
17637,5729338,290
17638,5729338,50
17639,5729338,230
17640,5729338,1300
17641,5729338,30
17642,5729338,320
17643,5729338,20
17644,5729338,90
17645,5729338,250
17646,5729338,290
17647,5729338,420
17648,5729338,90
17649,5729338,90
17650,5729338,270
17651,5729338,50
17652,5729338,70
17653,5729338,50
17654,5729338,140
17655,5729338,440
17656,5729338,50
17657,5729338,1300
17658,5729338,90
17659,5729338,120
17660,5729338,70
17661,5729338,30
17662,5729338,50
17663,5729338,690
17664,5729338,40
17665,5729338,650
17666,5729338,250
17667,5729338,10
17668,5729338,20
17669,5729338,90
17670,5729338,40
17671,5729338,650
17672,5729338,100
17673,5729338,140
17674,5729338,100
17675,5729338,90
17676,5729338,270
17677,5729338,650
17678,5729338,140
17679,5729338,80
17680,5729338,120
17681,5729338,40
17682,5729338,60
17683,5729338,20
17684,5729338,590
17685,5729338,70
17686,5729338,90
17687,5729338,40
17688,5729338,40
17689,5729338,40
17690,5729338,140
17691,5729338,220
17692,5729338,20
17693,5729338,80
17694,5729338,140
17695,5729338,70
17696,5729338,20
17697,5729338,190
17698,5729338,20
17699,5729338,30
17700,5729338,340
17701,5729338,170
17702,5729338,360
17703,5729338,100
17704,5729338,10
17705,5729338,240
17706,5729338,460
17707,5729338,290
17708,5729338,90
17709,5729338,170
17710,5729338,20
17711,5729338,90
17712,5729338,40
17713,5729338,360
17714,5729338,420
17715,5729338,50
17716,5729338,140
17717,5729338,90
17718,5729338,70
17719,5729338,130
17720,5729338,60
17721,5729338,230
17722,5729338,1300
17723,5729338,340
17724,5729338,20
17725,5729338,40
17726,5729338,30
17727,5729338,220
17728,5729338,230
17729,5729338,610
17730,5729338,40
17731,5729338,20
17732,5729338,160
17733,5729338,20
17734,5729338,90
17735,5729338,40
17736,5729338,530
17737,5729338,290
17738,5729338,50
17739,5729338,630
17740,5729338,340
17741,5729338,80
17742,5729338,200
17743,5729338,940
17744,5729338,250
17745,5729338,260
17746,5729338,500
17747,5729338,40
17748,5729338,350
17749,5729338,120
17750,5729338,90
17751,5729338,90
17752,5729338,140
17753,5729338,420
17754,5729338,290
17755,5729338,200
17756,5729338,160
17757,5729338,60
17758,5729338,20
17759,5729338,130
17760,5729338,190
17761,5729338,30
17762,5729338,440
17763,5729338,650
17764,5729338,110
17765,5729338,60
17766,5729338,30
17767,5729338,1350
17768,5729338,200
17769,5729338,100
17770,5729338,20
17771,5729338,100
17772,5729338,1890
17773,5729338,30
17774,5729338,120
17775,5729338,1300
17776,5729338,140
17777,5729338,60
17778,5729338,320
17779,5729338,90
17780,5729338,1300
17781,5729338,30
17782,5729338,20
17783,5729338,120
17784,5729338,420
17785,5729338,100
17786,5729338,80
17787,5729338,160
17788,5729338,30
17789,5729338,90
17790,5729338,90
17791,5729338,60
17792,5729338,90
17793,5729338,440
17794,5729338,380
17795,5729338,360
17796,5729338,20
17797,5729338,320
17798,5729338,30
17799,5729338,80
17800,5729338,630
17801,5729338,190
17802,5729338,940
17803,5729338,40
17804,5729338,430
17805,5729338,60
17806,5729338,1300
17807,5729338,10
17808,5729338,90
17809,5729338,140
17810,5729338,30
17811,5729338,50
17812,5729338,230
17813,5729338,20
17814,5729338,110
17815,5729338,20
17816,5729338,590
17817,5729338,140
17818,5729338,150
17819,5729338,90
17820,5729338,10
17821,5729338,500
17822,5729338,100
17823,5729338,20
17824,5729338,60
17825,5729338,140
17826,5729338,60
17827,5729338,130
17828,5729338,60
17829,5729338,110
17830,5729338,110
17831,5729338,10
17832,5729338,110
17833,5729338,140
17834,5729338,20
17835,5729338,20
17836,5729338,170
17837,5729338,460
17838,5729338,220
17839,5729338,220
17840,5729338,100
17841,5729338,30
17842,5729338,90
17843,5729338,220
17844,5729338,1890
17845,5729338,20
17846,5729338,60
17847,5729338,30
17848,5729338,60
17849,5729338,120
17850,5729338,1300
17851,5729338,70
17852,5729338,1060
17853,5729338,50
17854,5729338,70
17855,5729338,660
17856,5729338,440
17857,5729338,50
17858,5729338,100
17859,5729338,200
17860,5729338,90
17861,5729338,1300
17862,5729338,50
17863,5729338,100
17864,5729338,230
17865,5729338,440
17866,5729338,250
17867,5729338,220
17868,5729338,120
17869,5729338,100
17870,5729338,220
17871,5729338,40
17872,5729338,200
17873,5729338,320
17874,5729338,190
17875,5729338,90
17876,5729338,160
17877,5729338,10
17878,5729338,290
17879,5729338,40
17880,5729338,90
17881,5729338,70
17882,5729338,60
17883,5729338,20
17884,5729338,90
17885,5729338,170
17886,5729338,880
17887,5729338,140
17888,5729338,240
17889,5729338,80
17890,5729338,20
17891,5729338,170
17892,5729338,320
17893,5729338,100
17894,5729338,30
17895,5729338,30
17896,5729338,20
17897,5729338,390
17898,5729338,160
17899,5729338,20
17900,5729338,50
17901,5729338,1540
17902,5729338,640
17903,5729338,20
17904,5729338,90
17905,5729338,440
17906,5729338,20
17907,5729338,650
17908,5729338,60
17909,5729338,30
17910,5729338,30
17911,5729338,120
17912,5729338,80
17913,5729338,80
17914,5729338,650
17915,5729338,720
17916,5729338,60
17917,5729338,290
17918,5729338,140
17919,5729338,170
17920,5729338,10
17921,5729338,200
17922,5729338,360
17923,5729338,140
17924,5729338,120
17925,5729338,280
17926,5729338,60
17927,5729338,250
17928,5729338,80
17929,5729338,20
17930,5729338,100
17931,5729338,20
17932,5729338,110
17933,5729338,220
17934,5729338,60
17935,5729338,150
17936,5729338,960
17937,5729338,80
17938,5729338,10
17939,5729338,90
17940,5729338,90
17941,5729338,40
17942,5729338,60
17943,5729338,40
17944,5729338,120
17945,5729338,60
17946,5729338,250
17947,5729338,20
17948,5729338,100
17949,5729338,220
17950,5729338,90
17951,5729338,650
17952,5729338,90
17953,5729338,50
17954,5729338,180
17955,5729338,30
17956,5729338,220
17957,5729338,290
17958,5729338,30
17959,5729338,50
17960,5729338,350
17961,5729338,190
17962,5729338,340
17963,5729338,680
17964,5729338,100
17965,5729338,90
17966,5729338,140
17967,5729338,70
17968,5729338,50
17969,5729338,100
17970,5729338,60
17971,5729338,80
17972,5729338,170
17973,5729338,30
17974,5729338,880
17975,5729338,40
17976,5729338,80
17977,5729338,180
17978,5729338,70
17979,5729338,70
17980,5729338,140
17981,5729338,930
17982,5729338,60
17983,5729338,140
17984,5729338,50
17985,5729338,130
17986,5729338,90
17987,5729338,470
17988,5729338,290
17989,5729338,270
17990,5729338,60
17991,5729338,110
17992,5729338,30
17993,5729338,30
17994,5729338,30
17995,5729338,390
17996,5729338,60
17997,5729338,500
17998,5729338,650
17999,5729338,30
18000,5729338,320
18001,5729338,880
18002,5729338,30
18003,5729338,20
18004,5729338,20
18005,5729338,1300
18006,5729338,40
18007,5729338,630
18008,5729338,40
18009,5729338,880
18010,5729338,20
18011,5729338,170
18012,5729338,30
18013,5729338,60
18014,5729338,90
18015,5729338,420
18016,5729338,150
18017,5729338,270
18018,5729338,90
18019,5729338,20
18020,5729338,190
18021,5729338,60
18022,5729338,10
18023,5729338,270
18024,5729338,120
18025,5729338,50
18026,5729338,60
18027,5729338,430
18028,5729338,220
18029,5729338,60
18030,5729338,40
18031,5729338,1290
18032,5729338,120
18033,5729338,20
18034,5729338,160
18035,5729338,150
18036,5729338,40
18037,5729338,20
18038,5729338,110
18039,5729338,20
18040,5729338,20
18041,5729338,20
18042,5729338,630
18043,5729338,160
18044,5729338,40
18045,5729338,10
18046,5729338,240
18047,5729338,420
18048,5729338,70
18049,5729338,170
18050,5729338,190
18051,5729338,220
18052,5729338,20
18053,5729338,140
18054,5729338,90
18055,5729338,140
18056,5729338,10
18057,5729338,10
18058,5729338,50
18059,5729338,40
18060,5729338,590
18061,5729338,50
18062,5729338,60
18063,5729338,70
18064,5729338,20
18065,5729338,230
18066,5729338,140
18067,5729338,150
18068,5729338,110
18069,5729338,320
18070,5729338,150
18071,5729338,110
18072,5729338,160
18073,5729338,90
18074,5729338,160
18075,5729338,20
18076,5729338,10
18077,5729338,1300
18078,5729338,40
18079,5729338,140
18080,5729338,90
18081,5729338,60
18082,5729338,930
18083,5729338,30
18084,5729338,30
18085,5729338,220
18086,5729338,20
18087,5729338,60
18088,5729338,140
18089,5729338,380
18090,5729338,180
18091,5729338,80
18092,5729338,10
18093,5729338,220
18094,5729338,60
18095,5729338,50
18096,5729338,220
18097,5729338,140
18098,5729338,140
18099,5729338,30
18100,5729338,170
18101,5729338,100
18102,5729338,60
18103,5729338,340
18104,5729338,110
18105,5729338,90
18106,5729338,590
18107,5729338,120
18108,5729338,230
18109,5729338,60
18110,5729338,40
18111,5729338,200
18112,5729338,90
18113,5729338,50
18114,5729338,140
18115,5729338,180
18116,5729338,1300
18117,5729338,170
18118,5729338,120
18119,5729338,160
18120,5729338,20
18121,5729338,940
18122,5729338,290
18123,5729338,100
18124,5729338,320
18125,5729338,60
18126,5729338,290
18127,5729338,220
18128,5729338,300
18129,5729338,50
18130,5729338,470
18131,5729338,60
18132,5729338,40
18133,5729338,200
18134,5729338,60
18135,5729338,40
18136,5729338,30
18137,5729338,90
18138,5729338,160
18139,5729338,630
18140,5729338,230
18141,5729338,20
18142,5729338,140
18143,5729338,40
18144,5729338,50
18145,5729338,650
18146,5729338,30
18147,5729338,530
18148,5729338,630
18149,5729338,940
18150,5729338,330
18151,5729338,70
18152,5729338,880
18153,5729338,150
18154,5729338,220
18155,5729338,90
18156,5729338,150
18157,5729338,80
18158,5729338,90
18159,5729338,140
18160,5729338,470
18161,5729338,200
18162,5729338,630
18163,5729338,380
18164,5729338,90
18165,5729338,170
18166,5729338,70
18167,5729338,90
18168,5729338,140
18169,5729338,110
18170,5729338,100
18171,5729338,270
18172,5729338,270
18173,5729338,30
18174,5729338,40
18175,5729338,80
18176,5729338,30
18177,5729338,30
18178,5729338,60
18179,5729338,140
18180,5729338,590
18181,5729338,90
18182,5729338,30
18183,5729338,210
18184,5729338,200
18185,5729338,720
18186,5729338,20
18187,5729338,640
18188,5729338,20
18189,5729338,150
18190,5729338,220
18191,5729338,1050
18192,5729338,50
18193,5729338,70
18194,5729338,220
18195,5729338,110
18196,5729338,90
18197,5729338,90
18198,5729338,90
18199,5729338,50
18200,5729338,40
18201,5729338,40
18202,5729338,10
18203,5729338,150
18204,5729338,140
18205,5729338,380
18206,5729338,60
18207,5729338,420
18208,5729338,90
18209,5729338,320
18210,5729338,60
18211,5729338,630
18212,5729338,50
18213,5729338,290
18214,5729338,150
18215,5729338,320
18216,5729338,400
18217,5729338,930
18218,5729338,120
18219,5729338,50
18220,5729338,270
18221,5729338,130
18222,5729338,220
18223,5729338,30
18224,5729338,250
18225,5729338,320
18226,5729338,10
18227,5729338,420
18228,5729338,190
18229,5729338,30
18230,5729338,20
18231,5729338,40
18232,5729338,340
18233,5729338,290
18234,5729338,90
18235,5729338,60
18236,5729338,500
18237,5729338,30
18238,5729338,90
18239,5729338,110
18240,5729338,80
18241,5729338,50
18242,5729338,70
18243,5729338,110
18244,5729338,80
18245,5729338,90
18246,5729338,70
18247,5729338,50
18248,5729338,170
18249,5729338,50
18250,5729338,60
18251,5729338,40
18252,5729338,170
18253,5729338,270
18254,5729338,50
18255,5729338,270
18256,5729338,440
18257,5729338,50
18258,5729338,650
18259,5729338,290
18260,5729338,10
18261,5729338,100
18262,5729338,60
18263,5729338,180
18264,5729338,30
18265,5729338,90
18266,5729338,290
18267,5729338,420
18268,5729338,40
18269,5729338,30
18270,5729338,30
18271,5729338,290
18272,5729338,60
18273,5729338,190
18274,5729338,60
18275,5729338,30
18276,5729338,130
18277,5729338,70
18278,5729338,420
18279,5729338,420
18280,5729338,90
18281,5729338,160
18282,5729338,880
18283,5729338,20
18284,5729338,290
18285,5729338,100
18286,5729338,20
18287,5729338,60
18288,5729338,160
18289,5729338,50
18290,5729338,150
18291,5729338,20
18292,5729338,140
18293,5729338,120
18294,5729338,230
18295,5729338,250
18296,5729338,60
18297,5729338,200
18298,5729338,290
18299,5729338,30
18300,5729338,520
18301,5729338,170
18302,5729338,120
18303,5729338,90
18304,5729338,50
18305,5729338,220
18306,5729338,30
18307,5729338,140
18308,5729338,170
18309,5729338,30
18310,5729338,220
18311,5729338,200
18312,5729338,290
18313,5729338,90
18314,5729338,150
18315,5729338,60
18316,5729338,1950
18317,5729338,50
18318,5729338,320
18319,5729338,40
18320,5729338,420
18321,5729338,190
18322,5729338,60
18323,5729338,760
18324,5729338,10
18325,5729338,170
18326,5729338,30
18327,5729338,1320
18328,5729338,1350
18329,5729338,10
18330,5729338,420
18331,5729338,10
18332,5729338,60
18333,5729338,120
18334,5729338,160
18335,5729338,20
18336,5729338,30
18337,5729338,60
18338,5729338,90
18339,5729338,140
18340,5729338,30
18341,5729338,80
18342,5729338,50
18343,5729338,160
18344,5729338,1360
18345,5729338,150
18346,5729338,80
18347,5729338,300
18348,5729338,70
18349,5729338,90
18350,5729338,590
18351,5729338,240
18352,5729338,220
18353,5729338,10
18354,5729338,90
18355,5729338,140
18356,5729338,50
18357,5729338,20
18358,5729338,40
18359,5729338,340
18360,5729338,420
18361,5729338,90
18362,5729338,10
18363,5729338,40
18364,5729338,10
18365,5729338,470
18366,5729338,80
18367,5729338,170
18368,5729338,40
18369,5729338,490
18370,5729338,50
18371,5729338,110
18372,5729338,120
18373,5729338,290
18374,5729338,880
18375,5729338,880
18376,5729338,630
18377,5729338,360
18378,5729338,140
18379,5729338,60
18380,5729338,90
18381,5729338,20
18382,5729338,60
18383,5729338,120
18384,5729338,10
18385,5729338,60
18386,5729338,420
18387,5729338,290
18388,5729338,140
18389,5729338,200
18390,5729338,30
18391,5729338,80
18392,5729338,70
18393,5729338,20
18394,5729338,50
18395,5729338,40
18396,5729338,650
18397,5729338,270
18398,5729338,190
18399,5729338,60
18400,5729338,140
18401,5729338,140
18402,5729338,90
18403,5729338,650
18404,5729338,360
18405,5729338,140
18406,5729338,930
18407,5729338,70
18408,5729338,40
18409,5729338,60
18410,5729338,290
18411,5729338,200
18412,5729338,150
18413,5729338,40
18414,5729338,500
18415,5729338,30
18416,5729338,200
18417,5729338,360
18418,5729338,270
18419,5729338,20
18420,5729338,70
18421,5729338,170
18422,5729338,230
18423,5729338,150
18424,5729338,40
18425,5729338,210
18426,5729338,140
18427,5729338,100
18428,5729338,940
18429,5729338,290
18430,5729338,360
18431,5729338,250
18432,5729338,650
18433,5729338,80
18434,5729338,90
18435,5729338,60
18436,5729338,120
18437,5729338,110
18438,5729338,20
18439,5729338,1300
18440,5729338,450
18441,5729338,240
18442,5729338,80
18443,5729338,90
18444,5729338,150
18445,5729338,440
18446,5729338,340
18447,5729338,40
18448,5729338,230
18449,5729338,880
18450,5729338,110
18451,5729338,600
18452,5729338,40
18453,5729338,70
18454,5729338,60
18455,5729338,30
18456,5729338,50
18457,5729338,160
18458,5729338,130
18459,5729338,1370
18460,5729338,50
18461,5729338,200
18462,5729338,270
18463,5729338,120
18464,5729338,20
18465,5729338,20
18466,5729338,270
18467,5729338,590
18468,5729338,230
18469,5729338,40
18470,5729338,440
18471,5729338,630
18472,5729338,50
18473,5729338,20
18474,5729338,40
18475,5729338,320
18476,5729338,170
18477,5729338,140
18478,5729338,40
18479,5729338,20
18480,5729338,210
18481,5729338,200
18482,5729338,440
18483,5729338,170
18484,5729338,10
18485,5729338,220
18486,5729338,50
18487,5729338,140
18488,5729338,110
18489,5729338,290
18490,5729338,70
18491,5729338,60
18492,5729338,50
18493,5729338,120
18494,5729338,630
18495,5729338,270
18496,5729338,120
18497,5729338,220
18498,5729338,20
18499,5729338,20
18500,5729338,90
18501,5729338,270
18502,5729338,220
18503,5729338,140
18504,5729338,340
18505,5729338,130
18506,5729338,50
18507,5729338,80
18508,5729338,40
18509,5729338,90
18510,5729338,120
18511,5729338,30
18512,5729338,220
18513,5729338,100
18514,5729338,220
18515,5729338,930
18516,5729338,50
18517,5729338,150
18518,5729338,60
18519,5729338,120
18520,5729338,100
18521,5729338,20
18522,5729338,40
18523,5729338,120
18524,5729338,520
18525,5729338,140
18526,5729338,500
18527,5729338,20
18528,5729338,30
18529,5729338,20
18530,5729338,640
18531,5729338,20
18532,5729338,90
18533,5729338,200
18534,5729338,170
18535,5729338,50
18536,5729338,270
18537,5729338,1350
18538,5729338,120
18539,5729338,130
18540,5729338,40
18541,5729338,60
18542,5729338,20
18543,5729338,110
18544,5729338,160
18545,5729338,10
18546,5729338,50
18547,5729338,320
18548,5729338,150
18549,5729338,220
18550,5729338,120
18551,5729338,40
18552,5729338,360
18553,5729338,650
18554,5729338,40
18555,5729338,220
18556,5729338,300
18557,5729338,420
18558,5729338,170
18559,5729338,290
18560,5729338,30
18561,5729338,220
18562,5729338,580
18563,5729338,90
18564,5729338,440
18565,5729338,20
18566,5729338,60
18567,5729338,150
18568,5729338,10
18569,5729338,60
18570,5729338,270
18571,5729338,190
18572,5729338,200
18573,5729338,320
18574,5729338,20
18575,5729338,40
18576,5729338,590
18577,5729338,60
18578,5729338,100
18579,5729338,150
18580,5729338,100
18581,5729338,50
18582,5729338,60
18583,5729338,10
18584,5729338,50
18585,5729338,220
18586,5729338,930
18587,5729338,400
18588,5729338,90
18589,5729338,140
18590,5729338,60
18591,5729338,1300
18592,5729338,170
18593,5729338,170
18594,5729338,10
18595,5729338,210
18596,5729338,60
18597,5729338,20
18598,5729338,140
18599,5729338,90
18600,5729338,150
18601,5729338,20
18602,5729338,380
18603,5729338,50
18604,5729338,130
18605,5729338,170
18606,5729338,220
18607,5729338,140
18608,5729338,10
18609,5729338,590
18610,5729338,420
18611,5729338,120
18612,5729338,230
18613,5729338,60
18614,5729338,60
18615,5729338,240
18616,5729338,110
18617,5729338,70
18618,5729338,380
18619,5729338,90
18620,5729338,190
18621,5729338,50
18622,5729338,10
18623,5729338,200
18624,5729338,290
18625,5729338,230
18626,5729338,60
18627,5729338,270
18628,5729338,100
18629,5729338,420
18630,5729338,160
18631,5729338,50
18632,5729338,140
18633,5729338,70
18634,5729338,60
18635,5729338,150
18636,5729338,120
18637,5729338,50
18638,5729338,140
18639,5729338,20
18640,5729338,40
18641,5729338,20
18642,5729338,50
18643,5729338,40
18644,5729338,890
18645,5729338,90
18646,5729338,50
18647,5729338,630
18648,5729338,60
18649,5729338,10
18650,5729338,50
18651,5729338,30
18652,5729338,250
18653,5729338,90
18654,5729338,470
18655,5729338,230
18656,5729338,40
18657,5729338,360
18658,5729338,170
18659,5729338,140
18660,5729338,500
18661,5729338,100
18662,5729338,240
18663,5729338,980
18664,5729338,470
18665,5729338,290
18666,5729338,30
18667,5729338,440
18668,5729338,30
18669,5729338,90
18670,5729338,320
18671,5729338,70
18672,5729338,110
18673,5729338,30
18674,5729338,50
18675,5729338,60
18676,5729338,220
18677,5729338,10
18678,5729338,140
18679,5729338,40
18680,5729338,220
18681,5729338,170
18682,5729338,190
18683,5729338,10
18684,5729338,60
18685,5729338,500
18686,5729338,150
18687,5729338,150
18688,5729338,90
18689,5729338,40
18690,5729338,40
18691,5729338,930
18692,5729338,90
18693,5729338,40
18694,5729338,70
18695,5729338,20
18696,5729338,170
18697,5729338,40
18698,5729338,40
18699,5729338,10
18700,5729338,220
18701,5729338,360
18702,5729338,940
18703,5729338,150
18704,5729338,30
18705,5729338,40
18706,5729338,110
18707,5729338,660
18708,5729338,220
18709,5729338,40
18710,5729338,150
18711,5729338,930
18712,5729338,30
18713,5729338,420
18714,5729338,10
18715,5729338,40
18716,5729338,170
18717,5729338,260
18718,5729338,40
18719,5729338,60
18720,5729338,20
18721,5729338,70
18722,5729338,80
18723,5729338,60
18724,5729338,570
18725,5729338,30
18726,5729338,890
18727,5729338,220
18728,5729338,120
18729,5729338,60
18730,5729338,70
18731,5729338,150
18732,5729338,250
18733,5729338,80
18734,5729338,80
18735,5729338,160
18736,5729338,880
18737,5729338,660
18738,5729338,150
18739,5729338,250
18740,5729338,270
18741,5729338,120
18742,5729338,140
18743,5729338,150
18744,5729338,30
18745,5729338,420
18746,5729338,150
18747,5729338,30
18748,5729338,20
18749,5729338,40
18750,5729338,70
18751,5729338,140
18752,5729338,80
18753,5729338,90
18754,5729338,240
18755,5729338,380
18756,5729338,90
18757,5729338,10
18758,5729338,590
18759,5729338,140
18760,5729338,160
18761,5729338,660
18762,5729338,50
18763,5729338,20
18764,5729338,290
18765,5729338,420
18766,5729338,20
18767,5729338,30
18768,5729338,630
18769,5729338,50
18770,5729338,250
18771,5729338,110
18772,5729338,290
18773,5729338,40
18774,5729338,50
18775,5729338,510
18776,5729338,10
18777,5729338,590
18778,5729338,270
18779,5729338,60
18780,5729338,50
18781,5729338,130
18782,5729338,60
18783,5729338,90
18784,5729338,110
18785,5729338,40
18786,5729338,150
18787,5729338,40
18788,5729338,50
18789,5729338,720
18790,5729338,120
18791,5729338,50
18792,5729338,250
18793,5729338,40
18794,5729338,590
18795,5729338,20
18796,5729338,260
18797,5729338,90
18798,5729338,10
18799,5729338,730
18800,5729338,130
18801,5729338,40
18802,5729338,40
18803,5729338,90
18804,5729338,30
18805,5729338,240
18806,5729338,240
18807,5729338,190
18808,5729338,30
18809,5729338,340
18810,5729338,70
18811,5729338,30
18812,5729338,30
18813,5729338,120
18814,5729338,230
18815,5729338,20
18816,5729338,120
18817,5729338,70
18818,5729338,180
18819,5729338,60
18820,5729338,230
18821,5729338,20
18822,5729338,160
18823,5729338,20
18824,5729338,80
18825,5729338,20
18826,5729338,290
18827,5729338,630
18828,5729338,590
18829,5729338,10
18830,5729338,150
18831,5729338,140
18832,5729338,470
18833,5729338,230
18834,5729338,50
18835,5729338,10
18836,5729338,50
18837,5729338,140
18838,5729338,500
18839,5729338,90
18840,5729338,320
18841,5729338,30
18842,5729338,100
18843,5729338,280
18844,5729338,140
18845,5729338,60
18846,5729338,20
18847,5729338,140
18848,5729338,50
18849,5729338,220
18850,5729338,220
18851,5729338,90
18852,5729338,90
18853,5729338,150
18854,5729338,100
18855,5729338,80
18856,5729338,140
18857,5729338,140
18858,5729338,170
18859,5729338,270
18860,5729338,220
18861,5729338,90
18862,5729338,500
18863,5729338,30
18864,5729338,420
18865,5729338,40
18866,5729338,150
18867,5729338,20
18868,5729338,100
18869,5729338,70
18870,5729338,110
18871,5729338,60
18872,5729338,70
18873,5729338,270
18874,5729338,120
18875,5729338,130
18876,5729338,170
18877,5729338,60
18878,5729338,290
18879,5729338,70
18880,5729338,340
18881,5729338,60
18882,5729338,30
18883,5729338,70
18884,5729338,470
18885,5729338,50
18886,5729338,880
18887,5729338,220
18888,5729338,70
18889,5729338,50
18890,5729338,10
18891,5729338,330
18892,5729338,40
18893,5729338,450
18894,5729338,140
18895,5729338,40
18896,5729338,340
18897,5729338,20
18898,5729338,120
18899,5729338,200
18900,5729338,90
18901,5729338,40
18902,5729338,90
18903,5729338,60
18904,5729338,680
18905,5729338,90
18906,5729338,290
18907,5729338,220
18908,5729338,190
18909,5729338,1300
18910,5729338,60
18911,5729338,100
18912,5729338,80
18913,5729338,60
18914,5729338,230
18915,5729338,60
18916,5729338,90
18917,5729338,70
18918,5729338,290
18919,5729338,230
18920,5729338,110
18921,5729338,70
18922,5729338,40
18923,5729338,400
18924,5729338,40
18925,5729338,110
18926,5729338,440
18927,5729338,220
18928,5729338,1350
18929,5729338,450
18930,5729338,50
18931,5729338,10
18932,5729338,60
18933,5729338,220
18934,5729338,140
18935,5729338,20
18936,5729338,60
18937,5729338,70
18938,5729338,20
18939,5729338,290
18940,5729338,110
18941,5729338,30
18942,5729338,90
18943,5729338,380
18944,5729338,50
18945,5729338,20
18946,5729338,60
18947,5729338,350
18948,5729338,1960
18949,5729338,10
18950,5729338,500
18951,5729338,30
18952,5729338,200
18953,5729338,470
18954,5729338,230
18955,5729338,60
18956,5729338,1300
18957,5729338,50
18958,5729338,420
18959,5729338,110
18960,5729338,90
18961,5729338,320
18962,5729338,320
18963,5729338,30
18964,5729338,30
18965,5729338,30
18966,5729338,60
18967,5729338,90
18968,5729338,80
18969,5729338,420
18970,5729338,590
18971,5729338,20
18972,5729338,400
18973,5729338,190
18974,5729338,20
18975,5729338,90
18976,5729338,60
18977,5729338,1890
18978,5729338,110
18979,5729338,50
18980,5729338,140
18981,5729338,60
18982,5729338,420
18983,5729338,20
18984,5729338,60
18985,5729338,170
18986,5729338,220
18987,5729338,10
18988,5729338,80
18989,5729338,20
18990,5729338,20
18991,5729338,220
18992,5729338,250
18993,5729338,40
18994,5729338,170
18995,5729338,90
18996,5729338,90
18997,5729338,110
18998,5729338,60
18999,5729338,590
19000,5729338,60
19001,5729338,60
19002,5729338,170
19003,5729338,20
19004,5729338,170
19005,5729338,60
19006,5729338,120
19007,5729338,90
19008,5729338,30
19009,5729338,60
19010,5729338,60
19011,5729338,60
19012,5729338,60
19013,5729338,220
19014,5729338,50
19015,5729338,90
19016,5729338,10
19017,5729338,130
19018,5729338,200
19019,5729338,140
19020,5729338,50
19021,5729338,90
19022,5729338,30
19023,5729338,70
19024,5729338,60
19025,5729338,150
19026,5729338,60
19027,5729338,20
19028,5729338,10
19029,5729338,200
19030,5729338,170
19031,5729338,110
19032,5729338,290
19033,5729338,420
19034,5729338,60
19035,5729338,90
19036,5729338,20
19037,5729338,140
19038,5729338,1300
19039,5729338,160
19040,5729338,970
19041,5729338,140
19042,5729338,500
19043,5729338,170
19044,5729338,940
19045,5729338,500
19046,5729338,320
19047,5729338,60
19048,5729338,940
19049,5729338,200
19050,5729338,90
19051,5729338,60
19052,5729338,290
19053,5729338,150
19054,5729338,140
19055,5729338,120
19056,5729338,30
19057,5729338,290
19058,5729338,650
19059,5729338,290
19060,5729338,200
19061,5729338,670
19062,5729338,70
19063,5729338,30
19064,5729338,880
19065,5729338,120
19066,5729338,220
19067,5729338,110
19068,5729338,130
19069,5729338,140
19070,5729338,80
19071,5729338,80
19072,5729338,30
19073,5729338,130
19074,5729338,30
19075,5729338,290
19076,5729338,10
19077,5729338,880
19078,5729338,50
19079,5729338,660
19080,5729338,470
19081,5729338,70
19082,5729338,440
19083,5729338,40
19084,5729338,360
19085,5729338,60
19086,5729338,30
19087,5729338,200
19088,5729338,90
19089,5729338,130
19090,5729338,30
19091,5729338,590
19092,5729338,100
19093,5729338,50
19094,5729338,210
19095,5729338,20
19096,5729338,90
19097,5729338,10
19098,5729338,140
19099,5729338,70
19100,5729338,200
19101,5729338,140
19102,5729338,170
19103,5729338,30
19104,5729338,50
19105,5729338,10
19106,5729338,220
19107,5729338,500
19108,5729338,380
19109,5729338,880
19110,5729338,90
19111,5729338,50
19112,5729338,270
19113,5729338,40
19114,5729338,140
19115,5729338,40
19116,5729338,20
19117,5729338,270
19118,5729338,650
19119,5729338,10
19120,5729338,1310
19121,5729338,70
19122,5729338,40
19123,5729338,170
19124,5729338,60
19125,5729338,20
19126,5729338,160
19127,5729338,60
19128,5729338,10
19129,5729338,20
19130,5729338,880
19131,5729338,1890
19132,5729338,70
19133,5729338,70
19134,5729338,210
19135,5729338,60
19136,5729338,70
19137,5729338,80
19138,5729338,20
19139,5729338,900
19140,5729338,100
19141,5729338,110
19142,5729338,440
19143,5729338,140
19144,5729338,100
19145,5729338,60
19146,5729338,40
19147,5729338,340
19148,5729338,60
19149,5729338,70
19150,5729338,220
19151,5729338,40
19152,5729338,60
19153,5729338,30
19154,5729338,500
19155,5729338,440
19156,5729338,660
19157,5729338,320
19158,5729338,930
19159,5729338,20
19160,5729338,20
19161,5729338,130
19162,5729338,30
19163,5729338,90
19164,5729338,150
19165,5729338,1300
19166,5729338,340
19167,5729338,40
19168,5729338,20
19169,5729338,150
19170,5729338,140
19171,5729338,650
19172,5729338,160
19173,5729338,1890
19174,5729338,320
19175,5729338,10
19176,5729338,380
19177,5729338,50
19178,5729338,220
19179,5729338,90
19180,5729338,60
19181,5729338,160
19182,5729338,100
19183,5729338,60
19184,5729338,40
19185,5729338,10
19186,5729338,360
19187,5729338,60
19188,5729338,40
19189,5729338,70
19190,5729338,30
19191,5729338,90
19192,5729338,90
19193,5729338,110
19194,5729338,630
19195,5729338,110
19196,5729338,350
19197,5729338,150
19198,5729338,140
19199,5729338,10
19200,5729338,640
19201,5729338,20
19202,5729338,140
19203,5729338,220
19204,5729338,600
19205,5729338,380
19206,5729338,60
19207,5729338,30
19208,5729338,30
19209,5729338,140
19210,5729338,230
19211,5729338,90
19212,5729338,40
19213,5729338,440
19214,5729338,290
19215,5729338,440
19216,5729338,270
19217,5729338,20
19218,5729338,30
19219,5729338,40
19220,5729338,1890
19221,5729338,440
19222,5729338,60
19223,5729338,20
19224,5729338,90
19225,5729338,420
19226,5729338,220
19227,5729338,140
19228,5729338,190
19229,5729338,660
19230,5729338,40
19231,5729338,30
19232,5729338,30
19233,5729338,120
19234,5729338,20
19235,5729338,20
19236,5729338,90
19237,5729338,140
19238,5729338,290
19239,5729338,30
19240,5729338,420
19241,5729338,30
19242,5729338,20
19243,5729338,60
19244,5729338,930
19245,5729338,660
19246,5729338,220
19247,5729338,160
19248,5729338,50
19249,5729338,110
19250,5729338,270
19251,5729338,20
19252,5729338,30
19253,5729338,60
19254,5729338,110
19255,5729338,30
19256,5729338,190
19257,5729338,380
19258,5729338,150
19259,5729338,30
19260,5729338,30
19261,5729338,60
19262,5729338,120
19263,5729338,40
19264,5729338,20
19265,5729338,150
19266,5729338,1300
19267,5729338,90
19268,5729338,200
19269,5729338,50
19270,5729338,1300
19271,5729338,140
19272,5729338,90
19273,5729338,320
19274,5729338,50
19275,5729338,140
19276,5729338,30
19277,5729338,110
19278,5729338,610
19279,5729338,20
19280,5729338,130
19281,5729338,570
19282,5729338,30
19283,5729338,140
19284,5729338,50
19285,5729338,270
19286,5729338,10
19287,5729338,50
19288,5729338,440
19289,5729338,20
19290,5729338,380
19291,5729338,40
19292,5729338,50
19293,5729338,320
19294,5729338,200
19295,5729338,930
19296,5729338,20
19297,5729338,40
19298,5729338,630
19299,5729338,130
19300,5729338,880
19301,5729338,90
19302,5729338,110
19303,5729338,10
19304,5729338,110
19305,5729338,80
19306,5729338,290
19307,5729338,20
19308,5729338,230
19309,5729338,120
19310,5729338,100
19311,5729338,100
19312,5729338,200
19313,5729338,60
19314,5729338,930
19315,5729338,660
19316,5729338,150
19317,5729338,420
19318,5729338,80
19319,5729338,930
19320,5729338,160
19321,5729338,200
19322,5729338,20
19323,5729338,110
19324,5729338,20
19325,5729338,100
19326,5729338,20
19327,5729338,940
19328,5729338,470
19329,5729338,360
19330,5729338,30
19331,5729338,140
19332,5729338,260
19333,5729338,40
19334,5729338,20
19335,5729338,50
19336,5729338,160
19337,5729338,880
19338,5729338,200
19339,5729338,90
19340,5729338,40
19341,5729338,30
19342,5729338,150
19343,5729338,90
19344,5729338,140
19345,5729338,150
19346,5729338,20
19347,5729338,170
19348,5729338,40
19349,5729338,20
19350,5729338,420
19351,5729338,100
19352,5729338,270
19353,5729338,40
19354,5729338,230
19355,5729338,940
19356,5729338,320
19357,5729338,140
19358,5729338,140
19359,5729338,440
19360,5729338,240
19361,5729338,50
19362,5729338,100
19363,5729338,20
19364,5729338,60
19365,5729338,170
19366,5729338,170
19367,5729338,140
19368,5729338,160
19369,5729338,220
19370,5729338,60
19371,5729338,30
19372,5729338,420
19373,5729338,120
19374,5729338,30
19375,5729338,90
19376,5729338,140
19377,5729338,140
19378,5729338,440
19379,5729338,80
19380,5729338,50
19381,5729338,120
19382,5729338,80
19383,5729338,40
19384,5729338,40
19385,5729338,140
19386,5729338,70
19387,5729338,60
19388,5729338,290
19389,5729338,60
19390,5729338,150
19391,5729338,140
19392,5729338,430
19393,5729338,90
19394,5729338,320
19395,5729338,220
19396,5729338,290
19397,5729338,30
19398,5729338,80
19399,5729338,220
19400,5729338,60
19401,5729338,500
19402,5729338,40
19403,5729338,20
19404,5729338,150
19405,5729338,170
19406,5729338,50
19407,5729338,10
19408,5729338,290
19409,5729338,50
19410,5729338,220
19411,5729338,90
19412,5729338,20
19413,5729338,100
19414,5729338,30
19415,5729338,90
19416,5729338,20
19417,5729338,120
19418,5729338,500
19419,5729338,50
19420,5729338,80
19421,5729338,50
19422,5729338,420
19423,5729338,340
19424,5729338,250
19425,5729338,50
19426,5729338,190
19427,5729338,140
19428,5729338,1310
19429,5729338,60
19430,5729338,170
19431,5729338,60
19432,5729338,20
19433,5729338,60
19434,5729338,30
19435,5729338,10
19436,5729338,160
19437,5729338,10
19438,5729338,90
19439,5729338,940
19440,5729338,30
19441,5729338,10
19442,5729338,110
19443,5729338,60
19444,5729338,50
19445,5729338,90
19446,5729338,200
19447,5729338,290
19448,5729338,150
19449,5729338,380
19450,5729338,150
19451,5729338,100
19452,5729338,140
19453,5729338,110
19454,5729338,20
19455,5729338,60
19456,5729338,320
19457,5729338,10
19458,5729338,90
19459,5729338,40
19460,5729338,10
19461,5729338,90
19462,5729338,140
19463,5729338,50
19464,5729338,650
19465,5729338,720
19466,5729338,50
19467,5729338,20
19468,5729338,70
19469,5729338,30
19470,5729338,10
19471,5729338,10
19472,5729338,60
19473,5729338,590
19474,5729338,60
19475,5729338,40
19476,5729338,40
19477,5729338,60
19478,5729338,190
19479,5729338,650
19480,5729338,10
19481,5729338,470
19482,5729338,40
19483,5729338,140
19484,5729338,130
19485,5729338,20
19486,5729338,140
19487,5729338,70
19488,5729338,170
19489,5729338,140
19490,5729338,40
19491,5729338,10
19492,5729338,590
19493,5729338,200
19494,5729338,70
19495,5729338,20
19496,5729338,60
19497,5729338,220
19498,5729338,100
19499,5729338,70
19500,5729338,200
19501,5729338,200
19502,5729338,30
19503,5729338,420
19504,5729338,650
19505,5729338,30
19506,5729338,970
19507,5729338,200
19508,5729338,30
19509,5729338,630
19510,5729338,880
19511,5729338,40
19512,5729338,130
19513,5729338,70
19514,5729338,70
19515,5729338,60
19516,5729338,110
19517,5729338,10
19518,5729338,60
19519,5729338,650
19520,5729338,250
19521,5729338,50
19522,5729338,20
19523,5729338,880
19524,5729338,290
19525,5729338,100
19526,5729338,1300
19527,5729338,150
19528,5729338,50
19529,5729338,880
19530,5729338,120
19531,5729338,140
19532,5729338,120
19533,5729338,440
19534,5729338,220
19535,5729338,50
19536,5729338,90
19537,5729338,200
19538,5729338,30
19539,5729338,150
19540,5729338,290
19541,5729338,40
19542,5729338,40
19543,5729338,320
19544,5729338,220
19545,5729338,90
19546,5729338,160
19547,5729338,140
19548,5729338,140
19549,5729338,380
19550,5729338,80
19551,5729338,90
19552,5729338,430
19553,5729338,30
19554,5729338,220
19555,5729338,270
19556,5729338,50
19557,5729338,1300
19558,5729338,1300
19559,5729338,440
19560,5729338,80
19561,5729338,90
19562,5729338,470
19563,5729338,650
19564,5729338,40
19565,5729338,290
19566,5729338,170
19567,5729338,120
19568,5729338,230
19569,5729338,80
19570,5729338,90
19571,5729338,90
19572,5729338,60
19573,5729338,20
19574,5729338,70
19575,5729338,30
19576,5729338,340
19577,5729338,90
19578,5729338,650
19579,5729338,720
19580,5729338,340
19581,5729338,120
19582,5729338,110
19583,5729338,140
19584,5729338,220
19585,5729338,20
19586,5729338,170
19587,5729338,640
19588,5729338,40
19589,5729338,20
19590,5729338,340
19591,5729338,220
19592,5729338,170
19593,5729338,640
19594,5729338,370
19595,5729338,380
19596,5729338,220
19597,5729338,880
19598,5729338,140
19599,5729338,80
19600,5729338,100
19601,5729338,230
19602,5729338,70
19603,5729338,50
19604,5729338,250
19605,5729338,880
19606,5729338,30
19607,5729338,60
19608,5729338,290
19609,5729338,220
19610,5729338,20
19611,5729338,50
19612,5729338,220
19613,5729338,420
19614,5729338,140
19615,5729338,20
19616,5729338,140
19617,5729338,20
19618,5729338,90
19619,5729338,30
19620,5729338,10
19621,5729338,40
19622,5729338,80
19623,5729338,680
19624,5729338,200
19625,5729338,1890
19626,5729338,60
19627,5729338,360
19628,5729338,200
19629,5729338,70
19630,5729338,930
19631,5729338,280
19632,5729338,50
19633,5729338,440
19634,5729338,90
19635,5729338,20
19636,5729338,20
19637,5729338,170
19638,5729338,140
19639,5729338,600
19640,5729338,220
19641,5729338,160
19642,5729338,90
19643,5729338,500
19644,5729338,10
19645,5729338,220
19646,5729338,350
19647,5729338,20
19648,5729338,90
19649,5729338,50
19650,5729338,40
19651,5729338,150
19652,5729338,140
19653,5729338,90
19654,5729338,100
19655,5729338,40
19656,5729338,420
19657,5729338,170
19658,5729338,20
19659,5729338,90
19660,5729338,440
19661,5729338,60
19662,5729338,30
19663,5729338,10
19664,5729338,640
19665,5729338,120
19666,5729338,140
19667,5729338,30
19668,5729338,320
19669,5729338,200
19670,5729338,200
19671,5729338,600
19672,5729338,20
19673,5729338,20
19674,5729338,440
19675,5729338,320
19676,5729338,140
19677,5729338,40
19678,5729338,120
19679,5729338,20
19680,5729338,430
19681,5729338,60
19682,5729338,90
19683,5729338,440
19684,5729338,60
19685,5729338,220
19686,5729338,90
19687,5729338,120
19688,5729338,440
19689,5729338,590
19690,5729338,140
19691,5729338,40
19692,5729338,1890
19693,5729338,230
19694,5729338,80
19695,5729338,440
19696,5729338,20
19697,5729338,50
19698,5729338,80
19699,5729338,20
19700,5729338,160
19701,5729338,110
19702,5729338,60
19703,5729338,170
19704,5729338,440
19705,5729338,190
19706,5729338,140
19707,5729338,60
19708,5729338,120
19709,5729338,120
19710,5729338,100
19711,5729338,140
19712,5729338,380
19713,5729338,100
19714,5729338,60
19715,5729338,10
19716,5729338,60
19717,5729338,40
19718,5729338,90
19719,5729338,340
19720,5729338,30
19721,5729338,20
19722,5729338,680
19723,5729338,40
19724,5729338,220
19725,5729338,50
19726,5729338,10
19727,5729338,60
19728,5729338,20
19729,5729338,10
19730,5729338,30
19731,5729338,360
19732,5729338,270
19733,5729338,80
19734,5729338,30
19735,5729338,590
19736,5729338,210
19737,5729338,120
19738,5729338,80
19739,5729338,90
19740,5729338,320
19741,5729338,330
19742,5729338,320
19743,5729338,100
19744,5729338,140
19745,5729338,40
19746,5729338,930
19747,5729338,90
19748,5729338,50
19749,5729338,40
19750,5729338,110
19751,5729338,120
19752,5729338,140
19753,5729338,50
19754,5729338,100
19755,5729338,60
19756,5729338,60
19757,5729338,90
19758,5729338,100
19759,5729338,40
19760,5729338,10
19761,5729338,70
19762,5729338,90
19763,5729338,60
19764,5729338,200
19765,5729338,90
19766,5729338,70
19767,5729338,190
19768,5729338,20
19769,5729338,440
19770,5729338,190
19771,5729338,60
19772,5729338,600
19773,5729338,40
19774,5729338,270
19775,5729338,40
19776,5729338,930
19777,5729338,120
19778,5729338,50
19779,5729338,290
19780,5729338,290
19781,5729338,140
19782,5729338,150
19783,5729338,50
19784,5729338,650
19785,5729338,20
19786,5729338,320
19787,5729338,50
19788,5729338,20
19789,5729338,40
19790,5729338,50
19791,5729338,90
19792,5729338,120
19793,5729338,50
19794,5729338,940
19795,5729338,20
19796,5729338,930
19797,5729338,640
19798,5729338,30
19799,5729338,270
19800,5729338,20
19801,5729338,160
19802,5729338,90
19803,5729338,10
19804,5729338,470
19805,5729338,40
19806,5729338,590
19807,5729338,140
19808,5729338,80
19809,5729338,30
19810,5729338,20
19811,5729338,650
19812,5729338,160
19813,5729338,40
19814,5729338,150
19815,5729338,90
19816,5729338,80
19817,5729338,60
19818,5729338,30
19819,5729338,220
19820,5729338,30
19821,5729338,230
19822,5729338,130
19823,5729338,190
19824,5729338,130
19825,5729338,220
19826,5729338,80
19827,5729338,90
19828,5729338,220
19829,5729338,60
19830,5729338,650
19831,5729338,940
19832,5729338,150
19833,5729338,40
19834,5729338,20
19835,5729338,140
19836,5729338,530
19837,5729338,60
19838,5729338,50
19839,5729338,30
19840,5729338,220
19841,5729338,1890
19842,5729338,10
19843,5729338,90
19844,5729338,120
19845,5729338,290
19846,5729338,80
19847,5729338,310
19848,5729338,120
19849,5729338,440
19850,5729338,60
19851,5729338,420
19852,5729338,320
19853,5729338,320
19854,5729338,60
19855,5729338,290
19856,5729338,140
19857,5729338,30
19858,5729338,70
19859,5729338,230
19860,5729338,60
19861,5729338,230
19862,5729338,170
19863,5729338,230
19864,5729338,40
19865,5729338,290
19866,5729338,10
19867,5729338,80
19868,5729338,50
19869,5729338,40
19870,5729338,590
19871,5729338,250
19872,5729338,200
19873,5729338,50
19874,5729338,220
19875,5729338,250
19876,5729338,20
19877,5729338,420
19878,5729338,40
19879,5729338,140
19880,5729338,90
19881,5729338,170
19882,5729338,240
19883,5729338,160
19884,5729338,20
19885,5729338,30
19886,5729338,60
19887,5729338,70
19888,5729338,40
19889,5729338,60
19890,5729338,20
19891,5729338,30
19892,5729338,220
19893,5729338,470
19894,5729338,40
19895,5729338,10
19896,5729338,140
19897,5729338,40
19898,5729338,160
19899,5729338,380
19900,5729338,60
19901,5729338,10
19902,5729338,10
19903,5729338,130
19904,5729338,1890
19905,5729338,650
19906,5729338,220
19907,5729338,320
19908,5729338,220
19909,5729338,200
19910,5729338,20
19911,5729338,190
19912,5729338,30
19913,5729338,340
19914,5729338,290
19915,5729338,120
19916,5729338,60
19917,5729338,120
19918,5729338,600
19919,5729338,140
19920,5729338,630
19921,5729338,60
19922,5729338,60
19923,5729338,230
19924,5729338,60
19925,5729338,70
19926,5729338,30
19927,5729338,90
19928,5729338,170
19929,5729338,120
19930,5729338,320
19931,5729338,1300
19932,5729338,30
19933,5729338,60
19934,5729338,660
19935,5729338,20
19936,5729338,270
19937,5729338,250
19938,5729338,290
19939,5729338,470
19940,5729338,10
19941,5729338,230
19942,5729338,60
19943,5729338,60
19944,5729338,90
19945,5729338,160
19946,5729338,170
19947,5729338,60
19948,5729338,570
19949,5729338,720
19950,5729338,10
19951,5729338,50
19952,5729338,130
19953,5729338,120
19954,5729338,200
19955,5729338,150
19956,5729338,60
19957,5729338,150
19958,5729338,340
19959,5729338,90
19960,5729338,530
19961,5729338,110
19962,5729338,320
19963,5729338,170
19964,5729338,420
19965,5729338,50
19966,5729338,250
19967,5729338,500
19968,5729338,140
19969,5729338,220
19970,5729338,90
19971,5729338,30
19972,5729338,60
19973,5729338,30
19974,5729338,200
19975,5729338,90
19976,5729338,90
19977,5729338,10
19978,5729338,90
19979,5729338,90
19980,5729338,250
19981,5729338,60
19982,5729338,80
19983,5729338,100
19984,5729338,90
19985,5729338,220
19986,5729338,90
19987,5729338,80
19988,5729338,80
19989,5729338,110
19990,5729338,160
19991,5729338,210
19992,5729338,50
19993,5729338,20
19994,5729338,110
19995,5729338,10
19996,5729338,230
19997,5729338,140
19998,5729338,40
19999,5729338,70
20000,5729338,60
20001,5729338,440
20002,5729338,10
20003,5729338,90
20004,5729338,680
20005,5729338,590
20006,5729338,60
20007,5729338,30
20008,5729338,20
20009,5729338,940
20010,5729338,90
20011,5729338,80
20012,5729338,190
20013,5729338,140
20014,5729338,70
20015,5729338,660
20016,5729338,230
20017,5729338,380
20018,5729338,530
20019,5729338,160
20020,5729338,30
20021,5729338,50
20022,5729338,60
20023,5729338,40
20024,5729338,360
20025,5729338,170
20026,5729338,100
20027,5729338,80
20028,5729338,250
20029,5729338,250
20030,5729338,140
20031,5729338,170
20032,5729338,160
20033,5729338,120
20034,5729338,20
20035,5729338,80
20036,5729338,420
20037,5729338,50
20038,5729338,500
20039,5729338,40
20040,5729338,70
20041,5729338,90
20042,5729338,50
20043,5729338,1890
20044,5729338,420
20045,5729338,30
20046,5729338,290
20047,5729338,140
20048,5729338,70
20049,5729338,290
20050,5729338,290
20051,5729338,320
20052,5729338,40
20053,5729338,70
20054,5729338,40
20055,5729338,150
20056,5729338,30
20057,5729338,1350
20058,5729338,70
20059,5729338,140
20060,5729338,60
20061,5729338,40
20062,5729338,930
20063,5729338,140
20064,5729338,290
20065,5729338,20
20066,5729338,70
20067,5729338,30
20068,5729338,40
20069,5729338,120
20070,5729338,60
20071,5729338,100
20072,5729338,40
20073,5729338,590
20074,5729338,270
20075,5729338,290
20076,5729338,90
20077,5729338,150
20078,5729338,40
20079,5729338,230
20080,5729338,120
20081,5729338,120
20082,5729338,20
20083,5729338,290
20084,5729338,160
20085,5729338,10
20086,5729338,140
20087,5729338,670
20088,5729338,180
20089,5729338,40
20090,5729338,120
20091,5729338,80
20092,5729338,90
20093,5729338,1300
20094,5729338,60
20095,5729338,60
20096,5729338,50
20097,5729338,100
20098,5729338,120
20099,5729338,10
20100,5729338,90
20101,5729338,70
20102,5729338,590
20103,5729338,340
20104,5729338,80
20105,5729338,630
20106,5729338,60
20107,5729338,40
20108,5729338,70
20109,5729338,280
20110,5729338,20
20111,5729338,50
20112,5729338,10
20113,5729338,160
20114,5729338,20
20115,5729338,30
20116,5729338,20
20117,5729338,290
20118,5729338,230
20119,5729338,100
20120,5729338,220
20121,5729338,140
20122,5729338,30
20123,5729338,190
20124,5729338,140
20125,5729338,40
20126,5729338,60
20127,5729338,50
20128,5729338,20
20129,5729338,530
20130,5729338,200
20131,5729338,10
20132,5729338,10
20133,5729338,630
20134,5729338,30
20135,5729338,590
20136,5729338,170
20137,5729338,70
20138,5729338,380
20139,5729338,930
20140,5729338,40
20141,5729338,50
20142,5729338,930
20143,5729338,320
20144,5729338,100
20145,5729338,420
20146,5729338,90
20147,5729338,60
20148,5729338,60
20149,5729338,220
20150,5729338,80
20151,5729338,160
20152,5729338,250
20153,5729338,20
20154,5729338,70
20155,5729338,60
20156,5729338,290
20157,5729338,630
20158,5729338,160
20159,5729338,20
20160,5729338,340
20161,5729338,200
20162,5729338,140
20163,5729338,150
20164,5729338,90
20165,5729338,440
20166,5729338,70
20167,5729338,120
20168,5729338,40
20169,5729338,110
20170,5729338,590
20171,5729338,100
20172,5729338,200
20173,5729338,90
20174,5729338,190
20175,5729338,40
20176,5729338,40
20177,5729338,20
20178,5729338,220
20179,5729338,50
20180,5729338,50
20181,5729338,70
20182,5729338,140
20183,5729338,40
20184,5729338,270
20185,5729338,190
20186,5729338,50
20187,5729338,160
20188,5729338,150
20189,5729338,60
20190,5729338,90
20191,5729338,60
20192,5729338,60
20193,5729338,110
20194,5729338,250
20195,5729338,60
20196,5729338,220
20197,5729338,20
20198,5729338,180
20199,5729338,620
20200,5729338,50
20201,5729338,60
20202,5729338,90
20203,5729338,220
20204,5729338,60
20205,5729338,30
20206,5729338,70
20207,5729338,140
20208,5729338,140
20209,5729338,60
20210,5729338,120
20211,5729338,1300
20212,5729338,200
20213,5729338,630
20214,5729338,10
20215,5729338,220
20216,5729338,140
20217,5729338,60
20218,5729338,140
20219,5729338,90
20220,5729338,80
20221,5729338,70
20222,5729338,30
20223,5729338,200
20224,5729338,120
20225,5729338,930
20226,5729338,320
20227,5729338,80
20228,5729338,80
20229,5729338,420
20230,5729338,50
20231,5729338,60
20232,5729338,100
20233,5729338,500
20234,5729338,90
20235,5729338,40
20236,5729338,60
20237,5729338,50
20238,5729338,1300
20239,5729338,150
20240,5729338,250
20241,5729338,80
20242,5729338,290
20243,5729338,10
20244,5729338,210
20245,5729338,150
20246,5729338,590
20247,5729338,130
20248,5729338,110
20249,5729338,170
20250,5729338,630
20251,5729338,210
20252,5729338,20
20253,5729338,80
20254,5729338,190
20255,5729338,90
20256,5729338,110
20257,5729338,80
20258,5729338,70
20259,5729338,20
20260,5729338,270
20261,5729338,30
20262,5729338,1890
20263,5729338,60
20264,5729338,120
20265,5729338,100
20266,5729338,140
20267,5729338,40
20268,5729338,60
20269,5729338,90
20270,5729338,30
20271,5729338,110
20272,5729338,20
20273,5729338,60
20274,5729338,20
20275,5729338,90
20276,5729338,370
20277,5729338,30
20278,5729338,120
20279,5729338,60
20280,5729338,160
20281,5729338,20
20282,5729338,80
20283,5729338,150
20284,5729338,80
20285,5729338,30
20286,5729338,140
20287,5729338,40
20288,5729338,60
20289,5729338,250
20290,5729338,10
20291,5729338,140
20292,5729338,150
20293,5729338,230
20294,5729338,90
20295,5729338,160
20296,5729338,120
20297,5729338,170
20298,5729338,30
20299,5729338,90
20300,5729338,50
20301,5729338,30
20302,5729338,200
20303,5729338,120
20304,5729338,40
20305,5729338,60
20306,5729338,290
20307,5729338,10
20308,5729338,800
20309,5729338,810
20310,5729338,530
20311,5729338,90
20312,5729338,270
20313,5729338,70
20314,5729338,60
20315,5729338,250
20316,5729338,10
20317,5729338,30
20318,5729338,200
20319,5729338,400
20320,5729338,20
20321,5729338,30
20322,5729338,130
20323,5729338,10
20324,5729338,10
20325,5729338,590
20326,5729338,20
20327,5729338,110
20328,5729338,10
20329,5729338,1300
20330,5729338,40
20331,5729338,380
20332,5729338,270
20333,5729338,90
20334,5729338,540
20335,5729338,80
20336,5729338,190
20337,5729338,220
20338,5729338,150
20339,5729338,110
20340,5729338,60
20341,5729338,340
20342,5729338,340
20343,5729338,60
20344,5729338,90
20345,5729338,280
20346,5729338,60
20347,5729338,200
20348,5729338,40
20349,5729338,60
20350,5729338,420
20351,5729338,80
20352,5729338,60
20353,5729338,40
20354,5729338,200
20355,5729338,10
20356,5729338,30
20357,5729338,90
20358,5729338,30
20359,5729338,50
20360,5729338,1350
20361,5729338,100
20362,5729338,90
20363,5729338,160
20364,5729338,20
20365,5729338,120
20366,5729338,100
20367,5729338,60
20368,5729338,60
20369,5729338,240
20370,5729338,380
20371,5729338,20
20372,5729338,90
20373,5729338,450
20374,5729338,110
20375,5729338,50
20376,5729338,220
20377,5729338,60
20378,5729338,380
20379,5729338,60
20380,5729338,510
20381,5729338,50
20382,5729338,190
20383,5729338,60
20384,5729338,20
20385,5729338,420
20386,5729338,20
20387,5729338,80
20388,5729338,60
20389,5729338,40
20390,5729338,60
20391,5729338,90
20392,5729338,30
20393,5729338,500
20394,5729338,50
20395,5729338,150
20396,5729338,270
20397,5729338,90
20398,5729338,590
20399,5729338,90
20400,5729338,110
20401,5729338,290
20402,5729338,60
20403,5729338,200
20404,5729338,320
20405,5729338,250
20406,5729338,90
20407,5729338,90
20408,5729338,20
20409,5729338,90
20410,5729338,50
20411,5729338,50
20412,5729338,170
20413,5729338,500
20414,5729338,50
20415,5729338,410
20416,5729338,380
20417,5729338,500
20418,5729338,60
20419,5729338,630
20420,5729338,160
20421,5729338,120
20422,5729338,20
20423,5729338,290
20424,5729338,60
20425,5729338,380
20426,5729338,10
20427,5729338,250
20428,5729338,220
20429,5729338,220
20430,5729338,30
20431,5729338,650
20432,5729338,120
20433,5729338,1370
20434,5729338,360
20435,5729338,60
20436,5729338,140
20437,5729338,140
20438,5729338,60
20439,5729338,340
20440,5729338,80
20441,5729338,50
20442,5729338,60
20443,5729338,100
20444,5729338,340
20445,5729338,30
20446,5729338,140
20447,5729338,290
20448,5729338,90
20449,5729338,50
20450,5729338,280
20451,5729338,240
20452,5729338,170
20453,5729338,150
20454,5729338,90
20455,5729338,60
20456,5729338,50
20457,5729338,100
20458,5729338,100
20459,5729338,170
20460,5729338,140
20461,5729338,60
20462,5729338,440
20463,5729338,250
20464,5729338,50
20465,5729338,10
20466,5729338,40
20467,5729338,50
20468,5729338,130
20469,5729338,150
20470,5729338,50
20471,5729338,120
20472,5729338,20
20473,5729338,50
20474,5729338,200
20475,5729338,60
20476,5729338,150
20477,5729338,140
20478,5729338,930
20479,5729338,30
20480,5729338,230
20481,5729338,440
20482,5729338,40
20483,5729338,230
20484,5729338,110
20485,5729338,20
20486,5729338,320
20487,5729338,120
20488,5729338,650
20489,5729338,120
20490,5729338,20
20491,5729338,20
20492,5729338,40
20493,5729338,470
20494,5729338,120
20495,5729338,30
20496,5729338,1300
20497,5729338,270
20498,5729338,930
20499,5729338,40
20500,5729338,600
20501,5729338,40
20502,5729338,420
20503,5729338,120
20504,5729338,440
20505,5729338,20
20506,5729338,60
20507,5729338,340
20508,5729338,110
20509,5729338,30
20510,5729338,140
20511,5729338,20
20512,5729338,70
20513,5729338,420
20514,5729338,60
20515,5729338,300
20516,5729338,150
20517,5729338,60
20518,5729338,320
20519,5729338,320
20520,5729338,150
20521,5729338,60
20522,5729338,650
20523,5729338,100
20524,5729338,30
20525,5729338,60
20526,5729338,160
20527,5729338,60
20528,5729338,10
20529,5729338,200
20530,5729338,60
20531,5729338,60
20532,5729338,650
20533,5729338,140
20534,5729338,40
20535,5729338,260
20536,5729338,170
20537,5729338,70
20538,5729338,90
20539,5729338,170
20540,5729338,150
20541,5729338,10
20542,5729338,100
20543,5729338,500
20544,5729338,590
20545,5729338,90
20546,5729338,60
20547,5729338,20
20548,5729338,140
20549,5729338,100
20550,5729338,30
20551,5729338,140
20552,5729338,70
20553,5729338,190
20554,5729338,30
20555,5729338,140
20556,5729338,30
20557,5729338,590
20558,5729338,90
20559,5729338,70
20560,5729338,120
20561,5729338,60
20562,5729338,380
20563,5729338,60
20564,5729338,880
20565,5729338,130
20566,5729338,160
20567,5729338,320
20568,5729338,500
20569,5729338,290
20570,5729338,380
20571,5729338,50
20572,5729338,10
20573,5729338,720
20574,5729338,340
20575,5729338,500
20576,5729338,70
20577,5729338,110
20578,5729338,30
20579,5729338,30
20580,5729338,630
20581,5729338,250
20582,5729338,20
20583,5729338,500
20584,5729338,20
20585,5729338,60
20586,5729338,220
20587,5729338,90
20588,5729338,40
20589,5729338,100
20590,5729338,130
20591,5729338,200
20592,5729338,200
20593,5729338,30
20594,5729338,630
20595,5729338,500
20596,5729338,100
20597,5729338,10
20598,5729338,170
20599,5729338,180
20600,5729338,150
20601,5729338,880
20602,5729338,60
20603,5729338,110
20604,5729338,90
20605,5729338,30
20606,5729338,90
20607,5729338,80
20608,5729338,60
20609,5729338,500
20610,5729338,130
20611,5729338,200
20612,5729338,250
20613,5729338,270
20614,5729338,220
20615,5729338,320
20616,5729338,170
20617,5729338,140
20618,5729338,250
20619,5729338,940
20620,5729338,40
20621,5729338,60
20622,5729338,30
20623,5729338,590
20624,5729338,600
20625,5729338,80
20626,5729338,60
20627,5729338,270
20628,5729338,340
20629,5729338,30
20630,5729338,30
20631,5729338,40
20632,5729338,80
20633,5729338,650
20634,5729338,440
20635,5729338,20
20636,5729338,80
20637,5729338,590
20638,5729338,650
20639,5729338,200
20640,5729338,440
20641,5729338,70
20642,5729338,90
20643,5729338,250
20644,5729338,60
20645,5729338,150
20646,5729338,30
20647,5729338,150
20648,5729338,290
20649,5729338,60
20650,5729338,80
20651,5729338,160
20652,5729338,70
20653,5729338,30
20654,5729338,40
20655,5729338,480
20656,5729338,140
20657,5729338,170
20658,5729338,440
20659,5729338,20
20660,5729338,90
20661,5729338,420
20662,5729338,50
20663,5729338,1300
20664,5729338,170
20665,5729338,320
20666,5729338,220
20667,5729338,220
20668,5729338,40
20669,5729338,40
20670,5729338,90
20671,5729338,170
20672,5729338,60
20673,5729338,110
20674,5729338,10
20675,5729338,120
20676,5729338,130
20677,5729338,340
20678,5729338,60
20679,5729338,1300
20680,5729338,90
20681,5729338,20
20682,5729338,20
20683,5729338,20
20684,5729338,1300
20685,5729338,160
20686,5729338,30
20687,5729338,230
20688,5729338,90
20689,5729338,80
20690,5729338,300
20691,5729338,500
20692,5729338,10
20693,5729338,140
20694,5729338,90
20695,5729338,40
20696,5729338,50
20697,5729338,150
20698,5729338,70
20699,5729338,60
20700,5729338,80
20701,5729338,440
20702,5729338,80
20703,5729338,140
20704,5729338,40
20705,5729338,650
20706,5729338,20
20707,5729338,110
20708,5729338,320
20709,5729338,360
20710,5729338,20
20711,5729338,230
20712,5729338,50
20713,5729338,500
20714,5729338,20
20715,5729338,10
20716,5729338,240
20717,5729338,40
20718,5729338,10
20719,5729338,20
20720,5729338,250
20721,5729338,650
20722,5729338,340
20723,5729338,20
20724,5729338,220
20725,5729338,20
20726,5729338,930
20727,5729338,590
20728,5729338,140
20729,5729338,630
20730,5729338,190
20731,5729338,110
20732,5729338,380
20733,5729338,140
20734,5729338,60
20735,5729338,100
20736,5729338,30
20737,5729338,190
20738,5729338,940
20739,5729338,160
20740,5729338,340
20741,5729338,80
20742,5729338,360
20743,5729338,20
20744,5729338,590
20745,5729338,60
20746,5729338,130
20747,5729338,70
20748,5729338,70
20749,5729338,500
20750,5729338,340
20751,5729338,10
20752,5729338,10
20753,5729338,60
20754,5729338,70
20755,5729338,140
20756,5729338,50
20757,5729338,30
20758,5729338,170
20759,5729338,70
20760,5729338,20
20761,5729338,170
20762,5729338,110
20763,5729338,90
20764,5729338,70
20765,5729338,90
20766,5729338,30
20767,5729338,20
20768,5729338,420
20769,5729338,60
20770,5729338,60
20771,5729338,120
20772,5729338,350
20773,5729338,30
20774,5729338,160
20775,5729338,270
20776,5729338,80
20777,5729338,30
20778,5729338,590
20779,5729338,70
20780,5729338,20
20781,5729338,500
20782,5729338,90
20783,5729338,120
20784,5729338,220
20785,5729338,30
20786,5729338,220
20787,5729338,630
20788,5729338,40
20789,5729338,160
20790,5729338,880
20791,5729338,200
20792,5729338,140
20793,5729338,220
20794,5729338,10
20795,5729338,60
20796,5729338,10
20797,5729338,140
20798,5729338,70
20799,5729338,170
20800,5729338,170
20801,5729338,320
20802,5729338,150
20803,5729338,70
20804,5729338,590
20805,5729338,340
20806,5729338,50
20807,5729338,10
20808,5729338,60
20809,5729338,60
20810,5729338,90
20811,5729338,420
20812,5729338,440
20813,5729338,140
20814,5729338,20
20815,5729338,20
20816,5729338,500
20817,5729338,120
20818,5729338,320
20819,5729338,290
20820,5729338,430
20821,5729338,320
20822,5729338,30
20823,5729338,80
20824,5729338,70
20825,5729338,30
20826,5729338,140
20827,5729338,160
20828,5729338,100
20829,5729338,220
20830,5729338,120
20831,5729338,320
20832,5729338,40
20833,5729338,80
20834,5729338,40
20835,5729338,630
20836,5729338,250
20837,5729338,70
20838,5729338,40
20839,5729338,10
20840,5729338,140
20841,5729338,50
20842,5729338,50
20843,5729338,60
20844,5729338,170
20845,5729338,320
20846,5729338,60
20847,5729338,320
20848,5729338,190
20849,5729338,220
20850,5729338,10
20851,5729338,300
20852,5729338,60
20853,5729338,540
20854,5729338,220
20855,5729338,40
20856,5729338,70
20857,5729338,160
20858,5729338,150
20859,5729338,40
20860,5729338,60
20861,5729338,60
20862,5729338,120
20863,5729338,110
20864,5729338,130
20865,5729338,40
20866,5729338,40
20867,5729338,20
20868,5729338,40
20869,5729338,300
20870,5729338,380
20871,5729338,90
20872,5729338,40
20873,5729338,50
20874,5729338,370
20875,5729338,100
20876,5729338,760
20877,5729338,140
20878,5729338,160
20879,5729338,110
20880,5729338,150
20881,5729338,30
20882,5729338,140
20883,5729338,40
20884,5729338,410
20885,5729338,170
20886,5729338,80
20887,5729338,10
20888,5729338,90
20889,5729338,50
20890,5729338,470
20891,5729338,200
20892,5729338,150
20893,5729338,50
20894,5729338,170
20895,5729338,120
20896,5729338,130
20897,5729338,140
20898,5729338,20
20899,5729338,80
20900,5729338,40
20901,5729338,20
20902,5729338,60
20903,5729338,80
20904,5729338,930
20905,5729338,30
20906,5729338,170
20907,5729338,50
20908,5729338,150
20909,5729338,40
20910,5729338,60
20911,5729338,160
20912,5729338,20
20913,5729338,170
20914,5729338,60
20915,5729338,170
20916,5729338,590
20917,5729338,90
20918,5729338,80
20919,5729338,50
20920,5729338,420
20921,5729338,50
20922,5729338,20
20923,5729338,60
20924,5729338,230
20925,5729338,180
20926,5729338,360
20927,5729338,60
20928,5729338,70
20929,5729338,140
20930,5729338,20
20931,5729338,450
20932,5729338,30
20933,5729338,30
20934,5729338,420
20935,5729338,30
20936,5729338,80
20937,5729338,90
20938,5729338,170
20939,5729338,440
20940,5729338,30
20941,5729338,30
20942,5729338,10
20943,5729338,80
20944,5729338,120
20945,5729338,170
20946,5729338,90
20947,5729338,50
20948,5729338,630
20949,5729338,20
20950,5729338,10
20951,5729338,40
20952,5729338,60
20953,5729338,970
20954,5729338,100
20955,5729338,90
20956,5729338,40
20957,5729338,20
20958,5729338,40
20959,5729338,280
20960,5729338,140
20961,5729338,50
20962,5729338,230
20963,5729338,220
20964,5729338,270
20965,5729338,110
20966,5729338,90
20967,5729338,360
20968,5729338,150
20969,5729338,930
20970,5729338,1300
20971,5729338,190
20972,5729338,110
20973,5729338,60
20974,5729338,120
20975,5729338,10
20976,5729338,40
20977,5729338,80
20978,5729338,30
20979,5729338,20
20980,5729338,150
20981,5729338,30
20982,5729338,20
20983,5729338,170
20984,5729338,190
20985,5729338,290
20986,5729338,20
20987,5729338,180
20988,5729338,30
20989,5729338,90
20990,5729338,70
20991,5729338,220
20992,5729338,220
20993,5729338,30
20994,5729338,590
20995,5729338,150
20996,5729338,70
20997,5729338,650
20998,5729338,220
20999,5729338,30
21000,5729338,90
21001,5729338,130
21002,5729338,40
21003,5729338,170
21004,5729338,590
21005,5729338,70
21006,5729338,230
21007,5729338,30
21008,5729338,20
21009,5729338,30
21010,5729338,60
21011,5729338,20
21012,5729338,430
21013,5729338,90
21014,5729338,590
21015,5729338,100
21016,5729338,140
21017,5729338,590
21018,5729338,650
21019,5729338,120
21020,5729338,650
21021,5729338,880
21022,5729338,650
21023,5729338,40
21024,5729338,170
21025,5729338,90
21026,5729338,140
21027,5729338,30
21028,5729338,60
21029,5729338,140
21030,5729338,290
21031,5729338,140
21032,5729338,500
21033,5729338,20
21034,5729338,120
21035,5729338,540
21036,5729338,170
21037,5729338,140
21038,5729338,40
21039,5729338,120
21040,5729338,640
21041,5729338,40
21042,5729338,650
21043,5729338,130
21044,5729338,10
21045,5729338,140
21046,5729338,270
21047,5729338,380
21048,5729338,140
21049,5729338,220
21050,5729338,40
21051,5729338,320
21052,5729338,880
21053,5729338,140
21054,5729338,120
21055,5729338,100
21056,5729338,20
21057,5729338,40
21058,5729338,780
21059,5729338,590
21060,5729338,220
21061,5729338,140
21062,5729338,100
21063,5729338,90
21064,5729338,60
21065,5729338,20
21066,5729338,40
21067,5729338,650
21068,5729338,170
21069,5729338,380
21070,5729338,30
21071,5729338,170
21072,5729338,140
21073,5729338,10
21074,5729338,170
21075,5729338,220
21076,5729338,90
21077,5729338,110
21078,5729338,30
21079,5729338,230
21080,5729338,40
21081,5729338,140
21082,5729338,110
21083,5729338,60
21084,5729338,120
21085,5729338,50
21086,5729338,140
21087,5729338,20
21088,5729338,100
21089,5729338,1890
21090,5729338,930
21091,5729338,880
21092,5729338,200
21093,5729338,1300
21094,5729338,40
21095,5729338,20
21096,5729338,170
21097,5729338,250
21098,5729338,60
21099,5729338,40
21100,5729338,290
21101,5729338,10
21102,5729338,20
21103,5729338,220
21104,5729338,220
21105,5729338,110
21106,5729338,120
21107,5729338,440
21108,5729338,250
21109,5729338,120
21110,5729338,140
21111,5729338,90
21112,5729338,80
21113,5729338,30
21114,5729338,70
21115,5729338,20
21116,5729338,140
21117,5729338,110
21118,5729338,160
21119,5729338,140
21120,5729338,20
21121,5729338,250
21122,5729338,60
21123,5729338,120
21124,5729338,30
21125,5729338,470
21126,5729338,160
21127,5729338,150
21128,5729338,140
21129,5729338,140
21130,5729338,40
21131,5729338,20
21132,5729338,320
21133,5729338,300
21134,5729338,220
21135,5729338,90
21136,5729338,340
21137,5729338,100
21138,5729338,630
21139,5729338,590
21140,5729338,400
21141,5729338,30
21142,5729338,140
21143,5729338,30
21144,5729338,60
21145,5729338,200
21146,5729338,60
21147,5729338,440
21148,5729338,120
21149,5729338,60
21150,5729338,650
21151,5729338,600
21152,5729338,340
21153,5729338,60
21154,5729338,150
21155,5729338,160
21156,5729338,60
21157,5729338,100
21158,5729338,320
21159,5729338,160
21160,5729338,50
21161,5729338,940
21162,5729338,60
21163,5729338,30
21164,5729338,220
21165,5729338,30
21166,5729338,50
21167,5729338,220
21168,5729338,170
21169,5729338,320
21170,5729338,150
21171,5729338,50
21172,5729338,70
21173,5729338,20
21174,5729338,20
21175,5729338,10
21176,5729338,380
21177,5729338,150
21178,5729338,450
21179,5729338,90
21180,5729338,220
21181,5729338,150
21182,5729338,880
21183,5729338,290
21184,5729338,40
21185,5729338,60
21186,5729338,170
21187,5729338,230
21188,5729338,360
21189,5729338,340
21190,5729338,150
21191,5729338,250
21192,5729338,60
21193,5729338,40
21194,5729338,120
21195,5729338,200
21196,5729338,30
21197,5729338,160
21198,5729338,150
21199,5729338,340
21200,5729338,70
21201,5729338,30
21202,5729338,220
21203,5729338,40
21204,5729338,60
21205,5729338,90
21206,5729338,1350
21207,5729338,1300
21208,5729338,10
21209,5729338,10
21210,5729338,150
21211,5729338,100
21212,5729338,90
21213,5729338,50
21214,5729338,640
21215,5729338,90
21216,5729338,250
21217,5729338,170
21218,5729338,220
21219,5729338,290
21220,5729338,150
21221,5729338,40
21222,5729338,100
21223,5729338,120
21224,5729338,290
21225,5729338,10
21226,5729338,210
21227,5729338,500
21228,5729338,930
21229,5729338,30
21230,5729338,10
21231,5729338,50
21232,5729338,30
21233,5729338,420
21234,5729338,60
21235,5729338,40
21236,5729338,20
21237,5729338,160
21238,5729338,60
21239,5729338,10
21240,5729338,220
21241,5729338,70
21242,5729338,70
21243,5729338,200
21244,5729338,500
21245,5729338,40
21246,5729338,20
21247,5729338,60
21248,5729338,320
21249,5729338,530
21250,5729338,150
21251,5729338,590
21252,5729338,270
21253,5729338,60
21254,5729338,90
21255,5729338,420
21256,5729338,360
21257,5729338,60
21258,5729338,20
21259,5729338,50
21260,5729338,10
21261,5729338,100
21262,5729338,10
21263,5729338,40
21264,5729338,50
21265,5729338,170
21266,5729338,140
21267,5729338,150
21268,5729338,170
21269,5729338,60
21270,5729338,10
21271,5729338,200
21272,5729338,40
21273,5729338,20
21274,5729338,930
21275,5729338,320
21276,5729338,30
21277,5729338,90
21278,5729338,80
21279,5729338,80
21280,5729338,140
21281,5729338,230
21282,5729337,220
21283,5729337,30
21284,5729337,40
21285,5729337,20
21286,5729337,40
21287,5729337,220
21288,5729337,250
21289,5729337,80
21290,5729337,140
21291,5729337,60
21292,5729337,80
21293,5729337,90
21294,5729337,70
21295,5729337,90
21296,5729337,70
21297,5729337,30
21298,5729337,190
21299,5729337,20
21300,5729337,80
21301,5729337,90
21302,5729337,140
21303,5729337,320
21304,5729337,140
21305,5729337,120
21306,5729337,60
21307,5729337,170
21308,5729337,120
21309,5729337,20
21310,5729337,630
21311,5729337,90
21312,5729337,20
21313,5729337,110
21314,5729337,220
21315,5729337,110
21316,5729337,430
21317,5729337,90
21318,5729337,30
21319,5729337,1040
21320,5729337,640
21321,5729337,20
21322,5729337,40
21323,5729337,120
21324,5729337,90
21325,5729337,270
21326,5729337,40
21327,5729337,110
21328,5729337,110
21329,5729337,140
21330,5729337,50
21331,5729337,290
21332,5729337,440
21333,5729337,60
21334,5729337,40
21335,5729337,160
21336,5729337,40
21337,5729337,230
21338,5729337,290
21339,5729337,40
21340,5729337,40
21341,5729337,60
21342,5729337,650
21343,5729337,50
21344,5729337,60
21345,5729337,40
21346,5729337,1520
21347,5729337,340
21348,5729337,420
21349,5729337,50
21350,5729337,40
21351,5729337,30
21352,5729337,20
21353,5729337,20
21354,5729337,100
21355,5729337,320
21356,5729337,90
21357,5729337,10
21358,5729337,320
21359,5729337,30
21360,5729337,500
21361,5729337,50
21362,5729337,50
21363,5729337,290
21364,5729337,100
21365,5729337,110
21366,5729337,230
21367,5729337,60
21368,5729337,500
21369,5729337,40
21370,5729337,170
21371,5729337,40
21372,5729337,270
21373,5729337,120
21374,5729337,290
21375,5729337,30
21376,5729337,60
21377,5729337,500
21378,5729337,650
21379,5729337,10
21380,5729337,50
21381,5729337,80
21382,5729337,90
21383,5729337,10
21384,5729337,50
21385,5729337,120
21386,5729337,250
21387,5729337,220
21388,5729337,50
21389,5729337,30
21390,5729337,40
21391,5729337,500
21392,5729337,130
21393,5729337,230
21394,5729337,50
21395,5729337,150
21396,5729337,20
21397,5729337,500
21398,5729337,290
21399,5729337,40
21400,5729337,90
21401,5729337,440
21402,5729337,60
21403,5729337,10
21404,5729337,40
21405,5729337,220
21406,5729337,60
21407,5729337,90
21408,5729337,30
21409,5729337,140
21410,5729337,200
21411,5729337,270
21412,5729337,650
21413,5729337,650
21414,5729337,60
21415,5729337,60
21416,5729337,20
21417,5729337,70
21418,5729337,90
21419,5729337,530
21420,5729337,10
21421,5729337,10
21422,5729337,110
21423,5729337,290
21424,5729337,150
21425,5729337,40
21426,5729337,110
21427,5729337,20
21428,5729337,290
21429,5729337,100
21430,5729337,10
21431,5729337,420
21432,5729337,20
21433,5729337,30
21434,5729337,170
21435,5729337,1300
21436,5729337,40
21437,5729337,90
21438,5729337,60
21439,5729337,110
21440,5729337,90
21441,5729337,160
21442,5729337,290
21443,5729337,140
21444,5729337,230
21445,5729337,70
21446,5729337,100
21447,5729337,30
21448,5729337,90
21449,5729337,50
21450,5729337,40
21451,5729337,940
21452,5729337,40
21453,5729337,160
21454,5729337,110
21455,5729337,250
21456,5729337,20
21457,5729337,120
21458,5729337,760
21459,5729337,590
21460,5729337,20
21461,5729337,140
21462,5729337,810
21463,5729337,20
21464,5729337,320
21465,5729337,10
21466,5729337,490
21467,5729337,90
21468,5729337,150
21469,5729337,320
21470,5729337,470
21471,5729337,30
21472,5729337,40
21473,5729337,30
21474,5729337,90
21475,5729337,140
21476,5729337,20
21477,5729337,90
21478,5729337,200
21479,5729337,100
21480,5729337,270
21481,5729337,160
21482,5729337,140
21483,5729337,930
21484,5729337,420
21485,5729337,30
21486,5729337,200
21487,5729337,60
21488,5729337,200
21489,5729337,80
21490,5729337,30
21491,5729337,60
21492,5729337,20
21493,5729337,130
21494,5729337,30
21495,5729337,220
21496,5729337,50
21497,5729337,70
21498,5729337,20
21499,5729337,190
21500,5729337,50
21501,5729337,50
21502,5729337,420
21503,5729337,10
21504,5729337,90
21505,5729337,170
21506,5729337,410
21507,5729337,140
21508,5729337,90
21509,5729337,30
21510,5729337,220
21511,5729337,20
21512,5729337,500
21513,5729337,290
21514,5729337,290
21515,5729337,380
21516,5729337,120
21517,5729337,40
21518,5729337,90
21519,5729337,10
21520,5729337,10
21521,5729337,60
21522,5729337,50
21523,5729337,140
21524,5729337,880
21525,5729337,10
21526,5729337,100
21527,5729337,140
21528,5729337,170
21529,5729337,100
21530,5729337,40
21531,5729337,90
21532,5729337,880
21533,5729337,720
21534,5729337,90
21535,5729337,630
21536,5729337,30
21537,5729337,170
21538,5729337,90
21539,5729337,20
21540,5729337,90
21541,5729337,400
21542,5729337,90
21543,5729337,430
21544,5729337,220
21545,5729337,170
21546,5729337,80
21547,5729337,10
21548,5729337,140
21549,5729337,70
21550,5729337,340
21551,5729337,10
21552,5729337,60
21553,5729337,110
21554,5729337,40
21555,5729337,20
21556,5729337,190
21557,5729337,340
21558,5729337,70
21559,5729337,20
21560,5729337,80
21561,5729337,320
21562,5729337,110
21563,5729337,60
21564,5729337,130
21565,5729337,10
21566,5729337,940
21567,5729337,60
21568,5729337,250
21569,5729337,50
21570,5729337,420
21571,5729337,20
21572,5729337,170
21573,5729337,20
21574,5729337,200
21575,5729337,630
21576,5729337,380
21577,5729337,120
21578,5729337,110
21579,5729337,120
21580,5729337,320
21581,5729337,90
21582,5729337,100
21583,5729337,1440
21584,5729337,40
21585,5729337,660
21586,5729337,60
21587,5729337,320
21588,5729337,60
21589,5729337,200
21590,5729337,440
21591,5729337,60
21592,5729337,60
21593,5729337,140
21594,5729337,150
21595,5729337,140
21596,5729337,190
21597,5729337,500
21598,5729337,40
21599,5729337,420
21600,5729337,10
21601,5729337,130
21602,5729337,390
21603,5729337,50
21604,5729337,90
21605,5729337,60
21606,5729337,100
21607,5729337,760
21608,5729337,220
21609,5729337,200
21610,5729337,20
21611,5729337,120
21612,5729337,150
21613,5729337,170
21614,5729337,80
21615,5729337,160
21616,5729337,110
21617,5729337,230
21618,5729337,90
21619,5729337,440
21620,5729337,420
21621,5729337,230
21622,5729337,90
21623,5729337,120
21624,5729337,150
21625,5729337,320
21626,5729337,120
21627,5729337,50
21628,5729337,140
21629,5729337,60
21630,5729337,270
21631,5729337,150
21632,5729337,90
21633,5729337,200
21634,5729337,170
21635,5729337,70
21636,5729337,380
21637,5729337,30
21638,5729337,30
21639,5729337,190
21640,5729337,360
21641,5729337,120
21642,5729337,630
21643,5729337,70
21644,5729337,200
21645,5729337,140
21646,5729337,70
21647,5729337,40
21648,5729337,110
21649,5729337,40
21650,5729337,120
21651,5729337,160
21652,5729337,80
21653,5729337,30
21654,5729337,20
21655,5729337,160
21656,5729337,220
21657,5729337,60
21658,5729337,440
21659,5729337,50
21660,5729337,290
21661,5729337,650
21662,5729337,140
21663,5729337,170
21664,5729337,20
21665,5729337,60
21666,5729337,170
21667,5729337,60
21668,5729337,60
21669,5729337,420
21670,5729337,320
21671,5729337,220
21672,5729337,230
21673,5729337,60
21674,5729337,90
21675,5729337,110
21676,5729337,650
21677,5729337,70
21678,5729337,70
21679,5729337,1890
21680,5729337,190
21681,5729337,250
21682,5729337,120
21683,5729337,170
21684,5729337,590
21685,5729337,110
21686,5729337,10
21687,5729337,40
21688,5729337,100
21689,5729337,2730
21690,5729337,70
21691,5729337,630
21692,5729337,110
21693,5729337,10
21694,5729337,60
21695,5729337,70
21696,5729337,40
21697,5729337,650
21698,5729337,200
21699,5729337,20
21700,5729337,30
21701,5729337,200
21702,5729337,40
21703,5729337,70
21704,5729337,90
21705,5729337,10
21706,5729337,140
21707,5729337,590
21708,5729337,60
21709,5729337,500
21710,5729337,680
21711,5729337,170
21712,5729337,1300
21713,5729337,150
21714,5729337,340
21715,5729337,10
21716,5729337,10
21717,5729337,230
21718,5729337,140
21719,5729337,90
21720,5729337,60
21721,5729337,70
21722,5729337,60
21723,5729337,60
21724,5729337,20
21725,5729337,190
21726,5729337,70
21727,5729337,150
21728,5729337,80
21729,5729337,150
21730,5729337,150
21731,5729337,80
21732,5729337,170
21733,5729337,50
21734,5729337,30
21735,5729337,420
21736,5729337,160
21737,5729337,590
21738,5729337,90
21739,5729337,590
21740,5729337,390
21741,5729337,100
21742,5729337,20
21743,5729337,220
21744,5729337,420
21745,5729337,10
21746,5729337,630
21747,5729337,20
21748,5729337,100
21749,5729337,100
21750,5729337,190
21751,5729337,140
21752,5729337,650
21753,5729337,410
21754,5729337,80
21755,5729337,80
21756,5729337,40
21757,5729337,110
21758,5729337,100
21759,5729337,140
21760,5729337,140
21761,5729337,60
21762,5729337,30
21763,5729337,650
21764,5729337,290
21765,5729337,60
21766,5729337,150
21767,5729337,350
21768,5729337,160
21769,5729337,650
21770,5729337,50
21771,5729337,40
21772,5729337,40
21773,5729337,10
21774,5729337,230
21775,5729337,90
21776,5729337,220
21777,5729337,20
21778,5729337,220
21779,5729337,160
21780,5729337,50
21781,5729337,680
21782,5729337,120
21783,5729337,230
21784,5729337,50
21785,5729337,40
21786,5729337,630
21787,5729337,20
21788,5729337,140
21789,5729337,630
21790,5729337,70
21791,5729337,140
21792,5729337,40
21793,5729337,420
21794,5729337,40
21795,5729337,1300
21796,5729337,50
21797,5729337,130
21798,5729337,190
21799,5729337,500
21800,5729337,60
21801,5729337,60
21802,5729337,90
21803,5729337,130
21804,5729337,50
21805,5729337,60
21806,5729337,60
21807,5729337,160
21808,5729337,10
21809,5729337,400
21810,5729337,590
21811,5729337,80
21812,5729337,720
21813,5729337,70
21814,5729337,250
21815,5729337,10
21816,5729337,50
21817,5729337,630
21818,5729337,630
21819,5729337,90
21820,5729337,60
21821,5729337,590
21822,5729337,220
21823,5729337,290
21824,5729337,170
21825,5729337,60
21826,5729337,200
21827,5729337,70
21828,5729337,320
21829,5729337,10
21830,5729337,30
21831,5729337,30
21832,5729337,150
21833,5729337,30
21834,5729337,70
21835,5729337,30
21836,5729337,120
21837,5729337,30
21838,5729337,70
21839,5729337,340
21840,5729337,50
21841,5729337,130
21842,5729337,150
21843,5729337,90
21844,5729337,250
21845,5729337,40
21846,5729337,50
21847,5729337,50
21848,5729337,30
21849,5729337,60
21850,5729337,190
21851,5729337,90
21852,5729337,930
21853,5729337,930
21854,5729337,150
21855,5729337,140
21856,5729337,240
21857,5729337,40
21858,5729337,590
21859,5729337,90
21860,5729337,250
21861,5729337,150
21862,5729337,30
21863,5729337,470
21864,5729337,90
21865,5729337,60
21866,5729337,140
21867,5729337,150
21868,5729337,1300
21869,5729337,100
21870,5729337,10
21871,5729337,440
21872,5729337,90
21873,5729337,30
21874,5729337,60
21875,5729337,590
21876,5729337,110
21877,5729337,20
21878,5729337,30
21879,5729337,90
21880,5729337,20
21881,5729337,60
21882,5729337,100
21883,5729337,290
21884,5729337,880
21885,5729337,100
21886,5729337,90
21887,5729337,30
21888,5729337,50
21889,5729337,30
21890,5729337,440
21891,5729337,140
21892,5729337,60
21893,5729337,50
21894,5729337,150
21895,5729337,200
21896,5729337,380
21897,5729337,90
21898,5729337,140
21899,5729337,290
21900,5729337,110
21901,5729337,230
21902,5729337,290
21903,5729337,120
21904,5729337,1040
21905,5729337,500
21906,5729337,1300
21907,5729337,30
21908,5729337,20
21909,5729337,110
21910,5729337,380
21911,5729337,40
21912,5729337,110
21913,5729337,150
21914,5729337,140
21915,5729337,250
21916,5729337,380
21917,5729337,590
21918,5729337,590
21919,5729337,30
21920,5729337,500
21921,5729337,60
21922,5729337,70
21923,5729337,70
21924,5729337,30
21925,5729337,130
21926,5729337,40
21927,5729337,290
21928,5729337,150
21929,5729337,100
21930,5729337,140
21931,5729337,30
21932,5729337,140
21933,5729337,20
21934,5729337,150
21935,5729337,60
21936,5729337,90
21937,5729337,110
21938,5729337,20
21939,5729337,1300
21940,5729337,200
21941,5729337,290
21942,5729337,1400
21943,5729337,290
21944,5729337,80
21945,5729337,110
21946,5729337,50
21947,5729337,250
21948,5729337,90
21949,5729337,220
21950,5729337,30
21951,5729337,110
21952,5729337,60
21953,5729337,70
21954,5729337,420
21955,5729337,60
21956,5729337,550
21957,5729337,630
21958,5729337,120
21959,5729337,380
21960,5729337,610
21961,5729337,110
21962,5729337,30
21963,5729337,90
21964,5729337,30
21965,5729337,290
21966,5729337,70
21967,5729337,120
21968,5729337,90
21969,5729337,70
21970,5729337,110
21971,5729337,1300
21972,5729337,150
21973,5729337,20
21974,5729337,90
21975,5729337,50
21976,5729337,90
21977,5729337,170
21978,5729337,70
21979,5729337,10
21980,5729337,90
21981,5729337,1300
21982,5729337,20
21983,5729337,1300
21984,5729337,30
21985,5729337,100
21986,5729337,60
21987,5729337,120
21988,5729337,120
21989,5729337,30
21990,5729337,290
21991,5729337,590
21992,5729337,20
21993,5729337,460
21994,5729337,380
21995,5729337,450
21996,5729337,880
21997,5729337,160
21998,5729337,80
21999,5729337,170
22000,5729337,90
22001,5729337,220
22002,5729337,40
22003,5729337,120
22004,5729337,220
22005,5729337,60
22006,5729337,40
22007,5729337,60
22008,5729337,200
22009,5729337,320
22010,5729337,90
22011,5729337,240
22012,5729337,60
22013,5729337,60
22014,5729337,200
22015,5729337,260
22016,5729337,160
22017,5729337,30
22018,5729337,230
22019,5729337,930
22020,5729337,630
22021,5729337,150
22022,5729337,40
22023,5729337,270
22024,5729337,50
22025,5729337,190
22026,5729337,130
22027,5729337,190
22028,5729337,90
22029,5729337,20
22030,5729337,90
22031,5729337,30
22032,5729337,60
22033,5729337,60
22034,5729337,60
22035,5729337,420
22036,5729337,220
22037,5729337,1300
22038,5729337,70
22039,5729337,420
22040,5729337,400
22041,5729337,150
22042,5729337,20
22043,5729337,1300
22044,5729337,10
22045,5729337,100
22046,5729337,170
22047,5729337,60
22048,5729337,70
22049,5729337,60
22050,5729337,140
22051,5729337,210
22052,5729337,140
22053,5729337,140
22054,5729337,160
22055,5729337,90
22056,5729337,140
22057,5729337,140
22058,5729337,320
22059,5729337,40
22060,5729337,650
22061,5729337,160
22062,5729337,20
22063,5729337,90
22064,5729337,250
22065,5729337,120
22066,5729337,150
22067,5729337,30
22068,5729337,200
22069,5729337,60
22070,5729337,590
22071,5729337,20
22072,5729337,230
22073,5729337,70
22074,5729337,1300
22075,5729337,250
22076,5729337,170
22077,5729337,880
22078,5729337,40
22079,5729337,140
22080,5729337,30
22081,5729337,10
22082,5729337,290
22083,5729337,110
22084,5729337,40
22085,5729337,60
22086,5729337,200
22087,5729337,470
22088,5729337,220
22089,5729337,20
22090,5729337,890
22091,5729337,30
22092,5729337,290
22093,5729337,60
22094,5729337,420
22095,5729337,60
22096,5729337,90
22097,5729337,140
22098,5729337,60
22099,5729337,220
22100,5729337,140
22101,5729337,1300
22102,5729337,210
22103,5729337,190
22104,5729337,130
22105,5729337,440
22106,5729337,70
22107,5729337,30
22108,5729337,230
22109,5729337,150
22110,5729337,10
22111,5729337,50
22112,5729337,500
22113,5729337,250
22114,5729337,30
22115,5729337,510
22116,5729337,250
22117,5729337,100
22118,5729337,40
22119,5729337,650
22120,5729337,320
22121,5729337,940
22122,5729337,240
22123,5729337,20
22124,5729337,60
22125,5729337,140
22126,5729337,20
22127,5729337,40
22128,5729337,40
22129,5729337,140
22130,5729337,230
22131,5729337,20
22132,5729337,200
22133,5729337,200
22134,5729337,140
22135,5729337,10
22136,5729337,50
22137,5729337,160
22138,5729337,100
22139,5729337,590
22140,5729337,200
22141,5729337,20
22142,5729337,90
22143,5729337,20
22144,5729337,50
22145,5729337,80
22146,5729337,60
22147,5729337,10
22148,5729337,100
22149,5729337,290
22150,5729337,880
22151,5729337,50
22152,5729337,60
22153,5729337,140
22154,5729337,1350
22155,5729337,930
22156,5729337,340
22157,5729337,100
22158,5729337,130
22159,5729337,30
22160,5729337,50
22161,5729337,170
22162,5729337,60
22163,5729337,50
22164,5729337,160
22165,5729337,70
22166,5729337,300
22167,5729337,30
22168,5729337,160
22169,5729337,940
22170,5729337,60
22171,5729337,20
22172,5729337,30
22173,5729337,20
22174,5729337,500
22175,5729337,50
22176,5729337,40
22177,5729337,200
22178,5729337,50
22179,5729337,30
22180,5729337,20
22181,5729337,170
22182,5729337,10
22183,5729337,50
22184,5729337,30
22185,5729337,220
22186,5729337,290
22187,5729337,90
22188,5729337,100
22189,5729337,230
22190,5729337,60
22191,5729337,120
22192,5729337,150
22193,5729337,70
22194,5729337,60
22195,5729337,160
22196,5729337,50
22197,5729337,110
22198,5729337,60
22199,5729337,270
22200,5729337,140
22201,5729337,650
22202,5729337,60
22203,5729337,10
22204,5729337,20
22205,5729337,690
22206,5729337,100
22207,5729337,230
22208,5729337,50
22209,5729337,40
22210,5729337,210
22211,5729337,60
22212,5729337,40
22213,5729337,60
22214,5729337,270
22215,5729337,140
22216,5729337,30
22217,5729337,140
22218,5729337,140
22219,5729337,20
22220,5729337,270
22221,5729337,100
22222,5729337,80
22223,5729337,20
22224,5729337,50
22225,5729337,50
22226,5729337,140
22227,5729337,90
22228,5729337,100
22229,5729337,1040
22230,5729337,590
22231,5729337,60
22232,5729337,460
22233,5729337,1300
22234,5729337,50
22235,5729337,720
22236,5729337,220
22237,5729337,940
22238,5729337,20
22239,5729337,110
22240,5729337,20
22241,5729337,90
22242,5729337,20
22243,5729337,30
22244,5729337,50
22245,5729337,90
22246,5729337,30
22247,5729337,240
22248,5729337,640
22249,5729337,1300
22250,5729337,30
22251,5729337,140
22252,5729337,380
22253,5729337,1350
22254,5729337,50
22255,5729337,40
22256,5729337,140
22257,5729337,140
22258,5729337,880
22259,5729337,30
22260,5729337,200
22261,5729337,140
22262,5729337,50
22263,5729337,60
22264,5729337,110
22265,5729337,100
22266,5729337,140
22267,5729337,50
22268,5729337,500
22269,5729337,60
22270,5729337,220
22271,5729337,170
22272,5729337,40
22273,5729337,250
22274,5729337,1300
22275,5729337,190
22276,5729337,170
22277,5729337,40
22278,5729337,110
22279,5729337,200
22280,5729337,650
22281,5729337,30
22282,5729337,40
22283,5729337,270
22284,5729337,140
22285,5729337,40
22286,5729337,50
22287,5729337,940
22288,5729337,170
22289,5729337,200
22290,5729337,90
22291,5729337,500
22292,5729337,630
22293,5729337,60
22294,5729337,460
22295,5729337,270
22296,5729337,30
22297,5729337,360
22298,5729337,20
22299,5729337,80
22300,5729337,40
22301,5729337,40
22302,5729337,140
22303,5729337,60
22304,5729337,150
22305,5729337,470
22306,5729337,50
22307,5729337,120
22308,5729337,590
22309,5729337,90
22310,5729337,440
22311,5729337,380
22312,5729337,10
22313,5729337,290
22314,5729337,30
22315,5729337,60
22316,5729337,140
22317,5729337,190
22318,5729337,190
22319,5729337,130
22320,5729337,500
22321,5729337,880
22322,5729337,630
22323,5729337,60
22324,5729337,150
22325,5729337,220
22326,5729337,240
22327,5729337,70
22328,5729337,350
22329,5729337,270
22330,5729337,220
22331,5729337,60
22332,5729337,30
22333,5729337,30
22334,5729337,130
22335,5729337,90
22336,5729337,80
22337,5729337,30
22338,5729337,220
22339,5729337,140
22340,5729337,150
22341,5729337,50
22342,5729337,80
22343,5729337,120
22344,5729337,150
22345,5729337,50
22346,5729337,590
22347,5729337,30
22348,5729337,140
22349,5729337,30
22350,5729337,320
22351,5729337,60
22352,5729337,60
22353,5729337,140
22354,5729337,20
22355,5729337,40
22356,5729337,360
22357,5729337,30
22358,5729337,170
22359,5729337,950
22360,5729337,190
22361,5729337,90
22362,5729337,10
22363,5729337,1350
22364,5729337,170
22365,5729337,170
22366,5729337,750
22367,5729337,200
22368,5729337,220
22369,5729337,20
22370,5729337,20
22371,5729337,140
22372,5729337,230
22373,5729337,290
22374,5729337,200
22375,5729337,600
22376,5729337,930
22377,5729337,110
22378,5729337,30
22379,5729337,20
22380,5729337,450
22381,5729337,100
22382,5729337,10
22383,5729337,220
22384,5729337,440
22385,5729337,470
22386,5729337,40
22387,5729337,40
22388,5729337,630
22389,5729337,100
22390,5729337,1070
22391,5729337,10
22392,5729337,170
22393,5729337,80
22394,5729337,930
22395,5729337,50
22396,5729337,60
22397,5729337,100
22398,5729337,140
22399,5729337,120
22400,5729337,420
22401,5729337,380
22402,5729337,720
22403,5729337,140
22404,5729337,60
22405,5729337,100
22406,5729337,530
22407,5729337,20
22408,5729337,60
22409,5729337,90
22410,5729337,70
22411,5729337,340
22412,5729337,40
22413,5729337,60
22414,5729337,40
22415,5729337,630
22416,5729337,150
22417,5729337,50
22418,5729337,40
22419,5729337,500
22420,5729337,220
22421,5729337,20
22422,5729337,440
22423,5729337,320
22424,5729337,230
22425,5729337,630
22426,5729337,720
22427,5729337,40
22428,5729337,30
22429,5729337,60
22430,5729337,20
22431,5729337,200
22432,5729337,10
22433,5729337,90
22434,5729337,590
22435,5729337,10
22436,5729337,150
22437,5729337,170
22438,5729337,80
22439,5729337,160
22440,5729337,120
22441,5729337,30
22442,5729337,30
22443,5729337,500
22444,5729337,80
22445,5729337,60
22446,5729337,170
22447,5729337,10
22448,5729337,630
22449,5729337,140
22450,5729337,470
22451,5729337,380
22452,5729337,90
22453,5729337,90
22454,5729337,10
22455,5729337,50
22456,5729337,20
22457,5729337,100
22458,5729337,50
22459,5729337,590
22460,5729337,170
22461,5729337,130
22462,5729337,220
22463,5729337,610
22464,5729337,100
22465,5729337,160
22466,5729337,100
22467,5729337,30
22468,5729337,570
22469,5729337,120
22470,5729337,220
22471,5729337,60
22472,5729337,170
22473,5729337,650
22474,5729337,170
22475,5729337,90
22476,5729337,50
22477,5729337,200
22478,5729337,70
22479,5729337,30
22480,5729337,40
22481,5729337,40
22482,5729337,110
22483,5729337,140
22484,5729337,40
22485,5729337,160
22486,5729337,60
22487,5729337,100
22488,5729337,150
22489,5729337,110
22490,5729337,320
22491,5729337,190
22492,5729337,160
22493,5729337,160
22494,5729337,20
22495,5729337,80
22496,5729337,140
22497,5729337,220
22498,5729337,150
22499,5729337,90
22500,5729337,220
22501,5729337,60
22502,5729337,120
22503,5729337,590
22504,5729337,10
22505,5729337,80
22506,5729337,30
22507,5729337,20
22508,5729337,170
22509,5729337,60
22510,5729337,160
22511,5729337,130
22512,5729337,250
22513,5729337,170
22514,5729337,60
22515,5729337,140
22516,5729337,30
22517,5729337,40
22518,5729337,40
22519,5729337,230
22520,5729337,1350
22521,5729337,30
22522,5729337,930
22523,5729337,20
22524,5729337,150
22525,5729337,20
22526,5729337,150
22527,5729337,500
22528,5729337,1300
22529,5729337,130
22530,5729337,140
22531,5729337,100
22532,5729337,380
22533,5729337,60
22534,5729337,60
22535,5729337,40
22536,5729337,220
22537,5729337,380
22538,5729337,20
22539,5729337,130
22540,5729337,40
22541,5729337,280
22542,5729337,20
22543,5729337,600
22544,5729337,180
22545,5729337,150
22546,5729337,490
22547,5729337,80
22548,5729337,140
22549,5729337,100
22550,5729337,60
22551,5729337,500
22552,5729337,30
22553,5729337,50
22554,5729337,70
22555,5729337,60
22556,5729337,250
22557,5729337,60
22558,5729337,230
22559,5729337,40
22560,5729337,930
22561,5729337,110
22562,5729337,10
22563,5729337,290
22564,5729337,30
22565,5729337,30
22566,5729337,90
22567,5729337,190
22568,5729337,720
22569,5729337,70
22570,5729337,110
22571,5729337,290
22572,5729337,140
22573,5729337,180
22574,5729337,190
22575,5729337,30
22576,5729337,650
22577,5729337,150
22578,5729337,230
22579,5729337,420
22580,5729337,200
22581,5729337,720
22582,5729337,110
22583,5729337,120
22584,5729337,90
22585,5729337,40
22586,5729337,940
22587,5729337,650
22588,5729337,60
22589,5729337,60
22590,5729337,140
22591,5729337,200
22592,5729337,100
22593,5729337,150
22594,5729337,420
22595,5729337,50
22596,5729337,900
22597,5729337,140
22598,5729337,40
22599,5729337,150
22600,5729337,50
22601,5729337,60
22602,5729337,200
22603,5729337,320
22604,5729337,230
22605,5729337,60
22606,5729337,40
22607,5729337,30
22608,5729337,160
22609,5729337,80
22610,5729337,20
22611,5729337,50
22612,5729337,20
22613,5729337,100
22614,5729337,30
22615,5729337,40
22616,5729337,110
22617,5729337,60
22618,5729337,10
22619,5729337,10
22620,5729337,10
22621,5729337,290
22622,5729337,10
22623,5729337,290
22624,5729337,1350
22625,5729337,40
22626,5729337,930
22627,5729337,20
22628,5729337,80
22629,5729337,210
22630,5729337,320
22631,5729337,90
22632,5729337,200
22633,5729337,90
22634,5729337,420
22635,5729337,420
22636,5729337,880
22637,5729337,290
22638,5729337,90
22639,5729337,880
22640,5729337,240
22641,5729337,50
22642,5729337,220
22643,5729337,20
22644,5729337,130
22645,5729337,230
22646,5729337,30
22647,5729337,980
22648,5729337,2160
22649,5729337,380
22650,5729337,60
22651,5729337,160
22652,5729337,160
22653,5729337,240
22654,5729337,140
22655,5729337,140
22656,5729337,40
22657,5729337,230
22658,5729337,40
22659,5729337,120
22660,5729337,10
22661,5729337,110
22662,5729337,140
22663,5729337,190
22664,5729337,30
22665,5729337,320
22666,5729337,40
22667,5729337,20
22668,5729337,30
22669,5729337,90
22670,5729337,200
22671,5729337,440
22672,5729337,40
22673,5729337,170
22674,5729337,20
22675,5729337,60
22676,5729337,40
22677,5729337,20
22678,5729337,120
22679,5729337,140
22680,5729337,120
22681,5729337,310
22682,5729337,230
22683,5729337,70
22684,5729337,230
22685,5729337,120
22686,5729337,40
22687,5729337,500
22688,5729337,290
22689,5729337,900
22690,5729337,590
22691,5729337,140
22692,5729337,60
22693,5729337,60
22694,5729337,110
22695,5729337,500
22696,5729337,90
22697,5729337,590
22698,5729337,170
22699,5729337,140
22700,5729337,320
22701,5729337,130
22702,5729337,190
22703,5729337,140
22704,5729337,40
22705,5729337,340
22706,5729337,40
22707,5729337,60
22708,5729337,40
22709,5729337,630
22710,5729337,60
22711,5729337,930
22712,5729337,120
22713,5729337,10
22714,5729337,70
22715,5729337,20
22716,5729337,420
22717,5729337,60
22718,5729337,140
22719,5729337,20
22720,5729337,40
22721,5729337,230
22722,5729337,20
22723,5729337,150
22724,5729337,90
22725,5729337,150
22726,5729337,90
22727,5729337,30
22728,5729337,340
22729,5729337,60
22730,5729337,80
22731,5729337,90
22732,5729337,170
22733,5729337,60
22734,5729337,200
22735,5729337,140
22736,5729337,190
22737,5729337,380
22738,5729337,150
22739,5729337,60
22740,5729337,440
22741,5729337,60
22742,5729337,110
22743,5729337,110
22744,5729337,60
22745,5729337,140
22746,5729337,110
22747,5729337,940
22748,5729337,120
22749,5729337,140
22750,5729337,590
22751,5729337,220
22752,5729337,630
22753,5729337,40
22754,5729337,110
22755,5729337,30
22756,5729337,380
22757,5729337,120
22758,5729337,120
22759,5729337,20
22760,5729337,340
22761,5729337,40
22762,5729337,430
22763,5729337,100
22764,5729337,60
22765,5729337,80
22766,5729337,40
22767,5729337,200
22768,5729337,10
22769,5729337,140
22770,5729337,60
22771,5729337,40
22772,5729337,200
22773,5729337,290
22774,5729337,420
22775,5729337,50
22776,5729337,20
22777,5729337,140
22778,5729337,160
22779,5729337,110
22780,5729337,930
22781,5729337,120
22782,5729337,200
22783,5729337,1300
22784,5729337,80
22785,5729337,60
22786,5729337,30
22787,5729337,30
22788,5729337,30
22789,5729337,290
22790,5729337,940
22791,5729337,70
22792,5729337,290
22793,5729337,280
22794,5729337,90
22795,5729337,20
22796,5729337,10
22797,5729337,140
22798,5729337,50
22799,5729337,110
22800,5729337,40
22801,5729337,40
22802,5729337,930
22803,5729337,50
22804,5729337,150
22805,5729337,200
22806,5729337,670
22807,5729337,50
22808,5729337,150
22809,5729337,380
22810,5729337,10
22811,5729337,260
22812,5729337,120
22813,5729337,60
22814,5729337,140
22815,5729337,140
22816,5729337,20
22817,5729337,50
22818,5729337,90
22819,5729337,220
22820,5729337,40
22821,5729337,90
22822,5729337,50
22823,5729337,20
22824,5729337,110
22825,5729337,80
22826,5729337,20
22827,5729337,90
22828,5729337,70
22829,5729337,30
22830,5729337,20
22831,5729337,40
22832,5729337,20
22833,5729337,90
22834,5729337,90
22835,5729337,60
22836,5729337,90
22837,5729337,90
22838,5729337,170
22839,5729337,70
22840,5729337,60
22841,5729337,290
22842,5729337,140
22843,5729337,40
22844,5729337,30
22845,5729337,220
22846,5729337,60
22847,5729337,90
22848,5729337,30
22849,5729337,60
22850,5729337,220
22851,5729337,90
22852,5729337,140
22853,5729337,250
22854,5729337,120
22855,5729337,120
22856,5729337,120
22857,5729337,930
22858,5729337,220
22859,5729337,440
22860,5729337,50
22861,5729337,630
22862,5729337,30
22863,5729337,70
22864,5729337,140
22865,5729337,90
22866,5729337,120
22867,5729337,70
22868,5729337,60
22869,5729337,20
22870,5729337,50
22871,5729337,110
22872,5729337,500
22873,5729337,40
22874,5729337,50
22875,5729337,60
22876,5729337,10
22877,5729337,110
22878,5729337,120
22879,5729337,60
22880,5729337,30
22881,5729337,930
22882,5729337,320
22883,5729337,120
22884,5729337,40
22885,5729337,170
22886,5729337,1300
22887,5729337,10
22888,5729337,100
22889,5729337,520
22890,5729337,340
22891,5729337,500
22892,5729337,220
22893,5729337,60
22894,5729337,90
22895,5729337,40
22896,5729337,320
22897,5729337,100
22898,5729337,630
22899,5729337,170
22900,5729337,140
22901,5729337,100
22902,5729337,440
22903,5729337,60
22904,5729337,200
22905,5729337,40
22906,5729337,20
22907,5729337,220
22908,5729337,100
22909,5729337,630
22910,5729337,70
22911,5729337,420
22912,5729337,650
22913,5729337,720
22914,5729337,290
22915,5729337,90
22916,5729337,1300
22917,5729337,600
22918,5729337,90
22919,5729337,110
22920,5729337,170
22921,5729337,200
22922,5729337,50
22923,5729337,200
22924,5729337,290
22925,5729337,20
22926,5729337,80
22927,5729337,670
22928,5729337,60
22929,5729337,140
22930,5729337,150
22931,5729337,60
22932,5729337,130
22933,5729337,60
22934,5729337,20
22935,5729337,220
22936,5729337,10
22937,5729337,30
22938,5729337,120
22939,5729337,630
22940,5729337,30
22941,5729337,30
22942,5729337,30
22943,5729337,40
22944,5729337,110
22945,5729337,40
22946,5729337,190
22947,5729337,120
22948,5729337,360
22949,5729337,70
22950,5729337,170
22951,5729337,110
22952,5729337,20
22953,5729337,200
22954,5729337,160
22955,5729337,30
22956,5729337,930
22957,5729337,120
22958,5729337,30
22959,5729337,880
22960,5729337,40
22961,5729337,240
22962,5729337,270
22963,5729337,880
22964,5729337,80
22965,5729337,420
22966,5729337,170
22967,5729337,10
22968,5729337,420
22969,5729337,50
22970,5729337,30
22971,5729337,650
22972,5729337,120
22973,5729337,90
22974,5729337,120
22975,5729337,160
22976,5729337,40
22977,5729337,590
22978,5729337,1040
22979,5729337,30
22980,5729337,80
22981,5729337,80
22982,5729337,10
22983,5729337,60
22984,5729337,110
22985,5729337,80
22986,5729337,90
22987,5729337,40
22988,5729337,290
22989,5729337,60
22990,5729337,120
22991,5729337,10
22992,5729337,20
22993,5729337,150
22994,5729337,20
22995,5729337,90
22996,5729337,120
22997,5729337,90
22998,5729337,590
22999,5729337,930
23000,5729337,100
23001,5729337,20
23002,5729337,60
23003,5729337,120
23004,5729337,320
23005,5729337,880
23006,5729337,40
23007,5729337,140
23008,5729337,90
23009,5729337,420
23010,5729337,360
23011,5729337,150
23012,5729337,530
23013,5729337,10
23014,5729337,270
23015,5729337,60
23016,5729337,140
23017,5729337,60
23018,5729337,110
23019,5729337,140
23020,5729337,350
23021,5729337,90
23022,5729337,20
23023,5729337,930
23024,5729337,400
23025,5729337,90
23026,5729337,20
23027,5729337,30
23028,5729337,380
23029,5729337,50
23030,5729337,1020
23031,5729337,320
23032,5729337,270
23033,5729337,80
23034,5729337,60
23035,5729337,20
23036,5729337,270
23037,5729337,440
23038,5729337,200
23039,5729337,40
23040,5729337,50
23041,5729337,60
23042,5729337,60
23043,5729337,290
23044,5729337,1890
23045,5729337,110
23046,5729337,50
23047,5729337,110
23048,5729337,80
23049,5729337,220
23050,5729337,380
23051,5729337,40
23052,5729337,170
23053,5729337,20
23054,5729337,140
23055,5729337,50
23056,5729337,380
23057,5729337,430
23058,5729337,340
23059,5729337,170
23060,5729337,40
23061,5729337,140
23062,5729337,220
23063,5729337,20
23064,5729337,90
23065,5729337,60
23066,5729337,20
23067,5729337,90
23068,5729337,60
23069,5729337,290
23070,5729337,120
23071,5729337,940
23072,5729337,20
23073,5729337,250
23074,5729337,60
23075,5729337,20
23076,5729337,380
23077,5729337,290
23078,5729337,50
23079,5729337,230
23080,5729337,140
23081,5729337,230
23082,5729337,200
23083,5729337,60
23084,5729337,220
23085,5729337,290
23086,5729337,340
23087,5729337,150
23088,5729337,30
23089,5729337,320
23090,5729337,10
23091,5729337,90
23092,5729337,30
23093,5729337,140
23094,5729337,40
23095,5729337,90
23096,5729337,220
23097,5729337,40
23098,5729337,1300
23099,5729337,60
23100,5729337,220
23101,5729337,120
23102,5729337,70
23103,5729337,80
23104,5729337,10
23105,5729337,100
23106,5729337,220
23107,5729337,30
23108,5729337,10
23109,5729337,80
23110,5729337,80
23111,5729337,100
23112,5729337,70
23113,5729337,630
23114,5729337,40
23115,5729337,120
23116,5729337,40
23117,5729337,70
23118,5729337,30
23119,5729337,60
23120,5729337,20
23121,5729337,50
23122,5729337,460
23123,5729337,90
23124,5729337,440
23125,5729337,20
23126,5729337,90
23127,5729337,90
23128,5729337,50
23129,5729337,140
23130,5729337,110
23131,5729337,420
23132,5729337,30
23133,5729337,60
23134,5729337,20
23135,5729337,30
23136,5729337,90
23137,5729337,50
23138,5729337,340
23139,5729337,60
23140,5729337,1350
23141,5729337,140
23142,5729337,250
23143,5729337,970
23144,5729337,140
23145,5729337,1900
23146,5729337,50
23147,5729337,20
23148,5729337,50
23149,5729337,250
23150,5729337,50
23151,5729337,30
23152,5729337,120
23153,5729337,60
23154,5729337,290
23155,5729337,30
23156,5729337,140
23157,5729337,170
23158,5729337,60
23159,5729337,380
23160,5729337,40
23161,5729337,30
23162,5729337,140
23163,5729337,60
23164,5729337,320
23165,5729337,40
23166,5729337,100
23167,5729337,270
23168,5729337,190
23169,5729337,640
23170,5729337,90
23171,5729337,220
23172,5729337,90
23173,5729337,200
23174,5729337,20
23175,5729337,10
23176,5729337,20
23177,5729337,50
23178,5729337,50
23179,5729337,60
23180,5729337,220
23181,5729337,50
23182,5729337,140
23183,5729337,150
23184,5729337,400
23185,5729337,100
23186,5729337,90
23187,5729337,60
23188,5729337,1350
23189,5729337,590
23190,5729337,880
23191,5729337,290
23192,5729337,310
23193,5729337,50
23194,5729337,130
23195,5729337,140
23196,5729337,60
23197,5729337,40
23198,5729337,590
23199,5729337,30
23200,5729337,100
23201,5729337,470
23202,5729337,350
23203,5729337,170
23204,5729337,30
23205,5729337,60
23206,5729337,20
23207,5729337,170
23208,5729337,630
23209,5729337,60
23210,5729337,200
23211,5729337,40
23212,5729337,80
23213,5729337,50
23214,5729337,220
23215,5729337,50
23216,5729337,590
23217,5729337,120
23218,5729337,590
23219,5729337,1890
23220,5729337,50
23221,5729337,170
23222,5729337,140
23223,5729337,40
23224,5729337,50
23225,5729337,150
23226,5729337,200
23227,5729337,10
23228,5729337,170
23229,5729337,50
23230,5729337,20
23231,5729337,140
23232,5729337,200
23233,5729337,10
23234,5729337,400
23235,5729337,140
23236,5729337,90
23237,5729337,140
23238,5729337,140
23239,5729337,90
23240,5729337,720
23241,5729337,340
23242,5729337,220
23243,5729337,30
23244,5729337,70
23245,5729337,150
23246,5729337,10
23247,5729337,40
23248,5729337,110
23249,5729337,380
23250,5729337,100
23251,5729337,80
23252,5729337,380
23253,5729337,20
23254,5729337,60
23255,5729337,100
23256,5729337,50
23257,5729337,310
23258,5729337,30
23259,5729337,10
23260,5729337,1890
23261,5729337,30
23262,5729337,930
23263,5729337,360
23264,5729337,80
23265,5729337,30
23266,5729337,50
23267,5729337,320
23268,5729337,120
23269,5729337,40
23270,5729337,50
23271,5729337,950
23272,5729337,90
23273,5729337,160
23274,5729337,880
23275,5729337,10
23276,5729337,20
23277,5729337,360
23278,5729337,590
23279,5729337,470
23280,5729337,20
23281,5729337,880
23282,5729337,10
23283,5729337,440
23284,5729337,30
23285,5729337,40
23286,5729337,20
23287,5729337,80
23288,5729337,40
23289,5729337,140
23290,5729337,170
23291,5729337,720
23292,5729337,150
23293,5729337,110
23294,5729337,1350
23295,5729337,10
23296,5729337,420
23297,5729337,420
23298,5729337,250
23299,5729337,70
23300,5729337,230
23301,5729337,120
23302,5729337,140
23303,5729337,60
23304,5729337,140
23305,5729337,110
23306,5729337,230
23307,5729337,140
23308,5729337,230
23309,5729337,220
23310,5729337,230
23311,5729337,30
23312,5729337,1310
23313,5729337,160
23314,5729337,630
23315,5729337,930
23316,5729337,230
23317,5729337,230
23318,5729337,250
23319,5729337,170
23320,5729337,10
23321,5729337,170
23322,5729337,90
23323,5729337,270
23324,5729337,150
23325,5729337,80
23326,5729337,230
23327,5729337,320
23328,5729337,30
23329,5729337,30
23330,5729337,80
23331,5729337,420
23332,5729337,40
23333,5729337,80
23334,5729337,1300
23335,5729337,250
23336,5729337,90
23337,5729337,380
23338,5729337,220
23339,5729337,160
23340,5729337,480
23341,5729337,90
23342,5729337,70
23343,5729337,40
23344,5729337,40
23345,5729337,80
23346,5729337,80
23347,5729337,270
23348,5729337,90
23349,5729337,20
23350,5729337,40
23351,5729337,60
23352,5729337,140
23353,5729337,30
23354,5729337,290
23355,5729337,320
23356,5729337,20
23357,5729337,60
23358,5729337,90
23359,5729337,60
23360,5729337,160
23361,5729337,80
23362,5729337,20
23363,5729337,70
23364,5729337,20
23365,5729337,340
23366,5729337,130
23367,5729337,90
23368,5729337,120
23369,5729337,90
23370,5729337,1300
23371,5729337,200
23372,5729337,40
23373,5729337,220
23374,5729337,630
23375,5729337,50
23376,5729337,210
23377,5729337,190
23378,5729337,110
23379,5729337,600
23380,5729337,20
23381,5729337,140
23382,5729337,90
23383,5729337,140
23384,5729337,30
23385,5729337,940
23386,5729337,30
23387,5729337,10
23388,5729337,20
23389,5729337,50
23390,5729337,10
23391,5729337,30
23392,5729337,40
23393,5729337,250
23394,5729337,20
23395,5729337,60
23396,5729337,10
23397,5729337,200
23398,5729337,140
23399,5729337,270
23400,5729337,80
23401,5729337,150
23402,5729337,90
23403,5729337,30
23404,5729337,90
23405,5729337,290
23406,5729337,60
23407,5729337,10
23408,5729337,40
23409,5729337,880
23410,5729337,250
23411,5729337,20
23412,5729337,240
23413,5729337,140
23414,5729337,90
23415,5729337,1040
23416,5729337,50
23417,5729337,80
23418,5729337,270
23419,5729337,50
23420,5729337,650
23421,5729337,150
23422,5729337,140
23423,5729337,150
23424,5729337,20
23425,5729337,280
23426,5729337,160
23427,5729337,420
23428,5729337,60
23429,5729337,130
23430,5729337,200
23431,5729337,90
23432,5729337,50
23433,5729337,150
23434,5729337,500
23435,5729337,40
23436,5729337,230
23437,5729337,20
23438,5729337,930
23439,5729337,320
23440,5729337,650
23441,5729337,50
23442,5729337,60
23443,5729337,730
23444,5729337,420
23445,5729337,720
23446,5729337,200
23447,5729337,80
23448,5729337,100
23449,5729337,20
23450,5729337,60
23451,5729337,230
23452,5729337,30
23453,5729337,320
23454,5729337,90
23455,5729337,200
23456,5729337,10
23457,5729337,90
23458,5729337,320
23459,5729337,30
23460,5729337,40
23461,5729337,320
23462,5729337,340
23463,5729337,30
23464,5729337,10
23465,5729337,70
23466,5729337,90
23467,5729337,340
23468,5729337,150
23469,5729337,60
23470,5729337,240
23471,5729337,170
23472,5729337,60
23473,5729337,40
23474,5729337,60
23475,5729337,1300
23476,5729337,140
23477,5729337,30
23478,5729337,220
23479,5729337,340
23480,5729337,140
23481,5729337,270
23482,5729337,500
23483,5729337,140
23484,5729337,40
23485,5729337,60
23486,5729337,170
23487,5729337,290
23488,5729337,40
23489,5729337,60
23490,5729337,30
23491,5729337,100
23492,5729337,90
23493,5729337,70
23494,5729337,30
23495,5729337,20
23496,5729337,880
23497,5729337,60
23498,5729337,650
23499,5729337,470
23500,5729337,10
23501,5729337,120
23502,5729337,220
23503,5729337,230
23504,5729337,220
23505,5729337,590
23506,5729337,300
23507,5729337,140
23508,5729337,40
23509,5729337,170
23510,5729337,90
23511,5729337,160
23512,5729337,90
23513,5729337,100
23514,5729337,60
23515,5729337,500
23516,5729337,230
23517,5729337,80
23518,5729337,930
23519,5729337,40
23520,5729337,60
23521,5729337,10
23522,5729337,170
23523,5729337,450
23524,5729337,40
23525,5729337,240
23526,5729337,290
23527,5729337,20
23528,5729337,30
23529,5729337,420
23530,5729337,70
23531,5729337,60
23532,5729337,20
23533,5729337,290
23534,5729337,140
23535,5729337,40
23536,5729337,100
23537,5729337,200
23538,5729337,640
23539,5729337,30
23540,5729337,30
23541,5729337,200
23542,5729337,40
23543,5729337,30
23544,5729337,220
23545,5729337,60
23546,5729337,140
23547,5729337,20
23548,5729337,140
23549,5729337,90
23550,5729337,60
23551,5729337,430
23552,5729337,60
23553,5729337,90
23554,5729337,440
23555,5729337,50
23556,5729337,460
23557,5729337,250
23558,5729337,60
23559,5729337,1300
23560,5729337,130
23561,5729337,60
23562,5729337,10
23563,5729337,60
23564,5729337,10
23565,5729337,170
23566,5729337,470
23567,5729337,220
23568,5729337,70
23569,5729337,200
23570,5729337,160
23571,5729337,70
23572,5729337,420
23573,5729337,590
23574,5729337,200
23575,5729337,150
23576,5729337,230
23577,5729337,140
23578,5729337,60
23579,5729337,220
23580,5729337,120
23581,5729337,200
23582,5729337,60
23583,5729337,110
23584,5729337,30
23585,5729337,50
23586,5729337,340
23587,5729337,60
23588,5729337,300
23589,5729337,120
23590,5729337,20
23591,5729337,80
23592,5729337,90
23593,5729337,270
23594,5729337,40
23595,5729337,70
23596,5729337,60
23597,5729337,630
23598,5729337,320
23599,5729337,650
23600,5729337,300
23601,5729337,240
23602,5729337,40
23603,5729337,100
23604,5729337,130
23605,5729337,220
23606,5729337,170
23607,5729337,90
23608,5729337,90
23609,5729337,190
23610,5729337,200
23611,5729337,50
23612,5729337,340
23613,5729337,90
23614,5729337,590
23615,5729337,90
23616,5729337,150
23617,5729337,60
23618,5729337,70
23619,5729337,170
23620,5729337,310
23621,5729337,80
23622,5729337,160
23623,5729337,290
23624,5729337,170
23625,5729337,20
23626,5729337,210
23627,5729337,90
23628,5729337,530
23629,5729337,340
23630,5729337,60
23631,5729337,110
23632,5729337,20
23633,5729337,40
23634,5729337,30
23635,5729337,110
23636,5729337,80
23637,5729337,680
23638,5729337,20
23639,5729337,110
23640,5729337,70
23641,5729337,30
23642,5729337,500
23643,5729337,40
23644,5729337,30
23645,5729337,320
23646,5729337,60
23647,5729337,50
23648,5729337,60
23649,5729337,60
23650,5729337,140
23651,5729337,40
23652,5729337,20
23653,5729337,90
23654,5729337,50
23655,5729337,90
23656,5729337,50
23657,5729337,40
23658,5729337,60
23659,5729337,60
23660,5729337,30
23661,5729337,220
23662,5729337,160
23663,5729337,650
23664,5729337,90
23665,5729337,120
23666,5729337,320
23667,5729337,120
23668,5729337,10
23669,5729337,10
23670,5729337,220
23671,5729337,220
23672,5729337,130
23673,5729337,120
23674,5729337,90
23675,5729337,320
23676,5729337,50
23677,5729337,30
23678,5729337,40
23679,5729337,20
23680,5729337,930
23681,5729337,230
23682,5729337,150
23683,5729337,50
23684,5729337,120
23685,5729337,100
23686,5729337,50
23687,5729337,130
23688,5729337,140
23689,5729337,30
23690,5729337,640
23691,5729337,80
23692,5729337,30
23693,5729337,90
23694,5729337,30
23695,5729337,50
23696,5729337,440
23697,5729337,50
23698,5729337,40
23699,5729337,70
23700,5729337,80
23701,5729337,140
23702,5729337,10
23703,5729337,340
23704,5729337,20
23705,5729337,170
23706,5729337,630
23707,5729337,170
23708,5729337,160
23709,5729337,10
23710,5729337,470
23711,5729337,940
23712,5729337,20
23713,5729337,290
23714,5729337,140
23715,5729337,20
23716,5729337,120
23717,5729337,20
23718,5729337,880
23719,5729337,250
23720,5729337,420
23721,5729337,40
23722,5729337,220
23723,5729337,140
23724,5729337,30
23725,5729337,50
23726,5729337,350
23727,5729337,10
23728,5729337,340
23729,5729337,90
23730,5729337,120
23731,5729337,40
23732,5729337,50
23733,5729337,190
23734,5729337,10
23735,5729337,10
23736,5729337,40
23737,5729337,470
23738,5729337,120
23739,5729337,90
23740,5729337,680
23741,5729337,320
23742,5729337,30
23743,5729337,360
23744,5729337,110
23745,5729337,50
23746,5729337,40
23747,5729337,60
23748,5729337,110
23749,5729337,20
23750,5729337,440
23751,5729337,20
23752,5729337,880
23753,5729337,570
23754,5729337,90
23755,5729337,60
23756,5729337,200
23757,5729337,40
23758,5729337,70
23759,5729337,50
23760,5729337,20
23761,5729337,340
23762,5729337,70
23763,5729337,340
23764,5729337,440
23765,5729337,160
23766,5729337,50
23767,5729337,240
23768,5729337,50
23769,5729337,40
23770,5729337,60
23771,5729337,20
23772,5729337,50
23773,5729337,200
23774,5729337,40
23775,5729337,90
23776,5729337,90
23777,5729337,340
23778,5729337,130
23779,5729337,500
23780,5729337,40
23781,5729337,590
23782,5729337,30
23783,5729337,100
23784,5729337,140
23785,5729337,450
23786,5729337,140
23787,5729337,20
23788,5729337,40
23789,5729337,20
23790,5729337,590
23791,5729337,60
23792,5729337,140
23793,5729337,80
23794,5729337,90
23795,5729337,160
23796,5729337,90
23797,5729337,150
23798,5729337,120
23799,5729337,130
23800,5729337,60
23801,5729337,320
23802,5729337,100
23803,5729337,270
23804,5729337,40
23805,5729337,20
23806,5729337,170
23807,5729337,340
23808,5729337,930
23809,5729337,590
23810,5729337,200
23811,5729337,140
23812,5729337,420
23813,5729337,650
23814,5729337,720
23815,5729337,120
23816,5729337,30
23817,5729337,90
23818,5729337,500
23819,5729337,290
23820,5729337,200
23821,5729337,590
23822,5729337,420
23823,5729337,220
23824,5729337,250
23825,5729337,90
23826,5729337,60
23827,5729337,20
23828,5729337,30
23829,5729337,170
23830,5729337,40
23831,5729337,170
23832,5729337,230
23833,5729337,190
23834,5729337,450
23835,5729337,60
23836,5729337,60
23837,5729337,140
23838,5729337,10
23839,5729337,120
23840,5729337,120
23841,5729337,90
23842,5729337,160
23843,5729337,70
23844,5729337,140
23845,5729337,30
23846,5729337,70
23847,5729337,30
23848,5729337,30
23849,5729337,130
23850,5729337,100
23851,5729337,90
23852,5729337,170
23853,5729337,200
23854,5729337,50
23855,5729337,170
23856,5729337,20
23857,5729337,100
23858,5729337,220
23859,5729337,420
23860,5729337,90
23861,5729337,70
23862,5729337,80
23863,5729337,30
23864,5729337,40
23865,5729337,140
23866,5729337,360
23867,5729337,10
23868,5729337,290
23869,5729337,940
23870,5729337,290
23871,5729337,20
23872,5729337,40
23873,5729337,90
23874,5729337,630
23875,5729337,10
23876,5729337,80
23877,5729337,170
23878,5729337,20
23879,5729337,30
23880,5729337,220
23881,5729337,20
23882,5729337,10
23883,5729337,500
23884,5729337,120
23885,5729337,50
23886,5729337,120
23887,5729337,40
23888,5729337,250
23889,5729337,20
23890,5729337,120
23891,5729337,140
23892,5729337,230
23893,5729337,110
23894,5729337,20
23895,5729337,30
23896,5729337,90
23897,5729337,140
23898,5729337,50
23899,5729337,110
23900,5729337,290
23901,5729337,30
23902,5729337,160
23903,5729337,650
23904,5729337,20
23905,5729337,30
23906,5729337,150
23907,5729337,120
23908,5729337,220
23909,5729337,120
23910,5729337,60
23911,5729337,30
23912,5729337,60
23913,5729337,50
23914,5729337,90
23915,5729337,200
23916,5729337,290
23917,5729337,10
23918,5729337,140
23919,5729337,10
23920,5729337,120
23921,5729337,60
23922,5729337,30
23923,5729337,120
23924,5729337,660
23925,5729337,150
23926,5729337,150
23927,5729337,60
23928,5729337,880
23929,5729337,500
23930,5729337,100
23931,5729337,230
23932,5729337,10
23933,5729337,20
23934,5729337,90
23935,5729337,1350
23936,5729337,170
23937,5729337,250
23938,5729337,240
23939,5729337,320
23940,5729337,60
23941,5729337,120
23942,5729337,70
23943,5729337,60
23944,5729337,130
23945,5729337,20
23946,5729337,320
23947,5729337,220
23948,5729337,220
23949,5729337,60
23950,5729337,50
23951,5729337,640
23952,5729337,650
23953,5729337,100
23954,5729337,900
23955,5729337,30
23956,5729337,180
23957,5729337,60
23958,5729337,50
23959,5729337,50
23960,5729337,40
23961,5729337,60
23962,5729337,60
23963,5729337,30
23964,5729337,60
23965,5729337,120
23966,5729337,100
23967,5729337,40
23968,5729337,50
23969,5729337,20
23970,5729337,190
23971,5729337,500
23972,5729337,120
23973,5729337,70
23974,5729337,230
23975,5729337,10
23976,5729337,1300
23977,5729337,110
23978,5729337,50
23979,5729337,20
23980,5729337,630
23981,5729337,100
23982,5729337,40
23983,5729337,10
23984,5729337,200
23985,5729337,100
23986,5729337,60
23987,5729337,120
23988,5729337,520
23989,5729337,120
23990,5729337,70
23991,5729337,630
23992,5729337,60
23993,5729337,30
23994,5729337,140
23995,5729337,140
23996,5729337,70
23997,5729337,90
23998,5729337,270
23999,5729337,100
24000,5729337,90
24001,5729337,510
24002,5729337,650
24003,5729337,10
24004,5729337,60
24005,5729337,60
24006,5729337,250
24007,5729337,70
24008,5729337,50
24009,5729337,40
24010,5729337,30
24011,5729337,50
24012,5729337,220
24013,5729337,60
24014,5729337,250
24015,5729337,150
24016,5729337,30
24017,5729337,40
24018,5729337,440
24019,5729337,150
24020,5729337,340
24021,5729337,10
24022,5729337,110
24023,5729337,420
24024,5729337,190
24025,5729337,60
24026,5729337,60
24027,5729337,20
24028,5729337,80
24029,5729337,140
24030,5729337,70
24031,5729337,470
24032,5729337,90
24033,5729337,60
24034,5729337,1300
24035,5729337,30
24036,5729337,50
24037,5729337,390
24038,5729337,40
24039,5729337,50
24040,5729337,230
24041,5729337,90
24042,5729337,360
24043,5729337,140
24044,5729337,90
24045,5729337,10
24046,5729337,60
24047,5729337,140
24048,5729337,1300
24049,5729337,60
24050,5729337,120
24051,5729337,140
24052,5729337,100
24053,5729337,90
24054,5729337,60
24055,5729337,10
24056,5729337,90
24057,5729337,360
24058,5729337,30
24059,5729337,440
24060,5729337,40
24061,5729337,40
24062,5729337,220
24063,5729337,630
24064,5729337,200
24065,5729337,160
24066,5729337,40
24067,5729337,1300
24068,5729337,40
24069,5729337,140
24070,5729337,50
24071,5729337,200
24072,5729337,30
24073,5729337,930
24074,5729337,130
24075,5729337,500
24076,5729337,130
24077,5729337,60
24078,5729337,140
24079,5729337,290
24080,5729337,190
24081,5729337,90
24082,5729337,320
24083,5729337,270
24084,5729337,90
24085,5729337,30
24086,5729337,220
24087,5729337,20
24088,5729337,20
24089,5729337,20
24090,5729337,230
24091,5729337,420
24092,5729337,110
24093,5729337,500
24094,5729337,80
24095,5729337,200
24096,5729337,420
24097,5729337,940
24098,5729337,50
24099,5729337,90
24100,5729337,20
24101,5729337,170
24102,5729337,720
24103,5729337,260
24104,5729337,930
24105,5729337,140
24106,5729337,360
24107,5729337,220
24108,5729337,650
24109,5729337,190
24110,5729337,40
24111,5729337,120
24112,5729337,30
24113,5729337,90
24114,5729337,30
24115,5729337,930
24116,5729337,20
24117,5729337,320
24118,5729337,120
24119,5729337,20
24120,5729337,80
24121,5729337,60
24122,5729337,20
24123,5729337,2850
24124,5729337,170
24125,5729337,160
24126,5729337,140
24127,5729337,380
24128,5729337,160
24129,5729337,80
24130,5729337,160
24131,5729337,1040
24132,5729337,50
24133,5729337,170
24134,5729337,140
24135,5729337,1300
24136,5729337,60
24137,5729337,90
24138,5729337,140
24139,5729337,30
24140,5729337,420
24141,5729337,20
24142,5729337,20
24143,5729337,320
24144,5729337,30
24145,5729337,140
24146,5729337,20
24147,5729337,90
24148,5729337,120
24149,5729337,110
24150,5729337,80
24151,5729337,10
24152,5729337,50
24153,5729337,20
24154,5729337,220
24155,5729337,140
24156,5729337,200
24157,5729337,140
24158,5729337,150
24159,5729337,60
24160,5729337,140
24161,5729337,280
24162,5729337,170
24163,5729337,250
24164,5729337,290
24165,5729337,230
24166,5729337,290
24167,5729337,60
24168,5729337,50
24169,5729337,110
24170,5729337,10
24171,5729337,60
24172,5729337,90
24173,5729337,20
24174,5729337,50
24175,5729337,30
24176,5729337,320
24177,5729337,110
24178,5729337,100
24179,5729337,170
24180,5729337,140
24181,5729337,160
24182,5729337,1300
24183,5729337,50
24184,5729337,190
24185,5729337,50
24186,5729337,30
24187,5729337,30
24188,5729337,270
24189,5729337,130
24190,5729337,100
24191,5729337,10
24192,5729337,50
24193,5729337,190
24194,5729337,20
24195,5729337,50
24196,5729337,130
24197,5729337,130
24198,5729337,90
24199,5729337,60
24200,5729337,140
24201,5729337,60
24202,5729337,160
24203,5729337,1350
24204,5729337,50
24205,5729337,20
24206,5729337,170
24207,5729337,130
24208,5729337,590
24209,5729337,100
24210,5729337,200
24211,5729337,140
24212,5729337,140
24213,5729337,200
24214,5729337,90
24215,5729337,120
24216,5729337,160
24217,5729337,150
24218,5729337,60
24219,5729337,270
24220,5729337,140
24221,5729337,250
24222,5729337,570
24223,5729337,50
24224,5729337,100
24225,5729337,30
24226,5729337,40
24227,5729337,130
24228,5729337,70
24229,5729337,50
24230,5729337,20
24231,5729337,60
24232,5729337,120
24233,5729337,140
24234,5729337,60
24235,5729337,50
24236,5729337,10
24237,5729337,980
24238,5729337,20
24239,5729337,220
24240,5729337,430
24241,5729337,80
24242,5729337,60
24243,5729337,160
24244,5729337,110
24245,5729337,270
24246,5729337,50
24247,5729337,230
24248,5729337,250
24249,5729337,220
24250,5729337,90
24251,5729337,20
24252,5729337,120
24253,5729337,220
24254,5729337,190
24255,5729337,150
24256,5729337,50
24257,5729337,30
24258,5729337,270
24259,5729337,140
24260,5729337,110
24261,5729337,60
24262,5729337,90
24263,5729337,950
24264,5729337,10
24265,5729337,230
24266,5729337,150
24267,5729337,20
24268,5729337,50
24269,5729337,570
24270,5729337,120
24271,5729337,80
24272,5729337,50
24273,5729337,90
24274,5729337,70
24275,5729337,100
24276,5729337,360
24277,5729337,630
24278,5729337,20
24279,5729337,150
24280,5729337,60
24281,5729337,60
24282,5729337,440
24283,5729337,20
24284,5729337,220
24285,5729337,20
24286,5729337,60
24287,5729337,100
24288,5729337,250
24289,5729337,720
24290,5729337,20
24291,5729337,70
24292,5729337,170
24293,5729337,60
24294,5729337,100
24295,5729337,140
24296,5729337,110
24297,5729337,30
24298,5729337,90
24299,5729337,100
24300,5729337,360
24301,5729337,40
24302,5729337,100
24303,5729337,170
24304,5729337,50
24305,5729337,200
24306,5729337,290
24307,5729337,230
24308,5729337,270
24309,5729337,120
24310,5729337,30
24311,5729337,40
24312,5729337,290
24313,5729337,630
24314,5729337,50
24315,5729337,130
24316,5729337,320
24317,5729337,50
24318,5729337,100
24319,5729337,90
24320,5729337,220
24321,5729337,90
24322,5729337,500
24323,5729337,170
24324,5729337,60
24325,5729337,130
24326,5729337,500
24327,5729337,90
24328,5729337,30
24329,5729337,140
24330,5729337,60
24331,5729337,250
24332,5729337,500
24333,5729337,650
24334,5729337,840
24335,5729337,10
24336,5729337,160
24337,5729337,190
24338,5729337,40
24339,5729337,90
24340,5729337,30
24341,5729337,230
24342,5729337,80
24343,5729337,20
24344,5729337,120
24345,5729337,250
24346,5729337,50
24347,5729337,80
24348,5729337,160
24349,5729337,170
24350,5729337,60
24351,5729337,880
24352,5729337,100
24353,5729337,60
24354,5729337,500
24355,5729337,290
24356,5729337,420
24357,5729337,90
24358,5729337,670
24359,5729337,100
24360,5729337,50
24361,5729337,90
24362,5729337,40
24363,5729337,110
24364,5729337,390
24365,5729337,1110
24366,5729337,140
24367,5729337,440
24368,5729337,60
24369,5729337,50
24370,5729337,50
24371,5729337,420
24372,5729337,270
24373,5729337,60
24374,5729337,60
24375,5729337,420
24376,5729337,20
24377,5729337,170
24378,5729337,20
24379,5729337,20
24380,5729337,20
24381,5729337,630
24382,5729337,650
24383,5729337,70
24384,5729337,340
24385,5729337,880
24386,5729337,470
24387,5729337,60
24388,5729337,20
24389,5729337,150
24390,5729337,100
24391,5729337,470
24392,5729337,110
24393,5729337,200
24394,5729337,60
24395,5729337,80
24396,5729337,10
24397,5729337,70
24398,5729337,80
24399,5729337,40
24400,5729337,20
24401,5729337,500
24402,5729337,30
24403,5729337,190
24404,5729337,140
24405,5729337,930
24406,5729337,40
24407,5729337,100
24408,5729337,170
24409,5729337,950
24410,5729337,50
24411,5729337,20
24412,5729337,110
24413,5729337,30
24414,5729337,720
24415,5729337,930
24416,5729337,90
24417,5729337,140
24418,5729337,1300
24419,5729337,140
24420,5729337,90
24421,5729337,60
24422,5729337,270
24423,5729337,160
24424,5729337,40
24425,5729337,50
24426,5729337,1300
24427,5729337,40
24428,5729337,80
24429,5729337,150
24430,5729337,20
24431,5729337,50
24432,5729337,40
24433,5729337,160
24434,5729337,90
24435,5729337,60
24436,5729337,190
24437,5729337,1300
24438,5729337,60
24439,5729337,150
24440,5729337,30
24441,5729337,40
24442,5729337,20
24443,5729337,90
24444,5729337,30
24445,5729337,100
24446,5729337,20
24447,5729337,90
24448,5729337,110
24449,5729337,140
24450,5729337,340
24451,5729337,40
24452,5729337,60
24453,5729337,30
24454,5729337,70
24455,5729337,110
24456,5729337,20
24457,5729337,30
24458,5729337,160
24459,5729337,110
24460,5729337,100
24461,5729337,630
24462,5729337,140
24463,5729337,190
24464,5729337,90
24465,5729337,220
24466,5729337,20
24467,5729337,80
24468,5729337,110
24469,5729337,20
24470,5729337,290
24471,5729337,160
24472,5729337,30
24473,5729337,90
24474,5729337,40
24475,5729337,20
24476,5729337,200
24477,5729337,250
24478,5729337,20
24479,5729337,120
24480,5729337,30
24481,5729337,50
24482,5729337,930
24483,5729337,90
24484,5729337,100
24485,5729337,220
24486,5729337,420
24487,5729337,630
24488,5729337,220
24489,5729337,160
24490,5729337,360
24491,5729337,20
24492,5729337,20
24493,5729337,120
24494,5729337,220
24495,5729337,60
24496,5729337,50
24497,5729337,10
24498,5729337,250
24499,5729337,440
24500,5729337,30
24501,5729337,100
24502,5729337,220
24503,5729337,90
24504,5729337,20
24505,5729337,60
24506,5729337,90
24507,5729337,270
24508,5729337,320
24509,5729337,60
24510,5729337,500
24511,5729337,10
24512,5729337,240
24513,5729337,220
24514,5729337,90
24515,5729337,70
24516,5729337,40
24517,5729337,30
24518,5729337,950
24519,5729337,230
24520,5729337,190
24521,5729337,90
24522,5729337,30
24523,5729337,30
24524,5729337,480
24525,5729337,320
24526,5729337,90
24527,5729337,40
24528,5729337,230
24529,5729337,80
24530,5729337,60
24531,5729337,420
24532,5729337,10
24533,5729337,100
24534,5729337,140
24535,5729337,270
24536,5729337,220
24537,5729337,330
24538,5729337,250
24539,5729337,120
24540,5729337,60
24541,5729337,140
24542,5729337,170
24543,5729337,10
24544,5729337,130
24545,5729337,50
24546,5729337,50
24547,5729337,140
24548,5729337,500
24549,5729337,40
24550,5729337,270
24551,5729337,200
24552,5729337,30
24553,5729337,50
24554,5729337,200
24555,5729337,220
24556,5729337,340
24557,5729337,650
24558,5729337,180
24559,5729337,90
24560,5729337,20
24561,5729337,70
24562,5729337,130
24563,5729337,120
24564,5729337,10
24565,5729337,60
24566,5729337,70
24567,5729337,110
24568,5729337,120
24569,5729337,650
24570,5729337,250
24571,5729337,630
24572,5729337,100
24573,5729337,440
24574,5729337,30
24575,5729337,290
24576,5729337,20
24577,5729337,650
24578,5729337,60
24579,5729337,40
24580,5729337,130
24581,5729337,290
24582,5729337,200
24583,5729337,70
24584,5729337,90
24585,5729337,220
24586,5729337,470
24587,5729337,360
24588,5729337,30
24589,5729337,50
24590,5729337,40
24591,5729337,380
24592,5729337,40
24593,5729337,80
24594,5729337,10
24595,5729337,20
24596,5729337,340
24597,5729337,140
24598,5729337,40
24599,5729337,50
24600,5729337,250
24601,5729337,140
24602,5729337,140
24603,5729337,80
24604,5729337,50
24605,5729337,110
24606,5729337,40
24607,5729337,40
24608,5729337,40
24609,5729337,120
24610,5729337,60
24611,5729337,90
24612,5729337,110
24613,5729337,120
24614,5729337,40
24615,5729337,40
24616,5729337,30
24617,5729337,90
24618,5729337,500
24619,5729337,60
24620,5729337,200
24621,5729337,140
24622,5729337,120
24623,5729337,120
24624,5729337,1040
24625,5729337,90
24626,5729337,930
24627,5729337,70
24628,5729337,120
24629,5729337,140
24630,5729337,940
24631,5729337,150
24632,5729337,620
24633,5729337,40
24634,5729337,930
24635,5729337,320
24636,5729337,160
24637,5729337,60
24638,5729337,880
24639,5729337,150
24640,5729337,40
24641,5729337,50
24642,5729337,90
24643,5729337,40
24644,5729337,170
24645,5729337,140
24646,5729337,170
24647,5729337,30
24648,5729337,60
24649,5729337,160
24650,5729337,30
24651,5729337,40
24652,5729337,440
24653,5729337,10
24654,5729337,190
24655,5729337,50
24656,5729337,650
24657,5729337,120
24658,5729337,80
24659,5729337,60
24660,5729337,940
24661,5729337,140
24662,5729337,900
24663,5729337,290
24664,5729337,290
24665,5729337,1890
24666,5729337,40
24667,5729337,200
24668,5729337,250
24669,5729337,220
24670,5729337,320
24671,5729337,200
24672,5729337,80
24673,5729337,80
24674,5729337,20
24675,5729337,160
24676,5729337,100
24677,5729337,50
24678,5729337,50
24679,5729337,90
24680,5729337,700
24681,5729337,100
24682,5729337,70
24683,5729337,140
24684,5729337,40
24685,5729337,30
24686,5729337,10
24687,5729337,90
24688,5729337,130
24689,5729337,290
24690,5729337,170
24691,5729337,30
24692,5729337,140
24693,5729337,40
24694,5729337,140
24695,5729337,110
24696,5729337,250
24697,5729337,50
24698,5729337,60
24699,5729337,10
24700,5729337,340
24701,5729337,50
24702,5729337,220
24703,5729337,40
24704,5729337,60
24705,5729337,60
24706,5729337,60
24707,5729337,30
24708,5729337,80
24709,5729337,80
24710,5729337,270
24711,5729337,150
24712,5729337,940
24713,5729337,20
24714,5729337,70
24715,5729337,100
24716,5729337,140
24717,5729337,20
24718,5729337,100
24719,5729337,630
24720,5729337,40
24721,5729337,20
24722,5729337,200
24723,5729337,30
24724,5729337,50
24725,5729337,630
24726,5729337,320
24727,5729337,90
24728,5729337,150
24729,5729337,220
24730,5729337,60
24731,5729337,80
24732,5729337,420
24733,5729337,30
24734,5729337,30
24735,5729337,10
24736,5729337,10
24737,5729337,30
24738,5729337,200
24739,5729337,70
24740,5729337,60
24741,5729337,50
24742,5729337,20
24743,5729337,50
24744,5729337,20
24745,5729337,60
24746,5729337,120
24747,5729337,60
24748,5729337,90
24749,5729337,290
24750,5729337,290
24751,5729337,290
24752,5729337,380
24753,5729337,650
24754,5729337,80
24755,5729337,20
24756,5729337,70
24757,5729337,120
24758,5729337,60
24759,5729337,20
24760,5729337,170
24761,5729337,20
24762,5729337,20
24763,5729337,160
24764,5729337,60
24765,5729337,90
24766,5729337,250
24767,5729337,30
24768,5729337,290
24769,5729337,40
24770,5729337,50
24771,5729337,60
24772,5729337,930
24773,5729337,40
24774,5729337,1300
24775,5729337,70
24776,5729337,50
24777,5729337,110
24778,5729337,120
24779,5729337,90
24780,5729337,90
24781,5729337,60
24782,5729337,590
24783,5729337,220
24784,5729337,140
24785,5729337,50
24786,5729337,40
24787,5729337,150
24788,5729337,50
24789,5729337,270
24790,5729337,630
24791,5729337,500
24792,5729337,380
24793,5729337,60
24794,5729337,40
24795,5729337,30
24796,5729337,90
24797,5729337,20
24798,5729337,270
24799,5729337,130
24800,5729337,420
24801,5729337,160
24802,5729337,120
24803,5729337,120
24804,5729337,170
24805,5729337,80
24806,5729337,10
24807,5729337,110
24808,5729337,130
24809,5729337,100
24810,5729337,160
24811,5729337,100
24812,5729337,90
24813,5729337,40
24814,5729337,30
24815,5729337,130
24816,5729337,20
24817,5729337,50
24818,5729337,220
24819,5729337,60
24820,5729337,30
24821,5729337,50
24822,5729337,40
24823,5729337,180
24824,5729337,100
24825,5729337,1320
24826,5729337,50
24827,5729337,140
24828,5729337,1350
24829,5729337,160
24830,5729337,1890
24831,5729337,150
24832,5729337,100
24833,5729337,20
24834,5729337,220
24835,5729337,50
24836,5729337,140
24837,5729337,230
24838,5729337,220
24839,5729337,20
24840,5729337,40
24841,5729337,70
24842,5729337,930
24843,5729337,100
24844,5729337,940
24845,5729337,80
24846,5729337,50
24847,5729337,930
24848,5729337,930
24849,5729337,1310
24850,5729337,200
24851,5729337,10
24852,5729337,60
24853,5729337,930
24854,5729337,40
24855,5729337,160
24856,5729337,290
24857,5729337,50
24858,5729337,40
24859,5729337,90
24860,5729337,50
24861,5729337,60
24862,5729337,160
24863,5729337,190
24864,5729337,60
24865,5729337,680
24866,5729337,30
24867,5729337,160
24868,5729337,170
24869,5729337,100
24870,5729337,90
24871,5729337,290
24872,5729337,320
24873,5729337,120
24874,5729337,10
24875,5729337,420
24876,5729337,10
24877,5729337,140
24878,5729337,160
24879,5729337,30
24880,5729337,30
24881,5729337,270
24882,5729337,630
24883,5729337,20
24884,5729337,630
24885,5729337,110
24886,5729337,30
24887,5729337,160
24888,5729337,140
24889,5729337,150
24890,5729337,650
24891,5729337,120
24892,5729337,30
24893,5729337,90
24894,5729337,20
24895,5729337,170
24896,5729337,50
24897,5729337,750
24898,5729337,30
24899,5729337,160
24900,5729337,230
24901,5729337,150
24902,5729337,60
24903,5729337,160
24904,5729337,40
24905,5729337,290
24906,5729337,630
24907,5729337,90
24908,5729337,1350
24909,5729337,60
24910,5729337,380
24911,5729337,20
24912,5729337,930
24913,5729337,30
24914,5729337,60
24915,5729337,630
24916,5729337,120
24917,5729337,100
24918,5729337,1300
24919,5729337,630
24920,5729337,220
24921,5729337,50
24922,5729337,120
24923,5729337,930
24924,5729337,90
24925,5729337,170
24926,5729337,40
24927,5729337,90
24928,5729337,1320
24929,5729337,1300
24930,5729337,90
24931,5729337,60
24932,5729337,190
24933,5729337,440
24934,5729337,650
24935,5729337,160
24936,5729337,100
24937,5729337,150
24938,5729337,90
24939,5729337,20
24940,5729337,60
24941,5729337,90
24942,5729337,170
24943,5729337,30
24944,5729337,30
24945,5729337,40
24946,5729337,90
24947,5729337,100
24948,5729337,70
24949,5729337,60
24950,5729337,30
24951,5729337,60
24952,5729337,80
24953,5729337,230
24954,5729337,140
24955,5729337,70
24956,5729337,650
24957,5729337,60
24958,5729337,120
24959,5729337,60
24960,5729337,500
24961,5729337,60
24962,5729337,160
24963,5729337,120
24964,5729337,290
24965,5729337,70
24966,5729337,60
24967,5729337,160
24968,5729337,720
24969,5729337,30
24970,5729337,100
24971,5729337,140
24972,5729337,50
24973,5729337,40
24974,5729337,590
24975,5729337,100
24976,5729337,1370
24977,5729337,90
24978,5729337,380
24979,5729337,110
24980,5729337,160
24981,5729337,20
24982,5729337,200
24983,5729337,40
24984,5729337,160
24985,5729337,140
24986,5729337,360
24987,5729337,70
24988,5729337,50
24989,5729337,140
24990,5729337,100
24991,5729337,190
24992,5729337,290
24993,5729337,60
24994,5729337,100
24995,5729337,30
24996,5729337,60
24997,5729337,90
24998,5729337,230
24999,5729337,230
25000,5729337,40
25001,5729337,130
25002,5729337,460
25003,5729337,120
25004,5729337,40
25005,5729337,40
25006,5729337,70
25007,5729337,30
25008,5729337,100
25009,5729337,120
25010,5729337,130
25011,5729337,40
25012,5729337,1300
25013,5729337,50
25014,5729337,340
25015,5729337,20
25016,5729337,30
25017,5729337,280
25018,5729337,40
25019,5729337,50
25020,5729337,190
25021,5729337,120
25022,5729337,50
25023,5729337,140
25024,5729337,110
25025,5729337,20
25026,5729337,140
25027,5729337,80
25028,5729337,60
25029,5729337,90
25030,5729337,40
25031,5729337,60
25032,5729337,40
25033,5729337,90
25034,5729337,50
25035,5729337,670
25036,5729337,30
25037,5729337,90
25038,5729337,40
25039,5729337,80
25040,5729337,60
25041,5729337,630
25042,5729337,90
25043,5729337,110
25044,5729337,70
25045,5729337,420
25046,5729337,40
25047,5729337,180
25048,5729337,170
25049,5729337,30
25050,5729337,420
25051,5729337,30
25052,5729337,20
25053,5729337,880
25054,5729337,170
25055,5729337,60
25056,5729337,270
25057,5729337,400
25058,5729337,140
25059,5729337,940
25060,5729337,90
25061,5729337,650
25062,5729337,590
25063,5729337,70
25064,5729337,420
25065,5729337,30
25066,5729337,120
25067,5729337,170
25068,5729337,320
25069,5729337,20
25070,5729337,30
25071,5729337,100
25072,5729337,440
25073,5729337,20
25074,5729337,50
25075,5729337,620
25076,5729337,170
25077,5729337,70
25078,5729337,60
25079,5729337,200
25080,5729337,200
25081,5729337,20
25082,5729337,160
25083,5729337,340
25084,5729337,40
25085,5729337,40
25086,5729337,100
25087,5729337,270
25088,5729337,20
25089,5729337,160
25090,5729337,40
25091,5729337,880
25092,5729337,1890
25093,5729337,290
25094,5729337,30
25095,5729337,220
25096,5729337,140
25097,5729337,30
25098,5729337,80
25099,5729337,80
25100,5729337,60
25101,5729337,10
25102,5729337,30
25103,5729337,60
25104,5729337,230
25105,5729337,50
25106,5729337,10
25107,5729337,30
25108,5729337,110
25109,5729337,130
25110,5729337,160
25111,5729337,130
25112,5729337,70
25113,5729337,190
25114,5729337,1300
25115,5729337,80
25116,5729337,40
25117,5729337,150
25118,5729337,20
25119,5729337,10
25120,5729337,180
25121,5729337,40
25122,5729337,350
25123,5729337,630
25124,5729337,10
25125,5729337,120
25126,5729337,270
25127,5729337,270
25128,5729337,220
25129,5729337,60
25130,5729337,60
25131,5729337,190
25132,5729337,140
25133,5729337,30
25134,5729337,60
25135,5729337,50
25136,5729337,80
25137,5729337,30
25138,5729337,360
25139,5729337,20
25140,5729337,60
25141,5729337,170
25142,5729337,500
25143,5729337,100
25144,5729337,140
25145,5729337,150
25146,5729337,60
25147,5729337,110
25148,5729337,10
25149,5729337,290
25150,5729337,50
25151,5729337,270
25152,5729337,190
25153,5729337,140
25154,5729337,40
25155,5729337,40
25156,5729337,120
25157,5729337,50
25158,5729337,20
25159,5729337,520
25160,5729337,110
25161,5729337,40
25162,5729337,290
25163,5729337,60
25164,5729337,20
25165,5729337,60
25166,5729337,90
25167,5729337,220
25168,5729337,90
25169,5729337,120
25170,5729337,10
25171,5729337,70
25172,5729337,10
25173,5729337,120
25174,5729337,160
25175,5729337,240
25176,5729337,10
25177,5729337,30
25178,5729337,220
25179,5729337,20
25180,5729337,190
25181,5729337,20
25182,5729337,120
25183,5729337,60
25184,5729337,10
25185,5729337,500
25186,5729337,30
25187,5729337,500
25188,5729337,160
25189,5729337,120
25190,5729337,360
25191,5729337,220
25192,5729337,50
25193,5729337,60
25194,5729337,290
25195,5729337,250
25196,5729337,90
25197,5729337,100
25198,5729337,60
25199,5729337,150
25200,5729337,60
25201,5729337,100
25202,5729337,290
25203,5729337,440
25204,5729337,140
25205,5729337,30
25206,5729337,20
25207,5729337,130
25208,5729337,720
25209,5729337,30
25210,5729337,550
25211,5729337,290
25212,5729337,140
25213,5729337,880
25214,5729337,10
25215,5729337,500
25216,5729337,100
25217,5729337,140
25218,5729337,130
25219,5729337,290
25220,5729337,530
25221,5729337,70
25222,5729337,50
25223,5729337,70
25224,5729337,40
25225,5729337,170
25226,5729337,170
25227,5729337,200
25228,5729337,590
25229,5729337,120
25230,5729337,230
25231,5729337,170
25232,5729337,500
25233,5729337,320
25234,5729337,250
25235,5729337,1300
25236,5729337,10
25237,5729337,510
25238,5729337,20
25239,5729337,500
25240,5729337,500
25241,5729337,90
25242,5729337,470
25243,5729337,30
25244,5729337,90
25245,5729337,220
25246,5729337,500
25247,5729337,400
25248,5729337,40
25249,5729337,500
25250,5729337,20
25251,5729337,250
25252,5729337,80
25253,5729337,200
25254,5729337,140
25255,5729337,50
25256,5729337,60
25257,5729337,70
25258,5729337,20
25259,5729337,140
25260,5729337,30
25261,5729337,150
25262,5729337,110
25263,5729337,340
25264,5729337,650
25265,5729337,290
25266,5729337,320
25267,5729337,50
25268,5729337,20
25269,5729337,250
25270,5729337,130
25271,5729337,630
25272,5729337,90
25273,5729337,100
25274,5729337,30
25275,5729337,20
25276,5729337,230
25277,5729337,130
25278,5729337,50
25279,5729337,420
25280,5729337,130
25281,5729337,40
25282,5729337,90
25283,5729337,40
25284,5729337,140
25285,5729337,90
25286,5729337,30
25287,5729337,50
25288,5729337,50
25289,5729337,120
25290,5729337,320
25291,5729337,120
25292,5729337,930
25293,5729337,150
25294,5729337,90
25295,5729337,60
25296,5729337,590
25297,5729337,60
25298,5729337,190
25299,5729337,30
25300,5729337,90
25301,5729337,930
25302,5729337,60
25303,5729337,10
25304,5729337,320
25305,5729337,40
25306,5729337,20
25307,5729337,140
25308,5729337,100
25309,5729337,190
25310,5729337,60
25311,5729337,150
25312,5729337,30
25313,5729337,20
25314,5729337,90
25315,5729337,30
25316,5729337,60
25317,5729337,420
25318,5729337,100
25319,5729337,380
25320,5729337,30
25321,5729337,140
25322,5729337,150
25323,5729337,40
25324,5729337,30
25325,5729337,150
25326,5729337,590
25327,5729337,210
25328,5729337,110
25329,5729337,880
25330,5729337,150
25331,5729337,90
25332,5729337,500
25333,5729337,880
25334,5729337,110
25335,5729337,70
25336,5729337,40
25337,5729337,90
25338,5729337,680
25339,5729337,140
25340,5729337,50
25341,5729337,930
25342,5729337,380
25343,5729337,40
25344,5729337,100
25345,5729337,20
25346,5729337,30
25347,5729337,150
25348,5729337,100
25349,5729337,90
25350,5729337,290
25351,5729337,90
25352,5729337,640
25353,5729337,140
25354,5729337,270
25355,5729337,120
25356,5729337,20
25357,5729337,20
25358,5729337,500
25359,5729337,90
25360,5729337,1350
25361,5729337,220
25362,5729337,30
25363,5729337,80
25364,5729337,90
25365,5729337,160
25366,5729337,150
25367,5729337,100
25368,5729337,10
25369,5729337,880
25370,5729337,50
25371,5729337,300
25372,5729337,120
25373,5729337,140
25374,5729337,60
25375,5729337,180
25376,5729337,90
25377,5729337,500
25378,5729337,60
25379,5729337,110
25380,5729337,110
25381,5729337,70
25382,5729337,170
25383,5729337,140
25384,5729337,170
25385,5729337,500
25386,5729337,30
25387,5729337,60
25388,5729337,20
25389,5729337,590
25390,5729337,50
25391,5729337,60
25392,5729337,60
25393,5729337,20
25394,5729337,120
25395,5729337,220
25396,5729337,380
25397,5729337,190
25398,5729337,90
25399,5729337,30
25400,5729337,50
25401,5729337,240
25402,5729337,290
25403,5729337,50
25404,5729337,320
25405,5729337,90
25406,5729337,100
25407,5729337,40
25408,5729337,80
25409,5729337,90
25410,5729337,40
25411,5729337,440
25412,5729337,170
25413,5729337,30
25414,5729337,150
25415,5729337,250
25416,5729337,930
25417,5729337,420
25418,5729337,60
25419,5729337,140
25420,5729337,40
25421,5729337,220
25422,5729337,110
25423,5729337,120
25424,5729337,70
25425,5729337,470
25426,5729337,110
25427,5729337,60
25428,5729337,590
25429,5729337,510
25430,5729337,70
25431,5729337,40
25432,5729337,320
25433,5729337,30
25434,5729337,360
25435,5729337,40
25436,5729337,290
25437,5729337,90
25438,5729337,10
25439,5729337,140
25440,5729337,370
25441,5729337,140
25442,5729337,470
25443,5729337,90
25444,5729337,130
25445,5729337,20
25446,5729337,10
25447,5729337,160
25448,5729337,20
25449,5729337,30
25450,5729337,140
25451,5729337,50
25452,5729337,60
25453,5729337,60
25454,5729337,950
25455,5729337,500
25456,5729337,230
25457,5729337,90
25458,5729337,140
25459,5729337,40
25460,5729337,140
25461,5729337,650
25462,5729337,20
25463,5729337,120
25464,5729337,90
25465,5729337,240
25466,5729337,80
25467,5729337,80
25468,5729337,40
25469,5729337,650
25470,5729337,630
25471,5729337,60
25472,5729337,60
25473,5729337,10
25474,5729337,90
25475,5729337,140
25476,5729337,20
25477,5729337,360
25478,5729337,60
25479,5729337,40
25480,5729337,570
25481,5729337,290
25482,5729337,290
25483,5729337,130
25484,5729337,140
25485,5729337,140
25486,5729337,380
25487,5729337,130
25488,5729337,100
25489,5729337,400
25490,5729337,30
25491,5729337,30
25492,5729337,320
25493,5729337,50
25494,5729337,140
25495,5729337,40
25496,5729337,60
25497,5729337,440
25498,5729337,130
25499,5729337,140
25500,5729337,60
25501,5729337,30
25502,5729337,20
25503,5729337,160
25504,5729337,60
25505,5729337,30
25506,5729337,340
25507,5729337,60
25508,5729337,60
25509,5729337,650
25510,5729337,120
25511,5729337,10
25512,5729337,190
25513,5729337,30
25514,5729337,30
25515,5729337,100
25516,5729337,350
25517,5729337,220
25518,5729337,1350
25519,5729337,1310
25520,5729337,70
25521,5729337,270
25522,5729337,1350
25523,5729337,20
25524,5729337,350
25525,5729337,290
25526,5729337,1350
25527,5729337,250
25528,5729337,220
25529,5729337,220
25530,5729337,40
25531,5729337,20
25532,5729337,660
25533,5729337,100
25534,5729337,120
25535,5729337,120
25536,5729337,100
25537,5729337,20
25538,5729337,60
25539,5729337,100
25540,5729337,70
25541,5729337,340
25542,5729337,60
25543,5729337,30
25544,5729337,230
25545,5729337,280
25546,5729337,60
25547,5729337,200
25548,5729337,240
25549,5729337,60
25550,5729337,70
25551,5729337,230
25552,5729337,180
25553,5729337,80
25554,5729337,590
25555,5729337,40
25556,5729337,890
25557,5729337,270
25558,5729337,60
25559,5729337,10
25560,5729337,40
25561,5729337,100
25562,5729337,30
25563,5729337,90
25564,5729337,680
25565,5729337,650
25566,5729337,90
25567,5729337,60
25568,5729337,10
25569,5729337,20
25570,5729337,90
25571,5729337,650
25572,5729337,390
25573,5729337,940
25574,5729337,170
25575,5729337,220
25576,5729337,880
25577,5729337,380
25578,5729337,100
25579,5729337,30
25580,5729337,80
25581,5729337,40
25582,5729337,100
25583,5729337,210
25584,5729337,140
25585,5729337,40
25586,5729337,20
25587,5729337,380
25588,5729337,60
25589,5729337,20
25590,5729337,40
25591,5729337,1890
25592,5729337,230
25593,5729337,40
25594,5729337,60
25595,5729337,100
25596,5729337,70
25597,5729337,200
25598,5729337,590
25599,5729337,10
25600,5729337,220
25601,5729337,380
25602,5729337,220
25603,5729337,60
25604,5729337,30
25605,5729337,1890
25606,5729337,70
25607,5729337,100
25608,5729337,30
25609,5729337,30
25610,5729337,350
25611,5729337,150
25612,5729337,420
25613,5729337,320
25614,5729337,650
25615,5729337,470
25616,5729337,200
25617,5729337,160
25618,5729337,90
25619,5729337,420
25620,5729337,90
25621,5729337,140
25622,5729337,380
25623,5729337,340
25624,5729337,230
25625,5729337,30
25626,5729337,220
25627,5729337,60
25628,5729337,130
25629,5729337,40
25630,5729337,120
25631,5729337,150
25632,5729337,170
25633,5729337,140
25634,5729337,200
25635,5729337,450
25636,5729337,630
25637,5729337,590
25638,5729337,120
25639,5729337,250
25640,5729337,250
25641,5729337,220
25642,5729337,90
25643,5729337,10
25644,5729337,130
25645,5729337,590
25646,5729337,270
25647,5729337,90
25648,5729337,50
25649,5729337,20
25650,5729337,80
25651,5729337,1350
25652,5729337,880
25653,5729337,70
25654,5729337,50
25655,5729337,50
25656,5729337,120
25657,5729337,70
25658,5729337,20
25659,5729337,140
25660,5729337,1300
25661,5729337,170
25662,5729337,120
25663,5729337,380
25664,5729337,250
25665,5729337,420
25666,5729337,50
25667,5729337,650
25668,5729337,1020
25669,5729337,100
25670,5729337,90
25671,5729337,100
25672,5729337,50
25673,5729337,30
25674,5729337,440
25675,5729337,10
25676,5729337,500
25677,5729337,120
25678,5729337,170
25679,5729337,20
25680,5729337,290
25681,5729337,70
25682,5729337,230
25683,5729337,630
25684,5729337,20
25685,5729337,70
25686,5729337,630
25687,5729337,140
25688,5729337,340
25689,5729337,90
25690,5729337,20
25691,5729337,10
25692,5729337,50
25693,5729337,30
25694,5729337,120
25695,5729337,900
25696,5729337,420
25697,5729337,190
25698,5729337,450
25699,5729337,170
25700,5729337,50
25701,5729337,230
25702,5729337,50
25703,5729337,90
25704,5729337,100
25705,5729337,60
25706,5729337,30
25707,5729337,140
25708,5729337,100
25709,5729337,20
25710,5729337,160
25711,5729337,30
25712,5729337,130
25713,5729337,70
25714,5729337,120
25715,5729337,70
25716,5729337,140
25717,5729337,1350
25718,5729337,90
25719,5729337,80
25720,5729337,50
25721,5729337,320
25722,5729337,90
25723,5729337,360
25724,5729337,20
25725,5729337,90
25726,5729337,90
25727,5729337,230
25728,5729337,40
25729,5729337,130
25730,5729337,40
25731,5729337,60
25732,5729337,1040
25733,5729337,40
25734,5729337,260
25735,5729337,140
25736,5729337,420
25737,5729337,290
25738,5729337,70
25739,5729337,730
25740,5729337,650
25741,5729337,1350
25742,5729337,140
25743,5729337,880
25744,5729337,440
25745,5729337,190
25746,5729337,60
25747,5729337,30
25748,5729337,420
25749,5729337,200
25750,5729337,240
25751,5729337,590
25752,5729337,40
25753,5729337,320
25754,5729337,10
25755,5729337,90
25756,5729337,70
25757,5729337,210
25758,5729337,60
25759,5729337,160
25760,5729337,90
25761,5729337,80
25762,5729337,60
25763,5729337,320
25764,5729337,20
25765,5729337,630
25766,5729337,130
25767,5729337,10
25768,5729337,40
25769,5729337,30
25770,5729337,60
25771,5729337,140
25772,5729337,60
25773,5729337,60
25774,5729337,150
25775,5729337,90
25776,5729337,100
25777,5729337,140
25778,5729337,230
25779,5729337,30
25780,5729337,290
25781,5729337,220
25782,5729337,170
25783,5729337,150
25784,5729337,60
25785,5729337,120
25786,5729337,200
25787,5729337,420
25788,5729337,60
25789,5729337,60
25790,5729337,30
25791,5729337,270
25792,5729337,150
25793,5729337,40
25794,5729337,90
25795,5729337,420
25796,5729337,590
25797,5729337,170
25798,5729337,160
25799,5729337,50
25800,5729337,220
25801,5729337,60
25802,5729337,90
25803,5729337,470
25804,5729337,30
25805,5729337,20
25806,5729337,110
25807,5729337,90
25808,5729337,100
25809,5729337,30
25810,5729337,20
25811,5729337,650
25812,5729337,60
25813,5729337,290
25814,5729337,100
25815,5729337,420
25816,5729337,190
25817,5729337,220
25818,5729337,930
25819,5729337,140
25820,5729337,90
25821,5729337,20
25822,5729337,1300
25823,5729337,170
25824,5729337,130
25825,5729337,30
25826,5729337,250
25827,5729337,90
25828,5729337,30
25829,5729337,20
25830,5729337,90
25831,5729337,330
25832,5729337,930
25833,5729337,290
25834,5729337,150
25835,5729337,70
25836,5729337,130
25837,5729337,20
25838,5729337,20
25839,5729337,120
25840,5729337,20
25841,5729337,140
25842,5729337,40
25843,5729337,430
25844,5729337,20
25845,5729337,90
25846,5729337,200
25847,5729337,120
25848,5729337,90
25849,5729337,50
25850,5729337,220
25851,5729337,930
25852,5729337,290
25853,5729337,140
25854,5729337,20
25855,5729337,70
25856,5729337,10
25857,5729337,90
25858,5729337,10
25859,5729337,60
25860,5729337,80
25861,5729337,150
25862,5729337,50
25863,5729337,50
25864,5729337,120
25865,5729337,170
25866,5729337,90
25867,5729337,340
25868,5729337,20
25869,5729337,60
25870,5729337,330
25871,5729337,30
25872,5729337,20
25873,5729337,30
25874,5729337,10
25875,5729337,30
25876,5729337,60
25877,5729337,10
25878,5729337,260
25879,5729337,50
25880,5729337,910
25881,5729337,120
25882,5729337,130
25883,5729337,60
25884,5729337,30
25885,5729337,150
25886,5729337,420
25887,5729337,220
25888,5729337,220
25889,5729337,500
25890,5729337,40
25891,5729337,290
25892,5729337,420
25893,5729337,220
25894,5729337,10
25895,5729337,70
25896,5729337,30
25897,5729337,90
25898,5729337,440
25899,5729337,290
25900,5729337,20
25901,5729337,20
25902,5729337,200
25903,5729337,50
25904,5729337,30
25905,5729337,40
25906,5729337,50
25907,5729337,60
25908,5729337,30
25909,5729337,220
25910,5729337,110
25911,5729337,80
25912,5729337,430
25913,5729337,80
25914,5729337,130
25915,5729337,30
25916,5729337,170
25917,5729337,270
25918,5729337,80
25919,5729337,150
25920,5729337,1300
25921,5729337,170
25922,5729337,440
25923,5729337,60
25924,5729337,150
25925,5729337,20
25926,5729337,40
25927,5729337,70
25928,5729337,80
25929,5729337,90
25930,5729337,120
25931,5729337,1300
25932,5729337,50
25933,5729337,390
25934,5729337,500
25935,5729337,530
25936,5729337,80
25937,5729337,90
25938,5729337,50
25939,5729337,50
25940,5729337,70
25941,5729337,1350
25942,5729337,420
25943,5729337,50
25944,5729337,930
25945,5729337,420
25946,5729337,120
25947,5729337,120
25948,5729337,250
25949,5729337,220
25950,5729337,630
25951,5729337,140
25952,5729337,70
25953,5729337,320
25954,5729337,1040
25955,5729337,200
25956,5729337,30
25957,5729337,40
25958,5729337,60
25959,5729337,20
25960,5729337,200
25961,5729337,930
25962,5729337,940
25963,5729337,140
25964,5729337,1300
25965,5729337,190
25966,5729337,220
25967,5729337,380
25968,5729337,60
25969,5729337,150
25970,5729337,30
25971,5729337,200
25972,5729337,190
25973,5729337,130
25974,5729337,590
25975,5729337,90
25976,5729337,940
25977,5729337,80
25978,5729337,150
25979,5729337,220
25980,5729337,430
25981,5729337,290
25982,5729337,30
25983,5729337,100
25984,5729337,30
25985,5729337,930
25986,5729337,500
25987,5729337,60
25988,5729337,20
25989,5729337,40
25990,5729337,220
25991,5729337,150
25992,5729337,1300
25993,5729337,60
25994,5729337,300
25995,5729337,630
25996,5729337,70
25997,5729337,270
25998,5729337,140
25999,5729337,20
26000,5729337,230
26001,5729337,280
26002,5729337,140
26003,5729337,20
26004,5729337,40
26005,5729337,30
26006,5729337,90
26007,5729337,90
26008,5729337,70
26009,5729337,50
26010,5729337,930
26011,5729337,340
26012,5729337,160
26013,5729337,340
26014,5729337,20
26015,5729337,60
26016,5729337,40
26017,5729337,880
26018,5729337,120
26019,5729337,590
26020,5729337,970
26021,5729337,420
26022,5729337,30
26023,5729337,20
26024,5729337,880
26025,5729337,140
26026,5729337,40
26027,5729337,380
26028,5729337,80
26029,5729337,150
26030,5729337,120
26031,5729337,30
26032,5729337,20
26033,5729337,120
26034,5729337,320
26035,5729337,10
26036,5729337,130
26037,5729337,140
26038,5729337,930
26039,5729337,70
26040,5729337,50
26041,5729337,30
26042,5729337,100
26043,5729337,160
26044,5729337,370
26045,5729337,130
26046,5729337,550
26047,5729337,200
26048,5729337,880
26049,5729337,20
26050,5729337,150
26051,5729337,20
26052,5729337,500
26053,5729337,90
26054,5729337,70
26055,5729337,60
26056,5729337,130
26057,5729337,40
26058,5729337,220
26059,5729337,20
26060,5729337,120
26061,5729337,20
26062,5729337,40
26063,5729337,70
26064,5729337,40
26065,5729337,140
26066,5729337,20
26067,5729337,20
26068,5729337,60
26069,5729337,230
26070,5729337,380
26071,5729337,100
26072,5729337,10
26073,5729337,60
26074,5729337,30
26075,5729337,60
26076,5729337,30
26077,5729337,20
26078,5729337,230
26079,5729337,40
26080,5729337,210
26081,5729337,430
26082,5729337,500
26083,5729337,20
26084,5729337,380
26085,5729337,40
26086,5729337,930
26087,5729337,130
26088,5729337,10
26089,5729337,20
26090,5729337,60
26091,5729337,60
26092,5729337,500
26093,5729337,120
26094,5729337,30
26095,5729337,190
26096,5729337,140
26097,5729337,70
26098,5729337,290
26099,5729337,20
26100,5729337,170
26101,5729337,60
26102,5729337,190
26103,5729337,290
26104,5729337,90
26105,5729337,190
26106,5729337,40
26107,5729337,320
26108,5729337,650
26109,5729337,120
26110,5729337,90
26111,5729337,40
26112,5729337,190
26113,5729337,220
26114,5729337,210
26115,5729337,150
26116,5729337,440
26117,5729337,10
26118,5729337,80
26119,5729337,90
26120,5729337,160
26121,5729337,90
26122,5729337,300
26123,5729337,150
26124,5729337,230
26125,5729337,10
26126,5729337,140
26127,5729337,140
26128,5729337,20
26129,5729337,150
26130,5729337,40
26131,5729337,290
26132,5729337,420
26133,5729337,10
26134,5729337,100
26135,5729337,60
26136,5729337,120
26137,5729337,40
26138,5729337,90
26139,5729337,120
26140,5729337,160
26141,5729337,80
26142,5729337,50
26143,5729337,170
26144,5729337,50
26145,5729337,30
26146,5729337,440
26147,5729337,100
26148,5729337,30
26149,5729337,50
26150,5729337,220
26151,5729337,250
26152,5729337,80
26153,5729337,380
26154,5729337,220
26155,5729337,20
26156,5729337,150
26157,5729337,230
26158,5729337,160
26159,5729337,90
26160,5729337,90
26161,5729337,630
26162,5729337,20
26163,5729337,100
26164,5729337,110
26165,5729337,170
26166,5729337,30
26167,5729337,50
26168,5729337,90
26169,5729337,20
26170,5729337,720
26171,5729337,880
26172,5729337,70
26173,5729337,930
26174,5729337,140
26175,5729337,380
26176,5729337,940
26177,5729337,110
26178,5729337,40
26179,5729337,80
26180,5729337,60
26181,5729337,90
26182,5729337,150
26183,5729337,160
26184,5729337,190
26185,5729337,1300
26186,5729337,60
26187,5729337,200
26188,5729337,380
26189,5729337,100
26190,5729337,30
26191,5729337,360
26192,5729337,30
26193,5729337,140
26194,5729337,270
26195,5729337,170
26196,5729337,320
26197,5729337,90
26198,5729337,50
26199,5729337,930
26200,5729337,20
26201,5729337,930
26202,5729337,60
26203,5729337,200
26204,5729337,270
26205,5729337,320
26206,5729337,720
26207,5729337,420
26208,5729337,170
26209,5729337,170
26210,5729337,590
26211,5729337,140
26212,5729337,170
26213,5729337,270
26214,5729337,70
26215,5729337,30
26216,5729337,880
26217,5729337,20
26218,5729337,90
26219,5729337,200
26220,5729337,60
26221,5729337,270
26222,5729337,10
26223,5729337,160
26224,5729337,90
26225,5729337,200
26226,5729337,460
26227,5729337,20
26228,5729337,30
26229,5729337,10
26230,5729337,160
26231,5729337,380
26232,5729337,650
26233,5729337,340
26234,5729337,90
26235,5729337,650
26236,5729337,90
26237,5729337,50
26238,5729337,110
26239,5729337,210
26240,5729337,30
26241,5729337,20
26242,5729337,30
26243,5729337,190
26244,5729337,120
26245,5729337,10
26246,5729337,130
26247,5729337,60
26248,5729337,110
26249,5729337,40
26250,5729337,20
26251,5729337,150
26252,5729337,310
26253,5729337,70
26254,5729337,10
26255,5729337,140
26256,5729337,140
26257,5729337,200
26258,5729337,60
26259,5729337,80
26260,5729337,60
26261,5729337,720
26262,5729337,50
26263,5729337,90
26264,5729337,250
26265,5729337,90
26266,5729337,20
26267,5729337,210
26268,5729337,50
26269,5729337,100
26270,5729337,10
26271,5729337,70
26272,5729337,150
26273,5729337,250
26274,5729337,250
26275,5729337,250
26276,5729337,30
26277,5729337,260
26278,5729337,50
26279,5729337,20
26280,5729337,110
26281,5729337,440
26282,5729337,230
26283,5729337,230
26284,5729337,880
26285,5729337,530
26286,5729337,10
26287,5729337,190
26288,5729337,150
26289,5729337,930
26290,5729337,90
26291,5729337,50
26292,5729337,100
26293,5729337,20
26294,5729337,200
26295,5729337,10
26296,5729337,40
26297,5729337,160
26298,5729337,250
26299,5729337,140
26300,5729337,340
26301,5729337,160
26302,5729337,230
26303,5729337,90
26304,5729337,60
26305,5729337,20
26306,5729337,190
26307,5729337,50
26308,5729337,90
26309,5729337,40
26310,5729337,140
26311,5729337,220
26312,5729337,420
26313,5729337,50
26314,5729337,80
26315,5729337,80
26316,5729337,50
26317,5729337,60
26318,5729337,60
26319,5729337,250
26320,5729337,100
26321,5729337,390
26322,5729337,230
26323,5729337,270
26324,5729337,900
26325,5729337,120
26326,5729337,150
26327,5729337,140
26328,5729337,130
26329,5729337,500
26330,5729337,20
26331,5729337,20
26332,5729337,100
26333,5729337,70
26334,5729337,590
26335,5729337,60
26336,5729337,190
26337,5729337,10
26338,5729337,930
26339,5729337,220
26340,5729337,100
26341,5729337,320
26342,5729337,20
26343,5729337,160
26344,5729337,60
26345,5729337,30
26346,5729337,50
26347,5729337,230
26348,5729337,300
26349,5729337,200
26350,5729337,500
26351,5729337,100
26352,5729337,170
26353,5729337,110
26354,5729337,30
26355,5729337,320
26356,5729337,20
26357,5729337,90
26358,5729337,230
26359,5729337,90
26360,5729337,90
26361,5729337,380
26362,5729337,440
26363,5729337,10
26364,5729337,130
26365,5729337,420
26366,5729337,290
26367,5729337,20
26368,5729337,90
26369,5729337,10
26370,5729337,40
26371,5729337,880
26372,5729337,120
26373,5729337,60
26374,5729337,500
26375,5729337,160
26376,5729337,200
26377,5729337,70
26378,5729337,380
26379,5729337,40
26380,5729337,400
26381,5729337,20
26382,5729337,60
26383,5729337,290
26384,5729337,140
26385,5729337,70
26386,5729337,230
26387,5729337,10
26388,5729337,170
26389,5729337,220
26390,5729337,50
26391,5729337,500
26392,5729337,50
26393,5729337,90
26394,5729337,140
26395,5729337,140
26396,5729337,120
26397,5729337,140
26398,5729337,20
26399,5729337,190
26400,5729337,290
26401,5729337,20
26402,5729337,170
26403,5729337,270
26404,5729337,60
26405,5729337,420
26406,5729337,80
26407,5729337,280
26408,5729337,60
26409,5729337,50
26410,5729337,20
26411,5729337,140
26412,5729337,930
26413,5729337,70
26414,5729337,530
26415,5729337,110
26416,5729337,480
26417,5729337,90
26418,5729337,30
26419,5729337,880
26420,5729337,90
26421,5729337,230
26422,5729337,30
26423,5729337,30
26424,5729337,90
26425,5729337,70
26426,5729337,90
26427,5729337,630
26428,5729337,120
26429,5729337,380
26430,5729337,40
26431,5729337,50
26432,5729337,120
26433,5729337,200
26434,5729337,320
26435,5729337,160
26436,5729337,60
26437,5729337,70
26438,5729337,230
26439,5729337,40
26440,5729337,10
26441,5729337,40
26442,5729337,80
26443,5729337,30
26444,5729337,70
26445,5729337,20
26446,5729337,380
26447,5729337,250
26448,5729337,160
26449,5729337,260
26450,5729337,290
26451,5729337,90
26452,5729337,200
26453,5729337,50
26454,5729337,30
26455,5729337,60
26456,5729337,170
26457,5729337,880
26458,5729337,70
26459,5729337,220
26460,5729337,880
26461,5729337,50
26462,5729337,110
26463,5729337,50
26464,5729337,60
26465,5729337,220
26466,5729337,230
26467,5729337,30
26468,5729337,80
26469,5729337,20
26470,5729337,40
26471,5729337,590
26472,5729337,140
26473,5729337,1370
26474,5729337,220
26475,5729337,880
26476,5729337,30
26477,5729337,90
26478,5729337,20
26479,5729337,10
26480,5729337,100
26481,5729337,1300
26482,5729337,80
26483,5729337,130
26484,5729337,30
26485,5729337,80
26486,5729337,40
26487,5729337,400
26488,5729337,20
26489,5729337,500
26490,5729337,30
26491,5729337,230
26492,5729337,10
26493,5729337,320
26494,5729337,140
26495,5729337,50
26496,5729337,720
26497,5729337,270
26498,5729337,150
26499,5729337,190
26500,5729337,290
26501,5729337,140
26502,5729337,220
26503,5729337,50
26504,5729337,140
26505,5729337,120
26506,5729337,90
26507,5729337,20
26508,5729337,270
26509,5729337,440
26510,5729337,170
26511,5729337,50
26512,5729337,70
26513,5729337,1300
26514,5729337,130
26515,5729337,30
26516,5729337,280
26517,5729337,30
26518,5729337,40
26519,5729337,80
26520,5729337,20
26521,5729337,80
26522,5729337,160
26523,5729337,140
26524,5729337,140
26525,5729337,170
26526,5729337,200
26527,5729337,160
26528,5729337,60
26529,5729337,60
26530,5729337,20
26531,5729337,180
26532,5729337,20
26533,5729337,380
26534,5729337,60
26535,5729337,140
26536,5729337,470
26537,5729337,60
26538,5729337,100
26539,5729337,40
26540,5729337,160
26541,5729337,90
26542,5729337,290
26543,5729337,40
26544,5729337,50
26545,5729337,60
26546,5729337,1300
26547,5729337,930
26548,5729337,500
26549,5729337,20
26550,5729337,60
26551,5729337,220
26552,5729337,220
26553,5729337,280
26554,5729337,200
26555,5729337,110
26556,5729337,70
26557,5729337,720
26558,5729337,30
26559,5729337,10
26560,5729337,250
26561,5729337,90
26562,5729337,140
26563,5729337,70
26564,5729337,970
26565,5729337,60
26566,5729337,10
26567,5729337,960
26568,5729337,90
26569,5729337,290
26570,5729337,90
26571,5729337,60
26572,5729337,30
26573,5729337,590
26574,5729337,130
26575,5729337,220
26576,5729337,170
26577,5729337,30
26578,5729337,110
26579,5729337,500
26580,5729337,10
26581,5729337,120
26582,5729337,590
26583,5729337,80
26584,5729337,90
26585,5729337,500
26586,5729337,1900
26587,5729337,110
26588,5729337,70
26589,5729337,60
26590,5729337,60
26591,5729337,320
26592,5729337,310
26593,5729337,150
26594,5729337,420
26595,5729337,150
26596,5729337,20
26597,5729337,290
26598,5729337,720
26599,5729337,200
26600,5729337,50
26601,5729337,70
26602,5729337,120
26603,5729337,20
26604,5729337,220
26605,5729337,140
26606,5729337,30
26607,5729337,770
26608,5729337,20
26609,5729337,930
26610,5729337,460
26611,5729337,70
26612,5729337,40
26613,5729337,20
26614,5729337,420
26615,5729337,60
26616,5729337,880
26617,5729337,50
26618,5729337,650
26619,5729337,150
26620,5729337,110
26621,5729337,10
26622,5729337,50
26623,5729337,40
26624,5729337,50
26625,5729337,60
26626,5729337,20
26627,5729337,500
26628,5729337,40
26629,5729337,230
26630,5729337,20
26631,5729337,50
26632,5729337,100
26633,5729337,20
26634,5729337,120
26635,5729337,630
26636,5729337,200
26637,5729337,110
26638,5729337,630
26639,5729337,20
26640,5729337,50
26641,5729337,30
26642,5729337,200
26643,5729337,140
26644,5729337,10
26645,5729337,40
26646,5729337,80
26647,5729337,50
26648,5729337,90
26649,5729337,10
26650,5729337,50
26651,5729337,50
26652,5729337,10
26653,5729337,50
26654,5729337,190
26655,5729337,60
26656,5729337,50
26657,5729337,70
26658,5729337,160
26659,5729337,70
26660,5729337,50
26661,5729337,120
26662,5729337,10
26663,5729337,20
26664,5729337,320
26665,5729337,40
26666,5729337,150
26667,5729337,80
26668,5729337,50
26669,5729337,30
26670,5729337,930
26671,5729337,120
26672,5729337,660
26673,5729337,40
26674,5729337,30
26675,5729337,60
26676,5729337,120
26677,5729337,70
26678,5729337,190
26679,5729337,10
26680,5729337,650
26681,5729337,160
26682,5729337,140
26683,5729337,30
26684,5729337,60
26685,5729337,930
26686,5729337,290
26687,5729337,120
26688,5729337,720
26689,5729337,10
26690,5729337,40
26691,5729337,50
26692,5729337,150
26693,5729337,60
26694,5729337,200
26695,5729337,120
26696,5729337,140
26697,5729337,630
26698,5729337,220
26699,5729337,20
26700,5729337,90
26701,5729337,170
26702,5729337,130
26703,5729337,110
26704,5729337,80
26705,5729337,110
26706,5729337,110
26707,5729337,60
26708,5729337,590
26709,5729337,230
26710,5729337,460
26711,5729337,90
26712,5729337,420
26713,5729337,40
26714,5729337,60
26715,5729337,50
26716,5729337,380
26717,5729337,60
26718,5729337,60
26719,5729337,60
26720,5729337,90
26721,5729337,30
26722,5729337,60
26723,5729337,140
26724,5729337,270
26725,5729337,690
26726,5729337,340
26727,5729337,120
26728,5729337,60
26729,5729337,50
26730,5729337,50
26731,5729337,420
26732,5729337,170
26733,5729337,290
26734,5729337,20
26735,5729337,170
26736,5729337,30
26737,5729337,90
26738,5729337,30
26739,5729337,200
26740,5729337,60
26741,5729337,60
26742,5729337,70
26743,5729337,60
26744,5729337,70
26745,5729337,80
26746,5729337,90
26747,5729337,140
26748,5729337,500
26749,5729337,150
26750,5729337,150
26751,5729337,290
26752,5729337,60
26753,5729337,10
26754,5729337,60
26755,5729337,320
26756,5729337,60
26757,5729337,70
26758,5729337,630
26759,5729337,90
26760,5729337,80
26761,5729337,20
26762,5729337,120
26763,5729337,30
26764,5729337,60
26765,5729337,1930
26766,5729337,220
26767,5729337,60
26768,5729337,320
26769,5729337,30
26770,5729337,90
26771,5729337,110
26772,5729337,220
26773,5729337,160
26774,5729337,530
26775,5729337,500
26776,5729337,60
26777,5729337,1320
26778,5729337,40
26779,5729337,10
26780,5729337,40
26781,5729337,470
26782,5729337,30
26783,5729337,120
26784,5729337,200
26785,5729337,70
26786,5729337,170
26787,5729337,80
26788,5729337,270
26789,5729337,880
26790,5729337,150
26791,5729337,320
26792,5729337,20
26793,5729337,10
26794,5729337,80
26795,5729337,40
26796,5729337,340
26797,5729337,120
26798,5729337,230
26799,5729337,140
26800,5729337,30
26801,5729337,100
26802,5729337,90
26803,5729337,640
26804,5729337,90
26805,5729337,200
26806,5729337,20
26807,5729337,290
26808,5729337,200
26809,5729337,200
26810,5729337,200
26811,5729337,50
26812,5729337,100
26813,5729337,40
26814,5729337,130
26815,5729337,50
26816,5729337,470
26817,5729337,90
26818,5729337,170
26819,5729337,40
26820,5729337,410
26821,5729337,30
26822,5729337,40
26823,5729337,630
26824,5729337,320
26825,5729337,20
26826,5729337,200
26827,5729337,940
26828,5729337,140
26829,5729337,130
26830,5729337,50
26831,5729337,50
26832,5729337,160
26833,5729337,440
26834,5729337,940
26835,5729337,40
26836,5729337,90
26837,5729337,100
26838,5729337,330
26839,5729337,90
26840,5729337,20
26841,5729337,50
26842,5729337,60
26843,5729337,90
26844,5729337,230
26845,5729337,1890
26846,5729337,130
26847,5729337,120
26848,5729337,20
26849,5729337,60
26850,5729337,130
26851,5729337,130
26852,5729337,160
26853,5729337,50
26854,5729337,120
26855,5729337,120
26856,5729337,230
26857,5729337,720
26858,5729337,650
26859,5729337,440
26860,5729337,100
26861,5729337,890
26862,5729337,1950
26863,5729337,630
26864,5729337,140
26865,5729337,20
26866,5729337,200
26867,5729337,220
26868,5729337,220
26869,5729337,130
26870,5729337,140
26871,5729337,20
26872,5729337,90
26873,5729337,880
26874,5729337,200
26875,5729337,640
26876,5729337,140
26877,5729337,90
26878,5729337,230
26879,5729337,1040
26880,5729337,170
26881,5729337,340
26882,5729337,20
26883,5729337,290
26884,5729337,40
26885,5729337,50
26886,5729337,220
26887,5729337,90
26888,5729337,200
26889,5729337,930
26890,5729337,140
26891,5729337,120
26892,5729337,170
26893,5729337,30
26894,5729337,220
26895,5729337,440
26896,5729337,140
26897,5729337,10
26898,5729337,20
26899,5729337,550
26900,5729337,20
26901,5729337,120
26902,5729337,630
26903,5729337,90
26904,5729337,110
26905,5729337,40
26906,5729337,630
26907,5729337,60
26908,5729337,100
26909,5729337,80
26910,5729337,60
26911,5729337,150
26912,5729337,250
26913,5729337,60
26914,5729337,170
26915,5729337,650
26916,5729337,400
26917,5729337,250
26918,5729337,140
26919,5729337,70
26920,5729337,30
26921,5729337,150
26922,5729337,30
26923,5729337,240
26924,5729337,40
26925,5729337,230
26926,5729337,40
26927,5729337,590
26928,5729337,60
26929,5729337,380
26930,5729337,160
26931,5729337,10
26932,5729337,60
26933,5729337,530
26934,5729337,230
26935,5729337,140
26936,5729337,10
26937,5729337,420
26938,5729337,30
26939,5729337,90
26940,5729337,40
26941,5729337,70
26942,5729337,140
26943,5729337,120
26944,5729337,120
26945,5729337,90
26946,5729337,380
26947,5729337,320
26948,5729337,30
26949,5729337,930
26950,5729337,70
26951,5729337,220
26952,5729337,340
26953,5729337,20
26954,5729337,950
26955,5729337,390
26956,5729337,60
26957,5729337,250
26958,5729337,1300
26959,5729337,70
26960,5729337,60
26961,5729337,590
26962,5729337,930
26963,5729337,50
26964,5729337,170
26965,5729337,20
26966,5729337,130
26967,5729337,20
26968,5729337,190
26969,5729337,220
26970,5729337,50
26971,5729337,200
26972,5729337,50
26973,5729337,10
26974,5729337,100
26975,5729337,90
26976,5729337,200
26977,5729337,30
26978,5729337,60
26979,5729337,320
26980,5729337,320
26981,5729337,90
26982,5729337,160
26983,5729337,130
26984,5729337,40
26985,5729337,140
26986,5729337,90
26987,5729337,10
26988,5729337,220
26989,5729337,80
26990,5729337,150
26991,5729337,170
26992,5729337,60
26993,5729337,80
26994,5729337,360
26995,5729337,120
26996,5729337,380
26997,5729337,120
26998,5729337,10
26999,5729337,20
27000,5729337,20
27001,5729337,180
27002,5729337,220
27003,5729337,220
27004,5729337,20
27005,5729337,420
27006,5729337,150
27007,5729337,250
27008,5729337,40
27009,5729337,40
27010,5729337,130
27011,5729337,100
27012,5729337,450
27013,5729337,90
27014,5729337,30
27015,5729337,60
27016,5729337,20
27017,5729337,140
27018,5729337,200
27019,5729337,880
27020,5729337,140
27021,5729337,50
27022,5729337,270
27023,5729337,20
27024,5729337,270
27025,5729337,90
27026,5729337,60
27027,5729337,40
27028,5729337,70
27029,5729337,60
27030,5729337,30
27031,5729337,1350
27032,5729337,220
27033,5729337,20
27034,5729337,380
27035,5729337,20
27036,5729337,40
27037,5729337,70
27038,5729337,200
27039,5729337,50
27040,5729337,640
27041,5729337,30
27042,5729337,120
27043,5729337,120
27044,5729337,40
27045,5729337,140
27046,5729337,40
27047,5729337,70
27048,5729337,90
27049,5729337,380
27050,5729337,1300
27051,5729337,220
27052,5729337,10
27053,5729337,40
27054,5729337,30
27055,5729337,20
27056,5729337,100
27057,5729337,380
27058,5729337,50
27059,5729337,30
27060,5729337,140
27061,5729337,300
27062,5729337,1300
27063,5729337,440
27064,5729337,50
27065,5729337,60
27066,5729337,1300
27067,5729337,50
27068,5729337,60
27069,5729337,1040
27070,5729337,340
27071,5729337,420
27072,5729337,440
27073,5729337,20
27074,5729337,290
27075,5729337,40
27076,5729337,90
27077,5729337,60
27078,5729337,30
27079,5729337,90
27080,5729337,40
27081,5729337,110
27082,5729337,290
27083,5729337,290
27084,5729337,30
27085,5729337,20
27086,5729337,190
27087,5729337,60
27088,5729337,90
27089,5729337,20
27090,5729337,80
27091,5729337,420
27092,5729337,140
27093,5729337,320
27094,5729337,40
27095,5729337,120
27096,5729337,290
27097,5729337,90
27098,5729337,110
27099,5729337,60
27100,5729337,160
27101,5729337,100
27102,5729337,100
27103,5729337,230
27104,5729337,220
27105,5729337,650
27106,5729337,250
27107,5729337,50
27108,5729337,1300
27109,5729337,220
27110,5729337,50
27111,5729337,90
27112,5729337,20
27113,5729337,40
27114,5729337,60
27115,5729337,220
27116,5729337,110
27117,5729337,60
27118,5729337,630
27119,5729337,60
27120,5729337,10
27121,5729337,140
27122,5729337,250
27123,5729337,500
27124,5729337,70
27125,5729337,170
27126,5729337,60
27127,5729337,590
27128,5729337,60
27129,5729337,420
27130,5729337,10
27131,5729337,650
27132,5729337,420
27133,5729337,50
27134,5729337,140
27135,5729337,90
27136,5729337,60
27137,5729337,90
27138,5729337,30
27139,5729337,680
27140,5729337,50
27141,5729337,470
27142,5729337,650
27143,5729337,500
27144,5729337,970
27145,5729337,100
27146,5729337,220
27147,5729337,90
27148,5729337,420
27149,5729337,200
27150,5729337,190
27151,5729337,60
27152,5729337,160
27153,5729337,320
27154,5729337,30
27155,5729337,30
27156,5729337,140
27157,5729337,90
27158,5729337,190
27159,5729337,220
27160,5729337,160
27161,5729337,1350
27162,5729337,630
27163,5729337,20
27164,5729337,30
27165,5729337,1350
27166,5729337,170
27167,5729337,50
27168,5729337,30
27169,5729337,170
27170,5729337,100
27171,5729337,40
27172,5729337,30
27173,5729337,140
27174,5729337,190
27175,5729337,170
27176,5729337,30
27177,5729337,1310
27178,5729337,20
27179,5729337,380
27180,5729337,140
27181,5729337,230
27182,5729337,250
27183,5729337,140
27184,5729337,70
27185,5729337,50
27186,5729337,60
27187,5729337,40
27188,5729337,60
27189,5729337,10
27190,5729337,20
27191,5729337,90
27192,5729337,90
27193,5729337,360
27194,5729337,630
27195,5729337,50
27196,5729337,240
27197,5729337,30
27198,5729337,80
27199,5729337,100
27200,5729337,80
27201,5729337,290
27202,5729337,100
27203,5729337,70
27204,5729337,30
27205,5729337,50
27206,5729337,250
27207,5729337,650
27208,5729337,70
27209,5729337,170
27210,5729337,340
27211,5729337,140
27212,5729337,50
27213,5729337,430
27214,5729337,90
27215,5729337,290
27216,5729337,880
27217,5729337,20
27218,5729337,100
27219,5729337,60
27220,5729337,60
27221,5729337,80
27222,5729337,590
27223,5729337,380
27224,5729337,40
27225,5729337,230
27226,5729337,190
27227,5729337,1300
27228,5729337,190
27229,5729337,220
27230,5729337,420
27231,5729337,30
27232,5729337,20
27233,5729337,220
27234,5729337,290
27235,5729337,290
27236,5729337,120
27237,5729337,470
27238,5729337,110
27239,5729337,70
27240,5729337,60
27241,5729337,60
27242,5729337,40
27243,5729337,140
27244,5729337,60
27245,5729337,50
27246,5729337,110
27247,5729337,90
27248,5729337,500
27249,5729337,590
27250,5729337,930
27251,5729337,130
27252,5729337,140
27253,5729337,880
27254,5729337,120
27255,5729337,50
27256,5729337,90
27257,5729337,20
27258,5729337,340
27259,5729337,650
27260,5729337,110
27261,5729337,360
27262,5729337,60
27263,5729337,230
27264,5729337,170
27265,5729337,220
27266,5729337,50
27267,5729337,140
27268,5729337,140
27269,5729337,500
27270,5729337,200
27271,5729337,230
27272,5729337,20
27273,5729337,60
27274,5729337,60
27275,5729337,100
27276,5729337,20
27277,5729337,650
27278,5729337,200
27279,5729337,1890
27280,5729337,60
27281,5729337,170
27282,5729337,30
27283,5729337,80
27284,5729337,50
27285,5729337,20
27286,5729337,60
27287,5729337,140
27288,5729337,30
27289,5729337,60
27290,5729337,30
27291,5729337,270
27292,5729337,40
27293,5729337,290
27294,5729337,30
27295,5729337,400
27296,5729337,590
27297,5729337,70
27298,5729337,100
27299,5729337,50
27300,5729337,140
27301,5729337,470
27302,5729337,270
27303,5729337,90
27304,5729337,20
27305,5729337,1300
27306,5729337,30
27307,5729337,30
27308,5729337,260
27309,5729337,30
27310,5729337,40
27311,5729337,60
27312,5729337,720
27313,5729337,30
27314,5729337,20
27315,5729337,120
27316,5729337,90
27317,5729337,80
27318,5729337,60
27319,5729337,50
27320,5729337,150
27321,5729337,50
27322,5729337,90
27323,5729337,930
27324,5729337,90
27325,5729337,290
27326,5729337,140
27327,5729337,140
27328,5729337,90
27329,5729337,150
27330,5729337,60
27331,5729337,80
27332,5729337,420
27333,5729337,90
27334,5729337,80
27335,5729337,60
27336,5729337,150
27337,5729337,270
27338,5729337,940
27339,5729337,50
27340,5729337,60
27341,5729337,340
27342,5729337,90
27343,5729337,40
27344,5729337,90
27345,5729337,220
27346,5729337,880
27347,5729337,160
27348,5729337,90
27349,5729337,90
27350,5729337,220
27351,5729337,250
27352,5729337,80
27353,5729337,20
27354,5729337,1310
27355,5729337,90
27356,5729337,420
27357,5729337,440
27358,5729337,100
27359,5729337,160
27360,5729337,20
27361,5729337,110
27362,5729337,20
27363,5729337,30
27364,5729337,50
27365,5729337,380
27366,5729337,20
27367,5729337,60
27368,5729337,120
27369,5729337,90
27370,5729337,90
27371,5729337,1300
27372,5729337,930
27373,5729337,30
27374,5729337,380
27375,5729337,90
27376,5729337,270
27377,5729337,260
27378,5729337,90
27379,5729337,10
27380,5729337,70
27381,5729337,530
27382,5729337,950
27383,5729337,100
27384,5729337,40
27385,5729337,170
27386,5729337,320
27387,5729337,90
27388,5729337,440
27389,5729337,60
27390,5729337,140
27391,5729337,100
27392,5729337,20
27393,5729337,290
27394,5729337,10
27395,5729337,90
27396,5729337,70
27397,5729337,40
27398,5729337,200
27399,5729337,140
27400,5729337,30
27401,5729337,90
27402,5729337,20
27403,5729337,170
27404,5729337,70
27405,5729337,470
27406,5729337,930
27407,5729337,170
27408,5729337,440
27409,5729337,110
27410,5729337,20
27411,5729337,110
27412,5729337,40
27413,5729337,90
27414,5729337,340
27415,5729337,380
27416,5729337,120
27417,5729337,140
27418,5729337,80
27419,5729337,880
27420,5729337,440
27421,5729337,250
27422,5729337,90
27423,5729337,140
27424,5729337,20
27425,5729337,20
27426,5729337,60
27427,5729337,60
27428,5729337,50
27429,5729337,140
27430,5729337,110
27431,5729337,290
27432,5729337,420
27433,5729337,220
27434,5729337,140
27435,5729337,590
27436,5729337,90
27437,5729337,930
27438,5729337,70
27439,5729337,650
27440,5729337,30
27441,5729337,50
27442,5729337,40
27443,5729337,500
27444,5729337,10
27445,5729337,90
27446,5729337,50
27447,5729337,150
27448,5729337,90
27449,5729337,130
27450,5729337,200
27451,5729337,500
27452,5729337,40
27453,5729337,20
27454,5729337,270
27455,5729337,50
27456,5729337,530
27457,5729337,70
27458,5729337,20
27459,5729337,340
27460,5729337,90
27461,5729337,40
27462,5729337,90
27463,5729337,90
27464,5729337,60
27465,5729337,120
27466,5729337,40
27467,5729337,650
27468,5729337,290
27469,5729337,500
27470,5729337,140
27471,5729337,70
27472,5729337,120
27473,5729337,230
27474,5729337,30
27475,5729337,70
27476,5729337,120
27477,5729337,60
27478,5729337,590
27479,5729337,440
27480,5729337,20
27481,5729337,60
27482,5729337,60
27483,5729337,10
27484,5729337,230
27485,5729337,20
27486,5729337,40
27487,5729337,630
27488,5729337,1300
27489,5729337,110
27490,5729337,140
27491,5729337,160
27492,5729337,10
27493,5729337,880
27494,5729337,30
27495,5729337,220
27496,5729337,150
27497,5729337,30
27498,5729337,630
27499,5729337,420
27500,5729337,60
27501,5729337,90
27502,5729337,160
27503,5729337,170
27504,5729337,170
27505,5729337,60
27506,5729337,1320
27507,5729337,300
27508,5729337,30
27509,5729337,100
27510,5729337,140
27511,5729337,30
27512,5729337,120
27513,5729337,160
27514,5729337,10
27515,5729337,20
27516,5729337,220
27517,5729337,200
27518,5729337,650
27519,5729337,380
27520,5729337,230
27521,5729337,90
27522,5729337,10
27523,5729337,30
27524,5729337,160
27525,5729337,630
27526,5729337,10
27527,5729337,170
27528,5729337,290
27529,5729337,200
27530,5729337,160
27531,5729337,40
27532,5729337,170
27533,5729337,120
27534,5729337,90
27535,5729337,90
27536,5729337,720
27537,5729337,70
27538,5729337,500
27539,5729337,930
27540,5729337,160
27541,5729337,120
27542,5729337,230
27543,5729337,40
27544,5729337,60
27545,5729337,100
27546,5729337,720
27547,5729337,200
27548,5729337,60
27549,5729337,30
27550,5729337,90
27551,5729337,20
27552,5729337,90
27553,5729337,150
27554,5729337,280
27555,5729337,50
27556,5729337,390
27557,5729337,90
27558,5729337,50
27559,5729337,270
27560,5729337,20
27561,5729337,220
27562,5729337,200
27563,5729337,800
27564,5729337,380
27565,5729337,340
27566,5729337,10
27567,5729337,940
27568,5729337,20
27569,5729337,220
27570,5729337,20
27571,5729337,270
27572,5729337,70
27573,5729337,290
27574,5729337,90
27575,5729337,10
27576,5729337,500
27577,5729337,470
27578,5729337,120
27579,5729337,220
27580,5729337,120
27581,5729337,50
27582,5729337,930
27583,5729337,30
27584,5729337,100
27585,5729337,50
27586,5729337,150
27587,5729337,40
27588,5729337,90
27589,5729337,160
27590,5729337,60
27591,5729337,90
27592,5729337,810
27593,5729337,220
27594,5729337,660
27595,5729337,50
27596,5729337,110
27597,5729337,50
27598,5729337,90
27599,5729337,250
27600,5729337,20
27601,5729337,60
27602,5729337,270
27603,5729337,90
27604,5729337,240
27605,5729337,50
27606,5729337,10
27607,5729337,40
27608,5729337,230
27609,5729337,90
27610,5729337,30
27611,5729337,190
27612,5729337,220
27613,5729337,440
27614,5729337,1300
27615,5729337,80
27616,5729337,60
27617,5729337,500
27618,5729337,340
27619,5729337,200
27620,5729337,10
27621,5729337,170
27622,5729337,50
27623,5729337,160
27624,5729337,200
27625,5729337,100
27626,5729337,150
27627,5729337,60
27628,5729337,230
27629,5729337,30
27630,5729337,500
27631,5729337,30
27632,5729337,130
27633,5729337,30
27634,5729337,380
27635,5729337,90
27636,5729337,10
27637,5729337,20
27638,5729337,60
27639,5729337,460
27640,5729337,30
27641,5729337,630
27642,5729337,230
27643,5729337,90
27644,5729337,170
27645,5729337,80
27646,5729337,1370
27647,5729337,60
27648,5729337,90
27649,5729337,60
27650,5729337,90
27651,5729337,80
27652,5729337,170
27653,5729337,40
27654,5729337,60
27655,5729337,720
27656,5729337,250
27657,5729337,120
27658,5729337,80
27659,5729337,110
27660,5729337,100
27661,5729337,250
27662,5729337,20
27663,5729337,90
27664,5729337,60
27665,5729337,40
27666,5729337,170
27667,5729337,290
27668,5729337,20
27669,5729337,880
27670,5729337,1520
27671,5729337,30
27672,5729337,30
27673,5729337,280
27674,5729337,80
27675,5729337,140
27676,5729337,500
27677,5729337,70
27678,5729337,200
27679,5729337,90
27680,5729337,160
27681,5729337,120
27682,5729337,420
27683,5729337,220
27684,5729337,50
27685,5729337,90
27686,5729337,90
27687,5729337,30
27688,5729337,40
27689,5729337,80
27690,5729337,90
27691,5729337,900
27692,5729337,290
27693,5729337,60
27694,5729337,130
27695,5729337,970
27696,5729337,20
27697,5729337,50
27698,5729337,170
27699,5729337,90
27700,5729337,40
27701,5729337,70
27702,5729337,30
27703,5729337,170
27704,5729337,940
27705,5729337,140
27706,5729337,70
27707,5729337,30
27708,5729337,220
27709,5729337,220
27710,5729337,160
27711,5729337,150
27712,5729337,60
27713,5729337,50
27714,5729337,60
27715,5729337,120
27716,5729337,150
27717,5729337,30
27718,5729337,50
27719,5729337,1890
27720,5729337,880
27721,5729337,160
27722,5729337,290
27723,5729337,30
27724,5729337,10
27725,5729337,220
27726,5729337,1300
27727,5729337,1300
27728,5729337,70
27729,5729337,120
27730,5729337,50
27731,5729337,50
27732,5729337,90
27733,5729337,160
27734,5729337,170
27735,5729337,70
27736,5729337,190
27737,5729337,60
27738,5729337,50
27739,5729337,630
27740,5729337,240
27741,5729337,90
27742,5729337,70
27743,5729337,30
27744,5729337,140
27745,5729337,230
27746,5729337,420
27747,5729337,90
27748,5729337,120
27749,5729337,100
27750,5729337,40
27751,5729337,320
27752,5729337,120
27753,5729337,100
27754,5729337,10
27755,5729337,170
27756,5729337,290
27757,5729337,60
27758,5729337,170
27759,5729337,70
27760,5729337,10
27761,5729337,20
27762,5729337,50
27763,5729337,40
27764,5729337,70
27765,5729337,30
27766,5729337,80
27767,5729337,40
27768,5729337,140
27769,5729337,40
27770,5729337,40
27771,5729337,170
27772,5729337,150
27773,5729337,10
27774,5729337,140
27775,5729337,60
27776,5729337,90
27777,5729337,500
27778,5729337,90
27779,5729337,130
27780,5729337,60
27781,5729337,500
27782,5729337,60
27783,5729337,90
27784,5729337,20
27785,5729337,40
27786,5729337,120
27787,5729337,120
27788,5729337,20
27789,5729337,290
27790,5729337,130
27791,5729337,40
27792,5729337,150
27793,5729337,40
27794,5729337,120
27795,5729337,60
27796,5729337,140
27797,5729337,100
27798,5729337,20
27799,5729337,1300
27800,5729337,30
27801,5729337,1350
27802,5729337,930
27803,5729337,130
27804,5729337,90
27805,5729337,1300
27806,5729337,120
27807,5729337,20
27808,5729337,150
27809,5729337,50
27810,5729337,440
27811,5729337,50
27812,5729337,50
27813,5729337,140
27814,5729337,60
27815,5729337,230
27816,5729337,290
27817,5729337,160
27818,5729337,200
27819,5729337,60
27820,5729337,10
27821,5729337,670
27822,5729337,140
27823,5729337,150
27824,5729337,90
27825,5729337,320
27826,5729337,150
27827,5729337,200
27828,5729337,20
27829,5729337,60
27830,5729337,40
27831,5729337,290
27832,5729337,130
27833,5729337,100
27834,5729337,20
27835,5729337,230
27836,5729337,880
27837,5729337,120
27838,5729337,100
27839,5729337,60
27840,5729337,60
27841,5729337,40
27842,5729337,390
27843,5729337,20
27844,5729337,60
27845,5729337,20
27846,5729337,440
27847,5729337,200
27848,5729337,120
27849,5729337,80
27850,5729337,190
27851,5729337,290
27852,5729337,50
27853,5729337,930
27854,5729337,90
27855,5729337,20
27856,5729337,20
27857,5729337,120
27858,5729337,220
27859,5729337,10
27860,5729337,40
27861,5729337,130
27862,5729337,60
27863,5729337,220
27864,5729337,270
27865,5729337,650
27866,5729337,230
27867,5729337,100
27868,5729337,10
27869,5729337,1350
27870,5729337,100
27871,5729337,120
27872,5729337,880
27873,5729337,140
27874,5729337,160
27875,5729337,220
27876,5729337,70
27877,5729337,140
27878,5729337,60
27879,5729337,290
27880,5729337,220
27881,5729337,440
27882,5729337,110
27883,5729337,50
27884,5729337,60
27885,5729337,270
27886,5729337,270
27887,5729337,30
27888,5729337,590
27889,5729337,680
27890,5729337,90
27891,5729337,420
27892,5729337,340
27893,5729337,80
27894,5729337,1300
27895,5729337,20
27896,5729337,20
27897,5729337,10
27898,5729337,340
27899,5729337,230
27900,5729337,880
27901,5729337,100
27902,5729337,130
27903,5729337,590
27904,5729337,360
27905,5729337,220
27906,5729337,90
27907,5729337,230
27908,5729337,160
27909,5729337,50
27910,5729337,20
27911,5729337,50
27912,5729337,120
27913,5729337,60
27914,5729337,20
27915,5729337,30
27916,5729337,2870
27917,5729337,930
27918,5729337,140
27919,5729337,1550
27920,5729337,140
27921,5729337,880
27922,5729337,50
27923,5729337,150
27924,5729337,420
27925,5729337,270
27926,5729337,440
27927,5729337,250
27928,5729337,930
27929,5729337,20
27930,5729337,50
27931,5729337,90
27932,5729337,90
27933,5729337,10
27934,5729337,290
27935,5729337,110
27936,5729337,290
27937,5729337,90
27938,5729337,530
27939,5729337,60
27940,5729337,20
27941,5729337,60
27942,5729337,230
27943,5729337,10
27944,5729337,90
27945,5729337,720
27946,5729337,80
27947,5729337,140
27948,5729337,50
27949,5729337,150
27950,5729337,1300
27951,5729337,60
27952,5729337,160
27953,5729337,880
27954,5729337,60
27955,5729337,50
27956,5729337,90
27957,5729337,130
27958,5729337,140
27959,5729337,90
27960,5729337,190
27961,5729337,220
27962,5729337,110
27963,5729337,60
27964,5729337,30
27965,5729337,190
27966,5729337,50
27967,5729337,80
27968,5729337,60
27969,5729337,140
27970,5729337,30
27971,5729337,70
27972,5729337,20
27973,5729337,180
27974,5729337,120
27975,5729337,20
27976,5729337,100
27977,5729337,160
27978,5729337,40
27979,5729337,250
27980,5729337,440
27981,5729337,170
27982,5729337,40
27983,5729337,200
27984,5729337,30
27985,5729337,60
27986,5729337,20
27987,5729337,90
27988,5729337,190
27989,5729337,20
27990,5729337,120
27991,5729337,40
27992,5729337,110
27993,5729337,360
27994,5729337,40
27995,5729337,40
27996,5729337,60
27997,5729337,320
27998,5729337,120
27999,5729337,220
28000,5729337,420
28001,73917504,0
28002,73917504,0
28003,73917504,0
28004,73917504,0
28005,73917504,0
28006,73917504,0
28007,73917504,0
28008,73917504,0
28009,73917504,0
28010,73917504,0
28011,73917504,0
28012,73917504,0
28013,73917504,0
28014,73917504,0
28015,73917504,0
28016,73917504,0
28017,73917504,0
28018,73917504,0
28019,73917504,0
28020,73917504,0
28021,73917504,0
28022,73917504,0
28023,73917504,0
28024,73917504,0
28025,73917504,0
28026,73917504,0
28027,73917504,0
28028,73917504,0
28029,73917504,0
28030,73917504,0
28031,73917504,0
28032,73917504,0
28033,73917504,0
28034,73917504,0
28035,73917504,0
28036,73917504,0
28037,73917504,0
28038,73917504,0
28039,73917504,0
28040,73917504,0
28041,73917504,0
28042,73917504,0
28043,73917504,0
28044,73917504,0
28045,73917504,0
28046,73917504,0
28047,73917504,0
28048,73917504,0
28049,73917504,0
28050,73917504,0
28051,73917504,0
28052,73917504,0
28053,73917504,0
28054,73917504,0
28055,73917504,0
28056,73917504,0
28057,73917504,0
28058,73917504,0
28059,73917504,0
28060,73917504,0
28061,73917504,0
28062,73917504,0
28063,73917504,0
28064,73917504,0
28065,73917504,0
28066,73917504,0
28067,73917504,0
28068,73917504,0
28069,73917504,0
28070,73917504,0
28071,73917504,0
28072,73917504,0
28073,73917504,0
28074,73917504,0
28075,73917504,0
28076,73917504,0
28077,73917504,0
28078,73917504,0
28079,73917504,0
28080,73917504,0
28081,73917504,0
28082,73917504,0
28083,73917504,0
28084,73917504,0
28085,73917504,0
28086,73917504,0
28087,73917504,0
28088,73917504,0
28089,73917504,0
28090,73917504,0
28091,73917504,0
28092,73917504,0
28093,73917504,0
28094,73917504,0
28095,73917504,0
28096,73917504,0
28097,73917504,0
28098,73917504,0
28099,73917504,0
28100,73917504,0
28101,73917504,0
28102,73917504,0
28103,73917504,0
28104,73917504,0
28105,73917504,0
28106,73917504,0
28107,73917504,0
28108,73917504,0
28109,73917504,0
28110,73917504,0
28111,73917504,0
28112,73917504,0
28113,73917504,0
28114,73917504,0
28115,73917504,0
28116,73917504,0
28117,73917504,0
28118,73917504,0
28119,73917504,0
28120,73917504,0
28121,73917504,0
28122,73917504,0
28123,73917504,0
28124,73917504,0
28125,73917504,0
28126,73917504,0
28127,73917504,0
28128,73917504,0
28129,73917504,0
28130,73917504,0
28131,73917504,0
28132,73917504,0
28133,73917504,0
28134,73917504,0
28135,73917504,0
28136,73917504,0
28137,73917504,0
28138,73917504,0
28139,73917504,0
28140,73917504,0
28141,73917504,0
28142,73917504,0
28143,73917504,0
28144,73917504,0
28145,73917504,0
28146,73917504,0
28147,73917504,0
28148,73917504,0
28149,73917504,0
28150,73917504,0
28151,73917504,0
28152,73917504,0
28153,73917504,0
28154,73917504,0
28155,73917504,0
28156,73917504,0
28157,73917504,0
28158,73917504,0
28159,73917504,0
28160,73917504,0
28161,73917504,0
28162,73917504,0
28163,73917504,0
28164,73917504,0
28165,73917504,0
28166,73917504,0
28167,73917504,0
28168,73917504,0
28169,73917504,0
28170,73917504,0
28171,73917504,0
28172,73917504,0
28173,73917504,0
28174,73917504,0
28175,73917504,0
28176,73917504,0
28177,73917504,0
28178,73917504,0
28179,73917504,0
28180,73917504,0
28181,73917504,0
28182,73917504,0
28183,73917504,0
28184,73917504,0
28185,73917504,0
28186,73917504,0
28187,73917504,0
28188,73917504,0
28189,73917504,0
28190,73917504,0
28191,73917504,0
28192,73917504,0
28193,73917504,0
28194,73917504,0
28195,73917504,0
28196,73917504,0
28197,73917504,0
28198,73917504,0
28199,73917504,0
28200,73917504,0
28201,73917504,0
28202,73917504,0
28203,73917504,0
28204,73917504,0
28205,73917504,0
28206,73917504,0
28207,73917504,0
28208,73917504,0
28209,73917504,0
28210,73917504,0
28211,73917504,0
28212,73917504,0
28213,73917504,0
28214,73917504,0
28215,73917504,0
28216,73917504,0
28217,73917504,0
28218,73917504,0
28219,73917504,0
28220,73917504,0
28221,73917504,0
28222,73917504,0
28223,73917504,0
28224,73917504,0
28225,73917504,0
28226,73917504,0
28227,73917504,0
28228,73917504,0
28229,73917504,0
28230,73917504,0
28231,73917504,0
28232,73917504,0
28233,73917504,0
28234,73917504,0
28235,73917504,0
28236,73917504,0
28237,73917504,0
28238,73917504,0
28239,73917504,0
28240,73917504,0
28241,73917504,0
28242,73917504,0
28243,73917504,0
28244,73917504,0
28245,73917504,0
28246,73917504,0
28247,73917504,0
28248,73917504,0
28249,73917504,0
28250,73917504,0
28251,73917504,0
28252,73917504,0
28253,73917504,0
28254,73917504,0
28255,73917504,0
28256,73917504,0
28257,73917504,0
28258,73917504,0
28259,73917504,0
28260,73917504,0
28261,73917504,0
28262,73917504,0
28263,73917504,0
28264,73917504,0
28265,73917504,0
28266,73917504,0
28267,73917504,0
28268,73917504,0
28269,73917504,0
28270,73917504,0
28271,73917504,0
28272,73917504,0
28273,73917504,0
28274,73917504,0
28275,73917504,0
28276,73917504,0
28277,73917504,0
28278,73917504,0
28279,73917504,0
28280,73917504,0
28281,73917504,0
28282,73917504,0
28283,73917504,0
28284,73917504,0
28285,73917504,0
28286,73917504,0
28287,73917504,0
28288,73917504,0
28289,73917504,0
28290,73917504,0
28291,73917504,0
28292,73917504,0
28293,73917504,0
28294,73917504,0
28295,73917504,0
28296,73917504,0
28297,73917504,0
28298,73917504,0
28299,73917504,0
28300,73917504,0
28301,73917504,0
28302,73917504,0
28303,73917504,0
28304,73917504,0
28305,73917504,0
28306,73917504,0
28307,73917504,0
28308,73917504,0
28309,73917504,0
28310,73917504,0
28311,73917504,0
28312,73917504,0
28313,73917504,0
28314,73917504,0
28315,73917504,0
28316,73917504,0
28317,73917504,0
28318,73917504,0
28319,73917504,0
28320,73917504,0
28321,73917504,0
28322,73917504,0
28323,73917504,0
28324,73917504,0
28325,73917504,0
28326,73917504,0
28327,73917504,0
28328,73917504,0
28329,73917504,0
28330,73917504,0
28331,73917504,0
28332,73917504,0
28333,73917504,0
28334,73917504,0
28335,73917504,0
28336,73917504,0
28337,73917504,0
28338,73917504,0
28339,73917504,0
28340,73917504,0
28341,73917504,0
28342,73917504,0
28343,73917504,0
28344,73917504,0
28345,73917504,0
28346,73917504,0
28347,73917504,0
28348,73917504,0
28349,73917504,0
28350,73917504,0
28351,73917504,0
28352,73917504,0
28353,73917504,0
28354,73917504,0
28355,73917504,0
28356,73917504,0
28357,73917504,0
28358,73917504,0
28359,73917504,0
28360,73917504,0
28361,73917504,0
28362,73917504,0
28363,73917504,0
28364,73917504,0
28365,73917504,0
28366,73917504,0
28367,73917504,0
28368,73917504,0
28369,73917504,0
28370,73917504,0
28371,73917504,0
28372,73917504,0
28373,73917504,0
28374,73917504,0
28375,73917504,0
28376,73917504,0
28377,73917504,0
28378,73917504,0
28379,73917504,0
28380,73917504,0
28381,73917504,0
28382,73917504,0
28383,73917504,0
28384,73917504,0
28385,73917504,0
28386,73917504,0
28387,73917504,0
28388,73917504,0
28389,73917504,0
28390,73917504,0
28391,73917504,0
28392,73917504,0
28393,73917504,0
28394,73917504,0
28395,73917504,0
28396,73917504,0
28397,73917504,0
28398,73917504,0
28399,73917504,0
28400,73917504,0
28401,73917504,0
28402,73917504,0
28403,73917504,0
28404,73917504,0
28405,73917504,0
28406,73917504,0
28407,73917504,0
28408,73917504,0
28409,73917504,0
28410,73917504,0
28411,73917504,0
28412,73917504,0
28413,73917504,0
28414,73917504,0
28415,73917504,0
28416,73917504,0
28417,73917504,0
28418,73917504,0
28419,73917504,0
28420,73917504,0
28421,73917504,0
28422,73917504,0
28423,73917504,0
28424,73917504,0
28425,73917504,0
28426,73917504,0
28427,73917504,0
28428,73917504,0
28429,73917504,0
28430,73917504,0
28431,73917504,0
28432,73917504,0
28433,73917504,0
28434,73917504,0
28435,73917504,0
28436,73917504,0
28437,73917504,0
28438,73917504,0
28439,73917504,0
28440,73917504,0
28441,73917504,0
28442,73917504,0
28443,73917504,0
28444,73917504,0
28445,73917504,0
28446,73917504,0
28447,73917504,0
28448,73917504,0
28449,73917504,0
28450,73917504,0
28451,73917504,0
28452,73917504,0
28453,73917504,0
28454,73917504,0
28455,73917504,0
28456,73917504,0
28457,73917504,0
28458,73917504,0
28459,73917504,0
28460,73917504,0
28461,73917504,0
28462,73917504,0
28463,73917504,0
28464,73917504,0
28465,73917504,0
28466,73917504,0
28467,73917504,0
28468,73917504,0
28469,73917504,0
28470,73917504,0
28471,73917504,0
28472,73917504,0
28473,73917504,0
28474,73917504,0
28475,73917504,0
28476,73917504,0
28477,73917504,0
28478,73917504,0
28479,73917504,0
28480,73917504,0
28481,73917504,0
28482,73917504,0
28483,73917504,0
28484,73917504,0
28485,73917504,0
28486,73917504,0
28487,73917504,0
28488,73917504,0
28489,73917504,0
28490,73917504,0
28491,73917504,0
28492,73917504,0
28493,73917504,0
28494,73917504,0
28495,73917504,0
28496,73917504,0
28497,73917504,0
28498,73917504,0
28499,73917504,0
28500,73917504,0
28501,73917504,0
28502,73917504,0
28503,73917504,0
28504,73917504,0
28505,73917504,0
28506,73917504,0
28507,73917504,0
28508,73917504,0
28509,73917504,0
28510,73917504,0
28511,73917504,0
28512,73917504,0
28513,73917504,0
28514,73917504,0
28515,73917504,0
28516,73917504,0
28517,73917504,0
28518,73917504,0
28519,73917504,0
28520,73917504,0
28521,73917504,0
28522,73917504,0
28523,73917504,0
28524,73917504,0
28525,73917504,0
28526,73917504,0
28527,73917504,0
28528,73917504,0
28529,73917504,0
28530,73917504,0
28531,73917504,0
28532,73917504,0
28533,73917504,0
28534,73917504,0
28535,73917504,0
28536,73917504,0
28537,73917504,0
28538,73917504,0
28539,73917504,0
28540,73917504,0
28541,73917504,0
28542,73917504,0
28543,73917504,0
28544,73917504,0
28545,73917504,0
28546,73917504,0
28547,73917504,0
28548,73917504,0
28549,73917504,0
28550,73917504,0
28551,73917504,0
28552,73917504,0
28553,73917504,0
28554,73917504,0
28555,73917504,0
28556,73917504,0
28557,73917504,0
28558,73917504,0
28559,73917504,0
28560,73917504,0
28561,73917504,0
28562,73917504,0
28563,73917504,0
28564,73917504,0
28565,73917504,0
28566,73917504,0
28567,73917504,0
28568,73917504,0
28569,73917504,0
28570,73917504,0
28571,73917504,0
28572,73917504,0
28573,73917504,0
28574,73917504,0
28575,73917504,0
28576,73917504,0
28577,73917504,0
28578,73917504,0
28579,73917504,0
28580,73917504,0
28581,73917504,0
28582,73917504,0
28583,73917504,0
28584,73917504,0
28585,73917504,0
28586,73917504,0
28587,73917504,0
28588,73917504,0
28589,73917504,0
28590,73917504,0
28591,73917504,0
28592,73917504,0
28593,73917504,0
28594,73917504,0
28595,73917504,0
28596,73917504,0
28597,73917504,0
28598,73917504,0
28599,73917504,0
28600,73917504,0
28601,73917504,0
28602,73917504,0
28603,73917504,0
28604,73917504,0
28605,73917504,0
28606,73917504,0
28607,73917504,0
28608,73917504,0
28609,73917504,0
28610,73917504,0
28611,73917504,0
28612,73917504,0
28613,73917504,0
28614,73917504,0
28615,73917504,0
28616,73917504,0
28617,73917504,0
28618,73917504,0
28619,73917504,0
28620,73917504,0
28621,73917504,0
28622,73917504,0
28623,73917504,0
28624,73917504,0
28625,73917504,0
28626,73917504,0
28627,73917504,0
28628,73917504,0
28629,73917504,0
28630,73917504,0
28631,73917504,0
28632,73917504,0
28633,73917504,0
28634,73917504,0
28635,73917504,0
28636,73917504,0
28637,73917504,0
28638,73917504,0
28639,73917504,0
28640,73917504,0
28641,73917504,0
28642,73917504,0
28643,73917504,0
28644,73917504,0
28645,73917504,0
28646,73917504,0
28647,73917504,0
28648,73917504,0
28649,73917504,0
28650,73917504,0
28651,73917504,0
28652,73917504,0
28653,73917504,0
28654,73917504,0
28655,73917504,0
28656,73917504,0
28657,73917504,0
28658,73917504,0
28659,73917504,0
28660,73917504,0
28661,73917504,0
28662,73917504,0
28663,73917504,0
28664,73917504,0
28665,73917504,0
28666,73917504,0
28667,73917504,0
28668,73917504,0
28669,73917504,0
28670,73917504,0
28671,73917504,0
28672,73917504,0
28673,73917504,0
28674,73917504,0
28675,73917504,0
28676,73917504,0
28677,73917504,0
28678,73917504,0
28679,73917504,0
28680,73917504,0
28681,73917504,0
28682,73917504,0
28683,73917504,0
28684,73917504,0
28685,73917504,0
28686,73917504,0
28687,73917504,0
28688,73917504,0
28689,73917504,0
28690,73917504,0
28691,73917504,0
28692,73917504,0
28693,73917504,0
28694,73917504,0
28695,73917504,0
28696,73917504,0
28697,73917504,0
28698,73917504,0
28699,73917504,0
28700,73917504,0
28701,73917504,0
28702,73917504,0
28703,73917504,0
28704,73917504,0
28705,73917504,0
28706,73917504,0
28707,73917504,0
28708,73917504,0
28709,73917504,0
28710,73917504,0
28711,73917504,0
28712,73917504,0
28713,73917504,0
28714,73917504,0
28715,73917504,0
28716,73917504,0
28717,73917504,0
28718,73917504,0
28719,73917504,0
28720,73917504,0
28721,73917504,0
28722,73917504,0
28723,73917504,0
28724,73917504,0
28725,73917504,0
28726,73917504,0
28727,73917504,0
28728,73917504,0
28729,73917504,0
28730,73917504,0
28731,73917504,0
28732,73917504,0
28733,73917504,0
28734,73917504,0
28735,73917504,0
28736,73917504,0
28737,73917504,0
28738,73917504,0
28739,73917504,0
28740,73917504,0
28741,73917504,0
28742,73917504,0
28743,73917504,0
28744,73917504,0
28745,73917504,0
28746,73917504,0
28747,73917504,0
28748,73917504,0
28749,73917504,0
28750,73917504,0
28751,73917504,0
28752,73917504,0
28753,73917504,0
28754,73917504,0
28755,73917504,0
28756,73917504,0
28757,73917504,0
28758,73917504,0
28759,73917504,0
28760,73917504,0
28761,73917504,0
28762,73917504,0
28763,73917504,0
28764,73917504,0
28765,73917504,0
28766,73917504,0
28767,73917504,0
28768,73917504,0
28769,73917504,0
28770,73917504,0
28771,73917504,0
28772,73917504,0
28773,73917504,0
28774,73917504,0
28775,73917504,0
28776,73917504,0
28777,73917504,0
28778,73917504,0
28779,73917504,0
28780,73917504,0
28781,73917504,0
28782,73917504,0
28783,73917504,0
28784,73917504,0
28785,73917504,0
28786,73917504,0
28787,73917504,0
28788,73917504,0
28789,73917504,0
28790,73917504,0
28791,73917504,0
28792,73917504,0
28793,73917504,0
28794,73917504,0
28795,73917504,0
28796,73917504,0
28797,73917504,0
28798,73917504,0
28799,73917504,0
28800,73917504,0
28801,73917504,0
28802,73917504,0
28803,73917504,0
28804,73917504,0
28805,73917504,0
28806,73917504,0
28807,73917504,0
28808,73917504,0
28809,73917504,0
28810,73917504,0
28811,73917504,0
28812,73917504,0
28813,73917504,0
28814,73917504,0
28815,73917504,0
28816,73917504,0
28817,73917504,0
28818,73917504,0
28819,73917504,0
28820,73917504,0
28821,73917504,0
28822,73917504,0
28823,73917504,0
28824,73917504,0
28825,73917504,0
28826,73917504,0
28827,73917504,0
28828,73917504,0
28829,73917504,0
28830,73917504,0
28831,73917504,0
28832,73917504,0
28833,73917504,0
28834,73917504,0
28835,73917504,0
28836,73917504,0
28837,73917504,0
28838,73917504,0
28839,73917504,0
28840,73917504,0
28841,73917504,0
28842,73917504,0
28843,73917504,0
28844,73917504,0
28845,73917504,0
28846,73917504,0
28847,73917504,0
28848,73917504,0
28849,73917504,0
28850,73917504,0
28851,73917504,0
28852,73917504,0
28853,73917504,0
28854,73917504,0
28855,73917504,0
28856,73917504,0
28857,73917504,0
28858,73917504,0
28859,73917504,0
28860,73917504,0
28861,73917504,0
28862,73917504,0
28863,73917504,0
28864,73917504,0
28865,73917504,0
28866,73917504,0
28867,73917504,0
28868,73917504,0
28869,73917504,0
28870,73917504,0
28871,73917504,0
28872,73917504,0
28873,73917504,0
28874,73917504,0
28875,73917504,0
28876,73917504,0
28877,73917504,0
28878,73917504,0
28879,73917504,0
28880,73917504,0
28881,73917504,0
28882,73917504,0
28883,73917504,0
28884,73917504,0
28885,73917504,0
28886,73917504,0
28887,73917504,0
28888,73917504,0
28889,73917504,0
28890,73917504,0
28891,73917504,0
28892,73917504,0
28893,73917504,0
28894,73917504,0
28895,73917504,0
28896,73917504,0
28897,73917504,0
28898,73917504,0
28899,73917504,0
28900,73917504,0
28901,73917504,0
28902,73917504,0
28903,73917504,0
28904,73917504,0
28905,73917504,0
28906,73917504,0
28907,73917504,0
28908,73917504,0
28909,73917504,0
28910,73917504,0
28911,73917504,0
28912,73917504,0
28913,73917504,0
28914,73917504,0
28915,73917504,0
28916,73917504,0
28917,73917504,0
28918,73917504,0
28919,73917504,0
28920,73917504,0
28921,73917504,0
28922,73917504,0
28923,73917504,0
28924,73917504,0
28925,73917504,0
28926,73917504,0
28927,73917504,0
28928,73917504,0
28929,73917504,0
28930,73917504,0
28931,73917504,0
28932,73917504,0
28933,73917504,0
28934,73917504,0
28935,73917504,0
28936,73917504,0
28937,73917504,0
28938,73917504,0
28939,73917504,0
28940,73917504,0
28941,73917504,0
28942,73917504,0
28943,73917504,0
28944,73917504,0
28945,73917504,0
28946,73917504,0
28947,73917504,0
28948,73917504,0
28949,73917504,0
28950,73917504,0
28951,73917504,0
28952,73917504,0
28953,73917504,0
28954,73917504,0
28955,73917504,0
28956,73917504,0
28957,73917504,0
28958,73917504,0
28959,73917504,0
28960,73917504,0
28961,73917504,0
28962,73917504,0
28963,73917504,0
28964,73917504,0
28965,73917504,0
28966,73917504,0
28967,73917504,0
28968,73917504,0
28969,73917504,0
28970,73917504,0
28971,73917504,0
28972,73917504,0
28973,73917504,0
28974,73917504,0
28975,73917504,0
28976,73917504,0
28977,73917504,0
28978,73917504,0
28979,73917504,0
28980,73917504,0
28981,73917504,0
28982,73917504,0
28983,73917504,0
28984,73917504,0
28985,73917504,0
28986,73917504,0
28987,73917504,0
28988,73917504,0
28989,73917504,0
28990,73917504,0
28991,73917504,0
28992,73917504,0
28993,73917504,0
28994,73917504,0
28995,73917504,0
28996,73917504,0
28997,73917504,0
28998,73917504,0
28999,73917504,0
29000,73917504,0
29001,73917504,0
29002,73917504,0
29003,73917504,0
29004,73917504,0
29005,73917504,0
29006,73917504,0
29007,73917504,0
29008,73917504,0
29009,73917504,0
29010,73917504,0
29011,73917504,0
29012,73917504,0
29013,73917504,0
29014,73917504,0
29015,73917504,0
29016,73917504,0
29017,73917504,0
29018,73917504,0
29019,73917504,0
29020,73917504,0
29021,73917504,0
29022,73917504,0
29023,73917504,0
29024,73917504,0
29025,73917504,0
29026,73917504,0
29027,73917504,0
29028,73917504,0
29029,73917504,0
29030,73917504,0
29031,73917504,0
29032,73917504,0
29033,73917504,0
29034,73917504,0
29035,73917504,0
29036,73917504,0
29037,73917504,0
29038,73917504,0
29039,73917504,0
29040,73917504,0
29041,73917504,0
29042,73917504,0
29043,73917504,0
29044,73917504,0
29045,73917504,0
29046,73917504,0
29047,73917504,0
29048,73917504,0
29049,73917504,0
29050,73917504,0
29051,73917504,0
29052,73917504,0
29053,73917504,0
29054,73917504,0
29055,73917504,0
29056,73917504,0
29057,73917504,0
29058,73917504,0
29059,73917504,0
29060,73917504,0
29061,73917504,0
29062,73917504,0
29063,73917504,0
29064,73917504,0
29065,73917504,0
29066,73917504,0
29067,73917504,0
29068,73917504,0
29069,73917504,0
29070,73917504,0
29071,73917504,0
29072,73917504,0
29073,73917504,0
29074,73917504,0
29075,73917504,0
29076,73917504,0
29077,73917504,0
29078,73917504,0
29079,73917504,0
29080,73917504,0
29081,73917504,0
29082,73917504,0
29083,73917504,0
29084,73917504,0
29085,73917504,0
29086,73917504,0
29087,73917504,0
29088,73917504,0
29089,73917504,0
29090,73917504,0
29091,73917504,0
29092,73917504,0
29093,73917504,0
29094,73917504,0
29095,73917504,0
29096,73917504,0
29097,73917504,0
29098,73917504,0
29099,73917504,0
29100,73917504,0
29101,73917504,0
29102,73917504,0
29103,73917504,0
29104,73917504,0
29105,73917504,0
29106,73917504,0
29107,73917504,0
29108,73917504,0
29109,73917504,0
29110,73917504,0
29111,73917504,0
29112,73917504,0
29113,73917504,0
29114,73917504,0
29115,73917504,0
29116,73917504,0
29117,73917504,0
29118,73917504,0
29119,73917504,0
29120,73917504,0
29121,73917504,0
29122,73917504,0
29123,73917504,0
29124,73917504,0
29125,73917504,0
29126,73917504,0
29127,73917504,0
29128,73917504,0
29129,73917504,0
29130,73917504,0
29131,73917504,0
29132,73917504,0
29133,73917504,0
29134,73917504,0
29135,73917504,0
29136,73917504,0
29137,73917504,0
29138,73917504,0
29139,73917504,0
29140,73917504,0
29141,73917504,0
29142,73917504,0
29143,73917504,0
29144,73917504,0
29145,73917504,0
29146,73917504,0
29147,73917504,0
29148,73917504,0
29149,73917504,0
29150,73917504,0
29151,73917504,0
29152,73917504,0
29153,73917504,0
29154,73917504,0
29155,73917504,0
29156,73917504,0
29157,73917504,0
29158,73917504,0
29159,73917504,0
29160,73917504,0
29161,73917504,0
29162,73917504,0
29163,73917504,0
29164,73917504,0
29165,73917504,0
29166,73917504,0
29167,73917504,0
29168,73917504,0
29169,73917504,0
29170,73917504,0
29171,73917504,0
29172,73917504,0
29173,73917504,0
29174,73917504,0
29175,73917504,0
29176,73917504,0
29177,73917504,0
29178,73917504,0
29179,73917504,0
29180,73917504,0
29181,73917504,0
29182,73917504,0
29183,73917504,0
29184,73917504,0
29185,73917504,0
29186,73917504,0
29187,73917504,0
29188,73917504,0
29189,73917504,0
29190,73917504,0
29191,73917504,0
29192,73917504,0
29193,73917504,0
29194,73917504,0
29195,73917504,0
29196,73917504,0
29197,73917504,0
29198,73917504,0
29199,73917504,0
29200,73917504,0
29201,73917504,0
29202,73917504,0
29203,73917504,0
29204,73917504,0
29205,73917504,0
29206,73917504,0
29207,73917504,0
29208,73917504,0
29209,73917504,0
29210,73917504,0
29211,73917504,0
29212,73917504,0
29213,73917504,0
29214,73917504,0
29215,73917504,0
29216,73917504,0
29217,73917504,0
29218,73917504,0
29219,73917504,0
29220,73917504,0
29221,73917504,0
29222,73917504,0
29223,73917504,0
29224,73917504,0
29225,73917504,0
29226,73917504,0
29227,73917504,0
29228,73917504,0
29229,73917504,0
29230,73917504,0
29231,73917504,0
29232,73917504,0
29233,73917504,0
29234,73917504,0
29235,73917504,0
29236,73917504,0
29237,73917504,0
29238,73917504,0
29239,73917504,0
29240,73917504,0
29241,73917504,0
29242,73917504,0
29243,73917504,0
29244,73917504,0
29245,73917504,0
29246,73917504,0
29247,73917504,0
29248,73917504,0
29249,73917504,0
29250,73917504,0
29251,73917504,0
29252,73917504,0
29253,73917504,0
29254,73917504,0
29255,73917504,0
29256,73917504,0
29257,73917504,0
29258,73917504,0
29259,73917504,0
29260,73917504,0
29261,73917504,0
29262,73917504,0
29263,73917504,0
29264,73917504,0
29265,73917504,0
29266,73917504,0
29267,73917504,0
29268,73917504,0
29269,73917504,0
29270,73917504,0
29271,73917504,0
29272,73917504,0
29273,73917504,0
29274,73917504,0
29275,73917504,0
29276,73917504,0
29277,73917504,0
29278,73917504,0
29279,73917504,0
29280,73917504,0
29281,73917504,0
29282,73917504,0
29283,73917504,0
29284,73917504,0
29285,73917504,0
29286,73917504,0
29287,73917504,0
29288,73917504,0
29289,73917504,0
29290,73917504,0
29291,73917504,0
29292,73917504,0
29293,73917504,0
29294,73917504,0
29295,73917504,0
29296,73917504,0
29297,73917504,0
29298,73917504,0
29299,73917504,0
29300,73917504,0
29301,73917504,0
29302,73917504,0
29303,73917504,0
29304,73917504,0
29305,73917504,0
29306,73917504,0
29307,73917504,0
29308,73917504,0
29309,73917504,0
29310,73917504,0
29311,73917504,0
29312,73917504,0
29313,73917504,0
29314,73917504,0
29315,73917504,0
29316,73917504,0
29317,73917504,0
29318,73917504,0
29319,73917504,0
29320,73917504,0
29321,73917504,0
29322,73917504,0
29323,73917504,0
29324,73917504,0
29325,73917504,0
29326,73917504,0
29327,73917504,0
29328,73917504,0
29329,73917504,0
29330,73917504,0
29331,73917504,0
29332,73917504,0
29333,73917504,0
29334,73917504,0
29335,73917504,0
29336,73917504,0
29337,73917504,0
29338,73917504,0
29339,73917504,0
29340,73917504,0
29341,73917504,0
29342,73917504,0
29343,73917504,0
29344,73917504,0
29345,73917504,0
29346,73917504,0
29347,73917504,0
29348,73917504,0
29349,73917504,0
29350,73917504,0
29351,73917504,0
29352,73917504,0
29353,73917504,0
29354,73917504,0
29355,73917504,0
29356,73917504,0
29357,73917504,0
29358,73917504,0
29359,73917504,0
29360,73917504,0
29361,73917504,0
29362,73917504,0
29363,73917504,0
29364,73917504,0
29365,73917504,0
29366,73917504,0
29367,73917504,0
29368,73917504,0
29369,73917504,0
29370,73917504,0
29371,73917504,0
29372,73917504,0
29373,73917504,0
29374,73917504,0
29375,73917504,0
29376,73917504,0
29377,73917504,0
29378,73917504,0
29379,73917504,0
29380,73917504,0
29381,73917504,0
29382,73917504,0
29383,73917504,0
29384,73917504,0
29385,73917504,0
29386,73917504,0
29387,73917504,0
29388,73917504,0
29389,73917504,0
29390,73917504,0
29391,73917504,0
29392,73917504,0
29393,73917504,0
29394,73917504,0
29395,73917504,0
29396,73917504,0
29397,73917504,0
29398,73917504,0
29399,73917504,0
29400,73917504,0
29401,73917504,0
29402,73917504,0
29403,73917504,0
29404,73917504,0
29405,73917504,0
29406,73917504,0
29407,73917504,0
29408,73917504,0
29409,73917504,0
29410,73917504,0
29411,73917504,0
29412,73917504,0
29413,73917504,0
29414,73917504,0
29415,73917504,0
29416,73917504,0
29417,73917504,0
29418,73917504,0
29419,73917504,0
29420,73917504,0
29421,73917504,0
29422,73917504,0
29423,73917504,0
29424,73917504,0
29425,73917504,0
29426,73917504,0
29427,73917504,0
29428,73917504,0
29429,73917504,0
29430,73917504,0
29431,73917504,0
29432,73917504,0
29433,73917504,0
29434,73917504,0
29435,73917504,0
29436,73917504,0
29437,73917504,0
29438,73917504,0
29439,73917504,0
29440,73917504,0
29441,73917504,0
29442,73917504,0
29443,73917504,0
29444,73917504,0
29445,73917504,0
29446,73917504,0
29447,73917504,0
29448,73917504,0
29449,73917504,0
29450,73917504,0
29451,73917504,0
29452,73917504,0
29453,73917504,0
29454,73917504,0
29455,73917504,0
29456,73917504,0
29457,73917504,0
29458,73917504,0
29459,73917504,0
29460,73917504,0
29461,73917504,0
29462,73917504,0
29463,73917504,0
29464,73917504,0
29465,73917504,0
29466,73917504,0
29467,73917504,0
29468,73917504,0
29469,73917504,0
29470,73917504,0
29471,73917504,0
29472,73917504,0
29473,73917504,0
29474,73917504,0
29475,73917504,0
29476,73917504,0
29477,73917504,0
29478,73917504,0
29479,73917504,0
29480,73917504,0
29481,73917504,0
29482,73917504,0
29483,73917504,0
29484,73917504,0
29485,73917504,0
29486,73917504,0
29487,73917504,0
29488,73917504,0
29489,73917504,0
29490,73917504,0
29491,73917504,0
29492,73917504,0
29493,73917504,0
29494,73917504,0
29495,73917504,0
29496,73917504,0
29497,73917504,0
29498,73917504,0
29499,73917504,0
29500,73917504,0
29501,73917504,0
29502,73917504,0
29503,73917504,0
29504,73917504,0
29505,73917504,0
29506,73917504,0
29507,73917504,0
29508,73917504,0
29509,73917504,0
29510,73917504,0
29511,73917504,0
29512,73917504,0
29513,73917504,0
29514,73917504,0
29515,73917504,0
29516,73917504,0
29517,73917504,0
29518,73917504,0
29519,73917504,0
29520,73917504,0
29521,73917504,0
29522,73917504,0
29523,73917504,0
29524,73917504,0
29525,73917504,0
29526,73917504,0
29527,73917504,0
29528,73917504,0
29529,73917504,0
29530,73917504,0
29531,73917504,0
29532,73917504,0
29533,73917504,0
29534,73917504,0
29535,73917504,0
29536,73917504,0
29537,73917504,0
29538,73917504,0
29539,73917504,0
29540,73917504,0
29541,73917504,0
29542,73917504,0
29543,73917504,0
29544,73917504,0
29545,73917504,0
29546,73917504,0
29547,73917504,0
29548,73917504,0
29549,73917504,0
29550,73917504,0
29551,73917504,0
29552,73917504,0
29553,73917504,0
29554,73917504,0
29555,73917504,0
29556,73917504,0
29557,73917504,0
29558,73917504,0
29559,73917504,0
29560,73917504,0
29561,73917504,0
29562,73917504,0
29563,73917504,0
29564,73917504,0
29565,73917504,0
29566,73917504,0
29567,73917504,0
29568,73917504,0
29569,73917504,0
29570,73917504,0
29571,73917504,0
29572,73917504,0
29573,73917504,0
29574,73917504,0
29575,73917504,0
29576,73917504,0
29577,73917504,0
29578,73917504,0
29579,73917504,0
29580,73917504,0
29581,73917504,0
29582,73917504,0
29583,73917504,0
29584,73917504,0
29585,73917504,0
29586,73917504,0
29587,73917504,0
29588,73917504,0
29589,73917504,0
29590,73917504,0
29591,73917504,0
29592,73917504,0
29593,73917504,0
29594,73917504,0
29595,73917504,0
29596,73917504,0
29597,73917504,0
29598,73917504,0
29599,73917504,0
29600,73917504,0
29601,73917504,0
29602,73917504,0
29603,73917504,0
29604,73917504,0
29605,73917504,0
29606,73917504,0
29607,73917504,0
29608,73917504,0
29609,73917504,0
29610,73917504,0
29611,73917504,0
29612,73917504,0
29613,73917504,0
29614,73917504,0
29615,73917504,0
29616,73917504,0
29617,73917504,0
29618,73917504,0
29619,73917504,0
29620,73917504,0
29621,73917504,0
29622,73917504,0
29623,73917504,0
29624,73917504,0
29625,73917504,0
29626,73917504,0
29627,73917504,0
29628,73917504,0
29629,73917504,0
29630,73917504,0
29631,73917504,0
29632,73917504,0
29633,73917504,0
29634,73917504,0
29635,73917504,0
29636,73917504,0
29637,73917504,0
29638,73917504,0
29639,73917504,0
29640,73917504,0
29641,73917504,0
29642,73917504,0
29643,73917504,0
29644,73917504,0
29645,73917504,0
29646,73917504,0
29647,73917504,0
29648,73917504,0
29649,73917504,0
29650,73917504,0
29651,73917504,0
29652,73917504,0
29653,73917504,0
29654,73917504,0
29655,73917504,0
29656,73917504,0
29657,73917504,0
29658,73917504,0
29659,73917504,0
29660,73917504,0
29661,73917504,0
29662,73917504,0
29663,73917504,0
29664,73917504,0
29665,73917504,0
29666,73917504,0
29667,73917504,0
29668,73917504,0
29669,73917504,0
29670,73917504,0
29671,73917504,0
29672,73917504,0
29673,73917504,0
29674,73917504,0
29675,73917504,0
29676,73917504,0
29677,73917504,0
29678,73917504,0
29679,73917504,0
29680,73917504,0
29681,73917504,0
29682,73917504,0
29683,73917504,0
29684,73917504,0
29685,73917504,0
29686,73917504,0
29687,73917504,0
29688,73917504,0
29689,73917504,0
29690,73917504,0
29691,73917504,0
29692,73917504,0
29693,73917504,0
29694,73917504,0
29695,73917504,0
29696,73917504,0
29697,73917504,0
29698,73917504,0
29699,73917504,0
29700,73917504,0
29701,73917504,0
29702,73917504,0
29703,73917504,0
29704,73917504,0
29705,73917504,0
29706,73917504,0
29707,73917504,0
29708,73917504,0
29709,73917504,0
29710,73917504,0
29711,73917504,0
29712,73917504,0
29713,73917504,0
29714,73917504,0
29715,73917504,0
29716,73917504,0
29717,73917504,0
29718,73917504,0
29719,73917504,0
29720,73917504,0
29721,73917504,0
29722,73917504,0
29723,73917504,0
29724,73917504,0
29725,73917504,0
29726,73917504,0
29727,73917504,0
29728,73917504,0
29729,73917504,0
29730,73917504,0
29731,73917504,0
29732,73917504,0
29733,73917504,0
29734,73917504,0
29735,73917504,0
29736,73917504,0
29737,73917504,0
29738,73917504,0
29739,73917504,0
29740,73917504,0
29741,73917504,0
29742,73917504,0
29743,73917504,0
29744,73917504,0
29745,73917504,0
29746,73917504,0
29747,73917504,0
29748,73917504,0
29749,73917504,0
29750,73917504,0
29751,73917504,0
29752,73917504,0
29753,73917504,0
29754,73917504,0
29755,73917504,0
29756,73917504,0
29757,73917504,0
29758,73917504,0
29759,73917504,0
29760,73917504,0
29761,73917504,0
29762,73917504,0
29763,73917504,0
29764,73917504,0
29765,73917504,0
29766,73917504,0
29767,73917504,0
29768,73917504,0
29769,73917504,0
29770,73917504,0
29771,73917504,0
29772,73917504,0
29773,73917504,0
29774,73917504,0
29775,73917504,0
29776,73917504,0
29777,73917504,0
29778,73917504,0
29779,73917504,0
29780,73917504,0
29781,73917504,0
29782,73917504,0
29783,73917504,0
29784,73917504,0
29785,73917504,0
29786,73917504,0
29787,73917504,0
29788,73917504,0
29789,73917504,0
29790,73917504,0
29791,73917504,0
29792,73917504,0
29793,73917504,0
29794,73917504,0
29795,73917504,0
29796,73917504,0
29797,73917504,0
29798,73917504,0
29799,73917504,0
29800,73917504,0
29801,73917504,0
29802,73917504,0
29803,73917504,0
29804,73917504,0
29805,73917504,0
29806,73917504,0
29807,73917504,0
29808,73917504,0
29809,73917504,0
29810,73917504,0
29811,73917504,0
29812,73917504,0
29813,73917504,0
29814,73917504,0
29815,73917504,0
29816,73917504,0
29817,73917504,0
29818,73917504,0
29819,73917504,0
29820,73917504,0
29821,73917504,0
29822,73917504,0
29823,73917504,0
29824,73917504,0
29825,73917504,0
29826,73917504,0
29827,73917504,0
29828,73917504,0
29829,73917504,0
29830,73917504,0
29831,73917504,0
29832,73917504,0
29833,73917504,0
29834,73917504,0
29835,73917504,0
29836,73917504,0
29837,73917504,0
29838,73917504,0
29839,73917504,0
29840,73917504,0
29841,73917504,0
29842,73917504,0
29843,73917504,0
29844,73917504,0
29845,73917504,0
29846,73917504,0
29847,73917504,0
29848,73917504,0
29849,73917504,0
29850,73917504,0
29851,73917504,0
29852,73917504,0
29853,73917504,0
29854,73917504,0
29855,73917504,0
29856,73917504,0
29857,73917504,0
29858,73917504,0
29859,73917504,0
29860,73917504,0
29861,73917504,0
29862,73917504,0
29863,73917504,0
29864,73917504,0
29865,73917504,0
29866,73917504,0
29867,73917504,0
29868,73917504,0
29869,73917504,0
29870,73917504,0
29871,73917504,0
29872,73917504,0
29873,73917504,0
29874,73917504,0
29875,73917504,0
29876,73917504,0
29877,73917504,0
29878,73917504,0
29879,73917504,0
29880,73917504,0
29881,73917504,0
29882,73917504,0
29883,73917504,0
29884,73917504,0
29885,73917504,0
29886,73917504,0
29887,73917504,0
29888,73917504,0
29889,73917504,0
29890,73917504,0
29891,73917504,0
29892,73917504,0
29893,73917504,0
29894,73917504,0
29895,73917504,0
29896,73917504,0
29897,73917504,0
29898,73917504,0
29899,73917504,0
29900,73917504,0
29901,73917504,0
29902,73917504,0
29903,73917504,0
29904,73917504,0
29905,73917504,0
29906,73917504,0
29907,73917504,0
29908,73917504,0
29909,73917504,0
29910,73917504,0
29911,73917504,0
29912,73917504,0
29913,73917504,0
29914,73917504,0
29915,73917504,0
29916,73917504,0
29917,73917504,0
29918,73917504,0
29919,73917504,0
29920,73917504,0
29921,73917504,0
29922,73917504,0
29923,73917504,0
29924,73917504,0
29925,73917504,0
29926,73917504,0
29927,73917504,0
29928,73917504,0
29929,73917504,0
29930,73917504,0
29931,73917504,0
29932,73917504,0
29933,73917504,0
29934,73917504,0
29935,73917504,0
29936,73917504,0
29937,73917504,0
29938,73917504,0
29939,73917504,0
29940,73917504,0
29941,73917504,0
29942,73917504,0
29943,73917504,0
29944,73917504,0
29945,73917504,0
29946,73917504,0
29947,73917504,0
29948,73917504,0
29949,73917504,0
29950,73917504,0
29951,73917504,0
29952,73917504,0
29953,73917504,0
29954,73917504,0
29955,73917504,0
29956,73917504,0
29957,73917504,0
29958,73917504,0
29959,73917504,0
29960,73917504,0
29961,73917504,0
29962,73917504,0
29963,73917504,0
29964,73917504,0
29965,73917504,0
29966,73917504,0
29967,73917504,0
29968,73917504,0
29969,73917504,0
29970,73917504,0
29971,73917504,0
29972,73917504,0
29973,73917504,0
29974,73917504,0
29975,73917504,0
29976,73917504,0
29977,73917504,0
29978,73917504,0
29979,73917504,0
29980,73917504,0
29981,73917504,0
29982,73917504,0
29983,73917504,0
29984,73917504,0
29985,73917504,0
29986,73917504,0
29987,73917504,0
29988,73917504,0
29989,73917504,0
29990,73917504,0
29991,73917504,0
29992,73917504,0
29993,73917504,0
29994,73917504,0
29995,73917504,0
29996,73917504,0
29997,73917504,0
29998,73917504,0
29999,73917504,0
30000,73917504,0
30001,73917504,0
30002,73917504,0
30003,73917504,0
30004,73917504,0
30005,73917504,0
30006,73917504,0
30007,73917504,0
30008,73917504,0
30009,73917504,0
30010,73917504,0
30011,73917504,0
30012,73917504,0
30013,73917504,0
30014,73917504,0
30015,73917504,0
30016,73917504,0
30017,73917504,0
30018,73917504,0
30019,73917504,0
30020,73917504,0
30021,73917504,0
30022,73917504,0
30023,73917504,0
30024,73917504,0
30025,73917504,0
30026,73917504,0
30027,73917504,0
30028,73917504,0
30029,73917504,0
30030,73917504,0
30031,73917504,0
30032,73917504,0
30033,73917504,0
30034,73917504,0
30035,73917504,0
30036,73917504,0
30037,73917504,0
30038,73917504,0
30039,73917504,0
30040,73917504,0
30041,73917504,0
30042,73917504,0
30043,73917504,0
30044,73917504,0
30045,73917504,0
30046,73917504,0
30047,73917504,0
30048,73917504,0
30049,73917504,0
30050,73917504,0
30051,73917504,0
30052,73917504,0
30053,73917504,0
30054,73917504,0
30055,73917504,0
30056,73917504,0
30057,73917504,0
30058,73917504,0
30059,73917504,0
30060,73917504,0
30061,73917504,0
30062,73917504,0
30063,73917504,0
30064,73917504,0
30065,73917504,0
30066,73917504,0
30067,73917504,0
30068,73917504,0
30069,73917504,0
30070,73917504,0
30071,73917504,0
30072,73917504,0
30073,73917504,0
30074,73917504,0
30075,73917504,0
30076,73917504,0
30077,73917504,0
30078,73917504,0
30079,73917504,0
30080,73917504,0
30081,73917504,0
30082,73917504,0
30083,73917504,0
30084,73917504,0
30085,73917504,0
30086,73917504,0
30087,73917504,0
30088,73917504,0
30089,73917504,0
30090,73917504,0
30091,73917504,0
30092,73917504,0
30093,73917504,0
30094,73917504,0
30095,73917504,0
30096,73917504,0
30097,73917504,0
30098,73917504,0
30099,73917504,0
30100,73917504,0
30101,73917504,0
30102,73917504,0
30103,73917504,0
30104,73917504,0
30105,73917504,0
30106,73917504,0
30107,73917504,0
30108,73917504,0
30109,73917504,0
30110,73917504,0
30111,73917504,0
30112,73917504,0
30113,73917504,0
30114,73917504,0
30115,73917504,0
30116,73917504,0
30117,73917504,0
30118,73917504,0
30119,73917504,0
30120,73917504,0
30121,73917504,0
30122,73917504,0
30123,73917504,0
30124,73917504,0
30125,73917504,0
30126,73917504,0
30127,73917504,0
30128,73917504,0
30129,73917504,0
30130,73917504,0
30131,73917504,0
30132,73917504,0
30133,73917504,0
30134,73917504,0
30135,73917504,0
30136,73917504,0
30137,73917504,0
30138,73917504,0
30139,73917504,0
30140,73917504,0
30141,73917504,0
30142,73917504,0
30143,73917504,0
30144,73917504,0
30145,73917504,0
30146,73917504,0
30147,73917504,0
30148,73917504,0
30149,73917504,0
30150,73917504,0
30151,73917504,0
30152,73917504,0
30153,73917504,0
30154,73917504,0
30155,73917504,0
30156,73917504,0
30157,73917504,0
30158,73917504,0
30159,73917504,0
30160,73917504,0
30161,73917504,0
30162,73917504,0
30163,73917504,0
30164,73917504,0
30165,73917504,0
30166,73917504,0
30167,73917504,0
30168,73917504,0
30169,73917504,0
30170,73917504,0
30171,73917504,0
30172,73917504,0
30173,73917504,0
30174,73917504,0
30175,73917504,0
30176,73917504,0
30177,73917504,0
30178,73917504,0
30179,73917504,0
30180,73917504,0
30181,73917504,0
30182,73917504,0
30183,73917504,0
30184,73917504,0
30185,73917504,0
30186,73917504,0
30187,73917504,0
30188,73917504,0
30189,73917504,0
30190,73917504,0
30191,73917504,0
30192,73917504,0
30193,73917504,0
30194,73917504,0
30195,73917504,0
30196,73917504,0
30197,73917504,0
30198,73917504,0
30199,73917504,0
30200,73917504,0
30201,73917504,0
30202,73917504,0
30203,73917504,0
30204,73917504,0
30205,73917504,0
30206,73917504,0
30207,73917504,0
30208,73917504,0
30209,73917504,0
30210,73917504,0
30211,73917504,0
30212,73917504,0
30213,73917504,0
30214,73917504,0
30215,73917504,0
30216,73917504,0
30217,73917504,0
30218,73917504,0
30219,73917504,0
30220,73917504,0
30221,73917504,0
30222,73917504,0
30223,73917504,0
30224,73917504,0
30225,73917504,0
30226,73917504,0
30227,73917504,0
30228,73917504,0
30229,73917504,0
30230,73917504,0
30231,73917504,0
30232,73917504,0
30233,73917504,0
30234,73917504,0
30235,73917504,0
30236,73917504,0
30237,73917504,0
30238,73917504,0
30239,73917504,0
30240,73917504,0
30241,73917504,0
30242,73917504,0
30243,73917504,0
30244,73917504,0
30245,73917504,0
30246,73917504,0
30247,73917504,0
30248,73917504,0
30249,73917504,0
30250,73917504,0
30251,73917504,0
30252,73917504,0
30253,73917504,0
30254,73917504,0
30255,73917504,0
30256,73917504,0
30257,73917504,0
30258,73917504,0
30259,73917504,0
30260,73917504,0
30261,73917504,0
30262,73917504,0
30263,73917504,0
30264,73917504,0
30265,73917504,0
30266,73917504,0
30267,73917504,0
30268,73917504,0
30269,73917504,0
30270,73917504,0
30271,73917504,0
30272,73917504,0
30273,73917504,0
30274,73917504,0
30275,73917504,0
30276,73917504,0
30277,73917504,0
30278,73917504,0
30279,73917504,0
30280,73917504,0
30281,73917504,0
30282,73917504,0
30283,73917504,0
30284,73917504,0
30285,73917504,0
30286,73917504,0
30287,73917504,0
30288,73917504,0
30289,73917504,0
30290,73917504,0
30291,73917504,0
30292,73917504,0
30293,73917504,0
30294,73917504,0
30295,73917504,0
30296,73917504,0
30297,73917504,0
30298,73917504,0
30299,73917504,0
30300,73917504,0
30301,73917504,0
30302,73917504,0
30303,73917504,0
30304,73917504,0
30305,73917504,0
30306,73917504,0
30307,73917504,0
30308,73917504,0
30309,73917504,0
30310,73917504,0
30311,73917504,0
30312,73917504,0
30313,73917504,0
30314,73917504,0
30315,73917504,0
30316,73917504,0
30317,73917504,0
30318,73917504,0
30319,73917504,0
30320,73917504,0
30321,73917504,0
30322,73917504,0
30323,73917504,0
30324,73917504,0
30325,73917504,0
30326,73917504,0
30327,73917504,0
30328,73917504,0
30329,73917504,0
30330,73917504,0
30331,73917504,0
30332,73917504,0
30333,73917504,0
30334,73917504,0
30335,73917504,0
30336,73917504,0
30337,73917504,0
30338,73917504,0
30339,73917504,0
30340,73917504,0
30341,73917504,0
30342,73917504,0
30343,73917504,0
30344,73917504,0
30345,73917504,0
30346,73917504,0
30347,73917504,0
30348,73917504,0
30349,73917504,0
30350,73917504,0
30351,73917504,0
30352,73917504,0
30353,73917504,0
30354,73917504,0
30355,73917504,0
30356,73917504,0
30357,73917504,0
30358,73917504,0
30359,73917504,0
30360,73917504,0
30361,73917504,0
30362,73917504,0
30363,73917504,0
30364,73917504,0
30365,73917504,0
30366,73917504,0
30367,73917504,0
30368,73917504,0
30369,73917504,0
30370,73917504,0
30371,73917504,0
30372,73917504,0
30373,73917504,0
30374,73917504,0
30375,73917504,0
30376,73917504,0
30377,73917504,0
30378,73917504,0
30379,73917504,0
30380,73917504,0
30381,73917504,0
30382,73917504,0
30383,73917504,0
30384,73917504,0
30385,73917504,0
30386,73917504,0
30387,73917504,0
30388,73917504,0
30389,73917504,0
30390,73917504,0
30391,73917504,0
30392,73917504,0
30393,73917504,0
30394,73917504,0
30395,73917504,0
30396,73917504,0
30397,73917504,0
30398,73917504,0
30399,73917504,0
30400,73917504,0
30401,73917504,0
30402,73917504,0
30403,73917504,0
30404,73917504,0
30405,73917504,0
30406,73917504,0
30407,73917504,0
30408,73917504,0
30409,73917504,0
30410,73917504,0
30411,73917504,0
30412,73917504,0
30413,73917504,0
30414,73917504,0
30415,73917504,0
30416,73917504,0
30417,73917504,0
30418,73917504,0
30419,73917504,0
30420,73917504,0
30421,73917504,0
30422,73917504,0
30423,73917504,0
30424,73917504,0
30425,73917504,0
30426,73917504,0
30427,73917504,0
30428,73917504,0
30429,73917504,0
30430,73917504,0
30431,73917504,0
30432,73917504,0
30433,73917504,0
30434,73917504,0
30435,73917504,0
30436,73917504,0
30437,73917504,0
30438,73917504,0
30439,73917504,0
30440,73917504,0
30441,73917504,0
30442,73917504,0
30443,73917504,0
30444,73917504,0
30445,73917504,0
30446,73917504,0
30447,73917504,0
30448,73917504,0
30449,73917504,0
30450,73917504,0
30451,73917504,0
30452,73917504,0
30453,73917504,0
30454,73917504,0
30455,73917504,0
30456,73917504,0
30457,73917504,0
30458,73917504,0
30459,73917504,0
30460,73917504,0
30461,73917504,0
30462,73917504,0
30463,73917504,0
30464,73917504,0
30465,73917504,0
30466,73917504,0
30467,73917504,0
30468,73917504,0
30469,73917504,0
30470,73917504,0
30471,73917504,0
30472,73917504,0
30473,73917504,0
30474,73917504,0
30475,73917504,0
30476,73917504,0
30477,73917504,0
30478,73917504,0
30479,73917504,0
30480,73917504,0
30481,73917504,0
30482,73917504,0
30483,73917504,0
30484,73917504,0
30485,73917504,0
30486,73917504,0
30487,73917504,0
30488,73917504,0
30489,73917504,0
30490,73917504,0
30491,73917504,0
30492,73917504,0
30493,73917504,0
30494,73917504,0
30495,73917504,0
30496,73917504,0
30497,73917504,0
30498,73917504,0
30499,73917504,0
30500,73917504,0
30501,73917504,0
30502,73917504,0
30503,73917504,0
30504,73917504,0
30505,73917504,0
30506,73917504,0
30507,73917504,0
30508,73917504,0
30509,73917504,0
30510,73917504,0
30511,73917504,0
30512,73917504,0
30513,73917504,0
30514,73917504,0
30515,73917504,0
30516,73917504,0
30517,73917504,0
30518,73917504,0
30519,73917504,0
30520,73917504,0
30521,73917504,0
30522,73917504,0
30523,73917504,0
30524,73917504,0
30525,73917504,0
30526,73917504,0
30527,73917504,0
30528,73917504,0
30529,73917504,0
30530,73917504,0
30531,73917504,0
30532,73917504,0
30533,73917504,0
30534,73917504,0
30535,73917504,0
30536,73917504,0
30537,73917504,0
30538,73917504,0
30539,73917504,0
30540,73917504,0
30541,73917504,0
30542,73917504,0
30543,73917504,0
30544,73917504,0
30545,73917504,0
30546,73917504,0
30547,73917504,0
30548,73917504,0
30549,73917504,0
30550,73917504,0
30551,73917504,0
30552,73917504,0
30553,73917504,0
30554,73917504,0
30555,73917504,0
30556,73917504,0
30557,73917504,0
30558,73917504,0
30559,73917504,0
30560,73917504,0
30561,73917504,0
30562,73917504,0
30563,73917504,0
30564,73917504,0
30565,73917504,0
30566,73917504,0
30567,73917504,0
30568,73917504,0
30569,73917504,0
30570,73917504,0
30571,73917504,0
30572,73917504,0
30573,73917504,0
30574,73917504,0
30575,73917504,0
30576,73917504,0
30577,73917504,0
30578,73917504,0
30579,73917504,0
30580,73917504,0
30581,73917504,0
30582,73917504,0
30583,73917504,0
30584,73917504,0
30585,73917504,0
30586,73917504,0
30587,73917504,0
30588,73917504,0
30589,73917504,0
30590,73917504,0
30591,73917504,0
30592,73917504,0
30593,73917504,0
30594,73917504,0
30595,73917504,0
30596,73917504,0
30597,73917504,0
30598,73917504,0
30599,73917504,0
30600,73917504,0
30601,73917504,0
30602,73917504,0
30603,73917504,0
30604,73917504,0
30605,73917504,0
30606,73917504,0
30607,73917504,0
30608,73917504,0
30609,73917504,0
30610,73917504,0
30611,73917504,0
30612,73917504,0
30613,73917504,0
30614,73917504,0
30615,73917504,0
30616,73917504,0
30617,73917504,0
30618,73917504,0
30619,73917504,0
30620,73917504,0
30621,73917504,0
30622,73917504,0
30623,73917504,0
30624,73917504,0
30625,73917504,0
30626,73917504,0
30627,73917504,0
30628,73917504,0
30629,73917504,0
30630,73917504,0
30631,73917504,0
30632,73917504,0
30633,73917504,0
30634,73917504,0
30635,73917504,0
30636,73917504,0
30637,73917504,0
30638,73917504,0
30639,73917504,0
30640,73917504,0
30641,73917504,0
30642,73917504,0
30643,73917504,0
30644,73917504,0
30645,73917504,0
30646,73917504,0
30647,73917504,0
30648,73917504,0
30649,73917504,0
30650,73917504,0
30651,73917504,0
30652,73917504,0
30653,73917504,0
30654,73917504,0
30655,73917504,0
30656,73917504,0
30657,73917504,0
30658,73917504,0
30659,73917504,0
30660,73917504,0
30661,73917504,0
30662,73917504,0
30663,73917504,0
30664,73917504,0
30665,73917504,0
30666,73917504,0
30667,73917504,0
30668,73917504,0
30669,73917504,0
30670,73917504,0
30671,73917504,0
30672,73917504,0
30673,73917504,0
30674,73917504,0
30675,73917504,0
30676,73917504,0
30677,73917504,0
30678,73917504,0
30679,73917504,0
30680,73917504,0
30681,73917504,0
30682,73917504,0
30683,73917504,0
30684,73917504,0
30685,73917504,0
30686,73917504,0
30687,73917504,0
30688,73917504,0
30689,73917504,0
30690,73917504,0
30691,73917504,0
30692,73917504,0
30693,73917504,0
30694,73917504,0
30695,73917504,0
30696,73917504,0
30697,73917504,0
30698,73917504,0
30699,73917504,0
30700,73917504,0
30701,73917504,0
30702,73917504,0
30703,73917504,0
30704,73917504,0
30705,73917504,0
30706,73917504,0
30707,73917504,0
30708,73917504,0
30709,73917504,0
30710,73917504,0
30711,73917504,0
30712,73917504,0
30713,73917504,0
30714,73917504,0
30715,73917504,0
30716,73917504,0
30717,73917504,0
30718,73917504,0
30719,73917504,0
30720,73917504,0
30721,73917504,0
30722,73917504,0
30723,73917504,0
30724,73917504,0
30725,73917504,0
30726,73917504,0
30727,73917504,0
30728,73917504,0
30729,73917504,0
30730,73917504,0
30731,73917504,0
30732,73917504,0
30733,73917504,0
30734,73917504,0
30735,73917504,0
30736,73917504,0
30737,73917504,0
30738,73917504,0
30739,73917504,0
30740,73917504,0
30741,73917504,0
30742,73917504,0
30743,73917504,0
30744,73917504,0
30745,73917504,0
30746,73917504,0
30747,73917504,0
30748,73917504,0
30749,73917504,0
30750,73917504,0
30751,73917504,0
30752,73917504,0
30753,73917504,0
30754,73917504,0
30755,73917504,0
30756,73917504,0
30757,73917504,0
30758,73917504,0
30759,73917504,0
30760,73917504,0
30761,73917504,0
30762,73917504,0
30763,73917504,0
30764,73917504,0
30765,73917504,0
30766,73917504,0
30767,73917504,0
30768,73917504,0
30769,73917504,0
30770,73917504,0
30771,73917504,0
30772,73917504,0
30773,73917504,0
30774,73917504,0
30775,73917504,0
30776,73917504,0
30777,73917504,0
30778,73917504,0
30779,73917504,0
30780,73917504,0
30781,73917504,0
30782,73917504,0
30783,73917504,0
30784,73917504,0
30785,73917504,0
30786,73917504,0
30787,73917504,0
30788,73917504,0
30789,73917504,0
30790,73917504,0
30791,73917504,0
30792,73917504,0
30793,73917504,0
30794,73917504,0
30795,73917504,0
30796,73917504,0
30797,73917504,0
30798,73917504,0
30799,73917504,0
30800,73917504,0
30801,73917504,0
30802,73917504,0
30803,73917504,0
30804,73917504,0
30805,73917504,0
30806,73917504,0
30807,73917504,0
30808,73917504,0
30809,73917504,0
30810,73917504,0
30811,73917504,0
30812,73917504,0
30813,73917504,0
30814,73917504,0
30815,73917504,0
30816,73917504,0
30817,73917504,0
30818,73917504,0
30819,73917504,0
30820,73917504,0
30821,73917504,0
30822,73917504,0
30823,73917504,0
30824,73917504,0
30825,73917504,0
30826,73917504,0
30827,73917504,0
30828,73917504,0
30829,73917504,0
30830,73917504,0
30831,73917504,0
30832,73917504,0
30833,73917504,0
30834,73917504,0
30835,73917504,0
30836,73917504,0
30837,73917504,0
30838,73917504,0
30839,73917504,0
30840,73917504,0
30841,73917504,0
30842,73917504,0
30843,73917504,0
30844,73917504,0
30845,73917504,0
30846,73917504,0
30847,73917504,0
30848,73917504,0
30849,73917504,0
30850,73917504,0
30851,73917504,0
30852,73917504,0
30853,73917504,0
30854,73917504,0
30855,73917504,0
30856,73917504,0
30857,73917504,0
30858,73917504,0
30859,73917504,0
30860,73917504,0
30861,73917504,0
30862,73917504,0
30863,73917504,0
30864,73917504,0
30865,73917504,0
30866,73917504,0
30867,73917504,0
30868,73917504,0
30869,73917504,0
30870,73917504,0
30871,73917504,0
30872,73917504,0
30873,73917504,0
30874,73917504,0
30875,73917504,0
30876,73917504,0
30877,73917504,0
30878,73917504,0
30879,73917504,0
30880,73917504,0
30881,73917504,0
30882,73917504,0
30883,73917504,0
30884,73917504,0
30885,73917504,0
30886,73917504,0
30887,73917504,0
30888,73917504,0
30889,73917504,0
30890,73917504,0
30891,73917504,0
30892,73917504,0
30893,73917504,0
30894,73917504,0
30895,73917504,0
30896,73917504,0
30897,73917504,0
30898,73917504,0
30899,73917504,0
30900,73917504,0
30901,73917504,0
30902,73917504,0
30903,73917504,0
30904,73917504,0
30905,73917504,0
30906,73917504,0
30907,73917504,0
30908,73917504,0
30909,73917504,0
30910,73917504,0
30911,73917504,0
30912,73917504,0
30913,73917504,0
30914,73917504,0
30915,73917504,0
30916,73917504,0
30917,73917504,0
30918,73917504,0
30919,73917504,0
30920,73917504,0
30921,73917504,0
30922,73917504,0
30923,73917504,0
30924,73917504,0
30925,73917504,0
30926,73917504,0
30927,73917504,0
30928,73917504,0
30929,73917504,0
30930,73917504,0
30931,73917504,0
30932,73917504,0
30933,73917504,0
30934,73917504,0
30935,73917504,0
30936,73917504,0
30937,73917504,0
30938,73917504,0
30939,73917504,0
30940,73917504,0
30941,73917504,0
30942,73917504,0
30943,73917504,0
30944,73917504,0
30945,73917504,0
30946,73917504,0
30947,73917504,0
30948,73917504,0
30949,73917504,0
30950,73917504,0
30951,73917504,0
30952,73917504,0
30953,73917504,0
30954,73917504,0
30955,73917504,0
30956,73917504,0
30957,73917504,0
30958,73917504,0
30959,73917504,0
30960,73917504,0
30961,73917504,0
30962,73917504,0
30963,73917504,0
30964,73917504,0
30965,73917504,0
30966,73917504,0
30967,73917504,0
30968,73917504,0
30969,73917504,0
30970,73917504,0
30971,73917504,0
30972,73917504,0
30973,73917504,0
30974,73917504,0
30975,73917504,0
30976,73917504,0
30977,73917504,0
30978,73917504,0
30979,73917504,0
30980,73917504,0
30981,73917504,0
30982,73917504,0
30983,73917504,0
30984,73917504,0
30985,73917504,0
30986,73917504,0
30987,73917504,0
30988,73917504,0
30989,73917504,0
30990,73917504,0
30991,73917504,0
30992,73917504,0
30993,73917504,0
30994,73917504,0
30995,73917504,0
30996,73917504,0
30997,73917504,0
30998,73917504,0
30999,73917504,0
31000,73917504,0
31001,73917504,0
31002,73917504,0
31003,73917504,0
31004,73917504,0
31005,73917504,0
31006,73917504,0
31007,73917504,0
31008,73917504,0
31009,73917504,0
31010,73917504,0
31011,73917504,0
31012,73917504,0
31013,73917504,0
31014,73917504,0
31015,73917504,0
31016,73917504,0
31017,73917504,0
31018,73917504,0
31019,73917504,0
31020,73917504,0
31021,73917504,0
31022,73917504,0
31023,73917504,0
31024,73917504,0
31025,73917504,0
31026,73917504,0
31027,73917504,0
31028,73917504,0
31029,73917504,0
31030,73917504,0
31031,73917504,0
31032,73917504,0
31033,73917504,0
31034,73917504,0
31035,73917504,0
31036,73917504,0
31037,73917504,0
31038,73917504,0
31039,73917504,0
31040,73917504,0
31041,73917504,0
31042,73917504,0
31043,73917504,0
31044,73917504,0
31045,73917504,0
31046,73917504,0
31047,73917504,0
31048,73917504,0
31049,73917504,0
31050,73917504,0
31051,73917504,0
31052,73917504,0
31053,73917504,0
31054,73917504,0
31055,73917504,0
31056,73917504,0
31057,73917504,0
31058,73917504,0
31059,73917504,0
31060,73917504,0
31061,73917504,0
31062,73917504,0
31063,73917504,0
31064,73917504,0
31065,73917504,0
31066,73917504,0
31067,73917504,0
31068,73917504,0
31069,73917504,0
31070,73917504,0
31071,73917504,0
31072,73917504,0
31073,73917504,0
31074,73917504,0
31075,73917504,0
31076,73917504,0
31077,73917504,0
31078,73917504,0
31079,73917504,0
31080,73917504,0
31081,73917504,0
31082,73917504,0
31083,73917504,0
31084,73917504,0
31085,73917504,0
31086,73917504,0
31087,73917504,0
31088,73917504,0
31089,73917504,0
31090,73917504,0
31091,73917504,0
31092,73917504,0
31093,73917504,0
31094,73917504,0
31095,73917504,0
31096,73917504,0
31097,73917504,0
31098,73917504,0
31099,73917504,0
31100,73917504,0
31101,73917504,0
31102,73917504,0
31103,73917504,0
31104,73917504,0
31105,73917504,0
31106,73917504,0
31107,73917504,0
31108,73917504,0
31109,73917504,0
31110,73917504,0
31111,73917504,0
31112,73917504,0
31113,73917504,0
31114,73917504,0
31115,73917504,0
31116,73917504,0
31117,73917504,0
31118,73917504,0
31119,73917504,0
31120,73917504,0
31121,73917504,0
31122,73917504,0
31123,73917504,0
31124,73917504,0
31125,73917504,0
31126,73917504,0
31127,73917504,0
31128,73917504,0
31129,73917504,0
31130,73917504,0
31131,73917504,0
31132,73917504,0
31133,73917504,0
31134,73917504,0
31135,73917504,0
31136,73917504,0
31137,73917504,0
31138,73917504,0
31139,73917504,0
31140,73917504,0
31141,73917504,0
31142,73917504,0
31143,73917504,0
31144,73917504,0
31145,73917504,0
31146,73917504,0
31147,73917504,0
31148,73917504,0
31149,73917504,0
31150,73917504,0
31151,73917504,0
31152,73917504,0
31153,73917504,0
31154,73917504,0
31155,73917504,0
31156,73917504,0
31157,73917504,0
31158,73917504,0
31159,73917504,0
31160,73917504,0
31161,73917504,0
31162,73917504,0
31163,73917504,0
31164,73917504,0
31165,73917504,0
31166,73917504,0
31167,73917504,0
31168,73917504,0
31169,73917504,0
31170,73917504,0
31171,73917504,0
31172,73917504,0
31173,73917504,0
31174,73917504,0
31175,73917504,0
31176,73917504,0
31177,73917504,0
31178,73917504,0
31179,73917504,0
31180,73917504,0
31181,73917504,0
31182,73917504,0
31183,73917504,0
31184,73917504,0
31185,73917504,0
31186,73917504,0
31187,73917504,0
31188,73917504,0
31189,73917504,0
31190,73917504,0
31191,73917504,0
31192,73917504,0
31193,73917504,0
31194,73917504,0
31195,73917504,0
31196,73917504,0
31197,73917504,0
31198,73917504,0
31199,73917504,0
31200,73917504,0
31201,73917504,0
31202,73917504,0
31203,73917504,0
31204,73917504,0
31205,73917504,0
31206,73917504,0
31207,73917504,0
31208,73917504,0
31209,73917504,0
31210,73917504,0
31211,73917504,0
31212,73917504,0
31213,73917504,0
31214,73917504,0
31215,73917504,0
31216,73917504,0
31217,73917504,0
31218,73917504,0
31219,73917504,0
31220,73917504,0
31221,73917504,0
31222,73917504,0
31223,73917504,0
31224,73917504,0
31225,73917504,0
31226,73917504,0
31227,73917504,0
31228,73917504,0
31229,73917504,0
31230,73917504,0
31231,73917504,0
31232,73917504,0
31233,73917504,0
31234,73917504,0
31235,73917504,0
31236,73917504,0
31237,73917504,0
31238,73917504,0
31239,73917504,0
31240,73917504,0
31241,73917504,0
31242,73917504,0
31243,73917504,0
31244,73917504,0
31245,73917504,0
31246,73917504,0
31247,73917504,0
31248,73917504,0
31249,73917504,0
31250,73917504,0
31251,73917504,0
31252,73917504,0
31253,73917504,0
31254,73917504,0
31255,73917504,0
31256,73917504,0
31257,73917504,0
31258,73917504,0
31259,73917504,0
31260,73917504,0
31261,73917504,0
31262,73917504,0
31263,73917504,0
31264,73917504,0
31265,73917504,0
31266,73917504,0
31267,73917504,0
31268,73917504,0
31269,73917504,0
31270,73917504,0
31271,73917504,0
31272,73917504,0
31273,73917504,0
31274,73917504,0
31275,73917504,0
31276,73917504,0
31277,73917504,0
31278,73917504,0
31279,73917504,0
31280,73917504,0
31281,73917504,0
31282,73917504,0
31283,73917504,0
31284,73917504,0
31285,73917504,0
31286,73917504,0
31287,73917504,0
31288,73917504,0
31289,73917504,0
31290,73917504,0
31291,73917504,0
31292,73917504,0
31293,73917504,0
31294,73917504,0
31295,73917504,0
31296,73917504,0
31297,73917504,0
31298,73917504,0
31299,73917504,0
31300,73917504,0
31301,73917504,0
31302,73917504,0
31303,73917504,0
31304,73917504,0
31305,73917504,0
31306,73917504,0
31307,73917504,0
31308,73917504,0
31309,73917504,0
31310,73917504,0
31311,73917504,0
31312,73917504,0
31313,73917504,0
31314,73917504,0
31315,73917504,0
31316,73917504,0
31317,73917504,0
31318,73917504,0
31319,73917504,0
31320,73917504,0
31321,73917504,0
31322,73917504,0
31323,73917504,0
31324,73917504,0
31325,73917504,0
31326,73917504,0
31327,73917504,0
31328,73917504,0
31329,73917504,0
31330,73917504,0
31331,73917504,0
31332,73917504,0
31333,73917504,0
31334,73917504,0
31335,73917504,0
31336,73917504,0
31337,73917504,0
31338,73917504,0
31339,73917504,0
31340,73917504,0
31341,73917504,0
31342,73917504,0
31343,73917504,0
31344,73917504,0
31345,73917504,0
31346,73917504,0
31347,73917504,0
31348,73917504,0
31349,73917504,0
31350,73917504,0
31351,73917504,0
31352,73917504,0
31353,73917504,0
31354,73917504,0
31355,73917504,0
31356,73917504,0
31357,73917504,0
31358,73917504,0
31359,73917504,0
31360,73917504,0
31361,73917504,0
31362,73917504,0
31363,73917504,0
31364,73917504,0
31365,73917504,0
31366,73917504,0
31367,73917504,0
31368,73917504,0
31369,73917504,0
31370,73917504,0
31371,73917504,0
31372,73917504,0
31373,73917504,0
31374,73917504,0
31375,73917504,0
31376,73917504,0
31377,73917504,0
31378,73917504,0
31379,73917504,0
31380,73917504,0
31381,73917504,0
31382,73917504,0
31383,73917504,0
31384,73917504,0
31385,73917504,0
31386,73917504,0
31387,73917504,0
31388,73917504,0
31389,73917504,0
31390,73917504,0
31391,73917504,0
31392,73917504,0
31393,73917504,0
31394,73917504,0
31395,73917504,0
31396,73917504,0
31397,73917504,0
31398,73917504,0
31399,73917504,0
31400,73917504,0
31401,73917504,0
31402,73917504,0
31403,73917504,0
31404,73917504,0
31405,73917504,0
31406,73917504,0
31407,73917504,0
31408,73917504,0
31409,73917504,0
31410,73917504,0
31411,73917504,0
31412,73917504,0
31413,73917504,0
31414,73917504,0
31415,73917504,0
31416,73917504,0
31417,73917504,0
31418,73917504,0
31419,73917504,0
31420,73917504,0
31421,73917504,0
31422,73917504,0
31423,73917504,0
31424,73917504,0
31425,73917504,0
31426,73917504,0
31427,73917504,0
31428,73917504,0
31429,73917504,0
31430,73917504,0
31431,73917504,0
31432,73917504,0
31433,73917504,0
31434,73917504,0
31435,73917504,0
31436,73917504,0
31437,73917504,0
31438,73917504,0
31439,73917504,0
31440,73917504,0
31441,73917504,0
31442,73917504,0
31443,73917504,0
31444,73917504,0
31445,73917504,0
31446,73917504,0
31447,73917504,0
31448,73917504,0
31449,73917504,0
31450,73917504,0
31451,73917504,0
31452,73917504,0
31453,73917504,0
31454,73917504,0
31455,73917504,0
31456,73917504,0
31457,73917504,0
31458,73917504,0
31459,73917504,0
31460,73917504,0
31461,73917504,0
31462,73917504,0
31463,73917504,0
31464,73917504,0
31465,73917504,0
31466,73917504,0
31467,73917504,0
31468,73917504,0
31469,73917504,0
31470,73917504,0
31471,73917504,0
31472,73917504,0
31473,73917504,0
31474,73917504,0
31475,73917504,0
31476,73917504,0
31477,73917504,0
31478,73917504,0
31479,73917504,0
31480,73917504,0
31481,73917504,0
31482,73917504,0
31483,73917504,0
31484,73917504,0
31485,73917504,0
31486,73917504,0
31487,73917504,0
31488,73917504,0
31489,73917504,0
31490,73917504,0
31491,73917504,0
31492,73917504,0
31493,73917504,0
31494,73917504,0
31495,73917504,0
31496,73917504,0
31497,73917504,0
31498,73917504,0
31499,73917504,0
31500,73917504,0
31501,73917504,0
31502,73917504,0
31503,73917504,0
31504,73917504,0
31505,73917504,0
31506,73917504,0
31507,73917504,0
31508,73917504,0
31509,73917504,0
31510,73917504,0
31511,73917504,0
31512,73917504,0
31513,73917504,0
31514,73917504,0
31515,73917504,0
31516,73917504,0
31517,73917504,0
31518,73917504,0
31519,73917504,0
31520,73917504,0
31521,73917504,0
31522,73917504,0
31523,73917504,0
31524,73917504,0
31525,73917504,0
31526,73917504,0
31527,73917504,0
31528,73917504,0
31529,73917504,0
31530,73917504,0
31531,73917504,0
31532,73917504,0
31533,73917504,0
31534,73917504,0
31535,73917504,0
31536,73917504,0
31537,73917504,0
31538,73917504,0
31539,73917504,0
31540,73917504,0
31541,73917504,0
31542,73917504,0
31543,73917504,0
31544,73917504,0
31545,73917504,0
31546,73917504,0
31547,73917504,0
31548,73917504,0
31549,73917504,0
31550,73917504,0
31551,73917504,0
31552,73917504,0
31553,73917504,0
31554,73917504,0
31555,73917504,0
31556,73917504,0
31557,73917504,0
31558,73917504,0
31559,73917504,0
31560,73917504,0
31561,73917504,0
31562,73917504,0
31563,73917504,0
31564,73917504,0
31565,73917504,0
31566,73917504,0
31567,73917504,0
31568,73917504,0
31569,73917504,0
31570,73917504,0
31571,73917504,0
31572,73917504,0
31573,73917504,0
31574,73917504,0
31575,73917504,0
31576,73917504,0
31577,73917504,0
31578,73917504,0
31579,73917504,0
31580,73917504,0
31581,73917504,0
31582,73917504,0
31583,73917504,0
31584,73917504,0
31585,73917504,0
31586,73917504,0
31587,73917504,0
31588,73917504,0
31589,73917504,0
31590,73917504,0
31591,73917504,0
31592,73917504,0
31593,73917504,0
31594,73917504,0
31595,73917504,0
31596,73917504,0
31597,73917504,0
31598,73917504,0
31599,73917504,0
31600,73917504,0
31601,73917504,0
31602,73917504,0
31603,73917504,0
31604,73917504,0
31605,73917504,0
31606,73917504,0
31607,73917504,0
31608,73917504,0
31609,73917504,0
31610,73917504,0
31611,73917504,0
31612,73917504,0
31613,73917504,0
31614,73917504,0
31615,73917504,0
31616,73917504,0
31617,73917504,0
31618,73917504,0
31619,73917504,0
31620,73917504,0
31621,73917504,0
31622,73917504,0
31623,73917504,0
31624,73917504,0
31625,73917504,0
31626,73917504,0
31627,73917504,0
31628,73917504,0
31629,73917504,0
31630,73917504,0
31631,73917504,0
31632,73917504,0
31633,73917504,0
31634,73917504,0
31635,73917504,0
31636,73917504,0
31637,73917504,0
31638,73917504,0
31639,73917504,0
31640,73917504,0
31641,73917504,0
31642,73917504,0
31643,73917504,0
31644,73917504,0
31645,73917504,0
31646,73917504,0
31647,73917504,0
31648,73917504,0
31649,73917504,0
31650,73917504,0
31651,73917504,0
31652,73917504,0
31653,73917504,0
31654,73917504,0
31655,73917504,0
31656,73917504,0
31657,73917504,0
31658,73917504,0
31659,73917504,0
31660,73917504,0
31661,73917504,0
31662,73917504,0
31663,73917504,0
31664,73917504,0
31665,73917504,0
31666,73917504,0
31667,73917504,0
31668,73917504,0
31669,73917504,0
31670,73917504,0
31671,73917504,0
31672,73917504,0
31673,73917504,0
31674,73917504,0
31675,73917504,0
31676,73917504,0
31677,73917504,0
31678,73917504,0
31679,73917504,0
31680,73917504,0
31681,73917504,0
31682,73917504,0
31683,73917504,0
31684,73917504,0
31685,73917504,0
31686,73917504,0
31687,73917504,0
31688,73917504,0
31689,73917504,0
31690,73917504,0
31691,73917504,0
31692,73917504,0
31693,73917504,0
31694,73917504,0
31695,73917504,0
31696,73917504,0
31697,73917504,0
31698,73917504,0
31699,73917504,0
31700,73917504,0
31701,73917504,0
31702,73917504,0
31703,73917504,0
31704,73917504,0
31705,73917504,0
31706,73917504,0
31707,73917504,0
31708,73917504,0
31709,73917504,0
31710,73917504,0
31711,73917504,0
31712,73917504,0
31713,73917504,0
31714,73917504,0
31715,73917504,0
31716,73917504,0
31717,73917504,0
31718,73917504,0
31719,73917504,0
31720,73917504,0
31721,73917504,0
31722,73917504,0
31723,73917504,0
31724,73917504,0
31725,73917504,0
31726,73917504,0
31727,73917504,0
31728,73917504,0
31729,73917504,0
31730,73917504,0
31731,73917504,0
31732,73917504,0
31733,73917504,0
31734,73917504,0
31735,73917504,0
31736,73917504,0
31737,73917504,0
31738,73917504,0
31739,73917504,0
31740,73917504,0
31741,73917504,0
31742,73917504,0
31743,73917504,0
31744,73917504,0
31745,73917504,0
31746,73917504,0
31747,73917504,0
31748,73917504,0
31749,73917504,0
31750,73917504,0
31751,73917504,0
31752,73917504,0
31753,73917504,0
31754,73917504,0
31755,73917504,0
31756,73917504,0
31757,73917504,0
31758,73917504,0
31759,73917504,0
31760,73917504,0
31761,73917504,0
31762,73917504,0
31763,73917504,0
31764,73917504,0
31765,73917504,0
31766,73917504,0
31767,73917504,0
31768,73917504,0
31769,73917504,0
31770,73917504,0
31771,73917504,0
31772,73917504,0
31773,73917504,0
31774,73917504,0
31775,73917504,0
31776,73917504,0
31777,73917504,0
31778,73917504,0
31779,73917504,0
31780,73917504,0
31781,73917504,0
31782,73917504,0
31783,73917504,0
31784,73917504,0
31785,73917504,0
31786,73917504,0
31787,73917504,0
31788,73917504,0
31789,73917504,0
31790,73917504,0
31791,73917504,0
31792,73917504,0
31793,73917504,0
31794,73917504,0
31795,73917504,0
31796,73917504,0
31797,73917504,0
31798,73917504,0
31799,73917504,0
31800,73917504,0
31801,73917504,0
31802,73917504,0
31803,73917504,0
31804,73917504,0
31805,73917504,0
31806,73917504,0
31807,73917504,0
31808,73917504,0
31809,73917504,0
31810,73917504,0
31811,73917504,0
31812,73917504,0
31813,73917504,0
31814,73917504,0
31815,73917504,0
31816,73917504,0
31817,73917504,0
31818,73917504,0
31819,73917504,0
31820,73917504,0
31821,73917504,0
31822,73917504,0
31823,73917504,0
31824,73917504,0
31825,73917504,0
31826,73917504,0
31827,73917504,0
31828,73917504,0
31829,73917504,0
31830,73917504,0
31831,73917504,0
31832,73917504,0
31833,73917504,0
31834,73917504,0
31835,73917504,0
31836,73917504,0
31837,73917504,0
31838,73917504,0
31839,73917504,0
31840,73917504,0
31841,73917504,0
31842,73917504,0
31843,73917504,0
31844,73917504,0
31845,73917504,0
31846,73917504,0
31847,73917504,0
31848,73917504,0
31849,73917504,0
31850,73917504,0
31851,73917504,0
31852,73917504,0
31853,73917504,0
31854,73917504,0
31855,73917504,0
31856,73917504,0
31857,73917504,0
31858,73917504,0
31859,73917504,0
31860,73917504,0
31861,73917504,0
31862,73917504,0
31863,73917504,0
31864,73917504,0
31865,73917504,0
31866,73917504,0
31867,73917504,0
31868,73917504,0
31869,73917504,0
31870,73917504,0
31871,73917504,0
31872,73917504,0
31873,73917504,0
31874,73917504,0
31875,73917504,0
31876,73917504,0
31877,73917504,0
31878,73917504,0
31879,73917504,0
31880,73917504,0
31881,73917504,0
31882,73917504,0
31883,73917504,0
31884,73917504,0
31885,73917504,0
31886,73917504,0
31887,73917504,0
31888,73917504,0
31889,73917504,0
31890,73917504,0
31891,73917504,0
31892,73917504,0
31893,73917504,0
31894,73917504,0
31895,73917504,0
31896,73917504,0
31897,73917504,0
31898,73917504,0
31899,73917504,0
31900,73917504,0
31901,73917504,0
31902,73917504,0
31903,73917504,0
31904,73917504,0
31905,73917504,0
31906,73917504,0
31907,73917504,0
31908,73917504,0
31909,73917504,0
31910,73917504,0
31911,73917504,0
31912,73917504,0
31913,73917504,0
31914,73917504,0
31915,73917504,0
31916,73917504,0
31917,73917504,0
31918,73917504,0
31919,73917504,0
31920,73917504,0
31921,73917504,0
31922,73917504,0
31923,73917504,0
31924,73917504,0
31925,73917504,0
31926,73917504,0
31927,73917504,0
31928,73917504,0
31929,73917504,0
31930,73917504,0
31931,73917504,0
31932,73917504,0
31933,73917504,0
31934,73917504,0
31935,73917504,0
31936,73917504,0
31937,73917504,0
31938,73917504,0
31939,73917504,0
31940,73917504,0
31941,73917504,0
31942,73917504,0
31943,73917504,0
31944,73917504,0
31945,73917504,0
31946,73917504,0
31947,73917504,0
31948,73917504,0
31949,73917504,0
31950,73917504,0
31951,73917504,0
31952,73917504,0
31953,73917504,0
31954,73917504,0
31955,73917504,0
31956,73917504,0
31957,73917504,0
31958,73917504,0
31959,73917504,0
31960,73917504,0
31961,73917504,0
31962,73917504,0
31963,73917504,0
31964,73917504,0
31965,73917504,0
31966,73917504,0
31967,73917504,0
31968,73917504,0
31969,73917504,0
31970,73917504,0
31971,73917504,0
31972,73917504,0
31973,73917504,0
31974,73917504,0
31975,73917504,0
31976,73917504,0
31977,73917504,0
31978,73917504,0
31979,73917504,0
31980,73917504,0
31981,73917504,0
31982,73917504,0
31983,73917504,0
31984,73917504,0
31985,73917504,0
31986,73917504,0
31987,73917504,0
31988,73917504,0
31989,73917504,0
31990,73917504,0
31991,73917504,0
31992,73917504,0
31993,73917504,0
31994,73917504,0
31995,73917504,0
31996,73917504,0
31997,73917504,0
31998,73917504,0
31999,73917504,0
32000,73917504,0
32001,73917504,0
32002,73917504,0
32003,73917504,0
32004,73917504,0
32005,73917504,0
32006,73917504,0
32007,73917504,0
32008,73917504,0
32009,73917504,0
32010,73917504,0
32011,73917504,0
32012,73917504,0
32013,73917504,0
32014,73917504,0
32015,73917504,0
32016,73917504,0
32017,73917504,0
32018,73917504,0
32019,73917504,0
32020,73917504,0
32021,73917504,0
32022,73917504,0
32023,73917504,0
32024,73917504,0
32025,73917504,0
32026,73917504,0
32027,73917504,0
32028,73917504,0
32029,73917504,0
32030,73917504,0
32031,73917504,0
32032,73917504,0
32033,73917504,0
32034,73917504,0
32035,73917504,0
32036,73917504,0
32037,73917504,0
32038,73917504,0
32039,73917504,0
32040,73917504,0
32041,73917504,0
32042,73917504,0
32043,73917504,0
32044,73917504,0
32045,73917504,0
32046,73917504,0
32047,73917504,0
32048,73917504,0
32049,73917504,0
32050,73917504,0
32051,73917504,0
32052,73917504,0
32053,73917504,0
32054,73917504,0
32055,73917504,0
32056,73917504,0
32057,73917504,0
32058,73917504,0
32059,73917504,0
32060,73917504,0
32061,73917504,0
32062,73917504,0
32063,73917504,0
32064,73917504,0
32065,73917504,0
32066,73917504,0
32067,73917504,0
32068,73917504,0
32069,73917504,0
32070,73917504,0
32071,73917504,0
32072,73917504,0
32073,73917504,0
32074,73917504,0
32075,73917504,0
32076,73917504,0
32077,73917504,0
32078,73917504,0
32079,73917504,0
32080,73917504,0
32081,73917504,0
32082,73917504,0
32083,73917504,0
32084,73917504,0
32085,73917504,0
32086,73917504,0
32087,73917504,0
32088,73917504,0
32089,73917504,0
32090,73917504,0
32091,73917504,0
32092,73917504,0
32093,73917504,0
32094,73917504,0
32095,73917504,0
32096,73917504,0
32097,73917504,0
32098,73917504,0
32099,73917504,0
32100,73917504,0
32101,73917504,0
32102,73917504,0
32103,73917504,0
32104,73917504,0
32105,73917504,0
32106,73917504,0
32107,73917504,0
32108,73917504,0
32109,73917504,0
32110,73917504,0
32111,73917504,0
32112,73917504,0
32113,73917504,0
32114,73917504,0
32115,73917504,0
32116,73917504,0
32117,73917504,0
32118,73917504,0
32119,73917504,0
32120,73917504,0
32121,73917504,0
32122,73917504,0
32123,73917504,0
32124,73917504,0
32125,73917504,0
32126,73917504,0
32127,73917504,0
32128,73917504,0
32129,73917504,0
32130,73917504,0
32131,73917504,0
32132,73917504,0
32133,73917504,0
32134,73917504,0
32135,73917504,0
32136,73917504,0
32137,73917504,0
32138,73917504,0
32139,73917504,0
32140,73917504,0
32141,73917504,0
32142,73917504,0
32143,73917504,0
32144,73917504,0
32145,73917504,0
32146,73917504,0
32147,73917504,0
32148,73917504,0
32149,73917504,0
32150,73917504,0
32151,73917504,0
32152,73917504,0
32153,73917504,0
32154,73917504,0
32155,73917504,0
32156,73917504,0
32157,73917504,0
32158,73917504,0
32159,73917504,0
32160,73917504,0
32161,73917504,0
32162,73917504,0
32163,73917504,0
32164,73917504,0
32165,73917504,0
32166,73917504,0
32167,73917504,0
32168,73917504,0
32169,73917504,0
32170,73917504,0
32171,73917504,0
32172,73917504,0
32173,73917504,0
32174,73917504,0
32175,73917504,0
32176,73917504,0
32177,73917504,0
32178,73917504,0
32179,73917504,0
32180,73917504,0
32181,73917504,0
32182,73917504,0
32183,73917504,0
32184,73917504,0
32185,73917504,0
32186,73917504,0
32187,73917504,0
32188,73917504,0
32189,73917504,0
32190,73917504,0
32191,73917504,0
32192,73917504,0
32193,73917504,0
32194,73917504,0
32195,73917504,0
32196,73917504,0
32197,73917504,0
32198,73917504,0
32199,73917504,0
32200,73917504,0
32201,73917504,0
32202,73917504,0
32203,73917504,0
32204,73917504,0
32205,73917504,0
32206,73917504,0
32207,73917504,0
32208,73917504,0
32209,73917504,0
32210,73917504,0
32211,73917504,0
32212,73917504,0
32213,73917504,0
32214,73917504,0
32215,73917504,0
32216,73917504,0
32217,73917504,0
32218,73917504,0
32219,73917504,0
32220,73917504,0
32221,73917504,0
32222,73917504,0
32223,73917504,0
32224,73917504,0
32225,73917504,0
32226,73917504,0
32227,73917504,0
32228,73917504,0
32229,73917504,0
32230,73917504,0
32231,73917504,0
32232,73917504,0
32233,73917504,0
32234,73917504,0
32235,73917504,0
32236,73917504,0
32237,73917504,0
32238,73917504,0
32239,73917504,0
32240,73917504,0
32241,73917504,0
32242,73917504,0
32243,73917504,0
32244,73917504,0
32245,73917504,0
32246,73917504,0
32247,73917504,0
32248,73917504,0
32249,73917504,0
32250,73917504,0
32251,73917504,0
32252,73917504,0
32253,73917504,0
32254,73917504,0
32255,73917504,0
32256,73917504,0
32257,73917504,0
32258,73917504,0
32259,73917504,0
32260,73917504,0
32261,73917504,0
32262,73917504,0
32263,73917504,0
32264,73917504,0
32265,73917504,0
32266,73917504,0
32267,73917504,0
32268,73917504,0
32269,73917504,0
32270,73917504,0
32271,73917504,0
32272,73917504,0
32273,73917504,0
32274,73917504,0
32275,73917504,0
32276,73917504,0
32277,73917504,0
32278,73917504,0
32279,73917504,0
32280,73917504,0
32281,73917504,0
32282,73917504,0
32283,73917504,0
32284,73917504,0
32285,73917504,0
32286,73917504,0
32287,73917504,0
32288,73917504,0
32289,73917504,0
32290,73917504,0
32291,73917504,0
32292,73917504,0
32293,73917504,0
32294,73917504,0
32295,73917504,0
32296,73917504,0
32297,73917504,0
32298,73917504,0
32299,73917504,0
32300,73917504,0
32301,73917504,0
32302,73917504,0
32303,73917504,0
32304,73917504,0
32305,73917504,0
32306,73917504,0
32307,73917504,0
32308,73917504,0
32309,73917504,0
32310,73917504,0
32311,73917504,0
32312,73917504,0
32313,73917504,0
32314,73917504,0
32315,73917504,0
32316,73917504,0
32317,73917504,0
32318,73917504,0
32319,73917504,0
32320,73917504,0
32321,73917504,0
32322,73917504,0
32323,73917504,0
32324,73917504,0
32325,73917504,0
32326,73917504,0
32327,73917504,0
32328,73917504,0
32329,73917504,0
32330,73917504,0
32331,73917504,0
32332,73917504,0
32333,73917504,0
32334,73917504,0
32335,73917504,0
32336,73917504,0
32337,73917504,0
32338,73917504,0
32339,73917504,0
32340,73917504,0
32341,73917504,0
32342,73917504,0
32343,73917504,0
32344,73917504,0
32345,73917504,0
32346,73917504,0
32347,73917504,0
32348,73917504,0
32349,73917504,0
32350,73917504,0
32351,73917504,0
32352,73917504,0
32353,73917504,0
32354,73917504,0
32355,73917504,0
32356,73917504,0
32357,73917504,0
32358,73917504,0
32359,73917504,0
32360,73917504,0
32361,73917504,0
32362,73917504,0
32363,73917504,0
32364,73917504,0
32365,73917504,0
32366,73917504,0
32367,73917504,0
32368,73917504,0
32369,73917504,0
32370,73917504,0
32371,73917504,0
32372,73917504,0
32373,73917504,0
32374,73917504,0
32375,73917504,0
32376,73917504,0
32377,73917504,0
32378,73917504,0
32379,73917504,0
32380,73917504,0
32381,73917504,0
32382,73917504,0
32383,73917504,0
32384,73917504,0
32385,73917504,0
32386,73917504,0
32387,73917504,0
32388,73917504,0
32389,73917504,0
32390,73917504,0
32391,73917504,0
32392,73917504,0
32393,73917504,0
32394,73917504,0
32395,73917504,0
32396,73917504,0
32397,73917504,0
32398,73917504,0
32399,73917504,0
32400,73917504,0
32401,73917504,0
32402,73917504,0
32403,73917504,0
32404,73917504,0
32405,73917504,0
32406,73917504,0
32407,73917504,0
32408,73917504,0
32409,73917504,0
32410,73917504,0
32411,73917504,0
32412,73917504,0
32413,73917504,0
32414,73917504,0
32415,73917504,0
32416,73917504,0
32417,73917504,0
32418,73917504,0
32419,73917504,0
32420,73917504,0
32421,73917504,0
32422,73917504,0
32423,73917504,0
32424,73917504,0
32425,73917504,0
32426,73917504,0
32427,73917504,0
32428,73917504,0
32429,73917504,0
32430,73917504,0
32431,73917504,0
32432,73917504,0
32433,73917504,0
32434,73917504,0
32435,73917504,0
32436,73917504,0
32437,73917504,0
32438,73917504,0
32439,73917504,0
32440,73917504,0
32441,73917504,0
32442,73917504,0
32443,73917504,0
32444,73917504,0
32445,73917504,0
32446,73917504,0
32447,73917504,0
32448,73917504,0
32449,73917504,0
32450,73917504,0
32451,73917504,0
32452,73917504,0
32453,73917504,0
32454,73917504,0
32455,73917504,0
32456,73917504,0
32457,73917504,0
32458,73917504,0
32459,73917504,0
32460,73917504,0
32461,73917504,0
32462,73917504,0
32463,73917504,0
32464,73917504,0
32465,73917504,0
32466,73917504,0
32467,73917504,0
32468,73917504,0
32469,73917504,0
32470,73917504,0
32471,73917504,0
32472,73917504,0
32473,73917504,0
32474,73917504,0
32475,73917504,0
32476,73917504,0
32477,73917504,0
32478,73917504,0
32479,73917504,0
32480,73917504,0
32481,73917504,0
32482,73917504,0
32483,73917504,0
32484,73917504,0
32485,73917504,0
32486,73917504,0
32487,73917504,0
32488,73917504,0
32489,73917504,0
32490,73917504,0
32491,73917504,0
32492,73917504,0
32493,73917504,0
32494,73917504,0
32495,73917504,0
32496,73917504,0
32497,73917504,0
32498,73917504,0
32499,73917504,0
32500,73917504,0
32501,73917504,0
32502,73917504,0
32503,73917504,0
32504,73917504,0
32505,73917504,0
32506,73917504,0
32507,73917504,0
32508,73917504,0
32509,73917504,0
32510,73917504,0
32511,73917504,0
32512,73917504,0
32513,73917504,0
32514,73917504,0
32515,73917504,0
32516,73917504,0
32517,73917504,0
32518,73917504,0
32519,73917504,0
32520,73917504,0
32521,73917504,0
32522,73917504,0
32523,73917504,0
32524,73917504,0
32525,73917504,0
32526,73917504,0
32527,73917504,0
32528,73917504,0
32529,73917504,0
32530,73917504,0
32531,73917504,0
32532,73917504,0
32533,73917504,0
32534,73917504,0
32535,73917504,0
32536,73917504,0
32537,73917504,0
32538,73917504,0
32539,73917504,0
32540,73917504,0
32541,73917504,0
32542,73917504,0
32543,73917504,0
32544,73917504,0
32545,73917504,0
32546,73917504,0
32547,73917504,0
32548,73917504,0
32549,73917504,0
32550,73917504,0
32551,73917504,0
32552,73917504,0
32553,73917504,0
32554,73917504,0
32555,73917504,0
32556,73917504,0
32557,73917504,0
32558,73917504,0
32559,73917504,0
32560,73917504,0
32561,73917504,0
32562,73917504,0
32563,73917504,0
32564,73917504,0
32565,73917504,0
32566,73917504,0
32567,73917504,0
32568,73917504,0
32569,73917504,0
32570,73917504,0
32571,73917504,0
32572,73917504,0
32573,73917504,0
32574,73917504,0
32575,73917504,0
32576,73917504,0
32577,73917504,0
32578,73917504,0
32579,73917504,0
32580,73917504,0
32581,73917504,0
32582,73917504,0
32583,73917504,0
32584,73917504,0
32585,73917504,0
32586,73917504,0
32587,73917504,0
32588,73917504,0
32589,73917504,0
32590,73917504,0
32591,73917504,0
32592,73917504,0
32593,73917504,0
32594,73917504,0
32595,73917504,0
32596,73917504,0
32597,73917504,0
32598,73917504,0
32599,73917504,0
32600,73917504,0
32601,73917504,0
32602,73917504,0
32603,73917504,0
32604,73917504,0
32605,73917504,0
32606,73917504,0
32607,73917504,0
32608,73917504,0
32609,73917504,0
32610,73917504,0
32611,73917504,0
32612,73917504,0
32613,73917504,0
32614,73917504,0
32615,73917504,0
32616,73917504,0
32617,73917504,0
32618,73917504,0
32619,73917504,0
32620,73917504,0
32621,73917504,0
32622,73917504,0
32623,73917504,0
32624,73917504,0
32625,73917504,0
32626,73917504,0
32627,73917504,0
32628,73917504,0
32629,73917504,0
32630,73917504,0
32631,73917504,0
32632,73917504,0
32633,73917504,0
32634,73917504,0
32635,73917504,0
32636,73917504,0
32637,73917504,0
32638,73917504,0
32639,73917504,0
32640,73917504,0
32641,73917504,0
32642,73917504,0
32643,73917504,0
32644,73917504,0
32645,73917504,0
32646,73917504,0
32647,73917504,0
32648,73917504,0
32649,73917504,0
32650,73917504,0
32651,73917504,0
32652,73917504,0
32653,73917504,0
32654,73917504,0
32655,73917504,0
32656,73917504,0
32657,73917504,0
32658,73917504,0
32659,73917504,0
32660,73917504,0
32661,73917504,0
32662,73917504,0
32663,73917504,0
32664,73917504,0
32665,73917504,0
32666,73917504,0
32667,73917504,0
32668,73917504,0
32669,73917504,0
32670,73917504,0
32671,73917504,0
32672,73917504,0
32673,73917504,0
32674,73917504,0
32675,73917504,0
32676,73917504,0
32677,73917504,0
32678,73917504,0
32679,73917504,0
32680,73917504,0
32681,73917504,0
32682,73917504,0
32683,73917504,0
32684,73917504,0
32685,73917504,0
32686,73917504,0
32687,73917504,0
32688,73917504,0
32689,73917504,0
32690,73917504,0
32691,73917504,0
32692,73917504,0
32693,73917504,0
32694,73917504,0
32695,73917504,0
32696,73917504,0
32697,73917504,0
32698,73917504,0
32699,73917504,0
32700,73917504,0
32701,73917504,0
32702,73917504,0
32703,73917504,0
32704,73917504,0
32705,73917504,0
32706,73917504,0
32707,73917504,0
32708,73917504,0
32709,73917504,0
32710,73917504,0
32711,73917504,0
32712,73917504,0
32713,73917504,0
32714,73917504,0
32715,73917504,0
32716,73917504,0
32717,73917504,0
32718,73917504,0
32719,73917504,0
32720,73917504,0
32721,73917504,0
32722,73917504,0
32723,73917504,0
32724,73917504,0
32725,73917504,0
32726,73917504,0
32727,73917504,0
32728,73917504,0
32729,73917504,0
32730,73917504,0
32731,73917504,0
32732,73917504,0
32733,73917504,0
32734,73917504,0
32735,73917504,0
32736,73917504,0
32737,73917504,0
32738,73917504,0
32739,73917504,0
32740,73917504,0
32741,73917504,0
32742,73917504,0
32743,73917504,0
32744,73917504,0
32745,73917504,0
32746,73917504,0
32747,73917504,0
32748,73917504,0
32749,73917504,0
32750,73917504,0
32751,73917504,0
32752,73917504,0
32753,73917504,0
32754,73917504,0
32755,73917504,0
32756,73917504,0
32757,73917504,0
32758,73917504,0
32759,73917504,0
32760,73917504,0
32761,73917504,0
32762,73917504,0
32763,73917504,0
32764,73917504,0
32765,73917504,0
32766,73917504,0
32767,73917504,0
32768,73917504,0
32769,73917504,0
32770,73917504,0
32771,73917504,0
32772,73917504,0
32773,73917504,0
32774,73917504,0
32775,73917504,0
32776,73917504,0
32777,73917504,0
32778,73917504,0
32779,73917504,0
32780,73917504,0
32781,73917504,0
32782,73917504,0
32783,73917504,0
32784,73917504,0
32785,73917504,0
32786,73917504,0
32787,73917504,0
32788,73917504,0
32789,73917504,0
32790,73917504,0
32791,73917504,0
32792,73917504,0
32793,73917504,0
32794,73917504,0
32795,73917504,0
32796,73917504,0
32797,73917504,0
32798,73917504,0
32799,73917504,0
32800,73917504,0
32801,73917504,0
32802,73917504,0
32803,73917504,0
32804,73917504,0
32805,73917504,0
32806,73917504,0
32807,73917504,0
32808,73917504,0
32809,73917504,0
32810,73917504,0
32811,73917504,0
32812,73917504,0
32813,73917504,0
32814,73917504,0
32815,73917504,0
32816,73917504,0
32817,73917504,0
32818,73917504,0
32819,73917504,0
32820,73917504,0
32821,73917504,0
32822,73917504,0
32823,73917504,0
32824,73917504,0
32825,73917504,0
32826,73917504,0
32827,73917504,0
32828,73917504,0
32829,73917504,0
32830,73917504,0
32831,73917504,0
32832,73917504,0
32833,73917504,0
32834,73917504,0
32835,73917504,0
32836,73917504,0
32837,73917504,0
32838,73917504,0
32839,73917504,0
32840,73917504,0
32841,73917504,0
32842,73917504,0
32843,73917504,0
32844,73917504,0
32845,73917504,0
32846,73917504,0
32847,73917504,0
32848,73917504,0
32849,73917504,0
32850,73917504,0
32851,73917504,0
32852,73917504,0
32853,73917504,0
32854,73917504,0
32855,73917504,0
32856,73917504,0
32857,73917504,0
32858,73917504,0
32859,73917504,0
32860,73917504,0
32861,73917504,0
32862,73917504,0
32863,73917504,0
32864,73917504,0
32865,73917504,0
32866,73917504,0
32867,73917504,0
32868,73917504,0
32869,73917504,0
32870,73917504,0
32871,73917504,0
32872,73917504,0
32873,73917504,0
32874,73917504,0
32875,73917504,0
32876,73917504,0
32877,73917504,0
32878,73917504,0
32879,73917504,0
32880,73917504,0
32881,73917504,0
32882,73917504,0
32883,73917504,0
32884,73917504,0
32885,73917504,0
32886,73917504,0
32887,73917504,0
32888,73917504,0
32889,73917504,0
32890,73917504,0
32891,73917504,0
32892,73917504,0
32893,73917504,0
32894,73917504,0
32895,73917504,0
32896,73917504,0
32897,73917504,0
32898,73917504,0
32899,73917504,0
32900,73917504,0
32901,73917504,0
32902,73917504,0
32903,73917504,0
32904,73917504,0
32905,73917504,0
32906,73917504,0
32907,73917504,0
32908,73917504,0
32909,73917504,0
32910,73917504,0
32911,73917504,0
32912,73917504,0
32913,73917504,0
32914,73917504,0
32915,73917504,0
32916,73917504,0
32917,73917504,0
32918,73917504,0
32919,73917504,0
32920,73917504,0
32921,73917504,0
32922,73917504,0
32923,73917504,0
32924,73917504,0
32925,73917504,0
32926,73917504,0
32927,73917504,0
32928,73917504,0
32929,73917504,0
32930,73917504,0
32931,73917504,0
32932,73917504,0
32933,73917504,0
32934,73917504,0
32935,73917504,0
32936,73917504,0
32937,73917504,0
32938,73917504,0
32939,73917504,0
32940,73917504,0
32941,73917504,0
32942,73917504,0
32943,73917504,0
32944,73917504,0
32945,73917504,0
32946,73917504,0
32947,73917504,0
32948,73917504,0
32949,73917504,0
32950,73917504,0
32951,73917504,0
32952,73917504,0
32953,73917504,0
32954,73917504,0
32955,73917504,0
32956,73917504,0
32957,73917504,0
32958,73917504,0
32959,73917504,0
32960,73917504,0
32961,73917504,0
32962,73917504,0
32963,73917504,0
32964,73917504,0
32965,73917504,0
32966,73917504,0
32967,73917504,0
32968,73917504,0
32969,73917504,0
32970,73917504,0
32971,73917504,0
32972,73917504,0
32973,73917504,0
32974,73917504,0
32975,73917504,0
32976,73917504,0
32977,73917504,0
32978,73917504,0
32979,73917504,0
32980,73917504,0
32981,73917504,0
32982,73917504,0
32983,73917504,0
32984,73917504,0
32985,73917504,0
32986,73917504,0
32987,73917504,0
32988,73917504,0
32989,73917504,0
32990,73917504,0
32991,73917504,0
32992,73917504,0
32993,73917504,0
32994,73917504,0
32995,73917504,0
32996,73917504,0
32997,73917504,0
32998,73917504,0
32999,73917504,0
33000,73917504,0
33001,73917504,0
33002,73917504,0
33003,73917504,0
33004,73917504,0
33005,73917504,0
33006,73917504,0
33007,73917504,0
33008,73917504,0
33009,73917504,0
33010,73917504,0
33011,73917504,0
33012,73917504,0
33013,73917504,0
33014,73917504,0
33015,73917504,0
33016,73917504,0
33017,73917504,0
33018,73917504,0
33019,73917504,0
33020,73917504,0
33021,73917504,0
33022,73917504,0
33023,73917504,0
33024,73917504,0
33025,73917504,0
33026,73917504,0
33027,73917504,0
33028,73917504,0
33029,73917504,0
33030,73917504,0
33031,73917504,0
33032,73917504,0
33033,73917504,0
33034,73917504,0
33035,73917504,0
33036,73917504,0
33037,73917504,0
33038,73917504,0
33039,73917504,0
33040,73917504,0
33041,73917504,0
33042,73917504,0
33043,73917504,0
33044,73917504,0
33045,73917504,0
33046,73917504,0
33047,73917504,0
33048,73917504,0
33049,73917504,0
33050,73917504,0
33051,73917504,0
33052,73917504,0
33053,73917504,0
33054,73917504,0
33055,73917504,0
33056,73917504,0
33057,73917504,0
33058,73917504,0
33059,73917504,0
33060,73917504,0
33061,73917504,0
33062,73917504,0
33063,73917504,0
33064,73917504,0
33065,73917504,0
33066,73917504,0
33067,73917504,0
33068,73917504,0
33069,73917504,0
33070,73917504,0
33071,73917504,0
33072,73917504,0
33073,73917504,0
33074,73917504,0
33075,73917504,0
33076,73917504,0
33077,73917504,0
33078,73917504,0
33079,73917504,0
33080,73917504,0
33081,73917504,0
33082,73917504,0
33083,73917504,0
33084,73917504,0
33085,73917504,0
33086,73917504,0
33087,73917504,0
33088,73917504,0
33089,73917504,0
33090,73917504,0
33091,73917504,0
33092,73917504,0
33093,73917504,0
33094,73917504,0
33095,73917504,0
33096,73917504,0
33097,73917504,0
33098,73917504,0
33099,73917504,0
33100,73917504,0
33101,73917504,0
33102,73917504,0
33103,73917504,0
33104,73917504,0
33105,73917504,0
33106,73917504,0
33107,73917504,0
33108,73917504,0
33109,73917504,0
33110,73917504,0
33111,73917504,0
33112,73917504,0
33113,73917504,0
33114,73917504,0
33115,73917504,0
33116,73917504,0
33117,73917504,0
33118,73917504,0
33119,73917504,0
33120,73917504,0
33121,73917504,0
33122,73917504,0
33123,73917504,0
33124,73917504,0
33125,73917504,0
33126,73917504,0
33127,73917504,0
33128,73917504,0
33129,73917504,0
33130,73917504,0
33131,73917504,0
33132,73917504,0
33133,73917504,0
33134,73917504,0
33135,73917504,0
33136,73917504,0
33137,73917504,0
33138,73917504,0
33139,73917504,0
33140,73917504,0
33141,73917504,0
33142,73917504,0
33143,73917504,0
33144,73917504,0
33145,73917504,0
33146,73917504,0
33147,73917504,0
33148,73917504,0
33149,73917504,0
33150,73917504,0
33151,73917504,0
33152,73917504,0
33153,73917504,0
33154,73917504,0
33155,73917504,0
33156,73917504,0
33157,73917504,0
33158,73917504,0
33159,73917504,0
33160,73917504,0
33161,73917504,0
33162,73917504,0
33163,73917504,0
33164,73917504,0
33165,73917504,0
33166,73917504,0
33167,73917504,0
33168,73917504,0
33169,73917504,0
33170,73917504,0
33171,73917504,0
33172,73917504,0
33173,73917504,0
33174,73917504,0
33175,73917504,0
33176,73917504,0
33177,73917504,0
33178,73917504,0
33179,73917504,0
33180,73917504,0
33181,73917504,0
33182,73917504,0
33183,73917504,0
33184,73917504,0
33185,73917504,0
33186,73917504,0
33187,73917504,0
33188,73917504,0
33189,73917504,0
33190,73917504,0
33191,73917504,0
33192,73917504,0
33193,73917504,0
33194,73917504,0
33195,73917504,0
33196,73917504,0
33197,73917504,0
33198,73917504,0
33199,73917504,0
33200,73917504,0
33201,73917504,0
33202,73917504,0
33203,73917504,0
33204,73917504,0
33205,73917504,0
33206,73917504,0
33207,73917504,0
33208,73917504,0
33209,73917504,0
33210,73917504,0
33211,73917504,0
33212,73917504,0
33213,73917504,0
33214,73917504,0
33215,73917504,0
33216,73917504,0
33217,73917504,0
33218,73917504,0
33219,73917504,0
33220,73917504,0
33221,73917504,0
33222,73917504,0
33223,73917504,0
33224,73917504,0
33225,73917504,0
33226,73917504,0
33227,73917504,0
33228,73917504,0
33229,73917504,0
33230,73917504,0
33231,73917504,0
33232,73917504,0
33233,73917504,0
33234,73917504,0
33235,73917504,0
33236,73917504,0
33237,73917504,0
33238,73917504,0
33239,73917504,0
33240,73917504,0
33241,73917504,0
33242,73917504,0
33243,73917504,0
33244,73917504,0
33245,73917504,0
33246,73917504,0
33247,73917504,0
33248,73917504,0
33249,73917504,0
33250,73917504,0
33251,73917504,0
33252,73917504,0
33253,73917504,0
33254,73917504,0
33255,73917504,0
33256,73917504,0
33257,73917504,0
33258,73917504,0
33259,73917504,0
33260,73917504,0
33261,73917504,0
33262,73917504,0
33263,73917504,0
33264,73917504,0
33265,73917504,0
33266,73917504,0
33267,73917504,0
33268,73917504,0
33269,73917504,0
33270,73917504,0
33271,73917504,0
33272,73917504,0
33273,73917504,0
33274,73917504,0
33275,73917504,0
33276,73917504,0
33277,73917504,0
33278,73917504,0
33279,73917504,0
33280,73917504,0
33281,73917504,0
33282,73917504,0
33283,73917504,0
33284,73917504,0
33285,73917504,0
33286,73917504,0
33287,73917504,0
33288,73917504,0
33289,73917504,0
33290,73917504,0
33291,73917504,0
33292,73917504,0
33293,73917504,0
33294,73917504,0
33295,73917504,0
33296,73917504,0
33297,73917504,0
33298,73917504,0
33299,73917504,0
33300,73917504,0
33301,73917504,0
33302,73917504,0
33303,73917504,0
33304,73917504,0
33305,73917504,0
33306,73917504,0
33307,73917504,0
33308,73917504,0
33309,73917504,0
33310,73917504,0
33311,73917504,0
33312,73917504,0
33313,73917504,0
33314,73917504,0
33315,73917504,0
33316,73917504,0
33317,73917504,0
33318,73917504,0
33319,73917504,0
33320,73917504,0
33321,73917504,0
33322,73917504,0
33323,73917504,0
33324,73917504,0
33325,73917504,0
33326,73917504,0
33327,73917504,0
33328,73917504,0
33329,73917504,0
33330,73917504,0
33331,73917504,0
33332,73917504,0
33333,73917504,0
33334,73917504,0
33335,73917504,0
33336,73917504,0
33337,73917504,0
33338,73917504,0
33339,73917504,0
33340,73917504,0
33341,73917504,0
33342,73917504,0
33343,73917504,0
33344,73917504,0
33345,73917504,0
33346,73917504,0
33347,73917504,0
33348,73917504,0
33349,73917504,0
33350,73917504,0
33351,73917504,0
33352,73917504,0
33353,73917504,0
33354,73917504,0
33355,73917504,0
33356,73917504,0
33357,73917504,0
33358,73917504,0
33359,73917504,0
33360,73917504,0
33361,73917504,0
33362,73917504,0
33363,73917504,0
33364,73917504,0
33365,73917504,0
33366,73917504,0
33367,73917504,0
33368,73917504,0
33369,73917504,0
33370,73917504,0
33371,73917504,0
33372,73917504,0
33373,73917504,0
33374,73917504,0
33375,73917504,0
33376,73917504,0
33377,73917504,0
33378,73917504,0
33379,73917504,0
33380,73917504,0
33381,73917504,0
33382,73917504,0
33383,73917504,0
33384,73917504,0
33385,73917504,0
33386,73917504,0
33387,73917504,0
33388,73917504,0
33389,73917504,0
33390,73917504,0
33391,73917504,0
33392,73917504,0
33393,73917504,0
33394,73917504,0
33395,73917504,0
33396,73917504,0
33397,73917504,0
33398,73917504,0
33399,73917504,0
33400,73917504,0
33401,73917504,0
33402,73917504,0
33403,73917504,0
33404,73917504,0
33405,73917504,0
33406,73917504,0
33407,73917504,0
33408,73917504,0
33409,73917504,0
33410,73917504,0
33411,73917504,0
33412,73917504,0
33413,73917504,0
33414,73917504,0
33415,73917504,0
33416,73917504,0
33417,73917504,0
33418,73917504,0
33419,73917504,0
33420,73917504,0
33421,73917504,0
33422,73917504,0
33423,73917504,0
33424,73917504,0
33425,73917504,0
33426,73917504,0
33427,73917504,0
33428,73917504,0
33429,73917504,0
33430,73917504,0
33431,73917504,0
33432,73917504,0
33433,73917504,0
33434,73917504,0
33435,73917504,0
33436,73917504,0
33437,73917504,0
33438,73917504,0
33439,73917504,0
33440,73917504,0
33441,73917504,0
33442,73917504,0
33443,73917504,0
33444,73917504,0
33445,73917504,0
33446,73917504,0
33447,73917504,0
33448,73917504,0
33449,73917504,0
33450,73917504,0
33451,73917504,0
33452,73917504,0
33453,73917504,0
33454,73917504,0
33455,73917504,0
33456,73917504,0
33457,73917504,0
33458,73917504,0
33459,73917504,0
33460,73917504,0
33461,73917504,0
33462,73917504,0
33463,73917504,0
33464,73917504,0
33465,73917504,0
33466,73917504,0
33467,73917504,0
33468,73917504,0
33469,73917504,0
33470,73917504,0
33471,73917504,0
33472,73917504,0
33473,73917504,0
33474,73917504,0
33475,73917504,0
33476,73917504,0
33477,73917504,0
33478,73917504,0
33479,73917504,0
33480,73917504,0
33481,73917504,0
33482,73917504,0
33483,73917504,0
33484,73917504,0
33485,73917504,0
33486,73917504,0
33487,73917504,0
33488,73917504,0
33489,73917504,0
33490,73917504,0
33491,73917504,0
33492,73917504,0
33493,73917504,0
33494,73917504,0
33495,73917504,0
33496,73917504,0
33497,73917504,0
33498,73917504,0
33499,73917504,0
33500,73917504,0
33501,73917504,0
33502,73917504,0
33503,73917504,0
33504,73917504,0
33505,73917504,0
33506,73917504,0
33507,73917504,0
33508,73917504,0
33509,73917504,0
33510,73917504,0
33511,73917504,0
33512,73917504,0
33513,73917504,0
33514,73917504,0
33515,73917504,0
33516,73917504,0
33517,73917504,0
33518,73917504,0
33519,73917504,0
33520,73917504,0
33521,73917504,0
33522,73917504,0
33523,73917504,0
33524,73917504,0
33525,73917504,0
33526,73917504,0
33527,73917504,0
33528,73917504,0
33529,73917504,0
33530,73917504,0
33531,73917504,0
33532,73917504,0
33533,73917504,0
33534,73917504,0
33535,73917504,0
33536,73917504,0
33537,73917504,0
33538,73917504,0
33539,73917504,0
33540,73917504,0
33541,73917504,0
33542,73917504,0
33543,73917504,0
33544,73917504,0
33545,73917504,0
33546,73917504,0
33547,73917504,0
33548,73917504,0
33549,73917504,0
33550,73917504,0
33551,73917504,0
33552,73917504,0
33553,73917504,0
33554,73917504,0
33555,73917504,0
33556,73917504,0
33557,73917504,0
33558,73917504,0
33559,73917504,0
33560,73917504,0
33561,73917504,0
33562,73917504,0
33563,73917504,0
33564,73917504,0
33565,73917504,0
33566,73917504,0
33567,73917504,0
33568,73917504,0
33569,73917504,0
33570,73917504,0
33571,73917504,0
33572,73917504,0
33573,73917504,0
33574,73917504,0
33575,73917504,0
33576,73917504,0
33577,73917504,0
33578,73917504,0
33579,73917504,0
33580,73917504,0
33581,73917504,0
33582,73917504,0
33583,73917504,0
33584,73917504,0
33585,73917504,0
33586,73917504,0
33587,73917504,0
33588,73917504,0
33589,73917504,0
33590,73917504,0
33591,73917504,0
33592,73917504,0
33593,73917504,0
33594,73917504,0
33595,73917504,0
33596,73917504,0
33597,73917504,0
33598,73917504,0
33599,73917504,0
33600,73917504,0
33601,73917504,0
33602,73917504,0
33603,73917504,0
33604,73917504,0
33605,73917504,0
33606,73917504,0
33607,73917504,0
33608,73917504,0
33609,73917504,0
33610,73917504,0
33611,73917504,0
33612,73917504,0
33613,73917504,0
33614,73917504,0
33615,73917504,0
33616,73917504,0
33617,73917504,0
33618,73917504,0
33619,73917504,0
33620,73917504,0
33621,73917504,0
33622,73917504,0
33623,73917504,0
33624,73917504,0
33625,73917504,0
33626,73917504,0
33627,73917504,0
33628,73917504,0
33629,73917504,0
33630,73917504,0
33631,73917504,0
33632,73917504,0
33633,73917504,0
33634,73917504,0
33635,73917504,0
33636,73917504,0
33637,73917504,0
33638,73917504,0
33639,73917504,0
33640,73917504,0
33641,73917504,0
33642,73917504,0
33643,73917504,0
33644,73917504,0
33645,73917504,0
33646,73917504,0
33647,73917504,0
33648,73917504,0
33649,73917504,0
33650,73917504,0
33651,73917504,0
33652,73917504,0
33653,73917504,0
33654,73917504,0
33655,73917504,0
33656,73917504,0
33657,73917504,0
33658,73917504,0
33659,73917504,0
33660,73917504,0
33661,73917504,0
33662,73917504,0
33663,73917504,0
33664,73917504,0
33665,73917504,0
33666,73917504,0
33667,73917504,0
33668,73917504,0
33669,73917504,0
33670,73917504,0
33671,73917504,0
33672,73917504,0
33673,73917504,0
33674,73917504,0
33675,73917504,0
33676,73917504,0
33677,73917504,0
33678,73917504,0
33679,73917504,0
33680,73917504,0
33681,73917504,0
33682,73917504,0
33683,73917504,0
33684,73917504,0
33685,73917504,0
33686,73917504,0
33687,73917504,0
33688,73917504,0
33689,73917504,0
33690,73917504,0
33691,73917504,0
33692,73917504,0
33693,73917504,0
33694,73917504,0
33695,73917504,0
33696,73917504,0
33697,73917504,0
33698,73917504,0
33699,73917504,0
33700,73917504,0
33701,73917504,0
33702,73917504,0
33703,73917504,0
33704,73917504,0
33705,73917504,0
33706,73917504,0
33707,73917504,0
33708,73917504,0
33709,73917504,0
33710,73917504,0
33711,73917504,0
33712,73917504,0
33713,73917504,0
33714,73917504,0
33715,73917504,0
33716,73917504,0
33717,73917504,0
33718,73917504,0
33719,73917504,0
33720,73917504,0
33721,73917504,0
33722,73917504,0
33723,73917504,0
33724,73917504,0
33725,73917504,0
33726,73917504,0
33727,73917504,0
33728,73917504,0
33729,73917504,0
33730,73917504,0
33731,73917504,0
33732,73917504,0
33733,73917504,0
33734,73917504,0
33735,73917504,0
33736,73917504,0
33737,73917504,0
33738,73917504,0
33739,73917504,0
33740,73917504,0
33741,73917504,0
33742,73917504,0
33743,73917504,0
33744,73917504,0
33745,73917504,0
33746,73917504,0
33747,73917504,0
33748,73917504,0
33749,73917504,0
33750,73917504,0
33751,73917504,0
33752,73917504,0
33753,73917504,0
33754,73917504,0
33755,73917504,0
33756,73917504,0
33757,73917504,0
33758,73917504,0
33759,73917504,0
33760,73917504,0
33761,73917504,0
33762,73917504,0
33763,73917504,0
33764,73917504,0
33765,73917504,0
33766,73917504,0
33767,73917504,0
33768,73917504,0
33769,73917504,0
33770,73917504,0
33771,73917504,0
33772,73917504,0
33773,73917504,0
33774,73917504,0
33775,73917504,0
33776,73917504,0
33777,73917504,0
33778,73917504,0
33779,73917504,0
33780,73917504,0
33781,73917504,0
33782,73917504,0
33783,73917504,0
33784,73917504,0
33785,73917504,0
33786,73917504,0
33787,73917504,0
33788,73917504,0
33789,73917504,0
33790,73917504,0
33791,73917504,0
33792,73917504,0
33793,73917504,0
33794,73917504,0
33795,73917504,0
33796,73917504,0
33797,73917504,0
33798,73917504,0
33799,73917504,0
33800,73917504,0
33801,73917504,0
33802,73917504,0
33803,73917504,0
33804,73917504,0
33805,73917504,0
33806,73917504,0
33807,73917504,0
33808,73917504,0
33809,73917504,0
33810,73917504,0
33811,73917504,0
33812,73917504,0
33813,73917504,0
33814,73917504,0
33815,73917504,0
33816,73917504,0
33817,73917504,0
33818,73917504,0
33819,73917504,0
33820,73917504,0
33821,73917504,0
33822,73917504,0
33823,73917504,0
33824,73917504,0
33825,73917504,0
33826,73917504,0
33827,73917504,0
33828,73917504,0
33829,73917504,0
33830,73917504,0
33831,73917504,0
33832,73917504,0
33833,73917504,0
33834,73917504,0
33835,73917504,0
33836,73917504,0
33837,73917504,0
33838,73917504,0
33839,73917504,0
33840,73917504,0
33841,73917504,0
33842,73917504,0
33843,73917504,0
33844,73917504,0
33845,73917504,0
33846,73917504,0
33847,73917504,0
33848,73917504,0
33849,73917504,0
33850,73917504,0
33851,73917504,0
33852,73917504,0
33853,73917504,0
33854,73917504,0
33855,73917504,0
33856,73917504,0
33857,73917504,0
33858,73917504,0
33859,73917504,0
33860,73917504,0
33861,73917504,0
33862,73917504,0
33863,73917504,0
33864,73917504,0
33865,73917504,0
33866,73917504,0
33867,73917504,0
33868,73917504,0
33869,73917504,0
33870,73917504,0
33871,73917504,0
33872,73917504,0
33873,73917504,0
33874,73917504,0
33875,73917504,0
33876,73917504,0
33877,73917504,0
33878,73917504,0
33879,73917504,0
33880,73917504,0
33881,73917504,0
33882,73917504,0
33883,73917504,0
33884,73917504,0
33885,73917504,0
33886,73917504,0
33887,73917504,0
33888,73917504,0
33889,73917504,0
33890,73917504,0
33891,73917504,0
33892,73917504,0
33893,73917504,0
33894,73917504,0
33895,73917504,0
33896,73917504,0
33897,73917504,0
33898,73917504,0
33899,73917504,0
33900,73917504,0
33901,73917504,0
33902,73917504,0
33903,73917504,0
33904,73917504,0
33905,73917504,0
33906,73917504,0
33907,73917504,0
33908,73917504,0
33909,73917504,0
33910,73917504,0
33911,73917504,0
33912,73917504,0
33913,73917504,0
33914,73917504,0
33915,73917504,0
33916,73917504,0
33917,73917504,0
33918,73917504,0
33919,73917504,0
33920,73917504,0
33921,73917504,0
33922,73917504,0
33923,73917504,0
33924,73917504,0
33925,73917504,0
33926,73917504,0
33927,73917504,0
33928,73917504,0
33929,73917504,0
33930,73917504,0
33931,73917504,0
33932,73917504,0
33933,73917504,0
33934,73917504,0
33935,73917504,0
33936,73917504,0
33937,73917504,0
33938,73917504,0
33939,73917504,0
33940,73917504,0
33941,73917504,0
33942,73917504,0
33943,73917504,0
33944,73917504,0
33945,73917504,0
33946,73917504,0
33947,73917504,0
33948,73917504,0
33949,73917504,0
33950,73917504,0
33951,73917504,0
33952,73917504,0
33953,73917504,0
33954,73917504,0
33955,73917504,0
33956,73917504,0
33957,73917504,0
33958,73917504,0
33959,73917504,0
33960,73917504,0
33961,73917504,0
33962,73917504,0
33963,73917504,0
33964,73917504,0
33965,73917504,0
33966,73917504,0
33967,73917504,0
33968,73917504,0
33969,73917504,0
33970,73917504,0
33971,73917504,0
33972,73917504,0
33973,73917504,0
33974,73917504,0
33975,73917504,0
33976,73917504,0
33977,73917504,0
33978,73917504,0
33979,73917504,0
33980,73917504,0
33981,73917504,0
33982,73917504,0
33983,73917504,0
33984,73917504,0
33985,73917504,0
33986,73917504,0
33987,73917504,0
33988,73917504,0
33989,73917504,0
33990,73917504,0
33991,73917504,0
33992,73917504,0
33993,73917504,0
33994,73917504,0
33995,73917504,0
33996,73917504,0
33997,73917504,0
33998,73917504,0
33999,73917504,0
34000,73917504,0
34001,73917504,0
34002,73917504,0
34003,73917504,0
34004,73917504,0
34005,73917504,0
34006,73917504,0
34007,73917504,0
34008,73917504,0
34009,73917504,0
34010,73917504,0
34011,73917504,0
34012,73917504,0
34013,73917504,0
34014,73917504,0
34015,73917504,0
34016,73917504,0
34017,73917504,0
34018,73917504,0
34019,73917504,0
34020,73917504,0
34021,73917504,0
34022,73917504,0
34023,73917504,0
34024,73917504,0
34025,73917504,0
34026,73917504,0
34027,73917504,0
34028,73917504,0
34029,73917504,0
34030,73917504,0
34031,73917504,0
34032,73917504,0
34033,73917504,0
34034,73917504,0
34035,73917504,0
34036,73917504,0
34037,73917504,0
34038,73917504,0
34039,73917504,0
34040,73917504,0
34041,73917504,0
34042,73917504,0
34043,73917504,0
34044,73917504,0
34045,73917504,0
34046,73917504,0
34047,73917504,0
34048,73917504,0
34049,73917504,0
34050,73917504,0
34051,73917504,0
34052,73917504,0
34053,73917504,0
34054,73917504,0
34055,73917504,0
34056,73917504,0
34057,73917504,0
34058,73917504,0
34059,73917504,0
34060,73917504,0
34061,73917504,0
34062,73917504,0
34063,73917504,0
34064,73917504,0
34065,73917504,0
34066,73917504,0
34067,73917504,0
34068,73917504,0
34069,73917504,0
34070,73917504,0
34071,73917504,0
34072,73917504,0
34073,73917504,0
34074,73917504,0
34075,73917504,0
34076,73917504,0
34077,73917504,0
34078,73917504,0
34079,73917504,0
34080,73917504,0
34081,73917504,0
34082,73917504,0
34083,73917504,0
34084,73917504,0
34085,73917504,0
34086,73917504,0
34087,73917504,0
34088,73917504,0
34089,73917504,0
34090,73917504,0
34091,73917504,0
34092,73917504,0
34093,73917504,0
34094,73917504,0
34095,73917504,0
34096,73917504,0
34097,73917504,0
34098,73917504,0
34099,73917504,0
34100,73917504,0
34101,73917504,0
34102,73917504,0
34103,73917504,0
34104,73917504,0
34105,73917504,0
34106,73917504,0
34107,73917504,0
34108,73917504,0
34109,73917504,0
34110,73917504,0
34111,73917504,0
34112,73917504,0
34113,73917504,0
34114,73917504,0
34115,73917504,0
34116,73917504,0
34117,73917504,0
34118,73917504,0
34119,73917504,0
34120,73917504,0
34121,73917504,0
34122,73917504,0
34123,73917504,0
34124,73917504,0
34125,73917504,0
34126,73917504,0
34127,73917504,0
34128,73917504,0
34129,73917504,0
34130,73917504,0
34131,73917504,0
34132,73917504,0
34133,73917504,0
34134,73917504,0
34135,73917504,0
34136,73917504,0
34137,73917504,0
34138,73917504,0
34139,73917504,0
34140,73917504,0
34141,73917504,0
34142,73917504,0
34143,73917504,0
34144,73917504,0
34145,73917504,0
34146,73917504,0
34147,73917504,0
34148,73917504,0
34149,73917504,0
34150,73917504,0
34151,73917504,0
34152,73917504,0
34153,73917504,0
34154,73917504,0
34155,73917504,0
34156,73917504,0
34157,73917504,0
34158,73917504,0
34159,73917504,0
34160,73917504,0
34161,73917504,0
34162,73917504,0
34163,73917504,0
34164,73917504,0
34165,73917504,0
34166,73917504,0
34167,73917504,0
34168,73917504,0
34169,73917504,0
34170,73917504,0
34171,73917504,0
34172,73917504,0
34173,73917504,0
34174,73917504,0
34175,73917504,0
34176,73917504,0
34177,73917504,0
34178,73917504,0
34179,73917504,0
34180,73917504,0
34181,73917504,0
34182,73917504,0
34183,73917504,0
34184,73917504,0
34185,73917504,0
34186,73917504,0
34187,73917504,0
34188,73917504,0
34189,73917504,0
34190,73917504,0
34191,73917504,0
34192,73917504,0
34193,73917504,0
34194,73917504,0
34195,73917504,0
34196,73917504,0
34197,73917504,0
34198,73917504,0
34199,73917504,0
34200,73917504,0
34201,73917504,0
34202,73917504,0
34203,73917504,0
34204,73917504,0
34205,73917504,0
34206,73917504,0
34207,73917504,0
34208,73917504,0
34209,73917504,0
34210,73917504,0
34211,73917504,0
34212,73917504,0
34213,73917504,0
34214,73917504,0
34215,73917504,0
34216,73917504,0
34217,73917504,0
34218,73917504,0
34219,73917504,0
34220,73917504,0
34221,73917504,0
34222,73917504,0
34223,73917504,0
34224,73917504,0
34225,73917504,0
34226,73917504,0
34227,73917504,0
34228,73917504,0
34229,73917504,0
34230,73917504,0
34231,73917504,0
34232,73917504,0
34233,73917504,0
34234,73917504,0
34235,73917504,0
34236,73917504,0
34237,73917504,0
34238,73917504,0
34239,73917504,0
34240,73917504,0
34241,73917504,0
34242,73917504,0
34243,73917504,0
34244,73917504,0
34245,73917504,0
34246,73917504,0
34247,73917504,0
34248,73917504,0
34249,73917504,0
34250,73917504,0
34251,73917504,0
34252,73917504,0
34253,73917504,0
34254,73917504,0
34255,73917504,0
34256,73917504,0
34257,73917504,0
34258,73917504,0
34259,73917504,0
34260,73917504,0
34261,73917504,0
34262,73917504,0
34263,73917504,0
34264,73917504,0
34265,73917504,0
34266,73917504,0
34267,73917504,0
34268,73917504,0
34269,73917504,0
34270,73917504,0
34271,73917504,0
34272,73917504,0
34273,73917504,0
34274,73917504,0
34275,73917504,0
34276,73917504,0
34277,73917504,0
34278,73917504,0
34279,73917504,0
34280,73917504,0
34281,73917504,0
34282,73917504,0
34283,73917504,0
34284,73917504,0
34285,73917504,0
34286,73917504,0
34287,73917504,0
34288,73917504,0
34289,73917504,0
34290,73917504,0
34291,73917504,0
34292,73917504,0
34293,73917504,0
34294,73917504,0
34295,73917504,0
34296,73917504,0
34297,73917504,0
34298,73917504,0
34299,73917504,0
34300,73917504,0
34301,73917504,0
34302,73917504,0
34303,73917504,0
34304,73917504,0
34305,73917504,0
34306,73917504,0
34307,73917504,0
34308,73917504,0
34309,73917504,0
34310,73917504,0
34311,73917504,0
34312,73917504,0
34313,73917504,0
34314,73917504,0
34315,73917504,0
34316,73917504,0
34317,73917504,0
34318,73917504,0
34319,73917504,0
34320,73917504,0
34321,73917504,0
34322,73917504,0
34323,73917504,0
34324,73917504,0
34325,73917504,0
34326,73917504,0
34327,73917504,0
34328,73917504,0
34329,73917504,0
34330,73917504,0
34331,73917504,0
34332,73917504,0
34333,73917504,0
34334,73917504,0
34335,73917504,0
34336,73917504,0
34337,73917504,0
34338,73917504,0
34339,73917504,0
34340,73917504,0
34341,73917504,0
34342,73917504,0
34343,73917504,0
34344,73917504,0
34345,73917504,0
34346,73917504,0
34347,73917504,0
34348,73917504,0
34349,73917504,0
34350,73917504,0
34351,73917504,0
34352,73917504,0
34353,73917504,0
34354,73917504,0
34355,73917504,0
34356,73917504,0
34357,73917504,0
34358,73917504,0
34359,73917504,0
34360,73917504,0
34361,73917504,0
34362,73917504,0
34363,73917504,0
34364,73917504,0
34365,73917504,0
34366,73917504,0
34367,73917504,0
34368,73917504,0
34369,73917504,0
34370,73917504,0
34371,73917504,0
34372,73917504,0
34373,73917504,0
34374,73917504,0
34375,73917504,0
34376,73917504,0
34377,73917504,0
34378,73917504,0
34379,73917504,0
34380,73917504,0
34381,73917504,0
34382,73917504,0
34383,73917504,0
34384,73917504,0
34385,73917504,0
34386,73917504,0
34387,73917504,0
34388,73917504,0
34389,73917504,0
34390,73917504,0
34391,73917504,0
34392,73917504,0
34393,73917504,0
34394,73917504,0
34395,73917504,0
34396,73917504,0
34397,73917504,0
34398,73917504,0
34399,73917504,0
34400,73917504,0
34401,73917504,0
34402,73917504,0
34403,73917504,0
34404,73917504,0
34405,73917504,0
34406,73917504,0
34407,73917504,0
34408,73917504,0
34409,73917504,0
34410,73917504,0
34411,73917504,0
34412,73917504,0
34413,73917504,0
34414,73917504,0
34415,73917504,0
34416,73917504,0
34417,73917504,0
34418,73917504,0
34419,73917504,0
34420,73917504,0
34421,73917504,0
34422,73917504,0
34423,73917504,0
34424,73917504,0
34425,73917504,0
34426,73917504,0
34427,73917504,0
34428,73917504,0
34429,73917504,0
34430,73917504,0
34431,73917504,0
34432,73917504,0
34433,73917504,0
34434,73917504,0
34435,73917504,0
34436,73917504,0
34437,73917504,0
34438,73917504,0
34439,73917504,0
34440,73917504,0
34441,73917504,0
34442,73917504,0
34443,73917504,0
34444,73917504,0
34445,73917504,0
34446,73917504,0
34447,73917504,0
34448,73917504,0
34449,73917504,0
34450,73917504,0
34451,73917504,0
34452,73917504,0
34453,73917504,0
34454,73917504,0
34455,73917504,0
34456,73917504,0
34457,73917504,0
34458,73917504,0
34459,73917504,0
34460,73917504,0
34461,73917504,0
34462,73917504,0
34463,73917504,0
34464,73917504,0
34465,73917504,0
34466,73917504,0
34467,73917504,0
34468,73917504,0
34469,73917504,0
34470,73917504,0
34471,73917504,0
34472,73917504,0
34473,73917504,0
34474,73917504,0
34475,73917504,0
34476,73917504,0
34477,73917504,0
34478,73917504,0
34479,73917504,0
34480,73917504,0
34481,73917504,0
34482,73917504,0
34483,73917504,0
34484,73917504,0
34485,73917504,0
34486,73917504,0
34487,73917504,0
34488,73917504,0
34489,73917504,0
34490,73917504,0
34491,73917504,0
34492,73917504,0
34493,73917504,0
34494,73917504,0
34495,73917504,0
34496,73917504,0
34497,73917504,0
34498,73917504,0
34499,73917504,0
34500,73917504,0
34501,73917504,0
34502,73917504,0
34503,73917504,0
34504,73917504,0
34505,73917504,0
34506,73917504,0
34507,73917504,0
34508,73917504,0
34509,73917504,0
34510,73917504,0
34511,73917504,0
34512,73917504,0
34513,73917504,0
34514,73917504,0
34515,73917504,0
34516,73917504,0
34517,73917504,0
34518,73917504,0
34519,73917504,0
34520,73917504,0
34521,73917504,0
34522,73917504,0
34523,73917504,0
34524,73917504,0
34525,73917504,0
34526,73917504,0
34527,73917504,0
34528,73917504,0
34529,73917504,0
34530,73917504,0
34531,73917504,0
34532,73917504,0
34533,73917504,0
34534,73917504,0
34535,73917504,0
34536,73917504,0
34537,73917504,0
34538,73917504,0
34539,73917504,0
34540,73917504,0
34541,73917504,0
34542,73917504,0
34543,73917504,0
34544,73917504,0
34545,73917504,0
34546,73917504,0
34547,73917504,0
34548,73917504,0
34549,73917504,0
34550,73917504,0
34551,73917504,0
34552,73917504,0
34553,73917504,0
34554,73917504,0
34555,73917504,0
34556,73917504,0
34557,73917504,0
34558,73917504,0
34559,73917504,0
34560,73917504,0
34561,73917504,0
34562,73917504,0
34563,73917504,0
34564,73917504,0
34565,73917504,0
34566,73917504,0
34567,73917504,0
34568,73917504,0
34569,73917504,0
34570,73917504,0
34571,73917504,0
34572,73917504,0
34573,73917504,0
34574,73917504,0
34575,73917504,0
34576,73917504,0
34577,73917504,0
34578,73917504,0
34579,73917504,0
34580,73917504,0
34581,73917504,0
34582,73917504,0
34583,73917504,0
34584,73917504,0
34585,73917504,0
34586,73917504,0
34587,73917504,0
34588,73917504,0
34589,73917504,0
34590,73917504,0
34591,73917504,0
34592,73917504,0
34593,73917504,0
34594,73917504,0
34595,73917504,0
34596,73917504,0
34597,73917504,0
34598,73917504,0
34599,73917504,0
34600,73917504,0
34601,73917504,0
34602,73917504,0
34603,73917504,0
34604,73917504,0
34605,73917504,0
34606,73917504,0
34607,73917504,0
34608,73917504,0
34609,73917504,0
34610,73917504,0
34611,73917504,0
34612,73917504,0
34613,73917504,0
34614,73917504,0
34615,73917504,0
34616,73917504,0
34617,73917504,0
34618,73917504,0
34619,73917504,0
34620,73917504,0
34621,73917504,0
34622,73917504,0
34623,73917504,0
34624,73917504,0
34625,73917504,0
34626,73917504,0
34627,73917504,0
34628,73917504,0
34629,73917504,0
34630,73917504,0
34631,73917504,0
34632,73917504,0
34633,73917504,0
34634,73917504,0
34635,73917504,0
34636,73917504,0
34637,73917504,0
34638,73917504,0
34639,73917504,0
34640,73917504,0
34641,73917504,0
34642,73917504,0
34643,73917504,0
34644,73917504,0
34645,73917504,0
34646,73917504,0
34647,73917504,0
34648,73917504,0
34649,73917504,0
34650,73917504,0
34651,73917504,0
34652,73917504,0
34653,73917504,0
34654,73917504,0
34655,73917504,0
34656,73917504,0
34657,73917504,0
34658,73917504,0
34659,73917504,0
34660,73917504,0
34661,73917504,0
34662,73917504,0
34663,73917504,0
34664,73917504,0
34665,73917504,0
34666,73917504,0
34667,73917504,0
34668,73917504,0
34669,73917504,0
34670,73917504,0
34671,73917504,0
34672,73917504,0
34673,73917504,0
34674,73917504,0
34675,73917504,0
34676,73917504,0
34677,73917504,0
34678,73917504,0
34679,73917504,0
34680,73917504,0
34681,73917504,0
34682,73917504,0
34683,73917504,0
34684,73917504,0
34685,73917504,0
34686,73917504,0
34687,73917504,0
34688,73917504,0
34689,73917504,0
34690,73917504,0
34691,73917504,0
34692,73917504,0
34693,73917504,0
34694,73917504,0
34695,73917504,0
34696,73917504,0
34697,73917504,0
34698,73917504,0
34699,73917504,0
34700,73917504,0
34701,73917504,0
34702,73917504,0
34703,73917504,0
34704,73917504,0
34705,73917504,0
34706,73917504,0
34707,73917504,0
34708,73917504,0
34709,73917504,0
34710,73917504,0
34711,73917504,0
34712,73917504,0
34713,73917504,0
34714,73917504,0
34715,73917504,0
34716,73917504,0
34717,73917504,0
34718,73917504,0
34719,73917504,0
34720,73917504,0
34721,73917504,0
34722,73917504,0
34723,73917504,0
34724,73917504,0
34725,73917504,0
34726,73917504,0
34727,73917504,0
34728,73917504,0
34729,73917504,0
34730,73917504,0
34731,73917504,0
34732,73917504,0
34733,73917504,0
34734,73917504,0
34735,73917504,0
34736,73917504,0
34737,73917504,0
34738,73917504,0
34739,73917504,0
34740,73917504,0
34741,73917504,0
34742,73917504,0
34743,73917504,0
34744,73917504,0
34745,73917504,0
34746,73917504,0
34747,73917504,0
34748,73917504,0
34749,73917504,0
34750,73917504,0
34751,73917504,0
34752,73917504,0
34753,73917504,0
34754,73917504,0
34755,73917504,0
34756,73917504,0
34757,73917504,0
34758,73917504,0
34759,73917504,0
34760,73917504,0
34761,73917504,0
34762,73917504,0
34763,73917504,0
34764,73917504,0
34765,73917504,0
34766,73917504,0
34767,73917504,0
34768,73917504,0
34769,73917504,0
34770,73917504,0
34771,73917504,0
34772,73917504,0
34773,73917504,0
34774,73917504,0
34775,73917504,0
34776,73917504,0
34777,73917504,0
34778,73917504,0
34779,73917504,0
34780,73917504,0
34781,73917504,0
34782,73917504,0
34783,73917504,0
34784,73917504,0
34785,73917504,0
34786,73917504,0
34787,73917504,0
34788,73917504,0
34789,73917504,0
34790,73917504,0
34791,73917504,0
34792,73917504,0
34793,73917504,0
34794,73917504,0
34795,73917504,0
34796,73917504,0
34797,73917504,0
34798,73917504,0
34799,73917504,0
34800,73917504,0
34801,73917504,0
34802,73917504,0
34803,73917504,0
34804,73917504,0
34805,73917504,0
34806,73917504,0
34807,73917504,0
34808,73917504,0
34809,73917504,0
34810,73917504,0
34811,73917504,0
34812,73917504,0
34813,73917504,0
34814,73917504,0
34815,73917504,0
34816,73917504,0
34817,73917504,0
34818,73917504,0
34819,73917504,0
34820,73917504,0
34821,73917504,0
34822,73917504,0
34823,73917504,0
34824,73917504,0
34825,73917504,0
34826,73917504,0
34827,73917504,0
34828,73917504,0
34829,73917504,0
34830,73917504,0
34831,73917504,0
34832,73917504,0
34833,73917504,0
34834,73917504,0
34835,73917504,0
34836,73917504,0
34837,73917504,0
34838,73917504,0
34839,73917504,0
34840,73917504,0
34841,73917504,0
34842,73917504,0
34843,73917504,0
34844,73917504,0
34845,73917504,0
34846,73917504,0
34847,73917504,0
34848,73917504,0
34849,73917504,0
34850,73917504,0
34851,73917504,0
34852,73917504,0
34853,73917504,0
34854,73917504,0
34855,73917504,0
34856,73917504,0
34857,73917504,0
34858,73917504,0
34859,73917504,0
34860,73917504,0
34861,73917504,0
34862,73917504,0
34863,73917504,0
34864,73917504,0
34865,73917504,0
34866,73917504,0
34867,73917504,0
34868,73917504,0
34869,73917504,0
34870,73917504,0
34871,73917504,0
34872,73917504,0
34873,73917504,0
34874,73917504,0
34875,73917504,0
34876,73917504,0
34877,73917504,0
34878,73917504,0
34879,73917504,0
34880,73917504,0
34881,73917504,0
34882,73917504,0
34883,73917504,0
34884,73917504,0
34885,73917504,0
34886,73917504,0
34887,73917504,0
34888,73917504,0
34889,73917504,0
34890,73917504,0
34891,73917504,0
34892,73917504,0
34893,73917504,0
34894,73917504,0
34895,73917504,0
34896,73917504,0
34897,73917504,0
34898,73917504,0
34899,73917504,0
34900,73917504,0
34901,73917504,0
34902,73917504,0
34903,73917504,0
34904,73917504,0
34905,73917504,0
34906,73917504,0
34907,73917504,0
34908,73917504,0
34909,73917504,0
34910,73917504,0
34911,73917504,0
34912,73917504,0
34913,73917504,0
34914,73917504,0
34915,73917504,0
34916,73917504,0
34917,73917504,0
34918,73917504,0
34919,73917504,0
34920,73917504,0
34921,73917504,0
34922,73917504,0
34923,73917504,0
34924,73917504,0
34925,73917504,0
34926,73917504,0
34927,73917504,0
34928,73917504,0
34929,73917504,0
34930,73917504,0
34931,73917504,0
34932,73917504,0
34933,73917504,0
34934,73917504,0
34935,73917504,0
34936,73917504,0
34937,73917504,0
34938,73917504,0
34939,73917504,0
34940,73917504,0
34941,73917504,0
34942,73917504,0
34943,73917504,0
34944,73917504,0
34945,73917504,0
34946,73917504,0
34947,73917504,0
34948,73917504,0
34949,73917504,0
34950,73917504,0
34951,73917504,0
34952,73917504,0
34953,73917504,0
34954,73917504,0
34955,73917504,0
34956,73917504,0
34957,73917504,0
34958,73917504,0
34959,73917504,0
34960,73917504,0
34961,73917504,0
34962,73917504,0
34963,73917504,0
34964,73917504,0
34965,73917504,0
34966,73917504,0
34967,73917504,0
34968,73917504,0
34969,73917504,0
34970,73917504,0
34971,73917504,0
34972,73917504,0
34973,73917504,0
34974,73917504,0
34975,73917504,0
34976,73917504,0
34977,73917504,0
34978,73917504,0
34979,73917504,0
34980,73917504,0
34981,73917504,0
34982,73917504,0
34983,73917504,0
34984,73917504,0
34985,73917504,0
34986,73917504,0
34987,73917504,0
34988,73917504,0
34989,73917504,0
34990,73917504,0
34991,73917504,0
34992,73917504,0
34993,73917504,0
34994,73917504,0
34995,73917504,0
34996,73917504,0
34997,73917504,0
34998,73917504,0
34999,73917504,0
35000,73917504,0
35001,73917504,0
35002,73917504,0
35003,73917504,0
35004,73917504,0
35005,73917504,0
35006,73917504,0
35007,73917504,0
35008,73917504,0
35009,73917504,0
35010,73917504,0
35011,73917504,0
35012,73917504,0
35013,73917504,0
35014,73917504,0
35015,73917504,0
35016,73917504,0
35017,73917504,0
35018,73917504,0
35019,73917504,0
35020,73917504,0
35021,73917504,0
35022,73917504,0
35023,73917504,0
35024,73917504,0
35025,73917504,0
35026,73917504,0
35027,73917504,0
35028,73917504,0
35029,73917504,0
35030,73917504,0
35031,73917504,0
35032,73917504,0
35033,73917504,0
35034,73917504,0
35035,73917504,0
35036,73917504,0
35037,73917504,0
35038,73917504,0
35039,73917504,0
35040,73917504,0
35041,73917504,0
35042,73917504,0
35043,73917504,0
35044,73917504,0
35045,73917504,0
35046,73917504,0
35047,73917504,0
35048,73917504,0
35049,73917504,0
35050,73917504,0
35051,73917504,0
35052,73917504,0
35053,73917504,0
35054,73917504,0
35055,73917504,0
35056,73917504,0
35057,73917504,0
35058,73917504,0
35059,73917504,0
35060,73917504,0
35061,73917504,0
35062,73917504,0
35063,73917504,0
35064,73917504,0
35065,73917504,0
35066,73917504,0
35067,73917504,0
35068,73917504,0
35069,73917504,0
35070,73917504,0
35071,73917504,0
35072,73917504,0
35073,73917504,0
35074,73917504,0
35075,73917504,0
35076,73917504,0
35077,73917504,0
35078,73917504,0
35079,73917504,0
35080,73917504,0
35081,73917504,0
35082,73917504,0
35083,73917504,0
35084,73917504,0
35085,73917504,0
35086,73917504,0
35087,73917504,0
35088,73917504,0
35089,73917504,0
35090,73917504,0
35091,73917504,0
35092,73917504,0
35093,73917504,0
35094,73917504,0
35095,73917504,0
35096,73917504,0
35097,73917504,0
35098,73917504,0
35099,73917504,0
35100,73917504,0
35101,73917504,0
35102,73917504,0
35103,73917504,0
35104,73917504,0
35105,73917504,0
35106,73917504,0
35107,73917504,0
35108,73917504,0
35109,73917504,0
35110,73917504,0
35111,73917504,0
35112,73917504,0
35113,73917504,0
35114,73917504,0
35115,73917504,0
35116,73917504,0
35117,73917504,0
35118,73917504,0
35119,73917504,0
35120,73917504,0
35121,73917504,0
35122,73917504,0
35123,73917504,0
35124,73917504,0
35125,73917504,0
35126,73917504,0
35127,73917504,0
35128,73917504,0
35129,73917504,0
35130,73917504,0
35131,73917504,0
35132,73917504,0
35133,73917504,0
35134,73917504,0
35135,73917504,0
35136,73917504,0
35137,73917504,0
35138,73917504,0
35139,73917504,0
35140,73917504,0
35141,73917504,0
35142,73917504,0
35143,73917504,0
35144,73917504,0
35145,73917504,0
35146,73917504,0
35147,73917504,0
35148,73917504,0
35149,73917504,0
35150,73917504,0
35151,73917504,0
35152,73917504,0
35153,73917504,0
35154,73917504,0
35155,73917504,0
35156,73917504,0
35157,73917504,0
35158,73917504,0
35159,73917504,0
35160,73917504,0
35161,73917504,0
35162,73917504,0
35163,73917504,0
35164,73917504,0
35165,73917504,0
35166,73917504,0
35167,73917504,0
35168,73917504,0
35169,73917504,0
35170,73917504,0
35171,73917504,0
35172,73917504,0
35173,73917504,0
35174,73917504,0
35175,73917504,0
35176,73917504,0
35177,73917504,0
35178,73917504,0
35179,73917504,0
35180,73917504,0
35181,73917504,0
35182,73917504,0
35183,73917504,0
35184,73917504,0
35185,73917504,0
35186,73917504,0
35187,73917504,0
35188,73917504,0
35189,73917504,0
35190,73917504,0
35191,73917504,0
35192,73917504,0
35193,73917504,0
35194,73917504,0
35195,73917504,0
35196,73917504,0
35197,73917504,0
35198,73917504,0
35199,73917504,0
35200,73917504,0
35201,73917504,0
35202,73917504,0
35203,73917504,0
35204,73917504,0
35205,73917504,0
35206,73917504,0
35207,73917504,0
35208,73917504,0
35209,73917504,0
35210,73917504,0
35211,73917504,0
35212,73917504,0
35213,73917504,0
35214,73917504,0
35215,73917504,0
35216,73917504,0
35217,73917504,0
35218,73917504,0
35219,73917504,0
35220,73917504,0
35221,73917504,0
35222,73917504,0
35223,73917504,0
35224,73917504,0
35225,73917504,0
35226,73917504,0
35227,73917504,0
35228,73917504,0
35229,73917504,0
35230,73917504,0
35231,73917504,0
35232,73917504,0
35233,73917504,0
35234,73917504,0
35235,73917504,0
35236,73917504,0
35237,73917504,0
35238,73917504,0
35239,73917504,0
35240,73917504,0
35241,73917504,0
35242,73917504,0
35243,73917504,0
35244,73917504,0
35245,73917504,0
35246,73917504,0
35247,73917504,0
35248,73917504,0
35249,73917504,0
35250,73917504,0
35251,73917504,0
35252,73917504,0
35253,73917504,0
35254,73917504,0
35255,73917504,0
35256,73917504,0
35257,73917504,0
35258,73917504,0
35259,73917504,0
35260,73917504,0
35261,73917504,0
35262,73917504,0
35263,73917504,0
35264,73917504,0
35265,73917504,0
35266,73917504,0
35267,73917504,0
35268,73917504,0
35269,73917504,0
35270,73917504,0
35271,73917504,0
35272,73917504,0
35273,73917504,0
35274,73917504,0
35275,73917504,0
35276,73917504,0
35277,73917504,0
35278,73917504,0
35279,73917504,0
35280,73917504,0
35281,73917504,0
35282,73917504,0
35283,73917504,0
35284,73917504,0
35285,73917504,0
35286,73917504,0
35287,73917504,0
35288,73917504,0
35289,73917504,0
35290,73917504,0
35291,73917504,0
35292,73917504,0
35293,73917504,0
35294,73917504,0
35295,73917504,0
35296,73917504,0
35297,73917504,0
35298,73917504,0
35299,73917504,0
35300,73917504,0
35301,73917504,0
35302,73917504,0
35303,73917504,0
35304,73917504,0
35305,73917504,0
35306,73917504,0
35307,73917504,0
35308,73917504,0
35309,73917504,0
35310,73917504,0
35311,73917504,0
35312,73917504,0
35313,73917504,0
35314,73917504,0
35315,73917504,0
35316,73917504,0
35317,73917504,0
35318,73917504,0
35319,73917504,0
35320,73917504,0
35321,73917504,0
35322,73917504,0
35323,73917504,0
35324,73917504,0
35325,73917504,0
35326,73917504,0
35327,73917504,0
35328,73917504,0
35329,73917504,0
35330,73917504,0
35331,73917504,0
35332,73917504,0
35333,73917504,0
35334,73917504,0
35335,73917504,0
35336,73917504,0
35337,73917504,0
35338,73917504,0
35339,73917504,0
35340,73917504,0
35341,73917504,0
35342,73917504,0
35343,73917504,0
35344,73917504,0
35345,73917504,0
35346,73917504,0
35347,73917504,0
35348,73917504,0
35349,73917504,0
35350,73917504,0
35351,73917504,0
35352,73917504,0
35353,73917504,0
35354,73917504,0
35355,73917504,0
35356,73917504,0
35357,73917504,0
35358,73917504,0
35359,73917504,0
35360,73917504,0
35361,73917504,0
35362,73917504,0
35363,73917504,0
35364,73917504,0
35365,73917504,0
35366,73917504,0
35367,73917504,0
35368,73917504,0
35369,73917504,0
35370,73917504,0
35371,73917504,0
35372,73917504,0
35373,73917504,0
35374,73917504,0
35375,73917504,0
35376,73917504,0
35377,73917504,0
35378,73917504,0
35379,73917504,0
35380,73917504,0
35381,73917504,0
35382,73917504,0
35383,73917504,0
35384,73917504,0
35385,73917504,0
35386,73917504,0
35387,73917504,0
35388,73917504,0
35389,73917504,0
35390,73917504,0
35391,73917504,0
35392,73917504,0
35393,73917504,0
35394,73917504,0
35395,73917504,0
35396,73917504,0
35397,73917504,0
35398,73917504,0
35399,73917504,0
35400,73917504,0
35401,73917504,0
35402,73917504,0
35403,73917504,0
35404,73917504,0
35405,73917504,0
35406,73917504,0
35407,73917504,0
35408,73917504,0
35409,73917504,0
35410,73917504,0
35411,73917504,0
35412,73917504,0
35413,73917504,0
35414,73917504,0
35415,73917504,0
35416,73917504,0
35417,73917504,0
35418,73917504,0
35419,73917504,0
35420,73917504,0
35421,73917504,0
35422,73917504,0
35423,73917504,0
35424,73917504,0
35425,73917504,0
35426,73917504,0
35427,73917504,0
35428,73917504,0
35429,73917504,0
35430,73917504,0
35431,73917504,0
35432,73917504,0
35433,73917504,0
35434,73917504,0
35435,73917504,0
35436,73917504,0
35437,73917504,0
35438,73917504,0
35439,73917504,0
35440,73917504,0
35441,73917504,0
35442,73917504,0
35443,73917504,0
35444,73917504,0
35445,73917504,0
35446,73917504,0
35447,73917504,0
35448,73917504,0
35449,73917504,0
35450,73917504,0
35451,73917504,0
35452,73917504,0
35453,73917504,0
35454,73917504,0
35455,73917504,0
35456,73917504,0
35457,73917504,0
35458,73917504,0
35459,73917504,0
35460,73917504,0
35461,73917504,0
35462,73917504,0
35463,73917504,0
35464,73917504,0
35465,73917504,0
35466,73917504,0
35467,73917504,0
35468,73917504,0
35469,73917504,0
35470,73917504,0
35471,73917504,0
35472,73917504,0
35473,73917504,0
35474,73917504,0
35475,73917504,0
35476,73917504,0
35477,73917504,0
35478,73917504,0
35479,73917504,0
35480,73917504,0
35481,73917504,0
35482,73917504,0
35483,73917504,0
35484,73917504,0
35485,73917504,0
35486,73917504,0
35487,73917504,0
35488,73917504,0
35489,73917504,0
35490,73917504,0
35491,73917504,0
35492,73917504,0
35493,73917504,0
35494,73917504,0
35495,73917504,0
35496,73917504,0
35497,73917504,0
35498,73917504,0
35499,73917504,0
35500,73917504,0
35501,73917504,0
35502,73917504,0
35503,73917504,0
35504,73917504,0
35505,73917504,0
35506,73917504,0
35507,73917504,0
35508,73917504,0
35509,73917504,0
35510,73917504,0
35511,73917504,0
35512,73917504,0
35513,73917504,0
35514,73917504,0
35515,73917504,0
35516,73917504,0
35517,73917504,0
35518,73917504,0
35519,73917504,0
35520,73917504,0
35521,73917504,0
35522,73917504,0
35523,73917504,0
35524,73917504,0
35525,73917504,0
35526,73917504,0
35527,73917504,0
35528,73917504,0
35529,73917504,0
35530,73917504,0
35531,73917504,0
35532,73917504,0
35533,73917504,0
35534,73917504,0
35535,73917504,0
35536,73917504,0
35537,73917504,0
35538,73917504,0
35539,73917504,0
35540,73917504,0
35541,73917504,0
35542,73917504,0
35543,73917504,0
35544,73917504,0
35545,73917504,0
35546,73917504,0
35547,73917504,0
35548,73917504,0
35549,73917504,0
35550,73917504,0
35551,73917504,0
35552,73917504,0
35553,73917504,0
35554,73917504,0
35555,73917504,0
35556,73917504,0
35557,73917504,0
35558,73917504,0
35559,73917504,0
35560,73917504,0
35561,73917504,0
35562,73917504,0
35563,73917504,0
35564,73917504,0
35565,73917504,0
35566,73917504,0
35567,73917504,0
35568,73917504,0
35569,73917504,0
35570,73917504,0
35571,73917504,0
35572,73917504,0
35573,73917504,0
35574,73917504,0
35575,73917504,0
35576,73917504,0
35577,73917504,0
35578,73917504,0
35579,73917504,0
35580,73917504,0
35581,73917504,0
35582,73917504,0
35583,73917504,0
35584,73917504,0
35585,73917504,0
35586,73917504,0
35587,73917504,0
35588,73917504,0
35589,73917504,0
35590,73917504,0
35591,73917504,0
35592,73917504,0
35593,73917504,0
35594,73917504,0
35595,73917504,0
35596,73917504,0
35597,73917504,0
35598,73917504,0
35599,73917504,0
35600,73917504,0
35601,73917504,0
35602,73917504,0
35603,73917504,0
35604,73917504,0
35605,73917504,0
35606,73917504,0
35607,73917504,0
35608,73917504,0
35609,73917504,0
35610,73917504,0
35611,73917504,0
35612,73917504,0
35613,73917504,0
35614,73917504,0
35615,73917504,0
35616,73917504,0
35617,73917504,0
35618,73917504,0
35619,73917504,0
35620,73917504,0
35621,73917504,0
35622,73917504,0
35623,73917504,0
35624,73917504,0
35625,73917504,0
35626,73917504,0
35627,73917504,0
35628,73917504,0
35629,73917504,0
35630,73917504,0
35631,73917504,0
35632,73917504,0
35633,73917504,0
35634,73917504,0
35635,73917504,0
35636,73917504,0
35637,73917504,0
35638,73917504,0
35639,73917504,0
35640,73917504,0
35641,73917504,0
35642,73917504,0
35643,73917504,0
35644,73917504,0
35645,73917504,0
35646,73917504,0
35647,73917504,0
35648,73917504,0
35649,73917504,0
35650,73917504,0
35651,73917504,0
35652,73917504,0
35653,73917504,0
35654,73917504,0
35655,73917504,0
35656,73917504,0
35657,73917504,0
35658,73917504,0
35659,73917504,0
35660,73917504,0
35661,73917504,0
35662,73917504,0
35663,73917504,0
35664,73917504,0
35665,73917504,0
35666,73917504,0
35667,73917504,0
35668,73917504,0
35669,73917504,0
35670,73917504,0
35671,73917504,0
35672,73917504,0
35673,73917504,0
35674,73917504,0
35675,73917504,0
35676,73917504,0
35677,73917504,0
35678,73917504,0
35679,73917504,0
35680,73917504,0
35681,73917504,0
35682,73917504,0
35683,73917504,0
35684,73917504,0
35685,73917504,0
35686,73917504,0
35687,73917504,0
35688,73917504,0
35689,73917504,0
35690,73917504,0
35691,73917504,0
35692,73917504,0
35693,73917504,0
35694,73917504,0
35695,73917504,0
35696,73917504,0
35697,73917504,0
35698,73917504,0
35699,73917504,0
35700,73917504,0
35701,73917504,0
35702,73917504,0
35703,73917504,0
35704,73917504,0
35705,73917504,0
35706,73917504,0
35707,73917504,0
35708,73917504,0
35709,73917504,0
35710,73917504,0
35711,73917504,0
35712,73917504,0
35713,73917504,0
35714,73917504,0
35715,73917504,0
35716,73917504,0
35717,73917504,0
35718,73917504,0
35719,73917504,0
35720,73917504,0
35721,73917504,0
35722,73917504,0
35723,73917504,0
35724,73917504,0
35725,73917504,0
35726,73917504,0
35727,73917504,0
35728,73917504,0
35729,73917504,0
35730,73917504,0
35731,73917504,0
35732,73917504,0
35733,73917504,0
35734,73917504,0
35735,73917504,0
35736,73917504,0
35737,73917504,0
35738,73917504,0
35739,73917504,0
35740,73917504,0
35741,73917504,0
35742,73917504,0
35743,73917504,0
35744,73917504,0
35745,73917504,0
35746,73917504,0
35747,73917504,0
35748,73917504,0
35749,73917504,0
35750,73917504,0
35751,73917504,0
35752,73917504,0
35753,73917504,0
35754,73917504,0
35755,73917504,0
35756,73917504,0
35757,73917504,0
35758,73917504,0
35759,73917504,0
35760,73917504,0
35761,73917504,0
35762,73917504,0
35763,73917504,0
35764,73917504,0
35765,73917504,0
35766,73917504,0
35767,73917504,0
35768,73917504,0
35769,73917504,0
35770,73917504,0
35771,73917504,0
35772,73917504,0
35773,73917504,0
35774,73917504,0
35775,73917504,0
35776,73917504,0
35777,73917504,0
35778,73917504,0
35779,73917504,0
35780,73917504,0
35781,73917504,0
35782,73917504,0
35783,73917504,0
35784,73917504,0
35785,73917504,0
35786,73917504,0
35787,73917504,0
35788,73917504,0
35789,73917504,0
35790,73917504,0
35791,73917504,0
35792,73917504,0
35793,73917504,0
35794,73917504,0
35795,73917504,0
35796,73917504,0
35797,73917504,0
35798,73917504,0
35799,73917504,0
35800,73917504,0
35801,73917504,0
35802,73917504,0
35803,73917504,0
35804,73917504,0
35805,73917504,0
35806,73917504,0
35807,73917504,0
35808,73917504,0
35809,73917504,0
35810,73917504,0
35811,73917504,0
35812,73917504,0
35813,73917504,0
35814,73917504,0
35815,73917504,0
35816,73917504,0
35817,73917504,0
35818,73917504,0
35819,73917504,0
35820,73917504,0
35821,73917504,0
35822,73917504,0
35823,73917504,0
35824,73917504,0
35825,73917504,0
35826,73917504,0
35827,73917504,0
35828,73917504,0
35829,73917504,0
35830,73917504,0
35831,73917504,0
35832,73917504,0
35833,73917504,0
35834,73917504,0
35835,73917504,0
35836,73917504,0
35837,73917504,0
35838,73917504,0
35839,73917504,0
35840,73917504,0
35841,73917504,0
35842,73917504,0
35843,73917504,0
35844,73917504,0
35845,73917504,0
35846,73917504,0
35847,73917504,0
35848,73917504,0
35849,73917504,0
35850,73917504,0
35851,73917504,0
35852,73917504,0
35853,73917504,0
35854,73917504,0
35855,73917504,0
35856,73917504,0
35857,73917504,0
35858,73917504,0
35859,73917504,0
35860,73917504,0
35861,73917504,0
35862,73917504,0
35863,73917504,0
35864,73917504,0
35865,73917504,0
35866,73917504,0
35867,73917504,0
35868,73917504,0
35869,73917504,0
35870,73917504,0
35871,73917504,0
35872,73917504,0
35873,73917504,0
35874,73917504,0
35875,73917504,0
35876,73917504,0
35877,73917504,0
35878,73917504,0
35879,73917504,0
35880,73917504,0
35881,73917504,0
35882,73917504,0
35883,73917504,0
35884,73917504,0
35885,73917504,0
35886,73917504,0
35887,73917504,0
35888,73917504,0
35889,73917504,0
35890,73917504,0
35891,73917504,0
35892,73917504,0
35893,73917504,0
35894,73917504,0
35895,73917504,0
35896,73917504,0
35897,73917504,0
35898,73917504,0
35899,73917504,0
35900,73917504,0
35901,73917504,0
35902,73917504,0
35903,73917504,0
35904,73917504,0
35905,73917504,0
35906,73917504,0
35907,73917504,0
35908,73917504,0
35909,73917504,0
35910,73917504,0
35911,73917504,0
35912,73917504,0
35913,73917504,0
35914,73917504,0
35915,73917504,0
35916,73917504,0
35917,73917504,0
35918,73917504,0
35919,73917504,0
35920,73917504,0
35921,73917504,0
35922,73917504,0
35923,73917504,0
35924,73917504,0
35925,73917504,0
35926,73917504,0
35927,73917504,0
35928,73917504,0
35929,73917504,0
35930,73917504,0
35931,73917504,0
35932,73917504,0
35933,73917504,0
35934,73917504,0
35935,73917504,0
35936,73917504,0
35937,73917504,0
35938,73917504,0
35939,73917504,0
35940,73917504,0
35941,73917504,0
35942,73917504,0
35943,73917504,0
35944,73917504,0
35945,73917504,0
35946,73917504,0
35947,73917504,0
35948,73917504,0
35949,73917504,0
35950,73917504,0
35951,73917504,0
35952,73917504,0
35953,73917504,0
35954,73917504,0
35955,73917504,0
35956,73917504,0
35957,73917504,0
35958,73917504,0
35959,73917504,0
35960,73917504,0
35961,73917504,0
35962,73917504,0
35963,73917504,0
35964,73917504,0
35965,73917504,0
35966,73917504,0
35967,73917504,0
35968,73917504,0
35969,73917504,0
35970,73917504,0
35971,73917504,0
35972,73917504,0
35973,73917504,0
35974,73917504,0
35975,73917504,0
35976,73917504,0
35977,73917504,0
35978,73917504,0
35979,73917504,0
35980,73917504,0
35981,73917504,0
35982,73917504,0
35983,73917504,0
35984,73917504,0
35985,73917504,0
35986,73917504,0
35987,73917504,0
35988,73917504,0
35989,73917504,0
35990,73917504,0
35991,73917504,0
35992,73917504,0
35993,73917504,0
35994,73917504,0
35995,73917504,0
35996,73917504,0
35997,73917504,0
35998,73917504,0
35999,73917504,0
36000,73917504,0
36001,73917504,0
36002,73917504,0
36003,73917504,0
36004,73917504,0
36005,73917504,0
36006,73917504,0
36007,73917504,0
36008,73917504,0
36009,73917504,0
36010,73917504,0
36011,73917504,0
36012,73917504,0
36013,73917504,0
36014,73917504,0
36015,73917504,0
36016,73917504,0
36017,73917504,0
36018,73917504,0
36019,73917504,0
36020,73917504,0
36021,73917504,0
36022,73917504,0
36023,73917504,0
36024,73917504,0
36025,73917504,0
36026,73917504,0
36027,73917504,0
36028,73917504,0
36029,73917504,0
36030,73917504,0
36031,73917504,0
36032,73917504,0
36033,73917504,0
36034,73917504,0
36035,73917504,0
36036,73917504,0
36037,73917504,0
36038,73917504,0
36039,73917504,0
36040,73917504,0
36041,73917504,0
36042,73917504,0
36043,73917504,0
36044,73917504,0
36045,73917504,0
36046,73917504,0
36047,73917504,0
36048,73917504,0
36049,73917504,0
36050,73917504,0
36051,73917504,0
36052,73917504,0
36053,73917504,0
36054,73917504,0
36055,73917504,0
36056,73917504,0
36057,73917504,0
36058,73917504,0
36059,73917504,0
36060,73917504,0
36061,73917504,0
36062,73917504,0
36063,73917504,0
36064,73917504,0
36065,73917504,0
36066,73917504,0
36067,73917504,0
36068,73917504,0
36069,73917504,0
36070,73917504,0
36071,73917504,0
36072,73917504,0
36073,73917504,0
36074,73917504,0
36075,73917504,0
36076,73917504,0
36077,73917504,0
36078,73917504,0
36079,73917504,0
36080,73917504,0
36081,73917504,0
36082,73917504,0
36083,73917504,0
36084,73917504,0
36085,73917504,0
36086,73917504,0
36087,73917504,0
36088,73917504,0
36089,73917504,0
36090,73917504,0
36091,73917504,0
36092,73917504,0
36093,73917504,0
36094,73917504,0
36095,73917504,0
36096,73917504,0
36097,73917504,0
36098,73917504,0
36099,73917504,0
36100,73917504,0
36101,73917504,0
36102,73917504,0
36103,73917504,0
36104,73917504,0
36105,73917504,0
36106,73917504,0
36107,73917504,0
36108,73917504,0
36109,73917504,0
36110,73917504,0
36111,73917504,0
36112,73917504,0
36113,73917504,0
36114,73917504,0
36115,73917504,0
36116,73917504,0
36117,73917504,0
36118,73917504,0
36119,73917504,0
36120,73917504,0
36121,73917504,0
36122,73917504,0
36123,73917504,0
36124,73917504,0
36125,73917504,0
36126,73917504,0
36127,73917504,0
36128,73917504,0
36129,73917504,0
36130,73917504,0
36131,73917504,0
36132,73917504,0
36133,73917504,0
36134,73917504,0
36135,73917504,0
36136,73917504,0
36137,73917504,0
36138,73917504,0
36139,73917504,0
36140,73917504,0
36141,73917504,0
36142,73917504,0
36143,73917504,0
36144,73917504,0
36145,73917504,0
36146,73917504,0
36147,73917504,0
36148,73917504,0
36149,73917504,0
36150,73917504,0
36151,73917504,0
36152,73917504,0
36153,73917504,0
36154,73917504,0
36155,73917504,0
36156,73917504,0
36157,73917504,0
36158,73917504,0
36159,73917504,0
36160,73917504,0
36161,73917504,0
36162,73917504,0
36163,73917504,0
36164,73917504,0
36165,73917504,0
36166,73917504,0
36167,73917504,0
36168,73917504,0
36169,73917504,0
36170,73917504,0
36171,73917504,0
36172,73917504,0
36173,73917504,0
36174,73917504,0
36175,73917504,0
36176,73917504,0
36177,73917504,0
36178,73917504,0
36179,73917504,0
36180,73917504,0
36181,73917504,0
36182,73917504,0
36183,73917504,0
36184,73917504,0
36185,73917504,0
36186,73917504,0
36187,73917504,0
36188,73917504,0
36189,73917504,0
36190,73917504,0
36191,73917504,0
36192,73917504,0
36193,73917504,0
36194,73917504,0
36195,73917504,0
36196,73917504,0
36197,73917504,0
36198,73917504,0
36199,73917504,0
36200,73917504,0
36201,73917504,0
36202,73917504,0
36203,73917504,0
36204,73917504,0
36205,73917504,0
36206,73917504,0
36207,73917504,0
36208,73917504,0
36209,73917504,0
36210,73917504,0
36211,73917504,0
36212,73917504,0
36213,73917504,0
36214,73917504,0
36215,73917504,0
36216,73917504,0
36217,73917504,0
36218,73917504,0
36219,73917504,0
36220,73917504,0
36221,73917504,0
36222,73917504,0
36223,73917504,0
36224,73917504,0
36225,73917504,0
36226,73917504,0
36227,73917504,0
36228,73917504,0
36229,73917504,0
36230,73917504,0
36231,73917504,0
36232,73917504,0
36233,73917504,0
36234,73917504,0
36235,73917504,0
36236,73917504,0
36237,73917504,0
36238,73917504,0
36239,73917504,0
36240,73917504,0
36241,73917504,0
36242,73917504,0
36243,73917504,0
36244,73917504,0
36245,73917504,0
36246,73917504,0
36247,73917504,0
36248,73917504,0
36249,73917504,0
36250,73917504,0
36251,73917504,0
36252,73917504,0
36253,73917504,0
36254,73917504,0
36255,73917504,0
36256,73917504,0
36257,73917504,0
36258,73917504,0
36259,73917504,0
36260,73917504,0
36261,73917504,0
36262,73917504,0
36263,73917504,0
36264,73917504,0
36265,73917504,0
36266,73917504,0
36267,73917504,0
36268,73917504,0
36269,73917504,0
36270,73917504,0
36271,73917504,0
36272,73917504,0
36273,73917504,0
36274,73917504,0
36275,73917504,0
36276,73917504,0
36277,73917504,0
36278,73917504,0
36279,73917504,0
36280,73917504,0
36281,73917504,0
36282,73917504,0
36283,73917504,0
36284,73917504,0
36285,73917504,0
36286,73917504,0
36287,73917504,0
36288,73917504,0
36289,73917504,0
36290,73917504,0
36291,73917504,0
36292,73917504,0
36293,73917504,0
36294,73917504,0
36295,73917504,0
36296,73917504,0
36297,73917504,0
36298,73917504,0
36299,73917504,0
36300,73917504,0
36301,73917504,0
36302,73917504,0
36303,73917504,0
36304,73917504,0
36305,73917504,0
36306,73917504,0
36307,73917504,0
36308,73917504,0
36309,73917504,0
36310,73917504,0
36311,73917504,0
36312,73917504,0
36313,73917504,0
36314,73917504,0
36315,73917504,0
36316,73917504,0
36317,73917504,0
36318,73917504,0
36319,73917504,0
36320,73917504,0
36321,73917504,0
36322,73917504,0
36323,73917504,0
36324,73917504,0
36325,73917504,0
36326,73917504,0
36327,73917504,0
36328,73917504,0
36329,73917504,0
36330,73917504,0
36331,73917504,0
36332,73917504,0
36333,73917504,0
36334,73917504,0
36335,73917504,0
36336,73917504,0
36337,73917504,0
36338,73917504,0
36339,73917504,0
36340,73917504,0
36341,73917504,0
36342,73917504,0
36343,73917504,0
36344,73917504,0
36345,73917504,0
36346,73917504,0
36347,73917504,0
36348,73917504,0
36349,73917504,0
36350,73917504,0
36351,73917504,0
36352,73917504,0
36353,73917504,0
36354,73917504,0
36355,73917504,0
36356,73917504,0
36357,73917504,0
36358,73917504,0
36359,73917504,0
36360,73917504,0
36361,73917504,0
36362,73917504,0
36363,73917504,0
36364,73917504,0
36365,73917504,0
36366,73917504,0
36367,73917504,0
36368,73917504,0
36369,73917504,0
36370,73917504,0
36371,73917504,0
36372,73917504,0
36373,73917504,0
36374,73917504,0
36375,73917504,0
36376,73917504,0
36377,73917504,0
36378,73917504,0
36379,73917504,0
36380,73917504,0
36381,73917504,0
36382,73917504,0
36383,73917504,0
36384,73917504,0
36385,73917504,0
36386,73917504,0
36387,73917504,0
36388,73917504,0
36389,73917504,0
36390,73917504,0
36391,73917504,0
36392,73917504,0
36393,73917504,0
36394,73917504,0
36395,73917504,0
36396,73917504,0
36397,73917504,0
36398,73917504,0
36399,73917504,0
36400,73917504,0
36401,73917504,0
36402,73917504,0
36403,73917504,0
36404,73917504,0
36405,73917504,0
36406,73917504,0
36407,73917504,0
36408,73917504,0
36409,73917504,0
36410,73917504,0
36411,73917504,0
36412,73917504,0
36413,73917504,0
36414,73917504,0
36415,73917504,0
36416,73917504,0
36417,73917504,0
36418,73917504,0
36419,73917504,0
36420,73917504,0
36421,73917504,0
36422,73917504,0
36423,73917504,0
36424,73917504,0
36425,73917504,0
36426,73917504,0
36427,73917504,0
36428,73917504,0
36429,73917504,0
36430,73917504,0
36431,73917504,0
36432,73917504,0
36433,73917504,0
36434,73917504,0
36435,73917504,0
36436,73917504,0
36437,73917504,0
36438,73917504,0
36439,73917504,0
36440,73917504,0
36441,73917504,0
36442,73917504,0
36443,73917504,0
36444,73917504,0
36445,73917504,0
36446,73917504,0
36447,73917504,0
36448,73917504,0
36449,73917504,0
36450,73917504,0
36451,73917504,0
36452,73917504,0
36453,73917504,0
36454,73917504,0
36455,73917504,0
36456,73917504,0
36457,73917504,0
36458,73917504,0
36459,73917504,0
36460,73917504,0
36461,73917504,0
36462,73917504,0
36463,73917504,0
36464,73917504,0
36465,73917504,0
36466,73917504,0
36467,73917504,0
36468,73917504,0
36469,73917504,0
36470,73917504,0
36471,73917504,0
36472,73917504,0
36473,73917504,0
36474,73917504,0
36475,73917504,0
36476,73917504,0
36477,73917504,0
36478,73917504,0
36479,73917504,0
36480,73917504,0
36481,73917504,0
36482,73917504,0
36483,73917504,0
36484,73917504,0
36485,73917504,0
36486,73917504,0
36487,73917504,0
36488,73917504,0
36489,73917504,0
36490,73917504,0
36491,73917504,0
36492,73917504,0
36493,73917504,0
36494,73917504,0
36495,73917504,0
36496,73917504,0
36497,73917504,0
36498,73917504,0
36499,73917504,0
36500,73917504,0
36501,73917504,0
36502,73917504,0
36503,73917504,0
36504,73917504,0
36505,73917504,0
36506,73917504,0
36507,73917504,0
36508,73917504,0
36509,73917504,0
36510,73917504,0
36511,73917504,0
36512,73917504,0
36513,73917504,0
36514,73917504,0
36515,73917504,0
36516,73917504,0
36517,73917504,0
36518,73917504,0
36519,73917504,0
36520,73917504,0
36521,73917504,0
36522,73917504,0
36523,73917504,0
36524,73917504,0
36525,73917504,0
36526,73917504,0
36527,73917504,0
36528,73917504,0
36529,73917504,0
36530,73917504,0
36531,73917504,0
36532,73917504,0
36533,73917504,0
36534,73917504,0
36535,73917504,0
36536,73917504,0
36537,73917504,0
36538,73917504,0
36539,73917504,0
36540,73917504,0
36541,73917504,0
36542,73917504,0
36543,73917504,0
36544,73917504,0
36545,73917504,0
36546,73917504,0
36547,73917504,0
36548,73917504,0
36549,73917504,0
36550,73917504,0
36551,73917504,0
36552,73917504,0
36553,73917504,0
36554,73917504,0
36555,73917504,0
36556,73917504,0
36557,73917504,0
36558,73917504,0
36559,73917504,0
36560,73917504,0
36561,73917504,0
36562,73917504,0
36563,73917504,0
36564,73917504,0
36565,73917504,0
36566,73917504,0
36567,73917504,0
36568,73917504,0
36569,73917504,0
36570,73917504,0
36571,73917504,0
36572,73917504,0
36573,73917504,0
36574,73917504,0
36575,73917504,0
36576,73917504,0
36577,73917504,0
36578,73917504,0
36579,73917504,0
36580,73917504,0
36581,73917504,0
36582,73917504,0
36583,73917504,0
36584,73917504,0
36585,73917504,0
36586,73917504,0
36587,73917504,0
36588,73917504,0
36589,73917504,0
36590,73917504,0
36591,73917504,0
36592,73917504,0
36593,73917504,0
36594,73917504,0
36595,73917504,0
36596,73917504,0
36597,73917504,0
36598,73917504,0
36599,73917504,0
36600,73917504,0
36601,73917504,0
36602,73917504,0
36603,73917504,0
36604,73917504,0
36605,73917504,0
36606,73917504,0
36607,73917504,0
36608,73917504,0
36609,73917504,0
36610,73917504,0
36611,73917504,0
36612,73917504,0
36613,73917504,0
36614,73917504,0
36615,73917504,0
36616,73917504,0
36617,73917504,0
36618,73917504,0
36619,73917504,0
36620,73917504,0
36621,73917504,0
36622,73917504,0
36623,73917504,0
36624,73917504,0
36625,73917504,0
36626,73917504,0
36627,73917504,0
36628,73917504,0
36629,73917504,0
36630,73917504,0
36631,73917504,0
36632,73917504,0
36633,73917504,0
36634,73917504,0
36635,73917504,0
36636,73917504,0
36637,73917504,0
36638,73917504,0
36639,73917504,0
36640,73917504,0
36641,73917504,0
36642,73917504,0
36643,73917504,0
36644,73917504,0
36645,73917504,0
36646,73917504,0
36647,73917504,0
36648,73917504,0
36649,73917504,0
36650,73917504,0
36651,73917504,0
36652,73917504,0
36653,73917504,0
36654,73917504,0
36655,73917504,0
36656,73917504,0
36657,73917504,0
36658,73917504,0
36659,73917504,0
36660,73917504,0
36661,73917504,0
36662,73917504,0
36663,73917504,0
36664,73917504,0
36665,73917504,0
36666,73917504,0
36667,73917504,0
36668,73917504,0
36669,73917504,0
36670,73917504,0
36671,73917504,0
36672,73917504,0
36673,73917504,0
36674,73917504,0
36675,73917504,0
36676,73917504,0
36677,73917504,0
36678,73917504,0
36679,73917504,0
36680,73917504,0
36681,73917504,0
36682,73917504,0
36683,73917504,0
36684,73917504,0
36685,73917504,0
36686,73917504,0
36687,73917504,0
36688,73917504,0
36689,73917504,0
36690,73917504,0
36691,73917504,0
36692,73917504,0
36693,73917504,0
36694,73917504,0
36695,73917504,0
36696,73917504,0
36697,73917504,0
36698,73917504,0
36699,73917504,0
36700,73917504,0
36701,73917504,0
36702,73917504,0
36703,73917504,0
36704,73917504,0
36705,73917504,0
36706,73917504,0
36707,73917504,0
36708,73917504,0
36709,73917504,0
36710,73917504,0
36711,73917504,0
36712,73917504,0
36713,73917504,0
36714,73917504,0
36715,73917504,0
36716,73917504,0
36717,73917504,0
36718,73917504,0
36719,73917504,0
36720,73917504,0
36721,73917504,0
36722,73917504,0
36723,73917504,0
36724,73917504,0
36725,73917504,0
36726,73917504,0
36727,73917504,0
36728,73917504,0
36729,73917504,0
36730,73917504,0
36731,73917504,0
36732,73917504,0
36733,73917504,0
36734,73917504,0
36735,73917504,0
36736,73917504,0
36737,73917504,0
36738,73917504,0
36739,73917504,0
36740,73917504,0
36741,73917504,0
36742,73917504,0
36743,73917504,0
36744,73917504,0
36745,73917504,0
36746,73917504,0
36747,73917503,0
36748,73917503,0
36749,73917503,0
36750,73917503,0
36751,73917503,0
36752,73917503,0
36753,73917503,0
36754,73917503,0
36755,73917503,0
36756,73917503,0
36757,73917503,0
36758,73917503,0
36759,73917503,0
36760,73917503,0
36761,73917503,0
36762,73917503,0
36763,73917503,0
36764,73917503,0
36765,73917503,0
36766,73917503,0
36767,73917503,0
36768,73917503,0
36769,73917503,0
36770,73917503,0
36771,73917503,0
36772,73917503,0
36773,73917503,0
36774,73917503,0
36775,73917503,0
36776,73917503,0
36777,73917503,0
36778,73917503,0
36779,73917503,0
36780,73917503,0
36781,73917503,0
36782,73917503,0
36783,73917503,0
36784,73917503,0
36785,73917503,0
36786,73917503,0
36787,73917503,0
36788,73917503,0
36789,73917503,0
36790,73917503,0
36791,73917503,0
36792,73917503,0
36793,73917503,0
36794,73917503,0
36795,73917503,0
36796,73917503,0
36797,73917503,0
36798,73917503,0
36799,73917503,0
36800,73917503,0
36801,73917503,0
36802,73917503,0
36803,73917503,0
36804,73917503,0
36805,73917503,0
36806,73917503,0
36807,73917503,0
36808,73917503,0
36809,73917503,0
36810,73917503,0
36811,73917503,0
36812,73917503,0
36813,73917503,0
36814,73917503,0
36815,73917503,0
36816,73917503,0
36817,73917503,0
36818,73917503,0
36819,73917503,0
36820,73917503,0
36821,73917503,0
36822,73917503,0
36823,73917503,0
36824,73917503,0
36825,73917503,0
36826,73917503,0
36827,73917503,0
36828,73917503,0
36829,73917503,0
36830,73917503,0
36831,73917503,0
36832,73917503,0
36833,73917503,0
36834,73917503,0
36835,73917503,0
36836,73917503,0
36837,73917503,0
36838,73917503,0
36839,73917503,0
36840,73917503,0
36841,73917503,0
36842,73917503,0
36843,73917503,0
36844,73917503,0
36845,73917503,0
36846,73917503,0
36847,73917503,0
36848,73917503,0
36849,73917503,0
36850,73917503,0
36851,73917503,0
36852,73917503,0
36853,73917503,0
36854,73917503,0
36855,73917503,0
36856,73917503,0
36857,73917503,0
36858,73917503,0
36859,73917503,0
36860,73917503,0
36861,73917503,0
36862,73917503,0
36863,73917503,0
36864,73917503,0
36865,73917503,0
36866,73917503,0
36867,73917503,0
36868,73917503,0
36869,73917503,0
36870,73917503,0
36871,73917503,0
36872,73917503,0
36873,73917503,0
36874,73917503,0
36875,73917503,0
36876,73917503,0
36877,73917503,0
36878,73917503,0
36879,73917503,0
36880,73917503,0
36881,73917503,0
36882,73917503,0
36883,73917503,0
36884,73917503,0
36885,73917503,0
36886,73917503,0
36887,73917503,0
36888,73917503,0
36889,73917503,0
36890,73917503,0
36891,73917503,0
36892,73917503,0
36893,73917503,0
36894,73917503,0
36895,73917503,0
36896,73917503,0
36897,73917503,0
36898,73917503,0
36899,73917503,0
36900,73917503,0
36901,73917503,0
36902,73917503,0
36903,73917503,0
36904,73917503,0
36905,73917503,0
36906,73917503,0
36907,73917503,0
36908,73917503,0
36909,73917503,0
36910,73917503,0
36911,73917503,0
36912,73917503,0
36913,73917503,0
36914,73917503,0
36915,73917503,0
36916,73917503,0
36917,73917503,0
36918,73917503,0
36919,73917503,0
36920,73917503,0
36921,73917503,0
36922,73917503,0
36923,73917503,0
36924,73917503,0
36925,73917503,0
36926,73917503,0
36927,73917503,0
36928,73917503,0
36929,73917503,0
36930,73917503,0
36931,73917503,0
36932,73917503,0
36933,73917503,0
36934,73917503,0
36935,73917503,0
36936,73917503,0
36937,73917503,0
36938,73917503,0
36939,73917503,0
36940,73917503,0
36941,73917503,0
36942,73917503,0
36943,73917503,0
36944,73917503,0
36945,73917503,0
36946,73917503,0
36947,73917503,0
36948,73917503,0
36949,73917503,0
36950,73917503,0
36951,73917503,0
36952,73917503,0
36953,73917503,0
36954,73917503,0
36955,73917503,0
36956,73917503,0
36957,73917503,0
36958,73917503,0
36959,73917503,0
36960,73917503,0
36961,73917503,0
36962,73917503,0
36963,73917503,0
36964,73917503,0
36965,73917503,0
36966,73917503,0
36967,73917503,0
36968,73917503,0
36969,73917503,0
36970,73917503,0
36971,73917503,0
36972,73917503,0
36973,73917503,0
36974,73917503,0
36975,73917503,0
36976,73917503,0
36977,73917503,0
36978,73917503,0
36979,73917503,0
36980,73917503,0
36981,73917503,0
36982,73917503,0
36983,73917503,0
36984,73917503,0
36985,73917503,0
36986,73917503,0
36987,73917503,0
36988,73917503,0
36989,73917503,0
36990,73917503,0
36991,73917503,0
36992,73917503,0
36993,73917503,0
36994,73917503,0
36995,73917503,0
36996,73917503,0
36997,73917503,0
36998,73917503,0
36999,73917503,0
37000,73917503,0
37001,73917503,0
37002,73917503,0
37003,73917503,0
37004,73917503,0
37005,73917503,0
37006,73917503,0
37007,73917503,0
37008,73917503,0
37009,73917503,0
37010,73917503,0
37011,73917503,0
37012,73917503,0
37013,73917503,0
37014,73917503,0
37015,73917503,0
37016,73917503,0
37017,73917503,0
37018,73917503,0
37019,73917503,0
37020,73917503,0
37021,73917503,0
37022,73917503,0
37023,73917503,0
37024,73917503,0
37025,73917503,0
37026,73917503,0
37027,73917503,0
37028,73917503,0
37029,73917503,0
37030,73917503,0
37031,73917503,0
37032,73917503,0
37033,73917503,0
37034,73917503,0
37035,73917503,0
37036,73917503,0
37037,73917503,0
37038,73917503,0
37039,73917503,0
37040,73917503,0
37041,73917503,0
37042,73917503,0
37043,73917503,0
37044,73917503,0
37045,73917503,0
37046,73917503,0
37047,73917503,0
37048,73917503,0
37049,73917503,0
37050,73917503,0
37051,73917503,0
37052,73917503,0
37053,73917503,0
37054,73917503,0
37055,73917503,0
37056,73917503,0
37057,73917503,0
37058,73917503,0
37059,73917503,0
37060,73917503,0
37061,73917503,0
37062,73917503,0
37063,73917503,0
37064,73917503,0
37065,73917503,0
37066,73917503,0
37067,73917503,0
37068,73917503,0
37069,73917503,0
37070,73917503,0
37071,73917503,0
37072,73917503,0
37073,73917503,0
37074,73917503,0
37075,73917503,0
37076,73917503,0
37077,73917503,0
37078,73917503,0
37079,73917503,0
37080,73917503,0
37081,73917503,0
37082,73917503,0
37083,73917503,0
37084,73917503,0
37085,73917503,0
37086,73917503,0
37087,73917503,0
37088,73917503,0
37089,73917503,0
37090,73917503,0
37091,73917503,0
37092,73917503,0
37093,73917503,0
37094,73917503,0
37095,73917503,0
37096,73917503,0
37097,73917503,0
37098,73917503,0
37099,73917503,0
37100,73917503,0
37101,73917503,0
37102,73917503,0
37103,73917503,0
37104,73917503,0
37105,73917503,0
37106,73917503,0
37107,73917503,0
37108,73917503,0
37109,73917503,0
37110,73917503,0
37111,73917503,0
37112,73917503,0
37113,73917503,0
37114,73917503,0
37115,73917503,0
37116,73917503,0
37117,73917503,0
37118,73917503,0
37119,73917503,0
37120,73917503,0
37121,73917503,0
37122,73917503,0
37123,73917503,0
37124,73917503,0
37125,73917503,0
37126,73917503,0
37127,73917503,0
37128,73917503,0
37129,73917503,0
37130,73917503,0
37131,73917503,0
37132,73917503,0
37133,73917503,0
37134,73917503,0
37135,73917503,0
37136,73917503,0
37137,73917503,0
37138,73917503,0
37139,73917503,0
37140,73917503,0
37141,73917503,0
37142,73917503,0
37143,73917503,0
37144,73917503,0
37145,73917503,0
37146,73917503,0
37147,73917503,0
37148,73917503,0
37149,73917503,0
37150,73917503,0
37151,73917503,0
37152,73917503,0
37153,73917503,0
37154,73917503,0
37155,73917503,0
37156,73917503,0
37157,73917503,0
37158,73917503,0
37159,73917503,0
37160,73917503,0
37161,73917503,0
37162,73917503,0
37163,73917503,0
37164,73917503,0
37165,73917503,0
37166,73917503,0
37167,73917503,0
37168,73917503,0
37169,73917503,0
37170,73917503,0
37171,73917503,0
37172,73917503,0
37173,73917503,0
37174,73917503,0
37175,73917503,0
37176,73917503,0
37177,73917503,0
37178,73917503,0
37179,73917503,0
37180,73917503,0
37181,73917503,0
37182,73917503,0
37183,73917503,0
37184,73917503,0
37185,73917503,0
37186,73917503,0
37187,73917503,0
37188,73917503,0
37189,73917503,0
37190,73917503,0
37191,73917503,0
37192,73917503,0
37193,73917503,0
37194,73917503,0
37195,73917503,0
37196,73917503,0
37197,73917503,0
37198,73917503,0
37199,73917503,0
37200,73917503,0
37201,73917503,0
37202,73917503,0
37203,73917503,0
37204,73917503,0
37205,73917503,0
37206,73917503,0
37207,73917503,0
37208,73917503,0
37209,73917503,0
37210,73917503,0
37211,73917503,0
37212,73917503,0
37213,73917503,0
37214,73917503,0
37215,73917503,0
37216,73917503,0
37217,73917503,0
37218,73917503,0
37219,73917503,0
37220,73917503,0
37221,73917503,0
37222,73917503,0
37223,73917503,0
37224,73917503,0
37225,73917503,0
37226,73917503,0
37227,73917503,0
37228,73917503,0
37229,73917503,0
37230,73917503,0
37231,73917503,0
37232,73917503,0
37233,73917503,0
37234,73917503,0
37235,73917503,0
37236,73917503,0
37237,73917503,0
37238,73917503,0
37239,73917503,0
37240,73917503,0
37241,73917503,0
37242,73917503,0
37243,73917503,0
37244,73917503,0
37245,73917503,0
37246,73917503,0
37247,73917503,0
37248,73917503,0
37249,73917503,0
37250,73917503,0
37251,73917503,0
37252,73917503,0
37253,73917503,0
37254,73917503,0
37255,73917503,0
37256,73917503,0
37257,73917503,0
37258,73917503,0
37259,73917503,0
37260,73917503,0
37261,73917503,0
37262,73917503,0
37263,73917503,0
37264,73917503,0
37265,73917503,0
37266,73917503,0
37267,73917503,0
37268,73917503,0
37269,73917503,0
37270,73917503,0
37271,73917503,0
37272,73917503,0
37273,73917503,0
37274,73917503,0
37275,73917503,0
37276,73917503,0
37277,73917503,0
37278,73917503,0
37279,73917503,0
37280,73917503,0
37281,73917503,0
37282,73917503,0
37283,73917503,0
37284,73917503,0
37285,73917503,0
37286,73917503,0
37287,73917503,0
37288,73917503,0
37289,73917503,0
37290,73917503,0
37291,73917503,0
37292,73917503,0
37293,73917503,0
37294,73917503,0
37295,73917503,0
37296,73917503,0
37297,73917503,0
37298,73917503,0
37299,73917503,0
37300,73917503,0
37301,73917503,0
37302,73917503,0
37303,73917503,0
37304,73917503,0
37305,73917503,0
37306,73917503,0
37307,73917503,0
37308,73917503,0
37309,73917503,0
37310,73917503,0
37311,73917503,0
37312,73917503,0
37313,73917503,0
37314,73917503,0
37315,73917503,0
37316,73917503,0
37317,73917503,0
37318,73917503,0
37319,73917503,0
37320,73917503,0
37321,73917503,0
37322,73917503,0
37323,73917503,0
37324,73917503,0
37325,73917503,0
37326,73917503,0
37327,73917503,0
37328,73917503,0
37329,73917503,0
37330,73917503,0
37331,73917503,0
37332,73917503,0
37333,73917503,0
37334,73917503,0
37335,73917503,0
37336,73917503,0
37337,73917503,0
37338,73917503,0
37339,73917503,0
37340,73917503,0
37341,73917503,0
37342,73917503,0
37343,73917503,0
37344,73917503,0
37345,73917503,0
37346,73917503,0
37347,73917503,0
37348,73917503,0
37349,73917503,0
37350,73917503,0
37351,73917503,0
37352,73917503,0
37353,73917503,0
37354,73917503,0
37355,73917503,0
37356,73917503,0
37357,73917503,0
37358,73917503,0
37359,73917503,0
37360,73917503,0
37361,73917503,0
37362,73917503,0
37363,73917503,0
37364,73917503,0
37365,73917503,0
37366,73917503,0
37367,73917503,0
37368,73917503,0
37369,73917503,0
37370,73917503,0
37371,73917503,0
37372,73917503,0
37373,73917503,0
37374,73917503,0
37375,73917503,0
37376,73917503,0
37377,73917503,0
37378,73917503,0
37379,73917503,0
37380,73917503,0
37381,73917503,0
37382,73917503,0
37383,73917503,0
37384,73917503,0
37385,73917503,0
37386,73917503,0
37387,73917503,0
37388,73917503,0
37389,73917503,0
37390,73917503,0
37391,73917503,0
37392,73917503,0
37393,73917503,0
37394,73917503,0
37395,73917503,0
37396,73917503,0
37397,73917503,0
37398,73917503,0
37399,73917503,0
37400,73917503,0
37401,73917503,0
37402,73917503,0
37403,73917503,0
37404,73917503,0
37405,73917503,0
37406,73917503,0
37407,73917503,0
37408,73917503,0
37409,73917503,0
37410,73917503,0
37411,73917503,0
37412,73917503,0
37413,73917503,0
37414,73917503,0
37415,73917503,0
37416,73917503,0
37417,73917503,0
37418,73917503,0
37419,73917503,0
37420,73917503,0
37421,73917503,0
37422,73917503,0
37423,73917503,0
37424,73917503,0
37425,73917503,0
37426,73917503,0
37427,73917503,0
37428,73917503,0
37429,73917503,0
37430,73917503,0
37431,73917503,0
37432,73917503,0
37433,73917503,0
37434,73917503,0
37435,73917503,0
37436,73917503,0
37437,73917503,0
37438,73917503,0
37439,73917503,0
37440,73917503,0
37441,73917503,0
37442,73917503,0
37443,73917503,0
37444,73917503,0
37445,73917503,0
37446,73917503,0
37447,73917503,0
37448,73917503,0
37449,73917503,0
37450,73917503,0
37451,73917503,0
37452,73917503,0
37453,73917503,0
37454,73917503,0
37455,73917503,0
37456,73917503,0
37457,73917503,0
37458,73917503,0
37459,73917503,0
37460,73917503,0
37461,73917503,0
37462,73917503,0
37463,73917503,0
37464,73917503,0
37465,73917503,0
37466,73917503,0
37467,73917503,0
37468,73917503,0
37469,73917503,0
37470,73917503,0
37471,73917503,0
37472,73917503,0
37473,73917503,0
37474,73917503,0
37475,73917503,0
37476,73917503,0
37477,73917503,0
37478,73917503,0
37479,73917503,0
37480,73917503,0
37481,73917503,0
37482,73917503,0
37483,73917503,0
37484,73917503,0
37485,73917503,0
37486,73917503,0
37487,73917503,0
37488,73917503,0
37489,73917503,0
37490,73917503,0
37491,73917503,0
37492,73917503,0
37493,73917503,0
37494,73917503,0
37495,73917503,0
37496,73917503,0
37497,73917503,0
37498,73917503,0
37499,73917503,0
37500,73917503,0
37501,73917503,0
37502,73917503,0
37503,73917503,0
37504,73917503,0
37505,73917503,0
37506,73917503,0
37507,73917503,0
37508,73917503,0
37509,73917503,0
37510,73917503,0
37511,73917503,0
37512,73917503,0
37513,73917503,0
37514,73917503,0
37515,73917503,0
37516,73917503,0
37517,73917503,0
37518,73917503,0
37519,73917503,0
37520,73917503,0
37521,73917503,0
37522,73917503,0
37523,73917503,0
37524,73917503,0
37525,73917503,0
37526,73917503,0
37527,73917503,0
37528,73917503,0
37529,73917503,0
37530,73917503,0
37531,73917503,0
37532,73917503,0
37533,73917503,0
37534,73917503,0
37535,73917503,0
37536,73917503,0
37537,73917503,0
37538,73917503,0
37539,73917503,0
37540,73917503,0
37541,73917503,0
37542,73917503,0
37543,73917503,0
37544,73917503,0
37545,73917503,0
37546,73917503,0
37547,73917503,0
37548,73917503,0
37549,73917503,0
37550,73917503,0
37551,73917503,0
37552,73917503,0
37553,73917503,0
37554,73917503,0
37555,73917503,0
37556,73917503,0
37557,73917503,0
37558,73917503,0
37559,73917503,0
37560,73917503,0
37561,73917503,0
37562,73917503,0
37563,73917503,0
37564,73917503,0
37565,73917503,0
37566,73917503,0
37567,73917503,0
37568,73917503,0
37569,73917503,0
37570,73917503,0
37571,73917503,0
37572,73917503,0
37573,73917503,0
37574,73917503,0
37575,73917503,0
37576,73917503,0
37577,73917503,0
37578,73917503,0
37579,73917503,0
37580,73917503,0
37581,73917503,0
37582,73917503,0
37583,73917503,0
37584,73917503,0
37585,73917503,0
37586,73917503,0
37587,73917503,0
37588,73917503,0
37589,73917503,0
37590,73917503,0
37591,73917503,0
37592,73917503,0
37593,73917503,0
37594,73917503,0
37595,73917503,0
37596,73917503,0
37597,73917503,0
37598,73917503,0
37599,73917503,0
37600,73917503,0
37601,73917503,0
37602,73917503,0
37603,73917503,0
37604,73917503,0
37605,73917503,0
37606,73917503,0
37607,73917503,0
37608,73917503,0
37609,73917503,0
37610,73917503,0
37611,73917503,0
37612,73917503,0
37613,73917503,0
37614,73917503,0
37615,73917503,0
37616,73917503,0
37617,73917503,0
37618,73917503,0
37619,73917503,0
37620,73917503,0
37621,73917503,0
37622,73917503,0
37623,73917503,0
37624,73917503,0
37625,73917503,0
37626,73917503,0
37627,73917503,0
37628,73917503,0
37629,73917503,0
37630,73917503,0
37631,73917503,0
37632,73917503,0
37633,73917503,0
37634,73917503,0
37635,73917503,0
37636,73917503,0
37637,73917503,0
37638,73917503,0
37639,73917503,0
37640,73917503,0
37641,73917503,0
37642,73917503,0
37643,73917503,0
37644,73917503,0
37645,73917503,0
37646,73917503,0
37647,73917503,0
37648,73917503,0
37649,73917503,0
37650,73917503,0
37651,73917503,0
37652,73917503,0
37653,73917503,0
37654,73917503,0
37655,73917503,0
37656,73917503,0
37657,73917503,0
37658,73917503,0
37659,73917503,0
37660,73917503,0
37661,73917503,0
37662,73917503,0
37663,73917503,0
37664,73917503,0
37665,73917503,0
37666,73917503,0
37667,73917503,0
37668,73917503,0
37669,73917503,0
37670,73917503,0
37671,73917503,0
37672,73917503,0
37673,73917503,0
37674,73917503,0
37675,73917503,0
37676,73917503,0
37677,73917503,0
37678,73917503,0
37679,73917503,0
37680,73917503,0
37681,73917503,0
37682,73917503,0
37683,73917503,0
37684,73917503,0
37685,73917503,0
37686,73917503,0
37687,73917503,0
37688,73917503,0
37689,73917503,0
37690,73917503,0
37691,73917503,0
37692,73917503,0
37693,73917503,0
37694,73917503,0
37695,73917503,0
37696,73917503,0
37697,73917503,0
37698,73917503,0
37699,73917503,0
37700,73917503,0
37701,73917503,0
37702,73917503,0
37703,73917503,0
37704,73917503,0
37705,73917503,0
37706,73917503,0
37707,73917503,0
37708,73917503,0
37709,73917503,0
37710,73917503,0
37711,73917503,0
37712,73917503,0
37713,73917503,0
37714,73917503,0
37715,73917503,0
37716,73917503,0
37717,73917503,0
37718,73917503,0
37719,73917503,0
37720,73917503,0
37721,73917503,0
37722,73917503,0
37723,73917503,0
37724,73917503,0
37725,73917503,0
37726,73917503,0
37727,73917503,0
37728,73917503,0
37729,73917503,0
37730,73917503,0
37731,73917503,0
37732,73917503,0
37733,73917503,0
37734,73917503,0
37735,73917503,0
37736,73917503,0
37737,73917503,0
37738,73917503,0
37739,73917503,0
37740,73917503,0
37741,73917503,0
37742,73917503,0
37743,73917503,0
37744,73917503,0
37745,73917503,0
37746,73917503,0
37747,73917503,0
37748,73917503,0
37749,73917503,0
37750,73917503,0
37751,73917503,0
37752,73917503,0
37753,73917503,0
37754,73917503,0
37755,73917503,0
37756,73917503,0
37757,73917503,0
37758,73917503,0
37759,73917503,0
37760,73917503,0
37761,73917503,0
37762,73917503,0
37763,73917503,0
37764,73917503,0
37765,73917503,0
37766,73917503,0
37767,73917503,0
37768,73917503,0
37769,73917503,0
37770,73917503,0
37771,73917503,0
37772,73917503,0
37773,73917503,0
37774,73917503,0
37775,73917503,0
37776,73917503,0
37777,73917503,0
37778,73917503,0
37779,73917503,0
37780,73917503,0
37781,73917503,0
37782,73917503,0
37783,73917503,0
37784,73917503,0
37785,73917503,0
37786,73917503,0
37787,73917503,0
37788,73917503,0
37789,73917503,0
37790,73917503,0
37791,73917503,0
37792,73917503,0
37793,73917503,0
37794,73917503,0
37795,73917503,0
37796,73917503,0
37797,73917503,0
37798,73917503,0
37799,73917503,0
37800,73917503,0
37801,73917503,0
37802,73917503,0
37803,73917503,0
37804,73917503,0
37805,73917503,0
37806,73917503,0
37807,73917503,0
37808,73917503,0
37809,73917503,0
37810,73917503,0
37811,73917503,0
37812,73917503,0
37813,73917503,0
37814,73917503,0
37815,73917503,0
37816,73917503,0
37817,73917503,0
37818,73917503,0
37819,73917503,0
37820,73917503,0
37821,73917503,0
37822,73917503,0
37823,73917503,0
37824,73917503,0
37825,73917503,0
37826,73917503,0
37827,73917503,0
37828,73917503,0
37829,73917503,0
37830,73917503,0
37831,73917503,0
37832,73917503,0
37833,73917503,0
37834,73917503,0
37835,73917503,0
37836,73917503,0
37837,73917503,0
37838,73917503,0
37839,73917503,0
37840,73917503,0
37841,73917503,0
37842,73917503,0
37843,73917503,0
37844,73917503,0
37845,73917503,0
37846,73917503,0
37847,73917503,0
37848,73917503,0
37849,73917503,0
37850,73917503,0
37851,73917503,0
37852,73917503,0
37853,73917503,0
37854,73917503,0
37855,73917503,0
37856,73917503,0
37857,73917503,0
37858,73917503,0
37859,73917503,0
37860,73917503,0
37861,73917503,0
37862,73917503,0
37863,73917503,0
37864,73917503,0
37865,73917503,0
37866,73917503,0
37867,73917503,0
37868,73917503,0
37869,73917503,0
37870,73917503,0
37871,73917503,0
37872,73917503,0
37873,73917503,0
37874,73917503,0
37875,73917503,0
37876,73917503,0
37877,73917503,0
37878,73917503,0
37879,73917503,0
37880,73917503,0
37881,73917503,0
37882,73917503,0
37883,73917503,0
37884,73917503,0
37885,73917503,0
37886,73917503,0
37887,73917503,0
37888,73917503,0
37889,73917503,0
37890,73917503,0
37891,73917503,0
37892,73917503,0
37893,73917503,0
37894,73917503,0
37895,73917503,0
37896,73917503,0
37897,73917503,0
37898,73917503,0
37899,73917503,0
37900,73917503,0
37901,73917503,0
37902,73917503,0
37903,73917503,0
37904,73917503,0
37905,73917503,0
37906,73917503,0
37907,73917503,0
37908,73917503,0
37909,73917503,0
37910,73917503,0
37911,73917503,0
37912,73917503,0
37913,73917503,0
37914,73917503,0
37915,73917503,0
37916,73917503,0
37917,73917503,0
37918,73917503,0
37919,73917503,0
37920,73917503,0
37921,73917503,0
37922,73917503,0
37923,73917503,0
37924,73917503,0
37925,73917503,0
37926,73917503,0
37927,73917503,0
37928,73917503,0
37929,73917503,0
37930,73917503,0
37931,73917503,0
37932,73917503,0
37933,73917503,0
37934,73917503,0
37935,73917503,0
37936,73917503,0
37937,73917503,0
37938,73917503,0
37939,73917503,0
37940,73917503,0
37941,73917503,0
37942,73917503,0
37943,73917503,0
37944,73917503,0
37945,73917503,0
37946,73917503,0
37947,73917503,0
37948,73917503,0
37949,73917503,0
37950,73917503,0
37951,73917503,0
37952,73917503,0
37953,73917503,0
37954,73917503,0
37955,73917503,0
37956,73917503,0
37957,73917503,0
37958,73917503,0
37959,73917503,0
37960,73917503,0
37961,73917503,0
37962,73917503,0
37963,73917503,0
37964,73917503,0
37965,73917503,0
37966,73917503,0
37967,73917503,0
37968,73917503,0
37969,73917503,0
37970,73917503,0
37971,73917503,0
37972,73917503,0
37973,73917503,0
37974,73917503,0
37975,73917503,0
37976,73917503,0
37977,73917503,0
37978,73917503,0
37979,73917503,0
37980,73917503,0
37981,73917503,0
37982,73917503,0
37983,73917503,0
37984,73917503,0
37985,73917503,0
37986,73917503,0
37987,73917503,0
37988,73917503,0
37989,73917503,0
37990,73917503,0
37991,73917503,0
37992,73917503,0
37993,73917503,0
37994,73917503,0
37995,73917503,0
37996,73917503,0
37997,73917503,0
37998,73917503,0
37999,73917503,0
38000,73917503,0
38001,73917503,0
38002,73917503,0
38003,73917503,0
38004,73917503,0
38005,73917503,0
38006,73917503,0
38007,73917503,0
38008,73917503,0
38009,73917503,0
38010,73917503,0
38011,73917503,0
38012,73917503,0
38013,73917503,0
38014,73917503,0
38015,73917503,0
38016,73917503,0
38017,73917503,0
38018,73917503,0
38019,73917503,0
38020,73917503,0
38021,73917503,0
38022,73917503,0
38023,73917503,0
38024,73917503,0
38025,73917503,0
38026,73917503,0
38027,73917503,0
38028,73917503,0
38029,73917503,0
38030,73917503,0
38031,73917503,0
38032,73917503,0
38033,73917503,0
38034,73917503,0
38035,73917503,0
38036,73917503,0
38037,73917503,0
38038,73917503,0
38039,73917503,0
38040,73917503,0
38041,73917503,0
38042,73917503,0
38043,73917503,0
38044,73917503,0
38045,73917503,0
38046,73917503,0
38047,73917503,0
38048,73917503,0
38049,73917503,0
38050,73917503,0
38051,73917503,0
38052,73917503,0
38053,73917503,0
38054,73917503,0
38055,73917503,0
38056,73917503,0
38057,73917503,0
38058,73917503,0
38059,73917503,0
38060,73917503,0
38061,73917503,0
38062,73917503,0
38063,73917503,0
38064,73917503,0
38065,73917503,0
38066,73917503,0
38067,73917503,0
38068,73917503,0
38069,73917503,0
38070,73917503,0
38071,73917503,0
38072,73917503,0
38073,73917503,0
38074,73917503,0
38075,73917503,0
38076,73917503,0
38077,73917503,0
38078,73917503,0
38079,73917503,0
38080,73917503,0
38081,73917503,0
38082,73917503,0
38083,73917503,0
38084,73917503,0
38085,73917503,0
38086,73917503,0
38087,73917503,0
38088,73917503,0
38089,73917503,0
38090,73917503,0
38091,73917503,0
38092,73917503,0
38093,73917503,0
38094,73917503,0
38095,73917503,0
38096,73917503,0
38097,73917503,0
38098,73917503,0
38099,73917503,0
38100,73917503,0
38101,73917503,0
38102,73917503,0
38103,73917503,0
38104,73917503,0
38105,73917503,0
38106,73917503,0
38107,73917503,0
38108,73917503,0
38109,73917503,0
38110,73917503,0
38111,73917503,0
38112,73917503,0
38113,73917503,0
38114,73917503,0
38115,73917503,0
38116,73917503,0
38117,73917503,0
38118,73917503,0
38119,73917503,0
38120,73917503,0
38121,73917503,0
38122,73917503,0
38123,73917503,0
38124,73917503,0
38125,73917503,0
38126,73917503,0
38127,73917503,0
38128,73917503,0
38129,73917503,0
38130,73917503,0
38131,73917503,0
38132,73917503,0
38133,73917503,0
38134,73917503,0
38135,73917503,0
38136,73917503,0
38137,73917503,0
38138,73917503,0
38139,73917503,0
38140,73917503,0
38141,73917503,0
38142,73917503,0
38143,73917503,0
38144,73917503,0
38145,73917503,0
38146,73917503,0
38147,73917503,0
38148,73917503,0
38149,73917503,0
38150,73917503,0
38151,73917503,0
38152,73917503,0
38153,73917503,0
38154,73917503,0
38155,73917503,0
38156,73917503,0
38157,73917503,0
38158,73917503,0
38159,73917503,0
38160,73917503,0
38161,73917503,0
38162,73917503,0
38163,73917503,0
38164,73917503,0
38165,73917503,0
38166,73917503,0
38167,73917503,0
38168,73917503,0
38169,73917503,0
38170,73917503,0
38171,73917503,0
38172,73917503,0
38173,73917503,0
38174,73917503,0
38175,73917503,0
38176,73917503,0
38177,73917503,0
38178,73917503,0
38179,73917503,0
38180,73917503,0
38181,73917503,0
38182,73917503,0
38183,73917503,0
38184,73917503,0
38185,73917503,0
38186,73917503,0
38187,73917503,0
38188,73917503,0
38189,73917503,0
38190,73917503,0
38191,73917503,0
38192,73917503,0
38193,73917503,0
38194,73917503,0
38195,73917503,0
38196,73917503,0
38197,73917503,0
38198,73917503,0
38199,73917503,0
38200,73917503,0
38201,73917503,0
38202,73917503,0
38203,73917503,0
38204,73917503,0
38205,73917503,0
38206,73917503,0
38207,73917503,0
38208,73917503,0
38209,73917503,0
38210,73917503,0
38211,73917503,0
38212,73917503,0
38213,73917503,0
38214,73917503,0
38215,73917503,0
38216,73917503,0
38217,73917503,0
38218,73917503,0
38219,73917503,0
38220,73917503,0
38221,73917503,0
38222,73917503,0
38223,73917503,0
38224,73917503,0
38225,73917503,0
38226,73917503,0
38227,73917503,0
38228,73917503,0
38229,73917503,0
38230,73917503,0
38231,73917503,0
38232,73917503,0
38233,73917503,0
38234,73917503,0
38235,73917503,0
38236,73917503,0
38237,73917503,0
38238,73917503,0
38239,73917503,0
38240,73917503,0
38241,73917503,0
38242,73917503,0
38243,73917503,0
38244,73917503,0
38245,73917503,0
38246,73917503,0
38247,73917503,0
38248,73917503,0
38249,73917503,0
38250,73917503,0
38251,73917503,0
38252,73917503,0
38253,73917503,0
38254,73917503,0
38255,73917503,0
38256,73917503,0
38257,73917503,0
38258,73917503,0
38259,73917503,0
38260,73917503,0
38261,73917503,0
38262,73917503,0
38263,73917503,0
38264,73917503,0
38265,73917503,0
38266,73917503,0
38267,73917503,0
38268,73917503,0
38269,73917503,0
38270,73917503,0
38271,73917503,0
38272,73917503,0
38273,73917503,0
38274,73917503,0
38275,73917503,0
38276,73917503,0
38277,73917503,0
38278,73917503,0
38279,73917503,0
38280,73917503,0
38281,73917503,0
38282,73917503,0
38283,73917503,0
38284,73917503,0
38285,73917503,0
38286,73917503,0
38287,73917503,0
38288,73917503,0
38289,73917503,0
38290,73917503,0
38291,73917503,0
38292,73917503,0
38293,73917503,0
38294,73917503,0
38295,73917503,0
38296,73917503,0
38297,73917503,0
38298,73917503,0
38299,73917503,0
38300,73917503,0
38301,73917503,0
38302,73917503,0
38303,73917503,0
38304,73917503,0
38305,73917503,0
38306,73917503,0
38307,73917503,0
38308,73917503,0
38309,73917503,0
38310,73917503,0
38311,73917503,0
38312,73917503,0
38313,73917503,0
38314,73917503,0
38315,73917503,0
38316,73917503,0
38317,73917503,0
38318,73917503,0
38319,73917503,0
38320,73917503,0
38321,73917503,0
38322,73917503,0
38323,73917503,0
38324,73917503,0
38325,73917503,0
38326,73917503,0
38327,73917503,0
38328,73917503,0
38329,73917503,0
38330,73917503,0
38331,73917503,0
38332,73917503,0
38333,73917503,0
38334,73917503,0
38335,73917503,0
38336,73917503,0
38337,73917503,0
38338,73917503,0
38339,73917503,0
38340,73917503,0
38341,73917503,0
38342,73917503,0
38343,73917503,0
38344,73917503,0
38345,73917503,0
38346,73917503,0
38347,73917503,0
38348,73917503,0
38349,73917503,0
38350,73917503,0
38351,73917503,0
38352,73917503,0
38353,73917503,0
38354,73917503,0
38355,73917503,0
38356,73917503,0
38357,73917503,0
38358,73917503,0
38359,73917503,0
38360,73917503,0
38361,73917503,0
38362,73917503,0
38363,73917503,0
38364,73917503,0
38365,73917503,0
38366,73917503,0
38367,73917503,0
38368,73917503,0
38369,73917503,0
38370,73917503,0
38371,73917503,0
38372,73917503,0
38373,73917503,0
38374,73917503,0
38375,73917503,0
38376,73917503,0
38377,73917503,0
38378,73917503,0
38379,73917503,0
38380,73917503,0
38381,73917503,0
38382,73917503,0
38383,73917503,0
38384,73917503,0
38385,73917503,0
38386,73917503,0
38387,73917503,0
38388,73917503,0
38389,73917503,0
38390,73917503,0
38391,73917503,0
38392,73917503,0
38393,73917503,0
38394,73917503,0
38395,73917503,0
38396,73917503,0
38397,73917503,0
38398,73917503,0
38399,73917503,0
38400,73917503,0
38401,73917503,0
38402,73917503,0
38403,73917503,0
38404,73917503,0
38405,73917503,0
38406,73917503,0
38407,73917503,0
38408,73917503,0
38409,73917503,0
38410,73917503,0
38411,73917503,0
38412,73917503,0
38413,73917503,0
38414,73917503,0
38415,73917503,0
38416,73917503,0
38417,73917503,0
38418,73917503,0
38419,73917503,0
38420,73917503,0
38421,73917503,0
38422,73917503,0
38423,73917503,0
38424,73917503,0
38425,73917503,0
38426,73917503,0
38427,73917503,0
38428,73917503,0
38429,73917503,0
38430,73917503,0
38431,73917503,0
38432,73917503,0
38433,73917503,0
38434,73917503,0
38435,73917503,0
38436,73917503,0
38437,73917503,0
38438,73917503,0
38439,73917503,0
38440,73917503,0
38441,73917503,0
38442,73917503,0
38443,73917503,0
38444,73917503,0
38445,73917503,0
38446,73917503,0
38447,73917503,0
38448,73917503,0
38449,73917503,0
38450,73917503,0
38451,73917503,0
38452,73917503,0
38453,73917503,0
38454,73917503,0
38455,73917503,0
38456,73917503,0
38457,73917503,0
38458,73917503,0
38459,73917503,0
38460,73917503,0
38461,73917503,0
38462,73917503,0
38463,73917503,0
38464,73917503,0
38465,73917503,0
38466,73917503,0
38467,73917503,0
38468,73917503,0
38469,73917503,0
38470,73917503,0
38471,73917503,0
38472,73917503,0
38473,73917503,0
38474,73917503,0
38475,73917503,0
38476,73917503,0
38477,73917503,0
38478,73917503,0
38479,73917503,0
38480,73917503,0
38481,73917503,0
38482,73917503,0
38483,73917503,0
38484,73917503,0
38485,73917503,0
38486,73917503,0
38487,73917503,0
38488,73917503,0
38489,73917503,0
38490,73917503,0
38491,73917503,0
38492,73917503,0
38493,73917503,0
38494,73917503,0
38495,73917503,0
38496,73917503,0
38497,73917503,0
38498,73917503,0
38499,73917503,0
38500,73917503,0
38501,73917503,0
38502,73917503,0
38503,73917503,0
38504,73917503,0
38505,73917503,0
38506,73917503,0
38507,73917503,0
38508,73917503,0
38509,73917503,0
38510,73917503,0
38511,73917503,0
38512,73917503,0
38513,73917503,0
38514,73917503,0
38515,73917503,0
38516,73917503,0
38517,73917503,0
38518,73917503,0
38519,73917503,0
38520,73917503,0
38521,73917503,0
38522,73917503,0
38523,73917503,0
38524,73917503,0
38525,73917503,0
38526,73917503,0
38527,73917503,0
38528,73917503,0
38529,73917503,0
38530,73917503,0
38531,73917503,0
38532,73917503,0
38533,73917503,0
38534,73917503,0
38535,73917503,0
38536,73917503,0
38537,73917503,0
38538,73917503,0
38539,73917503,0
38540,73917503,0
38541,73917503,0
38542,73917503,0
38543,73917503,0
38544,73917503,0
38545,73917503,0
38546,73917503,0
38547,73917503,0
38548,73917503,0
38549,73917503,0
38550,73917503,0
38551,73917503,0
38552,73917503,0
38553,73917503,0
38554,73917503,0
38555,73917503,0
38556,73917503,0
38557,73917503,0
38558,73917503,0
38559,73917503,0
38560,73917503,0
38561,73917503,0
38562,73917503,0
38563,73917503,0
38564,73917503,0
38565,73917503,0
38566,73917503,0
38567,73917503,0
38568,73917503,0
38569,73917503,0
38570,73917503,0
38571,73917503,0
38572,73917503,0
38573,73917503,0
38574,73917503,0
38575,73917503,0
38576,73917503,0
38577,73917503,0
38578,73917503,0
38579,73917503,0
38580,73917503,0
38581,73917503,0
38582,73917503,0
38583,73917503,0
38584,73917503,0
38585,73917503,0
38586,73917503,0
38587,73917503,0
38588,73917503,0
38589,73917503,0
38590,73917503,0
38591,73917503,0
38592,73917503,0
38593,73917503,0
38594,73917503,0
38595,73917503,0
38596,73917503,0
38597,73917503,0
38598,73917503,0
38599,73917503,0
38600,73917503,0
38601,73917503,0
38602,73917503,0
38603,73917503,0
38604,73917503,0
38605,73917503,0
38606,73917503,0
38607,73917503,0
38608,73917503,0
38609,73917503,0
38610,73917503,0
38611,73917503,0
38612,73917503,0
38613,73917503,0
38614,73917503,0
38615,73917503,0
38616,73917503,0
38617,73917503,0
38618,73917503,0
38619,73917503,0
38620,73917503,0
38621,73917503,0
38622,73917503,0
38623,73917503,0
38624,73917503,0
38625,73917503,0
38626,73917503,0
38627,73917503,0
38628,73917503,0
38629,73917503,0
38630,73917503,0
38631,73917503,0
38632,73917503,0
38633,73917503,0
38634,73917503,0
38635,73917503,0
38636,73917503,0
38637,73917503,0
38638,73917503,0
38639,73917503,0
38640,73917503,0
38641,73917503,0
38642,73917503,0
38643,73917503,0
38644,73917503,0
38645,73917503,0
38646,73917503,0
38647,73917503,0
38648,73917503,0
38649,73917503,0
38650,73917503,0
38651,73917503,0
38652,73917503,0
38653,73917503,0
38654,73917503,0
38655,73917503,0
38656,73917503,0
38657,73917503,0
38658,73917503,0
38659,73917503,0
38660,73917503,0
38661,73917503,0
38662,73917503,0
38663,73917503,0
38664,73917503,0
38665,73917503,0
38666,73917503,0
38667,73917503,0
38668,73917503,0
38669,73917503,0
38670,73917503,0
38671,73917503,0
38672,73917503,0
38673,73917503,0
38674,73917503,0
38675,73917503,0
38676,73917503,0
38677,73917503,0
38678,73917503,0
38679,73917503,0
38680,73917503,0
38681,73917503,0
38682,73917503,0
38683,73917503,0
38684,73917503,0
38685,73917503,0
38686,73917503,0
38687,73917503,0
38688,73917503,0
38689,73917503,0
38690,73917503,0
38691,73917503,0
38692,73917503,0
38693,73917503,0
38694,73917503,0
38695,73917503,0
38696,73917503,0
38697,73917503,0
38698,73917503,0
38699,73917503,0
38700,73917503,0
38701,73917503,0
38702,73917503,0
38703,73917503,0
38704,73917503,0
38705,73917503,0
38706,73917503,0
38707,73917503,0
38708,73917503,0
38709,73917503,0
38710,73917503,0
38711,73917503,0
38712,73917503,0
38713,73917503,0
38714,73917503,0
38715,73917503,0
38716,73917503,0
38717,73917503,0
38718,73917503,0
38719,73917503,0
38720,73917503,0
38721,73917503,0
38722,73917503,0
38723,73917503,0
38724,73917503,0
38725,73917503,0
38726,73917503,0
38727,73917503,0
38728,73917503,0
38729,73917503,0
38730,73917503,0
38731,73917503,0
38732,73917503,0
38733,73917503,0
38734,73917503,0
38735,73917503,0
38736,73917503,0
38737,73917503,0
38738,73917503,0
38739,73917503,0
38740,73917503,0
38741,73917503,0
38742,73917503,0
38743,73917503,0
38744,73917503,0
38745,73917503,0
38746,73917503,0
38747,73917503,0
38748,73917503,0
38749,73917503,0
38750,73917503,0
38751,73917503,0
38752,73917503,0
38753,73917503,0
38754,73917503,0
38755,73917503,0
38756,73917503,0
38757,73917503,0
38758,73917503,0
38759,73917503,0
38760,73917503,0
38761,73917503,0
38762,73917503,0
38763,73917503,0
38764,73917503,0
38765,73917503,0
38766,73917503,0
38767,73917503,0
38768,73917503,0
38769,73917503,0
38770,73917503,0
38771,73917503,0
38772,73917503,0
38773,73917503,0
38774,73917503,0
38775,73917503,0
38776,73917503,0
38777,73917503,0
38778,73917503,0
38779,73917503,0
38780,73917503,0
38781,73917503,0
38782,73917503,0
38783,73917503,0
38784,73917503,0
38785,73917503,0
38786,73917503,0
38787,73917503,0
38788,73917503,0
38789,73917503,0
38790,73917503,0
38791,73917503,0
38792,73917503,0
38793,73917503,0
38794,73917503,0
38795,73917503,0
38796,73917503,0
38797,73917503,0
38798,73917503,0
38799,73917503,0
38800,73917503,0
38801,73917503,0
38802,73917503,0
38803,73917503,0
38804,73917503,0
38805,73917503,0
38806,73917503,0
38807,73917503,0
38808,73917503,0
38809,73917503,0
38810,73917503,0
38811,73917503,0
38812,73917503,0
38813,73917503,0
38814,73917503,0
38815,73917503,0
38816,73917503,0
38817,73917503,0
38818,73917503,0
38819,73917503,0
38820,73917503,0
38821,73917503,0
38822,73917503,0
38823,73917503,0
38824,73917503,0
38825,73917503,0
38826,73917503,0
38827,73917503,0
38828,73917503,0
38829,73917503,0
38830,73917503,0
38831,73917503,0
38832,73917503,0
38833,73917503,0
38834,73917503,0
38835,73917503,0
38836,73917503,0
38837,73917503,0
38838,73917503,0
38839,73917503,0
38840,73917503,0
38841,73917503,0
38842,73917503,0
38843,73917503,0
38844,73917503,0
38845,73917503,0
38846,73917503,0
38847,73917503,0
38848,73917503,0
38849,73917503,0
38850,73917503,0
38851,73917503,0
38852,73917503,0
38853,73917503,0
38854,73917503,0
38855,73917503,0
38856,73917503,0
38857,73917503,0
38858,73917503,0
38859,73917503,0
38860,73917503,0
38861,73917503,0
38862,73917503,0
38863,73917503,0
38864,73917503,0
38865,73917503,0
38866,73917503,0
38867,73917503,0
38868,73917503,0
38869,73917503,0
38870,73917503,0
38871,73917503,0
38872,73917503,0
38873,73917503,0
38874,73917503,0
38875,73917503,0
38876,73917503,0
38877,73917503,0
38878,73917503,0
38879,73917503,0
38880,73917503,0
38881,73917503,0
38882,73917503,0
38883,73917503,0
38884,73917503,0
38885,73917503,0
38886,73917503,0
38887,73917503,0
38888,73917503,0
38889,73917503,0
38890,73917503,0
38891,73917503,0
38892,73917503,0
38893,73917503,0
38894,73917503,0
38895,73917503,0
38896,73917503,0
38897,73917503,0
38898,73917503,0
38899,73917503,0
38900,73917503,0
38901,73917503,0
38902,73917503,0
38903,73917503,0
38904,73917503,0
38905,73917503,0
38906,73917503,0
38907,73917503,0
38908,73917503,0
38909,73917503,0
38910,73917503,0
38911,73917503,0
38912,73917503,0
38913,73917503,0
38914,73917503,0
38915,73917503,0
38916,73917503,0
38917,73917503,0
38918,73917503,0
38919,73917503,0
38920,73917503,0
38921,73917503,0
38922,73917503,0
38923,73917503,0
38924,73917503,0
38925,73917503,0
38926,73917503,0
38927,73917503,0
38928,73917503,0
38929,73917503,0
38930,73917503,0
38931,73917503,0
38932,73917503,0
38933,73917503,0
38934,73917503,0
38935,73917503,0
38936,73917503,0
38937,73917503,0
38938,73917503,0
38939,73917503,0
38940,73917503,0
38941,73917503,0
38942,73917503,0
38943,73917503,0
38944,73917503,0
38945,73917503,0
38946,73917503,0
38947,73917503,0
38948,73917503,0
38949,73917503,0
38950,73917503,0
38951,73917503,0
38952,73917503,0
38953,73917503,0
38954,73917503,0
38955,73917503,0
38956,73917503,0
38957,73917503,0
38958,73917503,0
38959,73917503,0
38960,73917503,0
38961,73917503,0
38962,73917503,0
38963,73917503,0
38964,73917503,0
38965,73917503,0
38966,73917503,0
38967,73917503,0
38968,73917503,0
38969,73917503,0
38970,73917503,0
38971,73917503,0
38972,73917503,0
38973,73917503,0
38974,73917503,0
38975,73917503,0
38976,73917503,0
38977,73917503,0
38978,73917503,0
38979,73917503,0
38980,73917503,0
38981,73917503,0
38982,73917503,0
38983,73917503,0
38984,73917503,0
38985,73917503,0
38986,73917503,0
38987,73917503,0
38988,73917503,0
38989,73917503,0
38990,73917503,0
38991,73917503,0
38992,73917503,0
38993,73917503,0
38994,73917503,0
38995,73917503,0
38996,73917503,0
38997,73917503,0
38998,73917503,0
38999,73917503,0
39000,73917503,0
39001,73917503,0
39002,73917503,0
39003,73917503,0
39004,73917503,0
39005,73917503,0
39006,73917503,0
39007,73917503,0
39008,73917503,0
39009,73917503,0
39010,73917503,0
39011,73917503,0
39012,73917503,0
39013,73917503,0
39014,73917503,0
39015,73917503,0
39016,73917503,0
39017,73917503,0
39018,73917503,0
39019,73917503,0
39020,73917503,0
39021,73917503,0
39022,73917503,0
39023,73917503,0
39024,73917503,0
39025,73917503,0
39026,73917503,0
39027,73917503,0
39028,73917503,0
39029,73917503,0
39030,73917503,0
39031,73917503,0
39032,73917503,0
39033,73917503,0
39034,73917503,0
39035,73917503,0
39036,73917503,0
39037,73917503,0
39038,73917503,0
39039,73917503,0
39040,73917503,0
39041,73917503,0
39042,73917503,0
39043,73917503,0
39044,73917503,0
39045,73917503,0
39046,73917503,0
39047,73917503,0
39048,73917503,0
39049,73917503,0
39050,73917503,0
39051,73917503,0
39052,73917503,0
39053,73917503,0
39054,73917503,0
39055,73917503,0
39056,73917503,0
39057,73917503,0
39058,73917503,0
39059,73917503,0
39060,73917503,0
39061,73917503,0
39062,73917503,0
39063,73917503,0
39064,73917503,0
39065,73917503,0
39066,73917503,0
39067,73917503,0
39068,73917503,0
39069,73917503,0
39070,73917503,0
39071,73917503,0
39072,73917503,0
39073,73917503,0
39074,73917503,0
39075,73917503,0
39076,73917503,0
39077,73917503,0
39078,73917503,0
39079,73917503,0
39080,73917503,0
39081,73917503,0
39082,73917503,0
39083,73917503,0
39084,73917503,0
39085,73917503,0
39086,73917503,0
39087,73917503,0
39088,73917503,0
39089,73917503,0
39090,73917503,0
39091,73917503,0
39092,73917503,0
39093,73917503,0
39094,73917503,0
39095,73917503,0
39096,73917503,0
39097,73917503,0
39098,73917503,0
39099,73917503,0
39100,73917503,0
39101,73917503,0
39102,73917503,0
39103,73917503,0
39104,73917503,0
39105,73917503,0
39106,73917503,0
39107,73917503,0
39108,73917503,0
39109,73917503,0
39110,73917503,0
39111,73917503,0
39112,73917503,0
39113,73917503,0
39114,73917503,0
39115,73917503,0
39116,73917503,0
39117,73917503,0
39118,73917503,0
39119,73917503,0
39120,73917503,0
39121,73917503,0
39122,73917503,0
39123,73917503,0
39124,73917503,0
39125,73917503,0
39126,73917503,0
39127,73917503,0
39128,73917503,0
39129,73917503,0
39130,73917503,0
39131,73917503,0
39132,73917503,0
39133,73917503,0
39134,73917503,0
39135,73917503,0
39136,73917503,0
39137,73917503,0
39138,73917503,0
39139,73917503,0
39140,73917503,0
39141,73917503,0
39142,73917503,0
39143,73917503,0
39144,73917503,0
39145,73917503,0
39146,73917503,0
39147,73917503,0
39148,73917503,0
39149,73917503,0
39150,73917503,0
39151,73917503,0
39152,73917503,0
39153,73917503,0
39154,73917503,0
39155,73917503,0
39156,73917503,0
39157,73917503,0
39158,73917503,0
39159,73917503,0
39160,73917503,0
39161,73917503,0
39162,73917503,0
39163,73917503,0
39164,73917503,0
39165,73917503,0
39166,73917503,0
39167,73917503,0
39168,73917503,0
39169,73917503,0
39170,73917503,0
39171,73917503,0
39172,73917503,0
39173,73917503,0
39174,73917503,0
39175,73917503,0
39176,73917503,0
39177,73917503,0
39178,73917503,0
39179,73917503,0
39180,73917503,0
39181,73917503,0
39182,73917503,0
39183,73917503,0
39184,73917503,0
39185,73917503,0
39186,73917503,0
39187,73917503,0
39188,73917503,0
39189,73917503,0
39190,73917503,0
39191,73917503,0
39192,73917503,0
39193,73917503,0
39194,73917503,0
39195,73917503,0
39196,73917503,0
39197,73917503,0
39198,73917503,0
39199,73917503,0
39200,73917503,0
39201,73917503,0
39202,73917503,0
39203,73917503,0
39204,73917503,0
39205,73917503,0
39206,73917503,0
39207,73917503,0
39208,73917503,0
39209,73917503,0
39210,73917503,0
39211,73917503,0
39212,73917503,0
39213,73917503,0
39214,73917503,0
39215,73917503,0
39216,73917503,0
39217,73917503,0
39218,73917503,0
39219,73917503,0
39220,73917503,0
39221,73917503,0
39222,73917503,0
39223,73917503,0
39224,73917503,0
39225,73917503,0
39226,73917503,0
39227,73917503,0
39228,73917503,0
39229,73917503,0
39230,73917503,0
39231,73917503,0
39232,73917503,0
39233,73917503,0
39234,73917503,0
39235,73917503,0
39236,73917503,0
39237,73917503,0
39238,73917503,0
39239,73917503,0
39240,73917503,0
39241,73917503,0
39242,73917503,0
39243,73917503,0
39244,73917503,0
39245,73917503,0
39246,73917503,0
39247,73917503,0
39248,73917503,0
39249,73917503,0
39250,73917503,0
39251,73917503,0
39252,73917503,0
39253,73917503,0
39254,73917503,0
39255,73917503,0
39256,73917503,0
39257,73917503,0
39258,73917503,0
39259,73917503,0
39260,73917503,0
39261,73917503,0
39262,73917503,0
39263,73917503,0
39264,73917503,0
39265,73917503,0
39266,73917503,0
39267,73917503,0
39268,73917503,0
39269,73917503,0
39270,73917503,0
39271,73917503,0
39272,73917503,0
39273,73917503,0
39274,73917503,0
39275,73917503,0
39276,73917503,0
39277,73917503,0
39278,73917503,0
39279,73917503,0
39280,73917503,0
39281,73917503,0
39282,73917503,0
39283,73917503,0
39284,73917503,0
39285,73917503,0
39286,73917503,0
39287,73917503,0
39288,73917503,0
39289,73917503,0
39290,73917503,0
39291,73917503,0
39292,73917503,0
39293,73917503,0
39294,73917503,0
39295,73917503,0
39296,73917503,0
39297,73917503,0
39298,73917503,0
39299,73917503,0
39300,73917503,0
39301,73917503,0
39302,73917503,0
39303,73917503,0
39304,73917503,0
39305,73917503,0
39306,73917503,0
39307,73917503,0
39308,73917503,0
39309,73917503,0
39310,73917503,0
39311,73917503,0
39312,73917503,0
39313,73917503,0
39314,73917503,0
39315,73917503,0
39316,73917503,0
39317,73917503,0
39318,73917503,0
39319,73917503,0
39320,73917503,0
39321,73917503,0
39322,73917503,0
39323,73917503,0
39324,73917503,0
39325,73917503,0
39326,73917503,0
39327,73917503,0
39328,73917503,0
39329,73917503,0
39330,73917503,0
39331,73917503,0
39332,73917503,0
39333,73917503,0
39334,73917503,0
39335,73917503,0
39336,73917503,0
39337,73917503,0
39338,73917503,0
39339,73917503,0
39340,73917503,0
39341,73917503,0
39342,73917503,0
39343,73917503,0
39344,73917503,0
39345,73917503,0
39346,73917503,0
39347,73917503,0
39348,73917503,0
39349,73917503,0
39350,73917503,0
39351,73917503,0
39352,73917503,0
39353,73917503,0
39354,73917503,0
39355,73917503,0
39356,73917503,0
39357,73917503,0
39358,73917503,0
39359,73917503,0
39360,73917503,0
39361,73917503,0
39362,73917503,0
39363,73917503,0
39364,73917503,0
39365,73917503,0
39366,73917503,0
39367,73917503,0
39368,73917503,0
39369,73917503,0
39370,73917503,0
39371,73917503,0
39372,73917503,0
39373,73917503,0
39374,73917503,0
39375,73917503,0
39376,73917503,0
39377,73917503,0
39378,73917503,0
39379,73917503,0
39380,73917503,0
39381,73917503,0
39382,73917503,0
39383,73917503,0
39384,73917503,0
39385,73917503,0
39386,73917503,0
39387,73917503,0
39388,73917503,0
39389,73917503,0
39390,73917503,0
39391,73917503,0
39392,73917503,0
39393,73917503,0
39394,73917503,0
39395,73917503,0
39396,73917503,0
39397,73917503,0
39398,73917503,0
39399,73917503,0
39400,73917503,0
39401,73917503,0
39402,73917503,0
39403,73917503,0
39404,73917503,0
39405,73917503,0
39406,73917503,0
39407,73917503,0
39408,73917503,0
39409,73917503,0
39410,73917503,0
39411,73917503,0
39412,73917503,0
39413,73917503,0
39414,73917503,0
39415,73917503,0
39416,73917503,0
39417,73917503,0
39418,73917503,0
39419,73917503,0
39420,73917503,0
39421,73917503,0
39422,73917503,0
39423,73917503,0
39424,73917503,0
39425,73917503,0
39426,73917503,0
39427,73917503,0
39428,73917503,0
39429,73917503,0
39430,73917503,0
39431,73917503,0
39432,73917503,0
39433,73917503,0
39434,73917503,0
39435,73917503,0
39436,73917503,0
39437,73917503,0
39438,73917503,0
39439,73917503,0
39440,73917503,0
39441,73917503,0
39442,73917503,0
39443,73917503,0
39444,73917503,0
39445,73917503,0
39446,73917503,0
39447,73917503,0
39448,73917503,0
39449,73917503,0
39450,73917503,0
39451,73917503,0
39452,73917503,0
39453,73917503,0
39454,73917503,0
39455,73917503,0
39456,73917503,0
39457,73917503,0
39458,73917503,0
39459,73917503,0
39460,73917503,0
39461,73917503,0
39462,73917503,0
39463,73917503,0
39464,73917503,0
39465,73917503,0
39466,73917503,0
39467,73917503,0
39468,73917503,0
39469,73917503,0
39470,73917503,0
39471,73917503,0
39472,73917503,0
39473,73917503,0
39474,73917503,0
39475,73917503,0
39476,73917503,0
39477,73917503,0
39478,73917503,0
39479,73917503,0
39480,73917503,0
39481,73917503,0
39482,73917503,0
39483,73917503,0
39484,73917503,0
39485,73917503,0
39486,73917503,0
39487,73917503,0
39488,73917503,0
39489,73917503,0
39490,73917503,0
39491,73917503,0
39492,73917503,0
39493,73917503,0
39494,73917503,0
39495,73917503,0
39496,73917503,0
39497,73917503,0
39498,73917503,0
39499,73917503,0
39500,73917503,0
39501,73917503,0
39502,73917503,0
39503,73917503,0
39504,73917503,0
39505,73917503,0
39506,73917503,0
39507,73917503,0
39508,73917503,0
39509,73917503,0
39510,73917503,0
39511,73917503,0
39512,73917503,0
39513,73917503,0
39514,73917503,0
39515,73917503,0
39516,73917503,0
39517,73917503,0
39518,73917503,0
39519,73917503,0
39520,73917503,0
39521,73917503,0
39522,73917503,0
39523,73917503,0
39524,73917503,0
39525,73917503,0
39526,73917503,0
39527,73917503,0
39528,73917503,0
39529,73917503,0
39530,73917503,0
39531,73917503,0
39532,73917503,0
39533,73917503,0
39534,73917503,0
39535,73917503,0
39536,73917503,0
39537,73917503,0
39538,73917503,0
39539,73917503,0
39540,73917503,0
39541,73917503,0
39542,73917503,0
39543,73917503,0
39544,73917503,0
39545,73917503,0
39546,73917503,0
39547,73917503,0
39548,73917503,0
39549,73917503,0
39550,73917503,0
39551,73917503,0
39552,73917503,0
39553,73917503,0
39554,73917503,0
39555,73917503,0
39556,73917503,0
39557,73917503,0
39558,73917503,0
39559,73917503,0
39560,73917503,0
39561,73917503,0
39562,73917503,0
39563,73917503,0
39564,73917503,0
39565,73917503,0
39566,73917503,0
39567,73917503,0
39568,73917503,0
39569,73917503,0
39570,73917503,0
39571,73917503,0
39572,73917503,0
39573,73917503,0
39574,73917503,0
39575,73917503,0
39576,73917503,0
39577,73917503,0
39578,73917503,0
39579,73917503,0
39580,73917503,0
39581,73917503,0
39582,73917503,0
39583,73917503,0
39584,73917503,0
39585,73917503,0
39586,73917503,0
39587,73917503,0
39588,73917503,0
39589,73917503,0
39590,73917503,0
39591,73917503,0
39592,73917503,0
39593,73917503,0
39594,73917503,0
39595,73917503,0
39596,73917503,0
39597,73917503,0
39598,73917503,0
39599,73917503,0
39600,73917503,0
39601,73917503,0
39602,73917503,0
39603,73917503,0
39604,73917503,0
39605,73917503,0
39606,73917503,0
39607,73917503,0
39608,73917503,0
39609,73917503,0
39610,73917503,0
39611,73917503,0
39612,73917503,0
39613,73917503,0
39614,73917503,0
39615,73917503,0
39616,73917503,0
39617,73917503,0
39618,73917503,0
39619,73917503,0
39620,73917503,0
39621,73917503,0
39622,73917503,0
39623,73917503,0
39624,73917503,0
39625,73917503,0
39626,73917503,0
39627,73917503,0
39628,73917503,0
39629,73917503,0
39630,73917503,0
39631,73917503,0
39632,73917503,0
39633,73917503,0
39634,73917503,0
39635,73917503,0
39636,73917503,0
39637,73917503,0
39638,73917503,0
39639,73917503,0
39640,73917503,0
39641,73917503,0
39642,73917503,0
39643,73917503,0
39644,73917503,0
39645,73917503,0
39646,73917503,0
39647,73917503,0
39648,73917503,0
39649,73917503,0
39650,73917503,0
39651,73917503,0
39652,73917503,0
39653,73917503,0
39654,73917503,0
39655,73917503,0
39656,73917503,0
39657,73917503,0
39658,73917503,0
39659,73917503,0
39660,73917503,0
39661,73917503,0
39662,73917503,0
39663,73917503,0
39664,73917503,0
39665,73917503,0
39666,73917503,0
39667,73917503,0
39668,73917503,0
39669,73917503,0
39670,73917503,0
39671,73917503,0
39672,73917503,0
39673,73917503,0
39674,73917503,0
39675,73917503,0
39676,73917503,0
39677,73917503,0
39678,73917503,0
39679,73917503,0
39680,73917503,0
39681,73917503,0
39682,73917503,0
39683,73917503,0
39684,73917503,0
39685,73917503,0
39686,73917503,0
39687,73917503,0
39688,73917503,0
39689,73917503,0
39690,73917503,0
39691,73917503,0
39692,73917503,0
39693,73917503,0
39694,73917503,0
39695,73917503,0
39696,73917503,0
39697,73917503,0
39698,73917503,0
39699,73917503,0
39700,73917503,0
39701,73917503,0
39702,73917503,0
39703,73917503,0
39704,73917503,0
39705,73917503,0
39706,73917503,0
39707,73917503,0
39708,73917503,0
39709,73917503,0
39710,73917503,0
39711,73917503,0
39712,73917503,0
39713,73917503,0
39714,73917503,0
39715,73917503,0
39716,73917503,0
39717,73917503,0
39718,73917503,0
39719,73917503,0
39720,73917503,0
39721,73917503,0
39722,73917503,0
39723,73917503,0
39724,73917503,0
39725,73917503,0
39726,73917503,0
39727,73917503,0
39728,73917503,0
39729,73917503,0
39730,73917503,0
39731,73917503,0
39732,73917503,0
39733,73917503,0
39734,73917503,0
39735,73917503,0
39736,73917503,0
39737,73917503,0
39738,73917503,0
39739,73917503,0
39740,73917503,0
39741,73917503,0
39742,73917503,0
39743,73917503,0
39744,73917503,0
39745,73917503,0
39746,73917503,0
39747,73917503,0
39748,73917503,0
39749,73917503,0
39750,73917503,0
39751,73917503,0
39752,73917503,0
39753,73917503,0
39754,73917503,0
39755,73917503,0
39756,73917503,0
39757,73917503,0
39758,73917503,0
39759,73917503,0
39760,73917503,0
39761,73917503,0
39762,73917503,0
39763,73917503,0
39764,73917503,0
39765,73917503,0
39766,73917503,0
39767,73917503,0
39768,73917503,0
39769,73917503,0
39770,73917503,0
39771,73917503,0
39772,73917503,0
39773,73917503,0
39774,73917503,0
39775,73917503,0
39776,73917503,0
39777,73917503,0
39778,73917503,0
39779,73917503,0
39780,73917503,0
39781,73917503,0
39782,73917503,0
39783,73917503,0
39784,73917503,0
39785,73917503,0
39786,73917503,0
39787,73917503,0
39788,73917503,0
39789,73917503,0
39790,73917503,0
39791,73917503,0
39792,73917503,0
39793,73917503,0
39794,73917503,0
39795,73917503,0
39796,73917503,0
39797,73917503,0
39798,73917503,0
39799,73917503,0
39800,73917503,0
39801,73917503,0
39802,73917503,0
39803,73917503,0
39804,73917503,0
39805,73917503,0
39806,73917503,0
39807,73917503,0
39808,73917503,0
39809,73917503,0
39810,73917503,0
39811,73917503,0
39812,73917503,0
39813,73917503,0
39814,73917503,0
39815,73917503,0
39816,73917503,0
39817,73917503,0
39818,73917503,0
39819,73917503,0
39820,73917503,0
39821,73917503,0
39822,73917503,0
39823,73917503,0
39824,73917503,0
39825,73917503,0
39826,73917503,0
39827,73917503,0
39828,73917503,0
39829,73917503,0
39830,73917503,0
39831,73917503,0
39832,73917503,0
39833,73917503,0
39834,73917503,0
39835,73917503,0
39836,73917503,0
39837,73917503,0
39838,73917503,0
39839,73917503,0
39840,73917503,0
39841,73917503,0
39842,73917503,0
39843,73917503,0
39844,73917503,0
39845,73917503,0
39846,73917503,0
39847,73917503,0
39848,73917503,0
39849,73917503,0
39850,73917503,0
39851,73917503,0
39852,73917503,0
39853,73917503,0
39854,73917503,0
39855,73917503,0
39856,73917503,0
39857,73917503,0
39858,73917503,0
39859,73917503,0
39860,73917503,0
39861,73917503,0
39862,73917503,0
39863,73917503,0
39864,73917503,0
39865,73917503,0
39866,73917503,0
39867,73917503,0
39868,73917503,0
39869,73917503,0
39870,73917503,0
39871,73917503,0
39872,73917503,0
39873,73917503,0
39874,73917503,0
39875,73917503,0
39876,73917503,0
39877,73917503,0
39878,73917503,0
39879,73917503,0
39880,73917503,0
39881,73917503,0
39882,73917503,0
39883,73917503,0
39884,73917503,0
39885,73917503,0
39886,73917503,0
39887,73917503,0
39888,73917503,0
39889,73917503,0
39890,73917503,0
39891,73917503,0
39892,73917503,0
39893,73917503,0
39894,73917503,0
39895,73917503,0
39896,73917503,0
39897,73917503,0
39898,73917503,0
39899,73917503,0
39900,73917503,0
39901,73917503,0
39902,73917503,0
39903,73917503,0
39904,73917503,0
39905,73917503,0
39906,73917503,0
39907,73917503,0
39908,73917503,0
39909,73917503,0
39910,73917503,0
39911,73917503,0
39912,73917503,0
39913,73917503,0
39914,73917503,0
39915,73917503,0
39916,73917503,0
39917,73917503,0
39918,73917503,0
39919,73917503,0
39920,73917503,0
39921,73917503,0
39922,73917503,0
39923,73917503,0
39924,73917503,0
39925,73917503,0
39926,73917503,0
39927,73917503,0
39928,73917503,0
39929,73917503,0
39930,73917503,0
39931,73917503,0
39932,73917503,0
39933,73917503,0
39934,73917503,0
39935,73917503,0
39936,73917503,0
39937,73917503,0
39938,73917503,0
39939,73917503,0
39940,73917503,0
39941,73917503,0
39942,73917503,0
39943,73917503,0
39944,73917503,0
39945,73917503,0
39946,73917503,0
39947,73917503,0
39948,73917503,0
39949,73917503,0
39950,73917503,0
39951,73917503,0
39952,73917503,0
39953,73917503,0
39954,73917503,0
39955,73917503,0
39956,73917503,0
39957,73917503,0
39958,73917503,0
39959,73917503,0
39960,73917503,0
39961,73917503,0
39962,73917503,0
39963,73917503,0
39964,73917503,0
39965,73917503,0
39966,73917503,0
39967,73917503,0
39968,73917503,0
39969,73917503,0
39970,73917503,0
39971,73917503,0
39972,73917503,0
39973,73917503,0
39974,73917503,0
39975,73917503,0
39976,73917503,0
39977,73917503,0
39978,73917503,0
39979,73917503,0
39980,73917503,0
39981,73917503,0
39982,73917503,0
39983,73917503,0
39984,73917503,0
39985,73917503,0
39986,73917503,0
39987,73917503,0
39988,73917503,0
39989,73917503,0
39990,73917503,0
39991,73917503,0
39992,73917503,0
39993,73917503,0
39994,73917503,0
39995,73917503,0
39996,73917503,0
39997,73917503,0
39998,73917503,0
39999,73917503,0
40000,73917503,0
