1,81593,500000
2,81593,500000
3,81593,500000
4,81593,500000
5,81593,500000
6,81593,500000
7,81593,500000
8,81593,500000
9,81593,500000
10,81593,500000
11,81593,500000
12,81593,500000
13,81593,500000
14,81593,500000
15,81593,500000
16,81593,500000
17,81593,500000
18,81593,500000
19,81593,500000
20,81593,500000
21,81593,500000
22,81593,500000
23,81593,500000
24,81593,500000
25,81593,500000
26,81593,500000
27,81593,500000
28,81593,500000
29,81593,500000
30,81593,500000
31,81593,500000
32,81593,500000
33,81593,500000
34,81593,500000
35,81593,500000
36,81593,500000
37,81593,500000
38,81593,500000
39,81593,500000
40,81593,500000
41,81593,500000
42,81593,500000
43,81593,500000
44,81593,500000
45,81593,500000
46,81593,500000
47,81593,500000
48,81593,500000
49,81593,500000
50,81593,500000
51,81593,500000
52,81593,500000
53,81593,500000
54,81593,500000
55,87320046,13610
56,81593,500000
57,81593,500000
58,81593,500000
59,81593,500000
60,81593,500000
61,81593,500000
62,81593,500000
63,81593,500000
64,81593,500000
65,81593,500000
66,81593,500000
67,81593,500000
68,81593,500000
69,81593,500000
70,81593,500000
71,81593,500000
72,81593,500000
73,81593,500000
74,81593,500000
75,81593,500000
76,81593,500000
77,81593,500000
78,81593,500000
79,81593,500000
80,81593,500000
81,81593,500000
82,81593,500000
83,81593,500000
84,81593,500000
85,81593,500000
86,81593,500000
87,81593,500000
88,81593,500000
89,81593,500000
90,81593,500000
91,81593,500000
92,81593,500000
93,81593,500000
94,81593,500000
95,81593,500000
96,81593,500000
97,81593,500000
98,81593,500000
99,81593,500000
100,81593,500000
101,81593,500000
102,81593,500000
103,81593,500000
104,81593,500000
105,81593,500000
106,81593,500000
107,81593,500000
108,81593,500000
109,81593,500000
110,81593,500000
111,81593,500000
112,81593,500000
113,81593,500000
114,81593,500000
115,81593,500000
116,81593,500000
117,81593,500000
118,81593,500000
119,81593,500000
120,81593,500000
121,81593,500000
122,81593,500000
123,81593,500000
124,81593,500000
125,81593,500000
126,81593,500000
127,81593,500000
128,81593,500000
129,81593,500000
130,81593,500000
131,81593,500000
132,81593,500000
133,81593,500000
134,81593,500000
135,81593,500000
136,81593,500000
137,81593,500000
138,81593,500000
139,81593,500000
140,81593,500000
141,81593,500000
142,81593,500000
143,81593,500000
144,81593,500000
145,81593,500000
146,81593,500000
147,81593,500000
148,81593,500000
149,81593,500000
150,81593,500000
151,81593,500000
152,81593,500000
153,81593,500000
154,81593,500000
155,81593,500000
156,81593,500000
157,81593,500000
158,81593,500000
159,81593,500000
160,81593,500000
161,81593,500000
162,81593,500000
163,81593,500000
164,81593,500000
165,81593,500000
166,81593,500000
167,81593,500000
168,81593,500000
169,81593,500000
170,81593,500000
171,81593,500000
172,81593,500000
173,81593,500000
174,81593,500000
175,81593,500000
176,81593,500000
177,81593,500000
178,81593,500000
179,81593,500000
180,81593,500000
181,81593,500000
182,81593,500000
183,81593,500000
184,81593,500000
185,81593,500000
186,81593,500000
187,81593,500000
188,81593,500000
189,81593,500000
190,81593,500000
191,81593,500000
192,81593,500000
193,81593,500000
194,81593,500000
195,81593,500000
196,81593,500000
197,81593,500000
198,81593,500000
199,81593,500000
200,81593,500000
201,81593,500000
202,81593,500000
203,81593,500000
204,81593,500000
205,87320046,14140
206,81593,500000
207,81593,500000
208,81593,500000
209,81593,500000
210,81593,500000
211,81593,500000
212,81593,500000
213,81593,500000
214,81593,500000
215,81593,500000
216,81593,500000
217,81593,500000
218,81593,500000
219,81593,500000
220,81593,500000
221,81593,500000
222,81593,500000
223,81593,500000
224,81593,500000
225,81593,500000
226,81593,500000
227,81593,500000
228,81593,500000
229,81593,500000
230,81593,500000
231,81593,500000
232,81593,500000
233,81593,500000
234,81593,500000
235,81593,500000
236,81593,500000
237,81593,500000
238,81593,500000
239,81593,500000
240,81593,500000
241,81593,500000
242,81593,500000
243,81593,500000
244,81593,500000
245,81593,500000
246,81593,500000
247,81593,500000
248,81593,500000
249,81593,500000
250,81593,500000
251,81593,500000
252,81593,500000
253,81593,500000
254,81593,500000
255,81593,500000
256,81593,500000
257,81593,500000
258,81593,500000
259,81593,500000
260,81593,500000
261,81593,500000
262,81593,500000
263,81593,500000
264,81593,500000
265,81593,500000
266,81593,500000
267,81593,500000
268,81593,500000
269,81593,500000
270,81593,500000
271,81593,500000
272,81593,500000
273,81593,500000
274,81593,500000
275,81593,500000
276,81593,500000
277,81593,500000
278,81593,500000
279,81593,500000
280,81593,500000
281,81593,500000
282,81593,500000
283,81593,500000
284,81593,500000
285,81593,500000
286,81593,500000
287,81593,500000
288,81593,500000
289,81593,500000
290,81593,500000
291,81593,500000
292,81593,500000
293,81593,500000
294,81593,500000
295,81593,500000
296,81593,500000
297,81593,500000
298,81593,500000
299,81593,500000
300,81593,500000
301,81593,500000
302,81593,500000
303,81593,500000
304,81593,500000
305,81593,500000
306,81593,500000
307,81593,500000
308,81593,500000
309,81593,500000
310,81593,500000
311,81593,500000
312,81593,500000
313,81593,500000
314,81593,500000
315,81593,500000
316,81593,500000
317,81593,500000
318,81593,500000
319,81593,500000
320,81593,500000
321,81593,500000
322,81593,500000
323,81593,500000
324,81593,500000
325,87320046,5400
326,81593,500000
327,81593,500000
328,81593,500000
329,81593,500000
330,81593,500000
331,81593,500000
332,81593,500000
333,81593,500000
334,81593,500000
335,81593,500000
336,81593,500000
337,81593,500000
338,81593,500000
339,81593,500000
340,81593,500000
341,81593,500000
342,81593,500000
343,81593,500000
344,81593,500000
345,81593,500000
346,81593,500000
347,81593,500000
348,81593,500000
349,81593,500000
350,81593,500000
351,87320046,17370
352,81593,500000
353,81593,500000
354,81593,500000
355,81593,500000
356,81593,500000
357,81593,500000
358,81593,500000
359,81593,500000
360,81593,500000
361,81593,500000
362,81593,500000
363,81593,500000
364,81593,500000
365,81593,500000
366,81593,500000
367,81593,500000
368,81593,500000
369,81593,500000
370,81593,500000
371,81593,500000
372,81593,500000
373,81593,500000
374,81593,500000
375,87320046,14830
376,81593,500000
377,81593,500000
378,81593,500000
379,87320046,7930
380,81593,500000
381,81593,500000
382,81593,500000
383,81593,500000
384,81593,500000
385,81593,500000
386,81593,500000
387,81593,500000
388,81593,500000
389,81593,500000
390,81593,500000
391,81593,500000
392,81593,500000
393,81593,500000
394,81593,500000
395,81593,500000
396,81593,500000
397,81593,500000
398,81593,500000
399,81593,500000
400,81593,500000
401,81593,500000
402,87320046,13920
403,81593,500000
404,81593,500000
405,81593,500000
406,81593,500000
407,81593,500000
408,81593,500000
409,81593,500000
410,81593,500000
411,81593,500000
412,81593,500000
413,81593,500000
414,81593,500000
415,81593,500000
416,81593,500000
417,81593,500000
418,81593,500000
419,81593,500000
420,81593,500000
421,81593,500000
422,81593,500000
423,81593,500000
424,81593,500000
425,81593,500000
426,81593,500000
427,81593,500000
428,81593,500000
429,81593,500000
430,81593,500000
431,81593,500000
432,81593,500000
433,81593,500000
434,81593,500000
435,81593,500000
436,81593,500000
437,81593,500000
438,87320046,13800
439,81593,500000
440,81593,500000
441,81593,500000
442,81593,500000
443,81593,500000
444,81593,500000
445,81593,500000
446,81593,500000
447,81593,500000
448,81593,500000
449,81593,500000
450,81593,500000
451,81593,500000
452,81593,500000
453,81593,500000
454,81593,500000
455,81593,500000
456,81593,500000
457,81593,500000
458,81593,500000
459,81593,500000
460,81593,500000
461,81593,500000
462,81593,500000
463,81593,500000
464,81593,500000
465,81593,500000
466,87320046,5870
467,81593,500000
468,81593,500000
469,81593,500000
470,81593,500000
471,81593,500000
472,81593,500000
473,81593,500000
474,81593,500000
475,81593,500000
476,81593,500000
477,81593,500000
478,81593,500000
479,81593,500000
480,81593,500000
481,81593,500000
482,81593,500000
483,87320046,15070
484,81593,500000
485,81593,500000
486,81593,500000
487,81593,500000
488,81593,500000
489,81593,500000
490,81593,500000
491,81593,500000
492,87320046,21620
493,81593,500000
494,81593,500000
495,81593,500000
496,81593,500000
497,81593,500000
498,81593,500000
499,81593,500000
500,81593,500000
501,81593,500000
502,81593,500000
503,81593,500000
504,81593,500000
505,81593,500000
506,81593,500000
507,81593,500000
508,81593,500000
509,81593,500000
510,81593,500000
511,81593,500000
512,87320046,8510
513,81593,500000
514,81593,500000
515,81593,500000
516,81593,500000
517,81593,500000
518,81593,500000
519,81593,500000
520,81593,500000
521,81593,500000
522,81593,500000
523,81593,500000
524,81593,500000
525,81593,500000
526,81593,500000
527,81593,500000
528,81593,500000
529,81593,500000
530,81593,500000
531,81593,500000
532,81593,500000
533,81593,500000
534,81593,500000
535,81593,500000
536,81593,500000
537,81593,500000
538,81593,500000
539,81593,500000
540,81593,500000
541,81593,500000
542,81593,500000
543,81593,500000
544,81593,500000
545,81593,500000
546,81593,500000
547,81593,500000
548,81593,500000
549,81593,500000
550,81593,500000
551,81593,500000
552,81593,500000
553,81593,500000
554,81593,500000
555,81593,500000
556,81593,500000
557,81593,500000
558,81593,500000
559,81593,500000
560,81593,500000
561,81593,500000
562,81593,500000
563,81593,500000
564,81593,500000
565,81593,500000
566,81593,500000
567,81593,500000
568,81593,500000
569,81593,500000
570,81593,500000
571,81593,500000
572,81593,500000
573,81593,500000
574,81593,500000
575,81593,500000
576,81593,500000
577,81593,500000
578,81593,500000
579,81593,500000
580,81593,500000
581,81593,500000
582,81593,500000
583,81593,500000
584,81593,500000
585,81593,500000
586,81593,500000
587,81593,500000
588,81593,500000
589,81593,500000
590,87320046,7250
591,81593,500000
592,81593,500000
593,81593,500000
594,81593,500000
595,81593,500000
596,81593,500000
597,81593,500000
598,81593,500000
599,81593,500000
600,81593,500000
601,81593,500000
602,81593,500000
603,81593,500000
604,81593,500000
605,81593,500000
606,81593,500000
607,81593,500000
608,81593,500000
609,81593,500000
610,81593,500000
611,81593,500000
612,81593,500000
613,81593,500000
614,81593,500000
615,81593,500000
616,81593,500000
617,81593,500000
618,81593,500000
619,81593,500000
620,81593,500000
621,81593,500000
622,81593,500000
623,81593,500000
624,81593,500000
625,81593,500000
626,81593,500000
627,81593,500000
628,81593,500000
629,81593,500000
630,81593,500000
631,81593,500000
632,81593,500000
633,81593,500000
634,81593,500000
635,81593,500000
636,81593,500000
637,81593,500000
638,81593,500000
639,81593,500000
640,81593,500000
641,81593,500000
642,81593,500000
643,81593,500000
644,81593,500000
645,81593,500000
646,81593,500000
647,81593,500000
648,81593,500000
649,81593,500000
650,81593,500000
651,81593,500000
652,81593,500000
653,81593,500000
654,81593,500000
655,81593,500000
656,81593,500000
657,81593,500000
658,81593,500000
659,81593,500000
660,81593,500000
661,81593,500000
662,81593,500000
663,81593,500000
664,81593,500000
665,81593,500000
666,81593,500000
667,81593,500000
668,81593,500000
669,81593,500000
670,81593,500000
671,81593,500000
672,81593,500000
673,81593,500000
674,81593,500000
675,81593,500000
676,81593,500000
677,81593,500000
678,81593,500000
679,81593,500000
680,81593,500000
681,81593,500000
682,81593,500000
683,81593,500000
684,81593,500000
685,81593,500000
686,81593,500000
687,81593,500000
688,81593,500000
689,81593,500000
690,81593,500000
691,81593,500000
692,81593,500000
693,81593,500000
694,81593,500000
695,81593,500000
696,81593,500000
697,81593,500000
698,81593,500000
699,81593,500000
700,81593,500000
701,81593,500000
702,81593,500000
703,81593,500000
704,81593,500000
705,81593,500000
706,81593,500000
707,81593,500000
708,81593,500000
709,81593,500000
710,81593,500000
711,81593,500000
712,81593,500000
713,81593,500000
714,81593,500000
715,81593,500000
716,87320046,8050
717,81593,500000
718,87320046,5520
719,81593,500000
720,81593,500000
721,81593,500000
722,81593,500000
723,81593,500000
724,81593,500000
725,81593,500000
726,81593,500000
727,81593,500000
728,81593,500000
729,81593,500000
730,81593,500000
731,81593,500000
732,81593,500000
733,81593,500000
734,81593,500000
735,81593,500000
736,81593,500000
737,81593,500000
738,81593,500000
739,81593,500000
740,81593,500000
741,81593,500000
742,81593,500000
743,81593,500000
744,81593,500000
745,81593,500000
746,81593,500000
747,81593,500000
748,81593,500000
749,81593,500000
750,81593,500000
751,81593,500000
752,81593,500000
753,81593,500000
754,81593,500000
755,81593,500000
756,81593,500000
757,81593,500000
758,81593,500000
759,81593,500000
760,81593,500000
761,81593,500000
762,81593,500000
763,81593,500000
764,81593,500000
765,81593,500000
766,81593,500000
767,81593,500000
768,81593,500000
769,81593,500000
770,81593,500000
771,81593,500000
772,81593,500000
773,81593,500000
774,81593,500000
775,81593,500000
776,81593,500000
777,81593,500000
778,81593,500000
779,81593,500000
780,81593,500000
781,81593,500000
782,81593,500000
783,81593,500000
784,81593,500000
785,81593,500000
786,81593,500000
787,81593,500000
788,81593,500000
789,81593,500000
790,81593,500000
791,81593,500000
792,81593,500000
793,81593,500000
794,81593,500000
795,81593,500000
796,81593,500000
797,81593,500000
798,81593,500000
799,81593,500000
800,81593,500000
801,81593,500000
802,81593,500000
803,81593,500000
804,81593,500000
805,81593,500000
806,81593,500000
807,81593,500000
808,81593,500000
809,81593,500000
810,81593,500000
811,81593,500000
812,81593,500000
813,81593,500000
814,81593,500000
815,81593,500000
816,81593,500000
817,81593,500000
818,81593,500000
819,81593,500000
820,81593,500000
821,81593,500000
822,81593,500000
823,81593,500000
824,81593,500000
825,81593,500000
826,81593,500000
827,81593,500000
828,81593,500000
829,81593,500000
830,81593,500000
831,81593,500000
832,81593,500000
833,81593,500000
834,81593,500000
835,81593,500000
836,81593,500000
837,81593,500000
838,81593,500000
839,81593,500000
840,81593,500000
841,81593,500000
842,81593,500000
843,81593,500000
844,81593,500000
845,81593,500000
846,81593,500000
847,81593,500000
848,81593,500000
849,81593,500000
850,81593,500000
851,81593,500000
852,81593,500000
853,81593,500000
854,81593,500000
855,81593,500000
856,81593,500000
857,81593,500000
858,81593,500000
859,81593,500000
860,81593,500000
861,81593,500000
862,81593,500000
863,81593,500000
864,81593,500000
865,81593,500000
866,81593,500000
867,81593,500000
868,81593,500000
869,81593,500000
870,81593,500000
871,81593,500000
872,81593,500000
873,81593,500000
874,81593,500000
875,81593,500000
876,81593,500000
877,81593,500000
878,81593,500000
879,81593,500000
880,81593,500000
881,81593,500000
882,81593,500000
883,81593,500000
884,81593,500000
885,81593,500000
886,81593,500000
887,81593,500000
888,81593,500000
889,81593,500000
890,81593,500000
891,81593,500000
892,81593,500000
893,81593,500000
894,81593,500000
895,81593,500000
896,81593,500000
897,81593,500000
898,81593,500000
899,81593,500000
900,81593,500000
901,81593,500000
902,87320046,13460
903,81593,500000
904,81593,500000
905,81593,500000
906,81593,500000
907,81593,500000
908,81593,500000
909,81593,500000
910,81593,500000
911,81593,500000
912,81593,500000
913,81593,500000
914,81593,500000
915,81593,500000
916,81593,500000
917,81593,500000
918,81593,500000
919,81593,500000
920,81593,500000
921,81593,500000
922,81593,500000
923,81593,500000
924,81593,500000
925,81593,500000
926,81593,500000
927,81593,500000
928,81593,500000
929,81593,500000
930,81593,500000
931,81593,500000
932,81593,500000
933,81593,500000
934,81593,500000
935,81593,500000
936,81593,500000
937,81593,500000
938,81593,500000
939,81593,500000
940,81593,500000
941,81593,500000
942,81593,500000
943,81593,500000
944,81593,500000
945,81593,500000
946,81593,500000
947,81593,500000
948,81593,500000
949,81593,500000
950,81593,500000
951,81593,500000
952,81593,500000
953,81593,500000
954,81593,500000
955,81593,500000
956,81593,500000
957,81593,500000
958,81593,500000
959,81593,500000
960,81593,500000
961,81593,500000
962,81593,500000
963,81593,500000
964,81593,500000
965,81593,500000
966,81593,500000
967,81593,500000
968,81593,500000
969,81593,500000
970,81593,500000
971,81593,500000
972,81593,500000
973,81593,500000
974,81593,500000
975,81593,500000
976,81593,500000
977,81593,500000
978,81593,500000
979,81593,500000
980,81593,500000
981,81593,500000
982,81593,500000
983,81593,500000
984,81593,500000
985,81593,500000
986,81593,500000
987,81593,500000
988,81593,500000
989,81593,500000
990,81593,500000
991,81593,500000
992,81593,500000
993,81593,500000
994,81593,500000
995,81593,500000
996,81593,500000
997,81593,500000
998,81593,500000
999,81593,500000
1000,81593,500000
1001,81593,500000
1002,81593,500000
1003,81593,500000
1004,81593,500000
1005,81593,500000
1006,81593,500000
1007,81593,500000
1008,81593,500000
1009,81593,500000
1010,81593,500000
1011,81593,500000
1012,81593,500000
1013,81593,500000
1014,81593,500000
1015,81593,500000
1016,81593,500000
1017,81593,500000
1018,81593,500000
1019,81593,500000
1020,81593,500000
1021,81593,500000
1022,81593,500000
1023,81593,500000
1024,81593,500000
1025,81593,500000
1026,81593,500000
1027,81593,500000
1028,81593,500000
1029,81593,500000
1030,81593,500000
1031,81593,500000
1032,81593,500000
1033,81593,500000
1034,81593,500000
1035,81593,500000
1036,81593,500000
1037,81593,500000
1038,81593,500000
1039,81593,500000
1040,81593,500000
1041,81593,500000
1042,81593,500000
1043,81593,500000
1044,81593,500000
1045,81593,500000
1046,81593,500000
1047,81593,500000
1048,81593,500000
1049,81593,500000
1050,81593,500000
1051,81593,500000
1052,81593,500000
1053,81593,500000
1054,81593,500000
1055,81593,500000
1056,81593,500000
1057,81593,500000
1058,81593,500000
1059,81593,500000
1060,81593,500000
1061,81593,500000
1062,81593,500000
1063,81593,500000
1064,81593,500000
1065,81593,500000
1066,81593,500000
1067,81593,500000
1068,81593,500000
1069,81593,500000
1070,81593,500000
1071,81593,500000
1072,81593,500000
1073,81593,500000
1074,81593,500000
1075,81593,500000
1076,81593,500000
1077,81593,500000
1078,81593,500000
1079,81593,500000
1080,81593,500000
1081,81593,500000
1082,81593,500000
1083,81593,500000
1084,81593,500000
1085,81593,500000
1086,81593,500000
1087,81593,500000
1088,81593,500000
1089,81593,500000
1090,81593,500000
1091,81593,500000
1092,81593,500000
1093,81593,500000
1094,81593,500000
1095,81593,500000
1096,81593,500000
1097,81593,500000
1098,87320046,18980
1099,81593,500000
1100,81593,500000
1101,81593,500000
1102,81593,500000
1103,81593,500000
1104,81593,500000
1105,81593,500000
1106,81593,500000
1107,81593,500000
1108,81593,500000
1109,81593,500000
1110,81593,500000
1111,81593,500000
1112,81593,500000
1113,81593,500000
1114,81593,500000
1115,81593,500000
1116,81593,500000
1117,81593,500000
1118,81593,500000
1119,81593,500000
1120,81593,500000
1121,81593,500000
1122,81593,500000
1123,81593,500000
1124,81593,500000
1125,81593,500000
1126,81593,500000
1127,81593,500000
1128,81593,500000
1129,81593,500000
1130,81593,500000
1131,81593,500000
1132,81593,500000
1133,81593,500000
1134,81593,500000
1135,81593,500000
1136,81593,500000
1137,81593,500000
1138,81593,500000
1139,81593,500000
1140,81593,500000
1141,81593,500000
1142,81593,500000
1143,81593,500000
1144,81593,500000
1145,87320046,17590
1146,81593,500000
1147,81593,500000
1148,81593,500000
1149,81593,500000
1150,81593,500000
1151,81593,500000
1152,81593,500000
1153,81593,500000
1154,81593,500000
1155,81593,500000
1156,81593,500000
1157,81593,500000
1158,81593,500000
1159,81593,500000
1160,81593,500000
1161,81593,500000
1162,81593,500000
1163,81593,500000
1164,81593,500000
1165,81593,500000
1166,81593,500000
1167,81593,500000
1168,81593,500000
1169,81593,500000
1170,81593,500000
1171,81593,500000
1172,81593,500000
1173,81593,500000
1174,81593,500000
1175,81593,500000
1176,81593,500000
1177,81593,500000
1178,81593,500000
1179,81593,500000
1180,81593,500000
1181,81593,500000
1182,81593,500000
1183,81593,500000
1184,81593,500000
1185,81593,500000
1186,81593,500000
1187,81593,500000
1188,81593,500000
1189,81593,500000
1190,81593,500000
1191,81593,500000
1192,81593,500000
1193,81593,500000
1194,81593,500000
1195,81593,500000
1196,81593,500000
1197,81593,500000
1198,81593,500000
1199,81593,500000
1200,81593,500000
1201,81593,500000
1202,81593,500000
1203,81593,500000
1204,81593,500000
1205,81593,500000
1206,81593,500000
1207,81593,500000
1208,81593,500000
1209,81593,500000
1210,81593,500000
1211,81593,500000
1212,81593,500000
1213,81593,500000
1214,81593,500000
1215,81593,500000
1216,81593,500000
1217,81593,500000
1218,81593,500000
1219,81593,500000
1220,81593,500000
1221,81593,500000
1222,81593,500000
1223,81593,500000
1224,81593,500000
1225,81593,500000
1226,81593,500000
1227,81593,500000
1228,81593,500000
1229,81593,500000
1230,81593,500000
1231,81593,500000
1232,81593,500000
1233,81593,500000
1234,81593,500000
1235,81593,500000
1236,81593,500000
1237,81593,500000
1238,81593,500000
1239,81593,500000
1240,81593,500000
1241,81593,500000
1242,81593,500000
1243,81593,500000
1244,81593,500000
1245,81593,500000
1246,81593,500000
1247,81593,500000
1248,81593,500000
1249,81593,500000
1250,81593,500000
1251,81593,500000
1252,81593,500000
1253,81593,500000
1254,81593,500000
1255,81593,500000
1256,81593,500000
1257,81593,500000
1258,81593,500000
1259,81593,500000
1260,81593,500000
1261,81593,500000
1262,81593,500000
1263,81593,500000
1264,81593,500000
1265,81593,500000
1266,81593,500000
1267,81593,500000
1268,81593,500000
1269,81593,500000
1270,81593,500000
1271,81593,500000
1272,81593,500000
1273,87320046,17370
1274,81593,500000
1275,81593,500000
1276,81593,500000
1277,81593,500000
1278,81593,500000
1279,81593,500000
1280,81593,500000
1281,81593,500000
1282,81593,500000
1283,81593,500000
1284,81593,500000
1285,81593,500000
1286,81593,500000
1287,81593,500000
1288,81593,500000
1289,81593,500000
1290,81593,500000
1291,81593,500000
1292,81593,500000
1293,81593,500000
1294,81593,500000
1295,81593,500000
1296,81593,500000
1297,81593,500000
1298,81593,500000
1299,81593,500000
1300,81593,500000
1301,81593,500000
1302,81593,500000
1303,81593,500000
1304,81593,500000
1305,81593,500000
1306,81593,500000
1307,81593,500000
1308,81593,500000
1309,81593,500000
1310,81593,500000
1311,81593,500000
1312,81593,500000
1313,81593,500000
1314,81593,500000
1315,81593,500000
1316,81593,500000
1317,81593,500000
1318,81593,500000
1319,81593,500000
1320,81593,500000
1321,81593,500000
1322,81593,500000
1323,81593,500000
1324,81593,500000
1325,81593,500000
1326,81593,500000
1327,81593,500000
1328,81593,500000
1329,81593,500000
1330,81593,500000
1331,81593,500000
1332,81593,500000
1333,81593,500000
1334,81593,500000
1335,81593,500000
1336,81593,500000
1337,81593,500000
1338,81593,500000
1339,81593,500000
1340,81593,500000
1341,81593,500000
1342,81593,500000
1343,81593,500000
1344,81593,500000
1345,81593,500000
1346,81593,500000
1347,81593,500000
1348,81593,500000
1349,81593,500000
1350,81593,500000
1351,81593,500000
1352,81593,500000
1353,81593,500000
1354,81593,500000
1355,81593,500000
1356,81593,500000
1357,81593,500000
1358,81593,500000
1359,81593,500000
1360,81593,500000
1361,81593,500000
1362,81593,500000
1363,81593,500000
1364,81593,500000
1365,81593,500000
1366,81593,500000
1367,81593,500000
1368,81593,500000
1369,81593,500000
1370,81593,500000
1371,81593,500000
1372,81593,500000
1373,81593,500000
1374,81593,500000
1375,81593,500000
1376,81593,500000
1377,81593,500000
1378,81593,500000
1379,81593,500000
1380,81593,500000
1381,81593,500000
1382,81593,500000
1383,81593,500000
1384,81593,500000
1385,81593,500000
1386,81593,500000
1387,81593,500000
1388,81593,500000
1389,81593,500000
1390,81593,500000
1391,81593,500000
1392,81593,500000
1393,81593,500000
1394,81593,500000
1395,81593,500000
1396,81593,500000
1397,81593,500000
1398,81593,500000
1399,81593,500000
1400,81593,500000
1401,81593,500000
1402,81593,500000
1403,81593,500000
1404,81593,500000
1405,81593,500000
1406,81593,500000
1407,81593,500000
1408,81593,500000
1409,81593,500000
1410,81593,500000
1411,81593,500000
1412,81593,500000
1413,81593,500000
1414,81593,500000
1415,81593,500000
1416,81593,500000
1417,81593,500000
1418,81593,500000
1419,81593,500000
1420,81593,500000
1421,81593,500000
1422,81593,500000
1423,81593,500000
1424,81593,500000
1425,81593,500000
1426,81593,500000
1427,81593,500000
1428,81593,500000
1429,81593,500000
1430,81593,500000
1431,81593,500000
1432,81593,500000
1433,81593,500000
1434,81593,500000
1435,81593,500000
1436,81593,500000
1437,81593,500000
1438,81593,500000
1439,81593,500000
1440,81593,500000
1441,81593,500000
1442,81593,500000
1443,81593,500000
1444,81593,500000
1445,81593,500000
1446,81593,500000
1447,87320046,8510
1448,81593,500000
1449,81593,500000
1450,81593,500000
1451,81593,500000
1452,81593,500000
1453,81593,500000
1454,81593,500000
1455,81593,500000
1456,81593,500000
1457,81593,500000
1458,81593,500000
1459,81593,500000
1460,81593,500000
1461,81593,500000
1462,81593,500000
1463,81593,500000
1464,81593,500000
1465,81593,500000
1466,81593,500000
1467,81593,500000
1468,81593,500000
1469,81593,500000
1470,81593,500000
1471,81593,500000
1472,81593,500000
1473,81593,500000
1474,81593,500000
1475,81593,500000
1476,81593,500000
1477,81593,500000
1478,81593,500000
1479,81593,500000
1480,81593,500000
1481,81593,500000
1482,81593,500000
1483,87320046,9200
1484,81593,500000
1485,81593,500000
1486,81593,500000
1487,81593,500000
1488,81593,500000
1489,81593,500000
1490,81593,500000
1491,81593,500000
1492,81593,500000
1493,81593,500000
1494,87320046,17020
1495,81593,500000
1496,81593,500000
1497,81593,500000
1498,81593,500000
1499,81593,500000
1500,81593,500000
1501,81593,500000
1502,81593,500000
1503,81593,500000
1504,81593,500000
1505,81593,500000
1506,81593,500000
1507,81593,500000
1508,81593,500000
1509,81593,500000
1510,81593,500000
1511,81593,500000
1512,81593,500000
1513,81593,500000
1514,81593,500000
1515,81593,500000
1516,81593,500000
1517,81593,500000
1518,81593,500000
1519,81593,500000
1520,81593,500000
1521,81593,500000
1522,81593,500000
1523,81593,500000
1524,81593,500000
1525,81593,500000
1526,81593,500000
1527,81593,500000
1528,87320046,8050
1529,81593,500000
1530,81593,500000
1531,81593,500000
1532,81593,500000
1533,81593,500000
1534,81593,500000
1535,81593,500000
1536,81593,500000
1537,81593,500000
1538,81593,500000
1539,81593,500000
1540,81593,500000
1541,81593,500000
1542,87320046,13800
1543,81593,500000
1544,81593,500000
1545,81593,500000
1546,81593,500000
1547,81593,500000
1548,81593,500000
1549,81593,500000
1550,81593,500000
1551,81593,500000
1552,81593,500000
1553,81593,500000
1554,81593,500000
1555,81593,500000
1556,81593,500000
1557,81593,500000
1558,81593,500000
1559,81593,500000
1560,81593,500000
1561,81593,500000
1562,81593,500000
1563,81593,500000
1564,81593,500000
1565,81593,500000
1566,81593,500000
1567,81593,500000
1568,81593,500000
1569,81593,500000
1570,81593,500000
1571,81593,500000
1572,81593,500000
1573,81593,500000
1574,81593,500000
1575,81593,500000
1576,81593,500000
1577,81593,500000
1578,81593,500000
1579,81593,500000
1580,81593,500000
1581,81593,500000
1582,81593,500000
1583,81593,500000
1584,81593,500000
1585,81593,500000
1586,81593,500000
1587,81593,500000
1588,81593,500000
1589,81593,500000
1590,81593,500000
1591,81593,500000
1592,81593,500000
1593,81593,500000
1594,81593,500000
1595,81593,500000
1596,81593,500000
1597,81593,500000
1598,81593,500000
1599,81593,500000
1600,81593,500000
1601,81593,500000
1602,81593,500000
1603,81593,500000
1604,81593,500000
1605,81593,500000
1606,81593,500000
1607,81593,500000
1608,81593,500000
1609,81593,500000
1610,81593,500000
1611,81593,500000
1612,81593,500000
1613,81593,500000
1614,81593,500000
1615,81593,500000
1616,81593,500000
1617,81593,500000
1618,81593,500000
1619,81593,500000
1620,81593,500000
1621,81593,500000
1622,81593,500000
1623,81593,500000
1624,81593,500000
1625,81593,500000
1626,81593,500000
1627,81593,500000
1628,81593,500000
1629,81593,500000
1630,81593,500000
1631,81593,500000
1632,81593,500000
1633,81593,500000
1634,81593,500000
1635,81593,500000
1636,81593,500000
1637,81593,500000
1638,87320046,11380
1639,87320046,5750
1640,81593,500000
1641,81593,500000
1642,81593,500000
1643,81593,500000
1644,81593,500000
1645,81593,500000
1646,81593,500000
1647,81593,500000
1648,81593,500000
1649,81593,500000
1650,81593,500000
1651,81593,500000
1652,81593,500000
1653,81593,500000
1654,81593,500000
1655,81593,500000
1656,81593,500000
1657,81593,500000
1658,81593,500000
1659,81593,500000
1660,81593,500000
1661,81593,500000
1662,81593,500000
1663,81593,500000
1664,81593,500000
1665,81593,500000
1666,81593,500000
1667,81593,500000
1668,81593,500000
1669,81593,500000
1670,81593,500000
1671,81593,500000
1672,81593,500000
1673,81593,500000
1674,81593,500000
1675,81593,500000
1676,81593,500000
1677,81593,500000
1678,81593,500000
1679,81593,500000
1680,81593,500000
1681,81593,500000
1682,81593,500000
1683,81593,500000
1684,81593,500000
1685,81593,500000
1686,81593,500000
1687,81593,500000
1688,81593,500000
1689,81593,500000
1690,81593,500000
1691,81593,500000
1692,81593,500000
1693,81593,500000
1694,81593,500000
1695,81593,500000
1696,81593,500000
1697,81593,500000
1698,81593,500000
1699,81593,500000
1700,81593,500000
1701,81593,500000
1702,81593,500000
1703,81593,500000
1704,81593,500000
1705,81593,500000
1706,81593,500000
1707,81593,500000
1708,81593,500000
1709,81593,500000
1710,81593,500000
1711,81593,500000
1712,81593,500000
1713,81593,500000
1714,81593,500000
1715,81593,500000
1716,81593,500000
1717,81593,500000
1718,81593,500000
1719,81593,500000
1720,81593,500000
1721,81593,500000
1722,81593,500000
1723,81593,500000
1724,81593,500000
1725,81593,500000
1726,81593,500000
1727,81593,500000
1728,81593,500000
1729,81593,500000
1730,81593,500000
1731,81593,500000
1732,81593,500000
1733,81593,500000
1734,81593,500000
1735,81593,500000
1736,81593,500000
1737,81593,500000
1738,81593,500000
1739,81593,500000
1740,81593,500000
1741,81593,500000
1742,81593,500000
1743,81593,500000
1744,81593,500000
1745,81593,500000
1746,81593,500000
1747,81593,500000
1748,81593,500000
1749,81593,500000
1750,81593,500000
1751,81593,500000
1752,81593,500000
1753,81593,500000
1754,81593,500000
1755,81593,500000
1756,81593,500000
1757,81593,500000
1758,81593,500000
1759,81593,500000
1760,81593,500000
1761,81593,500000
1762,81593,500000
1763,81593,500000
1764,81593,500000
1765,81593,500000
1766,81593,500000
1767,81593,500000
1768,81593,500000
1769,81593,500000
1770,81593,500000
1771,81593,500000
1772,81593,500000
1773,81593,500000
1774,81593,500000
1775,87320046,6100
1776,81593,500000
1777,81593,500000
1778,81593,500000
1779,81593,500000
1780,81593,500000
1781,81593,500000
1782,81593,500000
1783,81593,500000
1784,81593,500000
1785,81593,500000
1786,81593,500000
1787,81593,500000
1788,81593,500000
1789,81593,500000
1790,81593,500000
1791,81593,500000
1792,81593,500000
1793,81593,500000
1794,81593,500000
1795,81593,500000
1796,81593,500000
1797,81593,500000
1798,81593,500000
1799,81593,500000
1800,81593,500000
1801,81593,500000
1802,81593,500000
1803,81593,500000
1804,81593,500000
1805,81593,500000
1806,81593,500000
1807,81593,500000
1808,81593,500000
1809,81593,500000
1810,81593,500000
1811,81593,500000
1812,81593,500000
1813,81593,500000
1814,81593,500000
1815,81593,500000
1816,81593,500000
1817,81593,500000
1818,81593,500000
1819,81593,500000
1820,81593,500000
1821,81593,500000
1822,81593,500000
1823,81593,500000
1824,81593,500000
1825,81593,500000
1826,81593,500000
1827,81593,500000
1828,87320046,18520
1829,81593,500000
1830,81593,500000
1831,81593,500000
1832,81593,500000
1833,81593,500000
1834,81593,500000
1835,81593,500000
1836,81593,500000
1837,81593,500000
1838,81593,500000
1839,81593,500000
1840,81593,500000
1841,81593,500000
1842,81593,500000
1843,81593,500000
1844,81593,500000
1845,81593,500000
1846,81593,500000
1847,81593,500000
1848,81593,500000
1849,81593,500000
1850,81593,500000
1851,81593,500000
1852,81593,500000
1853,81593,500000
1854,81593,500000
1855,81593,500000
1856,81593,500000
1857,81593,500000
1858,81593,500000
1859,81593,500000
1860,81593,500000
1861,81593,500000
1862,81593,500000
1863,81593,500000
1864,81593,500000
1865,81593,500000
1866,81593,500000
1867,81593,500000
1868,81593,500000
1869,81593,500000
1870,81593,500000
1871,81593,500000
1872,81593,500000
1873,81593,500000
1874,81593,500000
1875,81593,500000
1876,81593,500000
1877,81593,500000
1878,81593,500000
1879,81593,500000
1880,81593,500000
1881,81593,500000
1882,81593,500000
1883,81593,500000
1884,81593,500000
1885,81593,500000
1886,81593,500000
1887,81593,500000
1888,81593,500000
1889,81593,500000
1890,81593,500000
1891,81593,500000
1892,81593,500000
1893,81593,500000
1894,81593,500000
1895,81593,500000
1896,81593,500000
1897,81593,500000
1898,81593,500000
1899,81593,500000
1900,81593,500000
1901,81593,500000
1902,81593,500000
1903,81593,500000
1904,81593,500000
1905,81593,500000
1906,81593,500000
1907,81593,500000
1908,81593,500000
1909,81593,500000
1910,81593,500000
1911,81593,500000
1912,81593,500000
1913,81593,500000
1914,81593,500000
1915,81593,500000
1916,81593,500000
1917,81593,500000
1918,81593,500000
1919,81593,500000
1920,81593,500000
1921,81593,500000
1922,81593,500000
1923,81593,500000
1924,81593,500000
1925,81593,500000
1926,81593,500000
1927,81593,500000
1928,81593,500000
1929,81593,500000
1930,81593,500000
1931,81593,500000
1932,81593,500000
1933,81593,500000
1934,81593,500000
1935,81593,500000
1936,81593,500000
1937,81593,500000
1938,81593,500000
1939,81593,500000
1940,81593,500000
1941,81593,500000
1942,81593,500000
1943,81593,500000
1944,81593,500000
1945,81593,500000
1946,81593,500000
1947,81593,500000
1948,81593,500000
1949,81593,500000
1950,81593,500000
1951,81593,500000
1952,81593,500000
1953,81593,500000
1954,81593,500000
1955,81593,500000
1956,81593,500000
1957,81593,500000
1958,81593,500000
1959,81593,500000
1960,81593,500000
1961,81593,500000
1962,81593,500000
1963,81593,500000
1964,81593,500000
1965,81593,500000
1966,81593,500000
1967,81593,500000
1968,81593,500000
1969,81593,500000
1970,81593,500000
1971,81593,500000
1972,81593,500000
1973,81593,500000
1974,81593,500000
1975,81593,500000
1976,81593,500000
1977,81593,500000
1978,81593,500000
1979,81593,500000
1980,81593,500000
1981,81593,500000
1982,81593,500000
1983,81593,500000
1984,81593,500000
1985,81593,500000
1986,81593,500000
1987,81593,500000
1988,81593,500000
1989,81593,500000
1990,81593,500000
1991,81593,500000
1992,81593,500000
1993,81593,500000
1994,81593,500000
1995,81593,500000
1996,81593,500000
1997,81593,500000
1998,81593,500000
1999,81593,500000
2000,81593,500000
2001,81593,500000
2002,81593,500000
2003,81593,500000
2004,81593,500000
2005,81593,500000
2006,81593,500000
2007,81593,500000
2008,81593,500000
2009,81593,500000
2010,81593,500000
2011,81593,500000
2012,81593,500000
2013,81593,500000
2014,81593,500000
2015,81593,500000
2016,81593,500000
2017,81593,500000
2018,81593,500000
2019,81593,500000
2020,81593,500000
2021,81593,500000
2022,81593,500000
2023,81593,500000
2024,81593,500000
2025,81593,500000
2026,81593,500000
2027,81593,500000
2028,81593,500000
2029,81593,500000
2030,81593,500000
2031,81593,500000
2032,81593,500000
2033,81593,500000
2034,81593,500000
2035,81593,500000
2036,81593,500000
2037,81593,500000
2038,81593,500000
2039,81593,500000
2040,81593,500000
2041,81593,500000
2042,81593,500000
2043,81593,500000
2044,81593,500000
2045,81593,500000
2046,81593,500000
2047,81593,500000
2048,81593,500000
2049,81593,500000
2050,81593,500000
2051,81593,500000
2052,81593,500000
2053,81593,500000
2054,81593,500000
2055,81593,500000
2056,81593,500000
2057,81593,500000
2058,81593,500000
2059,81593,500000
2060,81593,500000
2061,81593,500000
2062,81593,500000
2063,81593,500000
2064,81593,500000
2065,81593,500000
2066,81593,500000
2067,81593,500000
2068,81593,500000
2069,81593,500000
2070,81593,500000
2071,81593,500000
2072,81593,500000
2073,81593,500000
2074,81593,500000
2075,81593,500000
2076,81593,500000
2077,81593,500000
2078,81593,500000
2079,81593,500000
2080,81593,500000
2081,81593,500000
2082,81593,500000
2083,81593,500000
2084,81593,500000
2085,81593,500000
2086,87320046,8970
2087,81593,500000
2088,81593,500000
2089,81593,500000
2090,81593,500000
2091,81593,500000
2092,81593,500000
2093,81593,500000
2094,81593,500000
2095,81593,500000
2096,81593,500000
2097,81593,500000
2098,81593,500000
2099,81593,500000
2100,81593,500000
2101,81593,500000
2102,81593,500000
2103,81593,500000
2104,81593,500000
2105,81593,500000
2106,81593,500000
2107,81593,500000
2108,81593,500000
2109,81593,500000
2110,81593,500000
2111,81593,500000
2112,81593,500000
2113,81593,500000
2114,81593,500000
2115,81593,500000
2116,81593,500000
2117,81593,500000
2118,81593,500000
2119,81593,500000
2120,81593,500000
2121,81593,500000
2122,81593,500000
2123,81593,500000
2124,81593,500000
2125,81593,500000
2126,81593,500000
2127,81593,500000
2128,81593,500000
2129,81593,500000
2130,81593,500000
2131,87320046,23810
2132,81593,500000
2133,81593,500000
2134,81593,500000
2135,81593,500000
2136,81593,500000
2137,81593,500000
2138,81593,500000
2139,81593,500000
2140,81593,500000
2141,81593,500000
2142,81593,500000
2143,81593,500000
2144,81593,500000
2145,81593,500000
2146,81593,500000
2147,81593,500000
2148,81593,500000
2149,81593,500000
2150,81593,500000
2151,87320046,6550
2152,81593,500000
2153,81593,500000
2154,81593,500000
2155,81593,500000
2156,81593,500000
2157,81593,500000
2158,81593,500000
2159,81593,500000
2160,81593,500000
2161,87320046,30150
2162,87320046,12190
2163,87320046,6220
2164,81593,500000
2165,87320046,18170
2166,87320046,13340
2167,87320046,5750
2168,81593,500000
2169,87320046,7930
2170,87320046,29900
2171,87320046,4600
2172,87320046,8050
2173,87320046,23690
2174,87320046,8050
2175,87320046,12880
2176,81593,500000
2177,87320046,5400
2178,87320046,7020
2179,87320046,4490
2180,87320046,3110
2181,81593,500000
2182,87320046,5180
2183,87320046,9320
2184,81593,500000
2185,87320046,15410
2186,87320046,12650
2187,81593,500000
2188,81593,500000
2189,87320046,7820
2190,87320046,5180
2191,87320046,10350
2192,87320046,6440
2193,87320046,8170
2194,81593,500000
2195,87320046,5750
2196,87320046,8740
2197,87320046,6440
2198,81593,500000
2199,81593,500000
2200,87320046,7360
2201,87320046,6210
2202,87320046,6210
2203,81593,500000
2204,87320046,9430
2205,81593,500000
2206,87320046,8970
2207,87320046,11160
2208,87320046,10580
2209,87320046,6550
2210,87320046,5400
2211,87320046,19670
2212,87320046,7130
2213,87320046,3800
2214,87320046,4030
2215,87320046,8850
2216,87320046,7590
2217,87320046,32670
2218,87320046,6440
2219,87320046,6330
2220,87320046,7020
2221,87320046,5180
2222,81593,500000
2223,87320046,4600
2224,87320046,5520
2225,87320046,9430
2226,87320046,14720
2227,87320046,5180
2228,81593,500000
2229,81593,500000
2230,87320046,9660
2231,87320046,6670
2232,87320046,5750
2233,81593,500000
2234,87320046,2790
2235,87320046,8050
2236,87320046,7590
2237,81593,500000
2238,81593,500000
2239,87320046,6910
2240,81593,500000
2241,87320046,11730
2242,87320046,6210
2243,81593,500000
2244,81593,500000
2245,81593,500000
2246,87320046,6330
2247,87320046,6210
2248,87320046,6440
2249,81593,500000
2250,87320046,5520
2251,87320046,7590
2252,87320046,10580
2253,87320046,10230
2254,87320046,5640
2255,87320046,4250
2256,81593,500000
2257,87320046,7820
2258,87320046,14520
2259,87320046,12420
2260,81593,500000
2261,87320046,11730
2262,87320046,7700
2263,81593,500000
2264,87320046,7480
2265,87320046,4030
2266,81593,500000
2267,87320046,12530
2268,87320046,16220
2269,87320046,5520
2270,81593,500000
2271,87320046,10120
2272,87320046,15290
2273,81593,500000
2274,87320046,6100
2275,87320046,5750
2276,81593,500000
2277,87320046,9660
2278,81593,500000
2279,87320046,14490
2280,87320046,18280
2281,81593,500000
2282,81593,500000
2283,87320046,14490
2284,87320046,9200
2285,87320046,5640
2286,87320046,6670
2287,87320046,33460
2288,87320046,6210
2289,87320046,36910
2290,87320046,18980
2291,87320046,4950
2292,87320046,7590
2293,87320046,4710
2294,87320046,8400
2295,81593,500000
2296,87320046,13570
2297,81593,500000
2298,87320046,12310
2299,81593,500000
2300,87320046,10950
2301,87320046,6780
2302,87320046,4710
2303,87320046,6100
2304,87320046,5760
2305,87320046,5640
2306,81593,500000
2307,87320046,7930
2308,81593,500000
2309,81593,500000
2310,87320046,5640
2311,87320046,7820
2312,87320046,5530
2313,81593,500000
2314,81593,500000
2315,87320046,26110
2316,87320046,5980
2317,87320046,18520
2318,87320046,11730
2319,81593,500000
2320,81593,500000
2321,81593,500000
2322,87320046,5980
2323,81593,500000
2324,87320046,5400
2325,87320046,15070
2326,87320046,6330
2327,81593,500000
2328,87320046,5290
2329,87320046,8510
2330,87320046,7480
2331,87320046,5400
2332,81593,500000
2333,87320046,6670
2334,87320046,5180
2335,87320046,8400
2336,87320046,66700
2337,87320046,13920
2338,87320046,35190
2339,81593,500000
2340,87320046,4140
2341,87320046,6100
2342,87320046,4710
2343,81593,500000
2344,87320046,5290
2345,87320046,32780
2346,87320046,3560
2347,87320046,10350
2348,81593,500000
2349,87320046,7480
2350,81593,500000
2351,87320046,8170
2352,87320046,5060
2353,87320046,6780
2354,87320046,9550
2355,87320046,11500
2356,81593,500000
2357,87320046,11960
2358,81593,500000
2359,87320046,4830
2360,81593,500000
2361,87320046,7820
2362,87320046,5870
2363,81593,500000
2364,87320046,6900
2365,87320046,12990
2366,87320046,7590
2367,87320046,6440
2368,81593,500000
2369,81593,500000
2370,87320046,8050
2371,87320046,17830
2372,81593,500000
2373,81593,500000
2374,81593,500000
2375,81593,500000
2376,87320046,8280
2377,87320046,5520
2378,81593,500000
2379,81593,500000
2380,87320046,14260
2381,87320046,6440
2382,87320046,7360
2383,87320046,6670
2384,87320046,7360
2385,87320046,6100
2386,87320046,8630
2387,81593,500000
2388,87320046,8400
2389,87320046,9080
2390,87320046,9320
2391,87320046,13630
2392,81593,500000
2393,87320046,6780
2394,87320046,7130
2395,87320046,14610
2396,87320046,3910
2397,81593,500000
2398,87320046,7020
2399,87320046,7820
2400,87320046,9430
2401,87320046,7930
2402,87320046,16560
2403,81593,500000
2404,87320046,5640
2405,87320046,11620
2406,81593,500000
2407,87320046,7140
2408,87320046,4830
2409,87320046,3910
2410,87320046,5980
2411,87320046,24380
2412,87320046,8170
2413,81593,500000
2414,81593,500000
2415,87320046,5870
2416,81593,500000
2417,87320046,11380
2418,87320046,5400
2419,81593,500000
2420,87320046,5520
2421,81593,500000
2422,87320046,1730
2423,81593,500000
2424,87320046,5060
2425,87320046,10240
2426,81593,500000
2427,87320046,7130
2428,87320046,20700
2429,87320046,10240
2430,87320046,97980
2431,87320046,4710
2432,87320046,5070
2433,81593,500000
2434,87320046,17590
2435,87320046,26450
2436,87320046,10470
2437,87320046,5520
2438,81593,500000
2439,87320046,10580
2440,87320046,2650
2441,87320046,23920
2442,81593,500000
2443,81593,500000
2444,87320046,4600
2445,87320046,8630
2446,87320046,9080
2447,87320046,16460
2448,87320046,4140
2449,87320046,4830
2450,87320046,13570
2451,87320046,24610
2452,87320046,5060
2453,87320046,12530
2454,87320046,5980
2455,81593,500000
2456,87320046,9780
2457,87320046,7710
2458,87320046,6210
2459,87320046,5870
2460,87320046,9890
2461,87320046,16100
2462,87320046,9320
2463,87320046,6210
2464,87320046,6100
2465,87320046,6670
2466,87320046,17020
2467,87320046,7510
2468,87320046,5400
2469,81593,500000
2470,81593,500000
2471,81593,500000
2472,87320046,7700
2473,87320046,5750
2474,81593,500000
2475,81593,500000
2476,87320046,6670
2477,87320046,8740
2478,81593,500000
2479,87320046,5750
2480,87320046,41510
2481,81593,500000
2482,87320046,4950
2483,87320046,6550
2484,87320046,8400
2485,87320046,8510
2486,87320046,4830
2487,81593,500000
2488,87320046,7250
2489,87320046,4250
2490,87320046,4250
2491,87320046,4830
2492,87320046,28980
2493,87320046,12310
2494,81593,500000
2495,87320046,10230
2496,81593,500000
2497,87320046,7360
2498,81593,500000
2499,87320046,7250
2500,81593,500000
2501,81593,500000
2502,87320046,8280
2503,87320046,17710
2504,87320046,14030
2505,87320046,7590
2506,81593,500000
2507,87320046,8280
2508,87320046,6330
2509,81593,500000
2510,87320046,10230
2511,87320046,6550
2512,87320046,4490
2513,87320046,28640
2514,81593,500000
2515,87320046,6100
2516,87320046,6670
2517,87320046,9320
2518,87320046,6330
2519,87320046,4140
2520,81593,500000
2521,87320046,9080
2522,87320046,6210
2523,87320046,9780
2524,81593,500000
2525,87320046,20590
2526,87320046,35540
2527,81593,500000
2528,81593,500000
2529,87320046,4600
2530,81593,500000
2531,87320046,5750
2532,87320046,7950
2533,81593,500000
2534,87320046,14830
2535,81593,500000
2536,81593,500000
2537,81593,500000
2538,81593,500000
2539,87320046,5060
2540,87320046,14140
2541,87320046,6670
2542,81593,500000
2543,87320046,6780
2544,87320046,18170
2545,87320046,14140
2546,87320046,6450
2547,81593,500000
2548,81593,500000
2549,81593,500000
2550,87320046,16220
2551,81593,500000
2552,87320046,4960
2553,87320046,10470
2554,81593,500000
2555,87320046,5750
2556,87320046,8420
2557,87320046,11160
2558,87320046,10470
2559,87320046,5060
2560,81593,500000
2561,87320046,9550
2562,87320046,9550
2563,87320046,7700
2564,87320046,6550
2565,81593,500000
2566,81593,500000
2567,87320046,7590
2568,81593,500000
2569,87320046,6440
2570,87320046,3690
2571,81593,500000
2572,81593,500000
2573,87320046,10810
2574,87320046,7930
2575,87320046,9430
2576,87320046,4600
2577,87320046,18630
2578,87320046,5870
2579,81593,500000
2580,81593,500000
2581,87320046,14830
2582,87320046,3800
2583,87320046,4710
2584,87320046,5520
2585,81593,500000
2586,87320046,6550
2587,87320046,9320
2588,87320046,5400
2589,87320046,10480
2590,87320046,8510
2591,87320046,9660
2592,81593,500000
2593,87320046,7600
2594,87320046,4830
2595,87320046,35420
2596,81593,500000
2597,81593,500000
2598,87320046,5640
2599,87320046,3220
2600,81593,500000
2601,87320046,7590
2602,87320046,5180
2603,87320046,5870
2604,81593,500000
2605,81593,500000
2606,87320046,4140
2607,87320046,17830
2608,87320046,10000
2609,87320046,7930
2610,87320046,12990
2611,87320046,4710
2612,81593,500000
2613,81593,500000
2614,87320046,4600
2615,87320046,12650
2616,87320046,5980
2617,81593,500000
2618,87320046,7130
2619,87320046,10580
2620,87320046,6210
2621,87320046,4140
2622,81593,500000
2623,87320046,5400
2624,87320046,4030
2625,87320046,5640
2626,87320046,9430
2627,87320046,17590
2628,81593,500000
2629,87320046,4650
2630,87320046,8400
2631,81593,500000
2632,87320046,8970
2633,81593,500000
2634,87320046,6100
2635,87320046,6330
2636,87320046,6210
2637,87320046,3680
2638,81593,500000
2639,87320046,13920
2640,87320046,10350
2641,87320046,4830
2642,87320046,5180
2643,87320046,6900
2644,81593,500000
2645,81593,500000
2646,87320046,6210
2647,87320046,7250
2648,87320046,9200
2649,81593,500000
2650,81593,500000
2651,81593,500000
2652,87320046,14490
2653,87320046,10120
2654,87320046,13920
2655,81593,500000
2656,87320046,15980
2657,81593,500000
2658,81593,500000
2659,81593,500000
2660,87320046,5640
2661,81593,500000
2662,81593,500000
2663,87320046,6440
2664,81593,500000
2665,87320046,4490
2666,81593,500000
2667,87320046,4950
2668,87320046,5290
2669,87320046,15640
2670,87320046,4710
2671,87320046,3220
2672,81593,500000
2673,87320046,12530
2674,87320046,43810
2675,81593,500000
2676,81593,500000
2677,87320046,7250
2678,81593,500000
2679,81593,500000
2680,87320046,53820
2681,87320046,5980
2682,87320046,18740
2683,81593,500000
2684,81593,500000
2685,81593,500000
2686,81593,500000
2687,87320046,6100
2688,87320046,4600
2689,87320046,2990
2690,87320046,9320
2691,81593,500000
2692,87320046,4280
2693,87320046,27370
2694,81593,500000
2695,87320046,3800
2696,87320046,7020
2697,87320046,4830
2698,87320046,6440
2699,87320046,4830
2700,87320046,5640
2701,87320046,36570
2702,87320046,11500
2703,87320046,4600
2704,81593,500000
2705,87320046,6780
2706,87320046,15870
2707,81593,500000
2708,87320046,10580
2709,87320046,5180
2710,87320046,12420
2711,87320046,8400
2712,81593,500000
2713,87320046,4490
2714,87320046,16790
2715,87320046,10470
2716,87320046,6440
2717,87320046,4490
2718,87320046,6900
2719,87320046,5060
2720,87320046,10470
2721,81593,500000
2722,81593,500000
2723,81593,500000
2724,81593,500000
2725,87320046,4830
2726,87320046,5640
2727,81593,500000
2728,87320046,5760
2729,81593,500000
2730,87320046,11270
2731,81593,500000
2732,81593,500000
2733,87320046,18400
2734,87320046,21630
2735,81593,500000
2736,87320046,12660
2737,87320046,5750
2738,87320046,11730
2739,87320046,13230
2740,87320046,6670
2741,81593,500000
2742,87320046,5980
2743,87320046,52790
2744,87320046,5060
2745,81593,500000
2746,87320046,6550
2747,87320046,8050
2748,81593,500000
2749,81593,500000
2750,81593,500000
2751,87320046,4830
2752,87320046,5870
2753,87320046,6900
2754,87320046,6780
2755,81593,500000
2756,81593,500000
2757,87320046,6780
2758,87320046,5870
2759,87320046,3680
2760,87320046,7250
2761,87320046,4950
2762,87320046,10580
2763,87320046,14720
2764,81593,500000
2765,87320046,12530
2766,87320046,6330
2767,87320046,8280
2768,81593,500000
2769,87320046,3910
2770,87320046,5060
2771,87320046,7360
2772,87320046,12080
2773,87320046,7930
2774,81593,500000
2775,81593,500000
2776,87320046,9780
2777,87320046,5640
2778,81593,500000
2779,87320046,4950
2780,87320046,3580
2781,87320046,5750
2782,87320046,4250
2783,81593,500000
2784,87320046,5290
2785,87320046,8280
2786,87320046,7930
2787,87320046,13680
2788,81593,500000
2789,87320046,5520
2790,87320046,7020
2791,87320046,4600
2792,81593,500000
2793,87320046,7700
2794,87320046,5520
2795,87320046,3680
2796,81593,500000
2797,87320046,3910
2798,87320046,5870
2799,81593,500000
2800,87320046,4950
2801,87320046,8630
2802,87320046,9080
2803,87320046,11040
2804,81593,500000
2805,87320046,6900
2806,81593,500000
2807,81593,500000
2808,87320046,14380
2809,87320046,13230
2810,87320046,8170
2811,87320046,14490
2812,87320046,19890
2813,81593,500000
2814,87320046,2990
2815,87320046,6210
2816,81593,500000
2817,87320046,4950
2818,87320046,7130
2819,87320046,11520
2820,87320046,13680
2821,81593,500000
2822,81593,500000
2823,87320046,7480
2824,87320046,6550
2825,87320046,4600
2826,87320046,7820
2827,81593,500000
2828,87320046,4950
2829,81593,500000
2830,81593,500000
2831,87320046,5060
2832,87320046,6210
2833,87320046,9080
2834,87320046,5870
2835,81593,500000
2836,87320046,12320
2837,87320046,42230
2838,81593,500000
2839,87320046,7590
2840,87320046,7020
2841,87320046,6670
2842,87320046,17710
2843,87320046,5520
2844,87320046,5640
2845,81593,500000
2846,87320046,8400
2847,87320046,7250
2848,87320046,2760
2849,87320046,4950
2850,87320046,6330
2851,87320046,12310
2852,87320046,8400
2853,87320046,6900
2854,87320046,6670
2855,87320046,7360
2856,81593,500000
2857,87320046,2990
2858,81593,500000
2859,87320046,9430
2860,81593,500000
2861,87320046,6550
2862,87320046,7930
2863,81593,500000
2864,87320046,6690
2865,87320046,39680
2866,87320046,5980
2867,87320046,31510
2868,81593,500000
2869,87320046,12420
2870,81593,500000
2871,87320046,19670
2872,87320046,5640
2873,87320046,7250
2874,81593,500000
2875,87320046,5060
2876,81593,500000
2877,87320046,7130
2878,87320046,9660
2879,87320046,6330
2880,81593,500000
2881,81593,500000
2882,87320046,14950
2883,87320046,3800
2884,81593,500000
2885,81593,500000
2886,81593,500000
2887,87320046,9320
2888,87320046,7130
2889,87320046,5520
2890,81593,500000
2891,87320046,8970
2892,87320046,7930
2893,87320046,4140
2894,87320046,5870
2895,87320046,7250
2896,87320046,9320
2897,87320046,6440
2898,81593,500000
2899,87320046,4370
2900,81593,500000
2901,87320046,6900
2902,87320046,6670
2903,81593,500000
2904,87320046,5980
2905,87320046,10350
2906,87320046,17830
2907,87320046,7930
2908,81593,500000
2909,87320046,6780
2910,87320046,8510
2911,87320046,4610
2912,81593,500000
2913,87320046,5640
2914,81593,500000
2915,81593,500000
2916,87320046,41510
2917,87320046,10120
2918,87320046,4950
2919,87320046,5400
2920,81593,500000
2921,87320046,9200
2922,81593,500000
2923,87320046,4490
2924,81593,500000
2925,87320046,6900
2926,87320046,10930
2927,81593,500000
2928,81593,500000
2929,87320046,8630
2930,81593,500000
2931,87320046,4600
2932,81593,500000
2933,87320046,7930
2934,81593,500000
2935,87320046,4250
2936,87320046,7700
2937,81593,500000
2938,87320046,34390
2939,87320046,9780
2940,87320046,5640
2941,81593,500000
2942,87320046,12650
2943,81593,500000
2944,87320046,4490
2945,87320046,5060
2946,87320046,9780
2947,87320046,6900
2948,87320046,33120
2949,87320046,10470
2950,87320046,3910
2951,81593,500000
2952,81593,500000
2953,87320046,7250
2954,87320046,15530
2955,87320046,7020
2956,81593,500000
2957,87320046,7130
2958,87320046,5640
2959,87320046,7820
2960,87320046,16790
2961,87320046,11270
2962,81593,500000
2963,87320046,9890
2964,87320046,5290
2965,87320046,8280
2966,81593,500000
2967,87320046,8400
2968,87320046,5290
2969,81593,500000
2970,87320046,9550
2971,87320046,6330
2972,81593,500000
2973,87320046,7700
2974,87320046,5990
2975,87320046,7250
2976,87320046,27030
2977,81593,500000
2978,87320046,8630
2979,87320046,8630
2980,87320046,8280
2981,87320046,7700
2982,87320046,22540
2983,87320046,4950
2984,87320046,7950
2985,81593,500000
2986,81593,500000
2987,87320046,4370
2988,87320046,6210
2989,87320046,4830
2990,87320046,6800
2991,87320046,4950
2992,87320046,5520
2993,87320046,5290
2994,81593,500000
2995,81593,500000
2996,81593,500000
2997,87320046,6330
2998,87320046,6780
2999,87320046,15180
3000,87320046,8280
3001,81593,500000
3002,87320046,5060
3003,87320046,6120
3004,81593,500000
3005,87320046,6900
3006,87320046,15760
3007,87320046,3340
3008,87320046,7480
3009,87320046,2990
3010,81593,500000
3011,87320046,19210
3012,87320046,9080
3013,87320046,17590
3014,81593,500000
3015,87320046,42090
3016,87320046,7480
3017,87320046,10120
3018,87320046,6210
3019,87320046,4250
3020,87320046,8850
3021,81593,500000
3022,87320046,7250
3023,87320046,6550
3024,87320046,14950
3025,87320046,12530
3026,81593,500000
3027,87320046,5400
3028,87320046,6780
3029,87320046,5410
3030,87320046,17020
3031,87320046,17710
3032,81593,500000
3033,81593,500000
3034,87320046,6440
3035,87320046,5400
3036,81593,500000
3037,87320046,7370
3038,87320046,12190
3039,81593,500000
3040,87320046,4490
3041,81593,500000
3042,87320046,14260
3043,87320046,5310
3044,87320046,7130
3045,87320046,34500
3046,81593,500000
3047,81593,500000
3048,81593,500000
3049,81593,500000
3050,87320046,6100
3051,81593,500000
3052,87320046,5980
3053,87320046,11620
3054,87320046,4490
3055,87320046,8280
3056,87320046,11160
3057,81593,500000
3058,81593,500000
3059,87320046,7590
3060,87320046,6670
3061,87320046,35420
3062,81593,500000
3063,87320046,11270
3064,87320046,5870
3065,87320046,11270
3066,87320046,11850
3067,87320046,35080
3068,87320046,6780
3069,81593,500000
3070,87320046,5640
3071,81593,500000
3072,87320046,3450
3073,87320046,5290
3074,87320046,8630
3075,87320046,7020
3076,87320046,5180
3077,81593,500000
3078,81593,500000
3079,87320046,22430
3080,87320046,6550
3081,87320046,9320
3082,87320046,7480
3083,87320046,17710
3084,81593,500000
3085,87320046,6330
3086,87320046,6550
3087,87320046,6100
3088,81593,500000
3089,87320046,7250
3090,81593,500000
3091,81593,500000
3092,87320046,5980
3093,87320046,7700
3094,87320046,3800
3095,87320046,6440
3096,81593,500000
3097,87320046,12080
3098,81593,500000
3099,87320046,10230
3100,87320046,10000
3101,87320046,6210
3102,81593,500000
3103,87320046,9200
3104,81593,500000
3105,87320046,5980
3106,81593,500000
3107,87320046,9430
3108,87320046,6780
3109,81593,500000
3110,87320046,9660
3111,87320046,7250
3112,81593,500000
3113,87320046,12310
3114,81593,500000
3115,81593,500000
3116,87320046,11960
3117,87320046,36340
3118,87320046,6670
3119,81593,500000
3120,87320046,3800
3121,87320046,6670
3122,81593,500000
3123,87320046,6780
3124,87320046,10580
3125,87320046,6210
3126,81593,500000
3127,87320046,6780
3128,87320046,3340
3129,81593,500000
3130,87320046,8280
3131,87320046,6900
3132,87320046,34050
3133,81593,500000
3134,81593,500000
3135,81593,500000
3136,87320046,4830
3137,87320046,5980
3138,81593,500000
3139,87320046,5750
3140,81593,500000
3141,87320046,6670
3142,87320046,5640
3143,87320046,7480
3144,87320046,9430
3145,81593,500000
3146,81593,500000
3147,87320046,4490
3148,87320046,6330
3149,87320046,7360
3150,87320046,6330
3151,87320046,6100
3152,81593,500000
3153,87320046,5870
3154,87320046,9080
3155,87320046,5180
3156,81593,500000
3157,87320046,5640
3158,87320046,5520
3159,87320046,6900
3160,87320046,4370
3161,87320046,7480
3162,87320046,9200
3163,81593,500000
3164,87320046,6670
3165,87320046,9660
3166,87320046,9430
3167,81593,500000
3168,87320046,18980
3169,87320046,3110
3170,87320046,5640
3171,87320046,7130
3172,87320046,9670
3173,87320046,8740
3174,87320046,7250
3175,87320046,6330
3176,87320046,7590
3177,87320046,5870
3178,81593,500000
3179,81593,500000
3180,81593,500000
3181,87320046,6330
3182,87320046,12880
3183,87320046,5060
3184,81593,500000
3185,81593,500000
3186,87320046,6330
3187,81593,500000
3188,87320046,4830
3189,81593,500000
3190,87320046,9200
3191,87320046,7590
3192,81593,500000
3193,81593,500000
3194,81593,500000
3195,87320046,9430
3196,87320046,7820
3197,87320046,8280
3198,81593,500000
3199,81593,500000
3200,87320046,6900
3201,87320046,7250
3202,87320046,8050
3203,87320046,6210
3204,87320046,32430
3205,87320046,8510
3206,87320046,3680
3207,87320046,6550
3208,87320046,9320
3209,81593,500000
3210,81593,500000
3211,87320046,7820
3212,87320046,6100
3213,87320046,5640
3214,87320046,9440
3215,81593,500000
3216,87320046,5980
3217,87320046,18170
3218,87320046,8510
3219,87320046,7020
3220,81593,500000
3221,87320046,5750
3222,87320046,14260
3223,87320046,4370
3224,87320046,7020
3225,87320046,6900
3226,87320046,7930
3227,81593,500000
3228,81593,500000
3229,87320046,5640
3230,87320046,8190
3231,81593,500000
3232,81593,500000
3233,87320046,5060
3234,81593,500000
3235,81593,500000
3236,87320046,7130
3237,87320046,5180
3238,87320046,5290
3239,87320046,5750
3240,81593,500000
3241,87320046,90050
3242,87320046,6780
3243,87320046,28980
3244,87320046,6670
3245,87320046,8170
3246,87320046,5290
3247,87320046,13460
3248,81593,500000
3249,81593,500000
3250,87320046,11730
3251,81593,500000
3252,81593,500000
3253,87320046,7590
3254,87320046,6670
3255,87320046,7130
3256,87320046,5180
3257,87320046,8850
3258,87320046,6900
3259,81593,500000
3260,81593,500000
3261,87320046,8850
3262,87320046,10230
3263,87320046,5400
3264,87320046,4030
3265,81593,500000
3266,87320046,11850
3267,81593,500000
3268,87320046,7590
3269,87320046,5400
3270,87320046,6550
3271,81593,500000
3272,81593,500000
3273,81593,500000
3274,87320046,6100
3275,87320046,4600
3276,87320046,5870
3277,87320046,6210
3278,87320046,5400
3279,87320046,4370
3280,87320046,5290
3281,87320046,3910
3282,87320046,3450
3283,87320046,8280
3284,87320046,12080
3285,87320046,4250
3286,87320046,9890
3287,81593,500000
3288,87320046,8980
3289,87320046,6780
3290,87320046,5640
3291,87320046,7250
3292,87320046,3800
3293,87320046,7820
3294,81593,500000
3295,87320046,7130
3296,87320046,12310
3297,87320046,10580
3298,87320046,4720
3299,87320046,5640
3300,81593,500000
3301,87320046,5060
3302,87320046,19320
3303,87320046,31860
3304,81593,500000
3305,87320046,7020
3306,87320046,4370
3307,81593,500000
3308,87320046,5760
3309,87320046,5750
3310,87320046,4490
3311,87320046,5870
3312,87320046,4950
3313,87320046,12080
3314,87320046,7360
3315,87320046,6330
3316,81593,500000
3317,87320046,26680
3318,87320046,11380
3319,87320046,3910
3320,87320046,13920
3321,87320046,11270
3322,87320046,4140
3323,87320046,4140
3324,81593,500000
3325,81593,500000
3326,81593,500000
3327,87320046,5400
3328,87320046,10230
3329,87320046,9890
3330,87320046,37030
3331,87320046,7020
3332,87320046,7590
3333,87320046,7590
3334,87320046,5400
3335,87320046,8400
3336,81593,500000
3337,81593,500000
3338,87320046,3560
3339,87320046,8050
3340,87320046,11620
3341,87320046,7480
3342,87320046,9320
3343,81593,500000
3344,81593,500000
3345,87320046,7930
3346,81593,500000
3347,87320046,6100
3348,87320046,10580
3349,87320046,6900
3350,81593,500000
3351,81593,500000
3352,87320046,6670
3353,87320046,9080
3354,87320046,9200
3355,87320046,5410
3356,81593,500000
3357,87320046,7940
3358,87320046,4710
3359,81593,500000
3360,81593,500000
3361,81593,500000
3362,87320046,6670
3363,81593,500000
3364,81593,500000
3365,81593,500000
3366,81593,500000
3367,87320046,24380
3368,87320046,18740
3369,87320046,10930
3370,87320046,8970
3371,81593,500000
3372,87320046,19210
3373,87320046,6100
3374,87320046,6670
3375,81593,500000
3376,87320046,6210
3377,81593,500000
3378,87320046,8050
3379,87320046,7820
3380,87320046,6210
3381,87320046,5750
3382,87320046,24610
3383,87320046,9430
3384,87320046,7250
3385,87320046,7250
3386,87320046,4490
3387,81593,500000
3388,87320046,7930
3389,87320046,5180
3390,87320046,35190
3391,87320046,5640
3392,87320046,1380
3393,81593,500000
3394,81593,500000
3395,87320046,7820
3396,87320046,5060
3397,87320046,5290
3398,87320046,5400
3399,87320046,5520
3400,87320046,9660
3401,87320046,5980
3402,87320046,7700
3403,87320046,9320
3404,81593,500000
3405,87320046,19890
3406,81593,500000
3407,87320046,8400
3408,87320046,13230
3409,81593,500000
3410,87320046,11380
3411,87320046,7130
3412,87320046,4370
3413,87320046,15980
3414,87320046,9430
3415,87320046,12530
3416,87320046,7930
3417,87320046,4830
3418,81593,500000
3419,87320046,7130
3420,81593,500000
3421,87320046,2880
3422,87320046,16440
3423,87320046,8280
3424,87320046,4140
3425,87320046,8970
3426,81593,500000
3427,87320046,7020
3428,81593,500000
3429,87320046,6440
3430,87320046,4250
3431,81593,500000
3432,87320046,5750
3433,87320046,6210
3434,87320046,5870
3435,81593,500000
3436,81593,500000
3437,81593,500000
3438,87320046,5980
3439,87320046,5650
3440,87320046,18060
3441,81593,500000
3442,81593,500000
3443,81593,500000
3444,87320046,11160
3445,87320046,12190
3446,87320046,6780
3447,81593,500000
3448,87320046,8850
3449,81593,500000
3450,87320046,5520
3451,87320046,15660
3452,87320046,10120
3453,81593,500000
3454,87320046,5180
3455,87320046,13110
3456,87320046,34270
3457,87320046,6210
3458,87320046,12530
3459,81593,500000
3460,87320046,4030
3461,87320046,8050
3462,87320046,6210
3463,87320046,7130
3464,81593,500000
3465,81593,500000
3466,87320046,5520
3467,87320046,9790
3468,87320046,5520
3469,87320046,4950
3470,81593,500000
3471,87320046,4370
3472,87320046,3340
3473,81593,500000
3474,87320046,6550
3475,81593,500000
3476,81593,500000
3477,87320046,5400
3478,81593,500000
3479,81593,500000
3480,87320046,7130
3481,87320046,8280
3482,87320046,7930
3483,87320046,9890
3484,87320046,10470
3485,87320046,11620
3486,81593,500000
3487,87320046,11620
3488,87320046,7020
3489,81593,500000
3490,81593,500000
3491,87320046,8280
3492,87320046,9550
3493,87320046,5180
3494,87320046,9320
3495,81593,500000
3496,81593,500000
3497,87320046,6100
3498,87320046,16440
3499,87320046,10120
3500,87320046,7590
3501,87320046,8170
3502,87320046,18060
3503,87320046,15760
3504,87320046,8970
3505,87320046,6670
3506,81593,500000
3507,87320046,5870
3508,87320046,7250
3509,87320046,5060
3510,87320046,6780
3511,81593,500000
3512,87320046,8050
3513,81593,500000
3514,87320046,15640
3515,87320046,7020
3516,87320046,3680
3517,87320046,10350
3518,81593,500000
3519,87320046,6330
3520,87320046,9430
3521,87320046,10350
3522,87320046,9550
3523,87320046,4830
3524,87320046,6680
3525,81593,500000
3526,87320046,10230
3527,87320046,6780
3528,87320046,12190
3529,81593,500000
3530,81593,500000
3531,87320046,4490
3532,81593,500000
3533,87320046,8050
3534,81593,500000
3535,87320046,11500
3536,87320046,7700
3537,87320046,6440
3538,81593,500000
3539,87320046,5290
3540,87320046,6220
3541,87320046,13800
3542,87320046,4490
3543,87320046,4830
3544,87320046,9080
3545,87320046,4490
3546,81593,500000
3547,81593,500000
3548,87320046,5520
3549,87320046,35540
3550,81593,500000
3551,87320046,4710
3552,87320046,10930
3553,81593,500000
3554,81593,500000
3555,87320046,12990
3556,87320046,11380
3557,87320046,4830
3558,87320046,5760
3559,87320046,6670
3560,87320046,23340
3561,87320046,10700
3562,87320046,6100
3563,81593,500000
3564,87320046,31050
3565,81593,500000
3566,87320046,6550
3567,87320046,8510
3568,87320046,6780
3569,81593,500000
3570,87320046,5400
3571,81593,500000
3572,87320046,7140
3573,87320046,5180
3574,81593,500000
3575,81593,500000
3576,87320046,4600
3577,87320046,6330
3578,87320046,5640
3579,81593,500000
3580,81593,500000
3581,87320046,7020
3582,87320046,4830
3583,81593,500000
3584,81593,500000
3585,87320046,7020
3586,87320046,9140
3587,87320046,11730
3588,87320046,8280
3589,87320046,5640
3590,87320046,8630
3591,87320046,19320
3592,87320046,11270
3593,87320046,26680
3594,87320046,3800
3595,87320046,6210
3596,81593,500000
3597,87320046,6440
3598,81593,500000
3599,87320046,6550
3600,81593,500000
3601,87320046,4710
3602,87320046,15330
3603,87320046,5290
3604,87320046,7700
3605,87320046,6900
3606,87320046,10810
3607,87320046,4710
3608,87320046,15980
3609,87320046,5980
3610,87320046,5060
3611,87320046,7250
3612,87320046,3680
3613,81593,500000
3614,87320046,8640
3615,87320046,4830
3616,81593,500000
3617,87320046,10000
3618,81593,500000
3619,87320046,5870
3620,87320046,5400
3621,87320046,12770
3622,87320046,6670
3623,87320046,5760
3624,81593,500000
3625,81593,500000
3626,87320046,4710
3627,87320046,7360
3628,81593,500000
3629,81593,500000
3630,81593,500000
3631,87320046,16100
3632,87320046,3910
3633,87320046,7130
3634,87320046,6210
3635,87320046,7820
3636,81593,500000
3637,81593,500000
3638,87320046,6550
3639,81593,500000
3640,81593,500000
3641,87320046,24610
3642,87320046,9080
3643,87320046,6900
3644,87320046,8050
3645,87320046,6550
3646,87320046,4250
3647,87320046,5640
3648,87320046,5640
3649,81593,500000
3650,87320046,6780
3651,87320046,12090
3652,87320046,13460
3653,87320046,7820
3654,81593,500000
3655,87320046,9430
3656,87320046,5640
3657,87320046,4950
3658,87320046,6100
3659,87320046,4830
3660,81593,500000
3661,87320046,8170
3662,87320046,4490
3663,87320046,12080
3664,87320046,7820
3665,87320046,5980
3666,81593,500000
3667,87320046,11270
3668,87320046,12190
3669,81593,500000
3670,87320046,2760
3671,87320046,8170
3672,87320046,9320
3673,87320046,7820
3674,87320046,26450
3675,87320046,6210
3676,81593,500000
3677,81593,500000
3678,81593,500000
3679,87320046,38290
3680,87320046,9550
3681,81593,500000
3682,81593,500000
3683,87320046,10120
3684,87320046,5870
3685,87320046,8970
3686,87320046,7250
3687,81593,500000
3688,87320046,10000
3689,81593,500000
3690,87320046,5640
3691,87320046,11160
3692,87320046,9660
3693,87320046,5290
3694,87320046,17710
3695,87320046,12530
3696,87320046,18860
3697,87320046,10000
3698,87320046,10230
3699,87320046,4140
3700,87320046,10810
3701,87320046,3340
3702,87320046,7020
3703,87320046,11850
3704,81593,500000
3705,81593,500000
3706,87320046,6330
3707,87320046,4490
3708,87320046,3680
3709,81593,500000
3710,81593,500000
3711,87320046,3910
3712,87320046,4270
3713,87320046,11270
3714,87320046,5060
3715,87320046,8280
3716,81593,500000
3717,87320046,4950
3718,87320046,12310
3719,81593,500000
3720,87320046,8050
3721,87320046,8400
3722,81593,500000
3723,87320046,5980
3724,87320046,5640
3725,81593,500000
3726,87320046,5980
3727,81593,500000
3728,81593,500000
3729,87320046,8050
3730,81593,500000
3731,81593,500000
3732,87320046,6670
3733,87320046,7250
3734,81593,500000
3735,81593,500000
3736,87320046,18280
3737,87320046,12080
3738,87320046,11730
3739,87320046,10580
3740,87320046,11850
3741,87320046,4950
3742,87320046,5980
3743,87320046,4140
3744,87320046,6110
3745,87320046,11040
3746,87320046,7480
3747,81593,500000
3748,87320046,5640
3749,87320046,6900
3750,87320046,10700
3751,87320046,12530
3752,87320046,5060
3753,87320046,5290
3754,87320046,11730
3755,81593,500000
3756,81593,500000
3757,87320046,7480
3758,87320046,9080
3759,87320046,11040
3760,87320046,5520
3761,81593,500000
3762,81593,500000
3763,87320046,5640
3764,87320046,9080
3765,81593,500000
3766,87320046,7360
3767,87320046,6100
3768,81593,500000
3769,81593,500000
3770,81593,500000
3771,87320046,7250
3772,87320046,7020
3773,81593,500000
3774,87320046,15530
3775,87320046,6440
3776,87320046,18170
3777,87320046,4370
3778,87320046,6330
3779,87320046,5870
3780,87320046,5870
3781,87320046,5870
3782,87320046,10230
3783,87320046,9320
3784,87320046,11290
3785,81593,500000
3786,87320046,9320
3787,81593,500000
3788,87320046,14610
3789,81593,500000
3790,87320046,9780
3791,81593,500000
3792,87320046,6100
3793,87320046,5980
3794,87320046,5520
3795,87320046,5060
3796,87320046,5980
3797,87320046,6330
3798,87320046,4710
3799,81593,500000
3800,81593,500000
3801,87320046,5400
3802,87320046,5640
3803,81593,500000
3804,81593,500000
3805,87320046,7250
3806,81593,500000
3807,81593,500000
3808,81593,500000
3809,87320046,6330
3810,87320046,5980
3811,87320046,7020
3812,87320046,17940
3813,81593,500000
3814,81593,500000
3815,81593,500000
3816,81593,500000
3817,87320046,17710
3818,87320046,5290
3819,87320046,5750
3820,81593,500000
3821,81593,500000
3822,87320046,5520
3823,87320046,5060
3824,87320046,5400
3825,81593,500000
3826,87320046,8970
3827,87320046,6330
3828,87320046,9430
3829,87320046,17830
3830,87320046,5060
3831,81593,500000
3832,87320046,10930
3833,87320046,7710
3834,81593,500000
3835,87320046,6550
3836,87320046,5640
3837,87320046,4140
3838,87320046,40590
3839,87320046,6670
3840,87320046,19670
3841,87320046,16910
3842,81593,500000
3843,81593,500000
3844,87320046,3590
3845,87320046,23460
3846,87320046,7700
3847,87320046,6440
3848,87320046,7820
3849,87320046,17940
3850,81593,500000
3851,87320046,4830
3852,87320046,4950
3853,87320046,8400
3854,81593,500000
3855,81593,500000
3856,87320046,5980
3857,87320046,37140
3858,87320046,10930
3859,81593,500000
3860,87320046,6210
3861,87320046,6100
3862,81593,500000
3863,81593,500000
3864,87320046,17370
3865,87320046,6550
3866,87320046,6440
3867,87320046,11270
3868,87320046,5420
3869,87320046,6670
3870,87320046,11500
3871,87320046,7130
3872,87320046,20590
3873,87320046,5980
3874,87320046,6550
3875,81593,500000
3876,87320046,4600
3877,87320046,6900
3878,87320046,7130
3879,87320046,4950
3880,87320046,6550
3881,87320046,8170
3882,87320046,6900
3883,87320046,7140
3884,87320046,6330
3885,87320046,33240
3886,81593,500000
3887,87320046,2760
3888,87320046,6780
3889,87320046,5640
3890,81593,500000
3891,87320046,3910
3892,87320046,6780
3893,87320046,7700
3894,87320046,5180
3895,87320046,7820
3896,87320046,5180
3897,87320046,11730
3898,87320046,31740
3899,87320046,8400
3900,81593,500000
3901,87320046,6550
3902,87320046,7590
3903,87320046,6550
3904,87320046,7250
3905,81593,500000
3906,87320046,4030
3907,81593,500000
3908,87320046,19430
3909,87320046,4830
3910,87320046,6330
3911,81593,500000
3912,87320046,6100
3913,81593,500000
3914,81593,500000
3915,87320046,20360
3916,81593,500000
3917,87320046,22660
3918,81593,500000
3919,81593,500000
3920,87320046,7700
3921,87320046,6210
3922,87320046,5570
3923,87320046,18280
3924,87320046,19430
3925,87320046,5980
3926,87320046,6330
3927,87320046,28980
3928,87320046,4030
3929,81593,500000
3930,87320046,9320
3931,87320046,5980
3932,87320046,3460
3933,87320046,8050
3934,81593,500000
3935,87320046,12990
3936,87320046,5180
3937,81593,500000
3938,81593,500000
3939,87320046,21850
3940,87320046,8400
3941,81593,500000
3942,87320046,6330
3943,87320046,10810
3944,87320046,10580
3945,81593,500000
3946,87320046,7590
3947,87320046,5870
3948,87320046,5640
3949,87320046,5520
3950,87320046,5980
3951,81593,500000
3952,87320046,6900
3953,87320046,7020
3954,87320046,19670
3955,81593,500000
3956,87320046,6670
3957,87320046,9660
3958,87320046,11620
3959,87320046,9430
3960,87320046,30240
3961,87320046,4140
3962,87320046,7610
3963,87320046,8170
3964,81593,500000
3965,87320046,34960
3966,87320046,5870
3967,81593,500000
3968,81593,500000
3969,81593,500000
3970,87320046,4710
3971,87320046,8510
3972,87320046,5290
3973,81593,500000
3974,87320046,11620
3975,87320046,9890
3976,87320046,4490
3977,87320046,5750
3978,87320046,6900
3979,81593,500000
3980,87320046,9320
3981,87320046,7130
3982,87320046,6550
3983,87320046,8980
3984,87320046,9090
3985,87320046,6210
3986,81593,500000
3987,87320046,12990
3988,87320046,7820
3989,87320046,8050
3990,81593,500000
3991,87320046,9200
3992,87320046,7480
3993,87320046,8510
3994,87320046,6550
3995,81593,500000
3996,87320046,17250
3997,87320046,8050
3998,87320046,6900
3999,81593,500000
4000,87320046,5640
4001,81593,500000
4002,81593,500000
4003,81593,500000
4004,87320046,4950
4005,87320046,7480
4006,87320046,4140
4007,87320046,4950
4008,87320046,8630
4009,81593,500000
4010,87320046,8970
4011,81593,500000
4012,81593,500000
4013,87320046,3220
4014,87320046,8170
4015,87320046,11730
4016,87320046,5870
4017,87320046,5980
4018,87320046,6900
4019,87320046,20130
4020,81593,500000
4021,87320046,18650
4022,87320046,8630
4023,87320046,5640
4024,87320046,4370
4025,81593,500000
4026,87320046,3580
4027,81593,500000
4028,87320046,24840
4029,87320046,8510
4030,87320046,10230
4031,87320046,10120
4032,81593,500000
4033,87320046,11850
4034,87320046,11730
4035,87320046,5520
4036,81593,500000
4037,87320046,6330
4038,81593,500000
4039,81593,500000
4040,87320046,9430
4041,87320046,8050
4042,87320046,9080
4043,81593,500000
4044,87320046,8280
4045,81593,500000
4046,87320046,4950
4047,87320046,12530
4048,87320046,4950
4049,87320046,6900
4050,87320046,3680
4051,87320046,25190
4052,87320046,13350
4053,87320046,5870
4054,87320046,5060
4055,81593,500000
4056,87320046,5290
4057,87320046,12780
4058,81593,500000
4059,87320046,11620
4060,87320046,11160
4061,87320046,10350
4062,87320046,7590
4063,87320046,7590
4064,87320046,5640
4065,87320046,10700
4066,87320046,5410
4067,87320046,19090
4068,87320046,11960
4069,87320046,12420
4070,87320046,35890
4071,81593,500000
4072,87320046,8280
4073,87320046,12080
4074,87320046,9660
4075,87320046,17130
4076,87320046,6210
4077,87320046,8740
4078,87320046,5670
4079,81593,500000
4080,87320046,6440
4081,87320046,3910
4082,87320046,15180
4083,87320046,4140
4084,81593,500000
4085,87320046,5060
4086,87320046,6210
4087,87320046,7360
4088,81593,500000
4089,87320046,5640
4090,87320046,4490
4091,81593,500000
4092,87320046,6100
4093,87320046,5750
4094,81593,500000
4095,87320046,6550
4096,87320046,9200
4097,81593,500000
4098,87320046,11730
4099,87320046,4850
4100,81593,500000
4101,81593,500000
4102,81593,500000
4103,87320046,6780
4104,87320046,10580
4105,87320046,5520
4106,87320046,4950
4107,81593,500000
4108,87320046,69690
4109,87320046,8170
4110,87320046,8400
4111,81593,500000
4112,87320046,10700
4113,87320046,14720
4114,81593,500000
4115,87320046,6900
4116,87320046,10930
4117,87320046,5640
4118,87320046,10120
4119,87320046,3340
4120,87320046,6440
4121,87320046,4490
4122,81593,500000
4123,87320046,38060
4124,81593,500000
4125,87320046,4600
4126,81593,500000
4127,81593,500000
4128,87320046,7130
4129,87320046,4160
4130,87320046,6900
4131,87320046,8280
4132,87320046,6100
4133,87320046,5290
4134,81593,500000
4135,81593,500000
4136,81593,500000
4137,81593,500000
4138,87320046,13800
4139,87320046,8400
4140,87320046,4490
4141,87320046,9200
4142,87320046,3110
4143,81593,500000
4144,87320046,4490
4145,87320046,4030
4146,87320046,12530
4147,81593,500000
4148,87320046,6210
4149,87320046,4600
4150,87320046,2760
4151,87320046,8050
4152,87320046,5060
4153,87320046,10580
4154,87320046,4380
4155,87320046,9660
4156,81593,500000
4157,81593,500000
4158,81593,500000
4159,87320046,9890
4160,81593,500000
4161,87320046,13340
4162,87320046,4950
4163,87320046,4710
4164,87320046,25990
4165,81593,500000
4166,81593,500000
4167,81593,500000
4168,87320046,8170
4169,87320046,5070
4170,87320046,4140
4171,87320046,27140
4172,87320046,7360
4173,87320046,7020
4174,87320046,11380
4175,81593,500000
4176,87320046,51750
4177,81593,500000
4178,81593,500000
4179,87320046,15180
4180,87320046,9780
4181,81593,500000
4182,87320046,8970
4183,81593,500000
4184,81593,500000
4185,81593,500000
4186,87320046,7930
4187,81593,500000
4188,87320046,3110
4189,87320046,4830
4190,87320046,8510
4191,87320046,34400
4192,87320046,8080
4193,87320046,4950
4194,87320046,6230
4195,81593,500000
4196,81593,500000
4197,87320046,1730
4198,87320046,11500
4199,87320046,7130
4200,81593,500000
4201,87320046,8510
4202,87320046,5640
4203,87320046,7360
4204,87320046,5400
4205,87320046,5060
4206,87320046,4950
4207,87320046,6100
4208,87320046,7360
4209,87320046,6550
4210,87320046,4250
4211,81593,500000
4212,87320046,6900
4213,81593,500000
4214,87320046,7130
4215,87320046,9550
4216,87320046,6210
4217,87320046,3800
4218,87320046,3800
4219,81593,500000
4220,81593,500000
4221,87320046,10580
4222,81593,500000
4223,81593,500000
4224,87320046,10230
4225,87320046,3340
4226,87320046,4600
4227,81593,500000
4228,87320046,3800
4229,87320046,7250
4230,87320046,8970
4231,87320046,4250
4232,87320046,9320
4233,87320046,7820
4234,87320046,7020
4235,81593,500000
4236,87320046,8740
4237,87320046,4950
4238,81593,500000
4239,87320046,7020
4240,87320046,6440
4241,87320046,9080
4242,87320046,9890
4243,81593,500000
4244,87320046,6900
4245,87320046,19430
4246,87320046,6440
4247,87320046,5290
4248,81593,500000
4249,81593,500000
4250,81593,500000
4251,87320046,7020
4252,87320046,10810
4253,87320046,6330
4254,87320046,3800
4255,87320046,11160
4256,81593,500000
4257,87320046,10230
4258,81593,500000
4259,87320046,8280
4260,81593,500000
4261,81593,500000
4262,87320046,6440
4263,87320046,3800
4264,87320046,8970
4265,87320046,3340
4266,87320046,7130
4267,87320046,5060
4268,81593,500000
4269,87320046,44740
4270,87320046,3560
4271,87320046,6900
4272,87320046,8740
4273,81593,500000
4274,87320046,3340
4275,87320046,8400
4276,87320046,5290
4277,87320046,8050
4278,87320046,16680
4279,81593,500000
4280,87320046,6210
4281,87320046,4490
4282,87320046,8050
4283,87320046,4250
4284,87320046,5980
4285,87320046,9430
4286,81593,500000
4287,87320046,12650
4288,87320046,11730
4289,87320046,8170
4290,87320046,11390
4291,87320046,21850
4292,87320046,8510
4293,87320046,6440
4294,87320046,6550
4295,81593,500000
4296,87320046,5290
4297,87320046,28750
4298,87320046,5750
4299,87320046,5290
4300,87320046,7360
4301,81593,500000
4302,87320046,12420
4303,87320046,12080
4304,87320046,9780
4305,87320046,6100
4306,87320046,18170
4307,87320046,5870
4308,87320046,20010
4309,81593,500000
4310,81593,500000
4311,87320046,5180
4312,87320046,10230
4313,87320046,15070
4314,81593,500000
4315,87320046,13680
4316,87320046,62450
4317,87320046,4600
4318,87320046,7700
4319,81593,500000
4320,81593,500000
4321,87320046,15980
4322,81593,500000
4323,87320046,33580
4324,87320046,7930
4325,87320046,5290
4326,87320046,9080
4327,87320046,10470
4328,81593,500000
4329,81593,500000
4330,81593,500000
4331,87320046,7480
4332,87320046,3800
4333,87320046,5180
4334,81593,500000
4335,87320046,8850
4336,87320046,4710
4337,87320046,6780
4338,87320046,7820
4339,81593,500000
4340,87320046,5180
4341,87320046,14030
4342,81593,500000
4343,87320046,5750
4344,81593,500000
4345,87320046,8400
4346,87320046,12190
4347,87320046,10000
4348,87320046,9200
4349,87320046,13570
4350,87320046,7480
4351,81593,500000
4352,87320046,3450
4353,87320046,4400
4354,81593,500000
4355,87320046,4600
4356,87320046,4830
4357,87320046,4950
4358,87320046,6780
4359,87320046,9080
4360,87320046,10260
4361,81593,500000
4362,87320046,8510
4363,87320046,6330
4364,87320046,10120
4365,81593,500000
4366,87320046,18980
4367,87320046,5750
4368,87320046,10230
4369,87320046,12770
4370,87320046,5520
4371,87320046,18280
4372,87320046,8630
4373,87320046,2880
4374,87320046,13110
4375,87320046,6330
4376,87320046,5060
4377,87320046,6330
4378,87320046,8850
4379,87320046,8170
4380,81593,500000
4381,87320046,8970
4382,87320046,6210
4383,87320046,5290
4384,87320046,6100
4385,81593,500000
4386,87320046,5750
4387,81593,500000
4388,87320046,9660
4389,87320046,9550
4390,87320046,6780
4391,87320046,7820
4392,87320046,5180
4393,87320046,35990
4394,87320046,5290
4395,87320046,8630
4396,87320046,7020
4397,87320046,9660
4398,81593,500000
4399,87320046,6780
4400,81593,500000
4401,81593,500000
4402,81593,500000
4403,87320046,4370
4404,87320046,7700
4405,81593,500000
4406,81593,500000
4407,81593,500000
4408,87320046,7130
4409,87320046,8740
4410,87320046,11040
4411,87320046,7020
4412,87320046,36910
4413,81593,500000
4414,87320046,15640
4415,87320046,19430
4416,81593,500000
4417,87320046,54740
4418,81593,500000
4419,87320046,5180
4420,81593,500000
4421,81593,500000
4422,81593,500000
4423,87320046,16330
4424,87320046,17590
4425,81593,500000
4426,87320046,11040
4427,87320046,6440
4428,87320046,11500
4429,87320046,6670
4430,87320046,13570
4431,87320046,7250
4432,87320046,16100
4433,81593,500000
4434,87320046,11500
4435,87320046,6100
4436,87320046,36910
4437,87320046,9320
4438,87320046,4490
4439,81593,500000
4440,87320046,7930
4441,87320046,5980
4442,87320046,10810
4443,87320046,11380
4444,87320046,5180
4445,87320046,4830
4446,87320046,11850
4447,87320046,32660
4448,81593,500000
4449,87320046,7130
4450,87320046,4250
4451,81593,500000
4452,81593,500000
4453,87320046,6900
4454,87320046,7360
4455,87320046,14730
4456,87320046,20130
4457,81593,500000
4458,87320046,11040
4459,87320046,8510
4460,87320046,4600
4461,87320046,5870
4462,81593,500000
4463,81593,500000
4464,87320046,7930
4465,87320046,6900
4466,87320046,8510
4467,87320046,19780
4468,87320046,19890
4469,87320046,3560
4470,87320046,8510
4471,87320046,6100
4472,81593,500000
4473,87320046,5640
4474,87320046,9080
4475,87320046,13570
4476,87320046,7360
4477,87320046,4840
4478,87320046,7130
4479,81593,500000
4480,81593,500000
4481,87320046,5980
4482,87320046,17370
4483,87320046,6550
4484,87320046,3450
4485,87320046,8050
4486,81593,500000
4487,87320046,12530
4488,87320046,5750
4489,81593,500000
4490,87320046,8850
4491,87320046,10700
4492,87320046,8970
4493,87320046,4490
4494,87320046,6900
4495,87320046,11730
4496,87320046,12990
4497,87320046,9780
4498,81593,500000
4499,87320046,11380
4500,87320046,6550
4501,87320046,4250
4502,87320046,6440
4503,81593,500000
4504,87320046,5180
4505,87320046,6100
4506,87320046,9200
4507,81593,500000
4508,87320046,5410
4509,81593,500000
4510,87320046,8850
4511,87320046,8400
4512,87320046,15290
4513,87320046,9780
4514,87320046,38760
4515,87320046,12990
4516,81593,500000
4517,87320046,9080
4518,81593,500000
4519,87320046,13460
4520,87320046,5180
4521,81593,500000
4522,81593,500000
4523,81593,500000
4524,87320046,9780
4525,81593,500000
4526,81593,500000
4527,87320046,7700
4528,81593,500000
4529,81593,500000
4530,81593,500000
4531,87320046,10580
4532,87320046,8280
4533,87320046,21850
4534,87320046,4370
4535,81593,500000
4536,87320046,7020
4537,87320046,11380
4538,87320046,5870
4539,81593,500000
4540,87320046,6220
4541,87320046,6550
4542,87320046,12650
4543,87320046,22890
4544,87320046,5290
4545,87320046,5870
4546,81593,500000
4547,87320046,10120
4548,87320046,36800
4549,81593,500000
4550,87320046,9780
4551,81593,500000
4552,87320046,26220
4553,81593,500000
4554,87320046,15180
4555,81593,500000
4556,87320046,9660
4557,87320046,6100
4558,87320046,5060
4559,81593,500000
4560,87320046,7930
4561,87320046,3910
4562,87320046,4600
4563,81593,500000
4564,87320046,7480
4565,87320046,4600
4566,87320046,10000
4567,87320046,5760
4568,87320046,4250
4569,87320046,10810
4570,87320046,7820
4571,87320046,6330
4572,81593,500000
4573,87320046,2650
4574,81593,500000
4575,81593,500000
4576,87320046,16560
4577,81593,500000
4578,87320046,10580
4579,87320046,4950
4580,81593,500000
4581,81593,500000
4582,87320046,4950
4583,87320046,5520
4584,81593,500000
4585,87320046,13340
4586,87320046,14140
4587,81593,500000
4588,81593,500000
4589,87320046,14830
4590,87320046,12990
4591,81593,500000
4592,81593,500000
4593,81593,500000
4594,87320046,18740
4595,87320046,7130
4596,87320046,8740
4597,81593,500000
4598,81593,500000
4599,87320046,6900
4600,81593,500000
4601,81593,500000
4602,81593,500000
4603,87320046,37610
4604,87320046,4370
4605,87320046,4730
4606,87320046,5180
4607,81593,500000
4608,87320046,6440
4609,81593,500000
4610,87320046,2760
4611,87320046,8400
4612,87320046,4370
4613,87320046,4030
4614,87320046,6910
4615,87320046,9080
4616,87320046,7480
4617,87320046,11620
4618,87320046,10700
4619,87320046,10120
4620,87320046,5180
4621,81593,500000
4622,87320046,7050
4623,81593,500000
4624,87320046,3220
4625,87320046,4030
4626,81593,500000
4627,81593,500000
4628,87320046,8050
4629,87320046,18980
4630,87320046,4490
4631,81593,500000
4632,87320046,6100
4633,81593,500000
4634,87320046,6550
4635,87320046,6670
4636,87320046,11850
4637,87320046,7250
4638,87320046,5980
4639,81593,500000
4640,87320046,6330
4641,81593,500000
4642,87320046,8170
4643,81593,500000
4644,87320046,12080
4645,87320046,6440
4646,87320046,6900
4647,87320046,7480
4648,87320046,15530
4649,87320046,7130
4650,87320046,35650
4651,81593,500000
4652,81593,500000
4653,87320046,6550
4654,87320046,11380
4655,81593,500000
4656,87320046,12880
4657,87320046,7020
4658,87320046,10000
4659,81593,500000
4660,81593,500000
4661,81593,500000
4662,87320046,4490
4663,87320046,17630
4664,87320046,9660
4665,87320046,6780
4666,81593,500000
4667,87320046,6220
4668,87320046,11500
4669,81593,500000
4670,87320046,7930
4671,87320046,7820
4672,87320046,7820
4673,81593,500000
4674,87320046,5770
4675,81593,500000
4676,87320046,9440
4677,87320046,4710
4678,87320046,12080
4679,81593,500000
4680,87320046,5290
4681,87320046,8400
4682,87320046,7250
4683,87320046,7360
4684,87320046,7930
4685,81593,500000
4686,87320046,3800
4687,87320046,6900
4688,87320046,4710
4689,87320046,6780
4690,87320046,7250
4691,87320046,6210
4692,87320046,5870
4693,87320046,6670
4694,87320046,7950
4695,81593,500000
4696,87320046,5750
4697,81593,500000
4698,81593,500000
4699,81593,500000
4700,81593,500000
4701,87320046,7250
4702,81593,500000
4703,81593,500000
4704,81593,500000
4705,87320046,4600
4706,81593,500000
4707,81593,500000
4708,87320046,4370
4709,87320046,8510
4710,87320046,7720
4711,81593,500000
4712,87320046,3450
4713,87320046,15070
4714,81593,500000
4715,87320046,8510
4716,87320046,6440
4717,81593,500000
4718,87320046,4030
4719,87320046,17830
4720,87320046,33930
4721,81593,500000
4722,81593,500000
4723,87320046,3680
4724,81593,500000
4725,87320046,4950
4726,87320046,8280
4727,87320046,11730
4728,87320046,5640
4729,87320046,9780
4730,81593,500000
4731,81593,500000
4732,87320046,6670
4733,87320046,7590
4734,87320046,16680
4735,87320046,8280
4736,87320046,11850
4737,87320046,4730
4738,81593,500000
4739,87320046,8170
4740,87320046,4490
4741,87320046,7020
4742,87320046,6470
4743,81593,500000
4744,87320046,7820
4745,87320046,5180
4746,87320046,9890
4747,87320046,4380
4748,81593,500000
4749,87320046,7820
4750,81593,500000
4751,87320046,7130
4752,81593,500000
4753,87320046,6100
4754,81593,500000
4755,87320046,9080
4756,87320046,5750
4757,87320046,4950
4758,87320046,21280
4759,87320046,8510
4760,87320046,3680
4761,87320046,8850
4762,81593,500000
4763,81593,500000
4764,81593,500000
4765,87320046,6100
4766,87320046,9200
4767,81593,500000
4768,87320046,7930
4769,87320046,5400
4770,81593,500000
4771,81593,500000
4772,87320046,4950
4773,87320046,5190
4774,87320046,8050
4775,81593,500000
4776,81593,500000
4777,81593,500000
4778,87320046,4490
4779,81593,500000
4780,87320046,14030
4781,87320046,12080
4782,87320046,7700
4783,81593,500000
4784,87320046,5980
4785,81593,500000
4786,87320046,7150
4787,87320046,8170
4788,87320046,10930
4789,81593,500000
4790,81593,500000
4791,87320046,5750
4792,81593,500000
4793,87320046,6550
4794,87320046,5980
4795,87320046,6330
4796,87320046,7480
4797,87320046,6900
4798,81593,500000
4799,87320046,7590
4800,81593,500000
4801,81593,500000
4802,87320046,9430
4803,87320046,9890
4804,87320046,7020
4805,87320046,4250
4806,87320046,4710
4807,87320046,5060
4808,87320046,4250
4809,87320046,24160
4810,87320046,9660
4811,87320046,5640
4812,87320046,4370
4813,87320046,5060
4814,87320046,5750
4815,81593,500000
4816,87320046,12310
4817,87320046,16350
4818,81593,500000
4819,87320046,6800
4820,87320046,6680
4821,87320046,16680
4822,87320046,13460
4823,87320046,5180
4824,81593,500000
4825,87320046,5180
4826,81593,500000
4827,87320046,6900
4828,87320046,6100
4829,81593,500000
4830,87320046,23120
4831,87320046,13570
4832,87320046,15410
4833,87320046,8050
4834,87320046,5400
4835,81593,500000
4836,87320046,4600
4837,81593,500000
4838,81593,500000
4839,87320046,5400
4840,87320046,9430
4841,87320046,8050
4842,87320046,8630
4843,87320046,10580
4844,87320046,36800
4845,81593,500000
4846,87320046,4490
4847,87320046,5290
4848,87320046,16330
4849,81593,500000
4850,81593,500000
4851,81593,500000
4852,81593,500000
4853,87320046,3340
4854,87320046,4140
4855,87320046,6100
4856,87320046,5870
4857,87320046,10000
4858,87320046,10230
4859,81593,500000
4860,87320046,16100
4861,87320046,9430
4862,87320046,8050
4863,87320046,5640
4864,87320046,10700
4865,87320046,14030
4866,87320046,4710
4867,87320046,7820
4868,81593,500000
4869,87320046,10470
4870,87320046,6100
4871,81593,500000
4872,81593,500000
4873,81593,500000
4874,87320046,5750
4875,87320046,8850
4876,87320046,4490
4877,87320046,7700
4878,87320046,3220
4879,81593,500000
4880,87320046,7930
4881,87320046,7590
4882,87320046,4250
4883,87320046,7590
4884,87320046,4830
4885,87320046,11270
4886,87320046,2760
4887,87320046,13800
4888,87320046,9780
4889,87320046,21390
4890,87320046,6780
4891,81593,500000
4892,81593,500000
4893,87320046,8510
4894,87320046,5640
4895,87320046,7480
4896,81593,500000
4897,81593,500000
4898,81593,500000
4899,87320046,10700
4900,81593,500000
4901,87320046,6100
4902,87320046,10580
4903,87320046,12080
4904,81593,500000
4905,87320046,6440
4906,87320046,10480
4907,81593,500000
4908,81593,500000
4909,81593,500000
4910,81593,500000
4911,87320046,5290
4912,87320046,7020
4913,87320046,2880
4914,87320046,15980
4915,87320046,13570
4916,81593,500000
4917,87320046,10580
4918,81593,500000
4919,81593,500000
4920,87320046,5640
4921,81593,500000
4922,81593,500000
4923,87320046,9780
4924,87320046,3340
4925,87320046,5760
4926,87320046,12770
4927,87320046,8170
4928,87320046,6670
4929,81593,500000
4930,81593,500000
4931,87320046,6900
4932,87320046,6210
4933,81593,500000
4934,81593,500000
4935,87320046,4920
4936,87320046,5980
4937,87320046,12420
4938,87320046,5180
4939,81593,500000
4940,87320046,4490
4941,87320046,8400
4942,87320046,4950
4943,87320046,9550
4944,81593,500000
4945,87320046,6780
4946,87320046,8400
4947,87320046,3340
4948,81593,500000
4949,87320046,10000
4950,81593,500000
4951,81593,500000
4952,81593,500000
4953,81593,500000
4954,87320046,11270
4955,87320046,5060
4956,87320046,5640
4957,81593,500000
4958,87320046,8400
4959,87320046,4600
4960,87320046,8850
4961,87320046,9550
4962,87320046,10230
4963,81593,500000
4964,87320046,8850
4965,87320046,4030
4966,81593,500000
4967,87320046,4490
4968,87320046,5180
4969,87320046,8740
4970,87320046,5180
4971,81593,500000
4972,81593,500000
4973,87320046,14830
4974,87320046,3910
4975,87320046,24610
4976,87320046,4600
4977,81593,500000
4978,87320046,25190
4979,87320046,8850
4980,87320046,9200
4981,87320046,8170
4982,87320046,7020
4983,87320046,11040
4984,81593,500000
4985,87320046,11850
4986,87320046,11500
4987,81593,500000
4988,87320046,4600
4989,87320046,5060
4990,87320046,5640
4991,87320046,2650
4992,81593,500000
4993,81593,500000
4994,87320046,4370
4995,87320046,8170
4996,87320046,5640
4997,87320046,7930
4998,87320046,6100
4999,81593,500000
5000,87320046,7020
5001,87320046,8740
5002,87320046,4830
5003,87320046,5990
5004,87320046,10000
5005,81593,500000
5006,87320046,9080
5007,87320046,43590
5008,87320046,6330
5009,87320046,6210
5010,81593,500000
5011,87320046,12190
5012,87320046,14030
5013,87320046,9660
5014,87320046,9660
5015,87320046,7140
5016,81593,500000
5017,87320046,7130
5018,87320046,6340
5019,87320046,7250
5020,81593,500000
5021,87320046,16910
5022,81593,500000
5023,81593,500000
5024,81593,500000
5025,87320046,8740
5026,87320046,9550
5027,81593,500000
5028,87320046,8850
5029,87320046,6440
5030,81593,500000
5031,87320046,6670
5032,87320046,5980
5033,87320046,8970
5034,81593,500000
5035,87320046,4950
5036,87320046,9200
5037,81593,500000
5038,87320046,4830
5039,87320046,6550
5040,81593,500000
5041,87320046,3800
5042,87320046,17830
5043,81593,500000
5044,87320046,4250
5045,81593,500000
5046,87320046,6330
5047,87320046,5520
5048,87320046,8170
5049,81593,500000
5050,81593,500000
5051,87320046,4140
5052,87320046,9780
5053,81593,500000
5054,81593,500000
5055,87320046,4140
5056,87320046,7480
5057,87320046,6900
5058,87320046,7360
5059,81593,500000
5060,81593,500000
5061,87320046,6440
5062,87320046,5980
5063,87320046,7360
5064,81593,500000
5065,87320046,10700
5066,87320046,3110
5067,87320046,10810
5068,87320046,4950
5069,81593,500000
5070,81593,500000
5071,87320046,5400
5072,87320046,6780
5073,87320046,6900
5074,87320046,5290
5075,81593,500000
5076,81593,500000
5077,87320046,6900
5078,87320046,5870
5079,87320046,3220
5080,87320046,5420
5081,87320046,18400
5082,87320046,63020
5083,81593,500000
5084,81593,500000
5085,87320046,8970
5086,87320046,12190
5087,87320046,15180
5088,87320046,21160
5089,81593,500000
5090,81593,500000
5091,87320046,5180
5092,87320046,7930
5093,87320046,8280
5094,87320046,8850
5095,87320046,6550
5096,81593,500000
5097,87320046,11850
5098,87320046,6670
5099,87320046,6210
5100,87320046,3450
5101,81593,500000
5102,87320046,8850
5103,87320046,7130
5104,87320046,11850
5105,87320046,6330
5106,81593,500000
5107,87320046,4490
5108,87320046,10120
5109,87320046,4830
5110,87320046,17830
5111,81593,500000
5112,81593,500000
5113,87320046,7820
5114,87320046,10580
5115,87320046,8630
5116,87320046,10120
5117,87320046,4370
5118,87320046,16910
5119,87320046,5870
5120,87320046,14610
5121,81593,500000
5122,87320046,4370
5123,87320046,5980
5124,81593,500000
5125,87320046,7130
5126,81593,500000
5127,81593,500000
5128,87320046,11960
5129,81593,500000
5130,87320046,10700
5131,87320046,6900
5132,87320046,5980
5133,87320046,6100
5134,81593,500000
5135,81593,500000
5136,87320046,10230
5137,87320046,12420
5138,87320046,3910
5139,87320046,6210
5140,87320046,5570
5141,87320046,6900
5142,81593,500000
5143,81593,500000
5144,81593,500000
5145,87320046,6440
5146,87320046,6550
5147,87320046,8400
5148,87320046,9660
5149,81593,500000
5150,87320046,11510
5151,81593,500000
5152,87320046,8850
5153,87320046,4490
5154,87320046,4370
5155,87320046,4950
5156,87320046,5750
5157,87320046,5760
5158,87320046,7130
5159,87320046,5290
5160,87320046,6330
5161,87320046,6550
5162,87320046,5060
5163,87320046,3220
5164,87320046,6550
5165,87320046,16560
5166,87320046,7930
5167,87320046,10580
5168,87320046,7020
5169,81593,500000
5170,87320046,7360
5171,87320046,4250
5172,81593,500000
5173,81593,500000
5174,87320046,7020
5175,81593,500000
5176,81593,500000
5177,87320046,6440
5178,87320046,4950
5179,87320046,6900
5180,87320046,7480
5181,87320046,10470
5182,87320046,6100
5183,81593,500000
5184,87320046,6670
5185,87320046,8420
5186,87320046,5290
5187,87320046,10810
5188,87320046,5290
5189,81593,500000
5190,81593,500000
5191,87320046,12880
5192,81593,500000
5193,87320046,4950
5194,81593,500000
5195,87320046,7700
5196,81593,500000
5197,87320046,5520
5198,81593,500000
5199,87320046,4250
5200,87320046,5180
5201,87320046,10810
5202,87320046,12530
5203,81593,500000
5204,87320046,1030
5205,87320046,10120
5206,81593,500000
5207,81593,500000
5208,87320046,9200
5209,87320046,4710
5210,87320046,8280
5211,87320046,18520
5212,87320046,4370
5213,87320046,12110
5214,87320046,5290
5215,81593,500000
5216,87320046,4830
5217,87320046,2070
5218,81593,500000
5219,87320046,5870
5220,87320046,6780
5221,87320046,11850
5222,87320046,4370
5223,81593,500000
5224,87320046,5750
5225,87320046,7480
5226,81593,500000
5227,87320046,10810
5228,87320046,7360
5229,87320046,6440
5230,87320046,4380
5231,87320046,6440
5232,81593,500000
5233,87320046,7360
5234,81593,500000
5235,87320046,11730
5236,87320046,12420
5237,87320046,9660
5238,87320046,7130
5239,87320046,14950
5240,87320046,8050
5241,81593,500000
5242,81593,500000
5243,87320046,5990
5244,81593,500000
5245,87320046,7360
5246,87320046,10580
5247,81593,500000
5248,87320046,5530
5249,87320046,40140
5250,87320046,7020
5251,87320046,12190
5252,81593,500000
5253,87320046,5870
5254,87320046,33690
5255,87320046,28060
5256,87320046,5520
5257,81593,500000
5258,87320046,4600
5259,81593,500000
5260,87320046,6330
5261,87320046,6330
5262,87320046,6440
5263,81593,500000
5264,87320046,6450
5265,87320046,12420
5266,87320046,4600
5267,87320046,7820
5268,81593,500000
5269,87320046,64290
5270,87320046,22190
5271,81593,500000
5272,87320046,8510
5273,87320046,5290
5274,87320046,6670
5275,87320046,57500
5276,81593,500000
5277,87320046,7020
5278,81593,500000
5279,87320046,5180
5280,81593,500000
5281,87320046,4950
5282,87320046,4620
5283,87320046,5400
5284,87320046,13110
5285,87320046,5870
5286,87320046,9200
5287,81593,500000
5288,87320046,8850
5289,87320046,8510
5290,81593,500000
5291,87320046,8170
5292,81593,500000
5293,81593,500000
5294,87320046,5400
5295,87320046,4490
5296,87320046,4140
5297,87320046,7820
5298,87320046,14380
5299,87320046,4490
5300,87320046,8740
5301,87320046,10230
5302,87320046,17590
5303,81593,500000
5304,87320046,5980
5305,87320046,12190
5306,87320046,8630
5307,87320046,11850
5308,81593,500000
5309,81593,500000
5310,87320046,6330
5311,87320046,4250
5312,87320046,9660
5313,87320046,11960
5314,87320046,7700
5315,81593,500000
5316,87320046,4960
5317,87320046,3680
5318,87320046,4490
5319,87320046,7480
5320,87320046,9200
5321,81593,500000
5322,87320046,9660
5323,87320046,25080
5324,81593,500000
5325,81593,500000
5326,87320046,33460
5327,87320046,8050
5328,87320046,4730
5329,81593,500000
5330,81593,500000
5331,81593,500000
5332,87320046,6330
5333,87320046,4830
5334,87320046,10230
5335,81593,500000
5336,87320046,18630
5337,81593,500000
5338,87320046,6210
5339,81593,500000
5340,87320046,10700
5341,87320046,8170
5342,81593,500000
5343,87320046,8970
5344,81593,500000
5345,87320046,7820
5346,87320046,9080
5347,87320046,30710
5348,87320046,19090
5349,87320046,3570
5350,87320046,3690
5351,87320046,5060
5352,81593,500000
5353,87320046,5640
5354,87320046,4370
5355,87320046,6780
5356,81593,500000
5357,87320046,4710
5358,81593,500000
5359,81593,500000
5360,87320046,5870
5361,87320046,8970
5362,87320046,7130
5363,87320046,6210
5364,81593,500000
5365,81593,500000
5366,87320046,5400
5367,87320046,22660
5368,87320046,5750
5369,87320046,4140
5370,87320046,6100
5371,87320046,11850
5372,81593,500000
5373,87320046,7590
5374,81593,500000
5375,81593,500000
5376,87320046,5290
5377,87320046,7930
5378,87320046,6900
5379,87320046,4830
5380,81593,500000
5381,87320046,4830
5382,81593,500000
5383,87320046,5520
5384,87320046,4710
5385,87320046,6450
5386,87320046,10350
5387,87320046,6440
5388,87320046,3450
5389,87320046,2410
5390,87320046,18060
5391,81593,500000
5392,87320046,4030
5393,87320046,3910
5394,87320046,10350
5395,87320046,5400
5396,87320046,19090
5397,87320046,7020
5398,87320046,6210
5399,81593,500000
5400,81593,500000
5401,87320046,7250
5402,81593,500000
5403,87320046,11160
5404,87320046,5400
5405,87320046,4490
5406,87320046,15180
5407,87320046,12190
5408,87320046,4830
5409,87320046,7820
5410,87320046,7480
5411,87320046,4600
5412,81593,500000
5413,87320046,8740
5414,87320046,10470
5415,87320046,5760
5416,87320046,5180
5417,87320046,19210
5418,81593,500000
5419,87320046,7250
5420,87320046,10470
5421,87320046,6780
5422,87320046,7480
5423,87320046,9200
5424,87320046,8740
5425,81593,500000
5426,87320046,10810
5427,87320046,9890
5428,81593,500000
5429,87320046,7590
5430,87320046,8740
5431,87320046,10810
5432,87320046,6210
5433,87320046,6670
5434,87320046,6670
5435,87320046,4830
5436,87320046,20240
5437,87320046,4600
5438,81593,500000
5439,87320046,7820
5440,87320046,6440
5441,81593,500000
5442,87320046,22660
5443,87320046,5060
5444,87320046,5640
5445,87320046,5290
5446,87320046,3800
5447,81593,500000
5448,87320046,2650
5449,87320046,10930
5450,87320046,6230
5451,87320046,7700
5452,87320046,4140
5453,81593,500000
5454,87320046,6440
5455,81593,500000
5456,87320046,10000
5457,87320046,7030
5458,87320046,9550
5459,87320046,4150
5460,87320046,5870
5461,87320046,7020
5462,81593,500000
5463,87320046,28290
5464,87320046,4950
5465,87320046,8400
5466,87320046,13460
5467,87320046,4030
5468,87320046,7590
5469,81593,500000
5470,87320046,9200
5471,81593,500000
5472,87320046,11850
5473,87320046,12420
5474,87320046,10120
5475,81593,500000
5476,87320046,3800
5477,81593,500000
5478,87320046,12770
5479,87320046,10700
5480,81593,500000
5481,87320046,8970
5482,87320046,2660
5483,81593,500000
5484,81593,500000
5485,87320046,9780
5486,87320046,7480
5487,81593,500000
5488,87320046,12310
5489,87320046,6550
5490,87320046,9780
5491,81593,500000
5492,87320046,6780
5493,87320046,5980
5494,87320046,15980
5495,87320046,5980
5496,87320046,17590
5497,81593,500000
5498,87320046,4600
5499,87320046,6900
5500,87320046,6550
5501,87320046,3680
5502,81593,500000
5503,87320046,6470
5504,81593,500000
5505,87320046,7360
5506,87320046,11270
5507,87320046,6100
5508,87320046,6550
5509,87320046,21620
5510,87320046,15760
5511,87320046,11850
5512,87320046,21850
5513,87320046,3800
5514,87320046,4030
5515,87320046,5180
5516,87320046,4250
5517,87320046,5060
5518,81593,500000
5519,87320046,36910
5520,87320046,4950
5521,81593,500000
5522,87320046,5290
5523,87320046,7590
5524,87320046,4030
5525,81593,500000
5526,87320046,4250
5527,87320046,7020
5528,81593,500000
5529,87320046,8400
5530,81593,500000
5531,81593,500000
5532,81593,500000
5533,87320046,5180
5534,87320046,5640
5535,87320046,31390
5536,81593,500000
5537,87320046,5750
5538,81593,500000
5539,87320046,9430
5540,87320046,9890
5541,87320046,6670
5542,87320046,5640
5543,81593,500000
5544,87320046,5980
5545,87320046,7480
5546,81593,500000
5547,87320046,9660
5548,87320046,10930
5549,87320046,11160
5550,87320046,10350
5551,87320046,5640
5552,87320046,8170
5553,81593,500000
5554,81593,500000
5555,87320046,8970
5556,81593,500000
5557,81593,500000
5558,87320046,14610
5559,87320046,6910
5560,87320046,5290
5561,87320046,10120
5562,87320046,10350
5563,81593,500000
5564,87320046,7820
5565,87320046,4600
5566,87320046,7130
5567,81593,500000
5568,81593,500000
5569,81593,500000
5570,87320046,10930
5571,87320046,5060
5572,87320046,6780
5573,87320046,3340
5574,87320046,6670
5575,87320046,11960
5576,81593,500000
5577,87320046,10580
5578,87320046,12880
5579,81593,500000
5580,81593,500000
5581,87320046,7360
5582,87320046,6900
5583,87320046,5060
5584,87320046,7490
5585,87320046,12530
5586,81593,500000
5587,87320046,10000
5588,81593,500000
5589,87320046,6780
5590,87320046,11960
5591,81593,500000
5592,87320046,3450
5593,81593,500000
5594,81593,500000
5595,87320046,5290
5596,87320046,5520
5597,87320046,8970
5598,87320046,9200
5599,87320046,6100
5600,87320046,36110
5601,87320046,9550
5602,87320046,5060
5603,87320046,3450
5604,87320046,9200
5605,81593,500000
5606,87320046,5750
5607,87320046,3800
5608,81593,500000
5609,87320046,40250
5610,87320046,4600
5611,87320046,6900
5612,87320046,10580
5613,87320046,5870
5614,87320046,10120
5615,87320046,7820
5616,87320046,7480
5617,87320046,8630
5618,87320046,5870
5619,81593,500000
5620,87320046,8400
5621,81593,500000
5622,87320046,5400
5623,87320046,3910
5624,87320046,8970
5625,81593,500000
5626,87320046,10600
5627,81593,500000
5628,87320046,8280
5629,81593,500000
5630,81593,500000
5631,87320046,7480
5632,81593,500000
5633,87320046,7250
5634,87320046,4370
5635,81593,500000
5636,81593,500000
5637,87320046,13570
5638,81593,500000
5639,87320046,5180
5640,87320046,16440
5641,81593,500000
5642,87320046,6330
5643,87320046,6550
5644,81593,500000
5645,87320046,6780
5646,81593,500000
5647,81593,500000
5648,87320046,4710
5649,87320046,7820
5650,87320046,3910
5651,87320046,40940
5652,87320046,13340
5653,87320046,5640
5654,81593,500000
5655,87320046,4490
5656,87320046,4600
5657,81593,500000
5658,87320046,4370
5659,81593,500000
5660,87320046,11500
5661,87320046,6780
5662,87320046,4030
5663,81593,500000
5664,87320046,11960
5665,81593,500000
5666,81593,500000
5667,87320046,24270
5668,87320046,4600
5669,87320046,29560
5670,87320046,17020
5671,81593,500000
5672,87320046,5520
5673,87320046,6210
5674,81593,500000
5675,87320046,6550
5676,87320046,7360
5677,87320046,5990
5678,87320046,3800
5679,87320046,9320
5680,87320046,5870
5681,81593,500000
5682,81593,500000
5683,81593,500000
5684,81593,500000
5685,87320046,7820
5686,87320046,11960
5687,81593,500000
5688,87320046,6900
5689,81593,500000
5690,87320046,4370
5691,87320046,4030
5692,81593,500000
5693,81593,500000
5694,87320046,7130
5695,87320046,8280
5696,87320046,16910
5697,81593,500000
5698,87320046,4140
5699,87320046,5640
5700,87320046,23340
5701,81593,500000
5702,87320046,6210
5703,81593,500000
5704,87320046,8850
5705,87320046,6670
5706,81593,500000
5707,87320046,6780
5708,87320046,6780
5709,81593,500000
5710,87320046,5870
5711,81593,500000
5712,87320046,5980
5713,87320046,4710
5714,87320046,5290
5715,87320046,10120
5716,81593,500000
5717,87320046,6100
5718,87320046,6550
5719,81593,500000
5720,81593,500000
5721,81593,500000
5722,87320046,6330
5723,87320046,8050
5724,81593,500000
5725,87320046,3340
5726,87320046,7820
5727,87320046,1960
5728,81593,500000
5729,87320046,19780
5730,87320046,3910
5731,81593,500000
5732,81593,500000
5733,87320046,7130
5734,87320046,3450
5735,87320046,8170
5736,87320046,5060
5737,87320046,4140
5738,87320046,10470
5739,87320046,7020
5740,87320046,10000
5741,87320046,6900
5742,87320046,8510
5743,87320046,7360
5744,87320046,14610
5745,81593,500000
5746,87320046,9780
5747,87320046,10700
5748,87320046,3450
5749,87320046,9890
5750,87320046,5060
5751,81593,500000
5752,87320046,3110
5753,87320046,13110
5754,81593,500000
5755,87320046,7590
5756,87320046,5060
5757,81593,500000
5758,87320046,5520
5759,87320046,32780
5760,87320046,5060
5761,87320046,18280
5762,81593,500000
5763,81593,500000
5764,87320046,18280
5765,87320046,6210
5766,87320046,12530
5767,87320046,5750
5768,87320046,5640
5769,81593,500000
5770,87320046,8740
5771,87320046,14720
5772,81593,500000
5773,81593,500000
5774,81593,500000
5775,87320046,5980
5776,87320046,6210
5777,81593,500000
5778,87320046,8170
5779,87320046,8050
5780,87320046,9320
5781,87320046,6550
5782,87320046,9320
5783,81593,500000
5784,87320046,8400
5785,87320046,2880
5786,87320046,7930
5787,87320046,4600
5788,87320046,9320
5789,87320046,10580
5790,81593,500000
5791,87320046,19890
5792,87320046,5070
5793,87320046,6550
5794,87320046,6210
5795,81593,500000
5796,87320046,5750
5797,87320046,8280
5798,87320046,4710
5799,81593,500000
5800,87320046,7700
5801,81593,500000
5802,81593,500000
5803,87320046,22540
5804,81593,500000
5805,87320046,33690
5806,87320046,4250
5807,81593,500000
5808,81593,500000
5809,87320046,14610
5810,87320046,10000
5811,87320046,11500
5812,87320046,6100
5813,87320046,18170
5814,87320046,20700
5815,81593,500000
5816,87320046,4140
5817,81593,500000
5818,87320046,9320
5819,81593,500000
5820,81593,500000
5821,87320046,5870
5822,81593,500000
5823,87320046,9890
5824,87320046,69110
5825,87320046,8280
5826,87320046,14260
5827,87320046,8510
5828,81593,500000
5829,87320046,10120
5830,87320046,4490
5831,87320046,11620
5832,87320046,4140
5833,81593,500000
5834,87320046,7360
5835,81593,500000
5836,81593,500000
5837,87320046,5290
5838,81593,500000
5839,87320046,6440
5840,81593,500000
5841,87320046,5060
5842,87320046,8510
5843,87320046,5060
5844,87320046,8850
5845,81593,500000
5846,87320046,4710
5847,81593,500000
5848,87320046,7820
5849,87320046,11960
5850,81593,500000
5851,87320046,6780
5852,87320046,7130
5853,87320046,10350
5854,87320046,11040
5855,87320046,5060
5856,81593,500000
5857,87320046,7820
5858,87320046,16440
5859,87320046,5870
5860,87320046,6440
5861,81593,500000
5862,87320046,8630
5863,87320046,6210
5864,87320046,8510
5865,87320046,10700
5866,81593,500000
5867,87320046,8050
5868,87320046,11960
5869,87320046,7250
5870,87320046,11500
5871,81593,500000
5872,81593,500000
5873,81593,500000
5874,87320046,7700
5875,81593,500000
5876,87320046,7930
5877,81593,500000
5878,87320046,33120
5879,81593,500000
5880,81593,500000
5881,87320046,4490
5882,87320046,34960
5883,87320046,3450
5884,87320046,10000
5885,87320046,9660
5886,81593,500000
5887,87320046,6550
5888,81593,500000
5889,87320046,5750
5890,87320046,5980
5891,87320046,11380
5892,87320046,10230
5893,87320046,4030
5894,87320046,12990
5895,87320046,189410
5896,87320046,5400
5897,87320046,4030
5898,87320046,6900
5899,81593,500000
5900,81593,500000
5901,87320046,6910
5902,87320046,17830
5903,81593,500000
5904,87320046,7700
5905,81593,500000
5906,87320046,6100
5907,87320046,11960
5908,87320046,7590
5909,81593,500000
5910,87320046,5980
5911,81593,500000
5912,81593,500000
5913,81593,500000
5914,81593,500000
5915,87320046,6780
5916,87320046,5980
5917,87320046,7480
5918,87320046,10350
5919,87320046,5400
5920,87320046,8790
5921,81593,500000
5922,87320046,5290
5923,81593,500000
5924,81593,500000
5925,81593,500000
5926,81593,500000
5927,87320046,10350
5928,87320046,10000
5929,87320046,15980
5930,87320046,5870
5931,87320046,10350
5932,87320046,5060
5933,87320046,3110
5934,87320046,7360
5935,87320046,17250
5936,87320046,3800
5937,87320046,7590
5938,87320046,11730
5939,87320046,5290
5940,87320046,5520
5941,87320046,8850
5942,81593,500000
5943,87320046,5640
5944,87320046,6330
5945,81593,500000
5946,87320046,4710
5947,87320046,2760
5948,87320046,6550
5949,87320046,12190
5950,81593,500000
5951,81593,500000
5952,81593,500000
5953,87320046,16220
5954,81593,500000
5955,87320046,6550
5956,81593,500000
5957,87320046,9890
5958,87320046,7930
5959,87320046,4060
5960,81593,500000
5961,81593,500000
5962,87320046,6910
5963,87320046,18400
5964,81593,500000
5965,87320046,6330
5966,87320046,8850
5967,87320046,7130
5968,81593,500000
5969,87320046,11500
5970,87320046,9080
5971,87320046,5060
5972,81593,500000
5973,87320046,5180
5974,81593,500000
5975,87320046,4620
5976,81593,500000
5977,87320046,23340
5978,87320046,15410
5979,81593,500000
5980,87320046,9430
5981,87320046,7820
5982,87320046,7590
5983,87320046,5870
5984,87320046,5400
5985,87320046,16680
5986,81593,500000
5987,87320046,12310
5988,81593,500000
5989,81593,500000
5990,81593,500000
5991,87320046,19000
5992,87320046,3800
5993,81593,500000
5994,81593,500000
5995,87320046,6210
5996,81593,500000
5997,87320046,28410
5998,87320046,6100
5999,87320046,33460
6000,87320046,8850
6001,81593,500000
6002,87320046,4030
6003,87320046,7930
6004,87320046,7820
6005,87320046,13340
6006,87320046,6100
6007,87320046,5750
6008,81593,500000
6009,87320046,5980
6010,87320046,15180
6011,87320046,10700
6012,81593,500000
6013,87320046,5870
6014,81593,500000
6015,87320046,4030
6016,87320046,15870
6017,87320046,6780
6018,81593,500000
6019,87320046,20240
6020,87320046,6210
6021,87320046,5310
6022,87320046,5060
6023,87320046,2760
6024,87320046,5400
6025,81593,500000
6026,81593,500000
6027,81593,500000
6028,87320046,11620
6029,81593,500000
6030,87320046,2990
6031,81593,500000
6032,87320046,4030
6033,81593,500000
6034,87320046,12540
6035,87320046,5750
6036,87320046,7480
6037,87320046,5060
6038,87320046,6330
6039,81593,500000
6040,81593,500000
6041,81593,500000
6042,81593,500000
6043,87320046,5420
6044,87320046,4600
6045,87320046,11160
6046,81593,500000
6047,87320046,19670
6048,81593,500000
6049,87320046,4610
6050,87320046,8740
6051,81593,500000
6052,87320046,11040
6053,87320046,8050
6054,87320046,4140
6055,81593,500000
6056,87320046,4150
6057,87320046,40710
6058,81593,500000
6059,81593,500000
6060,81593,500000
6061,87320046,4490
6062,87320046,4710
6063,81593,500000
6064,87320046,3800
6065,87320046,5750
6066,87320046,7020
6067,87320046,7020
6068,87320046,3680
6069,81593,500000
6070,87320046,7820
6071,87320046,3800
6072,87320046,4370
6073,81593,500000
6074,87320046,4600
6075,81593,500000
6076,87320046,5870
6077,87320046,7020
6078,87320046,12420
6079,87320046,3910
6080,87320046,6100
6081,81593,500000
6082,87320046,8970
6083,81593,500000
6084,81593,500000
6085,87320046,5750
6086,87320046,7590
6087,81593,500000
6088,81593,500000
6089,87320046,11040
6090,87320046,10580
6091,87320046,7930
6092,87320046,9430
6093,87320046,10230
6094,87320046,10350
6095,87320046,7360
6096,87320046,5750
6097,87320046,3680
6098,81593,500000
6099,87320046,9200
6100,81593,500000
6101,87320046,8050
6102,81593,500000
6103,81593,500000
6104,81593,500000
6105,87320046,3800
6106,87320046,6670
6107,87320046,9430
6108,81593,500000
6109,87320046,14830
6110,87320046,4710
6111,87320046,9080
6112,87320046,9890
6113,81593,500000
6114,87320046,16220
6115,87320046,22080
6116,87320046,5750
6117,87320046,6440
6118,87320046,4830
6119,87320046,5300
6120,87320046,7830
6121,81593,500000
6122,81593,500000
6123,81593,500000
6124,87320046,33470
6125,87320046,5290
6126,87320046,7930
6127,81593,500000
6128,87320046,5400
6129,81593,500000
6130,87320046,4710
6131,87320046,8630
6132,87320046,3560
6133,81593,500000
6134,87320046,4710
6135,87320046,4830
6136,87320046,6210
6137,81593,500000
6138,87320046,5060
6139,87320046,9200
6140,81593,500000
6141,87320046,6330
6142,87320046,16910
6143,87320046,3450
6144,81593,500000
6145,87320046,3220
6146,87320046,5400
6147,87320046,8740
6148,87320046,5870
6149,87320046,3800
6150,87320046,6210
6151,81593,500000
6152,87320046,6900
6153,81593,500000
6154,87320046,7700
6155,87320046,9890
6156,81593,500000
6157,81593,500000
6158,87320046,11270
6159,87320046,20700
6160,87320046,8970
6161,87320046,7020
6162,81593,500000
6163,87320046,7700
6164,81593,500000
6165,87320046,12080
6166,87320046,20470
6167,81593,500000
6168,87320046,57050
6169,87320046,5640
6170,81593,500000
6171,87320046,7480
6172,87320046,6100
6173,87320046,24610
6174,87320046,4950
6175,81593,500000
6176,87320046,18170
6177,87320046,4710
6178,87320046,8170
6179,81593,500000
6180,81593,500000
6181,87320046,6550
6182,87320046,6100
6183,81593,500000
6184,87320046,11970
6185,87320046,16680
6186,87320046,3800
6187,87320046,4250
6188,87320046,13110
6189,81593,500000
6190,87320046,6780
6191,87320046,7020
6192,81593,500000
6193,87320046,5400
6194,87320046,13230
6195,87320046,8050
6196,87320046,5400
6197,87320046,10700
6198,81593,500000
6199,87320046,6450
6200,81593,500000
6201,87320046,5060
6202,87320046,6900
6203,87320046,12310
6204,81593,500000
6205,87320046,7590
6206,87320046,3560
6207,87320046,5640
6208,81593,500000
6209,87320046,8850
6210,87320046,19430
6211,87320046,5310
6212,87320046,5520
6213,87320046,8400
6214,81593,500000
6215,87320046,5520
6216,87320046,8170
6217,81593,500000
6218,87320046,5750
6219,87320046,18280
6220,87320046,31630
6221,87320046,6780
6222,87320046,11270
6223,81593,500000
6224,87320046,9450
6225,81593,500000
6226,87320046,9080
6227,81593,500000
6228,81593,500000
6229,81593,500000
6230,81593,500000
6231,87320046,5290
6232,87320046,7020
6233,87320046,5870
6234,87320046,36570
6235,81593,500000
6236,87320046,4710
6237,81593,500000
6238,87320046,7480
6239,87320046,5400
6240,87320046,9430
6241,87320046,8740
6242,81593,500000
6243,81593,500000
6244,87320046,13680
6245,87320046,11960
6246,87320046,10700
6247,87320046,4270
6248,87320046,6900
6249,87320046,4600
6250,87320046,7020
6251,87320046,8740
6252,87320046,11730
6253,87320046,3680
6254,87320046,15760
6255,87320046,17370
6256,87320046,5750
6257,87320046,4830
6258,81593,500000
6259,87320046,4250
6260,87320046,4830
6261,81593,500000
6262,87320046,6330
6263,87320046,6440
6264,81593,500000
6265,87320046,10810
6266,87320046,4710
6267,87320046,5750
6268,81593,500000
6269,87320046,6210
6270,81593,500000
6271,81593,500000
6272,87320046,11270
6273,81593,500000
6274,81593,500000
6275,87320046,3680
6276,81593,500000
6277,87320046,4250
6278,87320046,8850
6279,87320046,7930
6280,87320046,5520
6281,87320046,9550
6282,87320046,6440
6283,87320046,5060
6284,87320046,3340
6285,81593,500000
6286,87320046,7480
6287,87320046,10700
6288,81593,500000
6289,87320046,3680
6290,87320046,58190
6291,87320046,6210
6292,81593,500000
6293,87320046,8280
6294,87320046,5640
6295,81593,500000
6296,87320046,5520
6297,87320046,20700
6298,81593,500000
6299,87320046,15530
6300,87320046,7930
6301,81593,500000
6302,87320046,10120
6303,87320046,5060
6304,87320046,8740
6305,81593,500000
6306,87320046,13230
6307,87320046,7700
6308,81593,500000
6309,87320046,15180
6310,87320046,7360
6311,87320046,8630
6312,87320046,4280
6313,87320046,7590
6314,87320046,3450
6315,87320046,12080
6316,87320046,17250
6317,87320046,9660
6318,81593,500000
6319,87320046,8740
6320,87320046,3910
6321,87320046,16330
6322,87320046,6100
6323,87320046,8970
6324,87320046,9890
6325,87320046,5750
6326,87320046,62680
6327,81593,500000
6328,81593,500000
6329,87320046,7820
6330,81593,500000
6331,87320046,4370
6332,87320046,5290
6333,87320046,10470
6334,87320046,12080
6335,87320046,9430
6336,87320046,5980
6337,87320046,12420
6338,81593,500000
6339,87320046,4950
6340,87320046,5750
6341,87320046,8060
6342,87320046,16100
6343,87320046,8170
6344,87320046,9890
6345,87320046,6100
6346,81593,500000
6347,87320046,6210
6348,87320046,10120
6349,87320046,8510
6350,81593,500000
6351,87320046,5180
6352,87320046,8050
6353,81593,500000
6354,87320046,5980
6355,81593,500000
6356,87320046,7820
6357,81593,500000
6358,81593,500000
6359,81593,500000
6360,81593,500000
6361,87320046,8740
6362,87320046,7130
6363,87320046,15870
6364,87320046,3220
6365,87320046,4490
6366,87320046,14610
6367,81593,500000
6368,81593,500000
6369,81593,500000
6370,81593,500000
6371,81593,500000
6372,81593,500000
6373,87320046,8970
6374,87320046,6550
6375,87320046,10000
6376,81593,500000
6377,87320046,6440
6378,87320046,6210
6379,87320046,6210
6380,87320046,6330
6381,87320046,20240
6382,87320046,16560
6383,87320046,6440
6384,87320046,5980
6385,87320046,6210
6386,87320046,12880
6387,87320046,2990
6388,87320046,22540
6389,87320046,5520
6390,87320046,5400
6391,87320046,9200
6392,87320046,10930
6393,87320046,11380
6394,81593,500000
6395,81593,500000
6396,87320046,7130
6397,87320046,4370
6398,87320046,2760
6399,87320046,12530
6400,87320046,7130
6401,87320046,3220
6402,87320046,10360
6403,87320046,5400
6404,87320046,5520
6405,87320046,11270
6406,81593,500000
6407,87320046,8280
6408,87320046,11270
6409,87320046,7250
6410,87320046,8280
6411,87320046,6550
6412,87320046,11850
6413,87320046,3800
6414,81593,500000
6415,87320046,22310
6416,87320046,10470
6417,87320046,6440
6418,87320046,7820
6419,81593,500000
6420,87320046,15980
6421,87320046,8170
6422,87320046,4710
6423,81593,500000
6424,87320046,9430
6425,87320046,6100
6426,87320046,6780
6427,81593,500000
6428,87320046,5520
6429,87320046,8740
6430,87320046,64750
6431,87320046,10700
6432,81593,500000
6433,81593,500000
6434,87320046,4140
6435,81593,500000
6436,87320046,5180
6437,87320046,10810
6438,87320046,8170
6439,87320046,14610
6440,87320046,5750
6441,87320046,7590
6442,87320046,9660
6443,87320046,18860
6444,87320046,4950
6445,87320046,10810
6446,87320046,9080
6447,87320046,23690
6448,81593,500000
6449,87320046,4140
6450,87320046,5650
6451,87320046,9200
6452,87320046,6550
6453,87320046,9080
6454,87320046,10810
6455,87320046,5060
6456,81593,500000
6457,87320046,35760
6458,87320046,11500
6459,87320046,8630
6460,87320046,8540
6461,87320046,13920
6462,87320046,4950
6463,87320046,5980
6464,87320046,6900
6465,87320046,8510
6466,87320046,6550
6467,87320046,2880
6468,87320046,4140
6469,87320046,6330
6470,87320046,11620
6471,87320046,9320
6472,87320046,9660
6473,87320046,10000
6474,87320046,8170
6475,81593,500000
6476,87320046,7130
6477,87320046,7360
6478,87320046,10120
6479,87320046,8280
6480,87320046,8400
6481,81593,500000
6482,87320046,10700
6483,87320046,6550
6484,87320046,4370
6485,87320046,5640
6486,81593,500000
6487,81593,500000
6488,87320046,6550
6489,87320046,19090
6490,87320046,14030
6491,81593,500000
6492,87320046,9320
6493,87320046,6130
6494,87320046,5290
6495,81593,500000
6496,87320046,6670
6497,87320046,8970
6498,87320046,17830
6499,87320046,5290
6500,81593,500000
6501,87320046,6900
6502,87320046,14490
6503,87320046,5640
6504,87320046,4140
6505,87320046,11730
6506,87320046,8170
6507,87320046,4030
6508,87320046,7480
6509,81593,500000
6510,81593,500000
6511,87320046,7360
6512,87320046,3680
6513,87320046,8510
6514,87320046,6330
6515,87320046,6670
6516,87320046,2760
6517,81593,500000
6518,87320046,5400
6519,87320046,8400
6520,87320046,11160
6521,81593,500000
6522,81593,500000
6523,81593,500000
6524,81593,500000
6525,81593,500000
6526,87320046,21040
6527,81593,500000
6528,87320046,8170
6529,87320046,4490
6530,87320046,36800
6531,87320046,3910
6532,87320046,6330
6533,87320046,5180
6534,87320046,7020
6535,87320046,8510
6536,81593,500000
6537,81593,500000
6538,81593,500000
6539,81593,500000
6540,87320046,10930
6541,87320046,17950
6542,87320046,5060
6543,87320046,4490
6544,81593,500000
6545,87320046,7480
6546,87320046,5640
6547,87320046,17480
6548,87320046,9080
6549,87320046,5180
6550,87320046,4270
6551,87320046,4600
6552,87320046,4140
6553,87320046,12190
6554,81593,500000
6555,81593,500000
6556,87320046,5870
6557,87320046,3590
6558,81593,500000
6559,87320046,11960
6560,87320046,8280
6561,87320046,4950
6562,87320046,6670
6563,87320046,6780
6564,87320046,6780
6565,81593,500000
6566,81593,500000
6567,87320046,9780
6568,87320046,11500
6569,87320046,4490
6570,87320046,4710
6571,87320046,16220
6572,87320046,28520
6573,87320046,6780
6574,87320046,8630
6575,87320046,4030
6576,81593,500000
6577,81593,500000
6578,87320046,5870
6579,81593,500000
6580,87320046,5400
6581,87320046,6210
6582,87320046,4030
6583,81593,500000
6584,87320046,8280
6585,87320046,5060
6586,81593,500000
6587,87320046,18170
6588,87320046,18630
6589,87320046,5750
6590,87320046,6670
6591,81593,500000
6592,81593,500000
6593,87320046,10000
6594,81593,500000
6595,87320046,9430
6596,87320046,17020
6597,81593,500000
6598,81593,500000
6599,87320046,5980
6600,87320046,3800
6601,87320046,16680
6602,81593,500000
6603,81593,500000
6604,87320046,5640
6605,81593,500000
6606,87320046,8630
6607,87320046,7020
6608,81593,500000
6609,81593,500000
6610,81593,500000
6611,87320046,7130
6612,87320046,5640
6613,87320046,7930
6614,87320046,5290
6615,87320046,4600
6616,87320046,13680
6617,87320046,7590
6618,87320046,4500
6619,87320046,13460
6620,87320046,4490
6621,81593,500000
6622,87320046,65780
6623,87320046,5640
6624,87320046,5060
6625,81593,500000
6626,87320046,20590
6627,81593,500000
6628,87320046,12420
6629,87320046,4140
6630,87320046,3110
6631,87320046,4490
6632,81593,500000
6633,81593,500000
6634,81593,500000
6635,81593,500000
6636,81593,500000
6637,87320046,11620
6638,81593,500000
6639,87320046,6550
6640,87320046,3560
6641,87320046,9080
6642,81593,500000
6643,81593,500000
6644,81593,500000
6645,81593,500000
6646,87320046,7360
6647,87320046,5400
6648,81593,500000
6649,87320046,16330
6650,87320046,6330
6651,87320046,8510
6652,81593,500000
6653,87320046,6440
6654,87320046,7590
6655,87320046,8050
6656,87320046,7130
6657,81593,500000
6658,87320046,7820
6659,87320046,9320
6660,87320046,6440
6661,87320046,5640
6662,87320046,5180
6663,87320046,5060
6664,87320046,5420
6665,87320046,8400
6666,87320046,4710
6667,81593,500000
6668,87320046,5870
6669,87320046,7250
6670,81593,500000
6671,81593,500000
6672,87320046,12310
6673,87320046,5640
6674,87320046,6550
6675,87320046,6100
6676,81593,500000
6677,87320046,8630
6678,87320046,15290
6679,87320046,7130
6680,87320046,12080
6681,87320046,7250
6682,87320046,16220
6683,81593,500000
6684,87320046,15530
6685,87320046,11040
6686,87320046,11850
6687,87320046,5180
6688,87320046,9780
6689,87320046,7020
6690,87320046,4150
6691,87320046,4600
6692,87320046,6230
6693,87320046,7700
6694,87320046,6210
6695,87320046,5750
6696,87320046,5870
6697,81593,500000
6698,87320046,7360
6699,87320046,4490
6700,87320046,6330
6701,87320046,14830
6702,87320046,7590
6703,81593,500000
6704,81593,500000
6705,87320046,13800
6706,87320046,4950
6707,87320046,9660
6708,81593,500000
6709,87320046,6550
6710,87320046,10580
6711,87320046,16910
6712,87320046,4950
6713,87320046,8850
6714,87320046,3910
6715,87320046,10350
6716,81593,500000
6717,81593,500000
6718,81593,500000
6719,87320046,5290
6720,81593,500000
6721,87320046,7250
6722,87320046,10120
6723,87320046,11850
6724,87320046,7700
6725,81593,500000
6726,87320046,5290
6727,87320046,8060
6728,87320046,18060
6729,81593,500000
6730,87320046,6330
6731,87320046,5180
6732,87320046,6330
6733,87320046,5180
6734,81593,500000
6735,87320046,7950
6736,87320046,5520
6737,87320046,8050
6738,87320046,19330
6739,87320046,5060
6740,87320046,16220
6741,87320046,7250
6742,81593,500000
6743,81593,500000
6744,87320046,5060
6745,87320046,7820
6746,87320046,8170
6747,87320046,15070
6748,87320046,6100
6749,87320046,8290
6750,87320046,3560
6751,87320046,9890
6752,87320046,9080
6753,81593,500000
6754,81593,500000
6755,87320046,5640
6756,81593,500000
6757,81593,500000
6758,81593,500000
6759,87320046,4950
6760,87320046,7360
6761,87320046,6900
6762,87320046,5520
6763,87320046,14140
6764,87320046,10230
6765,87320046,6330
6766,81593,500000
6767,87320046,7590
6768,87320046,6670
6769,81593,500000
6770,87320046,8740
6771,87320046,37260
6772,81593,500000
6773,81593,500000
6774,87320046,7130
6775,87320046,7590
6776,87320046,14260
6777,81593,500000
6778,87320046,8630
6779,81593,500000
6780,87320046,13340
6781,87320046,4030
6782,87320046,6210
6783,87320046,34500
6784,81593,500000
6785,87320046,6440
6786,87320046,14030
6787,81593,500000
6788,87320046,8050
6789,87320046,13340
6790,81593,500000
6791,87320046,37840
6792,81593,500000
6793,87320046,6550
6794,87320046,7250
6795,87320046,14610
6796,87320046,7700
6797,87320046,10810
6798,87320046,7130
6799,81593,500000
6800,87320046,12190
6801,87320046,11040
6802,87320046,6670
6803,87320046,7710
6804,87320046,7250
6805,87320046,5180
6806,81593,500000
6807,87320046,17830
6808,87320046,7360
6809,87320046,7250
6810,87320046,6780
6811,81593,500000
6812,81593,500000
6813,87320046,6100
6814,81593,500000
6815,87320046,10470
6816,87320046,6100
6817,87320046,3800
6818,87320046,5980
6819,87320046,6100
6820,87320046,8510
6821,87320046,7080
6822,87320046,6330
6823,81593,500000
6824,87320046,6550
6825,81593,500000
6826,87320046,5990
6827,87320046,10810
6828,81593,500000
6829,87320046,8050
6830,81593,500000
6831,81593,500000
6832,87320046,7480
6833,87320046,9670
6834,81593,500000
6835,87320046,11380
6836,81593,500000
6837,87320046,6670
6838,87320046,11620
6839,87320046,4250
6840,87320046,7700
6841,87320046,64400
6842,87320046,35760
6843,87320046,7250
6844,87320046,5520
6845,87320046,5180
6846,81593,500000
6847,87320046,5750
6848,87320046,4710
6849,87320046,5290
6850,87320046,9320
6851,87320046,62100
6852,87320046,3570
6853,87320046,5750
6854,81593,500000
6855,87320046,8740
6856,81593,500000
6857,81593,500000
6858,87320046,12310
6859,81593,500000
6860,81593,500000
6861,87320046,8970
6862,87320046,6330
6863,81593,500000
6864,87320046,9550
6865,87320046,6550
6866,87320046,5980
6867,87320046,6440
6868,87320046,5060
6869,81593,500000
6870,81593,500000
6871,81593,500000
6872,87320046,9550
6873,81593,500000
6874,81593,500000
6875,87320046,23460
6876,87320046,11730
6877,87320046,11380
6878,81593,500000
6879,81593,500000
6880,87320046,7590
6881,87320046,6440
6882,81593,500000
6883,87320046,3680
6884,87320046,7590
6885,81593,500000
6886,87320046,5750
6887,81593,500000
6888,87320046,6900
6889,87320046,4600
6890,81593,500000
6891,87320046,11960
6892,87320046,4030
6893,87320046,12190
6894,87320046,7590
6895,87320046,17020
6896,87320046,4710
6897,87320046,30260
6898,81593,500000
6899,87320046,11850
6900,87320046,7020
6901,87320046,8510
6902,81593,500000
6903,81593,500000
6904,87320046,5870
6905,81593,500000
6906,87320046,6210
6907,87320046,7480
6908,87320046,7930
6909,87320046,5640
6910,87320046,12880
6911,87320046,5980
6912,81593,500000
6913,87320046,6100
6914,81593,500000
6915,87320046,7590
6916,81593,500000
6917,87320046,13460
6918,81593,500000
6919,81593,500000
6920,87320046,7820
6921,81593,500000
6922,81593,500000
6923,87320046,14950
6924,81593,500000
6925,87320046,7130
6926,81593,500000
6927,87320046,4830
6928,87320046,17940
6929,87320046,9320
6930,87320046,10000
6931,87320046,10930
6932,87320046,7820
6933,87320046,16440
6934,87320046,8850
6935,81593,500000
6936,87320046,5520
6937,87320046,9200
6938,87320046,5750
6939,87320046,17590
6940,87320046,17370
6941,87320046,11620
6942,87320046,6780
6943,87320046,2990
6944,87320046,5870
6945,87320046,12420
6946,87320046,16330
6947,81593,500000
6948,87320046,6210
6949,81593,500000
6950,87320046,5870
6951,81593,500000
6952,87320046,6550
6953,87320046,6550
6954,81593,500000
6955,81593,500000
6956,87320046,6900
6957,87320046,7480
6958,87320046,7820
6959,87320046,3450
6960,81593,500000
6961,87320046,15180
6962,87320046,5980
6963,81593,500000
6964,87320046,13110
6965,87320046,9780
6966,87320046,22430
6967,81593,500000
6968,81593,500000
6969,87320046,6330
6970,81593,500000
6971,87320046,8170
6972,81593,500000
6973,87320046,5870
6974,87320046,5640
6975,81593,500000
6976,81593,500000
6977,81593,500000
6978,81593,500000
6979,87320046,15530
6980,81593,500000
6981,87320046,11850
6982,87320046,11400
6983,87320046,9560
6984,87320046,9320
6985,87320046,13690
6986,87320046,7700
6987,87320046,6100
6988,81593,500000
6989,87320046,6440
6990,87320046,5640
6991,87320046,12310
6992,87320046,15760
6993,87320046,11730
6994,87320046,3340
6995,87320046,5180
6996,87320046,7360
6997,87320046,9320
6998,81593,500000
6999,81593,500000
7000,87320046,5520
7001,87320046,6470
7002,87320046,4250
7003,87320046,6440
7004,87320046,6780
7005,87320046,5980
7006,81593,500000
7007,87320046,5290
7008,81593,500000
7009,87320046,4710
7010,87320046,13460
7011,87320046,5870
7012,87320046,5400
7013,87320046,6100
7014,87320046,12650
7015,87320046,5290
7016,87320046,11730
7017,81593,500000
7018,87320046,11960
7019,87320046,8630
7020,81593,500000
7021,87320046,11850
7022,87320046,4490
7023,87320046,5400
7024,87320046,9430
7025,87320046,2650
7026,87320046,3110
7027,87320046,7480
7028,87320046,4610
7029,87320046,5190
7030,87320046,5750
7031,87320046,4140
7032,87320046,5870
7033,87320046,17020
7034,87320046,4710
7035,81593,500000
7036,87320046,8280
7037,87320046,8170
7038,87320046,6780
7039,87320046,12420
7040,87320046,8280
7041,81593,500000
7042,81593,500000
7043,87320046,4830
7044,81593,500000
7045,87320046,5060
7046,87320046,9430
7047,87320046,10470
7048,87320046,18630
7049,87320046,17250
7050,87320046,4490
7051,87320046,8170
7052,87320046,7930
7053,81593,500000
7054,87320046,6440
7055,87320046,6330
7056,87320046,9320
7057,87320046,7130
7058,87320046,3220
7059,81593,500000
7060,81593,500000
7061,87320046,31860
7062,87320046,19090
7063,87320046,3220
7064,87320046,10120
7065,81593,500000
7066,87320046,20240
7067,87320046,8050
7068,87320046,3800
7069,87320046,9570
7070,87320046,30480
7071,87320046,4250
7072,87320046,9550
7073,81593,500000
7074,87320046,5520
7075,87320046,6900
7076,87320046,5640
7077,87320046,6440
7078,81593,500000
7079,87320046,5870
7080,81593,500000
7081,81593,500000
7082,81593,500000
7083,87320046,5640
7084,87320046,13230
7085,87320046,5290
7086,87320046,5980
7087,87320046,12310
7088,87320046,7480
7089,87320046,7360
7090,87320046,7590
7091,87320046,7360
7092,81593,500000
7093,87320046,34390
7094,87320046,15760
7095,87320046,8970
7096,87320046,6210
7097,87320046,4710
7098,87320046,31390
7099,87320046,9660
7100,87320046,7700
7101,81593,500000
7102,87320046,18400
7103,87320046,6330
7104,87320046,11500
7105,81593,500000
7106,87320046,8850
7107,87320046,6550
7108,87320046,6780
7109,81593,500000
7110,81593,500000
7111,87320046,17830
7112,87320046,13810
7113,87320046,6210
7114,87320046,3800
7115,81593,500000
7116,87320046,6900
7117,81593,500000
7118,87320046,12650
7119,81593,500000
7120,87320046,10700
7121,87320046,9660
7122,81593,500000
7123,87320046,11380
7124,81593,500000
7125,87320046,8400
7126,87320046,6100
7127,87320046,7590
7128,87320046,8850
7129,81593,500000
7130,81593,500000
7131,81593,500000
7132,87320046,6670
7133,81593,500000
7134,81593,500000
7135,87320046,6330
7136,87320046,6440
7137,87320046,4600
7138,87320046,4370
7139,87320046,5980
7140,87320046,3220
7141,81593,500000
7142,81593,500000
7143,87320046,10360
7144,87320046,9320
7145,87320046,12650
7146,81593,500000
7147,81593,500000
7148,87320046,3800
7149,87320046,7360
7150,87320046,4830
7151,81593,500000
7152,87320046,7020
7153,87320046,8170
7154,87320046,9660
7155,81593,500000
7156,87320046,5980
7157,87320046,3110
7158,87320046,18980
7159,87320046,11270
7160,87320046,4140
7161,87320046,10350
7162,81593,500000
7163,87320046,8050
7164,87320046,4370
7165,87320046,3910
7166,87320046,9080
7167,81593,500000
7168,87320046,5870
7169,87320046,4250
7170,87320046,4950
7171,81593,500000
7172,81593,500000
7173,87320046,4710
7174,87320046,67620
7175,87320046,13800
7176,87320046,9890
7177,87320046,6440
7178,81593,500000
7179,87320046,10720
7180,81593,500000
7181,87320046,4030
7182,87320046,7930
7183,87320046,14610
7184,87320046,10810
7185,87320046,8510
7186,87320046,8970
7187,87320046,9780
7188,87320046,6900
7189,87320046,5520
7190,87320046,5180
7191,87320046,9320
7192,87320046,11980
7193,81593,500000
7194,87320046,11850
7195,87320046,7020
7196,87320046,12420
7197,87320046,5980
7198,87320046,6780
7199,87320046,5400
7200,87320046,4140
7201,81593,500000
7202,81593,500000
7203,87320046,4950
7204,87320046,6900
7205,87320046,4250
7206,81593,500000
7207,87320046,5060
7208,81593,500000
7209,81593,500000
7210,81593,500000
7211,81593,500000
7212,81593,500000
7213,87320046,6440
7214,81593,500000
7215,81593,500000
7216,81593,500000
7217,87320046,9550
7218,87320046,4710
7219,81593,500000
7220,87320046,5180
7221,81593,500000
7222,87320046,16790
7223,87320046,5290
7224,87320046,2650
7225,81593,500000
7226,81593,500000
7227,87320046,8850
7228,87320046,16910
7229,87320046,6330
7230,87320046,3910
7231,87320046,5870
7232,81593,500000
7233,87320046,18280
7234,87320046,9890
7235,87320046,30590
7236,81593,500000
7237,87320046,6330
7238,87320046,7360
7239,87320046,7130
7240,87320046,2530
7241,87320046,4140
7242,87320046,5640
7243,87320046,6670
7244,87320046,4490
7245,87320046,4830
7246,81593,500000
7247,81593,500000
7248,87320046,6210
7249,87320046,9660
7250,87320046,5400
7251,81593,500000
7252,87320046,2990
7253,87320046,4030
7254,81593,500000
7255,87320046,5640
7256,87320046,2880
7257,87320046,4950
7258,87320046,7590
7259,87320046,6900
7260,87320046,4490
7261,87320046,7250
7262,87320046,5750
7263,87320046,3560
7264,87320046,13920
7265,87320046,8050
7266,87320046,4600
7267,87320046,15870
7268,87320046,5980
7269,81593,500000
7270,87320046,5180
7271,87320046,4830
7272,87320046,6330
7273,87320046,6100
7274,87320046,7360
7275,81593,500000
7276,87320046,6100
7277,87320046,3110
7278,81593,500000
7279,87320046,17380
7280,87320046,16910
7281,81593,500000
7282,87320046,7590
7283,87320046,8970
7284,81593,500000
7285,87320046,8970
7286,87320046,5980
7287,87320046,11160
7288,87320046,17370
7289,81593,500000
7290,87320046,16220
7291,87320046,6100
7292,81593,500000
7293,87320046,9780
7294,81593,500000
7295,87320046,4600
7296,87320046,6780
7297,87320046,19210
7298,81593,500000
7299,81593,500000
7300,81593,500000
7301,87320046,12080
7302,87320046,4490
7303,87320046,6550
7304,87320046,5180
7305,87320046,7480
7306,87320046,4250
7307,87320046,5060
7308,87320046,4030
7309,87320046,7930
7310,87320046,5180
7311,81593,500000
7312,87320046,4830
7313,87320046,5520
7314,87320046,7360
7315,81593,500000
7316,87320046,3680
7317,81593,500000
7318,87320046,6670
7319,81593,500000
7320,87320046,7250
7321,87320046,5180
7322,87320046,7020
7323,81593,500000
7324,81593,500000
7325,87320046,5400
7326,81593,500000
7327,87320046,9200
7328,87320046,6670
7329,87320046,16570
7330,87320046,6210
7331,87320046,6900
7332,87320046,9320
7333,87320046,5520
7334,87320046,7130
7335,87320046,10760
7336,87320046,7700
7337,87320046,15870
7338,87320046,4490
7339,87320046,10940
7340,87320046,11730
7341,87320046,2990
7342,81593,500000
7343,87320046,9550
7344,87320046,5290
7345,87320046,4830
7346,81593,500000
7347,81593,500000
7348,87320046,5980
7349,81593,500000
7350,87320046,8970
7351,87320046,6330
7352,81593,500000
7353,87320046,40360
7354,87320046,6210
7355,87320046,9430
7356,87320046,11960
7357,87320046,8970
7358,87320046,7020
7359,87320046,12310
7360,87320046,5400
7361,87320046,5640
7362,87320046,64400
7363,87320046,7130
7364,87320046,13680
7365,81593,500000
7366,87320046,3910
7367,81593,500000
7368,87320046,7020
7369,87320046,7250
7370,81593,500000
7371,87320046,5980
7372,87320046,13680
7373,87320046,14720
7374,87320046,16560
7375,81593,500000
7376,87320046,7590
7377,81593,500000
7378,81593,500000
7379,87320046,6440
7380,81593,500000
7381,87320046,17830
7382,87320046,6670
7383,87320046,6900
7384,87320046,4600
7385,81593,500000
7386,87320046,5980
7387,81593,500000
7388,87320046,5180
7389,87320046,4830
7390,87320046,4490
7391,87320046,5980
7392,81593,500000
7393,81593,500000
7394,87320046,7360
7395,87320046,19890
7396,81593,500000
7397,87320046,8400
7398,87320046,7360
7399,81593,500000
7400,87320046,24730
7401,87320046,5980
7402,87320046,4490
7403,87320046,5400
7404,81593,500000
7405,81593,500000
7406,87320046,5980
7407,87320046,8760
7408,81593,500000
7409,87320046,9430
7410,87320046,11730
7411,87320046,8280
7412,87320046,4950
7413,81593,500000
7414,87320046,6210
7415,87320046,5180
7416,87320046,5180
7417,81593,500000
7418,87320046,4830
7419,87320046,11500
7420,81593,500000
7421,87320046,13520
7422,87320046,13110
7423,81593,500000
7424,87320046,15980
7425,87320046,4830
7426,87320046,6330
7427,87320046,4830
7428,87320046,4950
7429,87320046,9890
7430,87320046,10000
7431,87320046,21740
7432,87320046,7590
7433,87320046,6900
7434,87320046,8740
7435,87320046,6900
7436,87320046,5060
7437,87320046,8740
7438,87320046,4250
7439,87320046,7360
7440,87320046,16000
7441,87320046,7130
7442,87320046,9660
7443,87320046,8280
7444,87320046,7590
7445,87320046,4030
7446,87320046,11500
7447,87320046,7590
7448,87320046,15760
7449,87320046,10470
7450,87320046,9550
7451,81593,500000
7452,87320046,14380
7453,81593,500000
7454,87320046,8170
7455,87320046,6330
7456,87320046,7930
7457,87320046,6550
7458,81593,500000
7459,81593,500000
7460,81593,500000
7461,87320046,6550
7462,87320046,13920
7463,81593,500000
7464,87320046,7930
7465,87320046,15410
7466,87320046,5180
7467,87320046,60260
7468,87320046,5750
7469,81593,500000
7470,87320046,6900
7471,87320046,10470
7472,87320046,6780
7473,87320046,11960
7474,87320046,8640
7475,87320046,6100
7476,81593,500000
7477,81593,500000
7478,87320046,6210
7479,81593,500000
7480,87320046,9090
7481,81593,500000
7482,87320046,13570
7483,87320046,7480
7484,81593,500000
7485,81593,500000
7486,87320046,10580
7487,87320046,6550
7488,87320046,6100
7489,87320046,7250
7490,81593,500000
7491,87320046,7250
7492,81593,500000
7493,87320046,9320
7494,87320046,6210
7495,87320046,4160
7496,87320046,4830
7497,87320046,5070
7498,87320046,17250
7499,87320046,4490
7500,81593,500000
7501,87320046,4950
7502,87320046,11380
7503,87320046,5520
7504,87320046,5400
7505,81593,500000
7506,87320046,6780
7507,87320046,7480
7508,87320046,4830
7509,81593,500000
7510,87320046,9430
7511,87320046,34040
7512,87320046,11960
7513,81593,500000
7514,81593,500000
7515,81593,500000
7516,87320046,25530
7517,87320046,6100
7518,81593,500000
7519,87320046,5980
7520,87320046,9200
7521,81593,500000
7522,81593,500000
7523,87320046,5400
7524,81593,500000
7525,81593,500000
7526,87320046,5750
7527,87320046,10230
7528,87320046,8740
7529,81593,500000
7530,87320046,8510
7531,87320046,34040
7532,87320046,7930
7533,81593,500000
7534,87320046,8170
7535,87320046,7020
7536,81593,500000
7537,87320046,19890
7538,81593,500000
7539,81593,500000
7540,87320046,6900
7541,81593,500000
7542,87320046,6780
7543,87320046,5060
7544,87320046,3910
7545,81593,500000
7546,87320046,29330
7547,81593,500000
7548,81593,500000
7549,87320046,4830
7550,87320046,9080
7551,87320046,8630
7552,87320046,7130
7553,87320046,6780
7554,87320046,10700
7555,87320046,7360
7556,87320046,10470
7557,87320046,11270
7558,87320046,3110
7559,87320046,10700
7560,87320046,54970
7561,87320046,12650
7562,87320046,14830
7563,87320046,12990
7564,87320046,5180
7565,87320046,8510
7566,87320046,73370
7567,87320046,6550
7568,81593,500000
7569,87320046,7700
7570,81593,500000
7571,87320046,5290
7572,87320046,6100
7573,87320046,7360
7574,87320046,4710
7575,81593,500000
7576,87320046,8510
7577,87320046,5870
7578,87320046,11620
7579,81593,500000
7580,87320046,4830
7581,81593,500000
7582,81593,500000
7583,87320046,5870
7584,87320046,8400
7585,87320046,8850
7586,87320046,9080
7587,87320046,8510
7588,87320046,6780
7589,87320046,6100
7590,87320046,6100
7591,87320046,9080
7592,87320046,5980
7593,87320046,8740
7594,81593,500000
7595,87320046,14490
7596,87320046,6780
7597,87320046,6780
7598,87320046,3800
7599,87320046,8630
7600,87320046,6550
7601,87320046,5180
7602,81593,500000
7603,87320046,6900
7604,87320046,12080
7605,81593,500000
7606,87320046,5870
7607,87320046,8740
7608,87320046,17600
7609,87320046,9080
7610,87320046,5750
7611,81593,500000
7612,81593,500000
7613,87320046,4710
7614,87320046,34040
7615,87320046,10580
7616,87320046,9080
7617,87320046,5640
7618,87320046,8050
7619,87320046,5520
7620,87320046,4280
7621,87320046,9890
7622,87320046,13570
7623,87320046,11160
7624,87320046,9890
7625,81593,500000
7626,87320046,6670
7627,81593,500000
7628,87320046,5180
7629,87320046,14830
7630,87320046,4600
7631,81593,500000
7632,81593,500000
7633,87320046,8280
7634,87320046,4600
7635,87320046,5980
7636,87320046,13800
7637,87320046,9320
7638,87320046,9320
7639,81593,500000
7640,87320046,5750
7641,81593,500000
7642,87320046,9890
7643,81593,500000
7644,81593,500000
7645,87320046,32310
7646,81593,500000
7647,81593,500000
7648,87320046,34390
7649,81593,500000
7650,87320046,31630
7651,81593,500000
7652,87320046,4140
7653,87320046,4950
7654,87320046,5060
7655,81593,500000
7656,87320046,18520
7657,81593,500000
7658,87320046,7020
7659,87320046,7480
7660,81593,500000
7661,87320046,13340
7662,87320046,4490
7663,87320046,5640
7664,81593,500000
7665,87320046,6780
7666,87320046,7020
7667,87320046,15870
7668,87320046,6440
7669,87320046,6100
7670,87320046,6550
7671,81593,500000
7672,87320046,33720
7673,81593,500000
7674,81593,500000
7675,87320046,5290
7676,87320046,5400
7677,87320046,8400
7678,81593,500000
7679,87320046,3800
7680,81593,500000
7681,87320046,11960
7682,87320046,4710
7683,81593,500000
7684,87320046,8740
7685,87320046,7700
7686,87320046,12080
7687,87320046,8280
7688,81593,500000
7689,81593,500000
7690,87320046,8520
7691,87320046,7820
7692,87320046,6210
7693,87320046,5750
7694,81593,500000
7695,87320046,9430
7696,87320046,9450
7697,87320046,6210
7698,87320046,8970
7699,81593,500000
7700,87320046,7250
7701,87320046,11500
7702,87320046,7130
7703,87320046,14030
7704,87320046,4830
7705,81593,500000
7706,87320046,10350
7707,87320046,6460
7708,87320046,6780
7709,87320046,5980
7710,87320046,7360
7711,87320046,3450
7712,81593,500000
7713,81593,500000
7714,87320046,9790
7715,87320046,5180
7716,81593,500000
7717,87320046,33120
7718,87320046,7360
7719,87320046,6440
7720,87320046,63710
7721,87320046,10350
7722,87320046,3800
7723,87320046,7020
7724,87320046,5520
7725,87320046,11040
7726,87320046,13800
7727,87320046,14950
7728,87320046,4140
7729,87320046,8170
7730,87320046,7130
7731,87320046,5060
7732,87320046,8170
7733,81593,500000
7734,87320046,4490
7735,87320046,4030
7736,87320046,10590
7737,87320046,4490
7738,81593,500000
7739,81593,500000
7740,87320046,5980
7741,81593,500000
7742,87320046,7590
7743,87320046,3690
7744,87320046,9430
7745,87320046,13340
7746,81593,500000
7747,81593,500000
7748,81593,500000
7749,81593,500000
7750,87320046,6210
7751,87320046,8130
7752,87320046,9660
7753,87320046,5640
7754,87320046,11380
7755,87320046,6210
7756,87320046,6550
7757,81593,500000
7758,87320046,9200
7759,87320046,17480
7760,87320046,4710
7761,87320046,7250
7762,87320046,19780
7763,87320046,5750
7764,87320046,8050
7765,87320046,4600
7766,87320046,5750
7767,81593,500000
7768,87320046,10930
7769,87320046,9200
7770,87320046,4030
7771,87320046,29560
7772,81593,500000
7773,87320046,8740
7774,81593,500000
7775,81593,500000
7776,87320046,15290
7777,87320046,8050
7778,87320046,5060
7779,87320046,11500
7780,81593,500000
7781,87320046,5870
7782,87320046,3110
7783,81593,500000
7784,87320046,9430
7785,87320046,4370
7786,87320046,4710
7787,81593,500000
7788,87320046,15530
7789,87320046,5520
7790,81593,500000
7791,81593,500000
7792,87320046,5290
7793,81593,500000
7794,87320046,8740
7795,81593,500000
7796,87320046,6670
7797,87320046,5640
7798,87320046,4600
7799,87320046,7930
7800,81593,500000
7801,81593,500000
7802,87320046,34050
7803,87320046,7930
7804,87320046,10930
7805,87320046,30010
7806,81593,500000
7807,81593,500000
7808,87320046,3910
7809,81593,500000
7810,87320046,5520
7811,87320046,6330
7812,87320046,4370
7813,87320046,8630
7814,81593,500000
7815,81593,500000
7816,87320046,6440
7817,81593,500000
7818,87320046,13340
7819,87320046,8280
7820,81593,500000
7821,87320046,5750
7822,87320046,17710
7823,87320046,5520
7824,87320046,8740
7825,81593,500000
7826,87320046,23000
7827,87320046,5640
7828,87320046,6440
7829,87320046,6440
7830,81593,500000
7831,87320046,7590
7832,87320046,4030
7833,81593,500000
7834,81593,500000
7835,87320046,8740
7836,87320046,10930
7837,87320046,6100
7838,87320046,5060
7839,87320046,8170
7840,81593,500000
7841,87320046,7590
7842,87320046,7020
7843,87320046,5870
7844,87320046,4490
7845,87320046,9080
7846,87320046,27710
7847,87320046,8400
7848,87320046,6440
7849,87320046,5750
7850,87320046,5980
7851,81593,500000
7852,87320046,12310
7853,87320046,5640
7854,87320046,5290
7855,87320046,8520
7856,81593,500000
7857,87320046,2410
7858,81593,500000
7859,81593,500000
7860,87320046,5520
7861,87320046,5640
7862,87320046,5180
7863,81593,500000
7864,87320046,4250
7865,87320046,4250
7866,87320046,6670
7867,87320046,9890
7868,87320046,10930
7869,81593,500000
7870,87320046,7250
7871,81593,500000
7872,87320046,9200
7873,87320046,12650
7874,87320046,7930
7875,87320046,7130
7876,81593,500000
7877,87320046,10120
7878,81593,500000
7879,87320046,4280
7880,87320046,15980
7881,87320046,5870
7882,87320046,6440
7883,81593,500000
7884,87320046,16440
7885,81593,500000
7886,87320046,5180
7887,81593,500000
7888,87320046,6780
7889,81593,500000
7890,87320046,6100
7891,81593,500000
7892,81593,500000
7893,87320046,4600
7894,87320046,6670
7895,87320046,9200
7896,81593,500000
7897,87320046,7130
7898,81593,500000
7899,87320046,37720
7900,87320046,13340
7901,87320046,7480
7902,81593,500000
7903,87320046,5520
7904,81593,500000
7905,87320046,7480
7906,87320046,5400
7907,87320046,14260
7908,87320046,10930
7909,87320046,2880
7910,81593,500000
7911,87320046,4710
7912,87320046,8050
7913,87320046,12990
7914,87320046,7590
7915,87320046,9320
7916,81593,500000
7917,87320046,5400
7918,87320046,11850
7919,87320046,15870
7920,87320046,7700
7921,81593,500000
7922,81593,500000
7923,87320046,7700
7924,87320046,39680
7925,87320046,11270
7926,87320046,61750
7927,81593,500000
7928,87320046,4490
7929,87320046,6780
7930,87320046,5870
7931,87320046,6780
7932,87320046,6330
7933,87320046,4490
7934,81593,500000
7935,87320046,6100
7936,87320046,5060
7937,81593,500000
7938,87320046,20590
7939,87320046,4950
7940,81593,500000
7941,87320046,5200
7942,81593,500000
7943,81593,500000
7944,87320046,6780
7945,87320046,4600
7946,81593,500000
7947,87320046,5870
7948,87320046,3560
7949,87320046,6100
7950,87320046,6210
7951,81593,500000
7952,87320046,7820
7953,87320046,15980
7954,87320046,26450
7955,87320046,5060
7956,87320046,5750
7957,87320046,13110
7958,81593,500000
7959,87320046,16790
7960,87320046,6550
7961,87320046,4490
7962,87320046,9790
7963,87320046,10700
7964,87320046,3450
7965,81593,500000
7966,87320046,11620
7967,87320046,5060
7968,81593,500000
7969,81593,500000
7970,81593,500000
7971,87320046,12340
7972,87320046,32890
7973,81593,500000
7974,87320046,9660
7975,87320046,8050
7976,87320046,5410
7977,87320046,6210
7978,87320046,11500
7979,87320046,12190
7980,87320046,12420
7981,87320046,8510
7982,81593,500000
7983,87320046,6210
7984,87320046,8170
7985,87320046,4370
7986,87320046,10810
7987,81593,500000
7988,87320046,5640
7989,87320046,6670
7990,87320046,9890
7991,87320046,3800
7992,87320046,3800
7993,87320046,6330
7994,87320046,7020
7995,87320046,6100
7996,87320046,10930
7997,87320046,8400
7998,87320046,6670
7999,87320046,8970
8000,87320046,7700
8001,87320046,10700
8002,87320046,7590
8003,87320046,12990
8004,87320046,7930
8005,87320046,7700
8006,87320046,7360
8007,81593,500000
8008,87320046,11160
8009,87320046,6100
8010,87320046,19320
8011,81593,500000
8012,87320046,10810
8013,81593,500000
8014,87320046,20240
8015,87320046,4950
8016,87320046,19090
8017,87320046,4140
8018,87320046,10350
8019,87320046,5870
8020,81593,500000
8021,81593,500000
8022,87320046,10580
8023,81593,500000
8024,81593,500000
8025,87320046,8280
8026,87320046,61410
8027,87320046,6550
8028,87320046,10700
8029,81593,500000
8030,81593,500000
8031,81593,500000
8032,87320046,8050
8033,87320046,7600
8034,87320046,7700
8035,87320046,15760
8036,87320046,21280
8037,87320046,11380
8038,87320046,9780
8039,87320046,5640
8040,81593,500000
8041,87320046,6330
8042,87320046,23690
8043,81593,500000
8044,87320046,4830
8045,81593,500000
8046,87320046,6210
8047,87320046,7700
8048,81593,500000
8049,81593,500000
8050,81593,500000
8051,87320046,9080
8052,87320046,6100
8053,81593,500000
8054,87320046,11380
8055,87320046,35760
8056,81593,500000
8057,81593,500000
8058,81593,500000
8059,87320046,5870
8060,81593,500000
8061,81593,500000
8062,87320046,5520
8063,87320046,5980
8064,87320046,4030
8065,87320046,8050
8066,87320046,14030
8067,87320046,6210
8068,87320046,4950
8069,87320046,4370
8070,87320046,8400
8071,87320046,11730
8072,87320046,5980
8073,87320046,9430
8074,87320046,8170
8075,87320046,9320
8076,81593,500000
8077,81593,500000
8078,87320046,5290
8079,81593,500000
8080,87320046,4250
8081,87320046,5520
8082,81593,500000
8083,87320046,6550
8084,87320046,5400
8085,87320046,4140
8086,81593,500000
8087,81593,500000
8088,81593,500000
8089,87320046,4950
8090,81593,500000
8091,81593,500000
8092,81593,500000
8093,87320046,9890
8094,87320046,7590
8095,87320046,9550
8096,81593,500000
8097,87320046,8970
8098,87320046,7020
8099,87320046,4710
8100,87320046,7590
8101,87320046,6440
8102,87320046,5290
8103,87320046,5400
8104,87320046,14260
8105,87320046,6780
8106,87320046,7020
8107,87320046,4960
8108,87320046,9780
8109,81593,500000
8110,87320046,8850
8111,87320046,6210
8112,87320046,18630
8113,87320046,6670
8114,87320046,12990
8115,87320046,7610
8116,87320046,23460
8117,87320046,4140
8118,87320046,3680
8119,87320046,5870
8120,81593,500000
8121,87320046,16220
8122,87320046,9660
8123,87320046,12650
8124,87320046,4950
8125,87320046,5640
8126,87320046,7130
8127,87320046,8170
8128,87320046,4160
8129,87320046,63940
8130,81593,500000
8131,87320046,10930
8132,81593,500000
8133,87320046,6440
8134,87320046,11270
8135,87320046,10000
8136,87320046,12420
8137,87320046,8170
8138,81593,500000
8139,87320046,5290
8140,87320046,5180
8141,87320046,17830
8142,87320046,6100
8143,81593,500000
8144,87320046,17710
8145,81593,500000
8146,87320046,4490
8147,87320046,16220
8148,87320046,13230
8149,81593,500000
8150,87320046,13680
8151,87320046,14830
8152,81593,500000
8153,87320046,3680
8154,87320046,6780
8155,87320046,21870
8156,87320046,5060
8157,87320046,4830
8158,81593,500000
8159,87320046,9320
8160,87320046,4600
8161,87320046,4710
8162,87320046,4830
8163,87320046,5520
8164,81593,500000
8165,87320046,11380
8166,87320046,3700
8167,81593,500000
8168,87320046,5180
8169,87320046,4710
8170,87320046,6900
8171,87320046,9080
8172,87320046,6210
8173,87320046,7480
8174,87320046,7020
8175,87320046,11500
8176,87320046,7930
8177,87320046,5290
8178,87320046,14830
8179,87320046,4950
8180,87320046,8400
8181,87320046,4830
8182,87320046,9080
8183,81593,500000
8184,87320046,4830
8185,87320046,8510
8186,87320046,5600
8187,87320046,2650
8188,87320046,5400
8189,87320046,5180
8190,87320046,9550
8191,81593,500000
8192,87320046,33010
8193,87320046,8050
8194,81593,500000
8195,87320046,16790
8196,81593,500000
8197,87320046,7480
8198,87320046,6780
8199,81593,500000
8200,81593,500000
8201,87320046,3340
8202,81593,500000
8203,87320046,5520
8204,87320046,12190
8205,87320046,5980
8206,87320046,14610
8207,87320046,8280
8208,87320046,5870
8209,87320046,4370
8210,81593,500000
8211,87320046,11730
8212,87320046,8170
8213,87320046,7250
8214,87320046,7130
8215,87320046,5400
8216,87320046,6210
8217,87320046,6440
8218,81593,500000
8219,87320046,6100
8220,87320046,13110
8221,87320046,7020
8222,81593,500000
8223,87320046,11500
8224,81593,500000
8225,87320046,4830
8226,87320046,12990
8227,81593,500000
8228,81593,500000
8229,87320046,6550
8230,81593,500000
8231,87320046,4710
8232,87320046,21040
8233,87320046,20470
8234,87320046,2990
8235,87320046,6900
8236,87320046,11500
8237,81593,500000
8238,87320046,8400
8239,87320046,15980
8240,81593,500000
8241,87320046,63250
8242,87320046,9200
8243,87320046,4250
8244,87320046,13110
8245,87320046,4370
8246,87320046,7020
8247,81593,500000
8248,87320046,4030
8249,87320046,3800
8250,87320046,13800
8251,81593,500000
8252,87320046,4830
8253,87320046,5400
8254,87320046,6210
8255,87320046,15870
8256,87320046,14140
8257,87320046,5180
8258,87320046,3800
8259,81593,500000
8260,87320046,4600
8261,81593,500000
8262,81593,500000
8263,87320046,6780
8264,87320046,8530
8265,87320046,3910
8266,87320046,4830
8267,81593,500000
8268,87320046,9780
8269,87320046,9920
8270,87320046,5290
8271,81593,500000
8272,87320046,9890
8273,81593,500000
8274,81593,500000
8275,87320046,11270
8276,87320046,5750
8277,87320046,4030
8278,87320046,6550
8279,81593,500000
8280,87320046,15760
8281,87320046,10470
8282,81593,500000
8283,87320046,6550
8284,81593,500000
8285,87320045,4600
8286,87320045,10810
8287,87320045,5870
8288,87320045,5060
8289,87320045,2880
8290,87320045,7130
8291,81593,500000
8292,81593,500000
8293,81593,500000
8294,87320045,4950
8295,87320045,8280
8296,87320045,5870
8297,87320045,135470
8298,87320045,6670
8299,87320045,7360
8300,87320045,21160
8301,87320045,8970
8302,81593,500000
8303,87320045,9200
8304,87320045,6330
8305,87320045,6100
8306,87320045,7020
8307,81593,500000
8308,87320045,5750
8309,81593,500000
8310,87320045,8050
8311,87320045,5300
8312,87320045,3800
8313,81593,500000
8314,87320045,9430
8315,87320045,35420
8316,81593,500000
8317,81593,500000
8318,81593,500000
8319,87320045,9780
8320,87320045,5180
8321,87320045,5980
8322,87320045,8850
8323,87320045,8170
8324,87320045,193780
8325,81593,500000
8326,81593,500000
8327,81593,500000
8328,87320045,8050
8329,87320045,4030
8330,87320045,9550
8331,87320045,6100
8332,87320045,43130
8333,87320045,10230
8334,87320045,7250
8335,87320045,5640
8336,81593,500000
8337,87320045,15410
8338,87320045,4490
8339,81593,500000
8340,87320045,6210
8341,87320045,17590
8342,87320045,4710
8343,81593,500000
8344,87320045,6670
8345,87320045,4250
8346,87320045,5980
8347,81593,500000
8348,81593,500000
8349,87320045,9660
8350,87320045,5750
8351,87320045,8850
8352,87320045,5290
8353,81593,500000
8354,87320045,6900
8355,87320045,8170
8356,87320045,6670
8357,81593,500000
8358,87320045,8170
8359,87320045,9890
8360,81593,500000
8361,87320045,5870
8362,87320045,11160
8363,87320045,30150
8364,81593,500000
8365,87320045,12080
8366,81593,500000
8367,87320045,19550
8368,81593,500000
8369,87320045,4950
8370,87320045,4950
8371,81593,500000
8372,87320045,9660
8373,87320045,12310
8374,87320045,5750
8375,87320045,5870
8376,87320045,8970
8377,87320045,7820
8378,87320045,9660
8379,81593,500000
8380,81593,500000
8381,87320045,11850
8382,87320045,9320
8383,81593,500000
8384,87320045,4950
8385,87320045,11040
8386,87320045,5180
8387,87320045,10810
8388,81593,500000
8389,87320045,3450
8390,87320045,12650
8391,87320045,3460
8392,87320045,11270
8393,87320045,7480
8394,87320045,6550
8395,87320045,5640
8396,87320045,3800
8397,87320045,7590
8398,87320045,6330
8399,81593,500000
8400,87320045,7130
8401,87320045,6100
8402,87320045,6820
8403,81593,500000
8404,87320045,6440
8405,81593,500000
8406,87320045,6210
8407,87320045,8850
8408,81593,500000
8409,81593,500000
8410,87320045,13230
8411,87320045,7590
8412,81593,500000
8413,81593,500000
8414,87320045,7020
8415,81593,500000
8416,87320045,4600
8417,87320045,11160
8418,87320045,9550
8419,87320045,3110
8420,87320045,17020
8421,87320045,16910
8422,87320045,6550
8423,87320045,17480
8424,87320045,10000
8425,87320045,17370
8426,87320045,9200
8427,87320045,10810
8428,87320045,5400
8429,81593,500000
8430,87320045,6670
8431,87320045,11040
8432,87320045,10610
8433,87320045,15290
8434,81593,500000
8435,81593,500000
8436,87320045,5640
8437,87320045,7130
8438,87320045,7370
8439,81593,500000
8440,87320045,23000
8441,87320045,8510
8442,87320045,5290
8443,87320045,12310
8444,87320045,111330
8445,87320045,7250
8446,87320045,10230
8447,87320045,7360
8448,87320045,7020
8449,87320045,4600
8450,81593,500000
8451,87320045,5180
8452,81593,500000
8453,87320045,4950
8454,81593,500000
8455,87320045,9780
8456,87320045,16440
8457,81593,500000
8458,87320045,16100
8459,87320045,6670
8460,81593,500000
8461,87320045,14030
8462,87320045,22080
8463,87320045,7480
8464,87320045,9780
8465,87320045,15640
8466,87320045,10700
8467,87320045,7020
8468,87320045,5400
8469,81593,500000
8470,87320045,7700
8471,87320045,5520
8472,87320045,3910
8473,87320045,1380
8474,87320045,4270
8475,87320045,25190
8476,81593,500000
8477,81593,500000
8478,87320045,4710
8479,87320045,6100
8480,87320045,8170
8481,81593,500000
8482,81593,500000
8483,87320045,5290
8484,81593,500000
8485,81593,500000
8486,81593,500000
8487,87320045,10470
8488,87320045,8280
8489,87320045,8850
8490,87320045,7710
8491,87320045,11620
8492,87320045,3130
8493,81593,500000
8494,81593,500000
8495,81593,500000
8496,81593,500000
8497,87320045,17250
8498,87320045,6550
8499,87320045,5180
8500,87320045,5400
8501,87320045,4030
8502,87320045,4950
8503,81593,500000
8504,87320045,4140
8505,87320045,7360
8506,87320045,9320
8507,81593,500000
8508,87320045,4370
8509,87320045,10230
8510,87320045,8630
8511,87320045,9890
8512,87320045,5180
8513,81593,500000
8514,81593,500000
8515,87320045,4950
8516,87320045,9320
8517,87320045,6550
8518,87320045,6210
8519,87320045,11270
8520,87320045,9430
8521,87320045,8170
8522,87320045,9080
8523,87320045,4490
8524,87320045,4950
8525,87320045,3800
8526,81593,500000
8527,87320045,5870
8528,87320045,6780
8529,87320045,11160
8530,87320045,14830
8531,87320045,10120
8532,87320045,4830
8533,87320045,3800
8534,87320045,4710
8535,87320045,11040
8536,87320045,6800
8537,81593,500000
8538,87320045,9080
8539,87320045,8170
8540,81593,500000
8541,87320045,5060
8542,87320045,3910
8543,87320045,7020
8544,87320045,4600
8545,87320045,8170
8546,87320045,7930
8547,87320045,9430
8548,87320045,11620
8549,87320045,30480
8550,87320045,9320
8551,87320045,11040
8552,81593,500000
8553,81593,500000
8554,87320045,6900
8555,87320045,57290
8556,81593,500000
8557,87320045,8850
8558,87320045,6550
8559,87320045,22660
8560,87320045,5060
8561,87320045,4710
8562,87320045,7130
8563,87320045,5870
8564,87320045,7930
8565,81593,500000
8566,87320045,8170
8567,87320045,4710
8568,87320045,20010
8569,87320045,7700
8570,87320045,6550
8571,87320045,7730
8572,87320045,8170
8573,81593,500000
8574,87320045,5290
8575,87320045,7480
8576,81593,500000
8577,87320045,11730
8578,81593,500000
8579,81593,500000
8580,87320045,5400
8581,87320045,10230
8582,87320045,8050
8583,87320045,3800
8584,87320045,4490
8585,87320045,7700
8586,81593,500000
8587,87320045,4490
8588,87320045,7480
8589,81593,500000
8590,87320045,10000
8591,87320045,6100
8592,87320045,6670
8593,81593,500000
8594,87320045,7360
8595,87320045,21040
8596,81593,500000
8597,87320045,3110
8598,81593,500000
8599,87320045,29210
8600,87320045,6210
8601,81593,500000
8602,87320045,6210
8603,81593,500000
8604,87320045,3450
8605,87320045,3800
8606,87320045,9080
8607,87320045,7250
8608,87320045,6550
8609,87320045,3910
8610,87320045,14490
8611,87320045,4600
8612,87320045,8510
8613,81593,500000
8614,81593,500000
8615,87320045,4490
8616,81593,500000
8617,87320045,12650
8618,81593,500000
8619,81593,500000
8620,87320045,8170
8621,87320045,7130
8622,87320045,10700
8623,87320045,4140
8624,81593,500000
8625,81593,500000
8626,87320045,12310
8627,87320045,6900
8628,87320045,5400
8629,81593,500000
8630,81593,500000
8631,81593,500000
8632,87320045,18060
8633,81593,500000
8634,81593,500000
8635,87320045,8170
8636,87320045,9200
8637,87320045,14720
8638,87320045,4950
8639,81593,500000
8640,81593,500000
8641,87320045,5400
8642,87320045,22310
8643,87320045,6440
8644,87320045,7020
8645,81593,500000
8646,81593,500000
8647,87320045,11730
8648,87320045,27710
8649,87320045,7020
8650,87320045,16560
8651,87320045,8630
8652,87320045,6670
8653,87320045,8400
8654,87320045,9220
8655,87320045,5520
8656,81593,500000
8657,81593,500000
8658,87320045,13810
8659,87320045,3680
8660,87320045,5290
8661,87320045,7140
8662,87320045,10350
8663,87320045,3800
8664,87320045,4830
8665,87320045,4600
8666,87320045,8970
8667,87320045,14380
8668,87320045,5060
8669,87320045,8280
8670,87320045,16460
8671,87320045,6210
8672,87320045,4600
8673,87320045,9080
8674,81593,500000
8675,87320045,15070
8676,87320045,6780
8677,87320045,28640
8678,87320045,8510
8679,81593,500000
8680,87320045,6550
8681,87320045,3560
8682,87320045,9200
8683,87320045,7820
8684,87320045,8850
8685,87320045,18740
8686,87320045,4600
8687,87320045,13800
8688,81593,500000
8689,87320045,3930
8690,81593,500000
8691,81593,500000
8692,87320045,4490
8693,81593,500000
8694,87320045,16100
8695,87320045,8400
8696,87320045,9200
8697,87320045,11850
8698,87320045,5870
8699,87320045,9660
8700,87320045,4750
8701,87320045,7930
8702,87320045,5870
8703,87320045,7820
8704,87320045,8750
8705,87320045,8850
8706,87320045,3800
8707,81593,500000
8708,87320045,11040
8709,87320045,11040
8710,87320045,17940
8711,81593,500000
8712,87320045,6330
8713,87320045,6330
8714,87320045,8170
8715,87320045,5870
8716,87320045,5520
8717,87320045,7820
8718,81593,500000
8719,87320045,24040
8720,87320045,6440
8721,87320045,5310
8722,87320045,5750
8723,87320045,8170
8724,81593,500000
8725,81593,500000
8726,87320045,4030
8727,87320045,9780
8728,87320045,4490
8729,81593,500000
8730,81593,500000
8731,87320045,8060
8732,87320045,4140
8733,87320045,2880
8734,87320045,10470
8735,81593,500000
8736,81593,500000
8737,81593,500000
8738,87320045,6670
8739,87320045,15870
8740,81593,500000
8741,87320045,9550
8742,87320045,16100
8743,87320045,7480
8744,81593,500000
8745,81593,500000
8746,81593,500000
8747,87320045,5750
8748,87320045,5640
8749,81593,500000
8750,87320045,6670
8751,87320045,10930
8752,87320045,6780
8753,81593,500000
8754,87320045,10810
8755,87320045,5750
8756,81593,500000
8757,87320045,6100
8758,87320045,8510
8759,87320045,9200
8760,87320045,8170
8761,81593,500000
8762,87320045,4600
8763,87320045,4710
8764,87320045,17940
8765,87320045,8170
8766,81593,500000
8767,81593,500000
8768,81593,500000
8769,81593,500000
8770,81593,500000
8771,87320045,8510
8772,87320045,4830
8773,87320045,4140
8774,87320045,6210
8775,81593,500000
8776,87320045,5290
8777,81593,500000
8778,81593,500000
8779,81593,500000
8780,81593,500000
8781,87320045,6100
8782,87320045,6780
8783,81593,500000
8784,81593,500000
8785,87320045,4600
8786,87320045,5640
8787,81593,500000
8788,81593,500000
8789,87320045,55430
8790,87320045,5290
8791,87320045,7360
8792,87320045,5180
8793,87320045,6910
8794,87320045,4030
8795,87320045,8400
8796,87320045,17020
8797,87320045,6550
8798,81593,500000
8799,87320045,14140
8800,87320045,4950
8801,81593,500000
8802,87320045,25880
8803,87320045,5750
8804,87320045,6670
8805,87320045,4370
8806,81593,500000
8807,87320045,6550
8808,87320045,4710
8809,87320045,5640
8810,87320045,8970
8811,87320045,7130
8812,87320045,5750
8813,87320045,9080
8814,87320045,7590
8815,87320045,3110
8816,87320045,10350
8817,87320045,7820
8818,81593,500000
8819,81593,500000
8820,87320045,13920
8821,81593,500000
8822,87320045,6210
8823,87320045,7700
8824,87320045,7930
8825,87320045,6210
8826,87320045,6550
8827,81593,500000
8828,87320045,7490
8829,87320045,8970
8830,87320045,5290
8831,87320045,5290
8832,87320045,7700
8833,87320045,4250
8834,87320045,14140
8835,87320045,7820
8836,87320045,5180
8837,87320045,5640
8838,81593,500000
8839,81593,500000
8840,87320045,7480
8841,87320045,6550
8842,87320045,12420
8843,81593,500000
8844,87320045,8400
8845,87320045,4490
8846,87320045,10230
8847,87320045,7590
8848,87320045,4830
8849,87320045,6210
8850,87320045,4030
8851,87320045,4710
8852,87320045,8170
8853,81593,500000
8854,87320045,7480
8855,87320045,9780
8856,87320045,9780
8857,87320045,7820
8858,87320045,27490
8859,81593,500000
8860,81593,500000
8861,87320045,5060
8862,87320045,10810
8863,81593,500000
8864,87320045,5750
8865,81593,500000
8866,87320045,5980
8867,87320045,16910
8868,87320045,5640
8869,87320045,15980
8870,87320045,4600
8871,81593,500000
8872,87320045,5870
8873,81593,500000
8874,81593,500000
8875,87320045,8740
8876,87320045,33580
8877,87320045,10700
8878,87320045,5520
8879,81593,500000
8880,87320045,6910
8881,87320045,7250
8882,87320045,9780
8883,87320045,87050
8884,81593,500000
8885,81593,500000
8886,87320045,4490
8887,87320045,9220
8888,81593,500000
8889,87320045,29210
8890,87320045,4490
8891,81593,500000
8892,87320045,8510
8893,87320045,50600
8894,87320045,3110
8895,81593,500000
8896,87320045,6210
8897,81593,500000
8898,87320045,6330
8899,87320045,17830
8900,87320045,15640
8901,87320045,4950
8902,87320045,6330
8903,87320045,6550
8904,87320045,6440
8905,87320045,10810
8906,81593,500000
8907,87320045,6690
8908,87320045,12430
8909,87320045,17480
8910,81593,500000
8911,87320045,6790
8912,87320045,4710
8913,81593,500000
8914,81593,500000
8915,87320045,7700
8916,81593,500000
8917,87320045,7400
8918,81593,500000
8919,81593,500000
8920,87320045,8400
8921,81593,500000
8922,87320045,4600
8923,87320045,4600
8924,81593,500000
8925,87320045,6100
8926,81593,500000
8927,81593,500000
8928,87320045,6670
8929,87320045,14490
8930,87320045,12080
8931,81593,500000
8932,81593,500000
8933,87320045,5070
8934,81593,500000
8935,81593,500000
8936,81593,500000
8937,87320045,7820
8938,81593,500000
8939,87320045,8050
8940,81593,500000
8941,87320045,7250
8942,87320045,12790
8943,81593,500000
8944,87320045,8170
8945,81593,500000
8946,87320045,52330
8947,87320045,5520
8948,87320045,5980
8949,87320045,6440
8950,87320045,7360
8951,81593,500000
8952,87320045,8280
8953,87320045,6440
8954,87320045,6210
8955,87320045,19550
8956,81593,500000
8957,87320045,4600
8958,87320045,16220
8959,87320045,9430
8960,87320045,8740
8961,81593,500000
8962,87320045,4490
8963,87320045,4710
8964,87320045,16440
8965,87320045,3680
8966,87320045,20150
8967,87320045,4250
8968,87320045,7820
8969,87320045,6900
8970,81593,500000
8971,87320045,28860
8972,87320045,6330
8973,87320045,8970
8974,87320045,6100
8975,87320045,8050
8976,87320045,9890
8977,87320045,5180
8978,87320045,14830
8979,87320045,6670
8980,87320045,7590
8981,87320045,7940
8982,87320045,7820
8983,87320045,5310
8984,81593,500000
8985,81593,500000
8986,87320045,14720
8987,81593,500000
8988,81593,500000
8989,87320045,10580
8990,81593,500000
8991,87320045,3110
8992,87320045,7360
8993,87320045,3450
8994,81593,500000
8995,87320045,6210
8996,87320045,6220
8997,87320045,7480
8998,87320045,6670
8999,87320045,2530
9000,81593,500000
9001,81593,500000
9002,87320045,8280
9003,81593,500000
9004,87320045,5870
9005,87320045,9080
9006,87320045,14610
9007,87320045,16220
9008,87320045,15640
9009,81593,500000
9010,81593,500000
9011,87320045,10470
9012,87320045,9780
9013,87320045,5750
9014,87320045,7250
9015,87320045,35650
9016,87320045,34390
9017,87320045,10230
9018,81593,500000
9019,87320045,7930
9020,87320045,5870
9021,87320045,7130
9022,87320045,3340
9023,81593,500000
9024,87320045,5520
9025,87320045,18280
9026,87320045,7700
9027,87320045,8400
9028,87320045,5640
9029,81593,500000
9030,87320045,10700
9031,81593,500000
9032,87320045,6780
9033,87320045,5060
9034,87320045,5290
9035,87320045,9430
9036,87320045,6550
9037,87320045,5980
9038,87320045,32780
9039,87320045,5980
9040,87320045,5400
9041,87320045,6670
9042,87320045,7590
9043,87320045,7590
9044,81593,500000
9045,87320045,12650
9046,87320045,16450
9047,81593,500000
9048,81593,500000
9049,87320045,7360
9050,87320045,5290
9051,87320045,4490
9052,87320045,5980
9053,87320045,12080
9054,81593,500000
9055,87320045,10580
9056,87320045,3450
9057,87320045,5640
9058,87320045,7940
9059,87320045,6100
9060,87320045,5290
9061,87320045,4600
9062,81593,500000
9063,87320045,4250
9064,81593,500000
9065,87320045,5520
9066,87320045,7360
9067,87320045,4370
9068,87320045,8740
9069,87320045,9660
9070,87320045,4600
9071,87320045,4250
9072,87320045,4710
9073,87320045,4390
9074,81593,500000
9075,87320045,5640
9076,81593,500000
9077,87320045,10580
9078,81593,500000
9079,87320045,53010
9080,81593,500000
9081,87320045,4950
9082,81593,500000
9083,87320045,11040
9084,87320045,8170
9085,87320045,18080
9086,87320045,7830
9087,87320045,20010
9088,87320045,14720
9089,87320045,8850
9090,87320045,5400
9091,87320045,7250
9092,87320045,5870
9093,87320045,9550
9094,87320045,34960
9095,87320045,14490
9096,87320045,5400
9097,87320045,8170
9098,81593,500000
9099,81593,500000
9100,87320045,10000
9101,81593,500000
9102,81593,500000
9103,87320045,9200
9104,81593,500000
9105,87320045,5750
9106,87320045,7130
9107,87320045,20010
9108,87320045,6790
9109,87320045,10230
9110,87320045,6780
9111,87320045,6900
9112,87320045,5520
9113,87320045,7130
9114,81593,500000
9115,81593,500000
9116,87320045,6670
9117,81593,500000
9118,87320045,5180
9119,87320045,4950
9120,87320045,4250
9121,87320045,26110
9122,81593,500000
9123,87320045,6670
9124,87320045,6550
9125,87320045,7480
9126,81593,500000
9127,87320045,6100
9128,87320045,5870
9129,81593,500000
9130,81593,500000
9131,87320045,8850
9132,87320045,15980
9133,87320045,17710
9134,87320045,11040
9135,87320045,5870
9136,81593,500000
9137,87320045,3800
9138,81593,500000
9139,81593,500000
9140,87320045,7020
9141,87320045,18860
9142,87320045,10700
9143,81593,500000
9144,81593,500000
9145,81593,500000
9146,87320045,4490
9147,87320045,7820
9148,87320045,8630
9149,81593,500000
9150,81593,500000
9151,87320045,6440
9152,81593,500000
9153,87320045,15870
9154,87320045,9550
9155,87320045,9890
9156,87320045,8170
9157,81593,500000
9158,87320045,9550
9159,81593,500000
9160,81593,500000
9161,81593,500000
9162,87320045,4600
9163,87320045,6900
9164,87320045,7590
9165,81593,500000
9166,81593,500000
9167,87320045,15070
9168,87320045,4710
9169,81593,500000
9170,87320045,5640
9171,87320045,4710
9172,87320045,4030
9173,81593,500000
9174,87320045,9660
9175,87320045,7930
9176,81593,500000
9177,87320045,5180
9178,81593,500000
9179,87320045,11500
9180,87320045,1730
9181,87320045,9890
9182,87320045,11960
9183,81593,500000
9184,87320045,15530
9185,87320045,16910
9186,87320045,8280
9187,87320045,4600
9188,87320045,10230
9189,87320045,13570
9190,87320045,4140
9191,87320045,4710
9192,87320045,4600
9193,87320045,8170
9194,81593,500000
9195,87320045,9550
9196,87320045,11630
9197,81593,500000
9198,87320045,10120
9199,81593,500000
9200,87320045,9550
9201,81593,500000
9202,87320045,7360
9203,81593,500000
9204,87320045,45310
9205,81593,500000
9206,87320045,10700
9207,87320045,6100
9208,81593,500000
9209,87320045,4950
9210,87320045,4950
9211,81593,500000
9212,81593,500000
9213,87320045,5980
9214,87320045,10470
9215,87320045,11960
9216,81593,500000
9217,87320045,10120
9218,87320045,10930
9219,87320045,4370
9220,81593,500000
9221,87320045,6220
9222,81593,500000
9223,87320045,12310
9224,87320045,3800
9225,87320045,9430
9226,87320045,5640
9227,81593,500000
9228,87320045,9890
9229,87320045,4490
9230,87320045,10230
9231,87320045,8850
9232,81593,500000
9233,87320045,7360
9234,81593,500000
9235,81593,500000
9236,87320045,5870
9237,87320045,4370
9238,81593,500000
9239,87320045,11270
9240,87320045,11160
9241,87320045,5180
9242,81593,500000
9243,81593,500000
9244,87320045,19210
9245,87320045,8050
9246,81593,500000
9247,81593,500000
9248,87320045,8850
9249,87320045,8420
9250,81593,500000
9251,87320045,4600
9252,87320045,4030
9253,87320045,8280
9254,87320045,6210
9255,87320045,6900
9256,87320045,4250
9257,81593,500000
9258,87320045,15530
9259,87320045,6210
9260,81593,500000
9261,81593,500000
9262,81593,500000
9263,87320045,4250
9264,81593,500000
9265,87320045,3910
9266,87320045,19320
9267,81593,500000
9268,87320045,11160
9269,81593,500000
9270,81593,500000
9271,87320045,4600
9272,87320045,8170
9273,81593,500000
9274,87320045,4490
9275,87320045,6330
9276,81593,500000
9277,87320045,9430
9278,87320045,11960
9279,87320045,14140
9280,87320045,12990
9281,87320045,9660
9282,87320045,5400
9283,87320045,5530
9284,81593,500000
9285,81593,500000
9286,87320045,7360
9287,87320045,5520
9288,87320045,8410
9289,81593,500000
9290,87320045,5290
9291,87320045,10810
9292,87320045,9210
9293,81593,500000
9294,81593,500000
9295,87320045,6440
9296,87320045,4380
9297,81593,500000
9298,87320045,5750
9299,87320045,14960
9300,87320045,7480
9301,81593,500000
9302,87320045,7930
9303,87320045,7020
9304,87320045,11270
9305,81593,500000
9306,81593,500000
9307,87320045,9550
9308,87320045,9660
9309,81593,500000
9310,87320045,14610
9311,87320045,4490
9312,87320045,4830
9313,87320045,7130
9314,87320045,23920
9315,87320045,6210
9316,81593,500000
9317,87320045,4600
9318,87320045,6550
9319,81593,500000
9320,87320045,5640
9321,81593,500000
9322,81593,500000
9323,87320045,10580
9324,87320045,5870
9325,87320045,6900
9326,87320045,14830
9327,87320045,4710
9328,87320045,6100
9329,87320045,9080
9330,87320045,5870
9331,87320045,4950
9332,87320045,7930
9333,87320045,5290
9334,87320045,32890
9335,81593,500000
9336,87320045,11850
9337,87320045,9780
9338,87320045,5400
9339,81593,500000
9340,87320045,6550
9341,81593,500000
9342,87320045,7700
9343,87320045,4250
9344,81593,500000
9345,87320045,3800
9346,87320045,24270
9347,87320045,8970
9348,87320045,5180
9349,87320045,7020
9350,87320045,5250
9351,87320045,7590
9352,81593,500000
9353,81593,500000
9354,87320045,6550
9355,87320045,6550
9356,87320045,4830
9357,87320045,5210
9358,87320045,4140
9359,81593,500000
9360,87320045,5190
9361,87320045,25760
9362,81593,500000
9363,87320045,6210
9364,81593,500000
9365,81593,500000
9366,87320045,10580
9367,87320045,10930
9368,87320045,5640
9369,87320045,10000
9370,87320045,9430
9371,81593,500000
9372,87320045,5400
9373,81593,500000
9374,81593,500000
9375,87320045,8630
9376,81593,500000
9377,81593,500000
9378,81593,500000
9379,87320045,5640
9380,87320045,5750
9381,87320045,10350
9382,87320045,11620
9383,81593,500000
9384,87320045,10350
9385,87320045,7020
9386,81593,500000
9387,87320045,35880
9388,87320045,11620
9389,87320045,9430
9390,87320045,3340
9391,87320045,6550
9392,87320045,12310
9393,87320045,6670
9394,87320045,3800
9395,81593,500000
9396,87320045,6550
9397,81593,500000
9398,81593,500000
9399,87320045,7360
9400,87320045,5520
9401,87320045,12430
9402,81593,500000
9403,81593,500000
9404,87320045,17130
9405,87320045,7480
9406,87320045,4030
9407,87320045,7590
9408,87320045,11040
9409,81593,500000
9410,87320045,10350
9411,87320045,7700
9412,81593,500000
9413,81593,500000
9414,81593,500000
9415,81593,500000
9416,81593,500000
9417,87320045,17480
9418,87320045,11040
9419,87320045,9200
9420,87320045,6210
9421,87320045,9080
9422,81593,500000
9423,87320045,16220
9424,87320045,7250
9425,81593,500000
9426,87320045,5520
9427,87320045,34160
9428,87320045,6330
9429,87320045,11380
9430,87320045,20010
9431,87320045,5060
9432,81593,500000
9433,87320045,5400
9434,81593,500000
9435,81593,500000
9436,87320045,8170
9437,87320045,4140
9438,87320045,10230
9439,87320045,7820
9440,87320045,4370
9441,81593,500000
9442,87320045,6100
9443,81593,500000
9444,87320045,4730
9445,87320045,7590
9446,87320045,6900
9447,87320045,5060
9448,87320045,6440
9449,81593,500000
9450,87320045,6330
9451,87320045,16680
9452,87320045,3450
9453,87320045,7130
9454,87320045,10230
9455,81593,500000
9456,87320045,3450
9457,81593,500000
9458,81593,500000
9459,87320045,6440
9460,87320045,9890
9461,87320045,10580
9462,87320045,8050
9463,81593,500000
9464,87320045,5750
9465,87320045,11270
9466,87320045,3910
9467,87320045,5290
9468,87320045,4250
9469,87320045,7700
9470,87320045,8400
9471,87320045,10230
9472,81593,500000
9473,87320045,5400
9474,87320045,12650
9475,87320045,18060
9476,81593,500000
9477,87320045,4830
9478,87320045,8280
9479,87320045,3110
9480,87320045,5520
9481,87320045,5520
9482,87320045,17020
9483,87320045,5400
9484,81593,500000
9485,87320045,8170
9486,87320045,4250
9487,87320045,11160
9488,87320045,7130
9489,87320045,6330
9490,87320045,12420
9491,87320045,7820
9492,87320045,5060
9493,87320045,5180
9494,81593,500000
9495,87320045,5640
9496,87320045,4030
9497,87320045,6100
9498,81593,500000
9499,81593,500000
9500,87320045,10350
9501,87320045,7820
9502,87320045,5520
9503,87320045,10230
9504,87320045,6440
9505,87320045,7480
9506,87320045,6330
9507,87320045,2990
9508,87320045,20470
9509,81593,500000
9510,87320045,4490
9511,81593,500000
9512,87320045,7930
9513,87320045,7710
9514,87320045,2900
9515,87320045,6330
9516,87320045,5980
9517,87320045,5520
9518,87320045,2650
9519,87320045,6670
9520,87320045,5400
9521,81593,500000
9522,81593,500000
9523,81593,500000
9524,87320045,6670
9525,87320045,18400
9526,81593,500000
9527,87320045,7480
9528,81593,500000
9529,81593,500000
9530,87320045,9210
9531,87320045,6900
9532,87320045,4710
9533,87320045,7590
9534,87320045,3910
9535,87320045,6550
9536,81593,500000
9537,87320045,7480
9538,81593,500000
9539,87320045,29450
9540,87320045,9330
9541,81593,500000
9542,87320045,6440
9543,87320045,5640
9544,87320045,6780
9545,81593,500000
9546,87320045,12080
9547,87320045,4140
9548,87320045,5870
9549,87320045,7480
9550,81593,500000
9551,81593,500000
9552,81593,500000
9553,81593,500000
9554,87320045,7130
9555,87320045,8970
9556,81593,500000
9557,87320045,6670
9558,81593,500000
9559,87320045,7250
9560,87320045,11850
9561,87320045,8630
9562,81593,500000
9563,81593,500000
9564,87320045,7820
9565,87320045,17710
9566,81593,500000
9567,87320045,5870
9568,81593,500000
9569,87320045,4830
9570,87320045,10700
9571,87320045,5400
9572,81593,500000
9573,81593,500000
9574,87320045,9320
9575,87320045,4600
9576,87320045,2190
9577,87320045,5180
9578,87320045,3220
9579,87320045,16130
9580,87320045,11960
9581,81593,500000
9582,87320045,4600
9583,87320045,6780
9584,87320045,4250
9585,87320045,3560
9586,87320045,7130
9587,87320045,4600
9588,87320045,6670
9589,87320045,4950
9590,87320045,17590
9591,87320045,5640
9592,81593,500000
9593,87320045,5290
9594,87320045,6780
9595,87320045,7820
9596,87320045,6100
9597,87320045,6440
9598,87320045,12080
9599,81593,500000
9600,87320045,19550
9601,87320045,8850
9602,87320045,7360
9603,87320045,9660
9604,87320045,3800
9605,87320045,19090
9606,87320045,9890
9607,87320045,7130
9608,81593,500000
9609,87320045,5060
9610,87320045,5400
9611,87320045,11270
9612,87320045,4710
9613,87320045,6330
9614,81593,500000
9615,87320045,11620
9616,87320045,4490
9617,81593,500000
9618,87320045,6330
9619,87320045,12990
9620,81593,500000
9621,87320045,8850
9622,81593,500000
9623,87320045,9320
9624,87320045,9780
9625,87320045,6550
9626,81593,500000
9627,87320045,11850
9628,87320045,5060
9629,87320045,4050
9630,81593,500000
9631,87320045,5750
9632,87320045,8740
9633,81593,500000
9634,87320045,7930
9635,87320045,5750
9636,81593,500000
9637,87320045,6240
9638,87320045,7030
9639,87320045,4600
9640,87320045,4600
9641,87320045,9320
9642,87320045,8630
9643,81593,500000
9644,81593,500000
9645,87320045,6330
9646,87320045,8630
9647,87320045,5060
9648,81593,500000
9649,87320045,12310
9650,81593,500000
9651,81593,500000
9652,87320045,4830
9653,87320045,16680
9654,87320045,8050
9655,87320045,6330
9656,87320045,6780
9657,87320045,5180
9658,87320045,14950
9659,87320045,8630
9660,81593,500000
9661,87320045,4370
9662,81593,500000
9663,87320045,6100
9664,87320045,9080
9665,87320045,12420
9666,87320045,9430
9667,87320045,10000
9668,81593,500000
9669,81593,500000
9670,87320045,12990
9671,87320045,7250
9672,87320045,14140
9673,87320045,5290
9674,81593,500000
9675,87320045,10930
9676,87320045,17480
9677,87320045,4950
9678,87320045,8850
9679,87320045,6210
9680,81593,500000
9681,87320045,11730
9682,81593,500000
9683,87320045,6670
9684,87320045,5290
9685,87320045,6100
9686,87320045,7360
9687,87320045,5180
9688,87320045,6330
9689,87320045,18280
9690,87320045,8050
9691,87320045,4490
9692,87320045,7360
9693,87320045,7590
9694,81593,500000
9695,87320045,14260
9696,81593,500000
9697,81593,500000
9698,87320045,4250
9699,87320045,8170
9700,87320045,7480
9701,81593,500000
9702,87320045,34040
9703,81593,500000
9704,87320045,7600
9705,87320045,12190
9706,81593,500000
9707,87320045,18860
9708,81593,500000
9709,87320045,6210
9710,87320045,11850
9711,87320045,9550
9712,81593,500000
9713,87320045,5980
9714,81593,500000
9715,81593,500000
9716,81593,500000
9717,87320045,6680
9718,87320045,10840
9719,87320045,5640
9720,81593,500000
9721,87320045,6900
9722,87320045,5750
9723,87320045,6210
9724,87320045,4710
9725,81593,500000
9726,87320045,6330
9727,81593,500000
9728,87320045,9430
9729,81593,500000
9730,81593,500000
9731,87320045,5870
9732,87320045,8280
9733,87320045,8740
9734,87320045,4140
9735,87320045,11270
9736,87320045,9550
9737,87320045,21040
9738,87320045,11850
9739,81593,500000
9740,81593,500000
9741,87320045,6100
9742,81593,500000
9743,87320045,8510
9744,87320045,5410
9745,87320045,5290
9746,87320045,4490
9747,81593,500000
9748,87320045,5750
9749,81593,500000
9750,81593,500000
9751,87320045,4380
9752,81593,500000
9753,81593,500000
9754,81593,500000
9755,87320045,8060
9756,87320045,4830
9757,81593,500000
9758,87320045,6440
9759,87320045,15760
9760,81593,500000
9761,87320045,5750
9762,81593,500000
9763,87320045,11160
9764,87320045,20820
9765,87320045,14490
9766,87320045,6210
9767,87320045,18520
9768,81593,500000
9769,87320045,6440
9770,87320045,11850
9771,87320045,17130
9772,87320045,4490
9773,87320045,34160
9774,87320045,8740
9775,87320045,10120
9776,87320045,7250
9777,87320045,10230
9778,87320045,12770
9779,81593,500000
9780,87320045,11960
9781,87320045,7250
9782,87320045,8970
9783,87320045,7480
9784,87320045,4610
9785,87320045,5870
9786,87320045,36230
9787,87320045,6440
9788,87320045,9780
9789,81593,500000
9790,87320045,8280
9791,87320045,7360
9792,81593,500000
9793,81593,500000
9794,87320045,6330
9795,87320045,11850
9796,81593,500000
9797,87320045,10230
9798,81593,500000
9799,87320045,8740
9800,81593,500000
9801,81593,500000
9802,81593,500000
9803,87320045,5750
9804,87320045,8050
9805,87320045,16220
9806,81593,500000
9807,87320045,5520
9808,87320045,5060
9809,87320045,9660
9810,87320045,6900
9811,87320045,5400
9812,81593,500000
9813,87320045,7250
9814,87320045,7820
9815,87320045,20130
9816,87320045,17250
9817,87320045,16910
9818,87320045,6450
9819,87320045,3800
9820,87320045,9890
9821,87320045,7930
9822,87320045,10930
9823,87320045,6900
9824,87320045,5060
9825,81593,500000
9826,81593,500000
9827,81593,500000
9828,87320045,30590
9829,81593,500000
9830,87320045,7130
9831,87320045,16790
9832,87320045,10120
9833,87320045,6780
9834,81593,500000
9835,87320045,4950
9836,87320045,5520
9837,87320045,6550
9838,87320045,7700
9839,87320045,5980
9840,87320045,11730
9841,87320045,5750
9842,87320045,9080
9843,87320045,4830
9844,87320045,5400
9845,81593,500000
9846,87320045,7590
9847,81593,500000
9848,81593,500000
9849,87320045,6780
9850,87320045,10580
9851,87320045,8400
9852,87320045,4030
9853,87320045,5640
9854,87320045,2410
9855,87320045,5870
9856,87320045,7020
9857,87320045,8630
9858,81593,500000
9859,87320045,8050
9860,81593,500000
9861,81593,500000
9862,81593,500000
9863,87320045,9550
9864,81593,500000
9865,81593,500000
9866,87320045,4370
9867,81593,500000
9868,81593,500000
9869,81593,500000
9870,87320045,11500
9871,87320045,8400
9872,87320045,22310
9873,87320045,19210
9874,87320045,6780
9875,81593,500000
9876,87320045,5750
9877,81593,500000
9878,87320045,7250
9879,81593,500000
9880,81593,500000
9881,81593,500000
9882,81593,500000
9883,81593,500000
9884,87320045,6780
9885,87320045,7820
9886,81593,500000
9887,87320045,6210
9888,87320045,8280
9889,81593,500000
9890,81593,500000
9891,87320045,11730
9892,87320045,4490
9893,81593,500000
9894,81593,500000
9895,87320045,8970
9896,87320045,17020
9897,81593,500000
9898,87320045,10470
9899,87320045,7480
9900,87320045,5980
9901,87320045,4600
9902,87320045,13680
9903,87320045,4710
9904,87320045,12770
9905,87320045,6780
9906,81593,500000
9907,81593,500000
9908,87320045,6210
9909,87320045,7130
9910,87320045,25190
9911,81593,500000
9912,81593,500000
9913,87320045,6900
9914,87320045,16680
9915,81593,500000
9916,87320045,4710
9917,87320045,7250
9918,87320045,6210
9919,81593,500000
9920,81593,500000
9921,81593,500000
9922,87320045,9080
9923,87320045,8170
9924,87320045,7360
9925,87320045,9320
9926,87320045,4830
9927,81593,500000
9928,87320045,3910
9929,81593,500000
9930,81593,500000
9931,81593,500000
9932,87320045,6100
9933,81593,500000
9934,87320045,7130
9935,87320045,34730
9936,87320045,5870
9937,87320045,5640
9938,87320045,4600
9939,87320045,10590
9940,81593,500000
9941,87320045,4600
9942,81593,500000
9943,87320045,11270
9944,87320045,4710
9945,87320045,4490
9946,87320045,6440
9947,81593,500000
9948,81593,500000
9949,87320045,3680
9950,81593,500000
9951,87320045,16680
9952,87320045,12080
9953,87320045,5100
9954,81593,500000
9955,87320045,4140
9956,87320045,7360
9957,81593,500000
9958,87320045,4620
9959,87320045,8400
9960,87320045,4490
9961,87320045,10580
9962,87320045,5400
9963,87320045,10240
9964,87320045,5520
9965,81593,500000
9966,81593,500000
9967,87320045,8170
9968,81593,500000
9969,87320045,6780
9970,81593,500000
9971,81593,500000
9972,87320045,8630
9973,87320045,10230
9974,81593,500000
9975,81593,500000
9976,87320045,9550
9977,87320045,6680
9978,81593,500000
9979,81593,500000
9980,87320045,9780
9981,87320045,5980
9982,87320045,8170
9983,81593,500000
9984,87320045,12650
9985,87320045,4600
9986,87320045,8970
9987,81593,500000
9988,87320045,7480
9989,87320045,8510
9990,87320045,8050
9991,87320045,5400
9992,87320045,10350
9993,81593,500000
9994,87320045,9660
9995,87320045,13800
9996,87320045,11500
9997,87320045,7700
9998,87320045,5060
9999,81593,500000
10000,87320045,5520
10001,87320045,21040
10002,81593,500000
10003,87320045,3800
10004,87320045,16330
10005,81593,500000
10006,87320045,7700
10007,81593,500000
10008,81593,500000
10009,87320045,4830
10010,87320045,3450
10011,87320045,7590
10012,87320045,6210
10013,81593,500000
10014,81593,500000
10015,87320045,5640
10016,81593,500000
10017,87320045,12420
10018,87320045,8860
10019,87320045,5290
10020,87320045,4950
10021,87320045,6550
10022,87320045,9780
10023,87320045,4490
10024,81593,500000
10025,87320045,6330
10026,87320045,6550
10027,87320045,7700
10028,87320045,4600
10029,81593,500000
10030,81593,500000
10031,87320045,4030
10032,81593,500000
10033,87320045,4830
10034,87320045,5290
10035,87320045,15760
10036,81593,500000
10037,81593,500000
10038,81593,500000
10039,87320045,7130
10040,87320045,8050
10041,87320045,7130
10042,87320045,4950
10043,81593,500000
10044,87320045,8630
10045,87320045,17590
10046,87320045,7930
10047,87320045,4060
10048,87320045,5750
10049,87320045,5870
10050,87320045,7130
10051,87320045,4830
10052,87320045,5060
10053,87320045,16790
10054,87320045,6550
10055,81593,500000
10056,87320045,30480
10057,87320045,11730
10058,87320045,11500
10059,87320045,6560
10060,87320045,6210
10061,81593,500000
10062,87320045,12420
10063,87320045,5060
10064,87320045,4140
10065,87320045,6100
10066,81593,500000
10067,87320045,42210
10068,87320045,4490
10069,81593,500000
10070,87320045,6670
10071,81593,500000
10072,81593,500000
10073,81593,500000
10074,81593,500000
10075,81593,500000
10076,87320045,5640
10077,87320045,8170
10078,81593,500000
10079,81593,500000
10080,87320045,8850
10081,81593,500000
10082,81593,500000
10083,87320045,8740
10084,87320045,16100
10085,87320045,6690
10086,87320045,7020
10087,87320045,7590
10088,87320045,5870
10089,81593,500000
10090,87320045,11850
10091,87320045,9660
10092,87320045,23230
10093,87320045,5400
10094,87320045,10350
10095,87320045,5980
10096,81593,500000
10097,87320045,7130
10098,87320045,65550
10099,87320045,16790
10100,87320045,7590
10101,87320045,35310
10102,87320045,9200
10103,87320045,6210
10104,87320045,22770
10105,81593,500000
10106,81593,500000
10107,81593,500000
10108,87320045,4600
10109,81593,500000
10110,81593,500000
10111,87320045,8170
10112,81593,500000
10113,81593,500000
10114,87320045,8510
10115,87320045,6550
10116,87320045,98100
10117,87320045,7250
10118,81593,500000
10119,87320045,8630
10120,87320045,8170
10121,87320045,3340
10122,87320045,6210
10123,81593,500000
10124,87320045,10120
10125,87320045,10580
10126,87320045,7360
10127,87320045,5180
10128,81593,500000
10129,87320045,10000
10130,81593,500000
10131,87320045,8170
10132,87320045,27030
10133,87320045,18400
10134,87320045,8740
10135,87320045,6550
10136,87320045,7930
10137,87320045,5400
10138,87320045,9660
10139,87320045,14380
10140,81593,500000
10141,87320045,5530
10142,87320045,7250
10143,87320045,3800
10144,87320045,4950
10145,87320045,6210
10146,87320045,5060
10147,87320045,11960
10148,87320045,5750
10149,81593,500000
10150,87320045,10230
10151,87320045,5870
10152,81593,500000
10153,87320045,7820
10154,87320045,4830
10155,87320045,28290
10156,87320045,6440
10157,87320045,6670
10158,87320045,5060
10159,87320045,6440
10160,87320045,7480
10161,87320045,6440
10162,87320045,5060
10163,81593,500000
10164,81593,500000
10165,81593,500000
10166,81593,500000
10167,87320045,15070
10168,81593,500000
10169,87320045,8280
10170,81593,500000
10171,87320045,10810
10172,87320045,7250
10173,81593,500000
10174,87320045,2530
10175,87320045,18630
10176,81593,500000
10177,87320045,4250
10178,87320045,16220
10179,81593,500000
10180,81593,500000
10181,81593,500000
10182,81593,500000
10183,87320045,5750
10184,87320045,8740
10185,87320045,5520
10186,81593,500000
10187,87320045,9320
10188,87320045,5520
10189,81593,500000
10190,87320045,5400
10191,87320045,3220
10192,87320045,6900
10193,81593,500000
10194,81593,500000
10195,81593,500000
10196,87320045,6210
10197,81593,500000
10198,81593,500000
10199,87320045,8740
10200,87320045,5520
10201,81593,500000
10202,87320045,4600
10203,87320045,8850
10204,87320045,7250
10205,81593,500000
10206,87320045,8170
10207,87320045,3220
10208,87320045,7500
10209,81593,500000
10210,87320045,7250
10211,87320045,9320
10212,87320045,7830
10213,81593,500000
10214,81593,500000
10215,87320045,9890
10216,87320045,7020
10217,81593,500000
10218,87320045,6440
10219,87320045,10700
10220,87320045,5060
10221,81593,500000
10222,81593,500000
10223,81593,500000
10224,81593,500000
10225,87320045,5060
10226,87320045,5870
10227,87320045,5400
10228,87320045,16110
10229,87320045,5400
10230,87320045,11500
10231,87320045,4600
10232,87320045,5520
10233,87320045,4370
10234,87320045,5290
10235,87320045,12650
10236,87320045,4950
10237,87320045,21280
10238,87320045,7250
10239,87320045,4830
10240,87320045,9550
10241,87320045,5400
10242,81593,500000
10243,87320045,8510
10244,87320045,5400
10245,81593,500000
10246,87320045,4380
10247,87320045,4600
10248,87320045,5290
10249,81593,500000
10250,81593,500000
10251,87320045,6210
10252,87320045,4370
10253,87320045,5060
10254,87320045,7700
10255,87320045,34960
10256,81593,500000
10257,81593,500000
10258,81593,500000
10259,87320045,5750
10260,87320045,5640
10261,87320045,5060
10262,87320045,7250
10263,87320045,3680
10264,87320045,16560
10265,87320045,6100
10266,81593,500000
10267,87320045,8170
10268,87320045,11850
10269,87320045,4830
10270,81593,500000
10271,87320045,5180
10272,87320045,7700
10273,87320045,6100
10274,81593,500000
10275,87320045,8630
10276,87320045,8970
10277,81593,500000
10278,81593,500000
10279,81593,500000
10280,81593,500000
10281,87320045,7360
10282,87320045,12880
10283,87320045,5870
10284,87320045,4600
10285,81593,500000
10286,87320045,15410
10287,87320045,5400
10288,87320045,4710
10289,87320045,9430
10290,87320045,12190
10291,87320045,4490
10292,87320045,4830
10293,87320045,7820
10294,87320045,7480
10295,87320045,5180
10296,87320045,3680
10297,87320045,13920
10298,81593,500000
10299,81593,500000
10300,87320045,5990
10301,87320045,5180
10302,81593,500000
10303,87320045,7130
10304,81593,500000
10305,81593,500000
10306,87320045,5980
10307,81593,500000
10308,87320045,20590
10309,87320045,6100
10310,87320045,8630
10311,87320045,6330
10312,87320045,4830
10313,87320045,12650
10314,87320045,11380
10315,87320045,12650
10316,81593,500000
10317,87320045,5400
10318,87320045,5870
10319,87320045,7590
10320,81593,500000
10321,81593,500000
10322,81593,500000
10323,87320045,78660
10324,87320045,13230
10325,87320045,5520
10326,87320045,7130
10327,81593,500000
10328,87320045,4490
10329,87320045,15410
10330,87320045,16790
10331,81593,500000
10332,81593,500000
10333,87320045,7360
10334,87320045,6900
10335,87320045,9550
10336,87320045,5400
10337,87320045,5290
10338,87320045,5520
10339,81593,500000
10340,81593,500000
10341,81593,500000
10342,81593,500000
10343,87320045,6580
10344,87320045,10120
10345,87320045,14030
10346,81593,500000
10347,87320045,6210
10348,87320045,8050
10349,81593,500000
10350,87320045,3680
10351,87320045,5520
10352,81593,500000
10353,87320045,5400
10354,87320045,9890
10355,81593,500000
10356,87320045,9660
10357,87320045,10120
10358,87320045,19430
10359,87320045,4490
10360,87320045,7590
10361,87320045,6100
10362,87320045,6780
10363,87320045,7130
10364,87320045,5290
10365,81593,500000
10366,81593,500000
10367,87320045,31860
10368,87320045,9890
10369,87320045,5290
10370,87320045,7130
10371,87320045,8850
10372,87320045,14720
10373,87320045,9780
10374,81593,500000
10375,81593,500000
10376,87320045,12310
10377,87320045,7360
10378,87320045,5640
10379,87320045,4830
10380,87320045,5400
10381,81593,500000
10382,87320045,32090
10383,87320045,6670
10384,87320045,3910
10385,87320045,17830
10386,87320045,8630
10387,87320045,6900
10388,87320045,9890
10389,81593,500000
10390,81593,500000
10391,87320045,6900
10392,81593,500000
10393,87320045,8740
10394,87320045,9200
10395,87320045,11500
10396,87320045,4370
10397,81593,500000
10398,81593,500000
10399,87320045,6100
10400,87320045,14610
10401,81593,500000
10402,81593,500000
10403,87320045,8050
10404,87320045,4370
10405,87320045,14830
10406,87320045,5750
10407,81593,500000
10408,87320045,11960
10409,81593,500000
10410,81593,500000
10411,81593,500000
10412,87320045,12650
10413,87320045,7590
10414,87320045,10930
10415,87320045,37030
10416,87320045,4370
10417,81593,500000
10418,81593,500000
10419,87320045,12080
10420,87320045,5750
10421,87320045,15530
10422,87320045,8050
10423,87320045,9890
10424,87320045,5640
10425,87320045,11160
10426,87320045,14030
10427,81593,500000
10428,87320045,7500
10429,87320045,6340
10430,87320045,8280
10431,87320045,9320
10432,87320045,18630
10433,87320045,3680
10434,81593,500000
10435,87320045,30240
10436,87320045,8050
10437,81593,500000
10438,81593,500000
10439,87320045,4830
10440,81593,500000
10441,87320045,8970
10442,87320045,10470
10443,81593,500000
10444,87320045,5750
10445,81593,500000
10446,87320045,7700
10447,87320045,21390
10448,87320045,8750
10449,87320045,7130
10450,87320045,12190
10451,81593,500000
10452,87320045,4040
10453,87320045,3220
10454,81593,500000
10455,87320045,7700
10456,87320045,14490
10457,81593,500000
10458,87320045,7020
10459,87320045,5520
10460,81593,500000
10461,87320045,8400
10462,81593,500000
10463,87320045,10580
10464,87320045,7250
10465,87320045,8520
10466,81593,500000
10467,81593,500000
10468,87320045,6550
10469,87320045,9080
10470,87320045,12190
10471,87320045,5200
10472,81593,500000
10473,87320045,11850
10474,81593,500000
10475,81593,500000
10476,87320045,10700
10477,87320045,12650
10478,87320045,7590
10479,87320045,5750
10480,81593,500000
10481,81593,500000
10482,81593,500000
10483,81593,500000
10484,87320045,15410
10485,87320045,7130
10486,81593,500000
10487,87320045,7250
10488,87320045,8170
10489,87320045,8510
10490,87320045,10000
10491,81593,500000
10492,87320045,7250
10493,87320045,18740
10494,81593,500000
10495,87320045,5980
10496,87320045,9550
10497,87320045,10580
10498,87320045,4490
10499,87320045,5980
10500,81593,500000
10501,87320045,12080
10502,87320045,5980
10503,87320045,7930
10504,87320045,18520
10505,87320045,6210
10506,87320045,6910
10507,87320045,8170
10508,87320045,7590
10509,87320045,10490
10510,81593,500000
10511,87320045,8510
10512,87320045,6570
10513,87320045,4710
10514,87320045,7820
10515,87320045,8400
10516,87320045,4140
10517,87320045,8170
10518,87320045,6330
10519,81593,500000
10520,81593,500000
10521,87320045,7830
10522,81593,500000
10523,87320045,10700
10524,87320045,8400
10525,81593,500000
10526,81593,500000
10527,87320045,6680
10528,87320045,20700
10529,81593,500000
10530,87320045,14950
10531,87320045,4830
10532,87320045,12080
10533,81593,500000
10534,87320045,10230
10535,87320045,4370
10536,87320045,4950
10537,87320045,10230
10538,87320045,11730
10539,87320045,5400
10540,87320045,8630
10541,81593,500000
10542,87320045,10000
10543,87320045,5870
10544,81593,500000
10545,87320045,8280
10546,87320045,8740
10547,81593,500000
10548,87320045,7590
10549,87320045,4950
10550,81593,500000
10551,81593,500000
10552,87320045,3800
10553,81593,500000
10554,87320045,7360
10555,81593,500000
10556,87320045,4830
10557,87320045,7020
10558,87320045,5980
10559,87320045,7020
10560,87320045,4030
10561,87320045,5530
10562,81593,500000
10563,81593,500000
10564,87320045,13110
10565,87320045,31280
10566,87320045,3680
10567,87320045,28070
10568,81593,500000
10569,81593,500000
10570,87320045,5980
10571,87320045,8970
10572,87320045,8850
10573,87320045,21040
10574,81593,500000
10575,87320045,17480
10576,81593,500000
10577,87320045,5400
10578,87320045,10810
10579,87320045,15640
10580,87320045,6550
10581,87320045,6550
10582,81593,500000
10583,87320045,5410
10584,81593,500000
10585,81593,500000
10586,81593,500000
10587,81593,500000
10588,87320045,4140
10589,87320045,5400
10590,87320045,6550
10591,87320045,6550
10592,87320045,4600
10593,87320045,15290
10594,87320045,4850
10595,87320045,3110
10596,87320045,6900
10597,81593,500000
10598,81593,500000
10599,87320045,63600
10600,87320045,9890
10601,87320045,5640
10602,87320045,4600
10603,87320045,6330
10604,87320045,6670
10605,87320045,6100
10606,87320045,6330
10607,81593,500000
10608,81593,500000
10609,81593,500000
10610,87320045,15530
10611,87320045,6210
10612,81593,500000
10613,87320045,7130
10614,81593,500000
10615,81593,500000
10616,87320045,4490
10617,87320045,5400
10618,81593,500000
10619,87320045,7360
10620,81593,500000
10621,87320045,13800
10622,87320045,72560
10623,81593,500000
10624,87320045,5520
10625,81593,500000
10626,87320045,9200
10627,81593,500000
10628,87320045,5520
10629,87320045,11050
10630,87320045,7250
10631,87320045,17710
10632,87320045,8850
10633,87320045,5520
10634,87320045,4140
10635,87320045,11040
10636,87320045,9080
10637,81593,500000
10638,87320045,4830
10639,87320045,5290
10640,81593,500000
10641,87320045,12420
10642,81593,500000
10643,81593,500000
10644,81593,500000
10645,81593,500000
10646,81593,500000
10647,81593,500000
10648,81593,500000
10649,81593,500000
10650,87320045,10930
10651,87320045,4370
10652,87320045,35190
10653,87320045,6210
10654,81593,500000
10655,87320045,4830
10656,81593,500000
10657,87320045,7700
10658,81593,500000
10659,81593,500000
10660,87320045,27830
10661,81593,500000
10662,81593,500000
10663,87320045,5400
10664,87320045,4710
10665,87320045,6330
10666,87320045,6670
10667,81593,500000
10668,87320045,8400
10669,87320045,8970
10670,87320045,36460
10671,87320045,7950
10672,81593,500000
10673,87320045,7590
10674,81593,500000
10675,87320045,17370
10676,87320045,17250
10677,87320045,5520
10678,87320045,20930
10679,81593,500000
10680,87320045,8280
10681,87320045,7590
10682,87320045,4600
10683,87320045,10370
10684,87320045,10350
10685,81593,500000
10686,87320045,9550
10687,87320045,7480
10688,87320045,3450
10689,87320045,5180
10690,87320045,11850
10691,87320045,8400
10692,87320045,8850
10693,81593,500000
10694,87320045,7820
10695,87320045,3450
10696,87320045,6900
10697,81593,500000
10698,87320045,5180
10699,87320045,9660
10700,87320045,13110
10701,81593,500000
10702,87320045,6780
10703,87320045,21850
10704,81593,500000
10705,81593,500000
10706,87320045,4600
10707,81593,500000
10708,87320045,10230
10709,87320045,6780
10710,87320045,5640
10711,81593,500000
10712,87320045,15980
10713,87320045,5400
10714,87320045,70730
10715,87320045,8400
10716,87320045,6550
10717,87320045,4950
10718,87320045,64510
10719,87320045,7020
10720,81593,500000
10721,87320045,18170
10722,87320045,4250
10723,87320045,27940
10724,87320045,35420
10725,87320045,7480
10726,87320045,4950
10727,81593,500000
10728,81593,500000
10729,87320045,5180
10730,81593,500000
10731,87320045,9320
10732,87320045,18520
10733,87320045,7590
10734,87320045,8050
10735,81593,500000
10736,87320045,5180
10737,87320045,5550
10738,87320045,6210
10739,87320045,5180
10740,81593,500000
10741,87320045,4250
10742,87320045,14140
10743,87320045,4030
10744,87320045,6440
10745,87320045,11620
10746,87320045,3220
10747,81593,500000
10748,81593,500000
10749,87320045,7590
10750,87320045,12080
10751,81593,500000
10752,81593,500000
10753,87320045,5870
10754,87320045,5060
10755,87320045,7820
10756,81593,500000
10757,87320045,7820
10758,87320045,34500
10759,87320045,4490
10760,81593,500000
10761,87320045,5400
10762,81593,500000
10763,87320045,13460
10764,81593,500000
10765,87320045,12880
10766,87320045,5750
10767,87320045,9550
10768,81593,500000
10769,87320045,11850
10770,87320045,8410
10771,87320045,6900
10772,81593,500000
10773,81593,500000
10774,87320045,8400
10775,87320045,6210
10776,81593,500000
10777,81593,500000
10778,81593,500000
10779,87320045,9430
10780,87320045,4140
10781,81593,500000
10782,87320045,11960
10783,87320045,4710
10784,81593,500000
10785,87320045,15980
10786,81593,500000
10787,81593,500000
10788,81593,500000
10789,87320045,6100
10790,81593,500000
10791,87320045,34960
10792,87320045,5180
10793,87320045,5640
10794,81593,500000
10795,87320045,11730
10796,87320045,8280
10797,87320045,4250
10798,87320045,5750
10799,87320045,14610
10800,87320045,57390
10801,87320045,5640
10802,87320045,5060
10803,81593,500000
10804,87320045,7250
10805,87320045,5980
10806,81593,500000
10807,87320045,9320
10808,87320045,6330
10809,87320045,3680
10810,81593,500000
10811,87320045,7020
10812,81593,500000
10813,87320045,5400
10814,81593,500000
10815,81593,500000
10816,87320045,8510
10817,87320045,5750
10818,87320045,4710
10819,81593,500000
10820,87320045,7250
10821,87320045,17940
10822,87320045,8740
10823,87320045,7930
10824,81593,500000
10825,81593,500000
10826,87320045,4250
10827,87320045,8510
10828,87320045,8400
10829,87320045,10580
10830,87320045,7250
10831,87320045,6780
10832,81593,500000
10833,87320045,3800
10834,87320045,4250
10835,81593,500000
10836,87320045,9010
10837,87320045,4710
10838,81593,500000
10839,87320045,5290
10840,87320045,10000
10841,81593,500000
10842,87320045,6550
10843,87320045,5180
10844,87320045,12190
10845,81593,500000
10846,87320045,6330
10847,81593,500000
10848,87320045,25530
10849,81593,500000
10850,81593,500000
10851,87320045,6100
10852,87320045,4710
10853,81593,500000
10854,87320045,4250
10855,87320045,5180
10856,87320045,7130
10857,87320045,7590
10858,87320045,4830
10859,87320045,8170
10860,87320045,7020
10861,87320045,6440
10862,87320045,7360
10863,81593,500000
10864,81593,500000
10865,81593,500000
10866,87320045,5520
10867,87320045,6900
10868,87320045,5980
10869,87320045,5290
10870,87320045,13460
10871,81593,500000
10872,87320045,14140
10873,87320045,12190
10874,87320045,7170
10875,87320045,9320
10876,81593,500000
10877,87320045,5750
10878,81593,500000
10879,81593,500000
10880,87320045,40940
10881,87320045,6550
10882,87320045,4950
10883,81593,500000
10884,81593,500000
10885,87320045,7130
10886,87320045,9550
10887,81593,500000
10888,81593,500000
10889,81593,500000
10890,87320045,18520
10891,87320045,5400
10892,87320045,7820
10893,81593,500000
10894,87320045,4830
10895,87320045,11620
10896,87320045,5520
10897,87320045,11380
10898,87320045,9080
10899,87320045,5290
10900,81593,500000
10901,81593,500000
10902,81593,500000
10903,87320045,5400
10904,81593,500000
10905,87320045,14030
10906,87320045,6440
10907,87320045,6330
10908,87320045,9200
10909,81593,500000
10910,87320045,14830
10911,81593,500000
10912,87320045,39560
10913,81593,500000
10914,81593,500000
10915,87320045,26340
10916,87320045,7020
10917,81593,500000
10918,87320045,17590
10919,87320045,3120
10920,87320045,10580
10921,81593,500000
10922,81593,500000
10923,87320045,7020
10924,87320045,20130
10925,81593,500000
10926,81593,500000
10927,87320045,3680
10928,87320045,10930
10929,81593,500000
10930,87320045,9430
10931,87320045,8400
10932,87320045,5980
10933,81593,500000
10934,87320045,10000
10935,87320045,5870
10936,87320045,5520
10937,87320045,13460
10938,87320045,9780
10939,87320045,7250
10940,87320045,5640
10941,87320045,6550
10942,87320045,5870
10943,87320045,7700
10944,87320045,9080
10945,87320045,12650
10946,87320045,4500
10947,81593,500000
10948,87320045,12530
10949,87320045,28520
10950,81593,500000
10951,87320045,6100
10952,87320045,7930
10953,87320045,6670
10954,81593,500000
10955,87320045,9890
10956,87320045,7700
10957,87320045,4250
10958,87320045,4250
10959,81593,500000
10960,87320045,21970
10961,81593,500000
10962,81593,500000
10963,87320045,5400
10964,81593,500000
10965,81593,500000
10966,81593,500000
10967,87320045,6550
10968,87320045,8850
10969,87320045,4030
10970,87320045,7270
10971,81593,500000
10972,81593,500000
10973,81593,500000
10974,87320045,11500
10975,87320045,7820
10976,81593,500000
10977,87320045,5400
10978,87320045,6670
10979,87320045,4830
10980,81593,500000
10981,87320045,7130
10982,87320045,60490
10983,87320045,6780
10984,87320045,5520
10985,87320045,5980
10986,81593,500000
10987,87320045,7130
10988,87320045,7930
10989,87320045,9080
10990,87320045,10130
10991,87320045,10470
10992,87320045,7020
10993,87320045,7020
10994,87320045,5520
10995,87320045,7930
10996,87320045,2880
10997,87320045,4140
10998,81593,500000
10999,81593,500000
11000,87320045,6440
11001,87320045,5060
11002,87320045,7130
11003,87320045,4950
11004,87320045,8170
11005,87320045,5750
11006,81593,500000
11007,87320045,4140
11008,87320045,18060
11009,81593,500000
11010,87320045,4490
11011,81593,500000
11012,87320045,1850
11013,87320045,7590
11014,87320045,10700
11015,87320045,62210
11016,87320045,33120
11017,87320045,18640
11018,81593,500000
11019,87320045,10000
11020,87320045,3110
11021,87320045,6440
11022,87320045,5750
11023,87320045,28640
11024,87320045,7250
11025,81593,500000
11026,87320045,4600
11027,87320045,9200
11028,81593,500000
11029,87320045,4710
11030,87320045,8050
11031,87320045,10230
11032,81593,500000
11033,87320045,9780
11034,87320045,7590
11035,87320045,11730
11036,81593,500000
11037,87320045,7020
11038,87320045,4250
11039,87320045,4950
11040,87320045,7930
11041,81593,500000
11042,81593,500000
11043,87320045,7250
11044,87320045,12190
11045,81593,500000
11046,87320045,4250
11047,87320045,19900
11048,87320045,5400
11049,87320045,21390
11050,87320045,33690
11051,81593,500000
11052,87320045,9430
11053,81593,500000
11054,81593,500000
11055,87320045,7820
11056,87320045,10810
11057,81593,500000
11058,87320045,11270
11059,87320045,4140
11060,87320045,7490
11061,81593,500000
11062,87320045,6440
11063,87320045,3450
11064,87320045,10000
11065,87320045,4830
11066,87320045,10930
11067,87320045,5980
11068,87320045,5290
11069,81593,500000
11070,87320045,4950
11071,87320045,8970
11072,87320045,3560
11073,81593,500000
11074,81593,500000
11075,87320045,8510
11076,81593,500000
11077,87320045,4830
11078,87320045,7130
11079,87320045,3910
11080,87320045,5980
11081,87320045,4250
11082,81593,500000
11083,87320045,10810
11084,87320045,8860
11085,81593,500000
11086,81593,500000
11087,87320045,7480
11088,87320045,19090
11089,87320045,7250
11090,87320045,8170
11091,87320045,5180
11092,81593,500000
11093,87320045,5980
11094,81593,500000
11095,87320045,7930
11096,87320045,13110
11097,81593,500000
11098,87320045,7020
11099,81593,500000
11100,87320045,7360
11101,87320045,6550
11102,87320045,12770
11103,87320045,11040
11104,81593,500000
11105,87320045,6900
11106,87320045,6210
11107,87320045,4490
11108,87320045,11730
11109,87320045,6550
11110,87320045,5060
11111,87320045,11500
11112,81593,500000
11113,87320045,6910
11114,87320045,7820
11115,81593,500000
11116,87320045,5290
11117,87320045,9430
11118,87320045,9320
11119,87320045,8740
11120,87320045,5400
11121,87320045,10250
11122,87320045,4710
11123,87320045,4260
11124,87320045,3680
11125,87320045,12880
11126,87320045,15180
11127,87320045,3800
11128,87320045,8970
11129,81593,500000
11130,87320045,4250
11131,81593,500000
11132,87320045,4250
11133,87320045,5180
11134,81593,500000
11135,81593,500000
11136,87320045,18060
11137,87320045,11270
11138,87320045,13460
11139,87320045,4250
11140,87320045,6780
11141,87320045,4950
11142,81593,500000
11143,81593,500000
11144,87320045,4830
11145,87320045,5060
11146,87320045,4710
11147,87320045,14380
11148,87320045,6780
11149,87320045,5400
11150,87320045,6330
11151,87320045,5980
11152,87320045,4950
11153,87320045,8400
11154,87320045,11730
11155,87320045,5870
11156,87320045,4600
11157,87320045,10470
11158,87320045,8050
11159,87320045,4490
11160,87320045,25880
11161,87320045,8630
11162,87320045,7020
11163,81593,500000
11164,87320045,6110
11165,87320045,8740
11166,87320045,13680
11167,87320045,5980
11168,87320045,8970
11169,87320045,5640
11170,81593,500000
11171,87320045,5180
11172,81593,500000
11173,87320045,8970
11174,87320045,6330
11175,81593,500000
11176,87320045,5750
11177,87320045,9430
11178,87320045,13570
11179,81593,500000
11180,87320045,6900
11181,87320045,8290
11182,87320045,14720
11183,87320045,5870
11184,87320045,7130
11185,87320045,95570
11186,87320045,10230
11187,87320045,8850
11188,81593,500000
11189,87320045,4610
11190,87320045,6900
11191,87320045,6680
11192,87320045,4250
11193,87320045,5640
11194,81593,500000
11195,87320045,11620
11196,87320045,6550
11197,81593,500000
11198,87320045,6330
11199,81593,500000
11200,87320045,5870
11201,87320045,40480
11202,87320045,15640
11203,87320045,10120
11204,87320045,8400
11205,87320045,5540
11206,87320045,4600
11207,81593,500000
11208,87320045,7480
11209,81593,500000
11210,87320045,4830
11211,87320045,4250
11212,87320045,5640
11213,87320045,17480
11214,87320045,10810
11215,87320045,10930
11216,87320045,5400
11217,87320045,9320
11218,87320045,11160
11219,87320045,7130
11220,87320045,9050
11221,81593,500000
11222,87320045,18290
11223,87320045,8050
11224,87320045,5400
11225,87320045,7700
11226,81593,500000
11227,87320045,5870
11228,87320045,6900
11229,87320045,7820
11230,81593,500000
11231,87320045,16220
11232,87320045,4370
11233,81593,500000
11234,87320045,7590
11235,87320045,6550
11236,87320045,18060
11237,87320045,34390
11238,81593,500000
11239,87320045,12420
11240,81593,500000
11241,87320045,6900
11242,87320045,8400
11243,81593,500000
11244,81593,500000
11245,81593,500000
11246,87320045,62330
11247,81593,500000
11248,81593,500000
11249,87320045,8290
11250,87320045,7130
11251,87320045,6100
11252,87320045,6330
11253,87320045,5520
11254,81593,500000
11255,87320045,35990
11256,87320045,11040
11257,87320045,5870
11258,81593,500000
11259,87320045,8630
11260,87320045,9780
11261,87320045,7360
11262,81593,500000
11263,81593,500000
11264,87320045,6550
11265,87320045,5520
11266,87320045,17020
11267,87320045,7700
11268,87320045,4950
11269,81593,500000
11270,87320045,6550
11271,81593,500000
11272,87320045,25760
11273,87320045,4850
11274,87320045,4140
11275,81593,500000
11276,81593,500000
11277,87320045,6330
11278,87320045,3680
11279,81593,500000
11280,87320045,5290
11281,87320045,15410
11282,87320045,6670
11283,81593,500000
11284,87320045,8510
11285,81593,500000
11286,87320045,4250
11287,87320045,6210
11288,87320045,5640
11289,87320045,6900
11290,87320045,8170
11291,87320045,4600
11292,87320045,12770
11293,87320045,6570
11294,81593,500000
11295,87320045,6140
11296,87320045,7130
11297,87320045,19210
11298,87320045,5400
11299,87320045,7930
11300,87320045,4830
11301,81593,500000
11302,87320045,6440
11303,87320045,20360
11304,87320045,4600
11305,87320045,6900
11306,87320045,8170
11307,87320045,9550
11308,87320045,4600
11309,87320045,4830
11310,81593,500000
11311,87320045,8400
11312,87320045,5290
11313,87320045,5870
11314,81593,500000
11315,81593,500000
11316,81593,500000
11317,87320045,3800
11318,87320045,17370
11319,81593,500000
11320,87320045,5870
11321,87320045,12530
11322,87320045,7480
11323,87320045,10230
11324,87320045,6780
11325,87320045,3800
11326,87320045,6440
11327,87320045,4250
11328,87320045,20240
11329,87320045,7250
11330,81593,500000
11331,87320045,6910
11332,87320045,42210
11333,87320045,19550
11334,87320045,4950
11335,87320045,4950
11336,87320045,17830
11337,87320045,7930
11338,87320045,4370
11339,81593,500000
11340,81593,500000
11341,87320045,8170
11342,87320045,6900
11343,81593,500000
11344,81593,500000
11345,81593,500000
11346,87320045,8510
11347,81593,500000
11348,87320045,5980
11349,81593,500000
11350,87320045,7590
11351,87320045,10470
11352,87320045,19320
11353,81593,500000
11354,81593,500000
11355,81593,500000
11356,87320045,6440
11357,81593,500000
11358,87320045,9200
11359,81593,500000
11360,87320045,17480
11361,87320045,5980
11362,87320045,3680
11363,87320045,17710
11364,81593,500000
11365,81593,500000
11366,87320045,4250
11367,87320045,16100
11368,87320045,14720
11369,87320045,3910
11370,87320045,7930
11371,81593,500000
11372,87320045,14610
11373,81593,500000
11374,81593,500000
11375,81593,500000
11376,81593,500000
11377,87320045,3680
11378,81593,500000
11379,81593,500000
11380,87320045,6210
11381,81593,500000
11382,87320045,9200
11383,87320045,5060
11384,81593,500000
11385,87320045,14490
11386,87320045,6100
11387,87320045,10000
11388,81593,500000
11389,81593,500000
11390,81593,500000
11391,87320045,5060
11392,87320045,6210
11393,87320045,7020
11394,87320045,11500
11395,81593,500000
11396,87320045,5060
11397,87320045,7590
11398,87320045,11960
11399,87320045,5520
11400,87320045,6550
11401,81593,500000
11402,81593,500000
11403,87320045,10470
11404,87320045,10000
11405,87320045,22540
11406,87320045,6900
11407,87320045,18280
11408,87320045,5400
11409,87320045,6210
11410,81593,500000
11411,87320045,4490
11412,87320045,5980
11413,87320045,6440
11414,87320045,3910
11415,81593,500000
11416,81593,500000
11417,87320045,9790
11418,87320045,12880
11419,87320045,7130
11420,87320045,10580
11421,87320045,4250
11422,87320045,5060
11423,81593,500000
11424,87320045,6670
11425,87320045,4600
11426,87320045,5290
11427,81593,500000
11428,81593,500000
11429,81593,500000
11430,81593,500000
11431,87320045,4950
11432,81593,500000
11433,81593,500000
11434,87320045,5640
11435,81593,500000
11436,81593,500000
11437,87320045,7480
11438,87320045,31390
11439,81593,500000
11440,87320045,7130
11441,81593,500000
11442,87320045,8630
11443,81593,500000
11444,87320045,4710
11445,87320045,11730
11446,87320045,7610
11447,87320045,7250
11448,81593,500000
11449,87320045,5750
11450,87320045,8400
11451,81593,500000
11452,87320045,6550
11453,81593,500000
11454,87320045,6670
11455,87320045,6210
11456,87320045,7150
11457,81593,500000
11458,81593,500000
11459,87320045,6440
11460,87320045,10810
11461,87320045,7600
11462,87320045,7480
11463,87320045,5290
11464,87320045,6210
11465,81593,500000
11466,87320045,7130
11467,87320045,4710
11468,87320045,5870
11469,87320045,4250
11470,87320045,7930
11471,87320045,5750
11472,87320045,7250
11473,81593,500000
11474,81593,500000
11475,81593,500000
11476,81593,500000
11477,81593,500000
11478,81593,500000
11479,87320045,5750
11480,87320045,6330
11481,87320045,9200
11482,87320045,29210
11483,87320045,7590
11484,87320045,7590
11485,87320045,6440
11486,87320045,6330
11487,87320045,8850
11488,87320045,5180
11489,87320045,7250
11490,81593,500000
11491,87320045,7930
11492,81593,500000
11493,87320045,21970
11494,81593,500000
11495,87320045,35760
11496,87320045,7820
11497,87320045,8970
11498,87320045,4950
11499,87320045,4370
11500,81593,500000
11501,87320045,5980
11502,87320045,9200
11503,87320045,10230
11504,87320045,4370
11505,87320045,4370
11506,87320045,11270
11507,87320045,6900
11508,87320045,6550
11509,87320045,5870
11510,87320045,4830
11511,87320045,5180
11512,87320045,7590
11513,87320045,3110
11514,87320045,5980
11515,81593,500000
11516,81593,500000
11517,87320045,5520
11518,81593,500000
11519,87320045,5640
11520,87320045,7930
11521,87320045,9890
11522,87320045,5750
11523,81593,500000
11524,87320045,14720
11525,81593,500000
11526,87320045,20930
11527,87320045,3560
11528,87320045,10120
11529,87320045,5520
11530,87320045,31390
11531,87320045,6330
11532,87320045,11040
11533,81593,500000
11534,87320045,8170
11535,87320045,29900
11536,87320045,6900
11537,87320045,14260
11538,81593,500000
11539,87320045,5400
11540,87320045,4840
11541,87320045,34610
11542,81593,500000
11543,81593,500000
11544,81593,500000
11545,87320045,7250
11546,87320045,5750
11547,81593,500000
11548,87320045,8510
11549,87320045,7700
11550,87320045,6330
11551,87320045,4600
11552,87320045,5070
11553,87320045,17590
11554,87320045,12650
11555,81593,500000
11556,87320045,5290
11557,81593,500000
11558,87320045,6330
11559,87320045,9430
11560,87320045,7820
11561,87320045,12190
11562,87320045,6100
11563,81593,500000
11564,81593,500000
11565,87320045,5750
11566,87320045,5640
11567,87320045,9660
11568,87320045,5520
11569,87320045,5060
11570,87320045,7360
11571,87320045,7590
11572,87320045,6670
11573,87320045,4710
11574,87320045,6900
11575,87320045,9080
11576,81593,500000
11577,87320045,5640
11578,81593,500000
11579,87320045,5520
11580,81593,500000
11581,87320045,10350
11582,87320045,17590
11583,81593,500000
11584,87320045,6210
11585,87320045,4950
11586,87320045,6210
11587,81593,500000
11588,81593,500000
11589,81593,500000
11590,81593,500000
11591,87320045,6330
11592,87320045,23470
11593,87320045,6780
11594,87320045,5750
11595,87320045,17480
11596,87320045,6440
11597,87320045,7250
11598,87320045,15180
11599,81593,500000
11600,87320045,14830
11601,81593,500000
11602,81593,500000
11603,87320045,7480
11604,87320045,7360
11605,87320045,15760
11606,87320045,7860
11607,87320045,3340
11608,87320045,15760
11609,87320045,9320
11610,87320045,43470
11611,87320045,4030
11612,87320045,7830
11613,87320045,5750
11614,87320045,12880
11615,87320045,8170
11616,87320045,16910
11617,87320045,4140
11618,81593,500000
11619,87320045,4830
11620,87320045,3910
11621,87320045,5640
11622,87320045,12190
11623,87320045,4600
11624,87320045,9660
11625,81593,500000
11626,87320045,13800
11627,81593,500000
11628,87320045,6210
11629,81593,500000
11630,87320045,8170
11631,87320045,5180
11632,87320045,6210
11633,87320045,4830
11634,81593,500000
11635,81593,500000
11636,87320045,5060
11637,87320045,16910
11638,81593,500000
11639,81593,500000
11640,87320045,4600
11641,87320045,8630
11642,87320045,5540
11643,87320045,35310
11644,87320045,5400
11645,81593,500000
11646,87320045,6100
11647,87320045,11160
11648,87320045,7020
11649,87320045,13230
11650,87320045,10930
11651,81593,500000
11652,87320045,3450
11653,81593,500000
11654,87320045,19550
11655,87320045,9660
11656,87320045,5060
11657,87320045,14950
11658,87320045,5520
11659,87320045,4600
11660,81593,500000
11661,87320045,7250
11662,87320045,10230
11663,87320045,5400
11664,87320045,5520
11665,87320045,7820
11666,87320045,11850
11667,81593,500000
11668,81593,500000
11669,87320045,17370
11670,87320045,6100
11671,87320045,8970
11672,87320045,9430
11673,87320045,8050
11674,87320045,7700
11675,87320045,8630
11676,87320045,5750
11677,87320045,5640
11678,87320045,6900
11679,87320045,7480
11680,81593,500000
11681,81593,500000
11682,87320045,5980
11683,81593,500000
11684,81593,500000
11685,87320045,5980
11686,87320045,6100
11687,87320045,7020
11688,87320045,6100
11689,87320045,6100
11690,87320045,6670
11691,81593,500000
11692,87320045,17840
11693,87320045,14610
11694,87320045,5640
11695,87320045,4830
11696,87320045,4830
11697,87320045,3800
11698,87320045,2760
11699,81593,500000
11700,87320045,4600
11701,87320045,23120
11702,87320045,11270
11703,81593,500000
11704,81593,500000
11705,81593,500000
11706,87320045,11040
11707,87320045,3450
11708,87320045,7130
11709,81593,500000
11710,87320045,5640
11711,87320045,8280
11712,87320045,11040
11713,81593,500000
11714,81593,500000
11715,87320045,10700
11716,87320045,4030
11717,81593,500000
11718,81593,500000
11719,87320045,5520
11720,81593,500000
11721,87320045,9430
11722,87320045,7930
11723,81593,500000
11724,87320045,15410
11725,87320045,5980
11726,81593,500000
11727,87320045,6100
11728,87320045,22080
11729,87320045,5060
11730,87320045,5870
11731,87320045,5980
11732,87320045,8170
11733,81593,500000
11734,87320045,10000
11735,87320045,7250
11736,81593,500000
11737,87320045,5060
11738,87320045,9080
11739,81593,500000
11740,87320045,7360
11741,87320045,15980
11742,81593,500000
11743,87320045,8970
11744,81593,500000
11745,87320045,7360
11746,87320045,4600
11747,81593,500000
11748,87320045,10120
11749,87320045,4490
11750,81593,500000
11751,87320045,4490
11752,87320045,5870
11753,87320045,11500
11754,81593,500000
11755,87320045,3450
11756,87320045,8510
11757,87320045,6330
11758,81593,500000
11759,81593,500000
11760,87320045,6550
11761,87320045,6100
11762,81593,500000
11763,81593,500000
11764,81593,500000
11765,81593,500000
11766,87320045,4600
11767,87320045,5980
11768,81593,500000
11769,87320045,11040
11770,81593,500000
11771,87320045,6210
11772,87320045,11160
11773,81593,500000
11774,87320045,3560
11775,87320045,15070
11776,87320045,7590
11777,87320045,5060
11778,87320045,18170
11779,87320045,7590
11780,87320045,6900
11781,87320045,6440
11782,87320045,7820
11783,87320045,6440
11784,87320045,13460
11785,87320045,7590
11786,87320045,4950
11787,81593,500000
11788,87320045,16220
11789,87320045,5400
11790,87320045,7590
11791,81593,500000
11792,81593,500000
11793,87320045,7360
11794,87320045,6440
11795,81593,500000
11796,87320045,7700
11797,81593,500000
11798,81593,500000
11799,87320045,6210
11800,87320045,5520
11801,87320045,45890
11802,87320045,14950
11803,87320045,7480
11804,87320045,8170
11805,87320045,4490
11806,81593,500000
11807,87320045,7250
11808,81593,500000
11809,87320045,9080
11810,81593,500000
11811,87320045,6100
11812,81593,500000
11813,81593,500000
11814,87320045,4830
11815,87320045,11960
11816,87320045,12530
11817,87320045,7020
11818,87320045,7250
11819,87320045,6670
11820,87320045,8280
11821,81593,500000
11822,87320045,11730
11823,87320045,5290
11824,87320045,6210
11825,87320045,5640
11826,87320045,14260
11827,87320045,7360
11828,87320045,14380
11829,87320045,4830
11830,87320045,7820
11831,87320045,9890
11832,87320045,14490
11833,87320045,6100
11834,87320045,11500
11835,87320045,6330
11836,81593,500000
11837,81593,500000
11838,87320045,5290
11839,87320045,14840
11840,81593,500000
11841,87320045,8740
11842,87320045,4710
11843,87320045,6780
11844,81593,500000
11845,81593,500000
11846,81593,500000
11847,87320045,8280
11848,81593,500000
11849,87320045,15410
11850,87320045,5750
11851,87320045,6440
11852,81593,500000
11853,81593,500000
11854,81593,500000
11855,87320045,13480
11856,87320045,7590
11857,87320045,10230
11858,87320045,7250
11859,81593,500000
11860,87320045,6780
11861,87320045,5870
11862,87320045,4490
11863,87320045,17830
11864,87320045,9550
11865,81593,500000
11866,81593,500000
11867,87320045,7020
11868,87320045,4600
11869,87320045,4600
11870,87320045,5060
11871,81593,500000
11872,87320045,5400
11873,87320045,7130
11874,87320045,3340
11875,87320045,11850
11876,87320045,10120
11877,81593,500000
11878,81593,500000
11879,87320045,5180
11880,81593,500000
11881,87320045,5760
11882,87320045,7590
11883,87320045,7250
11884,87320045,6210
11885,87320045,7130
11886,87320045,7020
11887,81593,500000
11888,81593,500000
11889,87320045,4710
11890,87320045,9430
11891,87320045,6210
11892,87320045,4140
11893,81593,500000
11894,87320045,6100
11895,87320045,9200
11896,87320045,8170
11897,87320045,3800
11898,87320045,9900
11899,87320045,11500
11900,87320045,8400
11901,87320045,32670
11902,87320045,5870
11903,81593,500000
11904,87320045,3800
11905,87320045,4370
11906,81593,500000
11907,87320045,3910
11908,87320045,9210
11909,87320045,10470
11910,87320045,6100
11911,81593,500000
11912,87320045,6780
11913,81593,500000
11914,87320045,4830
11915,81593,500000
11916,87320045,4710
11917,87320045,20980
11918,87320045,6800
11919,87320045,7480
11920,81593,500000
11921,87320045,4250
11922,87320045,5060
11923,81593,500000
11924,87320045,9780
11925,87320045,10000
11926,81593,500000
11927,87320045,8050
11928,87320045,7360
11929,87320045,5520
11930,87320045,6210
11931,81593,500000
11932,87320045,3680
11933,87320045,5640
11934,87320045,5520
11935,87320045,6900
11936,87320045,6100
11937,81593,500000
11938,81593,500000
11939,81593,500000
11940,87320045,8740
11941,87320045,7020
11942,81593,500000
11943,87320045,5400
11944,87320045,6670
11945,81593,500000
11946,87320045,8280
11947,87320045,22890
11948,87320045,6550
11949,81593,500000
11950,87320045,4600
11951,87320045,5290
11952,87320045,7590
11953,87320045,6330
11954,87320045,6550
11955,87320045,10810
11956,87320045,19320
11957,87320045,4250
11958,87320045,4600
11959,87320045,33460
11960,87320045,13230
11961,87320045,5290
11962,87320045,80500
11963,81593,500000
11964,81593,500000
11965,87320045,6210
11966,81593,500000
11967,87320045,6210
11968,87320045,18170
11969,87320045,3450
11970,87320045,17950
11971,87320045,9080
11972,81593,500000
11973,87320045,4710
11974,87320045,10930
11975,87320045,7590
11976,87320045,19210
11977,87320045,7590
11978,87320045,5180
11979,87320045,6780
11980,87320045,7480
11981,87320045,5870
11982,87320045,8280
11983,87320045,6670
11984,87320045,59570
11985,87320045,8400
11986,81593,500000
11987,81593,500000
11988,87320045,5640
11989,87320045,4600
11990,87320045,3560
11991,87320045,4830
11992,81593,500000
11993,87320045,5980
11994,87320045,7480
11995,81593,500000
11996,81593,500000
11997,87320045,8630
11998,87320045,12880
11999,81593,500000
12000,87320045,7820
12001,87320045,7020
12002,87320045,8170
12003,87320045,6440
12004,87320045,4710
12005,87320045,5060
12006,87320045,8170
12007,87320045,7360
12008,87320045,6670
12009,87320045,5310
12010,81593,500000
12011,87320045,7360
12012,81593,500000
12013,81593,500000
12014,87320045,5750
12015,87320045,12990
12016,87320045,10700
12017,81593,500000
12018,87320045,17830
12019,87320045,6210
12020,87320045,5180
12021,87320045,35650
12022,81593,500000
12023,87320045,10000
12024,81593,500000
12025,81593,500000
12026,87320045,8740
12027,87320045,7130
12028,87320045,7360
12029,87320045,8970
12030,81593,500000
12031,87320045,6550
12032,81593,500000
12033,87320045,7700
12034,87320045,13110
12035,81593,500000
12036,81593,500000
12037,87320045,7610
12038,81593,500000
12039,81593,500000
12040,81593,500000
12041,87320045,8850
12042,87320045,10350
12043,87320045,11040
12044,87320045,10350
12045,87320045,13680
12046,87320045,7700
12047,87320045,9780
12048,81593,500000
12049,81593,500000
12050,87320045,6670
12051,87320045,9550
12052,87320045,3680
12053,87320045,10350
12054,87320045,6670
12055,81593,500000
12056,87320045,9890
12057,87320045,14030
12058,87320045,6900
12059,87320045,8280
12060,87320045,18280
12061,87320045,13920
12062,81593,500000
12063,87320045,5750
12064,87320045,6790
12065,87320045,8050
12066,87320045,5400
12067,87320045,17250
12068,87320045,4600
12069,81593,500000
12070,87320045,5180
12071,87320045,5980
12072,81593,500000
12073,87320045,4830
12074,87320045,16680
12075,81593,500000
12076,81593,500000
12077,81593,500000
12078,87320045,5060
12079,87320045,5400
12080,87320045,6210
12081,87320045,13800
12082,87320045,8050
12083,87320045,8170
12084,87320045,11730
12085,81593,500000
12086,81593,500000
12087,87320045,6900
12088,87320045,5980
12089,87320045,3450
12090,81593,500000
12091,87320045,5400
12092,87320045,7590
12093,81593,500000
12094,87320045,4030
12095,87320045,7700
12096,81593,500000
12097,87320045,14030
12098,87320045,13460
12099,87320045,6330
12100,81593,500000
12101,87320045,11620
12102,81593,500000
12103,87320045,4490
12104,87320045,6780
12105,87320045,4600
12106,81593,500000
12107,87320045,5290
12108,87320045,9660
12109,87320045,10230
12110,87320045,7130
12111,87320045,3560
12112,81593,500000
12113,87320045,9550
12114,87320045,14610
12115,87320045,5060
12116,81593,500000
12117,87320045,10120
12118,81593,500000
12119,87320045,6210
12120,87320045,5980
12121,87320045,7360
12122,87320045,17590
12123,87320045,7130
12124,87320045,7700
12125,87320045,8400
12126,81593,500000
12127,87320045,7480
12128,81593,500000
12129,87320045,12080
12130,87320045,6550
12131,87320045,5750
12132,87320045,5640
12133,81593,500000
12134,87320045,7930
12135,81593,500000
12136,87320045,34270
12137,81593,500000
12138,87320045,7360
12139,87320045,7480
12140,81593,500000
12141,81593,500000
12142,87320045,6210
12143,87320045,18400
12144,87320045,28180
12145,87320045,5980
12146,87320045,10000
12147,87320045,4030
12148,87320045,6670
12149,87320045,5180
12150,87320045,4950
12151,87320045,7360
12152,81593,500000
12153,87320045,6210
12154,87320045,5870
12155,87320045,5980
12156,87320045,7480
12157,87320045,3910
12158,87320045,6550
12159,87320045,5980
12160,81593,500000
12161,81593,500000
12162,87320045,5980
12163,87320045,23340
12164,87320045,9550
12165,87320045,8850
12166,87320045,2880
12167,81593,500000
12168,81593,500000
12169,87320045,10470
12170,87320045,3450
12171,81593,500000
12172,87320045,5870
12173,81593,500000
12174,87320045,33810
12175,87320045,6330
12176,87320045,14960
12177,87320045,9780
12178,87320045,4830
12179,87320045,11040
12180,81593,500000
12181,81593,500000
12182,87320045,5400
12183,87320045,4370
12184,87320045,4600
12185,87320045,16910
12186,87320045,8970
12187,81593,500000
12188,87320045,7360
12189,87320045,8400
12190,81593,500000
12191,87320045,14030
12192,87320045,5180
12193,87320045,5060
12194,81593,500000
12195,87320045,6550
12196,81593,500000
12197,87320045,8280
12198,87320045,8170
12199,87320045,5870
12200,87320045,8400
12201,87320045,21740
12202,81593,500000
12203,87320045,17710
12204,81593,500000
12205,87320045,9660
12206,87320045,9660
12207,87320045,10120
12208,81593,500000
12209,81593,500000
12210,87320045,11040
12211,81593,500000
12212,87320045,9430
12213,81593,500000
12214,87320045,7370
12215,87320045,6780
12216,87320045,5760
12217,87320045,3800
12218,87320045,6100
12219,87320045,34390
12220,87320045,7360
12221,87320045,9320
12222,81593,500000
12223,87320045,5290
12224,87320045,11850
12225,87320045,9320
12226,87320045,4030
12227,81593,500000
12228,81593,500000
12229,87320045,14490
12230,81593,500000
12231,87320045,6550
12232,87320045,6780
12233,87320045,6550
12234,87320045,36570
12235,87320045,7020
12236,81593,500000
12237,87320045,4490
12238,87320045,8050
12239,87320045,12770
12240,87320045,7130
12241,87320045,7480
12242,81593,500000
12243,87320045,35650
12244,81593,500000
12245,87320045,7480
12246,87320045,36120
12247,81593,500000
12248,87320045,10700
12249,87320045,6900
12250,87320045,8280
12251,87320045,5520
12252,87320045,6550
12253,81593,500000
12254,87320045,4030
12255,87320045,6780
12256,87320045,5750
12257,87320045,5300
12258,81593,500000
12259,87320045,16560
12260,87320045,6550
12261,87320045,9320
12262,81593,500000
12263,87320045,8740
12264,87320045,8400
12265,87320045,11270
12266,87320045,4950
12267,87320045,5520
12268,87320045,3340
12269,81593,500000
12270,87320045,19890
12271,87320045,6460
12272,87320045,6450
12273,87320045,8170
12274,87320045,6100
12275,81593,500000
12276,87320045,7700
12277,87320045,4030
12278,87320045,6670
12279,87320045,9690
12280,87320045,4830
12281,87320045,22190
12282,87320045,7820
12283,81593,500000
12284,87320045,9550
12285,87320045,26450
12286,87320045,7370
12287,87320045,4950
12288,87320045,8050
12289,87320045,4250
12290,81593,500000
12291,87320045,6100
12292,87320045,4950
12293,87320045,9200
12294,87320045,9080
12295,87320045,13010
12296,87320045,17020
12297,87320045,8050
12298,87320045,12770
12299,81593,500000
12300,87320045,6450
12301,87320045,6670
12302,87320045,8050
12303,81593,500000
12304,81593,500000
12305,87320045,22560
12306,87320045,23810
12307,87320045,8630
12308,87320045,4950
12309,87320045,11620
12310,81593,500000
12311,87320045,8400
12312,87320045,14720
12313,87320045,8050
12314,87320045,7130
12315,87320045,7360
12316,87320045,4600
12317,81593,500000
12318,81593,500000
12319,87320045,10250
12320,87320045,9780
12321,87320045,3680
12322,87320045,11160
12323,87320045,8630
12324,87320045,7700
12325,87320045,5400
12326,87320045,10230
12327,87320045,8050
12328,81593,500000
12329,87320045,4950
12330,87320045,7370
12331,87320045,16220
12332,81593,500000
12333,87320045,4830
12334,81593,500000
12335,81593,500000
12336,87320045,3800
12337,81593,500000
12338,87320045,32780
12339,87320045,23810
12340,87320045,8170
12341,81593,500000
12342,81593,500000
12343,87320045,6100
12344,81593,500000
12345,87320045,10700
12346,87320045,4250
12347,87320045,4600
12348,87320045,24380
12349,87320045,13680
12350,81593,500000
12351,87320045,12890
12352,87320045,9320
12353,87320045,34960
12354,81593,500000
12355,87320045,7820
12356,81593,500000
12357,87320045,10810
12358,87320045,7820
12359,87320045,4600
12360,87320045,6670
12361,87320045,6210
12362,87320045,6100
12363,81593,500000
12364,87320045,3800
12365,87320045,9890
12366,87320045,17710
12367,87320045,7360
12368,87320045,10120
12369,87320045,5980
12370,87320045,9660
12371,87320045,4370
12372,87320045,9660
12373,87320045,6550
12374,87320045,7930
12375,87320045,4600
12376,87320045,3130
12377,87320045,12530
12378,87320045,4710
12379,87320045,3560
12380,87320045,4490
12381,87320045,6900
12382,81593,500000
12383,87320045,10580
12384,87320045,11380
12385,87320045,6210
12386,81593,500000
12387,87320045,4830
12388,87320045,10000
12389,87320045,14260
12390,87320045,8170
12391,87320045,9550
12392,81593,500000
12393,87320045,35190
12394,81593,500000
12395,87320045,8510
12396,87320045,4370
12397,87320045,3800
12398,87320045,10000
12399,87320045,9890
12400,87320045,7020
12401,87320045,4600
12402,87320045,13110
12403,87320045,5770
12404,87320045,14030
12405,87320045,4150
12406,87320045,10130
12407,87320045,5060
12408,81593,500000
12409,87320045,5870
12410,81593,500000
12411,87320045,11620
12412,87320045,9550
12413,81593,500000
12414,87320045,9320
12415,87320045,9430
12416,87320045,10000
12417,87320045,5750
12418,81593,500000
12419,87320045,7940
12420,87320045,5520
12421,81593,500000
12422,87320045,123400
12423,81593,500000
12424,87320045,4710
12425,87320045,13800
12426,87320045,32430
12427,81593,500000
12428,81593,500000
12429,87320045,13110
12430,87320045,7700
12431,81593,500000
12432,81593,500000
12433,87320045,6440
12434,87320045,11740
12435,81593,500000
12436,87320045,17620
12437,87320045,4370
12438,87320045,7930
12439,87320045,5400
12440,81593,500000
12441,87320045,4600
12442,87320045,3450
12443,87320045,5400
12444,87320045,5520
12445,87320045,6440
12446,87320045,11620
12447,81593,500000
12448,87320045,8740
12449,87320045,10700
12450,81593,500000
12451,87320045,4370
12452,87320045,6900
12453,87320045,7020
12454,87320045,7020
12455,87320045,10580
12456,87320045,7130
12457,87320045,4830
12458,81593,500000
12459,81593,500000
12460,87320045,11160
12461,87320045,5060
12462,87320045,6440
12463,87320045,5060
12464,87320045,4710
12465,87320045,11960
12466,87320045,6670
12467,87320045,5290
12468,87320045,7360
12469,87320045,16790
12470,87320045,6210
12471,87320045,6100
12472,87320045,6440
12473,87320045,6100
12474,81593,500000
12475,81593,500000
12476,87320045,10230
12477,87320045,7480
12478,87320045,5520
12479,87320045,9090
12480,87320045,6780
12481,87320045,8850
12482,81593,500000
12483,87320045,5640
12484,87320045,8740
12485,81593,500000
12486,87320045,5290
12487,81593,500000
12488,81593,500000
12489,87320045,4030
12490,81593,500000
12491,87320045,4600
12492,87320045,7700
12493,81593,500000
12494,87320045,15870
12495,87320045,7820
12496,87320045,10000
12497,87320045,4490
12498,87320045,5980
12499,87320045,8850
12500,87320045,6210
12501,81593,500000
12502,81593,500000
12503,81593,500000
12504,87320045,8050
12505,81593,500000
12506,87320045,25640
12507,81593,500000
12508,87320045,4830
12509,87320045,8280
12510,81593,500000
12511,87320045,7020
12512,81593,500000
12513,81593,500000
12514,81593,500000
12515,87320045,5520
12516,87320045,8510
12517,87320045,19430
12518,87320045,14380
12519,81593,500000
12520,87320045,8850
12521,87320045,6550
12522,87320045,10000
12523,87320045,7700
12524,87320045,4490
12525,87320045,6670
12526,81593,500000
12527,87320045,5520
12528,87320045,13230
12529,87320045,6780
12530,87320045,4710
12531,87320045,7130
12532,87320045,5180
12533,87320045,5290
12534,87320045,7130
12535,87320045,8510
12536,81593,500000
12537,81593,500000
12538,87320045,5640
12539,81593,500000
12540,81593,500000
12541,87320045,6330
12542,87320045,5290
12543,81593,500000
12544,87320045,36690
12545,87320045,4250
12546,81593,500000
12547,87320045,6210
12548,81593,500000
12549,87320045,7360
12550,87320045,3800
12551,87320045,6550
12552,87320045,8970
12553,87320045,6550
12554,81593,500000
12555,87320045,7590
12556,87320045,4140
12557,87320045,9430
12558,81593,500000
12559,87320045,7020
12560,87320045,9660
12561,81593,500000
12562,81593,500000
12563,87320045,5060
12564,81593,500000
12565,81593,500000
12566,87320045,8050
12567,81593,500000
12568,87320045,3910
12569,87320045,3910
12570,87320045,5640
12571,87320045,7930
12572,87320045,7590
12573,87320045,8400
12574,87320045,8170
12575,87320045,4140
12576,87320045,6780
12577,87320045,4490
12578,87320045,7480
12579,87320045,4030
12580,87320045,6780
12581,87320045,6780
12582,87320045,5290
12583,87320045,8510
12584,87320045,10810
12585,81593,500000
12586,81593,500000
12587,87320045,6900
12588,87320045,9100
12589,87320045,7020
12590,87320045,3560
12591,87320045,9780
12592,87320045,17130
12593,87320045,6100
12594,81593,500000
12595,81593,500000
12596,81593,500000
12597,81593,500000
12598,87320045,17480
12599,81593,500000
12600,87320045,6900
12601,87320045,6210
12602,81593,500000
12603,87320045,7130
12604,87320045,7480
12605,87320045,5400
12606,87320045,8510
12607,87320045,5060
12608,87320045,7130
12609,87320045,7820
12610,87320045,7480
12611,87320045,14140
12612,81593,500000
12613,87320045,7700
12614,87320045,18170
12615,81593,500000
12616,81593,500000
12617,87320045,10120
12618,87320045,20360
12619,81593,500000
12620,87320045,10470
12621,81593,500000
12622,87320045,6900
12623,87320045,12080
12624,87320045,5750
12625,81593,500000
12626,87320045,5980
12627,87320045,6670
12628,87320045,5870
12629,87320045,7250
12630,87320045,15870
12631,87320045,4830
12632,87320045,6670
12633,87320045,6440
12634,87320045,16790
12635,87320045,7930
12636,87320045,8280
12637,81593,500000
12638,81593,500000
12639,87320045,10700
12640,87320045,8510
12641,81593,500000
12642,87320045,14260
12643,87320045,6440
12644,87320045,10000
12645,87320045,17830
12646,87320045,5980
12647,87320045,8970
12648,87320045,6780
12649,87320045,10230
12650,87320045,6100
12651,87320045,7480
12652,87320045,16680
12653,87320045,7820
12654,87320045,5750
12655,87320045,4830
12656,87320045,9080
12657,87320045,10580
12658,87320045,6440
12659,87320045,5290
12660,81593,500000
12661,87320045,7130
12662,81593,500000
12663,87320045,11960
12664,87320045,5520
12665,81593,500000
12666,87320045,10350
12667,81593,500000
12668,81593,500000
12669,81593,500000
12670,87320045,8400
12671,81593,500000
12672,87320045,6780
12673,87320045,8970
12674,87320045,6900
12675,87320045,14490
12676,87320045,6670
12677,87320045,13800
12678,81593,500000
12679,87320045,10930
12680,87320045,5870
12681,81593,500000
12682,87320045,6670
12683,87320045,7700
12684,87320045,4830
12685,87320045,4270
12686,87320045,6210
12687,87320045,5870
12688,81593,500000
12689,87320045,4370
12690,87320045,22080
12691,87320045,10470
12692,87320045,21740
12693,87320045,10580
12694,87320045,6670
12695,87320045,12310
12696,87320045,9550
12697,87320045,5520
12698,87320045,6550
12699,81593,500000
12700,81593,500000
12701,81593,500000
12702,81593,500000
12703,87320045,5060
12704,87320045,15410
12705,87320045,7590
12706,87320045,9080
12707,87320045,6210
12708,87320045,5180
12709,87320045,12080
12710,87320045,9240
12711,87320045,11850
12712,87320045,8630
12713,87320045,7360
12714,87320045,14830
12715,87320045,7710
12716,87320045,10930
12717,87320045,4600
12718,87320045,10810
12719,87320045,10230
12720,87320045,29090
12721,87320045,4250
12722,87320045,5520
12723,87320045,3680
12724,81593,500000
12725,81593,500000
12726,81593,500000
12727,87320045,6440
12728,87320045,7130
12729,87320045,4950
12730,87320045,11500
12731,81593,500000
12732,87320045,16680
12733,87320045,3800
12734,87320045,5060
12735,87320045,16220
12736,81593,500000
12737,87320045,3910
12738,87320045,6330
12739,87320045,13680
12740,81593,500000
12741,87320045,11620
12742,87320045,6900
12743,87320045,5410
12744,81593,500000
12745,87320045,34840
12746,87320045,5060
12747,87320045,8630
12748,87320045,30720
12749,87320045,5520
12750,81593,500000
12751,87320045,16100
12752,81593,500000
12753,87320045,8050
12754,87320045,4950
12755,81593,500000
12756,87320045,4860
12757,81593,500000
12758,87320045,7250
12759,87320045,5980
12760,87320045,5750
12761,81593,500000
12762,81593,500000
12763,87320045,6210
12764,87320045,3110
12765,87320045,6100
12766,87320045,6670
12767,87320045,15070
12768,87320045,5290
12769,81593,500000
12770,87320045,9200
12771,87320045,6210
12772,81593,500000
12773,87320045,6780
12774,87320045,5060
12775,81593,500000
12776,81593,500000
12777,87320045,14950
12778,87320045,6670
12779,87320045,3680
12780,81593,500000
12781,87320045,20010
12782,81593,500000
12783,87320045,5750
12784,81593,500000
12785,87320045,6100
12786,81593,500000
12787,87320045,13800
12788,87320045,7130
12789,87320045,15780
12790,87320045,8850
12791,81593,500000
12792,87320045,11040
12793,81593,500000
12794,81593,500000
12795,87320045,9550
12796,81593,500000
12797,87320045,17020
12798,87320045,6440
12799,87320045,18630
12800,81593,500000
12801,87320045,6210
12802,81593,500000
12803,87320045,13800
12804,81593,500000
12805,87320045,5400
12806,87320045,3910
12807,87320045,10700
12808,87320045,4250
12809,81593,500000
12810,81593,500000
12811,87320045,7940
12812,81593,500000
12813,87320045,3110
12814,87320045,6900
12815,81593,500000
12816,81593,500000
12817,81593,500000
12818,81593,500000
12819,87320045,7020
12820,87320045,9320
12821,87320045,4370
12822,87320045,4950
12823,81593,500000
12824,87320045,5400
12825,87320045,11380
12826,87320045,10470
12827,87320045,7130
12828,87320045,8510
12829,87320045,7930
12830,87320045,6440
12831,87320045,4030
12832,81593,500000
12833,87320045,11620
12834,87320045,5400
12835,81593,500000
12836,87320045,7130
12837,87320045,3220
12838,87320045,4250
12839,81593,500000
12840,87320045,3680
12841,81593,500000
12842,87320045,7360
12843,87320045,12530
12844,81593,500000
12845,81593,500000
12846,87320045,6670
12847,87320045,7250
12848,87320045,5520
12849,87320045,4720
12850,87320045,5290
12851,81593,500000
12852,87320045,4490
12853,87320045,15200
12854,87320045,5070
12855,87320045,7700
12856,81593,500000
12857,87320045,9660
12858,87320045,7590
12859,87320045,6330
12860,87320045,6210
12861,81593,500000
12862,81593,500000
12863,87320045,6210
12864,87320045,5640
12865,87320045,33580
12866,87320045,3680
12867,87320045,4270
12868,87320045,3340
12869,87320045,6440
12870,81593,500000
12871,81593,500000
12872,81593,500000
12873,81593,500000
12874,81593,500000
12875,81593,500000
12876,87320045,38870
12877,81593,500000
12878,87320045,14140
12879,87320045,61870
12880,87320045,14510
12881,81593,500000
12882,81593,500000
12883,81593,500000
12884,87320045,10930
12885,87320045,5980
12886,87320045,10230
12887,87320045,6780
12888,87320045,29210
12889,81593,500000
12890,87320045,22080
12891,87320045,15290
12892,87320045,8050
12893,81593,500000
12894,87320045,17480
12895,81593,500000
12896,87320045,15290
12897,87320045,4250
12898,81593,500000
12899,87320045,3800
12900,87320045,9080
12901,81593,500000
12902,87320045,5870
12903,81593,500000
12904,81593,500000
12905,87320045,7250
12906,81593,500000
12907,87320045,17480
12908,87320045,20130
12909,81593,500000
12910,87320045,5520
12911,87320045,31160
12912,81593,500000
12913,87320045,6670
12914,87320045,6440
12915,87320045,5870
12916,87320045,6440
12917,87320045,6210
12918,87320045,5400
12919,81593,500000
12920,87320045,4950
12921,87320045,5520
12922,87320045,4030
12923,87320045,10700
12924,81593,500000
12925,87320045,6210
12926,87320045,3110
12927,87320045,9780
12928,87320045,3220
12929,87320045,12080
12930,81593,500000
12931,87320045,3110
12932,87320045,6670
12933,81593,500000
12934,87320045,18630
12935,87320045,6440
12936,87320045,8510
12937,81593,500000
12938,87320045,12530
12939,87320045,13570
12940,87320045,7720
12941,87320045,4710
12942,81593,500000
12943,87320045,4950
12944,87320045,6550
12945,87320045,7020
12946,81593,500000
12947,87320045,9320
12948,87320045,4490
12949,87320045,3450
12950,87320045,17020
12951,87320045,18980
12952,87320045,9320
12953,87320045,4600
12954,87320045,11500
12955,87320045,5990
12956,87320045,11960
12957,87320045,7930
12958,87320045,5290
12959,87320045,6210
12960,87320045,7700
12961,87320045,5060
12962,81593,500000
12963,87320045,20240
12964,87320045,9550
12965,87320045,6900
12966,87320045,5870
12967,87320045,7250
12968,87320045,11380
12969,87320045,9080
12970,81593,500000
12971,87320045,3680
12972,87320045,7130
12973,87320045,6550
12974,87320045,6210
12975,87320045,7700
12976,87320045,3560
12977,87320045,6780
12978,81593,500000
12979,87320045,8050
12980,87320045,7250
12981,87320045,11050
12982,87320045,10810
12983,87320045,3910
12984,87320045,9430
12985,87320045,8630
12986,81593,500000
12987,87320045,4380
12988,87320045,14140
12989,87320045,5980
12990,87320045,7700
12991,87320045,5750
12992,81593,500000
12993,87320045,6210
12994,87320045,3560
12995,87320045,16680
12996,81593,500000
12997,87320045,18400
12998,87320045,5060
12999,87320045,9660
13000,81593,500000
13001,87320045,4950
13002,87320045,8180
13003,87320045,5640
13004,81593,500000
13005,87320045,4610
13006,81593,500000
13007,87320045,6100
13008,87320045,7930
13009,87320045,6100
13010,87320045,5290
13011,87320045,17370
13012,87320045,5400
13013,81593,500000
13014,87320045,14260
13015,81593,500000
13016,81593,500000
13017,81593,500000
13018,87320045,11270
13019,87320045,5870
13020,87320045,4830
13021,87320045,5310
13022,87320045,4600
13023,87320045,4710
13024,81593,500000
13025,81593,500000
13026,87320045,17250
13027,87320045,22190
13028,87320045,4600
13029,87320045,6550
13030,87320045,10350
13031,87320045,13110
13032,87320045,6330
13033,87320045,8970
13034,87320045,9200
13035,81593,500000
13036,81593,500000
13037,87320045,4140
13038,87320045,8740
13039,87320045,12420
13040,87320045,4490
13041,87320045,4370
13042,87320045,12880
13043,87320045,10000
13044,87320045,3910
13045,87320045,6780
13046,87320045,11070
13047,87320045,5310
13048,87320045,9320
13049,87320045,7700
13050,87320045,16680
13051,87320045,18400
13052,87320045,6670
13053,87320045,18170
13054,81593,500000
13055,87320045,5520
13056,87320045,7700
13057,81593,500000
13058,87320045,11380
13059,87320045,4950
13060,81593,500000
13061,87320045,7480
13062,81593,500000
13063,87320045,4720
13064,81593,500000
13065,87320045,10930
13066,81593,500000
13067,81593,500000
13068,81593,500000
13069,81593,500000
13070,81593,500000
13071,87320045,8510
13072,87320045,4830
13073,87320045,4600
13074,87320045,13340
13075,87320045,6330
13076,87320045,8400
13077,81593,500000
13078,81593,500000
13079,87320045,8280
13080,87320045,15870
13081,81593,500000
13082,81593,500000
13083,87320045,4710
13084,87320045,38290
13085,87320045,11730
13086,87320045,12530
13087,87320045,7700
13088,87320045,7360
13089,87320045,12650
13090,87320045,5400
13091,81593,500000
13092,87320045,9200
13093,87320045,18860
13094,87320045,4600
13095,81593,500000
13096,81593,500000
13097,87320045,6670
13098,81593,500000
13099,87320045,5750
13100,87320045,12530
13101,87320045,11730
13102,87320045,5520
13103,87320045,7130
13104,81593,500000
13105,87320045,14030
13106,87320045,3910
13107,87320045,8290
13108,87320045,3680
13109,87320045,4830
13110,87320045,6670
13111,87320045,6780
13112,87320045,6100
13113,87320045,7250
13114,87320045,4740
13115,87320045,4950
13116,81593,500000
13117,87320045,8400
13118,81593,500000
13119,81593,500000
13120,87320045,4600
13121,87320045,3910
13122,81593,500000
13123,87320045,7480
13124,81593,500000
13125,87320045,4380
13126,87320045,5520
13127,81593,500000
13128,81593,500000
13129,81593,500000
13130,87320045,5520
13131,87320045,5400
13132,81593,500000
13133,87320045,7930
13134,87320045,11160
13135,81593,500000
13136,87320045,8050
13137,81593,500000
13138,87320045,4830
13139,87320045,9890
13140,87320045,6330
13141,87320045,15070
13142,87320045,5290
13143,87320045,6100
13144,87320045,4370
13145,87320045,10470
13146,81593,500000
13147,87320045,4030
13148,81593,500000
13149,87320045,4250
13150,87320045,5400
13151,87320045,13230
13152,87320045,5400
13153,87320045,4830
13154,87320045,6210
13155,87320045,8510
13156,81593,500000
13157,81593,500000
13158,87320045,8170
13159,81593,500000
13160,87320045,3560
13161,81593,500000
13162,81593,500000
13163,87320045,9430
13164,81593,500000
13165,87320045,14490
13166,87320045,11160
13167,81593,500000
13168,81593,500000
13169,87320045,5400
13170,87320045,5180
13171,81593,500000
13172,81593,500000
13173,81593,500000
13174,81593,500000
13175,87320045,8400
13176,81593,500000
13177,87320045,6210
13178,81593,500000
13179,81593,500000
13180,87320045,5870
13181,87320045,10120
13182,81593,500000
13183,87320045,6440
13184,81593,500000
13185,87320045,5060
13186,81593,500000
13187,81593,500000
13188,87320045,8740
13189,81593,500000
13190,81593,500000
13191,87320045,6780
13192,87320045,7250
13193,87320045,7480
13194,81593,500000
13195,87320045,11620
13196,87320045,7480
13197,87320045,16680
13198,87320045,6440
13199,87320045,5520
13200,87320045,12080
13201,87320045,5870
13202,81593,500000
13203,87320045,5870
13204,87320045,9780
13205,87320045,5400
13206,87320045,5060
13207,81593,500000
13208,87320045,10230
13209,87320045,5180
13210,87320045,3450
13211,87320045,6780
13212,81593,500000
13213,87320045,9430
13214,87320045,3560
13215,81593,500000
13216,87320045,6550
13217,81593,500000
13218,87320045,9080
13219,87320045,5870
13220,87320045,6350
13221,87320045,5400
13222,87320045,7360
13223,87320045,3800
13224,87320045,11160
13225,81593,500000
13226,87320045,11500
13227,81593,500000
13228,87320045,15070
13229,87320045,4490
13230,87320045,8760
13231,87320045,6330
13232,81593,500000
13233,87320045,13680
13234,87320045,4030
13235,87320045,10930
13236,81593,500000
13237,87320045,7130
13238,81593,500000
13239,87320045,6900
13240,87320045,6900
13241,87320045,5640
13242,87320045,6440
13243,87320045,6900
13244,81593,500000
13245,87320045,8280
13246,87320045,6780
13247,87320045,12080
13248,87320045,6330
13249,87320045,7480
13250,87320045,9080
13251,87320045,9200
13252,87320045,6670
13253,87320045,10230
13254,87320045,11160
13255,87320045,8280
13256,87320045,5750
13257,87320045,6330
13258,87320045,8050
13259,87320045,6100
13260,87320045,11080
13261,87320045,13350
13262,87320045,3340
13263,87320045,7250
13264,81593,500000
13265,87320045,4950
13266,87320045,6440
13267,87320045,12080
13268,81593,500000
13269,87320045,5180
13270,87320045,12650
13271,81593,500000
13272,87320045,7250
13273,87320045,4740
13274,87320045,8970
13275,87320045,4140
13276,87320045,9200
13277,87320045,3800
13278,87320045,19550
13279,81593,500000
13280,81593,500000
13281,81593,500000
13282,87320045,7590
13283,81593,500000
13284,87320045,5400
13285,87320045,6900
13286,81593,500000
13287,87320045,6010
13288,81593,500000
13289,87320045,7590
13290,87320045,20130
13291,87320045,12190
13292,81593,500000
13293,81593,500000
13294,81593,500000
13295,87320045,5640
13296,87320045,15640
13297,87320045,7130
13298,87320045,5520
13299,87320045,9780
13300,87320045,7820
13301,87320045,4490
13302,87320045,12530
13303,87320045,8630
13304,87320045,5870
13305,81593,500000
13306,87320045,5640
13307,87320045,4490
13308,81593,500000
13309,87320045,122930
13310,87320045,12990
13311,87320045,7930
13312,81593,500000
13313,81593,500000
13314,87320045,7030
13315,87320045,5180
13316,81593,500000
13317,87320045,13460
13318,87320045,20240
13319,87320045,8400
13320,87320045,28750
13321,87320045,5290
13322,81593,500000
13323,87320045,7020
13324,87320045,5200
13325,87320045,14030
13326,81593,500000
13327,87320045,3340
13328,81593,500000
13329,87320045,5640
13330,87320045,9550
13331,87320045,9430
13332,81593,500000
13333,87320045,5980
13334,81593,500000
13335,81593,500000
13336,81593,500000
13337,87320045,4710
13338,87320045,7130
13339,81593,500000
13340,87320045,7360
13341,87320045,5400
13342,87320045,12530
13343,87320045,3220
13344,87320045,10230
13345,87320045,6210
13346,87320045,36110
13347,87320045,7590
13348,81593,500000
13349,87320045,4600
13350,81593,500000
13351,87320045,3560
13352,87320045,5750
13353,87320045,7020
13354,87320045,6440
13355,87320045,4600
13356,87320045,7250
13357,87320045,16790
13358,87320045,6780
13359,87320045,4620
13360,87320045,5640
13361,87320045,4840
13362,87320045,4600
13363,81593,500000
13364,87320045,4370
13365,81593,500000
13366,81593,500000
13367,81593,500000
13368,87320045,5640
13369,87320045,4950
13370,81593,500000
13371,81593,500000
13372,81593,500000
13373,81593,500000
13374,87320045,12770
13375,81593,500000
13376,87320045,5870
13377,81593,500000
13378,87320045,4250
13379,87320045,5870
13380,87320045,6330
13381,81593,500000
13382,87320045,6900
13383,87320045,11850
13384,87320045,5870
13385,87320045,15530
13386,87320045,16680
13387,87320045,7130
13388,81593,500000
13389,87320045,7930
13390,81593,500000
13391,87320045,17940
13392,87320045,6220
13393,81593,500000
13394,87320045,5180
13395,81593,500000
13396,87320045,4600
13397,87320045,4030
13398,81593,500000
13399,87320045,10230
13400,87320045,6670
13401,87320045,2990
13402,87320045,7820
13403,87320045,5180
13404,87320045,5400
13405,87320045,6900
13406,87320045,7700
13407,81593,500000
13408,81593,500000
13409,87320045,5870
13410,81593,500000
13411,87320045,7250
13412,81593,500000
13413,87320045,5290
13414,87320045,4250
13415,81593,500000
13416,87320045,16100
13417,87320045,4370
13418,87320045,7700
13419,87320045,4710
13420,87320045,5060
13421,81593,500000
13422,87320045,5060
13423,87320045,4830
13424,87320045,7700
13425,87320045,3800
13426,87320045,7480
13427,87320045,5180
13428,87320045,7480
13429,87320045,11850
13430,87320045,5990
13431,87320045,5400
13432,87320045,12080
13433,87320045,5400
13434,87320045,5520
13435,87320045,11960
13436,87320045,5520
13437,87320045,40480
13438,87320045,3910
13439,81593,500000
13440,87320045,5060
13441,87320045,15640
13442,81593,500000
13443,87320045,4280
13444,87320045,5290
13445,87320045,28860
13446,87320045,5290
13447,81593,500000
13448,87320045,8510
13449,81593,500000
13450,87320045,5290
13451,87320045,5870
13452,81593,500000
13453,87320045,6670
13454,81593,500000
13455,87320045,12770
13456,81593,500000
13457,81593,500000
13458,87320045,5520
13459,87320045,12310
13460,81593,500000
13461,87320045,4600
13462,81593,500000
13463,81593,500000
13464,81593,500000
13465,81593,500000
13466,87320045,5290
13467,87320045,5520
13468,81593,500000
13469,87320045,8170
13470,87320045,9080
13471,87320045,6440
13472,87320045,7930
13473,87320045,12190
13474,87320045,6330
13475,87320045,5980
13476,87320045,7020
13477,87320045,2880
13478,87320045,20130
13479,87320045,8290
13480,87320045,4600
13481,87320045,3680
13482,87320045,9680
13483,81593,500000
13484,81593,500000
13485,81593,500000
13486,81593,500000
13487,87320045,5400
13488,87320045,13570
13489,81593,500000
13490,81593,500000
13491,87320045,25300
13492,81593,500000
13493,87320045,5520
13494,81593,500000
13495,87320045,8280
13496,87320045,8970
13497,81593,500000
13498,81593,500000
13499,87320045,10230
13500,87320045,12650
13501,87320045,36800
13502,87320045,11270
13503,81593,500000
13504,87320045,9780
13505,87320045,4600
13506,87320045,8510
13507,87320045,5750
13508,87320045,5290
13509,81593,500000
13510,81593,500000
13511,87320045,6330
13512,81593,500000
13513,87320045,6780
13514,87320045,10120
13515,81593,500000
13516,87320045,33580
13517,81593,500000
13518,87320045,23690
13519,87320045,8510
13520,87320045,10470
13521,87320045,5640
13522,87320045,4710
13523,87320045,4950
13524,87320045,9550
13525,81593,500000
13526,87320045,5980
13527,87320045,11850
13528,87320045,5060
13529,81593,500000
13530,87320045,11040
13531,81593,500000
13532,87320045,8970
13533,87320045,6210
13534,87320045,8510
13535,87320045,11960
13536,87320045,6210
13537,87320045,5980
13538,87320045,6330
13539,87320045,9430
13540,81593,500000
13541,87320045,5640
13542,81593,500000
13543,81593,500000
13544,87320045,10580
13545,87320045,7820
13546,87320045,5870
13547,87320045,11410
13548,87320045,7590
13549,87320045,5980
13550,87320045,9200
13551,81593,500000
13552,87320045,4710
13553,87320045,4600
13554,87320045,4710
13555,87320045,3800
13556,87320045,4830
13557,87320045,5990
13558,87320045,5400
13559,87320045,11620
13560,87320045,8850
13561,81593,500000
13562,87320045,6440
13563,81593,500000
13564,87320045,9110
13565,81593,500000
13566,81593,500000
13567,81593,500000
13568,87320045,10000
13569,81593,500000
13570,87320045,5060
13571,81593,500000
13572,87320045,16790
13573,87320045,5640
13574,81593,500000
13575,81593,500000
13576,87320045,9550
13577,87320045,5290
13578,87320045,14610
13579,87320045,11850
13580,87320045,6210
13581,87320045,6210
13582,81593,500000
13583,87320045,6900
13584,87320045,3560
13585,87320045,13230
13586,87320045,7020
13587,87320045,3340
13588,81593,500000
13589,81593,500000
13590,81593,500000
13591,87320045,36570
13592,87320045,33240
13593,87320045,15640
13594,87320045,10230
13595,81593,500000
13596,81593,500000
13597,81593,500000
13598,87320045,7360
13599,81593,500000
13600,87320045,5400
13601,87320045,7480
13602,87320045,8280
13603,87320045,10810
13604,81593,500000
13605,81593,500000
13606,87320045,5520
13607,87320045,6900
13608,87320045,10230
13609,87320045,8510
13610,87320045,7360
13611,87320045,5870
13612,81593,500000
13613,87320045,7360
13614,87320045,4490
13615,87320045,9550
13616,87320045,4490
13617,81593,500000
13618,81593,500000
13619,81593,500000
13620,81593,500000
13621,87320045,9080
13622,81593,500000
13623,87320045,29330
13624,81593,500000
13625,87320045,10230
13626,87320045,8520
13627,87320045,7360
13628,87320045,6670
13629,81593,500000
13630,87320045,7590
13631,87320045,5870
13632,87320045,3690
13633,81593,500000
13634,87320045,9100
13635,81593,500000
13636,81593,500000
13637,87320045,6440
13638,81593,500000
13639,87320045,9320
13640,87320045,5640
13641,87320045,7020
13642,87320045,11500
13643,87320045,6550
13644,81593,500000
13645,87320045,6330
13646,87320045,6550
13647,87320045,7930
13648,81593,500000
13649,87320045,3800
13650,81593,500000
13651,81593,500000
13652,87320045,6680
13653,87320045,27940
13654,87320045,10810
13655,87320045,5640
13656,87320045,6670
13657,87320045,12310
13658,87320045,7930
13659,87320045,3680
13660,87320045,6550
13661,87320045,4370
13662,81593,500000
13663,87320045,7720
13664,87320045,17970
13665,81593,500000
13666,87320045,5980
13667,87320045,10000
13668,81593,500000
13669,87320045,25880
13670,87320045,6670
13671,81593,500000
13672,81593,500000
13673,87320045,8850
13674,87320045,10350
13675,87320045,6610
13676,81593,500000
13677,87320045,5870
13678,87320045,17130
13679,87320045,3800
13680,87320045,5980
13681,87320045,4830
13682,87320045,2990
13683,87320045,4830
13684,87320045,8970
13685,87320045,6780
13686,81593,500000
13687,87320045,14260
13688,81593,500000
13689,87320045,11040
13690,87320045,34500
13691,81593,500000
13692,87320045,4250
13693,87320045,13000
13694,87320045,5290
13695,81593,500000
13696,87320045,9320
13697,81593,500000
13698,87320045,14260
13699,87320045,125930
13700,87320045,4030
13701,87320045,11730
13702,87320045,25530
13703,81593,500000
13704,87320045,5870
13705,81593,500000
13706,87320045,11040
13707,87320045,12080
13708,87320045,8970
13709,87320045,2880
13710,87320045,3110
13711,87320045,12080
13712,87320045,8170
13713,87320045,7380
13714,87320045,22890
13715,81593,500000
13716,87320045,6900
13717,81593,500000
13718,81593,500000
13719,81593,500000
13720,87320045,7930
13721,87320045,5870
13722,87320045,11270
13723,87320045,11500
13724,81593,500000
13725,87320045,16100
13726,87320045,8740
13727,87320045,6670
13728,87320045,30360
13729,87320045,5520
13730,81593,500000
13731,87320045,7930
13732,87320045,7480
13733,87320045,10350
13734,87320045,5180
13735,87320045,6780
13736,87320045,10490
13737,87320045,18740
13738,87320045,12080
13739,81593,500000
13740,87320045,9900
13741,87320045,11270
13742,87320045,5640
13743,87320045,4600
13744,87320045,9890
13745,87320045,11160
13746,87320045,4870
13747,81593,500000
13748,81593,500000
13749,87320045,10470
13750,81593,500000
13751,81593,500000
13752,87320045,5290
13753,87320045,6900
13754,87320045,19090
13755,81593,500000
13756,87320045,4710
13757,87320045,5520
13758,81593,500000
13759,81593,500000
13760,87320045,8280
13761,87320045,9430
13762,81593,500000
13763,81593,500000
13764,81593,500000
13765,87320045,6550
13766,87320045,5640
13767,87320045,7020
13768,87320045,7360
13769,87320045,6670
13770,87320045,5400
13771,87320045,16440
13772,87320045,12990
13773,81593,500000
13774,87320045,9200
13775,81593,500000
13776,87320045,4030
13777,87320045,5640
13778,87320045,5180
13779,87320045,3800
13780,87320045,8050
13781,87320045,7820
13782,87320045,6210
13783,87320045,7250
13784,81593,500000
13785,87320045,9320
13786,87320045,8400
13787,81593,500000
13788,81593,500000
13789,81593,500000
13790,87320045,19780
13791,81593,500000
13792,87320045,4490
13793,87320045,5520
13794,87320045,5180
13795,87320045,9320
13796,87320045,4140
13797,87320045,4830
13798,81593,500000
13799,81593,500000
13800,81593,500000
13801,81593,500000
13802,87320045,9780
13803,81593,500000
13804,87320045,10470
13805,87320045,11270
13806,87320045,11040
13807,87320045,12420
13808,81593,500000
13809,81593,500000
13810,87320045,9660
13811,87320045,18060
13812,87320045,5400
13813,87320045,5520
13814,87320045,8050
13815,87320045,6100
13816,87320045,5760
13817,87320045,8970
13818,81593,500000
13819,87320045,13110
13820,87320045,10000
13821,87320045,5520
13822,87320045,6330
13823,87320045,7250
13824,87320045,7130
13825,87320045,11620
13826,87320045,11960
13827,87320045,7360
13828,87320045,6440
13829,87320045,11960
13830,81593,500000
13831,87320045,7360
13832,87320045,8050
13833,87320045,5060
13834,87320045,5180
13835,87320045,7370
13836,81593,500000
13837,87320045,9780
13838,81593,500000
13839,87320045,5060
13840,87320045,8740
13841,87320045,6780
13842,87320045,4600
13843,87320045,5290
13844,81593,500000
13845,87320045,5180
13846,87320045,2760
13847,81593,500000
13848,87320045,14030
13849,87320045,5420
13850,87320045,5640
13851,87320045,11270
13852,87320045,9210
13853,87320045,5290
13854,87320045,8630
13855,81593,500000
13856,81593,500000
13857,87320045,6210
13858,87320045,9200
13859,87320045,5290
13860,81593,500000
13861,81593,500000
13862,81593,500000
13863,87320045,6550
13864,87320045,3450
13865,81593,500000
13866,81593,500000
13867,87320045,6340
13868,87320045,4490
13869,87320045,4140
13870,87320045,6100
13871,81593,500000
13872,87320045,8050
13873,87320045,8630
13874,87320045,9660
13875,87320045,6100
13876,87320045,10700
13877,87320045,14420
13878,87320045,10470
13879,87320045,8740
13880,87320045,10140
13881,81593,500000
13882,87320045,12420
13883,87320045,9550
13884,87320045,2650
13885,81593,500000
13886,87320045,8280
13887,87320045,9080
13888,81593,500000
13889,87320045,9430
13890,81593,500000
13891,87320045,11730
13892,87320045,5980
13893,81593,500000
13894,87320045,9890
13895,87320045,5640
13896,87320045,7930
13897,81593,500000
13898,87320045,4950
13899,87320045,3800
13900,87320045,3910
13901,81593,500000
13902,87320045,4250
13903,87320045,9320
13904,87320045,8630
13905,87320045,3680
13906,81593,500000
13907,87320045,6330
13908,87320045,5870
13909,87320045,5750
13910,87320045,12530
13911,87320045,4370
13912,87320045,19890
13913,87320045,30820
13914,87320045,8400
13915,87320045,4030
13916,87320045,5520
13917,81593,500000
13918,87320045,13570
13919,87320045,10230
13920,87320045,5980
13921,87320045,5750
13922,87320045,18400
13923,81593,500000
13924,87320045,7700
13925,87320045,18740
13926,87320045,11850
13927,81593,500000
13928,87320045,6780
13929,87320045,7130
13930,87320045,5070
13931,81593,500000
13932,81593,500000
13933,87320045,5290
13934,87320045,8050
13935,87320045,7820
13936,81593,500000
13937,87320045,15760
13938,81593,500000
13939,87320045,18170
13940,87320045,15290
13941,87320045,5180
13942,87320045,6780
13943,87320045,11870
13944,81593,500000
13945,87320045,9200
13946,81593,500000
13947,81593,500000
13948,87320045,5180
13949,87320045,8740
13950,87320045,6440
13951,87320045,5290
13952,81593,500000
13953,87320045,6550
13954,87320045,3560
13955,87320045,9550
13956,81593,500000
13957,87320045,6780
13958,81593,500000
13959,87320045,7480
13960,81593,500000
13961,87320045,5520
13962,87320045,5750
13963,81593,500000
13964,87320045,3450
13965,87320045,5290
13966,87320045,6330
13967,87320045,7130
13968,87320045,12190
13969,87320045,16440
13970,87320045,5520
13971,81593,500000
13972,81593,500000
13973,87320045,8850
13974,87320045,5750
13975,81593,500000
13976,87320045,3680
13977,81593,500000
13978,81593,500000
13979,87320045,6670
13980,87320045,7250
13981,87320045,10930
13982,87320045,5400
13983,87320045,21850
13984,81593,500000
13985,87320045,5540
13986,87320045,7590
13987,87320045,6100
13988,87320045,4490
13989,81593,500000
13990,81593,500000
13991,87320045,53820
13992,87320045,3910
13993,87320045,8050
13994,87320045,6210
13995,87320045,7700
13996,87320045,7130
13997,87320045,8850
13998,81593,500000
13999,81593,500000
14000,87320045,4950
14001,81593,500000
14002,87320045,6210
14003,87320045,8280
14004,81593,500000
14005,87320045,7130
14006,87320045,13240
14007,87320045,6550
14008,87320045,18170
14009,81593,500000
14010,87320045,3110
14011,81593,500000
14012,87320045,7930
14013,87320045,8630
14014,81593,500000
14015,87320045,5990
14016,87320045,5980
14017,87320045,8060
14018,87320045,9200
14019,87320045,4490
14020,87320045,8970
14021,81593,500000
14022,87320045,8400
14023,87320045,22710
14024,87320045,7020
14025,81593,500000
14026,87320045,6780
14027,87320045,10810
14028,87320045,7020
14029,81593,500000
14030,81593,500000
14031,87320045,5290
14032,81593,500000
14033,87320045,15070
14034,87320045,14030
14035,87320045,5430
14036,87320045,4830
14037,87320045,6440
14038,87320045,3110
14039,87320045,7940
14040,87320045,8170
14041,87320045,8740
14042,87320045,6440
14043,87320045,11180
14044,81593,500000
14045,87320045,16680
14046,87320045,5290
14047,81593,500000
14048,87320045,10700
14049,87320045,6670
14050,87320045,4830
14051,87320045,5870
14052,87320045,10470
14053,87320045,5180
14054,87320045,7130
14055,87320045,2530
14056,87320045,7360
14057,81593,500000
14058,87320045,7020
14059,87320045,31510
14060,87320045,9200
14061,87320045,7820
14062,81593,500000
14063,81593,500000
14064,87320045,6100
14065,81593,500000
14066,87320045,7930
14067,87320045,8970
14068,87320045,9080
14069,81593,500000
14070,87320045,6330
14071,87320045,4950
14072,87320045,5870
14073,87320045,7130
14074,87320045,6440
14075,87320045,38760
14076,87320045,4030
14077,87320045,3680
14078,87320045,8850
14079,87320045,4710
14080,87320045,18980
14081,87320045,13340
14082,81593,500000
14083,87320045,23340
14084,87320045,13340
14085,87320045,10580
14086,81593,500000
14087,87320045,5400
14088,87320045,37380
14089,87320045,3560
14090,87320045,4730
14091,87320045,8970
14092,87320045,4030
14093,87320045,8740
14094,87320045,5870
14095,87320045,18060
14096,87320045,8850
14097,87320045,13460
14098,87320045,8420
14099,81593,500000
14100,87320045,10120
14101,81593,500000
14102,87320045,9550
14103,81593,500000
14104,87320045,4140
14105,87320045,7720
14106,87320045,8280
14107,87320045,9780
14108,87320045,17370
14109,81593,500000
14110,81593,500000
14111,87320045,6440
14112,87320045,4250
14113,87320045,15980
14114,87320045,5750
14115,87320045,6100
14116,81593,500000
14117,87320045,5520
14118,87320045,4710
14119,87320045,10350
14120,87320045,56460
14121,87320045,4370
14122,87320045,4490
14123,81593,500000
14124,87320045,6900
14125,81593,500000
14126,81593,500000
14127,81593,500000
14128,87320045,10580
14129,87320045,8400
14130,81593,500000
14131,87320045,15290
14132,87320045,6100
14133,87320045,11270
14134,87320045,6100
14135,81593,500000
14136,87320045,7700
14137,87320045,5180
14138,87320045,4830
14139,87320045,4370
14140,87320045,5780
14141,87320045,6330
14142,87320045,4950
14143,87320045,6440
14144,87320045,4600
14145,87320045,5520
14146,87320045,5290
14147,87320045,10000
14148,87320045,6100
14149,81593,500000
14150,87320045,9660
14151,87320045,4830
14152,87320045,5290
14153,87320045,10000
14154,87320045,6330
14155,81593,500000
14156,87320045,6210
14157,87320045,39330
14158,87320045,6780
14159,87320045,5290
14160,87320045,3800
14161,81593,500000
14162,87320045,6210
14163,81593,500000
14164,87320045,4250
14165,87320045,8970
14166,87320045,5520
14167,87320045,9430
14168,81593,500000
14169,87320045,12080
14170,81593,500000
14171,81593,500000
14172,87320045,19780
14173,87320045,7820
14174,81593,500000
14175,87320045,4950
14176,87320045,6550
14177,87320045,2880
14178,81593,500000
14179,81593,500000
14180,87320045,17250
14181,87320045,7130
14182,81593,500000
14183,81593,500000
14184,87320045,7020
14185,87320045,29900
14186,87320045,6900
14187,87320045,5870
14188,87320045,5870
14189,81593,500000
14190,87320045,5750
14191,87320045,10120
14192,87320045,3680
14193,81593,500000
14194,87320045,3340
14195,87320045,4370
14196,81593,500000
14197,81593,500000
14198,87320045,4250
14199,87320045,8850
14200,87320045,11620
14201,87320045,7360
14202,87320045,21850
14203,87320045,6800
14204,87320045,5870
14205,87320045,23580
14206,87320045,16790
14207,87320045,10580
14208,87320045,5180
14209,87320045,6330
14210,87320045,6100
14211,87320045,8510
14212,87320045,12420
14213,87320045,7590
14214,87320045,5980
14215,81593,500000
14216,87320045,18630
14217,87320045,13680
14218,81593,500000
14219,87320045,8050
14220,87320045,4600
14221,87320045,5640
14222,87320045,6900
14223,87320045,5870
14224,87320045,5750
14225,87320045,7020
14226,87320045,8740
14227,87320045,23580
14228,87320045,7930
14229,87320045,17250
14230,87320045,3220
14231,87320045,63940
14232,87320045,10010
14233,81593,500000
14234,81593,500000
14235,87320045,4250
14236,87320045,9550
14237,81593,500000
14238,87320045,10130
14239,87320045,8510
14240,87320045,9890
14241,87320045,5670
14242,87320045,15980
14243,87320045,8170
14244,87320045,7480
14245,87320045,14950
14246,87320045,7480
14247,87320045,5290
14248,87320045,11160
14249,87320045,14030
14250,81593,500000
14251,87320045,7130
14252,87320045,6330
14253,87320045,6550
14254,87320045,7130
14255,87320045,15070
14256,87320045,17940
14257,87320045,4030
14258,87320045,4380
14259,81593,500000
14260,87320045,2880
14261,87320045,4490
14262,87320045,7590
14263,87320045,4720
14264,87320045,12990
14265,81593,500000
14266,87320045,6560
14267,81593,500000
14268,87320045,12990
14269,87320045,7700
14270,87320045,31860
14271,87320045,7590
14272,87320045,4500
14273,87320045,8170
14274,87320045,3680
14275,81593,500000
14276,81593,500000
14277,81593,500000
14278,87320045,9550
14279,81593,500000
14280,87320045,29330
14281,87320045,7250
14282,87320045,7700
14283,81593,500000
14284,81593,500000
14285,87320045,4490
14286,87320045,5060
14287,81593,500000
14288,87320045,3910
14289,87320045,5760
14290,81593,500000
14291,87320045,40020
14292,87320045,6670
14293,87320045,7360
14294,81593,500000
14295,87320045,21040
14296,87320045,7480
14297,87320045,7480
14298,87320045,5640
14299,87320045,4600
14300,81593,500000
14301,87320045,3000
14302,87320045,6100
14303,87320045,9890
14304,87320045,3910
14305,87320045,6100
14306,87320045,4490
14307,87320045,7130
14308,81593,500000
14309,87320045,10700
14310,81593,500000
14311,87320045,6550
14312,87320045,4830
14313,87320045,19780
14314,87320045,5180
14315,87320045,21040
14316,81593,500000
14317,87320045,7820
14318,87320045,4710
14319,87320045,11380
14320,87320045,4830
14321,87320045,5980
14322,81593,500000
14323,87320045,18630
14324,81593,500000
14325,87320045,6330
14326,87320045,4600
14327,81593,500000
14328,87320045,4710
14329,81593,500000
14330,87320045,6670
14331,81593,500000
14332,87320045,6330
14333,87320045,7360
14334,87320045,6100
14335,87320045,4830
14336,81593,500000
14337,87320045,7700
14338,87320045,5640
14339,87320045,5980
14340,87320045,7140
14341,81593,500000
14342,87320045,6550
14343,87320045,8400
14344,81593,500000
14345,81593,500000
14346,87320045,5290
14347,87320045,6210
14348,87320045,5180
14349,87320045,31740
14350,87320045,8050
14351,81593,500000
14352,87320045,6440
14353,87320045,5400
14354,87320045,4600
14355,87320045,7590
14356,81593,500000
14357,87320045,5290
14358,87320045,12770
14359,87320045,4950
14360,87320045,6670
14361,87320045,9320
14362,81593,500000
14363,87320045,4600
14364,87320045,34040
14365,87320045,4710
14366,81593,500000
14367,81593,500000
14368,87320045,6440
14369,87320045,5750
14370,81593,500000
14371,87320045,33810
14372,81593,500000
14373,87320045,5060
14374,87320045,4830
14375,87320045,11040
14376,81593,500000
14377,87320045,6100
14378,87320045,5420
14379,87320045,7480
14380,87320045,7930
14381,81593,500000
14382,81593,500000
14383,81593,500000
14384,87320045,9890
14385,81593,500000
14386,81593,500000
14387,81593,500000
14388,87320045,7360
14389,81593,500000
14390,81593,500000
14391,87320045,6210
14392,87320045,6440
14393,87320045,49110
14394,81593,500000
14395,87320045,5060
14396,81593,500000
14397,87320045,8280
14398,87320045,12420
14399,81593,500000
14400,87320045,4710
14401,87320045,7930
14402,81593,500000
14403,87320045,7250
14404,87320045,7250
14405,87320045,4370
14406,81593,500000
14407,87320045,7930
14408,81593,500000
14409,87320045,8290
14410,87320045,4620
14411,87320045,7820
14412,87320045,7250
14413,87320045,7820
14414,87320045,4490
14415,81593,500000
14416,81593,500000
14417,87320045,6330
14418,87320045,7590
14419,81593,500000
14420,87320045,5400
14421,81593,500000
14422,81593,500000
14423,87320045,6210
14424,87320045,5640
14425,87320045,4950
14426,87320045,5290
14427,87320045,10470
14428,81593,500000
14429,81593,500000
14430,87320045,8740
14431,87320045,7930
14432,87320045,3450
14433,81593,500000
14434,87320045,4710
14435,87320045,6550
14436,81593,500000
14437,87320045,17830
14438,87320045,16560
14439,87320045,28520
14440,87320045,8870
14441,87320045,5520
14442,87320045,9200
14443,87320045,10350
14444,87320045,3910
14445,81593,500000
14446,87320045,5180
14447,81593,500000
14448,87320045,15530
14449,87320045,9660
14450,87320045,4950
14451,87320045,14140
14452,87320045,34040
14453,87320045,5520
14454,87320045,10120
14455,81593,500000
14456,87320045,6550
14457,87320045,5870
14458,87320045,19210
14459,81593,500000
14460,81593,500000
14461,81593,500000
14462,81593,500000
14463,87320045,15290
14464,81593,500000
14465,87320045,5400
14466,87320045,11640
14467,87320045,7130
14468,81593,500000
14469,81593,500000
14470,87320045,4490
14471,81593,500000
14472,87320045,6330
14473,87320045,12190
14474,87320045,8170
14475,81593,500000
14476,87320045,5750
14477,87320045,21390
14478,81593,500000
14479,81593,500000
14480,81593,500000
14481,81593,500000
14482,81593,500000
14483,81593,500000
14484,87320045,15070
14485,87320045,14270
14486,87320045,5180
14487,87320045,10930
14488,81593,500000
14489,87320045,7130
14490,87320045,15980
14491,87320045,60840
14492,81593,500000
14493,87320045,3800
14494,87320045,4710
14495,87320045,8050
14496,87320045,7930
14497,87320045,7130
14498,87320045,10700
14499,87320045,9660
14500,87320045,5180
14501,87320045,13230
14502,81593,500000
14503,87320045,5870
14504,87320045,8050
14505,81593,500000
14506,87320045,8280
14507,87320045,15180
14508,87320045,3450
14509,87320045,6900
14510,87320045,4600
14511,87320045,5180
14512,81593,500000
14513,87320045,8510
14514,87320045,5290
14515,87320045,6210
14516,87320045,7360
14517,87320045,7130
14518,87320045,7700
14519,87320045,12530
14520,87320045,7130
14521,87320045,7820
14522,87320045,5640
14523,87320045,5980
14524,87320045,9200
14525,87320045,6100
14526,87320045,9200
14527,87320045,19550
14528,87320045,1840
14529,87320045,4370
14530,81593,500000
14531,87320045,4600
14532,87320045,5640
14533,87320045,19780
14534,87320045,4600
14535,81593,500000
14536,81593,500000
14537,87320045,6550
14538,87320045,6900
14539,87320045,8050
14540,87320045,7250
14541,87320045,4490
14542,81593,500000
14543,87320045,6100
14544,87320045,6330
14545,87320045,8740
14546,81593,500000
14547,87320045,33690
14548,81593,500000
14549,87320045,8050
14550,81593,500000
14551,87320045,17130
14552,87320045,6210
14553,87320045,6440
14554,81593,500000
14555,81593,500000
14556,81593,500000
14557,87320045,6550
14558,87320045,39800
14559,81593,500000
14560,87320045,6900
14561,87320045,5520
14562,81593,500000
14563,87320045,9080
14564,87320045,5870
14565,87320045,6900
14566,81593,500000
14567,87320045,6550
14568,81593,500000
14569,87320045,10000
14570,87320045,10580
14571,81593,500000
14572,87320045,8170
14573,81593,500000
14574,87320045,9780
14575,81593,500000
14576,87320045,9430
14577,81593,500000
14578,81593,500000
14579,87320045,9890
14580,87320045,8740
14581,87320045,21970
14582,81593,500000
14583,87320045,5180
14584,87320045,11500
14585,87320045,8970
14586,87320045,19550
14587,81593,500000
14588,81593,500000
14589,87320045,12080
14590,87320045,8740
14591,87320045,6900
14592,87320045,27940
14593,81593,500000
14594,87320045,6440
14595,87320045,6440
14596,81593,500000
14597,87320045,4030
14598,87320045,10810
14599,81593,500000
14600,81593,500000
14601,87320045,10120
14602,81593,500000
14603,87320045,5980
14604,87320045,8740
14605,87320045,8850
14606,87320045,14720
14607,87320045,4600
14608,87320045,5640
14609,81593,500000
14610,87320045,5400
14611,87320045,7130
14612,87320045,5520
14613,87320045,8400
14614,81593,500000
14615,87320045,4950
14616,87320045,13680
14617,81593,500000
14618,81593,500000
14619,87320045,8630
14620,81593,500000
14621,81593,500000
14622,87320045,3460
14623,81593,500000
14624,81593,500000
14625,87320045,9320
14626,87320045,7020
14627,81593,500000
14628,87320045,4030
14629,81593,500000
14630,87320045,7700
14631,81593,500000
14632,87320045,5520
14633,87320045,6550
14634,87320045,4140
14635,87320045,14490
14636,87320045,18170
14637,81593,500000
14638,87320045,8850
14639,87320045,11070
14640,87320045,13010
14641,81593,500000
14642,87320045,6550
14643,87320045,8850
14644,87320045,3800
14645,81593,500000
14646,87320045,6780
14647,87320045,5640
14648,81593,500000
14649,87320045,7020
14650,87320045,5520
14651,81593,500000
14652,87320045,4490
14653,81593,500000
14654,87320045,3680
14655,87320045,6440
14656,87320045,4830
14657,87320045,9080
14658,87320045,3910
14659,81593,500000
14660,87320045,15870
14661,87320045,11620
14662,81593,500000
14663,87320045,9890
14664,87320045,6100
14665,87320045,38530
14666,87320045,9080
14667,87320045,5060
14668,87320045,6100
14669,87320045,6210
14670,81593,500000
14671,87320045,36910
14672,81593,500000
14673,87320045,5290
14674,87320045,9780
14675,87320045,6210
14676,87320045,12770
14677,87320045,4830
14678,87320045,4830
14679,81593,500000
14680,81593,500000
14681,81593,500000
14682,87320045,8530
14683,87320045,5520
14684,87320045,9080
14685,81593,500000
14686,81593,500000
14687,87320045,8400
14688,87320045,5640
14689,87320045,7250
14690,87320045,8970
14691,87320045,15530
14692,87320045,5980
14693,87320045,8050
14694,87320045,9080
14695,81593,500000
14696,81593,500000
14697,81593,500000
14698,87320045,7360
14699,87320045,5640
14700,87320045,10000
14701,81593,500000
14702,81593,500000
14703,87320045,3680
14704,87320045,12080
14705,87320045,10000
14706,87320045,33580
14707,81593,500000
14708,87320045,5400
14709,81593,500000
14710,81593,500000
14711,87320045,3910
14712,87320045,13110
14713,87320045,7250
14714,87320045,9890
14715,87320045,5750
14716,87320045,5290
14717,87320045,3800
14718,81593,500000
14719,87320045,5980
14720,81593,500000
14721,87320045,4140
14722,87320045,6780
14723,87320045,5400
14724,81593,500000
14725,87320045,9200
14726,81593,500000
14727,81593,500000
14728,87320045,5400
14729,87320045,8550
14730,87320045,7700
14731,87320045,8970
14732,87320045,3800
14733,87320045,8050
14734,87320045,15760
14735,87320045,3910
14736,87320045,5770
14737,87320045,7590
14738,87320045,5290
14739,87320045,10930
14740,87320045,7130
14741,87320045,9780
14742,87320045,5640
14743,87320045,5640
14744,81593,500000
14745,87320045,5520
14746,87320045,11380
14747,87320045,3450
14748,87320045,13460
14749,87320045,10700
14750,87320045,19320
14751,87320045,8740
14752,81593,500000
14753,87320045,6550
14754,87320045,5640
14755,81593,500000
14756,87320045,4600
14757,87320045,20470
14758,87320045,5980
14759,81593,500000
14760,81593,500000
14761,87320045,3680
14762,81593,500000
14763,87320045,4140
14764,87320045,4830
14765,81593,500000
14766,87320045,6100
14767,81593,500000
14768,87320045,9430
14769,81593,500000
14770,81593,500000
14771,87320045,7930
14772,81593,500000
14773,87320045,5290
14774,81593,500000
14775,87320045,11500
14776,87320045,7930
14777,87320045,5410
14778,81593,500000
14779,81593,500000
14780,87320045,6100
14781,87320045,4370
14782,87320045,3680
14783,87320045,13460
14784,87320045,11040
14785,87320045,4370
14786,87320045,5870
14787,87320045,5640
14788,87320045,9430
14789,87320045,6550
14790,87320045,4030
14791,81593,500000
14792,81593,500000
14793,87320045,7020
14794,87320045,9430
14795,81593,500000
14796,87320045,8970
14797,87320045,5750
14798,81593,500000
14799,87320045,8400
14800,81593,500000
14801,87320045,4600
14802,87320045,6210
14803,81593,500000
14804,87320045,6780
14805,81593,500000
14806,87320045,7130
14807,87320045,6550
14808,87320045,8850
14809,81593,500000
14810,87320045,7700
14811,87320045,5870
14812,87320045,12420
14813,87320045,7480
14814,81593,500000
14815,87320045,9430
14816,81593,500000
14817,87320045,36110
14818,87320045,6780
14819,87320045,5180
14820,87320045,12990
14821,87320045,10700
14822,87320045,3680
14823,87320045,8400
14824,87320045,51290
14825,87320045,12190
14826,87320045,7250
14827,87320045,18170
14828,87320045,8850
14829,81593,500000
14830,87320045,8050
14831,87320045,6780
14832,81593,500000
14833,87320045,16330
14834,87320045,3120
14835,87320045,6440
14836,87320045,8050
14837,81593,500000
14838,87320045,6210
14839,81593,500000
14840,87320045,5400
14841,87320045,5290
14842,87320045,25640
14843,81593,500000
14844,87320045,5180
14845,81593,500000
14846,87320045,10230
14847,87320045,11850
14848,87320045,5520
14849,81593,500000
14850,87320045,5400
14851,87320045,10000
14852,81593,500000
14853,87320045,12650
14854,81593,500000
14855,87320045,7930
14856,87320045,4370
14857,87320045,7130
14858,87320045,3560
14859,87320045,8850
14860,87320045,11380
14861,87320045,5870
14862,87320045,7020
14863,81593,500000
14864,81593,500000
14865,81593,500000
14866,87320045,10350
14867,87320045,9660
14868,87320045,41750
14869,81593,500000
14870,81593,500000
14871,81593,500000
14872,87320045,10470
14873,87320045,9890
14874,87320045,16220
14875,87320045,6670
14876,87320045,10350
14877,87320045,6210
14878,81593,500000
14879,87320045,7250
14880,87320045,14950
14881,87320045,9560
14882,81593,500000
14883,87320045,10360
14884,81593,500000
14885,81593,500000
14886,87320045,7020
14887,87320045,3560
14888,87320045,9200
14889,87320045,7020
14890,87320045,6100
14891,87320045,7930
14892,81593,500000
14893,81593,500000
14894,87320045,4950
14895,87320045,6100
14896,81593,500000
14897,87320045,5520
14898,81593,500000
14899,87320045,8970
14900,87320045,35310
14901,81593,500000
14902,81593,500000
14903,87320045,5400
14904,87320045,12080
14905,87320045,3450
14906,81593,500000
14907,87320045,6670
14908,87320045,8050
14909,87320045,18740
14910,87320045,3910
14911,87320045,5400
14912,87320045,13230
14913,81593,500000
14914,87320045,11730
14915,87320045,6550
14916,87320045,4250
14917,87320045,22190
14918,87320045,12080
14919,87320045,6330
14920,87320045,7020
14921,87320045,6670
14922,87320045,2530
14923,87320045,7700
14924,87320045,4950
14925,87320045,8280
14926,87320045,13570
14927,87320045,5520
14928,87320045,6330
14929,87320045,17590
14930,81593,500000
14931,87320045,14030
14932,81593,500000
14933,87320045,5640
14934,81593,500000
14935,87320045,6670
14936,87320045,3910
14937,87320045,6780
14938,87320045,10580
14939,81593,500000
14940,87320045,11850
14941,87320045,4950
14942,87320045,4600
14943,87320045,7480
14944,87320045,10930
14945,87320045,5180
14946,87320045,6550
14947,87320045,9550
14948,87320045,4030
14949,87320045,6210
14950,87320045,4950
14951,87320045,10000
14952,87320045,7700
14953,87320045,7820
14954,87320045,4490
14955,87320045,4740
14956,87320045,6670
14957,87320045,5400
14958,87320045,7700
14959,81593,500000
14960,81593,500000
14961,87320045,4600
14962,81593,500000
14963,87320045,4370
14964,87320045,9200
14965,87320045,7820
14966,87320045,6100
14967,87320045,8970
14968,87320045,7020
14969,81593,500000
14970,87320045,8630
14971,87320045,5520
14972,87320045,11270
14973,81593,500000
14974,87320045,8510
14975,87320045,14490
14976,87320045,8400
14977,87320045,15290
14978,87320045,7250
14979,81593,500000
14980,81593,500000
14981,81593,500000
14982,87320045,10000
14983,87320045,4140
14984,81593,500000
14985,81593,500000
14986,87320045,5870
14987,81593,500000
14988,87320045,7930
14989,87320045,12310
14990,87320045,16220
14991,87320045,10580
14992,81593,500000
14993,81593,500000
14994,87320045,12420
14995,87320045,4490
14996,87320045,7130
14997,87320045,5060
14998,87320045,6550
14999,87320045,24960
15000,87320045,4710
15001,87320045,7930
15002,87320045,9780
15003,87320045,6100
15004,81593,500000
15005,87320045,10230
15006,87320045,7480
15007,87320045,5400
15008,81593,500000
15009,87320045,3910
15010,87320045,17260
15011,81593,500000
15012,87320045,5870
15013,87320045,6330
15014,81593,500000
15015,87320045,10580
15016,87320045,11180
15017,87320045,3110
15018,87320045,8510
15019,81593,500000
15020,87320045,8510
15021,87320045,4710
15022,87320045,5640
15023,87320045,4490
15024,81593,500000
15025,81593,500000
15026,87320045,7360
15027,81593,500000
15028,87320045,17020
15029,87320045,5980
15030,81593,500000
15031,87320045,5060
15032,87320045,12420
15033,81593,500000
15034,87320045,15660
15035,87320045,9430
15036,81593,500000
15037,87320045,5520
15038,87320045,8050
15039,81593,500000
15040,87320045,15640
15041,87320045,6550
15042,87320045,10000
15043,81593,500000
15044,87320045,68890
15045,81593,500000
15046,87320045,11270
15047,87320045,6780
15048,81593,500000
15049,87320045,6780
15050,81593,500000
15051,81593,500000
15052,87320045,11160
15053,87320045,3340
15054,87320045,15870
15055,81593,500000
15056,81593,500000
15057,87320045,22660
15058,87320045,8280
15059,87320045,9080
15060,87320045,9080
15061,87320045,20240
15062,87320045,8400
15063,87320045,7250
15064,87320045,5520
15065,87320045,5290
15066,81593,500000
15067,87320045,5980
15068,87320045,10230
15069,87320045,4950
15070,81593,500000
15071,87320045,4600
15072,81593,500000
15073,87320045,6210
15074,87320045,12880
15075,87320045,4490
15076,87320045,10350
15077,87320045,7250
15078,81593,500000
15079,87320045,6330
15080,81593,500000
15081,87320045,5060
15082,81593,500000
15083,87320045,10350
15084,81593,500000
15085,87320045,13460
15086,81593,500000
15087,87320045,3800
15088,87320045,4140
15089,81593,500000
15090,87320045,4830
15091,87320045,10350
15092,87320045,6440
15093,87320045,6550
15094,87320045,6930
15095,81593,500000
15096,87320045,4490
15097,87320045,15290
15098,87320045,5290
15099,81593,500000
15100,87320045,7480
15101,81593,500000
15102,81593,500000
15103,87320045,7700
15104,87320045,3910
15105,81593,500000
15106,81593,500000
15107,87320045,10700
15108,87320045,10350
15109,81593,500000
15110,81593,500000
15111,87320045,8410
15112,87320045,5060
15113,87320045,17590
15114,81593,500000
15115,87320045,56120
15116,81593,500000
15117,81593,500000
15118,87320045,5870
15119,87320045,11960
15120,81593,500000
15121,87320045,5870
15122,87320045,6670
15123,87320045,8170
15124,87320045,7360
15125,87320045,10470
15126,87320045,12080
15127,87320045,33810
15128,87320045,21160
15129,87320045,4600
15130,87320045,8170
15131,87320045,5180
15132,87320045,7130
15133,87320045,7250
15134,81593,500000
15135,87320045,16330
15136,87320045,7480
15137,87320045,7130
15138,87320045,7480
15139,81593,500000
15140,87320045,8850
15141,87320045,7590
15142,81593,500000
15143,81593,500000
15144,81593,500000
15145,87320045,3910
15146,87320045,6210
15147,87320045,8170
15148,87320045,5640
15149,87320045,4600
15150,81593,500000
15151,81593,500000
15152,87320045,6900
15153,87320045,8850
15154,81593,500000
15155,87320045,4600
15156,81593,500000
15157,87320045,8050
15158,87320045,4950
15159,81593,500000
15160,81593,500000
15161,87320045,18170
15162,81593,500000
15163,81593,500000
15164,87320045,6680
15165,81593,500000
15166,87320045,9550
15167,87320045,9080
15168,87320045,5640
15169,87320045,5060
15170,81593,500000
15171,87320045,5060
15172,87320045,13460
15173,81593,500000
15174,87320045,5060
15175,87320045,6780
15176,87320045,5520
15177,87320045,66010
15178,87320045,19210
15179,87320045,9430
15180,81593,500000
15181,81593,500000
15182,81593,500000
15183,87320045,8600
15184,87320045,14720
15185,87320045,8400
15186,87320045,5180
15187,87320045,6780
15188,87320045,7600
15189,81593,500000
15190,81593,500000
15191,87320045,6000
15192,81593,500000
15193,87320045,10580
15194,87320045,6670
15195,81593,500000
15196,87320045,8280
15197,87320045,3220
15198,81593,500000
15199,81593,500000
15200,87320045,7480
15201,87320045,10000
15202,87320045,3680
15203,87320045,5520
15204,87320045,6550
15205,87320045,3800
15206,81593,500000
15207,87320045,5180
15208,87320045,9430
15209,87320045,5300
15210,87320045,10120
15211,81593,500000
15212,81593,500000
15213,87320045,5180
15214,87320045,17710
15215,87320045,7250
15216,87320045,7820
15217,81593,500000
15218,87320045,3220
15219,87320045,12880
15220,87320045,4490
15221,87320045,5180
15222,87320045,6680
15223,81593,500000
15224,87320045,4830
15225,87320045,17830
15226,81593,500000
15227,81593,500000
15228,87320045,7700
15229,87320045,4490
15230,87320045,3560
15231,87320045,12650
15232,87320045,25300
15233,87320045,9450
15234,87320045,6440
15235,87320045,6100
15236,87320045,6330
15237,81593,500000
15238,87320045,62570
15239,87320045,8860
15240,87320045,5750
15241,87320045,9890
15242,87320045,9430
15243,81593,500000
15244,87320045,12990
15245,87320045,5400
15246,87320045,7130
15247,87320045,8970
15248,81593,500000
15249,87320045,11380
15250,87320045,8740
15251,81593,500000
15252,87320045,17830
15253,87320045,7030
15254,81593,500000
15255,87320045,7820
15256,81593,500000
15257,87320045,7480
15258,87320045,5750
15259,87320045,4250
15260,87320045,6550
15261,87320045,15870
15262,87320045,21280
15263,87320045,5980
15264,87320045,8970
15265,81593,500000
15266,81593,500000
15267,87320045,3560
15268,87320045,7930
15269,81593,500000
15270,87320045,7590
15271,87320045,7820
15272,87320045,12420
15273,81593,500000
15274,81593,500000
15275,87320045,5290
15276,81593,500000
15277,87320045,7590
15278,87320045,8630
15279,87320045,5540
15280,87320045,5640
15281,87320045,9660
15282,87320045,4830
15283,87320045,7130
15284,87320045,6100
15285,87320045,6210
15286,87320045,6210
15287,87320045,5750
15288,87320045,8740
15289,87320045,5750
15290,87320045,7590
15291,87320045,11850
15292,87320045,7480
15293,87320045,13920
15294,87320045,32310
15295,87320045,2530
15296,87320045,7700
15297,87320045,5200
15298,87320045,22430
15299,87320045,7590
15300,87320045,10140
15301,81593,500000
15302,87320045,6330
15303,81593,500000
15304,87320045,3800
15305,87320045,33240
15306,81593,500000
15307,81593,500000
15308,81593,500000
15309,87320045,7020
15310,87320045,5640
15311,87320045,6100
15312,87320045,5180
15313,87320045,12080
15314,87320045,9550
15315,81593,500000
15316,87320045,12770
15317,87320045,17250
15318,87320045,5060
15319,87320045,14380
15320,87320045,12190
15321,87320045,6100
15322,87320045,9550
15323,81593,500000
15324,87320045,4710
15325,87320045,4030
15326,87320045,5640
15327,81593,500000
15328,81593,500000
15329,87320045,8650
15330,87320045,8740
15331,87320045,5640
15332,87320045,8280
15333,81593,500000
15334,87320045,35990
15335,87320045,4950
15336,81593,500000
15337,81593,500000
15338,87320045,5980
15339,87320045,6440
15340,87320045,4600
15341,81593,500000
15342,87320045,6670
15343,87320045,12420
15344,87320045,3450
15345,87320045,4500
15346,87320045,13110
15347,87320045,9200
15348,87320045,5060
15349,81593,500000
15350,87320045,4600
15351,87320045,9320
15352,81593,500000
15353,81593,500000
15354,87320045,6780
15355,87320045,11160
15356,87320045,12080
15357,81593,500000
15358,87320045,15180
15359,81593,500000
15360,81593,500000
15361,87320045,14490
15362,87320045,4030
15363,87320045,8170
15364,87320045,8850
15365,87320045,7020
15366,87320045,4830
15367,87320045,4710
15368,87320045,6440
15369,87320045,10120
15370,87320045,4830
15371,87320045,4030
15372,87320045,9080
15373,87320045,10810
15374,87320045,7820
15375,87320045,6440
15376,87320045,5060
15377,87320045,5870
15378,87320045,3910
15379,87320045,9430
15380,87320045,6670
15381,87320045,6550
15382,81593,500000
15383,87320045,10120
15384,81593,500000
15385,87320045,8170
15386,87320045,6210
15387,87320045,4950
15388,87320045,4250
15389,87320045,5060
15390,81593,500000
15391,87320045,4250
15392,81593,500000
15393,87320045,6780
15394,81593,500000
15395,87320045,7130
15396,87320045,15760
15397,81593,500000
15398,87320045,7130
15399,81593,500000
15400,87320045,7600
15401,81593,500000
15402,81593,500000
15403,87320045,6340
15404,81593,500000
15405,87320045,5060
15406,87320045,3450
15407,87320045,6100
15408,87320045,5750
15409,87320045,4830
15410,87320045,5640
15411,87320045,7700
15412,87320045,4370
15413,87320045,5980
15414,87320045,14490
15415,87320045,12770
15416,87320045,8850
15417,87320045,4370
15418,87320045,5750
15419,87320045,5870
15420,87320045,2990
15421,87320045,6780
15422,87320045,9890
15423,87320045,4490
15424,87320045,14140
15425,81593,500000
15426,87320045,6210
15427,87320045,5400
15428,81593,500000
15429,87320045,5060
15430,87320045,11040
15431,87320045,7130
15432,87320045,5400
15433,87320045,9890
15434,81593,500000
15435,87320045,5870
15436,87320045,17830
15437,87320045,5290
15438,87320045,9660
15439,87320045,4600
15440,87320045,9890
15441,81593,500000
15442,81593,500000
15443,81593,500000
15444,87320045,6330
15445,87320045,11380
15446,87320045,9550
15447,87320045,8400
15448,87320045,4030
15449,87320045,7360
15450,81593,500000
15451,87320045,16680
15452,87320045,6900
15453,87320045,10470
15454,87320045,8280
15455,87320045,13800
15456,87320045,9080
15457,87320045,7590
15458,81593,500000
15459,87320045,5640
15460,87320045,6780
15461,81593,500000
15462,87320045,10580
15463,87320045,7590
15464,87320045,4830
15465,87320045,10120
15466,87320045,4490
15467,87320045,6550
15468,87320045,5180
15469,87320045,5520
15470,87320045,8740
15471,81593,500000
15472,81593,500000
15473,87320045,4830
15474,81593,500000
15475,81593,500000
15476,87320045,7930
15477,87320045,33690
15478,87320045,10350
15479,87320045,5980
15480,87320045,5290
15481,87320045,11160
15482,81593,500000
15483,81593,500000
15484,81593,500000
15485,87320045,3910
15486,81593,500000
15487,87320045,12080
15488,81593,500000
15489,87320045,14490
15490,87320045,20590
15491,81593,500000
15492,87320045,25760
15493,87320045,4950
15494,87320045,7020
15495,87320045,5290
15496,87320045,14720
15497,81593,500000
15498,81593,500000
15499,81593,500000
15500,87320045,8510
15501,87320045,6670
15502,81593,500000
15503,81593,500000
15504,81593,500000
15505,81593,500000
15506,87320045,5640
15507,87320045,9080
15508,81593,500000
15509,81593,500000
15510,81593,500000
15511,87320045,8740
15512,87320045,5750
15513,87320045,9080
15514,81593,500000
15515,87320045,10120
15516,87320045,9660
15517,87320045,4390
15518,87320045,6440
15519,87320045,11850
15520,87320045,5520
15521,87320045,10350
15522,87320045,7590
15523,87320045,16330
15524,87320045,7020
15525,87320045,7480
15526,87320045,5400
15527,87320045,9320
15528,87320045,6440
15529,87320045,5870
15530,87320045,3910
15531,87320045,6330
15532,87320045,8400
15533,87320045,9890
15534,81593,500000
15535,81593,500000
15536,87320045,5980
15537,87320045,4830
15538,87320045,9780
15539,87320045,11400
15540,87320045,5520
15541,87320045,10230
15542,87320045,8400
15543,87320045,8850
15544,81593,500000
15545,87320045,5180
15546,87320045,4950
15547,87320045,6210
15548,87320045,4140
15549,81593,500000
15550,87320045,15070
15551,81593,500000
15552,87320045,14030
15553,81593,500000
15554,87320045,7820
15555,81593,500000
15556,87320045,10470
15557,87320045,5750
15558,87320045,4490
15559,87320045,7700
15560,81593,500000
15561,87320045,5290
15562,87320045,11280
15563,81593,500000
15564,87320045,37950
15565,87320045,4030
15566,81593,500000
15567,81593,500000
15568,81593,500000
15569,87320045,9550
15570,81593,500000
15571,87320045,7930
15572,87320045,6780
15573,87320045,27830
15574,87320045,4030
15575,81593,500000
15576,81593,500000
15577,87320045,10470
15578,87320045,5180
15579,87320045,4950
15580,87320045,5640
15581,81593,500000
15582,81593,500000
15583,87320045,9200
15584,87320045,35650
15585,87320045,5290
15586,81593,500000
15587,87320045,11160
15588,87320045,9660
15589,87320045,6670
15590,87320045,11040
15591,87320045,6100
15592,87320045,8630
15593,81593,500000
15594,87320045,5400
15595,87320045,4710
15596,87320045,5060
15597,87320045,5980
15598,87320045,6440
15599,81593,500000
15600,81593,500000
15601,81593,500000
15602,87320045,6780
15603,87320045,9080
15604,87320045,4710
15605,87320045,14390
15606,87320045,27370
15607,87320045,6210
15608,81593,500000
15609,87320045,5640
15610,87320045,8630
15611,87320045,14260
15612,87320045,5180
15613,87320045,8280
15614,81593,500000
15615,87320045,10810
15616,87320045,5400
15617,81593,500000
15618,81593,500000
15619,87320045,33010
15620,87320045,35650
15621,81593,500000
15622,87320045,8050
15623,87320045,5180
15624,81593,500000
15625,87320045,4490
15626,87320045,5060
15627,87320045,17250
15628,87320045,9660
15629,87320045,7130
15630,87320045,6670
15631,87320045,5750
15632,87320045,8280
15633,87320045,7820
15634,87320045,7700
15635,87320045,16440
15636,81593,500000
15637,87320045,8510
15638,87320045,4710
15639,87320045,10350
15640,87320045,4710
15641,87320045,3800
15642,81593,500000
15643,81593,500000
15644,87320045,16100
15645,87320045,11730
15646,87320045,5560
15647,81593,500000
15648,87320045,5290
15649,87320045,6100
15650,87320045,9780
15651,87320045,7480
15652,81593,500000
15653,87320045,8970
15654,87320045,5870
15655,87320045,7360
15656,87320045,12990
15657,87320045,27490
15658,87320045,14500
15659,87320045,18980
15660,81593,500000
15661,87320045,5520
15662,87320045,3560
15663,81593,500000
15664,87320045,5520
15665,87320045,9430
15666,87320045,4370
15667,87320045,15290
15668,87320045,4600
15669,87320045,18860
15670,87320045,12080
15671,87320045,3680
15672,87320045,9780
15673,87320045,5520
15674,81593,500000
15675,87320045,7360
15676,87320045,34730
15677,87320045,4830
15678,87320045,7250
15679,87320045,26340
15680,87320045,7250
15681,87320045,5640
15682,87320045,7700
15683,87320045,12650
15684,81593,500000
15685,87320045,3680
15686,87320045,7130
15687,87320045,4370
15688,87320045,11270
15689,87320045,7250
15690,81593,500000
15691,87320045,9660
15692,87320045,6440
15693,87320045,5980
15694,81593,500000
15695,87320045,7360
15696,87320045,5870
15697,87320045,10000
15698,87320045,6210
15699,81593,500000
15700,87320045,7250
15701,81593,500000
15702,87320045,18870
15703,81593,500000
15704,87320045,3340
15705,81593,500000
15706,81593,500000
15707,87320045,7360
15708,87320045,10810
15709,81593,500000
15710,81593,500000
15711,87320045,9550
15712,87320045,8170
15713,87320045,8850
15714,87320045,5180
15715,87320045,2990
15716,87320045,9200
15717,81593,500000
15718,87320045,7130
15719,87320045,6440
15720,87320045,6900
15721,87320045,9660
15722,87320045,11160
15723,87320045,7820
15724,87320045,5640
15725,81593,500000
15726,87320045,5290
15727,87320045,17370
15728,81593,500000
15729,87320045,12310
15730,87320045,5750
15731,87320045,4370
15732,87320045,7130
15733,87320045,8850
15734,87320045,9200
15735,87320045,6550
15736,87320045,10000
15737,81593,500000
15738,87320045,7130
15739,87320045,4370
15740,87320045,37030
15741,87320045,12880
15742,87320045,13800
15743,81593,500000
15744,87320045,9660
15745,87320045,5980
15746,81593,500000
15747,87320045,5750
15748,81593,500000
15749,81593,500000
15750,87320045,9080
15751,87320045,4950
15752,87320045,13680
15753,81593,500000
15754,81593,500000
15755,87320045,6550
15756,87320045,9780
15757,81593,500000
15758,87320045,12880
15759,81593,500000
15760,81593,500000
15761,87320045,29090
15762,87320045,7480
15763,87320045,11040
15764,87320045,3910
15765,81593,500000
15766,87320045,14380
15767,81593,500000
15768,87320045,11160
15769,87320045,6100
15770,87320045,7020
15771,87320045,7480
15772,87320045,3560
15773,87320045,5870
15774,87320045,14610
15775,87320045,9430
15776,87320045,13460
15777,81593,500000
15778,87320045,6900
15779,87320045,8850
15780,87320045,8400
15781,81593,500000
15782,87320045,13570
15783,87320045,9780
15784,87320045,12190
15785,81593,500000
15786,81593,500000
15787,87320045,45890
15788,81593,500000
15789,87320045,5180
15790,81593,500000
15791,87320045,7820
15792,81593,500000
15793,81593,500000
15794,81593,500000
15795,87320045,10000
15796,87320045,11040
15797,87320045,3680
15798,87320045,7130
15799,87320045,5290
15800,87320045,5870
15801,81593,500000
15802,87320045,7710
15803,87320045,19550
15804,87320045,9080
15805,87320045,5520
15806,87320045,6330
15807,87320045,9080
15808,87320045,4140
15809,81593,500000
15810,81593,500000
15811,81593,500000
15812,81593,500000
15813,87320045,10470
15814,81593,500000
15815,87320045,5980
15816,87320045,10000
15817,87320045,4490
15818,81593,500000
15819,87320045,18180
15820,81593,500000
15821,87320045,8050
15822,81593,500000
15823,81593,500000
15824,87320045,8850
15825,87320045,10810
15826,87320045,20470
15827,81593,500000
15828,87320045,10470
15829,87320045,4250
15830,87320045,5180
15831,87320045,6440
15832,81593,500000
15833,81593,500000
15834,81593,500000
15835,81593,500000
15836,87320045,6670
15837,87320045,8170
15838,87320045,7130
15839,81593,500000
15840,87320045,6550
15841,87320045,11270
15842,87320045,38760
15843,87320045,9660
15844,87320045,8650
15845,87320045,4490
15846,87320045,11850
15847,87320045,6440
15848,81593,500000
15849,81593,500000
15850,87320045,4830
15851,81593,500000
15852,87320045,12310
15853,87320045,10230
15854,87320045,4950
15855,87320045,9080
15856,87320045,4370
15857,87320045,14610
15858,81593,500000
15859,87320045,11500
15860,81593,500000
15861,81593,500000
15862,87320045,5870
15863,81593,500000
15864,87320045,12310
15865,87320045,6780
15866,81593,500000
15867,87320045,9890
15868,87320045,4370
15869,87320045,8850
15870,87320045,6670
15871,87320045,14610
15872,87320045,8970
15873,87320045,8860
15874,81593,500000
15875,87320045,4250
15876,87320045,8630
15877,87320045,6210
15878,81593,500000
15879,81593,500000
15880,81593,500000
15881,87320045,9550
15882,87320045,5060
15883,87320045,5870
15884,81593,500000
15885,81593,500000
15886,87320045,12880
15887,81593,500000
15888,87320045,8890
15889,87320045,7590
15890,87320045,4950
15891,87320045,5660
15892,81593,500000
15893,81593,500000
15894,87320045,7130
15895,81593,500000
15896,87320045,5060
15897,87320045,5300
15898,87320045,5640
15899,87320045,5870
15900,87320045,3910
15901,87320045,6440
15902,81593,500000
15903,87320045,5290
15904,87320045,18630
15905,87320045,6330
15906,87320045,7490
15907,87320045,16680
15908,87320045,11160
15909,87320045,4250
15910,87320045,5520
15911,87320045,5060
15912,87320045,10810
15913,81593,500000
15914,87320045,4030
15915,87320045,7250
15916,87320045,12990
15917,81593,500000
15918,87320045,18280
15919,81593,500000
15920,87320045,3450
15921,87320045,7930
15922,87320045,6210
15923,87320045,17710
15924,87320045,5520
15925,81593,500000
15926,87320045,5080
15927,87320045,18520
15928,81593,500000
15929,87320045,7930
15930,87320045,4950
15931,87320045,7480
15932,87320045,9210
15933,87320045,13680
15934,87320045,4950
15935,87320045,12310
15936,87320045,4250
15937,87320045,3800
15938,81593,500000
15939,81593,500000
15940,87320045,8970
15941,87320045,11850
15942,87320045,9550
15943,87320045,5870
15944,81593,500000
15945,81593,500000
15946,87320045,4370
15947,87320045,5980
15948,81593,500000
15949,87320045,5770
15950,87320045,7590
15951,81593,500000
15952,87320045,9550
15953,81593,500000
15954,81593,500000
15955,87320045,6440
15956,87320045,7020
15957,87320045,20930
15958,87320045,10930
15959,81593,500000
15960,87320045,8510
15961,87320045,7700
15962,87320045,9200
15963,87320045,3560
15964,81593,500000
15965,81593,500000
15966,81593,500000
15967,87320045,4250
15968,87320045,3910
15969,87320045,6670
15970,87320045,21510
15971,81593,500000
15972,87320045,1960
15973,87320045,7700
15974,87320045,7930
15975,87320045,20930
15976,87320045,21740
15977,81593,500000
15978,87320045,18180
15979,81593,500000
15980,87320045,16330
15981,87320045,5290
15982,81593,500000
15983,81593,500000
15984,87320045,4600
15985,81593,500000
15986,81593,500000
15987,81593,500000
15988,81593,500000
15989,87320045,7590
15990,81593,500000
15991,87320045,7130
15992,87320045,9080
15993,87320045,5060
15994,87320045,16440
15995,87320045,5180
15996,81593,500000
15997,87320045,20590
15998,87320045,5290
15999,87320045,23920
16000,81593,500000
16001,87320045,6100
16002,87320045,9200
16003,87320045,7250
16004,81593,500000
16005,87320045,4600
16006,81593,500000
16007,81593,500000
16008,81593,500000
16009,87320045,5640
16010,87320045,6100
16011,87320045,6780
16012,87320045,5400
16013,87320045,4490
16014,87320045,8400
16015,81593,500000
16016,87320045,4490
16017,87320045,15290
16018,81593,500000
16019,87320045,7020
16020,81593,500000
16021,87320045,8400
16022,87320045,5870
16023,87320045,8050
16024,81593,500000
16025,87320045,6330
16026,81593,500000
16027,81593,500000
16028,81593,500000
16029,81593,500000
16030,87320045,3220
16031,87320045,3920
16032,87320045,4710
16033,87320045,5640
16034,87320045,7250
16035,81593,500000
16036,87320045,8860
16037,87320045,6220
16038,87320045,6550
16039,87320045,7250
16040,87320045,8170
16041,87320045,5640
16042,87320045,11730
16043,81593,500000
16044,81593,500000
16045,87320045,4490
16046,87320045,10470
16047,87320045,6330
16048,81593,500000
16049,87320045,4250
16050,81593,500000
16051,87320045,5870
16052,87320045,4830
16053,87320045,5180
16054,87320045,6220
16055,87320045,6210
16056,87320045,4490
16057,87320045,10230
16058,87320045,4600
16059,81593,500000
16060,87320045,10120
16061,87320045,7020
16062,87320045,6210
16063,87320045,6330
16064,87320045,4710
16065,87320045,7700
16066,87320045,19780
16067,87320045,18280
16068,87320045,4170
16069,87320045,5400
16070,87320045,14260
16071,87320045,4710
16072,87320045,10230
16073,81593,500000
16074,87320045,4710
16075,87320045,6100
16076,87320045,37380
16077,87320045,6100
16078,87320045,124660
16079,81593,500000
16080,87320045,3680
16081,87320045,8740
16082,81593,500000
16083,87320045,3680
16084,81593,500000
16085,81593,500000
16086,87320045,5870
16087,87320045,10470
16088,87320045,8850
16089,87320045,18060
16090,87320045,9080
16091,87320045,7360
16092,81593,500000
16093,81593,500000
16094,87320045,16560
16095,81593,500000
16096,87320045,11380
16097,81593,500000
16098,81593,500000
16099,81593,500000
16100,87320045,6670
16101,87320045,9660
16102,81593,500000
16103,87320045,67280
16104,87320045,13230
16105,81593,500000
16106,87320045,4710
16107,87320045,5750
16108,87320045,11850
16109,87320045,5750
16110,87320045,6900
16111,87320045,9550
16112,81593,500000
16113,87320045,6440
16114,87320045,4490
16115,87320045,12080
16116,81593,500000
16117,81593,500000
16118,87320045,12880
16119,81593,500000
16120,81593,500000
16121,87320045,7720
16122,81593,500000
16123,81593,500000
16124,87320045,10350
16125,81593,500000
16126,87320045,5750
16127,87320045,6210
16128,87320045,5520
16129,81593,500000
16130,87320045,13920
16131,87320045,5750
16132,81593,500000
16133,87320045,6450
16134,81593,500000
16135,87320045,5060
16136,87320045,29900
16137,87320045,9200
16138,87320045,5180
16139,87320045,17710
16140,87320045,4140
16141,87320045,5290
16142,87320045,9430
16143,87320045,5520
16144,87320045,5290
16145,87320045,11380
16146,87320045,4600
16147,87320045,5870
16148,81593,500000
16149,87320045,7590
16150,81593,500000
16151,81593,500000
16152,87320045,4600
16153,87320045,6670
16154,87320045,8850
16155,87320045,2300
16156,81593,500000
16157,87320045,9550
16158,81593,500000
16159,87320045,18280
16160,87320045,7040
16161,81593,500000
16162,87320045,8510
16163,87320045,9660
16164,81593,500000
16165,87320045,8740
16166,87320045,4950
16167,87320045,6550
16168,87320045,9080
16169,87320045,8400
16170,81593,500000
16171,87320045,17710
16172,87320045,5180
16173,87320045,8400
16174,81593,500000
16175,87320045,34160
16176,81593,500000
16177,81593,500000
16178,87320045,9320
16179,87320045,10700
16180,87320045,6440
16181,81593,500000
16182,81593,500000
16183,81593,500000
16184,87320045,36690
16185,87320045,12190
16186,87320045,7250
16187,87320045,36230
16188,81593,500000
16189,87320045,5060
16190,87320045,5640
16191,87320045,8510
16192,87320045,4490
16193,87320045,6550
16194,87320045,5870
16195,87320045,6900
16196,87320045,16560
16197,87320045,9780
16198,87320045,15530
16199,87320045,7020
16200,87320045,7700
16201,87320045,15180
16202,87320045,9320
16203,87320045,8740
16204,87320045,6900
16205,87320045,6330
16206,81593,500000
16207,81593,500000
16208,87320045,8050
16209,81593,500000
16210,87320045,5530
16211,87320045,4830
16212,87320045,5520
16213,87320045,6780
16214,87320045,6670
16215,87320045,13570
16216,81593,500000
16217,81593,500000
16218,87320045,5870
16219,87320045,4030
16220,87320045,5870
16221,87320045,11850
16222,87320045,10120
16223,87320045,7480
16224,81593,500000
16225,87320045,5750
16226,81593,500000
16227,87320045,6900
16228,81593,500000
16229,87320045,4140
16230,87320045,6100
16231,87320045,4140
16232,87320045,5980
16233,87320045,6100
16234,87320045,7480
16235,81593,500000
16236,87320045,5290
16237,81593,500000
16238,87320045,8510
16239,87320045,6330
16240,87320045,4600
16241,87320045,5750
16242,81593,500000
16243,81593,500000
16244,87320045,6330
16245,87320045,4620
16246,87320045,35540
16247,87320045,5520
16248,81593,500000
16249,87320045,4600
16250,87320045,5870
16251,87320045,5180
16252,87320045,5640
16253,87320045,6440
16254,81593,500000
16255,87320045,19890
16256,87320045,36570
16257,87320045,4950
16258,87320045,4710
16259,87320045,11730
16260,87320045,11960
16261,87320045,9780
16262,87320045,6210
16263,87320045,5870
16264,87320045,13680
16265,81593,500000
16266,81593,500000
16267,87320045,5990
16268,87320045,5290
16269,87320045,8170
16270,87320045,14380
16271,81593,500000
16272,87320045,4250
16273,81593,500000
16274,87320045,7020
16275,87320045,4250
16276,81593,500000
16277,87320045,7130
16278,87320045,8740
16279,87320045,5750
16280,87320045,6900
16281,87320045,4950
16282,81593,500000
16283,81593,500000
16284,81593,500000
16285,87320045,35310
16286,87320045,4250
16287,81593,500000
16288,87320045,6210
16289,87320045,9660
16290,81593,500000
16291,81593,500000
16292,87320045,6780
16293,87320045,121900
16294,81593,500000
16295,87320045,9200
16296,87320045,5180
16297,81593,500000
16298,87320045,7360
16299,81593,500000
16300,81593,500000
16301,87320045,11500
16302,87320045,14490
16303,87320045,5180
16304,87320045,10000
16305,87320045,7700
16306,87320045,65550
16307,87320045,6440
16308,81593,500000
16309,81593,500000
16310,87320045,7250
16311,81593,500000
16312,81593,500000
16313,87320045,12110
16314,87320045,5870
16315,87320045,4600
16316,87320045,25640
16317,81593,500000
16318,87320045,10230
16319,87320045,7590
16320,87320045,6900
16321,87320045,4600
16322,87320045,8280
16323,81593,500000
16324,81593,500000
16325,87320045,9320
16326,87320045,5180
16327,87320045,5060
16328,87320045,17250
16329,87320045,5640
16330,87320045,4140
16331,87320045,4950
16332,87320045,4030
16333,87320045,17710
16334,87320045,5290
16335,87320045,7590
16336,81593,500000
16337,87320045,13230
16338,81593,500000
16339,81593,500000
16340,81593,500000
16341,87320045,6440
16342,81593,500000
16343,81593,500000
16344,87320045,8630
16345,87320045,11850
16346,87320045,4600
16347,87320045,18630
16348,87320045,13460
16349,87320045,14140
16350,87320045,3930
16351,81593,500000
16352,87320045,21160
16353,87320045,3680
16354,87320045,5750
16355,87320045,3800
16356,87320045,5520
16357,81593,500000
16358,87320045,3910
16359,87320045,5750
16360,87320045,13800
16361,87320045,8400
16362,81593,500000
16363,81593,500000
16364,81593,500000
16365,87320045,5870
16366,81593,500000
16367,87320045,40360
16368,87320045,5980
16369,87320045,10350
16370,87320045,10700
16371,81593,500000
16372,87320045,6330
16373,87320045,7250
16374,87320045,8280
16375,87320045,5750
16376,81593,500000
16377,81593,500000
16378,87320045,5870
16379,81593,500000
16380,87320045,7930
16381,87320045,3910
16382,87320045,6330
16383,87320045,15180
16384,87320045,9890
16385,87320045,4950
16386,87320045,7360
16387,81593,500000
16388,87320045,7820
16389,81593,500000
16390,87320045,4370
16391,87320045,7480
16392,87320045,5400
16393,87320045,9780
16394,87320045,6330
16395,81593,500000
16396,87320045,11270
16397,81593,500000
16398,81593,500000
16399,87320045,13920
16400,87320045,4370
16401,81593,500000
16402,87320045,10470
16403,87320045,5870
16404,87320045,20240
16405,87320045,6900
16406,87320045,8050
16407,87320045,4710
16408,87320045,4370
16409,87320045,7820
16410,81593,500000
16411,87320045,17940
16412,87320045,10000
16413,87320045,27030
16414,87320045,3910
16415,87320045,5750
16416,87320045,4370
16417,81593,500000
16418,87320045,6100
16419,81593,500000
16420,87320045,8740
16421,87320045,12420
16422,87320045,6440
16423,87320045,8630
16424,81593,500000
16425,87320045,7020
16426,87320045,5060
16427,87320045,10580
16428,87320045,5870
16429,87320045,34840
16430,87320045,4030
16431,81593,500000
16432,87320045,10700
16433,87320045,13340
16434,87320045,4140
16435,87320045,20470
16436,81593,500000
16437,87320045,5770
16438,81593,500000
16439,87320045,10120
16440,81593,500000
16441,87320045,11730
16442,87320045,7020
16443,81593,500000
16444,87320045,4600
16445,87320045,7360
16446,87320045,7360
16447,81593,500000
16448,87320045,4950
16449,81593,500000
16450,87320045,5750
16451,81593,500000
16452,87320045,5870
16453,81593,500000
16454,81593,500000
16455,87320045,5400
16456,87320045,2530
16457,81593,500000
16458,87320045,10470
16459,87320045,5520
16460,87320045,6780
16461,87320045,5520
16462,87320045,4950
16463,87320045,8510
16464,81593,500000
16465,87320045,5750
16466,87320045,4830
16467,87320045,7480
16468,87320045,7590
16469,87320045,7700
16470,87320045,7020
16471,87320045,35540
16472,87320045,4140
16473,87320045,16100
16474,81593,500000
16475,87320045,7130
16476,87320045,5520
16477,87320045,12420
16478,81593,500000
16479,81593,500000
16480,81593,500000
16481,81593,500000
16482,87320045,7250
16483,87320045,7930
16484,87320045,5980
16485,81593,500000
16486,87320045,4950
16487,81593,500000
16488,87320045,6670
16489,87320045,8170
16490,87320045,8510
16491,87320045,17710
16492,87320045,6330
16493,87320045,6920
16494,81593,500000
16495,81593,500000
16496,87320045,7930
16497,81593,500000
16498,87320045,6670
16499,87320045,7030
16500,87320045,11380
16501,87320045,9660
16502,87320045,5180
16503,87320045,3220
16504,81593,500000
16505,81593,500000
16506,87320045,4600
16507,81593,500000
16508,81593,500000
16509,87320045,10470
16510,81593,500000
16511,87320045,34960
16512,87320045,9080
16513,81593,500000
16514,81593,500000
16515,87320045,5980
16516,87320045,10470
16517,87320045,11730
16518,87320045,9220
16519,87320045,6900
16520,81593,500000
16521,81593,500000
16522,81593,500000
16523,81593,500000
16524,87320045,5980
16525,87320045,8630
16526,81593,500000
16527,87320045,7250
16528,87320045,6670
16529,87320045,10700
16530,87320045,5520
16531,87320045,6210
16532,87320045,10350
16533,81593,500000
16534,87320045,4490
16535,81593,500000
16536,87320045,4950
16537,81593,500000
16538,87320045,5400
16539,87320045,4830
16540,87320045,5520
16541,81593,500000
16542,81593,500000
16543,87320045,6100
16544,87320045,9080
16545,81593,500000
16546,87320045,5870
16547,87320045,5060
16548,87320045,9320
16549,87320045,10120
16550,87320045,9080
16551,87320045,4830
16552,87320045,13920
16553,87320045,6780
16554,87320045,5640
16555,87320045,16440
16556,87320045,11510
16557,81593,500000
16558,87320045,5870
16559,81593,500000
16560,87320045,6550
16561,87320045,8850
16562,87320045,6210
16563,87320045,7360
16564,87320045,8170
16565,87320045,5750
16566,87320045,8630
16567,81593,500000
16568,87320045,21860
16569,87320045,7360
16570,81593,500000
16571,81593,500000
16572,87320045,6210
16573,87320045,4950
16574,87320045,6210
16575,87320045,5060
16576,87320045,9550
16577,87320045,6900
16578,81593,500000
16579,87320045,8280
16580,81593,500000
16581,87320045,2760
16582,87320045,5180
16583,87320045,6550
16584,81593,500000
16585,87320045,7820
16586,87320045,9780
16587,81593,500000
16588,81593,500000
16589,87320045,7480
16590,81593,500000
16591,81593,500000
16592,87320045,6000
16593,87320045,6550
16594,81593,500000
16595,81593,500000
16596,81593,500000
16597,87320045,15760
16598,87320045,6670
16599,87320045,6210
16600,87320045,4370
16601,87320045,11040
16602,87320045,3560
16603,87320045,19890
16604,87320045,5870
16605,87320045,10810
16606,87320045,8850
16607,87320045,3680
16608,87320045,7360
16609,87320045,7250
16610,81593,500000
16611,81593,500000
16612,81593,500000
16613,87320045,7020
16614,87320045,7250
16615,87320045,18170
16616,87320045,6100
16617,87320045,5640
16618,87320045,11960
16619,87320045,9200
16620,81593,500000
16621,87320045,6100
16622,87320045,4140
16623,87320045,7250
16624,81593,500000
16625,87320045,5980
16626,87320045,4960
16627,81593,500000
16628,81593,500000
16629,87320045,11160
16630,87320045,131900
16631,81593,500000
16632,87320045,2990
16633,87320045,4710
16634,87320045,3340
16635,81593,500000
16636,81593,500000
16637,87320045,4370
16638,81593,500000
16639,81593,500000
16640,87320045,5980
16641,81593,500000
16642,87320045,6780
16643,87320045,3450
16644,87320045,5640
16645,81593,500000
16646,87320045,3680
16647,81593,500000
16648,87320045,11160
16649,87320045,5640
16650,87320045,4140
16651,87320045,3340
16652,87320045,8850
16653,81593,500000
16654,87320045,8970
16655,87320045,15870
16656,87320045,5290
16657,81593,500000
16658,87320045,3560
16659,81593,500000
16660,87320045,5400
16661,87320045,7360
16662,81593,500000
16663,87320045,12420
16664,87320045,21280
16665,81593,500000
16666,81593,500000
16667,87320045,11040
16668,87320045,8740
16669,87320045,4950
16670,87320045,7700
16671,87320045,13110
16672,87320045,5290
16673,81593,500000
16674,87320045,70400
16675,87320045,10470
16676,87320045,5290
16677,87320045,6100
16678,87320045,12190
16679,81593,500000
16680,81593,500000
16681,87320045,6440
16682,81593,500000
16683,81593,500000
16684,87320045,4140
16685,87320045,3800
16686,87320045,8170
16687,87320045,12420
16688,87320045,11040
16689,81593,500000
16690,87320045,5520
16691,87320045,17850
16692,81593,500000
16693,87320045,16220
16694,87320045,14030
16695,81593,500000
16696,87320045,6670
16697,87320045,9430
16698,87320045,11850
16699,81593,500000
16700,87320045,5640
16701,81593,500000
16702,81593,500000
16703,81593,500000
16704,87320045,7590
16705,87320045,15070
16706,87320045,10120
16707,87320045,5400
16708,87320045,21280
16709,81593,500000
16710,87320045,8850
16711,81593,500000
16712,87320045,8850
16713,87320045,5180
16714,87320045,6550
16715,87320045,11620
16716,81593,500000
16717,87320045,7480
16718,87320045,6440
16719,81593,500000
16720,81593,500000
16721,81593,500000
16722,87320045,7360
16723,87320045,3560
16724,87320045,12990
16725,87320045,7700
16726,87320045,4490
16727,81593,500000
16728,87320045,5200
16729,81593,500000
16730,81593,500000
16731,87320045,4610
16732,87320045,3680
16733,81593,500000
16734,87320045,7490
16735,87320045,7130
16736,87320045,7360
16737,81593,500000
16738,87320045,10930
16739,87320045,4250
16740,87320045,4490
16741,87320045,7270
16742,87320045,4600
16743,87320045,26680
16744,87320045,19890
16745,87320045,20260
16746,87320045,7130
16747,87320045,10010
16748,87320045,11620
16749,87320045,10230
16750,87320045,4370
16751,81593,500000
16752,87320045,18060
16753,81593,500000
16754,87320045,12990
16755,87320045,7370
16756,87320045,11850
16757,87320045,11620
16758,87320045,10120
16759,81593,500000
16760,81593,500000
16761,81593,500000
16762,87320045,12420
16763,87320045,10700
16764,87320045,6100
16765,87320045,17370
16766,87320045,11270
16767,87320045,5750
16768,81593,500000
16769,87320045,8170
16770,81593,500000
16771,81593,500000
16772,87320045,20700
16773,87320045,6670
16774,87320045,5400
16775,87320045,6440
16776,87320045,11730
16777,87320045,41630
16778,81593,500000
16779,87320045,15870
16780,81593,500000
16781,87320045,8190
16782,81593,500000
16783,87320045,21390
16784,87320045,69350
16785,87320045,13230
16786,81593,500000
16787,81593,500000
16788,87320045,11620
16789,87320045,3450
16790,81593,500000
16791,87320045,56700
16792,81593,500000
16793,87320045,21620
16794,87320045,35990
16795,81593,500000
16796,87320045,6900
16797,87320045,6550
16798,87320045,3910
16799,81593,500000
16800,87320045,11500
16801,81593,500000
16802,81593,500000
16803,87320045,5290
16804,87320045,37950
16805,87320045,10930
16806,87320045,7360
16807,87320045,7360
16808,81593,500000
16809,81593,500000
16810,87320045,10810
16811,87320045,6210
16812,87320045,13230
16813,87320045,5870
16814,87320045,5400
16815,87320045,4140
16816,87320045,5520
16817,81593,500000
16818,87320045,8740
16819,87320045,5750
16820,87320045,5180
16821,87320045,5640
16822,81593,500000
16823,81593,500000
16824,81593,500000
16825,81593,500000
16826,87320045,5290
16827,87320045,6210
16828,87320045,5060
16829,87320045,8850
16830,87320045,8170
16831,81593,500000
16832,87320045,7360
16833,87320045,4950
16834,87320045,15530
16835,87320045,6780
16836,87320045,6550
16837,87320045,6330
16838,87320045,7360
16839,87320045,5400
16840,87320045,11040
16841,87320045,8280
16842,81593,500000
16843,87320045,14960
16844,87320045,7250
16845,87320045,7130
16846,81593,500000
16847,81593,500000
16848,81593,500000
16849,87320045,8050
16850,87320045,9200
16851,87320045,5640
16852,87320045,7020
16853,87320045,10240
16854,87320045,10810
16855,87320045,6330
16856,87320045,7020
16857,87320045,8970
16858,87320045,3800
16859,87320045,4490
16860,87320045,8850
16861,87320045,16680
16862,87320045,7020
16863,87320045,9780
16864,87320045,14140
16865,81593,500000
16866,87320045,10350
16867,87320045,5060
16868,87320045,26910
16869,81593,500000
16870,87320045,5290
16871,87320045,5640
16872,87320045,24840
16873,87320045,7700
16874,87320045,10470
16875,81593,500000
16876,81593,500000
16877,81593,500000
16878,81593,500000
16879,87320045,5290
16880,87320045,7360
16881,87320045,12190
16882,87320045,12430
16883,87320045,7700
16884,87320045,8990
16885,87320045,5240
16886,87320045,10470
16887,81593,500000
16888,87320045,4250
16889,81593,500000
16890,81593,500000
16891,87320045,6100
16892,87320045,8280
16893,87320045,7930
16894,87320045,7130
16895,87320045,8510
16896,81593,500000
16897,87320045,8280
16898,81593,500000
16899,81593,500000
16900,87320045,11040
16901,87320045,29330
16902,81593,500000
16903,87320045,5520
16904,81593,500000
16905,81593,500000
16906,87320045,12310
16907,87320045,6330
16908,87320045,4370
16909,87320045,10700
16910,87320045,10810
16911,87320045,9660
16912,87320045,10930
16913,81593,500000
16914,87320045,6550
16915,87320045,7250
16916,81593,500000
16917,87320045,4490
16918,87320045,2530
16919,87320045,8400
16920,87320045,8280
16921,87320045,6330
16922,81593,500000
16923,87320045,9890
16924,87320045,10470
16925,87320045,7480
16926,87320045,6100
16927,87320045,4490
16928,81593,500000
16929,87320045,8280
16930,87320045,4140
16931,81593,500000
16932,87320045,16100
16933,81593,500000
16934,87320045,11620
16935,81593,500000
16936,87320045,7820
16937,87320045,9780
16938,81593,500000
16939,87320045,6670
16940,87320045,16790
16941,81593,500000
16942,87320045,5520
16943,81593,500000
16944,87320045,4830
16945,87320045,4830
16946,87320045,7930
16947,87320045,15070
16948,87320045,7370
16949,87320045,5750
16950,87320045,5640
16951,87320045,14490
16952,87320045,8510
16953,81593,500000
16954,87320045,8740
16955,87320045,8510
16956,81593,500000
16957,81593,500000
16958,81593,500000
16959,81593,500000
16960,87320045,7250
16961,87320045,2530
16962,87320045,4950
16963,87320045,10230
16964,81593,500000
16965,87320045,12310
16966,87320045,9660
16967,87320045,5520
16968,81593,500000
16969,87320045,6210
16970,87320045,16790
16971,81593,500000
16972,87320045,11730
16973,87320045,5640
16974,81593,500000
16975,87320045,11280
16976,87320045,5520
16977,87320045,14950
16978,87320045,5060
16979,81593,500000
16980,81593,500000
16981,87320045,7480
16982,87320045,3680
16983,87320045,5290
16984,87320045,9200
16985,87320045,15980
16986,81593,500000
16987,87320045,5640
16988,87320045,8280
16989,81593,500000
16990,87320045,6210
16991,87320045,6780
16992,87320045,8400
16993,81593,500000
16994,81593,500000
16995,87320045,7700
16996,87320045,6440
16997,87320045,10700
16998,87320045,6330
16999,87320045,10130
17000,87320045,17020
17001,87320045,10810
17002,87320045,5980
17003,87320045,9320
17004,87320045,10700
17005,87320045,4830
17006,87320045,12530
17007,87320045,4370
17008,87320045,3220
17009,87320045,13920
17010,87320045,8170
17011,81593,500000
17012,87320045,4600
17013,87320045,5870
17014,87320045,8400
17015,87320045,9890
17016,81593,500000
17017,87320045,10130
17018,87320045,6100
17019,87320045,8510
17020,87320045,3800
17021,87320045,5190
17022,87320045,16220
17023,87320045,8280
17024,87320045,3450
17025,81593,500000
17026,81593,500000
17027,87320045,7830
17028,87320045,7360
17029,81593,500000
17030,87320045,8170
17031,87320045,10230
17032,81593,500000
17033,87320045,7590
17034,87320045,4950
17035,81593,500000
17036,87320045,8880
17037,81593,500000
17038,87320045,5870
17039,87320045,14030
17040,87320045,5060
17041,87320045,11960
17042,87320045,16680
17043,87320045,5290
17044,81593,500000
17045,81593,500000
17046,87320045,5290
17047,81593,500000
17048,87320045,7820
17049,87320045,7360
17050,87320045,8970
17051,87320045,8050
17052,87320045,6900
17053,87320045,17830
17054,87320045,9430
17055,87320045,6920
17056,87320045,12650
17057,81593,500000
17058,87320045,6910
17059,81593,500000
17060,87320045,4140
17061,87320045,7820
17062,87320045,5180
17063,81593,500000
17064,87320045,7480
17065,81593,500000
17066,81593,500000
17067,87320045,12650
17068,87320045,17830
17069,87320045,5290
17070,87320045,3910
17071,81593,500000
17072,87320045,11730
17073,87320045,8170
17074,87320045,4960
17075,81593,500000
17076,87320045,14260
17077,87320045,61640
17078,87320045,12880
17079,87320045,11380
17080,81593,500000
17081,81593,500000
17082,87320045,6670
17083,81593,500000
17084,87320045,5980
17085,87320045,5060
17086,81593,500000
17087,87320045,8740
17088,87320045,4140
17089,87320045,12460
17090,87320045,10000
17091,87320045,4830
17092,87320045,9660
17093,81593,500000
17094,81593,500000
17095,87320045,7130
17096,81593,500000
17097,87320045,7590
17098,87320045,5520
17099,87320045,9780
17100,81593,500000
17101,87320045,6780
17102,81593,500000
17103,81593,500000
17104,87320045,8740
17105,87320045,4140
17106,87320045,5980
17107,87320045,9780
17108,87320045,12190
17109,87320045,9780
17110,87320045,11380
17111,87320045,5980
17112,87320045,4490
17113,87320045,14830
17114,87320045,4030
17115,87320045,7480
17116,87320045,4250
17117,87320045,6670
17118,87320045,41170
17119,87320045,3110
17120,87320045,7930
17121,87320045,35420
17122,87320045,10120
17123,81593,500000
17124,87320045,5060
17125,81593,500000
17126,87320045,5750
17127,87320045,5750
17128,81593,500000
17129,87320045,27830
17130,87320045,7390
17131,87320045,7940
17132,87320045,3340
17133,87320045,7130
17134,81593,500000
17135,87320045,9780
17136,87320045,10700
17137,87320045,6100
17138,87320045,5640
17139,87320045,5060
17140,81593,500000
17141,87320045,9210
17142,87320045,8400
17143,81593,500000
17144,81593,500000
17145,87320045,4250
17146,87320045,6780
17147,87320045,11270
17148,81593,500000
17149,87320045,8400
17150,87320045,17380
17151,87320045,20470
17152,87320045,9430
17153,87320045,13110
17154,81593,500000
17155,87320045,5400
17156,87320045,8060
17157,87320045,9550
17158,81593,500000
17159,87320045,5750
17160,81593,500000
17161,87320045,3450
17162,87320045,5520
17163,81593,500000
17164,87320045,6100
17165,87320045,4030
17166,87320045,5400
17167,87320045,9780
17168,87320045,14610
17169,81593,500000
17170,87320045,9780
17171,87320045,6100
17172,87320045,4950
17173,87320045,10120
17174,87320045,7480
17175,81593,500000
17176,87320045,5060
17177,87320045,18520
17178,87320045,14610
17179,87320045,6210
17180,87320045,5180
17181,81593,500000
17182,87320045,9430
17183,81593,500000
17184,81593,500000
17185,87320045,62450
17186,81593,500000
17187,87320045,9660
17188,87320045,5180
17189,87320045,10930
17190,81593,500000
17191,81593,500000
17192,87320045,6330
17193,87320045,9780
17194,87320045,26220
17195,87320045,5290
17196,87320045,5520
17197,87320045,10930
17198,87320045,5980
17199,87320045,5640
17200,87320045,5640
17201,81593,500000
17202,87320045,11380
17203,81593,500000
17204,87320045,17130
17205,87320045,21970
17206,87320045,6100
17207,87320045,9550
17208,87320045,7020
17209,87320045,5870
17210,87320045,10230
17211,87320045,5980
17212,87320045,5750
17213,87320045,32200
17214,87320045,5180
17215,87320045,5870
17216,81593,500000
17217,81593,500000
17218,87320045,8850
17219,87320045,4490
17220,87320045,14950
17221,87320045,16220
17222,87320045,4370
17223,87320045,6330
17224,87320045,5400
17225,87320045,6780
17226,87320045,13680
17227,81593,500000
17228,87320045,11500
17229,87320045,5520
17230,81593,500000
17231,81593,500000
17232,87320045,7250
17233,87320045,7360
17234,87320045,12080
17235,87320045,7130
17236,87320045,3680
17237,87320045,6210
17238,87320045,40250
17239,87320045,6440
17240,87320045,4710
17241,87320045,5980
17242,87320045,6780
17243,87320045,5750
17244,87320045,24610
17245,87320045,6210
17246,81593,500000
17247,81593,500000
17248,87320045,4250
17249,81593,500000
17250,87320045,7020
17251,87320045,13230
17252,87320045,7700
17253,81593,500000
17254,87320045,18060
17255,87320045,10580
17256,87320045,13460
17257,87320045,3580
17258,81593,500000
17259,87320045,12190
17260,87320045,11160
17261,81593,500000
17262,87320045,7820
17263,87320045,4830
17264,87320045,9660
17265,81593,500000
17266,81593,500000
17267,87320045,7590
17268,81593,500000
17269,87320045,11620
17270,87320045,6210
17271,87320045,5640
17272,81593,500000
17273,81593,500000
17274,87320045,6330
17275,87320045,9080
17276,87320045,9780
17277,87320045,17590
17278,87320045,4250
17279,81593,500000
17280,87320045,5060
17281,87320045,4420
17282,87320045,6330
17283,87320045,5980
17284,87320045,18740
17285,81593,500000
17286,87320045,6780
17287,87320045,9320
17288,81593,500000
17289,81593,500000
17290,81593,500000
17291,81593,500000
17292,87320045,30390
17293,87320045,12080
17294,81593,500000
17295,87320045,5640
17296,87320045,6210
17297,81593,500000
17298,81593,500000
17299,81593,500000
17300,81593,500000
17301,87320045,8280
17302,87320045,4710
17303,87320045,11850
17304,87320045,7130
17305,87320045,8170
17306,81593,500000
17307,87320045,5520
17308,81593,500000
17309,87320045,7740
17310,87320045,5290
17311,81593,500000
17312,81593,500000
17313,87320045,8170
17314,87320045,10350
17315,87320045,6330
17316,87320045,14490
17317,87320045,7480
17318,87320045,5520
17319,87320045,5980
17320,87320045,5290
17321,87320045,7930
17322,87320045,7130
17323,81593,500000
17324,87320045,6900
17325,87320045,4140
17326,81593,500000
17327,87320045,5290
17328,81593,500000
17329,87320045,6330
17330,87320045,17020
17331,81593,500000
17332,87320045,7930
17333,87320045,6670
17334,87320045,4600
17335,81593,500000
17336,87320045,6330
17337,81593,500000
17338,87320045,6440
17339,87320045,32890
17340,87320045,5400
17341,87320045,4710
17342,81593,500000
17343,81593,500000
17344,81593,500000
17345,87320045,5410
17346,81593,500000
17347,87320045,10000
17348,81593,500000
17349,87320045,3110
17350,87320045,4370
17351,87320045,5870
17352,87320045,33580
17353,87320045,5980
17354,87320045,19550
17355,87320045,9080
17356,87320045,6780
17357,87320045,7250
17358,87320045,6550
17359,87320045,4710
17360,81593,500000
17361,87320045,8860
17362,87320045,6550
17363,87320045,6440
17364,81593,500000
17365,87320045,5060
17366,87320045,5400
17367,81593,500000
17368,81593,500000
17369,87320045,4830
17370,87320045,6670
17371,87320045,6100
17372,87320045,8400
17373,81593,500000
17374,87320045,7820
17375,87320045,7360
17376,87320045,12880
17377,81593,500000
17378,87320045,12530
17379,81593,500000
17380,81593,500000
17381,87320045,10000
17382,87320045,11390
17383,87320045,9660
17384,87320045,9550
17385,87320045,4600
17386,87320045,7360
17387,87320045,5640
17388,81593,500000
17389,87320045,9660
17390,87320045,5290
17391,87320045,23690
17392,87320045,8520
17393,81593,500000
17394,87320045,8400
17395,87320045,10930
17396,87320045,5060
17397,81593,500000
17398,87320045,5060
17399,81593,500000
17400,87320045,6670
17401,81593,500000
17402,87320045,4030
17403,87320045,6210
17404,87320045,22430
17405,87320045,9320
17406,87320045,17830
17407,87320045,5750
17408,87320045,21850
17409,87320045,15180
17410,81593,500000
17411,87320045,5640
17412,87320045,4600
17413,87320045,4490
17414,81593,500000
17415,87320045,4710
17416,81593,500000
17417,87320045,6550
17418,81593,500000
17419,87320045,6550
17420,87320045,7020
17421,87320045,4370
17422,81593,500000
17423,81593,500000
17424,87320045,7700
17425,87320045,5520
17426,87320045,4710
17427,87320045,14720
17428,81593,500000
17429,87320045,37260
17430,81593,500000
17431,87320045,6900
17432,87320045,7130
17433,81593,500000
17434,87320045,7820
17435,87320045,101200
17436,87320045,5520
17437,87320045,17250
17438,81593,500000
17439,87320045,5400
17440,87320045,7130
17441,81593,500000
17442,87320045,7020
17443,81593,500000
17444,81593,500000
17445,81593,500000
17446,87320045,3460
17447,81593,500000
17448,87320045,4490
17449,87320045,4030
17450,87320045,3220
17451,87320045,7360
17452,87320045,4710
17453,87320045,5980
17454,87320045,8630
17455,81593,500000
17456,87320045,9890
17457,87320045,13460
17458,87320045,8850
17459,87320045,5750
17460,87320045,5750
17461,81593,500000
17462,87320045,8050
17463,87320045,14950
17464,87320045,13800
17465,87320045,27710
17466,87320045,3680
17467,87320045,6210
17468,87320045,12310
17469,87320045,33930
17470,81593,500000
17471,81593,500000
17472,87320045,5400
17473,87320045,13570
17474,87320045,3800
17475,87320045,13680
17476,81593,500000
17477,87320045,7140
17478,87320045,9200
17479,87320045,27030
17480,87320045,7700
17481,87320045,5400
17482,87320045,3680
17483,81593,500000
17484,81593,500000
17485,87320045,2880
17486,87320045,8280
17487,81593,500000
17488,81593,500000
17489,81593,500000
17490,87320045,10820
17491,87320045,5400
17492,87320045,10230
17493,87320045,4140
17494,87320045,20930
17495,87320045,16330
17496,81593,500000
17497,87320045,6440
17498,87320045,9320
17499,87320045,5750
17500,81593,500000
17501,87320045,4950
17502,87320045,6780
17503,81593,500000
17504,87320045,32550
17505,87320045,16910
17506,87320045,33240
17507,87320045,4490
17508,87320045,5290
17509,87320045,7700
17510,87320045,12770
17511,87320045,8170
17512,87320045,5060
17513,87320045,12770
17514,87320045,8050
17515,81593,500000
17516,87320045,10470
17517,87320045,8180
17518,87320045,4370
17519,81593,500000
17520,87320045,9550
17521,87320045,9430
17522,81593,500000
17523,87320045,6100
17524,87320045,6210
17525,81593,500000
17526,81593,500000
17527,81593,500000
17528,87320045,4950
17529,87320045,6670
17530,87320045,7930
17531,81593,500000
17532,87320045,7020
17533,81593,500000
17534,81593,500000
17535,87320045,6210
17536,87320045,6550
17537,87320045,4740
17538,87320045,4830
17539,81593,500000
17540,81593,500000
17541,81593,500000
17542,87320045,7250
17543,87320045,14260
17544,87320045,3680
17545,87320045,5640
17546,81593,500000
17547,81593,500000
17548,81593,500000
17549,81593,500000
17550,81593,500000
17551,87320045,8850
17552,87320045,7020
17553,87320045,7360
17554,87320045,8740
17555,87320045,5750
17556,87320045,9780
17557,87320045,6440
17558,87320045,5980
17559,87320045,6100
17560,87320045,7130
17561,87320045,9200
17562,87320045,7930
17563,81593,500000
17564,87320045,11270
17565,87320045,7590
17566,87320045,4710
17567,81593,500000
17568,81593,500000
17569,87320045,5520
17570,87320045,5980
17571,87320045,10810
17572,87320045,6100
17573,81593,500000
17574,81593,500000
17575,87320045,4490
17576,87320045,4370
17577,81593,500000
17578,87320045,4250
17579,81593,500000
17580,87320045,6780
17581,87320045,11850
17582,81593,500000
17583,81593,500000
17584,87320045,6100
17585,87320045,6900
17586,81593,500000
17587,87320045,5750
17588,87320045,4490
17589,87320045,18980
17590,87320045,4710
17591,81593,500000
17592,87320045,9660
17593,87320045,3340
17594,87320045,10470
17595,87320045,11730
17596,81593,500000
17597,87320045,5750
17598,87320045,5750
17599,87320045,40590
17600,87320045,13800
17601,87320045,8510
17602,87320045,11500
17603,87320045,9780
17604,87320045,6550
17605,87320045,12190
17606,87320045,4950
17607,87320045,3450
17608,81593,500000
17609,87320045,4950
17610,87320045,4710
17611,81593,500000
17612,81593,500000
17613,81593,500000
17614,87320045,6460
17615,81593,500000
17616,87320045,7020
17617,87320045,34840
17618,87320045,6670
17619,81593,500000
17620,87320045,5060
17621,87320045,6100
17622,81593,500000
17623,87320045,30820
17624,87320045,5980
17625,87320045,14490
17626,87320045,34960
17627,81593,500000
17628,81593,500000
17629,81593,500000
17630,87320045,12190
17631,87320045,7020
17632,87320045,5400
17633,87320045,5520
17634,81593,500000
17635,81593,500000
17636,81593,500000
17637,87320045,13340
17638,87320045,10700
17639,87320045,21280
17640,87320045,4370
17641,81593,500000
17642,87320045,6680
17643,87320045,6220
17644,87320045,5640
17645,81593,500000
17646,81593,500000
17647,87320045,7480
17648,87320045,6670
17649,87320045,6100
17650,87320045,4250
17651,87320045,4600
17652,81593,500000
17653,81593,500000
17654,81593,500000
17655,87320045,8970
17656,87320045,21040
17657,87320045,17490
17658,81593,500000
17659,87320045,8170
17660,87320045,6330
17661,87320045,10580
17662,87320045,6550
17663,87320045,5290
17664,81593,500000
17665,87320045,5750
17666,81593,500000
17667,87320045,6550
17668,87320045,20820
17669,87320045,4370
17670,87320045,8280
17671,87320045,7250
17672,87320045,8510
17673,87320045,4490
17674,87320045,7820
17675,87320045,4250
17676,87320045,4950
17677,87320045,4970
17678,87320045,11160
17679,87320045,7700
17680,87320045,9430
17681,87320045,10700
17682,87320045,12310
17683,81593,500000
17684,81593,500000
17685,81593,500000
17686,87320045,8850
17687,87320045,5400
17688,87320045,9430
17689,87320045,14610
17690,81593,500000
17691,87320045,5750
17692,87320045,4830
17693,87320045,5750
17694,87320045,10230
17695,87320045,6900
17696,87320045,6330
17697,87320045,9200
17698,87320045,3450
17699,87320045,4270
17700,87320045,4490
17701,87320045,5180
17702,81593,500000
17703,81593,500000
17704,87320045,5400
17705,87320045,5520
17706,81593,500000
17707,81593,500000
17708,87320045,10120
17709,87320045,7480
17710,87320045,9550
17711,87320045,4710
17712,81593,500000
17713,87320045,7020
17714,87320045,8510
17715,87320045,10470
17716,87320045,6440
17717,87320045,7020
17718,87320045,5290
17719,87320045,7130
17720,87320045,5180
17721,81593,500000
17722,81593,500000
17723,87320045,6780
17724,81593,500000
17725,87320045,4150
17726,81593,500000
17727,81593,500000
17728,87320045,12080
17729,87320045,8050
17730,87320045,14380
17731,81593,500000
17732,87320045,6780
17733,81593,500000
17734,87320045,5640
17735,87320045,12530
17736,87320045,10350
17737,87320045,5870
17738,81593,500000
17739,87320045,4490
17740,87320045,4370
17741,87320045,10700
17742,87320045,7480
17743,87320045,16100
17744,81593,500000
17745,87320045,4250
17746,87320045,5640
17747,87320045,5290
17748,87320045,7360
17749,87320045,11270
17750,87320045,7820
17751,87320045,6670
17752,87320045,5980
17753,87320045,19550
17754,81593,500000
17755,87320045,5290
17756,87320045,9890
17757,87320045,31160
17758,87320045,3910
17759,81593,500000
17760,81593,500000
17761,87320045,4030
17762,81593,500000
17763,87320045,5400
17764,87320045,11850
17765,81593,500000
17766,81593,500000
17767,87320045,8850
17768,87320045,12190
17769,81593,500000
17770,87320045,8850
17771,87320045,18280
17772,87320045,33930
17773,81593,500000
17774,81593,500000
17775,87320045,5060
17776,87320045,6550
17777,87320045,7700
17778,81593,500000
17779,87320045,5290
17780,87320045,4600
17781,81593,500000
17782,87320045,10120
17783,87320045,9550
17784,87320045,5180
17785,87320045,10580
17786,87320045,5870
17787,87320045,5870
17788,87320045,8850
17789,87320045,6550
17790,87320045,7250
17791,87320045,19780
17792,87320045,9890
17793,81593,500000
17794,81593,500000
17795,87320045,6100
17796,87320045,7820
17797,87320045,4030
17798,87320045,12770
17799,87320045,9780
17800,87320045,4710
17801,87320045,5640
17802,87320045,5980
17803,87320045,6780
17804,87320045,7360
17805,87320045,3680
17806,81593,500000
17807,87320045,9080
17808,87320045,8050
17809,87320045,10120
17810,87320045,10000
17811,87320045,3800
17812,87320045,9660
17813,87320045,8740
17814,87320045,4140
17815,87320045,6100
17816,87320045,7480
17817,87320045,7360
17818,81593,500000
17819,81593,500000
17820,87320045,6900
17821,87320045,7250
17822,87320045,63020
17823,81593,500000
17824,81593,500000
17825,87320045,8740
17826,87320045,6550
17827,81593,500000
17828,87320045,7130
17829,81593,500000
17830,87320045,4490
17831,81593,500000
17832,81593,500000
17833,87320045,6330
17834,87320045,17250
17835,87320045,7380
17836,87320045,7130
17837,87320045,4490
17838,87320045,7360
17839,87320045,7020
17840,87320045,7250
17841,87320045,10810
17842,81593,500000
17843,87320045,11040
17844,87320045,5750
17845,87320045,12420
17846,87320045,6670
17847,87320045,6900
17848,81593,500000
17849,87320045,13680
17850,81593,500000
17851,87320045,6440
17852,81593,500000
17853,87320045,7820
17854,81593,500000
17855,87320045,14030
17856,87320045,6550
17857,81593,500000
17858,87320045,14140
17859,81593,500000
17860,81593,500000
17861,87320045,9320
17862,87320045,61300
17863,87320045,8050
17864,87320045,6210
17865,87320045,16920
17866,87320045,11040
17867,87320045,9890
17868,81593,500000
17869,87320045,6780
17870,87320045,5750
17871,81593,500000
17872,81593,500000
17873,87320045,4610
17874,81593,500000
17875,87320045,3560
17876,87320045,5640
17877,87320045,6900
17878,87320045,6100
17879,87320045,6440
17880,87320045,7480
17881,87320045,4490
17882,87320045,4490
17883,87320045,16220
17884,87320045,5060
17885,81593,500000
17886,87320045,12080
17887,81593,500000
17888,87320045,6550
17889,81592,500000
17890,87320045,4600
17891,87320045,6100
17892,81592,500000
17893,87320045,13800
17894,87320045,7020
17895,87320045,5750
17896,87320045,5870
17897,81592,500000
17898,87320045,4830
17899,87320045,6440
17900,87320045,9320
17901,87320045,9200
17902,87320045,5980
17903,81592,500000
17904,81592,500000
17905,81592,500000
17906,87320045,8050
17907,81592,500000
17908,87320045,7930
17909,87320045,10230
17910,87320045,7360
17911,81592,500000
17912,81592,500000
17913,87320045,5180
17914,87320045,14380
17915,87320045,6330
17916,87320045,6330
17917,87320045,4490
17918,87320045,13230
17919,87320045,8170
17920,87320045,3450
17921,87320045,5180
17922,87320045,6100
17923,81592,500000
17924,87320045,7590
17925,81592,500000
17926,81592,500000
17927,87320045,10470
17928,87320045,3340
17929,81592,500000
17930,87320045,5290
17931,87320045,5060
17932,81592,500000
17933,87320045,4140
17934,81592,500000
17935,87320045,6210
17936,87320045,3680
17937,87320045,11730
17938,87320045,4710
17939,87320045,5870
17940,87320045,5980
17941,87320045,10120
17942,81592,500000
17943,87320045,5400
17944,81592,500000
17945,87320045,7820
17946,81592,500000
17947,87320045,3920
17948,87320045,5640
17949,87320045,10810
17950,87320045,10930
17951,87320045,6670
17952,87320045,34040
17953,81592,500000
17954,87320045,6780
17955,87320045,7250
17956,87320045,6670
17957,87320045,6550
17958,87320045,5980
17959,87320045,5290
17960,87320045,4830
17961,87320045,7020
17962,81592,500000
17963,87320045,16100
17964,87320045,8170
17965,81592,500000
17966,87320045,4710
17967,81592,500000
17968,87320045,18170
17969,81592,500000
17970,87320045,7700
17971,87320045,7250
17972,87320045,17590
17973,87320045,8510
17974,87320045,12090
17975,81592,500000
17976,87320045,17130
17977,87320045,2650
17978,87320045,10700
17979,87320045,10120
17980,81592,500000
17981,81592,500000
17982,87320045,9430
17983,87320045,11270
17984,87320045,28980
17985,87320045,9320
17986,87320045,8850
17987,87320045,11380
17988,87320045,5180
17989,87320045,5980
17990,87320045,4600
17991,87320045,6670
17992,87320045,8650
17993,87320045,20820
17994,81592,500000
17995,81592,500000
17996,87320045,11380
17997,87320045,8850
17998,81592,500000
17999,87320045,18280
18000,87320045,21040
