1,1587,500000
2,1587,500000
3,1587,500000
4,1587,500000
5,1587,500000
6,1587,500000
7,1587,500000
8,1587,500000
9,1587,500000
10,1587,500000
11,1587,500000
12,1587,500000
13,1587,500000
14,1587,500000
15,1587,500000
16,1587,500000
17,1587,500000
18,1587,500000
19,1587,500000
20,1587,500000
21,1587,500000
22,1587,500000
23,1587,500000
24,1587,500000
25,1587,500000
26,1587,500000
27,1587,500000
28,1587,500000
29,1587,500000
30,1587,500000
31,1587,500000
32,1587,500000
33,1587,500000
34,1587,500000
35,1587,500000
36,1587,500000
37,1587,500000
38,1587,500000
39,1587,500000
40,1587,500000
41,1587,500000
42,1587,500000
43,1587,500000
44,1587,500000
45,1587,500000
46,1587,500000
47,1587,500000
48,1587,500000
49,1587,500000
50,1587,500000
51,1587,500000
52,1587,500000
53,1587,500000
54,1587,500000
55,1587,500000
56,1587,500000
57,1587,500000
58,1587,500000
59,1587,500000
60,1587,500000
61,1587,500000
62,1587,500000
63,1587,500000
64,1587,500000
65,1587,500000
66,1587,500000
67,1587,500000
68,1587,500000
69,1587,500000
70,1587,500000
71,1587,500000
72,1587,500000
73,1587,500000
74,1587,500000
75,1587,500000
76,1587,500000
77,1587,500000
78,1587,500000
79,1587,500000
80,1587,500000
81,1587,500000
82,1587,500000
83,1587,500000
84,1587,500000
85,1587,500000
86,1587,500000
87,1587,500000
88,1587,500000
89,1587,500000
90,1587,500000
91,1587,500000
92,1587,500000
93,1587,500000
94,1587,500000
95,1587,500000
96,1587,500000
97,1587,500000
98,1587,500000
99,1587,500000
100,1587,500000
101,1587,500000
102,1587,500000
103,1587,500000
104,1587,500000
105,1587,500000
106,1587,500000
107,1587,500000
108,1587,500000
109,1587,500000
110,1587,500000
111,1587,500000
112,1587,500000
113,1587,500000
114,1587,500000
115,1587,500000
116,1587,500000
117,1587,500000
118,1587,500000
119,1587,500000
120,1587,500000
121,1587,500000
122,1587,500000
123,1587,500000
124,1587,500000
125,1587,500000
126,1587,500000
127,1587,500000
128,1587,500000
129,1587,500000
130,1587,500000
131,1587,500000
132,876234,9840
133,1587,500000
134,1587,500000
135,1587,500000
136,1587,500000
137,1587,500000
138,1587,500000
139,1587,500000
140,1587,500000
141,1587,500000
142,1587,500000
143,1587,500000
144,1587,500000
145,1587,500000
146,1587,500000
147,1587,500000
148,1587,500000
149,1587,500000
150,1587,500000
151,1587,500000
152,1587,500000
153,1587,500000
154,1587,500000
155,1587,500000
156,1587,500000
157,1587,500000
158,1587,500000
159,1587,500000
160,1587,500000
161,1587,500000
162,1587,500000
163,1587,500000
164,1587,500000
165,1587,500000
166,1587,500000
167,1587,500000
168,1587,500000
169,1587,500000
170,1587,500000
171,1587,500000
172,1587,500000
173,1587,500000
174,1587,500000
175,1587,500000
176,1587,500000
177,1587,500000
178,1587,500000
179,1587,500000
180,1587,500000
181,1587,500000
182,1587,500000
183,1587,500000
184,1587,500000
185,1587,500000
186,1587,500000
187,1587,500000
188,1587,500000
189,1587,500000
190,1587,500000
191,1587,500000
192,1587,500000
193,1587,500000
194,1587,500000
195,1587,500000
196,1587,500000
197,1587,500000
198,1587,500000
199,1587,500000
200,1587,500000
201,1587,500000
202,1587,500000
203,1587,500000
204,1587,500000
205,1587,500000
206,1587,500000
207,1587,500000
208,1587,500000
209,1587,500000
210,1587,500000
211,1587,500000
212,1587,500000
213,1587,500000
214,1587,500000
215,1587,500000
216,1587,500000
217,1587,500000
218,1587,500000
219,1587,500000
220,1587,500000
221,1587,500000
222,1587,500000
223,1587,500000
224,1587,500000
225,1587,500000
226,1587,500000
227,1587,500000
228,1587,500000
229,1587,500000
230,1587,500000
231,1587,500000
232,1587,500000
233,1587,500000
234,876234,7200
235,1587,500000
236,1587,500000
237,1587,500000
238,1587,500000
239,1587,500000
240,1587,500000
241,1587,500000
242,1587,500000
243,1587,500000
244,1587,500000
245,1587,500000
246,1587,500000
247,1587,500000
248,1587,500000
249,1587,500000
250,1587,500000
251,1587,500000
252,1587,500000
253,1587,500000
254,1587,500000
255,1587,500000
256,1587,500000
257,1587,500000
258,1587,500000
259,1587,500000
260,1587,500000
261,1587,500000
262,1587,500000
263,1587,500000
264,1587,500000
265,1587,500000
266,1587,500000
267,1587,500000
268,1587,500000
269,1587,500000
270,1587,500000
271,1587,500000
272,1587,500000
273,1587,500000
274,1587,500000
275,1587,500000
276,1587,500000
277,1587,500000
278,1587,500000
279,1587,500000
280,1587,500000
281,1587,500000
282,1587,500000
283,1587,500000
284,1587,500000
285,1587,500000
286,876234,6850
287,1587,500000
288,1587,500000
289,1587,500000
290,1587,500000
291,1587,500000
292,1587,500000
293,1587,500000
294,1587,500000
295,1587,500000
296,1587,500000
297,1587,500000
298,876234,8820
299,1587,500000
300,1587,500000
301,1587,500000
302,1587,500000
303,1587,500000
304,1587,500000
305,1587,500000
306,1587,500000
307,1587,500000
308,1587,500000
309,1587,500000
310,1587,500000
311,1587,500000
312,1587,500000
313,1587,500000
314,1587,500000
315,1587,500000
316,1587,500000
317,1587,500000
318,1587,500000
319,1587,500000
320,1587,500000
321,1587,500000
322,1587,500000
323,1587,500000
324,1587,500000
325,1587,500000
326,1587,500000
327,1587,500000
328,1587,500000
329,1587,500000
330,1587,500000
331,1587,500000
332,1587,500000
333,1587,500000
334,1587,500000
335,1587,500000
336,1587,500000
337,1587,500000
338,1587,500000
339,1587,500000
340,1587,500000
341,1587,500000
342,1587,500000
343,1587,500000
344,1587,500000
345,1587,500000
346,1587,500000
347,1587,500000
348,1587,500000
349,1587,500000
350,1587,500000
351,1587,500000
352,1587,500000
353,1587,500000
354,1587,500000
355,1587,500000
356,1587,500000
357,1587,500000
358,1587,500000
359,1587,500000
360,1587,500000
361,1587,500000
362,1587,500000
363,1587,500000
364,1587,500000
365,1587,500000
366,1587,500000
367,1587,500000
368,1587,500000
369,1587,500000
370,1587,500000
371,1587,500000
372,1587,500000
373,1587,500000
374,1587,500000
375,1587,500000
376,1587,500000
377,1587,500000
378,1587,500000
379,1587,500000
380,1587,500000
381,1587,500000
382,1587,500000
383,1587,500000
384,1587,500000
385,1587,500000
386,1587,500000
387,1587,500000
388,1587,500000
389,1587,500000
390,1587,500000
391,1587,500000
392,1587,500000
393,1587,500000
394,1587,500000
395,1587,500000
396,1587,500000
397,1587,500000
398,876234,12420
399,1587,500000
400,1587,500000
401,1587,500000
402,1587,500000
403,1587,500000
404,1587,500000
405,1587,500000
406,1587,500000
407,1587,500000
408,1587,500000
409,1587,500000
410,876234,6860
411,1587,500000
412,1587,500000
413,1587,500000
414,1587,500000
415,1587,500000
416,1587,500000
417,1587,500000
418,1587,500000
419,1587,500000
420,1587,500000
421,1587,500000
422,1587,500000
423,1587,500000
424,1587,500000
425,1587,500000
426,1587,500000
427,1587,500000
428,1587,500000
429,1587,500000
430,1587,500000
431,1587,500000
432,1587,500000
433,1587,500000
434,1587,500000
435,1587,500000
436,1587,500000
437,1587,500000
438,1587,500000
439,1587,500000
440,1587,500000
441,1587,500000
442,1587,500000
443,1587,500000
444,1587,500000
445,1587,500000
446,1587,500000
447,1587,500000
448,1587,500000
449,1587,500000
450,1587,500000
451,1587,500000
452,1587,500000
453,1587,500000
454,1587,500000
455,1587,500000
456,1587,500000
457,1587,500000
458,1587,500000
459,1587,500000
460,1587,500000
461,1587,500000
462,1587,500000
463,1587,500000
464,1587,500000
465,1587,500000
466,1587,500000
467,1587,500000
468,1587,500000
469,1587,500000
470,1587,500000
471,1587,500000
472,1587,500000
473,1587,500000
474,1587,500000
475,1587,500000
476,1587,500000
477,1587,500000
478,1587,500000
479,1587,500000
480,1587,500000
481,1587,500000
482,1587,500000
483,1587,500000
484,1587,500000
485,1587,500000
486,1587,500000
487,1587,500000
488,1587,500000
489,1587,500000
490,1587,500000
491,1587,500000
492,1587,500000
493,1587,500000
494,1587,500000
495,1587,500000
496,1587,500000
497,1587,500000
498,1587,500000
499,1587,500000
500,1587,500000
501,1587,500000
502,1587,500000
503,1587,500000
504,1587,500000
505,1587,500000
506,1587,500000
507,1587,500000
508,876234,11270
509,1587,500000
510,1587,500000
511,1587,500000
512,1587,500000
513,1587,500000
514,1587,500000
515,1587,500000
516,1587,500000
517,1587,500000
518,1587,500000
519,1587,500000
520,1587,500000
521,1587,500000
522,1587,500000
523,1587,500000
524,1587,500000
525,1587,500000
526,1587,500000
527,1587,500000
528,1587,500000
529,1587,500000
530,1587,500000
531,1587,500000
532,1587,500000
533,1587,500000
534,1587,500000
535,1587,500000
536,1587,500000
537,1587,500000
538,1587,500000
539,1587,500000
540,1587,500000
541,1587,500000
542,1587,500000
543,1587,500000
544,1587,500000
545,1587,500000
546,1587,500000
547,1587,500000
548,1587,500000
549,1587,500000
550,1587,500000
551,1587,500000
552,1587,500000
553,1587,500000
554,1587,500000
555,1587,500000
556,1587,500000
557,1587,500000
558,1587,500000
559,1587,500000
560,1587,500000
561,1587,500000
562,1587,500000
563,1587,500000
564,1587,500000
565,1587,500000
566,1587,500000
567,1587,500000
568,1587,500000
569,1587,500000
570,1587,500000
571,1587,500000
572,1587,500000
573,1587,500000
574,1587,500000
575,1587,500000
576,1587,500000
577,1587,500000
578,1587,500000
579,1587,500000
580,1587,500000
581,1587,500000
582,1587,500000
583,1587,500000
584,1587,500000
585,1587,500000
586,1587,500000
587,1587,500000
588,1587,500000
589,1587,500000
590,1587,500000
591,1587,500000
592,1587,500000
593,1587,500000
594,1587,500000
595,1587,500000
596,1587,500000
597,1587,500000
598,1587,500000
599,1587,500000
600,1587,500000
601,1587,500000
602,1587,500000
603,1587,500000
604,1587,500000
605,1587,500000
606,1587,500000
607,1587,500000
608,1587,500000
609,1587,500000
610,1587,500000
611,1587,500000
612,1587,500000
613,1587,500000
614,876234,80850
615,1587,500000
616,1587,500000
617,1587,500000
618,1587,500000
619,1587,500000
620,1587,500000
621,1587,500000
622,1587,500000
623,1587,500000
624,1587,500000
625,1587,500000
626,1587,500000
627,1587,500000
628,1587,500000
629,1587,500000
630,1587,500000
631,1587,500000
632,1587,500000
633,1587,500000
634,1587,500000
635,1587,500000
636,1587,500000
637,1587,500000
638,1587,500000
639,1587,500000
640,1587,500000
641,1587,500000
642,1587,500000
643,1587,500000
644,1587,500000
645,1587,500000
646,1587,500000
647,1587,500000
648,876234,13130
649,1587,500000
650,1587,500000
651,1587,500000
652,1587,500000
653,1587,500000
654,1587,500000
655,1587,500000
656,1587,500000
657,1587,500000
658,1587,500000
659,1587,500000
660,1587,500000
661,1587,500000
662,1587,500000
663,1587,500000
664,1587,500000
665,1587,500000
666,1587,500000
667,1587,500000
668,1587,500000
669,1587,500000
670,1587,500000
671,1587,500000
672,1587,500000
673,876234,15630
674,1587,500000
675,1587,500000
676,1587,500000
677,1587,500000
678,1587,500000
679,1587,500000
680,1587,500000
681,1587,500000
682,1587,500000
683,1587,500000
684,1587,500000
685,1587,500000
686,1587,500000
687,1587,500000
688,1587,500000
689,1587,500000
690,1587,500000
691,1587,500000
692,1587,500000
693,1587,500000
694,1587,500000
695,1587,500000
696,1587,500000
697,1587,500000
698,1587,500000
699,1587,500000
700,1587,500000
701,1587,500000
702,1587,500000
703,1587,500000
704,1587,500000
705,1587,500000
706,1587,500000
707,1587,500000
708,1587,500000
709,1587,500000
710,1587,500000
711,1587,500000
712,1587,500000
713,1587,500000
714,1587,500000
715,1587,500000
716,1587,500000
717,1587,500000
718,1587,500000
719,1587,500000
720,1587,500000
721,1587,500000
722,1587,500000
723,1587,500000
724,1587,500000
725,1587,500000
726,1587,500000
727,1587,500000
728,1587,500000
729,1587,500000
730,1587,500000
731,1587,500000
732,1587,500000
733,1587,500000
734,1587,500000
735,1587,500000
736,1587,500000
737,1587,500000
738,1587,500000
739,1587,500000
740,1587,500000
741,1587,500000
742,1587,500000
743,1587,500000
744,1587,500000
745,1587,500000
746,1587,500000
747,1587,500000
748,1587,500000
749,1587,500000
750,1587,500000
751,1587,500000
752,1587,500000
753,1587,500000
754,1587,500000
755,1587,500000
756,1587,500000
757,1587,500000
758,1587,500000
759,1587,500000
760,1587,500000
761,1587,500000
762,1587,500000
763,1587,500000
764,1587,500000
765,876234,8930
766,1587,500000
767,1587,500000
768,1587,500000
769,1587,500000
770,1587,500000
771,1587,500000
772,1587,500000
773,1587,500000
774,1587,500000
775,1587,500000
776,1587,500000
777,1587,500000
778,1587,500000
779,1587,500000
780,1587,500000
781,1587,500000
782,1587,500000
783,1587,500000
784,1587,500000
785,1587,500000
786,1587,500000
787,1587,500000
788,1587,500000
789,1587,500000
790,1587,500000
791,1587,500000
792,1587,500000
793,1587,500000
794,1587,500000
795,1587,500000
796,1587,500000
797,1587,500000
798,1587,500000
799,1587,500000
800,1587,500000
801,876234,7450
802,876234,5210
803,876234,6600
804,1587,500000
805,876234,8250
806,1587,500000
807,1587,500000
808,1587,500000
809,876234,21910
810,1587,500000
811,876234,8860
812,1587,500000
813,1587,500000
814,1587,500000
815,1587,500000
816,876234,7180
817,876234,6140
818,876234,7310
819,1587,500000
820,876234,10180
821,876234,5310
822,1587,500000
823,876234,6400
824,876234,9760
825,1587,500000
826,876234,8920
827,876234,13830
828,876234,5000
829,876234,5790
830,876234,24130
831,876234,37900
832,876234,9200
833,876234,10610
834,876234,9090
835,1587,500000
836,876234,16610
837,876234,7000
838,1587,500000
839,1587,500000
840,876234,5020
841,1587,500000
842,1587,500000
843,876234,8320
844,1587,500000
845,876234,9070
846,1587,500000
847,876234,8100
848,1587,500000
849,876234,2900
850,1587,500000
851,1587,500000
852,1587,500000
853,1587,500000
854,876234,8930
855,1587,500000
856,1587,500000
857,876234,15700
858,876234,2400
859,876234,6300
860,1587,500000
861,876234,7480
862,1587,500000
863,876234,6970
864,1587,500000
865,876234,5400
866,1587,500000
867,1587,500000
868,1587,500000
869,876234,19060
870,1587,500000
871,1587,500000
872,1587,500000
873,1587,500000
874,876234,7620
875,1587,500000
876,876234,8560
877,1587,500000
878,876234,12870
879,876234,10880
880,876234,5510
881,1587,500000
882,876234,28500
883,876234,8750
884,1587,500000
885,876234,18920
886,1587,500000
887,876234,5550
888,1587,500000
889,876234,9060
890,876234,11810
891,1587,500000
892,876234,7440
893,876234,6310
894,1587,500000
895,876234,8470
896,876234,6340
897,876234,8000
898,876234,9880
899,1587,500000
900,1587,500000
901,1587,500000
902,876234,11180
903,876234,7400
904,1587,500000
905,1587,500000
906,1587,500000
907,1587,500000
908,876234,11970
909,1587,500000
910,876234,8060
911,1587,500000
912,876234,9110
913,1587,500000
914,876234,7100
915,876234,7030
916,876234,17870
917,876234,3900
918,1587,500000
919,1587,500000
920,1587,500000
921,876234,8440
922,876234,14130
923,1587,500000
924,876234,10030
925,1587,500000
926,876234,9780
927,1587,500000
928,1587,500000
929,1587,500000
930,1587,500000
931,876234,8600
932,876234,8200
933,1587,500000
934,876234,8080
935,1587,500000
936,1587,500000
937,1587,500000
938,876234,11790
939,1587,500000
940,1587,500000
941,1587,500000
942,1587,500000
943,1587,500000
944,1587,500000
945,1587,500000
946,876234,7250
947,876234,6620
948,1587,500000
949,876234,10320
950,876234,5260
951,876234,5950
952,1587,500000
953,1587,500000
954,876234,7380
955,1587,500000
956,876234,7090
957,1587,500000
958,1587,500000
959,1587,500000
960,1587,500000
961,876234,6730
962,1587,500000
963,1587,500000
964,1587,500000
965,876234,10440
966,876234,9230
967,876234,10220
968,1587,500000
969,876234,15480
970,876234,5200
971,1587,500000
972,876234,5000
973,876234,4600
974,876234,7930
975,1587,500000
976,1587,500000
977,1587,500000
978,876234,7170
979,1587,500000
980,876234,11390
981,1587,500000
982,1587,500000
983,1587,500000
984,876234,10900
985,876234,20090
986,1587,500000
987,876234,8920
988,876234,10620
989,876234,7430
990,1587,500000
991,1587,500000
992,876234,7920
993,1587,500000
994,876234,8450
995,876234,7680
996,1587,500000
997,1587,500000
998,1587,500000
999,1587,500000
1000,1587,500000
1001,876234,6180
1002,1587,500000
1003,876234,6230
1004,1587,500000
1005,876234,17680
1006,876234,5100
1007,876234,39140
1008,876234,8680
1009,1587,500000
1010,1587,500000
1011,876234,8050
1012,1587,500000
1013,876234,10350
1014,1587,500000
1015,876234,9600
1016,1587,500000
1017,876234,10780
1018,1587,500000
1019,876234,10440
1020,1587,500000
1021,876234,11680
1022,876234,31290
1023,1587,500000
1024,876234,7990
1025,1587,500000
1026,876234,8440
1027,876234,11270
1028,1587,500000
1029,1587,500000
1030,1587,500000
1031,1587,500000
1032,876234,32100
1033,876234,9370
1034,1587,500000
1035,876234,10590
1036,876234,7240
1037,876234,9700
1038,876234,7090
1039,1587,500000
1040,876234,9860
1041,1587,500000
1042,876234,6900
1043,876234,9820
1044,1587,500000
1045,876234,6360
1046,1587,500000
1047,876234,6630
1048,876234,9400
1049,876234,9620
1050,876234,10130
1051,1587,500000
1052,1587,500000
1053,1587,500000
1054,876234,8030
1055,1587,500000
1056,1587,500000
1057,876234,6940
1058,1587,500000
1059,876234,5860
1060,1587,500000
1061,876234,108690
1062,876234,8910
1063,876234,19100
1064,876234,11620
1065,1587,500000
1066,1587,500000
1067,876234,9130
1068,1587,500000
1069,1587,500000
1070,1587,500000
1071,1587,500000
1072,1587,500000
1073,876234,5640
1074,876234,10690
1075,876234,9430
1076,1587,500000
1077,1587,500000
1078,1587,500000
1079,1587,500000
1080,876234,8240
1081,1587,500000
1082,1587,500000
1083,876234,8400
1084,1587,500000
1085,1587,500000
1086,1587,500000
1087,1587,500000
1088,1587,500000
1089,1587,500000
1090,876234,6680
1091,1587,500000
1092,1587,500000
1093,1587,500000
1094,876234,5890
1095,876234,9790
1096,1587,500000
1097,1587,500000
1098,1587,500000
1099,1587,500000
1100,1587,500000
1101,1587,500000
1102,1587,500000
1103,1587,500000
1104,1587,500000
1105,1587,500000
1106,1587,500000
1107,1587,500000
1108,876234,7610
1109,1587,500000
1110,876234,7370
1111,876234,5200
1112,876234,7690
1113,1587,500000
1114,876234,5950
1115,1587,500000
1116,876234,9320
1117,876234,8350
1118,876234,7940
1119,1587,500000
1120,876234,11330
1121,876234,6700
1122,876234,8320
1123,876234,10010
1124,1587,500000
1125,876234,13980
1126,876234,8960
1127,876234,4000
1128,1587,500000
1129,876234,4740
1130,876234,7860
1131,1587,500000
1132,1587,500000
1133,876234,9910
1134,1587,500000
1135,876234,11690
1136,1587,500000
1137,1587,500000
1138,876234,11150
1139,876234,4100
1140,1587,500000
1141,876234,5400
1142,876234,6920
1143,876234,8030
1144,876234,6360
1145,876234,12400
1146,1587,500000
1147,1587,500000
1148,1587,500000
1149,1587,500000
1150,876234,8320
1151,1587,500000
1152,876234,7030
1153,876234,8120
1154,1587,500000
1155,1587,500000
1156,1587,500000
1157,876234,8820
1158,876234,8250
1159,1587,500000
1160,1587,500000
1161,876234,8100
1162,876234,5400
1163,876234,7380
1164,876234,8210
1165,876234,7190
1166,876234,8250
1167,876234,4900
1168,876234,6900
1169,876234,8090
1170,1587,500000
1171,1587,500000
1172,1587,500000
1173,876234,7750
1174,1587,500000
1175,1587,500000
1176,1587,500000
1177,876234,8400
1178,876234,5810
1179,1587,500000
1180,876234,11650
1181,876234,6140
1182,1587,500000
1183,876234,5400
1184,876234,12610
1185,876234,8840
1186,1587,500000
1187,876234,10520
1188,876234,5900
1189,1587,500000
1190,1587,500000
1191,876234,4440
1192,876234,8230
1193,1587,500000
1194,876234,11940
1195,876234,11320
1196,876234,6350
1197,1587,500000
1198,876234,5200
1199,876234,5570
1200,876234,6330
1201,876234,6990
1202,1587,500000
1203,876234,8620
1204,1587,500000
1205,876234,16400
1206,1587,500000
1207,876234,8050
1208,1587,500000
1209,876234,4700
1210,1587,500000
1211,1587,500000
1212,876234,8460
1213,876234,8900
1214,1587,500000
1215,876234,20900
1216,1587,500000
1217,1587,500000
1218,876234,11220
1219,876234,9980
1220,876234,7930
1221,876234,7000
1222,1587,500000
1223,1587,500000
1224,1587,500000
1225,1587,500000
1226,1587,500000
1227,876234,7250
1228,1587,500000
1229,1587,500000
1230,1587,500000
1231,876234,84260
1232,1587,500000
1233,1587,500000
1234,876234,5400
1235,1587,500000
1236,876234,7270
1237,1587,500000
1238,876234,6260
1239,876234,8040
1240,1587,500000
1241,1587,500000
1242,876234,6500
1243,876234,12990
1244,876234,7580
1245,1587,500000
1246,1587,500000
1247,1587,500000
1248,876234,9380
1249,876234,6200
1250,876234,7850
1251,876234,53870
1252,1587,500000
1253,1587,500000
1254,876234,5510
1255,876234,8930
1256,876234,8590
1257,1587,500000
1258,876234,5810
1259,1587,500000
1260,876234,9230
1261,876234,8250
1262,876234,15570
1263,1587,500000
1264,876234,3010
1265,1587,500000
1266,1587,500000
1267,1587,500000
1268,876234,11540
1269,876234,7610
1270,876234,13250
1271,1587,500000
1272,876234,4800
1273,876234,9570
1274,876234,8090
1275,876234,24490
1276,876234,7530
1277,1587,500000
1278,1587,500000
1279,876234,9600
1280,876234,23140
1281,1587,500000
1282,876234,7890
1283,876234,21850
1284,1587,500000
1285,1587,500000
1286,876234,11270
1287,1587,500000
1288,876234,6770
1289,1587,500000
1290,1587,500000
1291,876234,9930
1292,876234,11700
1293,876234,10560
1294,876234,8150
1295,876234,11100
1296,876234,8770
1297,876234,8410
1298,1587,500000
1299,1587,500000
1300,876234,5900
1301,1587,500000
1302,876234,10190
1303,876234,92940
1304,876234,6900
1305,1587,500000
1306,1587,500000
1307,876234,16030
1308,876234,10490
1309,876234,11100
1310,1587,500000
1311,1587,500000
1312,1587,500000
1313,1587,500000
1314,1587,500000
1315,876234,15000
1316,1587,500000
1317,1587,500000
1318,1587,500000
1319,1587,500000
1320,1587,500000
1321,876234,4100
1322,1587,500000
1323,876234,6540
1324,876234,6870
1325,1587,500000
1326,876234,8220
1327,1587,500000
1328,1587,500000
1329,876234,10060
1330,1587,500000
1331,1587,500000
1332,1587,500000
1333,876234,8110
1334,876234,7160
1335,876234,4400
1336,1587,500000
1337,1587,500000
1338,1587,500000
1339,1587,500000
1340,876234,6010
1341,876234,6470
1342,1587,500000
1343,1587,500000
1344,876234,7990
1345,1587,500000
1346,1587,500000
1347,876234,9130
1348,1587,500000
1349,876234,6480
1350,1587,500000
1351,1587,500000
1352,876234,4400
1353,876234,11300
1354,876234,9410
1355,1587,500000
1356,876234,6120
1357,876234,7440
1358,876234,7170
1359,876234,6410
1360,876234,10660
1361,1587,500000
1362,876234,24710
1363,876234,6700
1364,1587,500000
1365,1587,500000
1366,876234,23810
1367,876234,8420
1368,876234,8010
1369,1587,500000
1370,876234,6630
1371,876234,6900
1372,1587,500000
1373,876234,4600
1374,1587,500000
1375,1587,500000
1376,1587,500000
1377,876234,12260
1378,1587,500000
1379,1587,500000
1380,1587,500000
1381,876234,7430
1382,1587,500000
1383,1587,500000
1384,1587,500000
1385,876234,11700
1386,876234,15170
1387,1587,500000
1388,1587,500000
1389,1587,500000
1390,876234,8400
1391,876234,5850
1392,1587,500000
1393,1587,500000
1394,876234,6690
1395,876234,31350
1396,1587,500000
1397,876234,9040
1398,1587,500000
1399,876234,6980
1400,1587,500000
1401,876234,16990
1402,876234,6890
1403,1587,500000
1404,876234,8250
1405,876234,4400
1406,876234,8930
1407,1587,500000
1408,876234,4400
1409,1587,500000
1410,876234,8020
1411,1587,500000
1412,1587,500000
1413,876234,7000
1414,1587,500000
1415,876234,6950
1416,876234,7700
1417,1587,500000
1418,1587,500000
1419,1587,500000
1420,1587,500000
1421,1587,500000
1422,876234,9180
1423,876234,7190
1424,1587,500000
1425,1587,500000
1426,1587,500000
1427,1587,500000
1428,876234,31380
1429,1587,500000
1430,1587,500000
1431,1587,500000
1432,1587,500000
1433,1587,500000
1434,876234,8200
1435,1587,500000
1436,876234,6850
1437,1587,500000
1438,876234,24700
1439,1587,500000
1440,1587,500000
1441,1587,500000
1442,1587,500000
1443,1587,500000
1444,1587,500000
1445,1587,500000
1446,876234,5280
1447,876234,6460
1448,1587,500000
1449,1587,500000
1450,876234,12610
1451,876234,7210
1452,1587,500000
1453,876234,6320
1454,876234,58620
1455,1587,500000
1456,1587,500000
1457,1587,500000
1458,876234,14820
1459,1587,500000
1460,1587,500000
1461,1587,500000
1462,1587,500000
1463,1587,500000
1464,1587,500000
1465,1587,500000
1466,1587,500000
1467,876234,8400
1468,876234,6830
1469,1587,500000
1470,1587,500000
1471,1587,500000
1472,876234,6630
1473,1587,500000
1474,1587,500000
1475,1587,500000
1476,1587,500000
1477,876234,117950
1478,1587,500000
1479,876234,9710
1480,876234,9860
1481,876234,10080
1482,876234,9010
1483,876234,10560
1484,876234,10290
1485,876234,6880
1486,876234,16850
1487,1587,500000
1488,1587,500000
1489,1587,500000
1490,876234,8640
1491,876234,10050
1492,876234,4900
1493,1587,500000
1494,876234,7040
1495,1587,500000
1496,1587,500000
1497,1587,500000
1498,876234,6000
1499,876234,8870
1500,876234,15180
1501,876234,9350
1502,876234,16500
1503,1587,500000
1504,876234,7570
1505,1587,500000
1506,876234,7270
1507,876234,4800
1508,1587,500000
1509,1587,500000
1510,1587,500000
1511,876234,10210
1512,876234,5590
1513,876234,8000
1514,876234,8110
1515,1587,500000
1516,876234,5600
1517,1587,500000
1518,1587,500000
1519,876234,85040
1520,876234,14990
1521,1587,500000
1522,1587,500000
1523,1587,500000
1524,1587,500000
1525,1587,500000
1526,1587,500000
1527,1587,500000
1528,1587,500000
1529,1587,500000
1530,1587,500000
1531,1587,500000
1532,876234,6570
1533,876234,17680
1534,1587,500000
1535,1587,500000
1536,1587,500000
1537,876234,8800
1538,876234,11740
1539,1587,500000
1540,1587,500000
1541,1587,500000
1542,1587,500000
1543,876234,7230
1544,876234,9390
1545,1587,500000
1546,1587,500000
1547,876234,10170
1548,876234,9890
1549,876234,9780
1550,1587,500000
1551,1587,500000
1552,1587,500000
1553,1587,500000
1554,1587,500000
1555,876234,8560
1556,1587,500000
1557,876234,15860
1558,1587,500000
1559,1587,500000
1560,1587,500000
1561,1587,500000
1562,1587,500000
1563,1587,500000
1564,876234,5610
1565,876234,8730
1566,1587,500000
1567,1587,500000
1568,876234,8410
1569,876234,14410
1570,876234,3900
1571,1587,500000
1572,876234,6890
1573,876234,6940
1574,876234,8340
1575,1587,500000
1576,876234,3300
1577,876234,6300
1578,1587,500000
1579,876234,6740
1580,876234,13990
1581,876234,9650
1582,876234,13860
1583,1587,500000
1584,1587,500000
1585,1587,500000
1586,1587,500000
1587,876234,14710
1588,1587,500000
1589,1587,500000
1590,876234,11010
1591,876234,9600
1592,1587,500000
1593,1587,500000
1594,876234,4300
1595,876234,8660
1596,1587,500000
1597,1587,500000
1598,1587,500000
1599,876234,9740
1600,1587,500000
1601,1587,500000
1602,1587,500000
1603,876234,11520
1604,1587,500000
1605,876234,7200
1606,876234,6940
1607,1587,500000
1608,876234,7560
1609,1587,500000
1610,876234,8690
1611,876234,11600
1612,876234,20100
1613,1587,500000
1614,1587,500000
1615,876234,7400
1616,1587,500000
1617,1587,500000
1618,1587,500000
1619,876234,14570
1620,876234,8260
1621,876234,8460
1622,876234,5590
1623,1587,500000
1624,876234,8710
1625,876234,15680
1626,1587,500000
1627,1587,500000
1628,876234,9930
1629,1587,500000
1630,1587,500000
1631,876234,6510
1632,1587,500000
1633,1587,500000
1634,876234,5100
1635,876234,12870
1636,1587,500000
1637,1587,500000
1638,876234,3300
1639,1587,500000
1640,1587,500000
1641,1587,500000
1642,1587,500000
1643,1587,500000
1644,876234,8500
1645,1587,500000
1646,876234,7790
1647,876234,15780
1648,1587,500000
1649,1587,500000
1650,1587,500000
1651,876234,9020
1652,1587,500000
1653,1587,500000
1654,1587,500000
1655,1587,500000
1656,876234,11050
1657,876234,5630
1658,876234,6950
1659,1587,500000
1660,1587,500000
1661,1587,500000
1662,1587,500000
1663,1587,500000
1664,1587,500000
1665,876234,10990
1666,1587,500000
1667,1587,500000
1668,1587,500000
1669,876234,9720
1670,1587,500000
1671,1587,500000
1672,876234,9290
1673,1587,500000
1674,1587,500000
1675,1587,500000
1676,1587,500000
1677,1587,500000
1678,1587,500000
1679,876234,7640
1680,876234,7510
1681,876234,15540
1682,1587,500000
1683,876234,6600
1684,1587,500000
1685,876234,34470
1686,876234,9750
1687,876234,16550
1688,876234,5510
1689,1587,500000
1690,876234,8870
1691,1587,500000
1692,1587,500000
1693,1587,500000
1694,876234,7720
1695,876234,4800
1696,876234,8020
1697,1587,500000
1698,876234,9440
1699,876234,9110
1700,876234,8640
1701,1587,500000
1702,876234,11710
1703,1587,500000
1704,1587,500000
1705,876234,11040
1706,1587,500000
1707,876234,6420
1708,876234,6860
1709,1587,500000
1710,1587,500000
1711,1587,500000
1712,876234,9120
1713,876234,25040
1714,1587,500000
1715,1587,500000
1716,1587,500000
1717,1587,500000
1718,1587,500000
1719,1587,500000
1720,1587,500000
1721,876234,83340
1722,876234,8830
1723,1587,500000
1724,1587,500000
1725,1587,500000
1726,1587,500000
1727,876234,12990
1728,1587,500000
1729,1587,500000
1730,1587,500000
1731,876234,5850
1732,1587,500000
1733,876234,9370
1734,876234,14750
1735,1587,500000
1736,876234,13690
1737,1587,500000
1738,876234,10500
1739,1587,500000
1740,1587,500000
1741,876234,9420
1742,1587,500000
1743,876234,8560
1744,876234,13980
1745,876234,10390
1746,1587,500000
1747,876234,5470
1748,876234,9110
1749,876234,6620
1750,1587,500000
1751,876234,10460
1752,876234,8540
1753,876234,6790
1754,1587,500000
1755,1587,500000
1756,1587,500000
1757,876234,9620
1758,1587,500000
1759,1587,500000
1760,876234,10830
1761,876234,14980
1762,1587,500000
1763,1587,500000
1764,1587,500000
1765,1587,500000
1766,1587,500000
1767,1587,500000
1768,1587,500000
1769,1587,500000
1770,1587,500000
1771,876234,15790
1772,1587,500000
1773,876234,6530
1774,876234,11440
1775,1587,500000
1776,876234,34110
1777,876234,6700
1778,876234,18750
1779,876234,7770
1780,876234,7510
1781,1587,500000
1782,876234,6120
1783,1587,500000
1784,1587,500000
1785,1587,500000
1786,1587,500000
1787,876234,7300
1788,876234,4850
1789,1587,500000
1790,1587,500000
1791,1587,500000
1792,1587,500000
1793,1587,500000
1794,1587,500000
1795,876234,8790
1796,1587,500000
1797,1587,500000
1798,1587,500000
1799,1587,500000
1800,1587,500000
1801,1587,500000
1802,876234,13700
1803,876234,3900
1804,876234,6790
1805,876234,9410
1806,1587,500000
1807,876234,5200
1808,876234,10380
1809,1587,500000
1810,876234,7370
1811,876234,8330
1812,876234,7280
1813,876234,5400
1814,1587,500000
1815,1587,500000
1816,1587,500000
1817,1587,500000
1818,1587,500000
1819,1587,500000
1820,876234,5860
1821,876234,5000
1822,1587,500000
1823,1587,500000
1824,876234,9660
1825,876234,11590
1826,1587,500000
1827,1587,500000
1828,876234,16620
1829,876234,26700
1830,876234,8670
1831,1587,500000
1832,876234,7000
1833,1587,500000
1834,876234,7330
1835,1587,500000
1836,1587,500000
1837,876234,10300
1838,1587,500000
1839,876234,8090
1840,1587,500000
1841,876234,6000
1842,1587,500000
1843,876234,12220
1844,876234,16640
1845,1587,500000
1846,1587,500000
1847,1587,500000
1848,1587,500000
1849,876234,17600
1850,876234,8090
1851,1587,500000
1852,876234,35610
1853,876234,8470
1854,876234,6400
1855,876234,166260
1856,1587,500000
1857,1587,500000
1858,876234,6410
1859,876234,13510
1860,1587,500000
1861,1587,500000
1862,876234,9560
1863,1587,500000
1864,1587,500000
1865,1587,500000
1866,876234,8520
1867,876234,8650
1868,1587,500000
1869,876234,11090
1870,1587,500000
1871,876234,9650
1872,876234,14670
1873,1587,500000
1874,876234,6360
1875,876234,15230
1876,876234,12390
1877,876234,6050
1878,1587,500000
1879,876234,21200
1880,876234,18500
1881,1587,500000
1882,1587,500000
1883,1587,500000
1884,876234,5540
1885,876234,8710
1886,1587,500000
1887,876234,7520
1888,1587,500000
1889,1587,500000
1890,876234,7150
1891,1587,500000
1892,876234,9010
1893,1587,500000
1894,1587,500000
1895,876234,6400
1896,876234,11640
1897,1587,500000
1898,1587,500000
1899,1587,500000
1900,1587,500000
1901,1587,500000
1902,1587,500000
1903,876234,3100
1904,1587,500000
1905,876234,7660
1906,876234,6660
1907,1587,500000
1908,1587,500000
1909,1587,500000
1910,876234,33210
1911,876234,31600
1912,1587,500000
1913,1587,500000
1914,876234,12410
1915,1587,500000
1916,1587,500000
1917,1587,500000
1918,876234,9280
1919,1587,500000
1920,1587,500000
1921,876234,9110
1922,1587,500000
1923,876234,8140
1924,876234,7340
1925,876234,4000
1926,1587,500000
1927,1587,500000
1928,1587,500000
1929,1587,500000
1930,876234,158100
1931,1587,500000
1932,1587,500000
1933,876234,5530
1934,876234,12490
1935,1587,500000
1936,1587,500000
1937,876234,6280
1938,1587,500000
1939,1587,500000
1940,876234,7700
1941,1587,500000
1942,1587,500000
1943,1587,500000
1944,876234,9070
1945,1587,500000
1946,876234,4100
1947,1587,500000
1948,1587,500000
1949,1587,500000
1950,1587,500000
1951,1587,500000
1952,1587,500000
1953,876234,6570
1954,1587,500000
1955,876234,7920
1956,876234,7300
1957,1587,500000
1958,1587,500000
1959,876234,6390
1960,876234,4700
1961,876234,7190
1962,1587,500000
1963,876234,11880
1964,876234,30560
1965,876234,6260
1966,1587,500000
1967,876234,5900
1968,876234,8920
1969,1587,500000
1970,876234,13170
1971,876234,5500
1972,876234,12570
1973,876234,7830
1974,876234,8770
1975,876234,9100
1976,1587,500000
1977,1587,500000
1978,876234,5760
1979,1587,500000
1980,1587,500000
1981,1587,500000
1982,876234,14400
1983,1587,500000
1984,876234,8000
1985,1587,500000
1986,876234,10530
1987,1587,500000
1988,876234,6200
1989,876234,8540
1990,1587,500000
1991,876234,6530
1992,1587,500000
1993,1587,500000
1994,876234,37600
1995,1587,500000
1996,876234,8440
1997,1587,500000
1998,876234,6010
1999,876234,4300
2000,876234,8050
2001,876234,7800
2002,876234,8790
2003,876234,8800
2004,1587,500000
2005,1587,500000
2006,1587,500000
2007,1587,500000
2008,1587,500000
2009,876234,7410
2010,876234,7130
2011,876234,5950
2012,1587,500000
2013,876234,10660
2014,1587,500000
2015,1587,500000
2016,1587,500000
2017,876234,5880
2018,876234,9150
2019,1587,500000
2020,1587,500000
2021,876234,6870
2022,1587,500000
2023,1587,500000
2024,876234,36120
2025,876234,8930
2026,876234,6670
2027,876234,7100
2028,876234,7700
2029,1587,500000
2030,1587,500000
2031,876234,8680
2032,1587,500000
2033,1587,500000
2034,1587,500000
2035,1587,500000
2036,876234,12170
2037,1587,500000
2038,876234,8090
2039,1587,500000
2040,876234,6880
2041,876234,7780
2042,1587,500000
2043,1587,500000
2044,876234,3400
2045,1587,500000
2046,1587,500000
2047,876234,5200
2048,1587,500000
2049,876234,4410
2050,1587,500000
2051,876234,8300
2052,1587,500000
2053,1587,500000
2054,1587,500000
2055,876234,9920
2056,1587,500000
2057,1587,500000
2058,1587,500000
2059,876234,9100
2060,1587,500000
2061,876234,12320
2062,876234,6150
2063,876234,11510
2064,876234,7840
2065,876234,8790
2066,1587,500000
2067,876234,6510
2068,1587,500000
2069,1587,500000
2070,876234,83790
2071,1587,500000
2072,876234,6460
2073,1587,500000
2074,1587,500000
2075,876234,8130
2076,876234,5760
2077,1587,500000
2078,1587,500000
2079,876234,8100
2080,876234,15320
2081,876234,6600
2082,876234,6310
2083,1587,500000
2084,876234,18600
2085,1587,500000
2086,876234,7860
2087,876234,3400
2088,1587,500000
2089,876234,6170
2090,876234,32030
2091,1587,500000
2092,1587,500000
2093,1587,500000
2094,1587,500000
2095,1587,500000
2096,876234,7450
2097,1587,500000
2098,876234,7980
2099,1587,500000
2100,876234,6890
2101,876234,6350
2102,876234,9220
2103,876234,6550
2104,1587,500000
2105,1587,500000
2106,876234,7190
2107,1587,500000
2108,1587,500000
2109,1587,500000
2110,876234,9070
2111,876234,7420
2112,876234,7600
2113,876234,13860
2114,1587,500000
2115,1587,500000
2116,876234,18860
2117,876234,12800
2118,876234,9010
2119,1587,500000
2120,876234,6860
2121,1587,500000
2122,876234,14350
2123,876234,80100
2124,876234,27220
2125,1587,500000
2126,876234,11770
2127,876234,6300
2128,1587,500000
2129,876234,24700
2130,876234,8190
2131,1587,500000
2132,876234,5150
2133,1587,500000
2134,1587,500000
2135,1587,500000
2136,1587,500000
2137,1587,500000
2138,876234,18980
2139,1587,500000
2140,876234,7670
2141,1587,500000
2142,1587,500000
2143,1587,500000
2144,1587,500000
2145,876234,8780
2146,876234,9380
2147,1587,500000
2148,1587,500000
2149,1587,500000
2150,1587,500000
2151,1587,500000
2152,1587,500000
2153,876234,6440
2154,876234,5900
2155,876234,9130
2156,1587,500000
2157,1587,500000
2158,1587,500000
2159,1587,500000
2160,1587,500000
2161,1587,500000
2162,876234,15430
2163,876234,11140
2164,1587,500000
2165,1587,500000
2166,1587,500000
2167,876234,7550
2168,876234,13660
2169,1587,500000
2170,1587,500000
2171,876234,11020
2172,1587,500000
2173,1587,500000
2174,1587,500000
2175,876234,7780
2176,1587,500000
2177,876234,7260
2178,1587,500000
2179,876234,13400
2180,1587,500000
2181,1587,500000
2182,876234,19950
2183,1587,500000
2184,876234,57160
2185,876234,3600
2186,876234,13950
2187,876234,5730
2188,876234,14340
2189,876234,7630
2190,1587,500000
2191,1587,500000
2192,1587,500000
2193,1587,500000
2194,1587,500000
2195,1587,500000
2196,1587,500000
2197,1587,500000
2198,876234,9680
2199,876234,9800
2200,1587,500000
2201,876234,23400
2202,1587,500000
2203,876234,5950
2204,876234,4700
2205,876234,19750
2206,1587,500000
2207,876234,11500
2208,876234,9080
2209,876234,3600
2210,876234,6670
2211,1587,500000
2212,1587,500000
2213,1587,500000
2214,1587,500000
2215,1587,500000
2216,1587,500000
2217,1587,500000
2218,1587,500000
2219,876234,12960
2220,1587,500000
2221,876234,7470
2222,1587,500000
2223,1587,500000
2224,1587,500000
2225,1587,500000
2226,1587,500000
2227,1587,500000
2228,1587,500000
2229,876234,10750
2230,1587,500000
2231,876234,8160
2232,876234,8330
2233,876234,5120
2234,1587,500000
2235,876234,7880
2236,1587,500000
2237,876234,12310
2238,876234,7780
2239,876234,8470
2240,1587,500000
2241,876234,11790
2242,1587,500000
2243,1587,500000
2244,1587,500000
2245,876234,6500
2246,1587,500000
2247,1587,500000
2248,1587,500000
2249,1587,500000
2250,1587,500000
2251,876234,13830
2252,876234,8980
2253,1587,500000
2254,1587,500000
2255,876234,5310
2256,1587,500000
2257,876234,7370
2258,1587,500000
2259,1587,500000
2260,876234,7530
2261,1587,500000
2262,1587,500000
2263,1587,500000
2264,876234,12510
2265,1587,500000
2266,1587,500000
2267,1587,500000
2268,1587,500000
2269,876234,8130
2270,876234,11950
2271,876234,6420
2272,1587,500000
2273,1587,500000
2274,876234,9390
2275,1587,500000
2276,1587,500000
2277,1587,500000
2278,876234,8280
2279,1587,500000
2280,876234,7480
2281,1587,500000
2282,876234,9890
2283,876234,37630
2284,1587,500000
2285,1587,500000
2286,876234,14360
2287,876234,7260
2288,1587,500000
2289,1587,500000
2290,876234,14060
2291,1587,500000
2292,876234,7990
2293,1587,500000
2294,1587,500000
2295,876234,16280
2296,876234,4400
2297,876234,5150
2298,1587,500000
2299,1587,500000
2300,876234,5500
2301,1587,500000
2302,876234,7010
2303,1587,500000
2304,876234,6140
2305,876234,15060
2306,876234,12670
2307,1587,500000
2308,1587,500000
2309,1587,500000
2310,876234,4700
2311,876234,9130
2312,1587,500000
2313,876234,8910
2314,1587,500000
2315,876234,9170
2316,1587,500000
2317,1587,500000
2318,876234,82270
2319,1587,500000
2320,1587,500000
2321,1587,500000
2322,1587,500000
2323,1587,500000
2324,1587,500000
2325,876234,7650
2326,876234,5740
2327,876234,6160
2328,1587,500000
2329,876234,8300
2330,876234,12720
2331,876234,3600
2332,1587,500000
2333,876234,13450
2334,1587,500000
2335,876234,9510
2336,876234,9640
2337,1587,500000
2338,1587,500000
2339,876234,8370
2340,876234,10400
2341,876234,6300
2342,876234,6130
2343,876234,8160
2344,876234,8500
2345,876234,6840
2346,1587,500000
2347,876234,246840
2348,876234,7200
2349,876234,14710
2350,876234,6370
2351,1587,500000
2352,876234,5740
2353,1587,500000
2354,876234,11260
2355,1587,500000
2356,1587,500000
2357,1587,500000
2358,876234,13480
2359,876234,14640
2360,1587,500000
2361,1587,500000
2362,876234,10080
2363,876234,6180
2364,876234,17280
2365,876234,12440
2366,1587,500000
2367,1587,500000
2368,876234,4600
2369,1587,500000
2370,876234,9350
2371,1587,500000
2372,876234,34310
2373,876234,4730
2374,876234,30550
2375,1587,500000
2376,876234,9800
2377,1587,500000
2378,876234,5060
2379,876234,26470
2380,1587,500000
2381,1587,500000
2382,876234,9170
2383,876234,5800
2384,1587,500000
2385,1587,500000
2386,876234,3500
2387,1587,500000
2388,876234,12920
2389,1587,500000
2390,876234,8780
2391,1587,500000
2392,1587,500000
2393,876234,4010
2394,876234,7750
2395,1587,500000
2396,876234,23620
2397,876234,9200
2398,876234,7390
2399,1587,500000
2400,876234,11940
2401,1587,500000
2402,1587,500000
2403,876234,4000
2404,1587,500000
2405,1587,500000
2406,876234,4400
2407,1587,500000
2408,1587,500000
2409,876234,7480
2410,1587,500000
2411,876234,13280
2412,1587,500000
2413,1587,500000
2414,1587,500000
2415,1587,500000
2416,876234,9310
2417,1587,500000
2418,1587,500000
2419,1587,500000
2420,876234,19780
2421,1587,500000
2422,876234,6010
2423,1587,500000
2424,876234,7130
2425,1587,500000
2426,876234,9810
2427,1587,500000
2428,1587,500000
2429,876234,24960
2430,1587,500000
2431,1587,500000
2432,876234,5840
2433,876234,8800
2434,876234,8910
2435,876234,8360
2436,876234,15500
2437,876234,9860
2438,876234,7860
2439,1587,500000
2440,1587,500000
2441,1587,500000
2442,1587,500000
2443,876234,5280
2444,1587,500000
2445,1587,500000
2446,1587,500000
2447,1587,500000
2448,876234,6200
2449,876234,6630
2450,1587,500000
2451,876234,5800
2452,1587,500000
2453,1587,500000
2454,1587,500000
2455,1587,500000
2456,1587,500000
2457,876234,6100
2458,1587,500000
2459,1587,500000
2460,876234,7210
2461,876234,9530
2462,1587,500000
2463,876234,8220
2464,1587,500000
2465,876234,6130
2466,876234,7570
2467,876234,6350
2468,1587,500000
2469,1587,500000
2470,876234,16520
2471,1587,500000
2472,876234,7600
2473,1587,500000
2474,1587,500000
2475,1587,500000
2476,876234,9230
2477,876234,5830
2478,876234,9260
2479,1587,500000
2480,1587,500000
2481,876234,7720
2482,876234,7810
2483,876234,5100
2484,1587,500000
2485,1587,500000
2486,1587,500000
2487,1587,500000
2488,876234,8950
2489,1587,500000
2490,876234,6390
2491,1587,500000
2492,876234,14910
2493,876234,7540
2494,1587,500000
2495,876234,5430
2496,1587,500000
2497,1587,500000
2498,876234,15070
2499,1587,500000
2500,1587,500000
2501,1587,500000
2502,1587,500000
2503,876234,6790
2504,876234,3600
2505,876234,3500
2506,876234,19990
2507,1587,500000
2508,876234,10070
2509,876234,9320
2510,876234,8150
2511,1587,500000
2512,1587,500000
2513,1587,500000
2514,1587,500000
2515,1587,500000
2516,876234,6400
2517,876234,12120
2518,1587,500000
2519,876234,37010
2520,1587,500000
2521,1587,500000
2522,1587,500000
2523,1587,500000
2524,1587,500000
2525,876234,8930
2526,1587,500000
2527,1587,500000
2528,1587,500000
2529,876234,4800
2530,876234,9520
2531,876234,7250
2532,1587,500000
2533,1587,500000
2534,1587,500000
2535,1587,500000
2536,876234,8740
2537,876234,161070
2538,1587,500000
2539,1587,500000
2540,876234,7830
2541,876234,12640
2542,1587,500000
2543,876234,10780
2544,1587,500000
2545,1587,500000
2546,1587,500000
2547,1587,500000
2548,876234,6700
2549,1587,500000
2550,1587,500000
2551,876234,11840
2552,1587,500000
2553,1587,500000
2554,1587,500000
2555,1587,500000
2556,1587,500000
2557,1587,500000
2558,876234,8950
2559,1587,500000
2560,876234,7360
2561,876234,6440
2562,876234,7000
2563,876234,9940
2564,876234,7470
2565,1587,500000
2566,876234,5260
2567,1587,500000
2568,1587,500000
2569,1587,500000
2570,1587,500000
2571,876234,5870
2572,876234,58210
2573,876234,28800
2574,876234,7530
2575,876234,83330
2576,876234,7440
2577,876234,12800
2578,1587,500000
2579,1587,500000
2580,1587,500000
2581,1587,500000
2582,1587,500000
2583,876234,26090
2584,876234,6000
2585,876234,5840
2586,1587,500000
2587,876234,10740
2588,876234,7230
2589,876234,14230
2590,876234,10840
2591,876234,8440
2592,1587,500000
2593,1587,500000
2594,1587,500000
2595,1587,500000
2596,876234,11550
2597,876234,7870
2598,876234,6920
2599,1587,500000
2600,1587,500000
2601,876234,14320
2602,1587,500000
2603,876234,4300
2604,876234,2800
2605,1587,500000
2606,1587,500000
2607,876234,34820
2608,876234,13900
2609,1587,500000
2610,1587,500000
2611,876234,8800
2612,1587,500000
2613,1587,500000
2614,1587,500000
2615,1587,500000
2616,876234,15130
2617,876234,4200
2618,876234,11940
2619,1587,500000
2620,1587,500000
2621,1587,500000
2622,876234,10010
2623,1587,500000
2624,1587,500000
2625,876234,7470
2626,876234,7160
2627,1587,500000
2628,876234,7970
2629,876234,7410
2630,876234,4400
2631,1587,500000
2632,876234,9940
2633,876234,5480
2634,1587,500000
2635,876234,7790
2636,1587,500000
2637,1587,500000
2638,1587,500000
2639,1587,500000
2640,876234,5180
2641,1587,500000
2642,876234,10010
2643,1587,500000
2644,876234,11560
2645,876234,7470
2646,1587,500000
2647,876234,8490
2648,876234,9460
2649,876234,4560
2650,1587,500000
2651,1587,500000
2652,1587,500000
2653,876234,7320
2654,1587,500000
2655,876234,8460
2656,1587,500000
2657,876234,9740
2658,876234,7820
2659,1587,500000
2660,1587,500000
2661,1587,500000
2662,1587,500000
2663,1587,500000
2664,1587,500000
2665,1587,500000
2666,876234,4740
2667,1587,500000
2668,1587,500000
2669,876234,7850
2670,876234,20600
2671,1587,500000
2672,1587,500000
2673,1587,500000
2674,876234,9100
2675,876234,5950
2676,1587,500000
2677,876234,6460
2678,1587,500000
2679,876234,9630
2680,876234,10680
2681,876234,8090
2682,1587,500000
2683,1587,500000
2684,1587,500000
2685,1587,500000
2686,1587,500000
2687,876234,22040
2688,1587,500000
2689,1587,500000
2690,876234,6010
2691,1587,500000
2692,876234,10340
2693,1587,500000
2694,1587,500000
2695,876234,12900
2696,1587,500000
2697,876234,7980
2698,1587,500000
2699,1587,500000
2700,1587,500000
2701,1587,500000
2702,1587,500000
2703,876234,10110
2704,876234,16570
2705,876234,8200
2706,1587,500000
2707,1587,500000
2708,876234,8500
2709,1587,500000
2710,1587,500000
2711,876234,9720
2712,1587,500000
2713,1587,500000
2714,876234,7250
2715,876234,8900
2716,1587,500000
2717,1587,500000
2718,1587,500000
2719,876234,31290
2720,876234,6900
2721,876234,9560
2722,876234,8080
2723,1587,500000
2724,1587,500000
2725,876234,8010
2726,876234,4620
2727,876234,9510
2728,1587,500000
2729,876234,6880
2730,1587,500000
2731,876234,10890
2732,876234,5420
2733,876234,8290
2734,876234,6220
2735,876234,10420
2736,876234,7880
2737,1587,500000
2738,1587,500000
2739,1587,500000
2740,1587,500000
2741,876234,8250
2742,1587,500000
2743,876234,4100
2744,1587,500000
2745,876234,7160
2746,876234,16600
2747,876234,15540
2748,876234,6600
2749,1587,500000
2750,876234,5970
2751,876234,9640
2752,876234,6100
2753,876234,5800
2754,1587,500000
2755,876234,4800
2756,1587,500000
2757,1587,500000
2758,876234,8540
2759,876234,5390
2760,876234,5540
2761,876234,8580
2762,876234,7040
2763,876234,13540
2764,1587,500000
2765,876234,15880
2766,1587,500000
2767,876234,14230
2768,1587,500000
2769,1587,500000
2770,876234,13440
2771,876234,8390
2772,1587,500000
2773,876234,7790
2774,876234,10600
2775,876234,8650
2776,1587,500000
2777,1587,500000
2778,1587,500000
2779,876234,9620
2780,1587,500000
2781,876234,9430
2782,1587,500000
2783,1587,500000
2784,876234,5060
2785,876234,6530
2786,876234,16080
2787,1587,500000
2788,1587,500000
2789,1587,500000
2790,876234,7100
2791,876234,9060
2792,876234,11200
2793,876234,10090
2794,1587,500000
2795,1587,500000
2796,876234,9710
2797,1587,500000
2798,1587,500000
2799,1587,500000
2800,876234,9070
2801,1587,500000
2802,876234,4400
2803,876234,6750
2804,876234,5900
2805,1587,500000
2806,1587,500000
2807,1587,500000
2808,1587,500000
2809,1587,500000
2810,1587,500000
2811,876234,14580
2812,876234,7970
2813,876234,12440
2814,1587,500000
2815,1587,500000
2816,1587,500000
2817,876234,7190
2818,876234,6250
2819,1587,500000
2820,1587,500000
2821,876234,6220
2822,876234,9700
2823,876234,5410
2824,1587,500000
2825,876234,13930
2826,1587,500000
2827,1587,500000
2828,1587,500000
2829,1587,500000
2830,1587,500000
2831,876234,12030
2832,1587,500000
2833,876234,10140
2834,876234,5740
2835,876234,7840
2836,1587,500000
2837,1587,500000
2838,876234,21580
2839,1587,500000
2840,1587,500000
2841,876234,7360
2842,1587,500000
2843,876234,10610
2844,1587,500000
2845,1587,500000
2846,876234,9760
2847,876234,7800
2848,1587,500000
2849,1587,500000
2850,1587,500000
2851,876234,6290
2852,1587,500000
2853,1587,500000
2854,1587,500000
2855,1587,500000
2856,876234,10690
2857,1587,500000
2858,876234,8200
2859,1587,500000
2860,876234,9200
2861,1587,500000
2862,1587,500000
2863,1587,500000
2864,1587,500000
2865,1587,500000
2866,876234,3200
2867,1587,500000
2868,1587,500000
2869,1587,500000
2870,876234,11350
2871,1587,500000
2872,1587,500000
2873,1587,500000
2874,876234,7290
2875,876234,6320
2876,1587,500000
2877,1587,500000
2878,1587,500000
2879,1587,500000
2880,1587,500000
2881,1587,500000
2882,876234,8830
2883,1587,500000
2884,876234,14230
2885,876234,6970
2886,1587,500000
2887,876234,12090
2888,1587,500000
2889,876234,9150
2890,876234,6800
2891,876234,7520
2892,1587,500000
2893,1587,500000
2894,876234,6200
2895,1587,500000
2896,876234,11330
2897,876234,5080
2898,876234,20220
2899,876234,8570
2900,1587,500000
2901,1587,500000
2902,876234,10060
2903,876234,7630
2904,1587,500000
2905,1587,500000
2906,876234,9280
2907,1587,500000
2908,876234,4500
2909,1587,500000
2910,876234,6250
2911,1587,500000
2912,1587,500000
2913,876234,8700
2914,876234,6830
2915,1587,500000
2916,876234,19140
2917,1587,500000
2918,876234,6600
2919,1587,500000
2920,1587,500000
2921,1587,500000
2922,1587,500000
2923,1587,500000
2924,876234,7240
2925,1587,500000
2926,876234,10140
2927,1587,500000
2928,876234,5500
2929,1587,500000
2930,1587,500000
2931,876234,6500
2932,1587,500000
2933,876234,10960
2934,1587,500000
2935,876234,6710
2936,876234,9100
2937,876234,6760
2938,876234,7640
2939,1587,500000
2940,1587,500000
2941,1587,500000
2942,876234,16340
2943,1587,500000
2944,876234,12980
2945,876234,7160
2946,876234,10760
2947,1587,500000
2948,876234,19680
2949,1587,500000
2950,876234,7080
2951,876234,7600
2952,1587,500000
2953,876234,10690
2954,1587,500000
2955,1587,500000
2956,876234,9400
2957,876234,7840
2958,1587,500000
2959,1587,500000
2960,1587,500000
2961,1587,500000
2962,876234,7980
2963,876234,16900
2964,876234,7750
2965,1587,500000
2966,876234,14530
2967,1587,500000
2968,876234,3500
2969,1587,500000
2970,876234,9030
2971,1587,500000
2972,1587,500000
2973,1587,500000
2974,1587,500000
2975,1587,500000
2976,1587,500000
2977,876234,7800
2978,1587,500000
2979,876234,19530
2980,876234,6330
2981,876234,6470
2982,1587,500000
2983,1587,500000
2984,876234,6640
2985,1587,500000
2986,1587,500000
2987,876234,5300
2988,1587,500000
2989,1587,500000
2990,1587,500000
2991,1587,500000
2992,876234,3400
2993,876234,7170
2994,876234,6540
2995,876234,60400
2996,876234,8340
2997,876234,9500
2998,1587,500000
2999,1587,500000
3000,876234,6680
3001,876234,11820
3002,1587,500000
3003,1587,500000
3004,1587,500000
3005,876234,7400
3006,876234,9260
3007,876234,18890
3008,1587,500000
3009,1587,500000
3010,1587,500000
3011,876234,17750
3012,876234,6800
3013,1587,500000
3014,1587,500000
3015,876234,26570
3016,1587,500000
3017,1587,500000
3018,1587,500000
3019,876234,6720
3020,1587,500000
3021,876234,7870
3022,1587,500000
3023,876234,31010
3024,1587,500000
3025,1587,500000
3026,876234,8800
3027,1587,500000
3028,876234,5850
3029,1587,500000
3030,1587,500000
3031,876234,7920
3032,1587,500000
3033,1587,500000
3034,1587,500000
3035,876234,8320
3036,876234,7030
3037,1587,500000
3038,876234,6860
3039,876234,3500
3040,1587,500000
3041,1587,500000
3042,1587,500000
3043,876234,7220
3044,1587,500000
3045,1587,500000
3046,1587,500000
3047,876234,11350
3048,1587,500000
3049,876234,6920
3050,1587,500000
3051,876234,10100
3052,876234,12780
3053,876234,6520
3054,1587,500000
3055,1587,500000
3056,876234,26140
3057,876234,19530
3058,876234,4800
3059,1587,500000
3060,1587,500000
3061,1587,500000
3062,876234,9280
3063,1587,500000
3064,1587,500000
3065,876234,10200
3066,1587,500000
3067,1587,500000
3068,876234,58550
3069,1587,500000
3070,1587,500000
3071,1587,500000
3072,876234,31090
3073,876234,5580
3074,1587,500000
3075,876234,5400
3076,1587,500000
3077,1587,500000
3078,1587,500000
3079,876234,7580
3080,876234,6110
3081,1587,500000
3082,876234,14310
3083,1587,500000
3084,1587,500000
3085,876234,10610
3086,876234,8820
3087,1587,500000
3088,1587,500000
3089,876234,3500
3090,876234,18780
3091,1587,500000
3092,1587,500000
3093,876234,7100
3094,1587,500000
3095,876234,6490
3096,876234,11600
3097,1587,500000
3098,1587,500000
3099,876234,7940
3100,876234,8650
3101,876234,5100
3102,1587,500000
3103,1587,500000
3104,876234,11010
3105,1587,500000
3106,1587,500000
3107,1587,500000
3108,876234,81720
3109,876234,11000
3110,1587,500000
3111,876234,8740
3112,1587,500000
3113,1587,500000
3114,876234,8380
3115,876234,12340
3116,876234,6470
3117,1587,500000
3118,876234,6690
3119,1587,500000
3120,1587,500000
3121,876234,11520
3122,1587,500000
3123,876234,6050
3124,876234,8400
3125,876234,9520
3126,1587,500000
3127,876234,7010
3128,876234,10140
3129,1587,500000
3130,1587,500000
3131,1587,500000
3132,1587,500000
3133,876234,15140
3134,876234,7500
3135,1587,500000
3136,1587,500000
3137,1587,500000
3138,1587,500000
3139,1587,500000
3140,876234,7900
3141,876234,7660
3142,1587,500000
3143,1587,500000
3144,1587,500000
3145,876234,36110
3146,876234,51150
3147,876234,39510
3148,876234,87050
3149,1587,500000
3150,876234,4800
3151,876234,7160
3152,876234,7780
3153,876234,8240
3154,1587,500000
3155,1587,500000
3156,876234,7840
3157,1587,500000
3158,876234,8530
3159,1587,500000
3160,876234,12970
3161,876234,9270
3162,1587,500000
3163,1587,500000
3164,876234,19620
3165,876234,6610
3166,1587,500000
3167,876234,6960
3168,1587,500000
3169,1587,500000
3170,876234,7750
3171,1587,500000
3172,876234,7790
3173,1587,500000
3174,1587,500000
3175,1587,500000
3176,876234,3800
3177,1587,500000
3178,876234,6520
3179,876234,3900
3180,876234,8440
3181,1587,500000
3182,1587,500000
3183,1587,500000
3184,1587,500000
3185,1587,500000
3186,1587,500000
3187,876234,6890
3188,876234,16360
3189,876234,6800
3190,876234,7870
3191,876234,9530
3192,1587,500000
3193,1587,500000
3194,1587,500000
3195,1587,500000
3196,1587,500000
3197,876234,83440
3198,1587,500000
3199,876234,8680
3200,1587,500000
3201,1587,500000
3202,876234,6800
3203,1587,500000
3204,876234,6900
3205,1587,500000
3206,876234,7310
3207,1587,500000
3208,876234,5790
3209,1587,500000
3210,876234,22170
3211,1587,500000
3212,876234,9170
3213,876234,7620
3214,1587,500000
3215,876234,31520
3216,876234,56500
3217,1587,500000
3218,876234,6150
3219,1587,500000
3220,1587,500000
3221,1587,500000
3222,1587,500000
3223,1587,500000
3224,1587,500000
3225,876234,9130
3226,876234,6480
3227,1587,500000
3228,876234,8780
3229,1587,500000
3230,1587,500000
3231,1587,500000
3232,1587,500000
3233,876234,9400
3234,876234,11350
3235,1587,500000
3236,1587,500000
3237,1587,500000
3238,876234,7480
3239,1587,500000
3240,876234,11750
3241,876234,6470
3242,876234,8950
3243,1587,500000
3244,1587,500000
3245,1587,500000
3246,1587,500000
3247,1587,500000
3248,1587,500000
3249,1587,500000
3250,876234,14200
3251,876234,10810
3252,876234,7560
3253,1587,500000
3254,876234,8160
3255,876234,9870
3256,876234,4900
3257,876234,13460
3258,1587,500000
3259,1587,500000
3260,1587,500000
3261,876234,21130
3262,1587,500000
3263,1587,500000
3264,1587,500000
3265,1587,500000
3266,1587,500000
3267,1587,500000
3268,876234,8320
3269,876234,3200
3270,1587,500000
3271,876234,5610
3272,1587,500000
3273,876234,111970
3274,1587,500000
3275,1587,500000
3276,876234,14880
3277,1587,500000
3278,876234,5700
3279,876234,6620
3280,1587,500000
3281,1587,500000
3282,1587,500000
3283,876234,8460
3284,1587,500000
3285,1587,500000
3286,1587,500000
3287,876234,5600
3288,876234,9730
3289,876234,14310
3290,1587,500000
3291,1587,500000
3292,876234,10330
3293,876234,8260
3294,1587,500000
3295,1587,500000
3296,876234,10110
3297,876234,10400
3298,1587,500000
3299,876234,12780
3300,1587,500000
3301,1587,500000
3302,876234,11400
3303,1587,500000
3304,876234,6880
3305,1587,500000
3306,1587,500000
3307,1587,500000
3308,1587,500000
3309,1587,500000
3310,876234,11020
3311,876234,6680
3312,1587,500000
3313,1587,500000
3314,1587,500000
3315,876234,7400
3316,1587,500000
3317,1587,500000
3318,876234,7840
3319,876234,83250
3320,1587,500000
3321,1587,500000
3322,1587,500000
3323,1587,500000
3324,876234,6590
3325,876234,11440
3326,1587,500000
3327,1587,500000
3328,876234,6920
3329,1587,500000
3330,1587,500000
3331,876234,6320
3332,876234,11340
3333,1587,500000
3334,1587,500000
3335,876234,3200
3336,876234,7740
3337,876234,10400
3338,1587,500000
3339,876234,7270
3340,1587,500000
3341,1587,500000
3342,876234,11170
3343,876234,4400
3344,1587,500000
3345,1587,500000
3346,1587,500000
3347,1587,500000
3348,876234,15720
3349,876234,11140
3350,876234,27900
3351,876234,4600
3352,1587,500000
3353,876234,7020
3354,1587,500000
3355,1587,500000
3356,876234,10240
3357,1587,500000
3358,876234,10500
3359,876234,8910
3360,876234,4310
3361,1587,500000
3362,1587,500000
3363,1587,500000
3364,876234,7390
3365,1587,500000
3366,876234,13340
3367,1587,500000
3368,1587,500000
3369,876234,11280
3370,1587,500000
3371,1587,500000
3372,1587,500000
3373,876234,8330
3374,876234,7900
3375,876234,7650
3376,1587,500000
3377,1587,500000
3378,1587,500000
3379,876234,8600
3380,1587,500000
3381,1587,500000
3382,1587,500000
3383,1587,500000
3384,876234,5180
3385,876234,7770
3386,1587,500000
3387,1587,500000
3388,1587,500000
3389,1587,500000
3390,1587,500000
3391,876234,7800
3392,1587,500000
3393,1587,500000
3394,1587,500000
3395,1587,500000
3396,876234,12150
3397,1587,500000
3398,876234,9210
3399,1587,500000
3400,876234,10450
3401,1587,500000
3402,1587,500000
3403,876234,6880
3404,876234,5200
3405,1587,500000
3406,1587,500000
3407,1587,500000
3408,1587,500000
3409,1587,500000
3410,1587,500000
3411,876234,11590
3412,1587,500000
3413,1587,500000
3414,1587,500000
3415,1587,500000
3416,1587,500000
3417,1587,500000
3418,1587,500000
3419,1587,500000
3420,1587,500000
3421,876234,7400
3422,1587,500000
3423,1587,500000
3424,1587,500000
3425,876234,14100
3426,876234,5100
3427,1587,500000
3428,876234,6140
3429,1587,500000
3430,876234,6370
3431,1587,500000
3432,1587,500000
3433,876234,6100
3434,1587,500000
3435,1587,500000
3436,1587,500000
3437,1587,500000
3438,1587,500000
3439,1587,500000
3440,1587,500000
3441,1587,500000
3442,1587,500000
3443,876234,32230
3444,876234,7090
3445,876234,6440
3446,876234,5700
3447,876234,5000
3448,876234,8930
3449,876234,33070
3450,876234,8820
3451,1587,500000
3452,1587,500000
3453,1587,500000
3454,1587,500000
3455,1587,500000
3456,876234,8840
3457,1587,500000
3458,1587,500000
3459,876234,5970
3460,876234,17330
3461,876234,12180
3462,1587,500000
3463,876234,13820
3464,876234,9420
3465,1587,500000
3466,876234,8310
3467,876234,31790
3468,876234,9180
3469,876234,10360
3470,1587,500000
3471,1587,500000
3472,876234,6980
3473,1587,500000
3474,876234,34260
3475,876234,7830
3476,876234,8000
3477,1587,500000
3478,1587,500000
3479,1587,500000
3480,876234,5600
3481,876234,15160
3482,876234,8810
3483,876234,6960
3484,1587,500000
3485,1587,500000
3486,1587,500000
3487,876234,6750
3488,876234,7900
3489,876234,5210
3490,1587,500000
3491,1587,500000
3492,1587,500000
3493,1587,500000
3494,1587,500000
3495,1587,500000
3496,1587,500000
3497,1587,500000
3498,1587,500000
3499,1587,500000
3500,876234,8230
3501,1587,500000
3502,1587,500000
3503,1587,500000
3504,1587,500000
3505,1587,500000
3506,876234,7480
3507,1587,500000
3508,876234,8160
3509,1587,500000
3510,876234,8610
3511,876234,11070
3512,1587,500000
3513,1587,500000
3514,876234,5660
3515,876234,5610
3516,1587,500000
3517,1587,500000
3518,876234,4500
3519,1587,500000
3520,876234,7870
3521,1587,500000
3522,1587,500000
3523,876234,9940
3524,1587,500000
3525,1587,500000
3526,1587,500000
3527,1587,500000
3528,1587,500000
3529,1587,500000
3530,876234,7590
3531,1587,500000
3532,1587,500000
3533,1587,500000
3534,876234,13060
3535,1587,500000
3536,1587,500000
3537,876234,5000
3538,1587,500000
3539,876234,3300
3540,1587,500000
3541,876234,11510
3542,876234,5330
3543,1587,500000
3544,876234,7100
3545,1587,500000
3546,876234,9720
3547,876234,11210
3548,1587,500000
3549,876234,15500
3550,876234,6470
3551,876234,13070
3552,1587,500000
3553,876234,6080
3554,876234,12960
3555,876234,10230
3556,876234,7800
3557,1587,500000
3558,876234,9260
3559,876234,7460
3560,876234,13920
3561,876234,9210
3562,876234,8120
3563,1587,500000
3564,876234,16620
3565,876234,5760
3566,876234,6780
3567,876234,6430
3568,876234,7110
3569,1587,500000
3570,1587,500000
3571,876234,11200
3572,1587,500000
3573,876234,9140
3574,1587,500000
3575,876234,8770
3576,876234,9000
3577,876234,12570
3578,876234,18160
3579,1587,500000
3580,876234,5960
3581,876234,9410
3582,876234,7540
3583,1587,500000
3584,876234,12770
3585,1587,500000
3586,876234,8590
3587,1587,500000
3588,1587,500000
3589,876234,12390
3590,876234,34020
3591,876234,5970
3592,1587,500000
3593,1587,500000
3594,876234,7210
3595,876234,6920
3596,1587,500000
3597,1587,500000
3598,1587,500000
3599,876234,8760
3600,876234,9530
3601,1587,500000
3602,1587,500000
3603,876234,8720
3604,1587,500000
3605,1587,500000
3606,876234,7860
3607,1587,500000
3608,876234,9000
3609,876234,9100
3610,876234,14530
3611,1587,500000
3612,1587,500000
3613,876234,7520
3614,876234,12710
3615,876234,6770
3616,1587,500000
3617,876234,7700
3618,876234,5100
3619,1587,500000
3620,876234,9380
3621,876234,9580
3622,1587,500000
3623,1587,500000
3624,876234,8270
3625,876234,8510
3626,1587,500000
3627,876234,9380
3628,876234,7700
3629,876234,6050
3630,1587,500000
3631,876234,10340
3632,1587,500000
3633,876234,9000
3634,1587,500000
3635,876234,8470
3636,876234,16900
3637,876234,7490
3638,1587,500000
3639,1587,500000
3640,1587,500000
3641,1587,500000
3642,876234,6100
3643,1587,500000
3644,1587,500000
3645,876234,6680
3646,876234,8180
3647,1587,500000
3648,1587,500000
3649,1587,500000
3650,1587,500000
3651,876234,8780
3652,876234,8040
3653,876234,8720
3654,1587,500000
3655,876234,8800
3656,876234,7240
3657,1587,500000
3658,1587,500000
3659,1587,500000
3660,1587,500000
3661,1587,500000
3662,876234,7200
3663,1587,500000
3664,1587,500000
3665,876234,5350
3666,876234,7810
3667,876234,9650
3668,1587,500000
3669,1587,500000
3670,876234,5670
3671,1587,500000
3672,1587,500000
3673,1587,500000
3674,1587,500000
3675,1587,500000
3676,1587,500000
3677,1587,500000
3678,1587,500000
3679,1587,500000
3680,876234,3300
3681,1587,500000
3682,1587,500000
3683,1587,500000
3684,1587,500000
3685,876234,8560
3686,1587,500000
3687,876234,30830
3688,876234,10430
3689,1587,500000
3690,876234,13240
3691,1587,500000
3692,1587,500000
3693,1587,500000
3694,1587,500000
3695,1587,500000
3696,1587,500000
3697,1587,500000
3698,876234,9480
3699,1587,500000
3700,876234,16300
3701,876234,9680
3702,876234,15400
3703,876234,8820
3704,876234,10910
3705,876234,9650
3706,1587,500000
3707,876234,6000
3708,1587,500000
3709,876234,6810
3710,876234,9930
3711,876234,6510
3712,876234,3900
3713,1587,500000
3714,876234,5200
3715,1587,500000
3716,1587,500000
3717,876234,33220
3718,1587,500000
3719,1587,500000
3720,1587,500000
3721,1587,500000
3722,1587,500000
3723,1587,500000
3724,1587,500000
3725,1587,500000
3726,876234,18420
3727,1587,500000
3728,876234,7510
3729,876234,6740
3730,1587,500000
3731,1587,500000
3732,1587,500000
3733,876234,7440
3734,1587,500000
3735,876234,7230
3736,1587,500000
3737,876234,7100
3738,876234,7700
3739,1587,500000
3740,1587,500000
3741,876234,4380
3742,1587,500000
3743,1587,500000
3744,876234,6510
3745,876234,12230
3746,1587,500000
3747,876234,8380
3748,1587,500000
3749,876234,26790
3750,1587,500000
3751,1587,500000
3752,876234,7170
3753,1587,500000
3754,876234,10510
3755,876234,5100
3756,876234,12680
3757,1587,500000
3758,1587,500000
3759,1587,500000
3760,1587,500000
3761,1587,500000
3762,876234,5790
3763,1587,500000
3764,876234,12700
3765,1587,500000
3766,876234,14940
3767,876234,8060
3768,1587,500000
3769,876234,5240
3770,1587,500000
3771,876234,9200
3772,1587,500000
3773,1587,500000
3774,876234,5800
3775,1587,500000
3776,876234,7380
3777,1587,500000
3778,876234,7650
3779,876234,9680
3780,1587,500000
3781,876234,4870
3782,1587,500000
3783,876234,22330
3784,876234,7780
3785,1587,500000
3786,1587,500000
3787,876234,8260
3788,1587,500000
3789,876234,84550
3790,876234,8420
3791,876234,21450
3792,1587,500000
3793,876234,8600
3794,1587,500000
3795,876234,7090
3796,1587,500000
3797,1587,500000
3798,876234,8180
3799,876234,13810
3800,1587,500000
3801,876234,6700
3802,876234,10400
3803,876234,14200
3804,876234,4500
3805,876234,10710
3806,1587,500000
3807,876234,6430
3808,876234,6910
3809,1587,500000
3810,1587,500000
3811,876234,23890
3812,1587,500000
3813,876234,5650
3814,1587,500000
3815,876234,8130
3816,876234,9830
3817,876234,7970
3818,1587,500000
3819,876234,9580
3820,1587,500000
3821,1587,500000
3822,1587,500000
3823,876234,5130
3824,1587,500000
3825,876234,9780
3826,1587,500000
3827,1587,500000
3828,1587,500000
3829,876234,7510
3830,1587,500000
3831,876234,7700
3832,1587,500000
3833,1587,500000
3834,876234,6830
3835,1587,500000
3836,876234,8830
3837,876234,8780
3838,1587,500000
3839,876234,3400
3840,876234,14440
3841,1587,500000
3842,1587,500000
3843,1587,500000
3844,876234,424040
3845,876234,7650
3846,1587,500000
3847,1587,500000
3848,876234,13420
3849,1587,500000
3850,876234,9440
3851,1587,500000
3852,1587,500000
3853,1587,500000
3854,1587,500000
3855,1587,500000
3856,1587,500000
3857,1587,500000
3858,876234,8010
3859,1587,500000
3860,1587,500000
3861,1587,500000
3862,1587,500000
3863,1587,500000
3864,1587,500000
3865,1587,500000
3866,1587,500000
3867,876234,6820
3868,876234,8500
3869,1587,500000
3870,1587,500000
3871,1587,500000
3872,876234,15160
3873,876234,9580
3874,1587,500000
3875,1587,500000
3876,1587,500000
3877,1587,500000
3878,876234,8580
3879,1587,500000
3880,876234,33140
3881,876234,8420
3882,1587,500000
3883,1587,500000
3884,876234,9250
3885,876234,14100
3886,1587,500000
3887,1587,500000
3888,1587,500000
3889,1587,500000
3890,1587,500000
3891,1587,500000
3892,1587,500000
3893,876234,4660
3894,1587,500000
3895,876234,10490
3896,876234,8380
3897,1587,500000
3898,1587,500000
3899,1587,500000
3900,1587,500000
3901,876234,6820
3902,1587,500000
3903,876234,15170
3904,876234,8300
3905,876234,6710
3906,1587,500000
3907,876234,7820
3908,876234,7980
3909,1587,500000
3910,1587,500000
3911,1587,500000
3912,1587,500000
3913,876234,24850
3914,1587,500000
3915,1587,500000
3916,876234,6500
3917,876234,9140
3918,876234,7240
3919,876234,8130
3920,1587,500000
3921,1587,500000
3922,1587,500000
3923,1587,500000
3924,876234,8380
3925,876234,6870
3926,1587,500000
3927,876234,7530
3928,1587,500000
3929,1587,500000
3930,876234,13800
3931,876234,5480
3932,1587,500000
3933,1587,500000
3934,1587,500000
3935,1587,500000
3936,1587,500000
3937,1587,500000
3938,1587,500000
3939,876234,11030
3940,876234,11140
3941,1587,500000
3942,1587,500000
3943,876234,8190
3944,876234,7140
3945,1587,500000
3946,1587,500000
3947,876234,18860
3948,876234,9300
3949,1587,500000
3950,1587,500000
3951,876234,14420
3952,876234,16890
3953,1587,500000
3954,1587,500000
3955,1587,500000
3956,876234,6370
3957,1587,500000
3958,1587,500000
3959,876234,8580
3960,1587,500000
3961,876234,14160
3962,1587,500000
3963,1587,500000
3964,1587,500000
3965,1587,500000
3966,1587,500000
3967,876234,9530
3968,876234,14030
3969,1587,500000
3970,1587,500000
3971,876234,11270
3972,876234,15310
3973,1587,500000
3974,876234,7110
3975,876234,7700
3976,876234,8100
3977,1587,500000
3978,876234,9050
3979,876234,12840
3980,1587,500000
3981,1587,500000
3982,876234,11630
3983,1587,500000
3984,1587,500000
3985,1587,500000
3986,876234,7510
3987,876234,7230
3988,876234,8590
3989,1587,500000
3990,876234,8940
3991,1587,500000
3992,1587,500000
3993,876234,6750
3994,1587,500000
3995,876234,7460
3996,876234,7780
3997,1587,500000
3998,876234,5610
3999,1587,500000
4000,1587,500000
4001,876234,25100
4002,876234,14420
4003,876234,10730
4004,876234,7860
4005,876234,8480
4006,876234,10700
4007,1587,500000
4008,876234,8160
4009,876234,8430
4010,876234,7980
4011,1587,500000
4012,1587,500000
4013,1587,500000
4014,1587,500000
4015,1587,500000
4016,1587,500000
4017,876234,35200
4018,876234,9520
4019,1587,500000
4020,876234,8940
4021,1587,500000
4022,1587,500000
4023,1587,500000
4024,1587,500000
4025,1587,500000
4026,876234,5990
4027,876234,157270
4028,876234,6000
4029,1587,500000
4030,1587,500000
4031,1587,500000
4032,1587,500000
4033,876234,5600
4034,876234,7540
4035,876234,8790
4036,1587,500000
4037,876234,7310
4038,876234,10070
4039,876234,14140
4040,1587,500000
4041,876234,6460
4042,1587,500000
4043,876234,7400
4044,1587,500000
4045,876234,13170
4046,1587,500000
4047,876234,7510
4048,1587,500000
4049,1587,500000
4050,876234,10840
4051,1587,500000
4052,876234,9080
4053,1587,500000
4054,876234,11290
4055,1587,500000
4056,1587,500000
4057,1587,500000
4058,876234,15670
4059,1587,500000
4060,876234,83190
4061,876234,6610
4062,1587,500000
4063,1587,500000
4064,876234,14320
4065,1587,500000
4066,876234,11140
4067,876234,9480
4068,876234,83400
4069,1587,500000
4070,876234,8820
4071,1587,500000
4072,1587,500000
4073,876234,6270
4074,876234,8790
4075,1587,500000
4076,876234,99970
4077,876234,9890
4078,1587,500000
4079,1587,500000
4080,1587,500000
4081,1587,500000
4082,876234,12820
4083,876234,8470
4084,876234,5400
4085,876234,6460
4086,1587,500000
4087,1587,500000
4088,1587,500000
4089,876234,12630
4090,1587,500000
4091,876234,6830
4092,876234,10240
4093,876234,5520
4094,1587,500000
4095,1587,500000
4096,1587,500000
4097,876234,6310
4098,1587,500000
4099,876234,8370
4100,876234,10750
4101,876234,6860
4102,876234,6920
4103,876234,5280
4104,1587,500000
4105,876234,7810
4106,876234,8270
4107,1587,500000
4108,876234,13120
4109,1587,500000
4110,876234,23600
4111,1587,500000
4112,1587,500000
4113,876234,8720
4114,1587,500000
4115,1587,500000
4116,876234,55160
4117,1587,500000
4118,1587,500000
4119,876234,20620
4120,1587,500000
4121,876234,7180
4122,876234,12830
4123,876234,8860
4124,876234,12120
4125,1587,500000
4126,1587,500000
4127,1587,500000
4128,1587,500000
4129,1587,500000
4130,1587,500000
4131,1587,500000
4132,1587,500000
4133,1587,500000
4134,1587,500000
4135,876234,12640
4136,876234,10540
4137,876234,9590
4138,1587,500000
4139,1587,500000
4140,876234,7860
4141,1587,500000
4142,1587,500000
4143,876234,39440
4144,1587,500000
4145,876234,21580
4146,876234,5820
4147,876234,7610
4148,1587,500000
4149,876234,11100
4150,1587,500000
4151,1587,500000
4152,876234,14500
4153,1587,500000
4154,876234,12580
4155,1587,500000
4156,876234,35470
4157,1587,500000
4158,876234,15790
4159,876234,6600
4160,876234,15960
4161,1587,500000
4162,876234,4950
4163,1587,500000
4164,876234,15140
4165,1587,500000
4166,1587,500000
4167,1587,500000
4168,1587,500000
4169,1587,500000
4170,1587,500000
4171,876234,3700
4172,1587,500000
4173,1587,500000
4174,876234,8410
4175,1587,500000
4176,1587,500000
4177,1587,500000
4178,876234,5470
4179,1587,500000
4180,876234,82150
4181,1587,500000
4182,1587,500000
4183,876234,13650
4184,1587,500000
4185,876234,5820
4186,876234,9210
4187,876234,57230
4188,876234,7470
4189,1587,500000
4190,1587,500000
4191,1587,500000
4192,876234,5210
4193,876234,8530
4194,876234,5490
4195,1587,500000
4196,1587,500000
4197,1587,500000
4198,876234,3200
4199,876234,13310
4200,876234,7230
4201,876234,31740
4202,876234,11410
4203,1587,500000
4204,876234,6880
4205,876234,4400
4206,876234,7130
4207,876234,7700
4208,1587,500000
4209,876234,14040
4210,1587,500000
4211,876234,9420
4212,876234,10350
4213,1587,500000
4214,1587,500000
4215,1587,500000
4216,1587,500000
4217,1587,500000
4218,876234,9470
4219,876234,5960
4220,1587,500000
4221,1587,500000
4222,876234,10040
4223,1587,500000
4224,1587,500000
4225,876234,10950
4226,1587,500000
4227,1587,500000
4228,1587,500000
4229,876234,10350
4230,1587,500000
4231,1587,500000
4232,876234,10440
4233,1587,500000
4234,876234,11160
4235,1587,500000
4236,876234,6670
4237,876234,8900
4238,876234,7180
4239,876234,6460
4240,876234,10280
4241,1587,500000
4242,876234,7100
4243,1587,500000
4244,1587,500000
4245,1587,500000
4246,1587,500000
4247,1587,500000
4248,1587,500000
4249,876234,7910
4250,876234,6050
4251,1587,500000
4252,1587,500000
4253,1587,500000
4254,876234,10510
4255,1587,500000
4256,1587,500000
4257,876234,6040
4258,876234,13780
4259,1587,500000
4260,876234,7780
4261,876234,34980
4262,1587,500000
4263,876234,9830
4264,876234,7350
4265,876234,7480
4266,1587,500000
4267,1587,500000
4268,1587,500000
4269,1587,500000
4270,876234,11300
4271,1587,500000
4272,1587,500000
4273,876234,8340
4274,876234,7660
4275,876234,4300
4276,1587,500000
4277,1587,500000
4278,876234,5310
4279,1587,500000
4280,1587,500000
4281,1587,500000
4282,876234,10150
4283,876234,9720
4284,876234,7600
4285,1587,500000
4286,876234,8330
4287,1587,500000
4288,876234,8410
4289,876234,7780
4290,876234,7290
4291,876234,8400
4292,1587,500000
4293,876234,4400
4294,1587,500000
4295,1587,500000
4296,1587,500000
4297,1587,500000
4298,1587,500000
4299,1587,500000
4300,876234,10450
4301,876234,6400
4302,876234,5500
4303,876234,8660
4304,876234,8680
4305,1587,500000
4306,1587,500000
4307,1587,500000
4308,876234,7840
4309,876234,14760
4310,876234,7280
4311,1587,500000
4312,1587,500000
4313,876234,5870
4314,1587,500000
4315,1587,500000
4316,1587,500000
4317,1587,500000
4318,876234,6020
4319,1587,500000
4320,1587,500000
4321,876234,23230
4322,876234,83830
4323,1587,500000
4324,876234,5070
4325,1587,500000
4326,876234,8560
4327,876234,9110
4328,876234,9740
4329,876234,13310
4330,1587,500000
4331,876234,8370
4332,1587,500000
4333,1587,500000
4334,876234,11310
4335,876234,10940
4336,1587,500000
4337,876234,5200
4338,876234,7280
4339,1587,500000
4340,1587,500000
4341,1587,500000
4342,876234,6170
4343,876234,7220
4344,876234,12690
4345,876234,10020
4346,1587,500000
4347,1587,500000
4348,1587,500000
4349,876234,8890
4350,1587,500000
4351,1587,500000
4352,876234,8550
4353,876234,8760
4354,876234,14760
4355,1587,500000
4356,876234,8940
4357,876234,7750
4358,1587,500000
4359,1587,500000
4360,1587,500000
4361,1587,500000
4362,1587,500000
4363,876234,11990
4364,1587,500000
4365,876234,57620
4366,1587,500000
4367,876234,10500
4368,1587,500000
4369,1587,500000
4370,1587,500000
4371,876234,6040
4372,876234,13990
4373,876234,9810
4374,1587,500000
4375,1587,500000
4376,1587,500000
4377,876234,8600
4378,1587,500000
4379,876234,11310
4380,1587,500000
4381,1587,500000
4382,1587,500000
4383,876234,42430
4384,876234,9070
4385,1587,500000
4386,1587,500000
4387,1587,500000
4388,876234,8350
4389,1587,500000
4390,1587,500000
4391,876234,14000
4392,1587,500000
4393,876234,35400
4394,1587,500000
4395,876234,7670
4396,876234,9160
4397,1587,500000
4398,876234,6200
4399,876234,7600
4400,876234,21550
4401,876234,7390
4402,1587,500000
4403,876234,7270
4404,1587,500000
4405,876234,9640
4406,1587,500000
4407,1587,500000
4408,876234,7320
4409,1587,500000
4410,1587,500000
4411,876234,11530
4412,876234,29890
4413,876234,10980
4414,1587,500000
4415,876234,6640
4416,876234,8600
4417,1587,500000
4418,876234,4110
4419,876234,5220
4420,1587,500000
4421,876234,110610
4422,1587,500000
4423,876234,8350
4424,1587,500000
4425,876234,12910
4426,876234,9800
4427,1587,500000
4428,876234,2800
4429,876234,11210
4430,876234,8950
4431,1587,500000
4432,876234,6360
4433,1587,500000
4434,1587,500000
4435,1587,500000
4436,876234,4900
4437,1587,500000
4438,876234,6640
4439,876234,8700
4440,876234,12410
4441,1587,500000
4442,876234,9240
4443,1587,500000
4444,876234,88480
4445,1587,500000
4446,876234,7520
4447,1587,500000
4448,876234,11290
4449,876234,9860
4450,1587,500000
4451,1587,500000
4452,876234,7770
4453,1587,500000
4454,1587,500000
4455,876234,30610
4456,1587,500000
4457,1587,500000
4458,876234,7470
4459,876234,3900
4460,876234,83950
4461,1587,500000
4462,876234,10700
4463,1587,500000
4464,876234,14580
4465,1587,500000
4466,876234,13470
4467,1587,500000
4468,876234,12780
4469,876234,14740
4470,1587,500000
4471,1587,500000
4472,1587,500000
4473,876234,10000
4474,1587,500000
4475,1587,500000
4476,1587,500000
4477,1587,500000
4478,876234,8440
4479,1587,500000
4480,876234,11100
4481,876234,5880
4482,876234,9500
4483,1587,500000
4484,876234,9300
4485,1587,500000
4486,876234,19450
4487,876234,6800
4488,1587,500000
4489,876234,6550
4490,876234,32610
4491,876234,32110
4492,1587,500000
4493,876234,87780
4494,1587,500000
4495,876234,5350
4496,1587,500000
4497,1587,500000
4498,1587,500000
4499,1587,500000
4500,876234,6400
4501,1587,500000
4502,1587,500000
4503,1587,500000
4504,876234,29700
4505,1587,500000
4506,1587,500000
4507,876234,6170
4508,1587,500000
4509,876234,8720
4510,876234,9220
4511,876234,17820
4512,1587,500000
4513,876234,4100
4514,1587,500000
4515,876234,7420
4516,1587,500000
4517,876234,9320
4518,876234,8300
4519,1587,500000
4520,1587,500000
4521,876234,15720
4522,876234,17620
4523,876234,8800
4524,1587,500000
4525,1587,500000
4526,1587,500000
4527,1587,500000
4528,876234,5900
4529,1587,500000
4530,876234,8870
4531,876234,6580
4532,1587,500000
4533,876234,8370
4534,876234,7750
4535,876234,11070
4536,876234,4000
4537,1587,500000
4538,1587,500000
4539,876234,4910
4540,1587,500000
4541,1587,500000
4542,876234,5810
4543,876234,10260
4544,876234,14070
4545,1587,500000
4546,1587,500000
4547,1587,500000
4548,876234,4700
4549,876234,11110
4550,1587,500000
4551,1587,500000
4552,876234,15350
4553,1587,500000
4554,1587,500000
4555,876234,10620
4556,1587,500000
4557,876234,10240
4558,1587,500000
4559,1587,500000
4560,876234,9040
4561,876234,7320
4562,876234,8660
4563,876234,5800
4564,876234,5900
4565,1587,500000
4566,1587,500000
4567,876234,5100
4568,876234,11070
4569,1587,500000
4570,876234,2600
4571,1587,500000
4572,1587,500000
4573,1587,500000
4574,876234,8650
4575,876234,11590
4576,876234,5810
4577,1587,500000
4578,876234,10100
4579,1587,500000
4580,1587,500000
4581,1587,500000
4582,1587,500000
4583,876234,6500
4584,1587,500000
4585,876234,10180
4586,876234,9880
4587,1587,500000
4588,876234,10560
4589,1587,500000
4590,876234,6860
4591,1587,500000
4592,1587,500000
4593,1587,500000
4594,1587,500000
4595,1587,500000
4596,876234,7900
4597,1587,500000
4598,1587,500000
4599,1587,500000
4600,876234,12810
4601,1587,500000
4602,876234,11100
4603,876234,6460
4604,1587,500000
4605,876234,5000
4606,1587,500000
4607,1587,500000
4608,876234,3900
4609,876234,7600
4610,1587,500000
4611,876234,9560
4612,1587,500000
4613,876234,8020
4614,876234,30490
4615,1587,500000
4616,876234,5250
4617,876234,6370
4618,1587,500000
4619,876234,30170
4620,1587,500000
4621,876234,13590
4622,1587,500000
4623,876234,15180
4624,1587,500000
4625,876234,15550
4626,876234,10560
4627,876234,4010
4628,876234,7690
4629,1587,500000
4630,1587,500000
4631,1587,500000
4632,876234,11700
4633,1587,500000
4634,1587,500000
4635,1587,500000
4636,1587,500000
4637,1587,500000
4638,1587,500000
4639,876234,6470
4640,1587,500000
4641,1587,500000
4642,876234,3600
4643,1587,500000
4644,1587,500000
4645,876234,13200
4646,1587,500000
4647,876234,7640
4648,876234,6000
4649,876234,7070
4650,876234,8100
4651,1587,500000
4652,876234,5500
4653,1587,500000
4654,876234,6300
4655,876234,4840
4656,1587,500000
4657,876234,6500
4658,1587,500000
4659,876234,7670
4660,876234,3100
4661,1587,500000
4662,1587,500000
4663,1587,500000
4664,876234,4910
4665,876234,8630
4666,1587,500000
4667,876234,11130
4668,1587,500000
4669,1587,500000
4670,1587,500000
4671,1587,500000
4672,1587,500000
4673,876234,22800
4674,876234,7200
4675,1587,500000
4676,1587,500000
4677,1587,500000
4678,1587,500000
4679,876234,6200
4680,1587,500000
4681,1587,500000
4682,1587,500000
4683,1587,500000
4684,1587,500000
4685,876234,11050
4686,876234,32440
4687,876234,5180
4688,876234,7040
4689,1587,500000
4690,1587,500000
4691,876234,13760
4692,1587,500000
4693,876234,10410
4694,876234,6000
4695,1587,500000
4696,876234,13870
4697,1587,500000
4698,1587,500000
4699,876234,4770
4700,1587,500000
4701,1587,500000
4702,1587,500000
4703,1587,500000
4704,1587,500000
4705,876234,17460
4706,876234,6720
4707,1587,500000
4708,876234,13480
4709,876234,5960
4710,876234,31420
4711,1587,500000
4712,1587,500000
4713,876234,7990
4714,1587,500000
4715,1587,500000
4716,876234,6230
4717,1587,500000
4718,876234,9220
4719,1587,500000
4720,1587,500000
4721,1587,500000
4722,876234,9150
4723,1587,500000
4724,876234,7170
4725,876234,9780
4726,876234,6310
4727,876234,6110
4728,876234,15850
4729,1587,500000
4730,876234,14060
4731,1587,500000
4732,876234,8220
4733,876234,6700
4734,1587,500000
4735,1587,500000
4736,876234,7000
4737,1587,500000
4738,876234,11910
4739,1587,500000
4740,1587,500000
4741,1587,500000
4742,876234,5450
4743,876234,7810
4744,1587,500000
4745,876234,6020
4746,1587,500000
4747,1587,500000
4748,876234,7690
4749,876234,5300
4750,876234,7820
4751,876234,6790
4752,1587,500000
4753,876234,7700
4754,1587,500000
4755,876234,9250
4756,1587,500000
4757,876234,6000
4758,1587,500000
4759,1587,500000
4760,1587,500000
4761,876234,7030
4762,876234,8300
4763,1587,500000
4764,1587,500000
4765,1587,500000
4766,1587,500000
4767,1587,500000
4768,876234,6700
4769,1587,500000
4770,1587,500000
4771,876234,6910
4772,1587,500000
4773,1587,500000
4774,1587,500000
4775,1587,500000
4776,876234,7610
4777,1587,500000
4778,1587,500000
4779,876234,13290
4780,1587,500000
4781,1587,500000
4782,1587,500000
4783,1587,500000
4784,876234,7660
4785,1587,500000
4786,1587,500000
4787,1587,500000
4788,1587,500000
4789,876234,4600
4790,1587,500000
4791,876234,6530
4792,876234,12240
4793,876234,6190
4794,876234,12120
4795,1587,500000
4796,876234,5950
4797,1587,500000
4798,876234,8950
4799,876234,7100
4800,1587,500000
4801,876234,10090
4802,1587,500000
4803,1587,500000
4804,876234,5800
4805,1587,500000
4806,1587,500000
4807,1587,500000
4808,876234,14070
4809,1587,500000
4810,1587,500000
4811,876234,8250
4812,876234,10330
4813,876234,3600
4814,876234,6300
4815,876234,5700
4816,1587,500000
4817,876234,7590
4818,876234,5510
4819,876234,10320
4820,1587,500000
4821,1587,500000
4822,1587,500000
4823,1587,500000
4824,876234,15070
4825,876234,7740
4826,1587,500000
4827,876234,3200
4828,1587,500000
4829,876234,10620
4830,876234,11340
4831,876234,10330
4832,1587,500000
4833,1587,500000
4834,1587,500000
4835,876234,12560
4836,1587,500000
4837,1587,500000
4838,876234,13500
4839,876234,10250
4840,1587,500000
4841,876234,7100
4842,876234,7550
4843,876234,12500
4844,1587,500000
4845,876234,9110
4846,1587,500000
4847,876234,5100
4848,876234,6040
4849,876234,7360
4850,876234,3700
4851,876234,7500
4852,1587,500000
4853,876234,12730
4854,1587,500000
4855,876234,4600
4856,1587,500000
4857,1587,500000
4858,1587,500000
4859,1587,500000
4860,1587,500000
4861,1587,500000
4862,876234,7500
4863,876234,6960
4864,1587,500000
4865,876234,4300
4866,876234,19650
4867,1587,500000
4868,1587,500000
4869,876234,6100
4870,876234,9310
4871,876234,6810
4872,876234,7970
4873,876234,7480
4874,1587,500000
4875,1587,500000
4876,876234,5100
4877,1587,500000
4878,1587,500000
4879,876234,4300
4880,876234,11100
4881,876234,5830
4882,1587,500000
4883,876234,59060
4884,876234,11160
4885,1587,500000
4886,1587,500000
4887,1587,500000
4888,1587,500000
4889,876234,12650
4890,1587,500000
4891,1587,500000
4892,876234,13780
4893,1587,500000
4894,876234,11800
4895,876234,7850
4896,1587,500000
4897,1587,500000
4898,1587,500000
4899,876234,8350
4900,1587,500000
4901,1587,500000
4902,876234,5630
4903,1587,500000
4904,1587,500000
4905,876234,8650
4906,876234,14860
4907,876234,10100
4908,1587,500000
4909,1587,500000
4910,876234,5100
4911,876234,3800
4912,1587,500000
4913,1587,500000
4914,1587,500000
4915,876234,11440
4916,876234,4800
4917,1587,500000
4918,1587,500000
4919,876234,7890
4920,876234,6570
4921,876234,6800
4922,1587,500000
4923,876234,6970
4924,876234,9540
4925,1587,500000
4926,1587,500000
4927,876234,7600
4928,876234,9030
4929,876234,10950
4930,1587,500000
4931,876234,13570
4932,1587,500000
4933,876234,15400
4934,1587,500000
4935,1587,500000
4936,1587,500000
4937,1587,500000
4938,876234,10100
4939,876234,9160
4940,1587,500000
4941,876234,7200
4942,876234,12790
4943,876234,12270
4944,876234,9400
4945,1587,500000
4946,1587,500000
4947,876234,7400
4948,876234,5320
4949,876234,10800
4950,1587,500000
4951,876234,10020
4952,1587,500000
4953,876234,9040
4954,876234,6810
4955,876234,6450
4956,876234,14040
4957,1587,500000
4958,1587,500000
4959,1587,500000
4960,1587,500000
4961,876234,7410
4962,1587,500000
4963,876234,12700
4964,1587,500000
4965,876234,8600
4966,1587,500000
4967,1587,500000
4968,876234,13550
4969,876234,6920
4970,876234,13760
4971,1587,500000
4972,1587,500000
4973,876234,7500
4974,876234,4200
4975,1587,500000
4976,1587,500000
4977,1587,500000
4978,876234,7280
4979,876234,6500
4980,876234,8080
4981,876234,5300
4982,876234,6060
4983,876234,9280
4984,1587,500000
4985,876234,34490
4986,1587,500000
4987,1587,500000
4988,1587,500000
4989,876234,7100
4990,1587,500000
4991,876234,7470
4992,1587,500000
4993,1587,500000
4994,876234,15180
4995,876234,29100
4996,1587,500000
4997,1587,500000
4998,876234,9510
4999,1587,500000
5000,1587,500000
5001,876234,8380
5002,876234,9070
5003,876234,7050
5004,876234,9010
5005,1587,500000
5006,1587,500000
5007,876234,7630
5008,1587,500000
5009,876234,7730
5010,1587,500000
5011,876234,7210
5012,876234,8840
5013,876234,10150
5014,1587,500000
5015,1587,500000
5016,876234,12900
5017,1587,500000
5018,1587,500000
5019,876234,7580
5020,876234,8230
5021,876234,6400
5022,876234,7940
5023,876234,19280
5024,1587,500000
5025,876234,8040
5026,1587,500000
5027,1587,500000
5028,876234,7790
5029,876234,3900
5030,1587,500000
5031,876234,7000
5032,1587,500000
5033,1587,500000
5034,876234,5480
5035,876234,6530
5036,1587,500000
5037,1587,500000
5038,1587,500000
5039,876234,7380
5040,1587,500000
5041,1587,500000
5042,876234,11200
5043,1587,500000
5044,1587,500000
5045,1587,500000
5046,876234,17090
5047,1587,500000
5048,1587,500000
5049,1587,500000
5050,1587,500000
5051,1587,500000
5052,1587,500000
5053,876234,8400
5054,1587,500000
5055,1587,500000
5056,1587,500000
5057,876234,11510
5058,1587,500000
5059,876234,31500
5060,1587,500000
5061,1587,500000
5062,1587,500000
5063,1587,500000
5064,876234,12570
5065,876234,9200
5066,876234,11500
5067,1587,500000
5068,876234,4900
5069,1587,500000
5070,876234,17210
5071,876234,9980
5072,1587,500000
5073,1587,500000
5074,876234,82920
5075,1587,500000
5076,1587,500000
5077,1587,500000
5078,876234,4250
5079,1587,500000
5080,876234,6250
5081,1587,500000
5082,876234,16510
5083,876234,8860
5084,876234,6620
5085,1587,500000
5086,1587,500000
5087,876234,15120
5088,876234,17280
5089,1587,500000
5090,1587,500000
5091,876234,38160
5092,876234,8230
5093,876234,7390
5094,1587,500000
5095,1587,500000
5096,876234,5430
5097,1587,500000
5098,1587,500000
5099,876234,31610
5100,1587,500000
5101,876234,7240
5102,1587,500000
5103,876234,4300
5104,1587,500000
5105,876234,6100
5106,876234,5230
5107,876234,17900
5108,876234,17600
5109,1587,500000
5110,1587,500000
5111,876234,8590
5112,1587,500000
5113,1587,500000
5114,1587,500000
5115,876234,9090
5116,1587,500000
5117,876234,32930
5118,1587,500000
5119,876234,7970
5120,876234,12850
5121,876234,8950
5122,1587,500000
5123,876234,8010
5124,1587,500000
5125,876234,5550
5126,1587,500000
5127,1587,500000
5128,1587,500000
5129,1587,500000
5130,876234,6290
5131,876234,14950
5132,876234,5720
5133,1587,500000
5134,1587,500000
5135,1587,500000
5136,876234,6580
5137,1587,500000
5138,876234,7130
5139,876234,7140
5140,876234,4540
5141,1587,500000
5142,1587,500000
5143,1587,500000
5144,876234,7470
5145,1587,500000
5146,876234,11130
5147,876234,17180
5148,1587,500000
5149,1587,500000
5150,876234,15880
5151,876234,6170
5152,876234,7620
5153,1587,500000
5154,876234,9790
5155,1587,500000
5156,1587,500000
5157,1587,500000
5158,1587,500000
5159,1587,500000
5160,1587,500000
5161,876234,10350
5162,876234,7240
5163,876234,12600
5164,1587,500000
5165,876234,21890
5166,876234,6980
5167,876234,8180
5168,1587,500000
5169,876234,10610
5170,1587,500000
5171,876234,7210
5172,876234,6970
5173,876234,9580
5174,876234,4600
5175,1587,500000
5176,1587,500000
5177,876234,9950
5178,876234,11970
5179,1587,500000
5180,876234,7160
5181,876234,8780
5182,1587,500000
5183,876234,13060
5184,1587,500000
5185,1587,500000
5186,1587,500000
5187,876234,6870
5188,876234,8000
5189,876234,7150
5190,1587,500000
5191,1587,500000
5192,876234,8400
5193,876234,6790
5194,876234,7340
5195,876234,10490
5196,1587,500000
5197,876234,7660
5198,876234,5760
5199,876234,9360
5200,876234,7800
5201,1587,500000
5202,1587,500000
5203,1587,500000
5204,1587,500000
5205,1587,500000
5206,1587,500000
5207,876234,9260
5208,876234,7180
5209,876234,8560
5210,1587,500000
5211,1587,500000
5212,1587,500000
5213,1587,500000
5214,876234,8070
5215,1587,500000
5216,876234,11800
5217,876234,17020
5218,1587,500000
5219,1587,500000
5220,1587,500000
5221,1587,500000
5222,1587,500000
5223,1587,500000
5224,1587,500000
5225,876234,5540
5226,1587,500000
5227,876234,8030
5228,1587,500000
5229,1587,500000
5230,876234,11570
5231,1587,500000
5232,1587,500000
5233,876234,7170
5234,876234,18010
5235,1587,500000
5236,876234,6700
5237,1587,500000
5238,1587,500000
5239,876234,12610
5240,876234,6330
5241,1587,500000
5242,876234,8580
5243,876234,14620
5244,876234,8220
5245,1587,500000
5246,1587,500000
5247,1587,500000
5248,876234,5830
5249,876234,9630
5250,876234,8230
5251,1587,500000
5252,1587,500000
5253,876234,7610
5254,876234,9600
5255,1587,500000
5256,1587,500000
5257,876234,6100
5258,1587,500000
5259,1587,500000
5260,876234,7390
5261,1587,500000
5262,876234,17310
5263,1587,500000
5264,876234,24920
5265,876234,8030
5266,876234,5100
5267,1587,500000
5268,1587,500000
5269,876234,13280
5270,876234,17630
5271,876234,9440
5272,1587,500000
5273,1587,500000
5274,1587,500000
5275,876234,6100
5276,876234,5200
5277,1587,500000
5278,1587,500000
5279,1587,500000
5280,1587,500000
5281,1587,500000
5282,876234,8180
5283,876234,12600
5284,1587,500000
5285,1587,500000
5286,1587,500000
5287,876234,8950
5288,1587,500000
5289,876234,13800
5290,1587,500000
5291,876234,6050
5292,876234,6480
5293,876234,5200
5294,1587,500000
5295,876234,8100
5296,1587,500000
5297,1587,500000
5298,876234,6900
5299,876234,10620
5300,876234,8290
5301,876234,5920
5302,1587,500000
5303,1587,500000
5304,876234,6200
5305,876234,5850
5306,876234,7170
5307,1587,500000
5308,1587,500000
5309,876234,6830
5310,876234,7770
5311,1587,500000
5312,876234,7030
5313,1587,500000
5314,1587,500000
5315,1587,500000
5316,876234,4600
5317,876234,9680
5318,1587,500000
5319,1587,500000
5320,1587,500000
5321,1587,500000
5322,876234,9550
5323,876234,6930
5324,876234,23330
5325,1587,500000
5326,1587,500000
5327,876234,11690
5328,876234,9990
5329,1587,500000
5330,1587,500000
5331,1587,500000
5332,876234,6130
5333,876234,12380
5334,876234,5820
5335,876234,9210
5336,876234,7010
5337,876234,10540
5338,876234,7230
5339,876234,4800
5340,876234,8850
5341,1587,500000
5342,876234,7610
5343,876234,3200
5344,876234,13020
5345,876234,6400
5346,876234,8110
5347,1587,500000
5348,876234,41720
5349,876234,6730
5350,876234,6430
5351,1587,500000
5352,876234,6060
5353,876234,8150
5354,876234,10460
5355,1587,500000
5356,876234,7970
5357,876234,7640
5358,876234,4000
5359,876234,7790
5360,876234,9730
5361,876234,7240
5362,876234,7260
5363,1587,500000
5364,876234,8850
5365,1587,500000
5366,876234,8360
5367,876234,7650
5368,1587,500000
5369,1587,500000
5370,876234,10080
5371,1587,500000
5372,1587,500000
5373,876234,16000
5374,1587,500000
5375,876234,14960
5376,876234,5800
5377,876234,6050
5378,1587,500000
5379,876234,4900
5380,876234,81630
5381,876234,33070
5382,1587,500000
5383,876234,4700
5384,1587,500000
5385,1587,500000
5386,876234,16960
5387,876234,9480
5388,1587,500000
5389,876234,9040
5390,876234,37590
5391,1587,500000
5392,876234,3600
5393,876234,106790
5394,1587,500000
5395,1587,500000
5396,876234,4500
5397,1587,500000
5398,1587,500000
5399,876234,5630
5400,1587,500000
5401,1587,500000
5402,1587,500000
5403,876234,21530
5404,876234,12200
5405,1587,500000
5406,1587,500000
5407,1587,500000
5408,1587,500000
5409,876234,31030
5410,1587,500000
5411,876234,7860
5412,876234,11300
5413,876234,9100
5414,1587,500000
5415,876234,7970
5416,876234,7480
5417,1587,500000
5418,1587,500000
5419,1587,500000
5420,876234,6100
5421,1587,500000
5422,876234,12740
5423,876234,9140
5424,876234,7980
5425,876234,9000
5426,1587,500000
5427,1587,500000
5428,1587,500000
5429,876234,32300
5430,876234,16110
5431,876234,11790
5432,876234,5180
5433,876234,7340
5434,876234,9820
5435,1587,500000
5436,876234,4840
5437,876234,8040
5438,1587,500000
5439,876234,11110
5440,876234,8740
5441,876234,5760
5442,1587,500000
5443,1587,500000
5444,876234,9610
5445,876234,7340
5446,876234,11420
5447,876234,6400
5448,1587,500000
5449,1587,500000
5450,1587,500000
5451,876234,12850
5452,1587,500000
5453,876234,8700
5454,876234,5700
5455,1587,500000
5456,876234,7200
5457,876234,8580
5458,876234,7210
5459,876234,8290
5460,876234,16250
5461,1587,500000
5462,1587,500000
5463,1587,500000
5464,876234,9510
5465,1587,500000
5466,876234,23590
5467,876234,10710
5468,1587,500000
5469,1587,500000
5470,876234,17740
5471,876234,8750
5472,876234,7620
5473,876234,15310
5474,876234,11300
5475,1587,500000
5476,1587,500000
5477,1587,500000
5478,1587,500000
5479,876234,12280
5480,876234,14090
5481,876234,9100
5482,1587,500000
5483,876234,10620
5484,876234,17900
5485,876234,16970
5486,1587,500000
5487,876234,6360
5488,1587,500000
5489,1587,500000
5490,876234,7600
5491,876234,6830
5492,876234,7070
5493,1587,500000
5494,876234,11980
5495,1587,500000
5496,876234,7750
5497,1587,500000
5498,1587,500000
5499,876234,16720
5500,876234,8950
5501,876234,7280
5502,876234,8920
5503,876234,3900
5504,1587,500000
5505,876234,7080
5506,876234,9230
5507,1587,500000
5508,1587,500000
5509,1587,500000
5510,876234,9060
5511,876234,7590
5512,1587,500000
5513,1587,500000
5514,1587,500000
5515,1587,500000
5516,876234,10000
5517,876234,8290
5518,876234,5900
5519,876234,5200
5520,1587,500000
5521,1587,500000
5522,1587,500000
5523,876234,8110
5524,876234,12000
5525,876234,13280
5526,876234,9980
5527,1587,500000
5528,1587,500000
5529,876234,21930
5530,1587,500000
5531,876234,7920
5532,1587,500000
5533,876234,17780
5534,1587,500000
5535,1587,500000
5536,1587,500000
5537,876234,8430
5538,1587,500000
5539,876234,6910
5540,876234,7320
5541,1587,500000
5542,876234,14880
5543,1587,500000
5544,1587,500000
5545,876234,7190
5546,876234,6500
5547,1587,500000
5548,1587,500000
5549,1587,500000
5550,876234,13010
5551,876234,11370
5552,1587,500000
5553,1587,500000
5554,876234,9250
5555,1587,500000
5556,876234,10510
5557,1587,500000
5558,876234,9350
5559,1587,500000
5560,1587,500000
5561,876234,8140
5562,876234,8750
5563,1587,500000
5564,876234,7060
5565,876234,8490
5566,876234,7550
5567,1587,500000
5568,1587,500000
5569,876234,9480
5570,876234,8900
5571,1587,500000
5572,1587,500000
5573,876234,7380
5574,1587,500000
5575,876234,9540
5576,876234,14510
5577,876234,12490
5578,876234,16820
5579,876234,13300
5580,876234,17110
5581,876234,8380
5582,1587,500000
5583,1587,500000
5584,876234,8800
5585,876234,8130
5586,1587,500000
5587,1587,500000
5588,1587,500000
5589,1587,500000
5590,1587,500000
5591,1587,500000
5592,1587,500000
5593,876234,7440
5594,1587,500000
5595,1587,500000
5596,1587,500000
5597,1587,500000
5598,1587,500000
5599,876234,5800
5600,876234,6900
5601,876234,8170
5602,876234,5170
5603,1587,500000
5604,876234,9550
5605,876234,10860
5606,1587,500000
5607,876234,6820
5608,876234,6570
5609,1587,500000
5610,1587,500000
5611,876234,16220
5612,1587,500000
5613,876234,8230
5614,1587,500000
5615,1587,500000
5616,1587,500000
5617,876234,15640
5618,876234,8680
5619,1587,500000
5620,876234,12600
5621,876234,9340
5622,876234,7120
5623,1587,500000
5624,1587,500000
5625,876234,10990
5626,876234,4600
5627,876234,5600
5628,876234,6790
5629,876234,5490
5630,876234,9590
5631,876234,15630
5632,1587,500000
5633,1587,500000
5634,876234,9170
5635,876234,7760
5636,1587,500000
5637,1587,500000
5638,1587,500000
5639,1587,500000
5640,1587,500000
5641,876234,6560
5642,876234,11920
5643,876234,9600
5644,1587,500000
5645,876234,9330
5646,1587,500000
5647,876234,10590
5648,876234,14830
5649,876234,9150
5650,1587,500000
5651,1587,500000
5652,1587,500000
5653,1587,500000
5654,876234,2800
5655,876234,13700
5656,876234,15710
5657,876234,7990
5658,1587,500000
5659,1587,500000
5660,876234,9400
5661,876234,7790
5662,876234,8150
5663,876234,9700
5664,1587,500000
5665,1587,500000
5666,1587,500000
5667,1587,500000
5668,876234,7530
5669,1587,500000
5670,1587,500000
5671,1587,500000
5672,1587,500000
5673,1587,500000
5674,1587,500000
5675,876234,19120
5676,876234,8590
5677,876234,22940
5678,876234,9680
5679,876234,6360
5680,876234,15600
5681,876234,9150
5682,1587,500000
5683,1587,500000
5684,876234,5800
5685,1587,500000
5686,876234,9420
5687,876234,6810
5688,876234,6990
5689,876234,6700
5690,876234,7230
5691,1587,500000
5692,876234,7330
5693,876234,16150
5694,1587,500000
5695,876234,7940
5696,876234,3500
5697,876234,3800
5698,876234,4900
5699,876234,13160
5700,876234,11400
5701,876234,13800
5702,876234,37610
5703,876234,7660
5704,1587,500000
5705,1587,500000
5706,1587,500000
5707,1587,500000
5708,876234,7040
5709,876234,8810
5710,876234,12530
5711,876234,3400
5712,876234,5540
5713,876234,6350
5714,1587,500000
5715,1587,500000
5716,1587,500000
5717,1587,500000
5718,876234,9770
5719,1587,500000
5720,876234,7060
5721,876234,5930
5722,876234,7880
5723,1587,500000
5724,876234,15480
5725,1587,500000
5726,1587,500000
5727,876234,4520
5728,1587,500000
5729,876234,9650
5730,876234,5490
5731,876234,5030
5732,1587,500000
5733,876234,6890
5734,876234,83960
5735,876234,7640
5736,876234,10820
5737,876234,21960
5738,876234,4700
5739,1587,500000
5740,876234,5850
5741,1587,500000
5742,1587,500000
5743,876234,12260
5744,876234,10300
5745,1587,500000
5746,1587,500000
5747,1587,500000
5748,876234,8100
5749,876234,8670
5750,1587,500000
5751,1587,500000
5752,1587,500000
5753,1587,500000
5754,876234,7870
5755,1587,500000
5756,1587,500000
5757,876234,6900
5758,1587,500000
5759,1587,500000
5760,1587,500000
5761,1587,500000
5762,876234,10030
5763,1587,500000
5764,876234,7430
5765,876234,16540
5766,1587,500000
5767,1587,500000
5768,1587,500000
5769,1587,500000
5770,876234,9830
5771,1587,500000
5772,876234,6140
5773,1587,500000
5774,1587,500000
5775,1587,500000
5776,1587,500000
5777,876234,8270
5778,1587,500000
5779,876234,37000
5780,1587,500000
5781,1587,500000
5782,1587,500000
5783,1587,500000
5784,876234,7160
5785,1587,500000
5786,1587,500000
5787,876234,6090
5788,876234,15030
5789,876234,7980
5790,876234,7020
5791,1587,500000
5792,1587,500000
5793,876234,9040
5794,1587,500000
5795,876234,8330
5796,1587,500000
5797,876234,6160
5798,876234,15960
5799,876234,4900
5800,1587,500000
5801,1587,500000
5802,1587,500000
5803,876234,3700
5804,1587,500000
5805,876234,10970
5806,876234,6000
5807,876234,7460
5808,876234,6810
5809,1587,500000
5810,1587,500000
5811,1587,500000
5812,876234,11110
5813,876234,5950
5814,1587,500000
5815,876234,9980
5816,1587,500000
5817,1587,500000
5818,876234,12350
5819,876234,11990
5820,1587,500000
5821,1587,500000
5822,1587,500000
5823,876234,11410
5824,876234,9200
5825,1587,500000
5826,1587,500000
5827,876234,9460
5828,1587,500000
5829,876234,9150
5830,1587,500000
5831,1587,500000
5832,876234,6690
5833,1587,500000
5834,876234,7670
5835,1587,500000
5836,876234,8040
5837,1587,500000
5838,876234,7250
5839,1587,500000
5840,876234,7580
5841,1587,500000
5842,876234,9460
5843,1587,500000
5844,1587,500000
5845,1587,500000
5846,876234,14630
5847,1587,500000
5848,876234,7160
5849,876234,60610
5850,1587,500000
5851,1587,500000
5852,1587,500000
5853,1587,500000
5854,1587,500000
5855,1587,500000
5856,876234,6050
5857,876234,8600
5858,876234,14730
5859,1587,500000
5860,876234,8050
5861,876234,6580
5862,1587,500000
5863,876234,7190
5864,876234,5840
5865,1587,500000
5866,1587,500000
5867,1587,500000
5868,1587,500000
5869,1587,500000
5870,1587,500000
5871,876234,7050
5872,1587,500000
5873,1587,500000
5874,876234,18380
5875,1587,500000
5876,876234,8760
5877,876234,13080
5878,1587,500000
5879,1587,500000
5880,1587,500000
5881,876234,10030
5882,1587,500000
5883,876234,5300
5884,1587,500000
5885,876234,9680
5886,876234,6000
5887,1587,500000
5888,1587,500000
5889,876234,9040
5890,876234,8450
5891,1587,500000
5892,876234,9820
5893,876234,13110
5894,876234,9070
5895,876234,36680
5896,876234,8050
5897,876234,7140
5898,876234,10440
5899,876234,6200
5900,876234,14030
5901,1587,500000
5902,876234,13570
5903,1587,500000
5904,876234,6400
5905,1587,500000
5906,1587,500000
5907,1587,500000
5908,1587,500000
5909,876234,31500
5910,1587,500000
5911,1587,500000
5912,1587,500000
5913,1587,500000
5914,1587,500000
5915,876234,10470
5916,876234,15580
5917,876234,7200
5918,1587,500000
5919,876234,10560
5920,876234,5600
5921,876234,6690
5922,876234,8590
5923,876234,5500
5924,1587,500000
5925,1587,500000
5926,876234,15510
5927,876234,37680
5928,876234,10020
5929,1587,500000
5930,876234,5100
5931,1587,500000
5932,1587,500000
5933,1587,500000
5934,1587,500000
5935,1587,500000
5936,876234,7700
5937,1587,500000
5938,876234,9560
5939,876234,13090
5940,876234,8620
5941,1587,500000
5942,876234,15790
5943,1587,500000
5944,1587,500000
5945,876234,4700
5946,1587,500000
5947,876234,9400
5948,1587,500000
5949,1587,500000
5950,1587,500000
5951,1587,500000
5952,1587,500000
5953,1587,500000
5954,1587,500000
5955,876234,12770
5956,876234,12100
5957,1587,500000
5958,876234,34680
5959,876234,8300
5960,1587,500000
5961,876234,14900
5962,876234,5900
5963,1587,500000
5964,1587,500000
5965,876234,21330
5966,876234,5820
5967,1587,500000
5968,876234,9580
5969,876234,8250
5970,1587,500000
5971,1587,500000
5972,1587,500000
5973,876234,16460
5974,1587,500000
5975,1587,500000
5976,876234,6970
5977,876234,5800
5978,876234,6100
5979,876234,8800
5980,876234,8070
5981,876234,8920
5982,876234,8440
5983,876234,14030
5984,1587,500000
5985,1587,500000
5986,1587,500000
5987,876234,6100
5988,1587,500000
5989,1587,500000
5990,876234,8610
5991,1587,500000
5992,876234,10070
5993,1587,500000
5994,876234,4980
5995,1587,500000
5996,1587,500000
5997,876234,8140
5998,876234,7880
5999,876234,8000
6000,1587,500000
6001,1587,500000
6002,1587,500000
6003,876234,6310
6004,1587,500000
6005,1587,500000
6006,876234,8170
6007,1587,500000
6008,1587,500000
6009,1587,500000
6010,1587,500000
6011,876234,6740
6012,876234,8150
6013,876234,8370
6014,876234,8170
6015,1587,500000
6016,1587,500000
6017,1587,500000
6018,876234,5000
6019,876234,7830
6020,1587,500000
6021,876234,7020
6022,876234,8330
6023,876234,6510
6024,876234,8440
6025,1587,500000
6026,1587,500000
6027,1587,500000
6028,876234,6670
6029,1587,500000
6030,876234,9450
6031,1587,500000
6032,876234,6100
6033,1587,500000
6034,1587,500000
6035,876234,10990
6036,1587,500000
6037,876234,10830
6038,1587,500000
6039,876234,9290
6040,876234,3700
6041,876234,10230
6042,876234,7620
6043,876234,6010
6044,1587,500000
6045,876234,7240
6046,1587,500000
6047,876234,5100
6048,1587,500000
6049,876234,34960
6050,1587,500000
6051,1587,500000
6052,876234,7640
6053,1587,500000
6054,1587,500000
6055,876234,6160
6056,1587,500000
6057,876234,9040
6058,876234,6160
6059,1587,500000
6060,876234,6610
6061,1587,500000
6062,1587,500000
6063,876234,10500
6064,876234,17000
6065,876234,3500
6066,876234,7810
6067,876234,7200
6068,876234,4200
6069,876234,7990
6070,876234,7680
6071,876234,9850
6072,876234,7430
6073,1587,500000
6074,876234,6500
6075,1587,500000
6076,1587,500000
6077,1587,500000
6078,1587,500000
6079,876234,8540
6080,876234,7350
6081,1587,500000
6082,1587,500000
6083,876234,7040
6084,876234,7670
6085,1587,500000
6086,876234,13370
6087,876234,5910
6088,876234,7460
6089,876234,10000
6090,876234,8450
6091,876234,3500
6092,1587,500000
6093,876234,6040
6094,1587,500000
6095,1587,500000
6096,876234,8300
6097,1587,500000
6098,876234,16900
6099,876234,12210
6100,876234,6250
6101,1587,500000
6102,876234,6950
6103,1587,500000
6104,1587,500000
6105,876234,13360
6106,876234,8230
6107,1587,500000
6108,876234,8610
6109,876234,9100
6110,1587,500000
6111,876234,7760
6112,876234,8010
6113,876234,7420
6114,876234,8010
6115,876234,7290
6116,1587,500000
6117,1587,500000
6118,876234,8990
6119,876234,10620
6120,876234,16210
6121,1587,500000
6122,876234,5170
6123,1587,500000
6124,876234,5460
6125,876234,11160
6126,1587,500000
6127,1587,500000
6128,1587,500000
6129,1587,500000
6130,1587,500000
6131,1587,500000
6132,1587,500000
6133,1587,500000
6134,876234,6380
6135,876234,12480
6136,876234,23570
6137,876234,13380
6138,876234,6610
6139,1587,500000
6140,1587,500000
6141,876234,5370
6142,876234,6650
6143,1587,500000
6144,1587,500000
6145,1587,500000
6146,876234,8140
6147,876234,7890
6148,876234,6800
6149,1587,500000
6150,876234,4510
6151,1587,500000
6152,1587,500000
6153,876234,24960
6154,876234,4500
6155,876234,9800
6156,1587,500000
6157,876234,31420
6158,876234,8320
6159,1587,500000
6160,1587,500000
6161,1587,500000
6162,876234,13900
6163,876234,5360
6164,876234,9930
6165,1587,500000
6166,1587,500000
6167,1587,500000
6168,876234,9700
6169,1587,500000
6170,1587,500000
6171,1587,500000
6172,1587,500000
6173,1587,500000
6174,876234,10200
6175,876234,7320
6176,876234,5260
6177,876234,14230
6178,1587,500000
6179,876234,10050
6180,1587,500000
6181,876234,11360
6182,876234,7370
6183,1587,500000
6184,1587,500000
6185,876234,17680
6186,1587,500000
6187,1587,500000
6188,876234,4700
6189,876234,10040
6190,1587,500000
6191,876234,4410
6192,876234,6960
6193,1587,500000
6194,876234,9620
6195,1587,500000
6196,1587,500000
6197,876234,8710
6198,876234,9860
6199,1587,500000
6200,1587,500000
6201,876234,5740
6202,1587,500000
6203,876234,3600
6204,876234,15230
6205,876234,9310
6206,876234,6250
6207,876234,6680
6208,1587,500000
6209,1587,500000
6210,876234,57890
6211,876234,17660
6212,1587,500000
6213,876234,8120
6214,1587,500000
6215,876234,37090
6216,876234,6790
6217,876234,8130
6218,876234,5440
6219,876234,8860
6220,876234,11930
6221,1587,500000
6222,876234,12560
6223,876234,82790
6224,876234,8530
6225,1587,500000
6226,876234,11540
6227,876234,8540
6228,876234,8710
6229,876234,9230
6230,876234,6650
6231,1587,500000
6232,876234,3900
6233,1587,500000
6234,876234,111200
6235,876234,7100
6236,1587,500000
6237,876234,3900
6238,1587,500000
6239,1587,500000
6240,876234,19200
6241,876234,7860
6242,1587,500000
6243,876234,12310
6244,876234,10120
6245,1587,500000
6246,1587,500000
6247,876234,9120
6248,876234,4300
6249,1587,500000
6250,1587,500000
6251,1587,500000
6252,876234,7850
6253,876234,8290
6254,876234,17640
6255,1587,500000
6256,1587,500000
6257,876234,8380
6258,1587,500000
6259,876234,10600
6260,876234,7510
6261,1587,500000
6262,876234,6700
6263,876234,6280
6264,1587,500000
6265,1587,500000
6266,876234,14710
6267,876234,6500
6268,876234,5730
6269,1587,500000
6270,1587,500000
6271,1587,500000
6272,876234,7980
6273,1587,500000
6274,876234,44480
6275,876234,7300
6276,1587,500000
6277,876234,13200
6278,876234,5700
6279,876234,7370
6280,1587,500000
6281,1587,500000
6282,1587,500000
6283,1587,500000
6284,876234,9570
6285,1587,500000
6286,876234,9630
6287,876234,8530
6288,876234,5200
6289,876234,11750
6290,876234,7270
6291,876234,11970
6292,1587,500000
6293,876234,7380
6294,1587,500000
6295,1587,500000
6296,876234,9500
6297,876234,2700
6298,876234,8450
6299,1587,500000
6300,1587,500000
6301,1587,500000
6302,1587,500000
6303,876234,6000
6304,1587,500000
6305,1587,500000
6306,876234,8330
6307,876234,14460
6308,1587,500000
6309,876234,9070
6310,876234,7630
6311,876234,10110
6312,876234,3000
6313,876234,11590
6314,876234,7260
6315,876234,5300
6316,876234,5490
6317,1587,500000
6318,876234,6720
6319,1587,500000
6320,876234,11720
6321,876234,6970
6322,1587,500000
6323,876234,7980
6324,876234,7530
6325,1587,500000
6326,1587,500000
6327,876234,9250
6328,876234,25230
6329,876234,7880
6330,1587,500000
6331,876234,8400
6332,876234,19180
6333,876234,7140
6334,876234,9210
6335,876234,9220
6336,876234,6620
6337,876234,19860
6338,876234,4300
6339,1587,500000
6340,876234,10800
6341,876234,7100
6342,1587,500000
6343,1587,500000
6344,1587,500000
6345,876234,7640
6346,876234,8260
6347,876234,4800
6348,1587,500000
6349,876234,8410
6350,876234,7430
6351,1587,500000
6352,876234,11770
6353,876234,5620
6354,1587,500000
6355,876234,12480
6356,876234,3200
6357,1587,500000
6358,876234,9860
6359,1587,500000
6360,1587,500000
6361,1587,500000
6362,1587,500000
6363,876234,12470
6364,1587,500000
6365,876234,5490
6366,876234,6160
6367,1587,500000
6368,1587,500000
6369,876234,9970
6370,1587,500000
6371,1587,500000
6372,876234,83500
6373,1587,500000
6374,1587,500000
6375,876234,17440
6376,876234,7240
6377,1587,500000
6378,876234,6660
6379,1587,500000
6380,876234,8270
6381,876234,8250
6382,1587,500000
6383,876234,8200
6384,876234,19570
6385,1587,500000
6386,876234,5470
6387,1587,500000
6388,876234,11120
6389,1587,500000
6390,1587,500000
6391,876234,10550
6392,876234,8600
6393,1587,500000
6394,1587,500000
6395,1587,500000
6396,1587,500000
6397,1587,500000
6398,876234,9700
6399,1587,500000
6400,1587,500000
6401,876234,8830
6402,1587,500000
6403,876234,6350
6404,1587,500000
6405,1587,500000
6406,876234,12920
6407,1587,500000
6408,876234,9290
6409,1587,500000
6410,876234,7910
6411,876234,5600
6412,1587,500000
6413,876234,10430
6414,1587,500000
6415,1587,500000
6416,876234,10030
6417,1587,500000
6418,1587,500000
6419,876234,7600
6420,876234,12230
6421,1587,500000
6422,876234,7400
6423,1587,500000
6424,1587,500000
6425,876234,7140
6426,876234,10130
6427,1587,500000
6428,1587,500000
6429,876234,9560
6430,876234,10820
6431,876234,6780
6432,1587,500000
6433,876234,8550
6434,1587,500000
6435,876234,7700
6436,1587,500000
6437,876234,11980
6438,876234,7530
6439,1587,500000
6440,876234,7630
6441,876234,7460
6442,876234,7710
6443,1587,500000
6444,876234,6200
6445,876234,18800
6446,1587,500000
6447,876234,6300
6448,1587,500000
6449,1587,500000
6450,876234,31780
6451,1587,500000
6452,876234,6860
6453,1587,500000
6454,1587,500000
6455,1587,500000
6456,1587,500000
6457,1587,500000
6458,876234,7350
6459,876234,8680
6460,1587,500000
6461,1587,500000
6462,1587,500000
6463,876234,7760
6464,876234,7180
6465,876234,21400
6466,1587,500000
6467,1587,500000
6468,876234,8350
6469,876234,15790
6470,1587,500000
6471,1587,500000
6472,876234,34660
6473,1587,500000
6474,876234,5200
6475,876234,4700
6476,1587,500000
6477,1587,500000
6478,876234,7090
6479,876234,7330
6480,876234,10780
6481,1587,500000
6482,1587,500000
6483,876234,8730
6484,876234,5700
6485,876234,12420
6486,876234,6500
6487,1587,500000
6488,1587,500000
6489,876234,6910
6490,1587,500000
6491,1587,500000
6492,1587,500000
6493,876234,8010
6494,876234,61850
6495,1587,500000
6496,876234,23100
6497,876234,5440
6498,876234,6470
6499,876234,10220
6500,876234,5830
6501,1587,500000
6502,876234,8180
6503,876234,8390
6504,1587,500000
6505,1587,500000
6506,1587,500000
6507,1587,500000
6508,1587,500000
6509,1587,500000
6510,876234,5240
6511,876234,10100
6512,1587,500000
6513,1587,500000
6514,876234,14280
6515,1587,500000
6516,1587,500000
6517,876234,7400
6518,1587,500000
6519,876234,7700
6520,876234,6660
6521,1587,500000
6522,1587,500000
6523,1587,500000
6524,876234,3300
6525,1587,500000
6526,1587,500000
6527,1587,500000
6528,1587,500000
6529,1587,500000
6530,1587,500000
6531,876234,8180
6532,876234,9040
6533,876234,10240
6534,876234,10640
6535,876234,5260
6536,876234,31010
6537,876234,10380
6538,1587,500000
6539,876234,11320
6540,1587,500000
6541,1587,500000
6542,1587,500000
6543,1587,500000
6544,876234,6250
6545,876234,8490
6546,876234,8330
6547,876234,6420
6548,1587,500000
6549,876234,8930
6550,876234,15200
6551,876234,10060
6552,876234,6870
6553,876234,17800
6554,1587,500000
6555,876234,18430
6556,876234,10450
6557,1587,500000
6558,876234,7380
6559,1587,500000
6560,876234,5060
6561,876234,7290
6562,1587,500000
6563,1587,500000
6564,876234,17250
6565,1587,500000
6566,1587,500000
6567,876234,7400
6568,876234,10310
6569,876234,10620
6570,876234,12570
6571,1587,500000
6572,1587,500000
6573,876234,6300
6574,876234,10450
6575,1587,500000
6576,1587,500000
6577,876234,18720
6578,1587,500000
6579,876234,14890
6580,876234,6450
6581,1587,500000
6582,1587,500000
6583,1587,500000
6584,1587,500000
6585,1587,500000
6586,1587,500000
6587,876234,7690
6588,1587,500000
6589,1587,500000
6590,1587,500000
6591,1587,500000
6592,1587,500000
6593,876234,7480
6594,876234,4400
6595,876234,13800
6596,1587,500000
6597,876234,17240
6598,1587,500000
6599,876234,7370
6600,876234,6100
6601,876234,6270
6602,876234,8820
6603,876234,11800
6604,1587,500000
6605,1587,500000
6606,876234,9000
6607,1587,500000
6608,876234,57260
6609,1587,500000
6610,876234,6200
6611,876234,7600
6612,876234,9720
6613,1587,500000
6614,1587,500000
6615,876234,5630
6616,1587,500000
6617,876234,9370
6618,876234,8840
6619,1587,500000
6620,1587,500000
6621,876234,7910
6622,1587,500000
6623,876234,8310
6624,876234,5690
6625,876234,34640
6626,1587,500000
6627,876234,6240
6628,876234,7110
6629,1587,500000
6630,1587,500000
6631,876234,10050
6632,1587,500000
6633,1587,500000
6634,876234,7640
6635,1587,500000
6636,876234,9490
6637,876234,7400
6638,1587,500000
6639,876234,14890
6640,1587,500000
6641,1587,500000
6642,876234,9300
6643,876234,6290
6644,876234,3700
6645,1587,500000
6646,1587,500000
6647,1587,500000
6648,876234,7420
6649,876234,11350
6650,1587,500000
6651,1587,500000
6652,1587,500000
6653,1587,500000
6654,876234,6490
6655,876234,17840
6656,876234,8120
6657,1587,500000
6658,1587,500000
6659,1587,500000
6660,1587,500000
6661,1587,500000
6662,1587,500000
6663,876234,9770
6664,876234,4200
6665,876234,9050
6666,876234,21490
6667,876234,8260
6668,1587,500000
6669,1587,500000
6670,1587,500000
6671,876234,3200
6672,1587,500000
6673,1587,500000
6674,1587,500000
6675,876234,7620
6676,1587,500000
6677,876234,8990
6678,1587,500000
6679,876234,17100
6680,1587,500000
6681,1587,500000
6682,876234,7200
6683,1587,500000
6684,1587,500000
6685,1587,500000
6686,876234,11750
6687,1587,500000
6688,876234,4500
6689,1587,500000
6690,876234,8390
6691,876234,8960
6692,1587,500000
6693,876234,11520
6694,1587,500000
6695,876234,7870
6696,876234,10670
6697,876234,25060
6698,1587,500000
6699,876234,4430
6700,1587,500000
6701,876234,21210
6702,1587,500000
6703,876234,9700
6704,876234,7870
6705,1587,500000
6706,876234,9420
6707,876234,8470
6708,876234,14280
6709,876234,12940
6710,1587,500000
6711,1587,500000
6712,876234,7930
6713,876234,6990
6714,876234,7710
6715,876234,4300
6716,876234,8120
6717,876234,13110
6718,876234,8990
6719,876234,13270
6720,876234,4000
6721,876234,15300
6722,1587,500000
6723,1587,500000
6724,876234,16080
6725,876234,11640
6726,1587,500000
6727,876234,6380
6728,1587,500000
6729,1587,500000
6730,1587,500000
6731,876234,7190
6732,876234,7380
6733,1587,500000
6734,876234,8080
6735,1587,500000
6736,1587,500000
6737,1587,500000
6738,1587,500000
6739,876234,33690
6740,1587,500000
6741,876234,7740
6742,1587,500000
6743,1587,500000
6744,876234,12170
6745,1587,500000
6746,876234,5910
6747,1587,500000
6748,876234,8820
6749,876234,7530
6750,876234,12810
6751,1587,500000
6752,1587,500000
6753,1587,500000
6754,1587,500000
6755,1587,500000
6756,1587,500000
6757,1587,500000
6758,876234,10200
6759,876234,30740
6760,876234,6320
6761,876234,6780
6762,1587,500000
6763,876234,6790
6764,1587,500000
6765,876234,5940
6766,1587,500000
6767,1587,500000
6768,1587,500000
6769,876234,15480
6770,1587,500000
6771,876234,6210
6772,1587,500000
6773,1587,500000
6774,876234,5550
6775,876234,8550
6776,876234,9180
6777,876234,59310
6778,1587,500000
6779,1587,500000
6780,1587,500000
6781,876234,9010
6782,1587,500000
6783,876234,6470
6784,876234,9170
6785,1587,500000
6786,1587,500000
6787,1587,500000
6788,1587,500000
6789,876234,7460
6790,1587,500000
6791,1587,500000
6792,1587,500000
6793,1587,500000
6794,876234,8780
6795,1587,500000
6796,1587,500000
6797,1587,500000
6798,876234,6700
6799,876234,9980
6800,1587,500000
6801,876234,8800
6802,876234,7130
6803,1587,500000
6804,876234,8170
6805,1587,500000
6806,876234,8010
6807,1587,500000
6808,1587,500000
6809,1587,500000
6810,876234,5800
6811,1587,500000
6812,1587,500000
6813,1587,500000
6814,1587,500000
6815,1587,500000
6816,1587,500000
6817,1587,500000
6818,876234,6740
6819,876234,5470
6820,876234,3600
6821,1587,500000
6822,876234,7870
6823,876234,8970
6824,876234,7690
6825,876234,9850
6826,1587,500000
6827,1587,500000
6828,1587,500000
6829,876234,6990
6830,876234,7890
6831,876234,110630
6832,1587,500000
6833,1587,500000
6834,876234,7130
6835,876234,21840
6836,876234,13270
6837,876234,7300
6838,1587,500000
6839,876234,8980
6840,1587,500000
6841,1587,500000
6842,876234,6550
6843,876234,15350
6844,1587,500000
6845,1587,500000
6846,876234,13390
6847,1587,500000
6848,876234,13600
6849,1587,500000
6850,1587,500000
6851,876234,10120
6852,1587,500000
6853,876234,5300
6854,1587,500000
6855,1587,500000
6856,1587,500000
6857,1587,500000
6858,876234,8600
6859,1587,500000
6860,876234,8320
6861,1587,500000
6862,1587,500000
6863,1587,500000
6864,876234,15500
6865,876234,406300
6866,1587,500000
6867,876234,7650
6868,1587,500000
6869,1587,500000
6870,1587,500000
6871,1587,500000
6872,1587,500000
6873,876234,14270
6874,1587,500000
6875,1587,500000
6876,876234,8050
6877,876234,11200
6878,1587,500000
6879,876234,5490
6880,876234,4200
6881,876234,17920
6882,1587,500000
6883,876234,4320
6884,876234,4900
6885,1587,500000
6886,1587,500000
6887,1587,500000
6888,1587,500000
6889,876234,8300
6890,1587,500000
6891,1587,500000
6892,876234,38220
6893,1587,500000
6894,876234,12110
6895,1587,500000
6896,876234,10260
6897,876234,9800
6898,1587,500000
6899,876234,9690
6900,876234,7080
6901,1587,500000
6902,876234,9910
6903,1587,500000
6904,876234,82180
6905,876234,7680
6906,876234,5630
6907,876234,7830
6908,1587,500000
6909,876234,6270
6910,876234,11130
6911,1587,500000
6912,1587,500000
6913,876234,7880
6914,876234,8440
6915,1587,500000
6916,876234,9780
6917,876234,8070
6918,1587,500000
6919,876234,6200
6920,1587,500000
6921,876234,6330
6922,1587,500000
6923,876234,14340
6924,876234,10450
6925,876234,6150
6926,1587,500000
6927,1587,500000
6928,876234,42410
6929,1587,500000
6930,1587,500000
6931,1587,500000
6932,1587,500000
6933,876234,8560
6934,1587,500000
6935,1587,500000
6936,1587,500000
6937,876234,6290
6938,1587,500000
6939,876234,7550
6940,1587,500000
6941,876234,11030
6942,876234,8710
6943,1587,500000
6944,876234,9720
6945,876234,10200
6946,876234,6100
6947,1587,500000
6948,876234,11160
6949,876234,21360
6950,876234,10950
6951,876234,9120
6952,1587,500000
6953,1587,500000
6954,1587,500000
6955,876234,20300
6956,1587,500000
6957,1587,500000
6958,1587,500000
6959,1587,500000
6960,1587,500000
6961,876234,6890
6962,1587,500000
6963,1587,500000
6964,876234,16700
6965,1587,500000
6966,876234,8200
6967,876234,5600
6968,876234,8790
6969,876234,9040
6970,876234,9720
6971,876234,5890
6972,1587,500000
6973,1587,500000
6974,876234,11880
6975,1587,500000
6976,876234,4500
6977,1587,500000
6978,1587,500000
6979,876234,6940
6980,1587,500000
6981,1587,500000
6982,1587,500000
6983,876234,5900
6984,1587,500000
6985,876234,7740
6986,1587,500000
6987,876234,13940
6988,1587,500000
6989,876234,5130
6990,1587,500000
6991,1587,500000
6992,876234,10760
6993,876234,23760
6994,1587,500000
6995,1587,500000
6996,876234,44030
6997,876234,10050
6998,1587,500000
6999,876234,12810
7000,1587,500000
7001,1587,500000
7002,876234,22810
7003,1587,500000
7004,1587,500000
7005,876234,8850
7006,876234,5080
7007,876234,4400
7008,1587,500000
7009,876234,9670
7010,1587,500000
7011,1587,500000
7012,876234,13800
7013,1587,500000
7014,1587,500000
7015,876234,8530
7016,876234,6380
7017,1587,500000
7018,876234,7840
7019,1587,500000
7020,876234,7370
7021,1587,500000
7022,876234,17320
7023,1587,500000
7024,876234,5910
7025,876234,9070
7026,876234,9850
7027,1587,500000
7028,1587,500000
7029,876234,12570
7030,1587,500000
7031,1587,500000
7032,1587,500000
7033,1587,500000
7034,1587,500000
7035,1587,500000
7036,876234,8990
7037,876234,6430
7038,876234,6750
7039,876234,9250
7040,1587,500000
7041,876234,17460
7042,876234,12450
7043,876234,10990
7044,876234,7270
7045,876234,15850
7046,876234,10810
7047,1587,500000
7048,1587,500000
7049,1587,500000
7050,876234,4990
7051,876234,8360
7052,876234,9590
7053,1587,500000
7054,876234,5100
7055,1587,500000
7056,1587,500000
7057,1587,500000
7058,1587,500000
7059,876234,7620
7060,876234,6610
7061,1587,500000
7062,1587,500000
7063,876234,82410
7064,1587,500000
7065,876234,10930
7066,1587,500000
7067,1587,500000
7068,1587,500000
7069,876234,6350
7070,1587,500000
7071,876234,9850
7072,1587,500000
7073,876234,7380
7074,876234,8960
7075,1587,500000
7076,876234,5400
7077,876234,7500
7078,876234,9800
7079,876234,32840
7080,1587,500000
7081,876234,9100
7082,876234,9550
7083,1587,500000
7084,1587,500000
7085,876234,6920
7086,1587,500000
7087,1587,500000
7088,1587,500000
7089,876234,14270
7090,876234,7660
7091,876234,4000
7092,1587,500000
7093,876234,10030
7094,876234,8660
7095,1587,500000
7096,1587,500000
7097,876234,15080
7098,876234,6340
7099,1587,500000
7100,1587,500000
7101,876234,8550
7102,1587,500000
7103,1587,500000
7104,876234,9350
7105,876234,8330
7106,876234,6800
7107,876234,9300
7108,1587,500000
7109,1587,500000
7110,876234,17590
7111,876234,8580
7112,1587,500000
7113,876234,5670
7114,1587,500000
7115,1587,500000
7116,1587,500000
7117,876234,13240
7118,876234,12300
7119,1587,500000
7120,876234,4400
7121,1587,500000
7122,1587,500000
7123,876234,10200
7124,1587,500000
7125,1587,500000
7126,1587,500000
7127,1587,500000
7128,1587,500000
7129,1587,500000
7130,876234,13760
7131,1587,500000
7132,876234,10140
7133,1587,500000
7134,1587,500000
7135,876234,11320
7136,876234,7720
7137,1587,500000
7138,1587,500000
7139,1587,500000
7140,1587,500000
7141,876234,7150
7142,876234,5400
7143,1587,500000
7144,876234,5170
7145,1587,500000
7146,1587,500000
7147,1587,500000
7148,1587,500000
7149,876234,4100
7150,1587,500000
7151,1587,500000
7152,1587,500000
7153,876234,7070
7154,1587,500000
7155,876234,7720
7156,876234,7030
7157,1587,500000
7158,1587,500000
7159,1587,500000
7160,1587,500000
7161,1587,500000
7162,1587,500000
7163,1587,500000
7164,876234,4300
7165,876234,12480
7166,876234,6420
7167,1587,500000
7168,1587,500000
7169,876234,113540
7170,876234,14240
7171,876234,11010
7172,1587,500000
7173,876234,7510
7174,876234,5250
7175,876234,5600
7176,1587,500000
7177,1587,500000
7178,876234,8520
7179,1587,500000
7180,876234,7460
7181,1587,500000
7182,1587,500000
7183,1587,500000
7184,1587,500000
7185,876234,13410
7186,1587,500000
7187,1587,500000
7188,1587,500000
7189,1587,500000
7190,876234,7760
7191,1587,500000
7192,876234,11860
7193,1587,500000
7194,876234,7370
7195,1587,500000
7196,876234,4200
7197,1587,500000
7198,876234,4100
7199,1587,500000
7200,876234,7810
7201,1587,500000
7202,1587,500000
7203,876234,10680
7204,1587,500000
7205,1587,500000
7206,1587,500000
7207,876234,5360
7208,876234,8290
7209,876234,7200
7210,1587,500000
7211,876234,8370
7212,876234,9110
7213,876234,4900
7214,876234,22020
7215,1587,500000
7216,1587,500000
7217,1587,500000
7218,1587,500000
7219,1587,500000
7220,876234,6170
7221,1587,500000
7222,1587,500000
7223,1587,500000
7224,876234,6990
7225,876234,7800
7226,876234,6030
7227,1587,500000
7228,876234,8100
7229,876234,7560
7230,1587,500000
7231,1587,500000
7232,876234,11100
7233,1587,500000
7234,1587,500000
7235,1587,500000
7236,876234,7200
7237,876234,6200
7238,876234,9430
7239,876234,10570
7240,876234,7110
7241,1587,500000
7242,876234,7680
7243,876234,7720
7244,876234,29100
7245,876234,7260
7246,1587,500000
7247,1587,500000
7248,1587,500000
7249,876234,8670
7250,1587,500000
7251,1587,500000
7252,876234,5510
7253,876234,8150
7254,876234,5640
7255,876234,15060
7256,1587,500000
7257,1587,500000
7258,876234,8910
7259,876234,8890
7260,1587,500000
7261,876234,11280
7262,876234,6970
7263,1587,500000
7264,1587,500000
7265,876234,10600
7266,1587,500000
7267,876234,7320
7268,1587,500000
7269,876234,9910
7270,1587,500000
7271,876234,5400
7272,876234,14600
7273,1587,500000
7274,876234,6860
7275,1587,500000
7276,876234,10970
7277,876234,8360
7278,876234,9840
7279,1587,500000
7280,1587,500000
7281,1587,500000
7282,876234,5330
7283,876234,8540
7284,876234,30100
7285,1587,500000
7286,876234,16360
7287,876234,5510
7288,876234,8490
7289,1587,500000
7290,876234,8890
7291,876234,3800
7292,876234,5840
7293,876234,13000
7294,1587,500000
7295,1587,500000
7296,876234,10600
7297,1587,500000
7298,876234,7580
7299,876234,12990
7300,1587,500000
7301,876234,21950
7302,876234,5610
7303,1587,500000
7304,1587,500000
7305,1587,500000
7306,1587,500000
7307,1587,500000
7308,876234,9260
7309,1587,500000
7310,1587,500000
7311,876234,6200
7312,1587,500000
7313,876234,9970
7314,1587,500000
7315,1587,500000
7316,876234,83180
7317,876234,11490
7318,1587,500000
7319,1587,500000
7320,876234,6470
7321,1587,500000
7322,876234,7370
7323,876234,6860
7324,876234,5270
7325,1587,500000
7326,876234,6500
7327,1587,500000
7328,1587,500000
7329,1587,500000
7330,1587,500000
7331,876234,9010
7332,876234,11250
7333,1587,500000
7334,1587,500000
7335,1587,500000
7336,876234,21860
7337,1587,500000
7338,1587,500000
7339,876234,8130
7340,876234,5100
7341,876234,24140
7342,876234,9740
7343,1587,500000
7344,1587,500000
7345,876234,14280
7346,876234,6970
7347,876234,8030
7348,1587,500000
7349,1587,500000
7350,876234,5910
7351,876234,9860
7352,876234,31100
7353,1587,500000
7354,1587,500000
7355,876234,10960
7356,876234,22530
7357,876234,10110
7358,876234,7390
7359,1587,500000
7360,876234,11260
7361,876234,5700
7362,1587,500000
7363,876234,38090
7364,876234,5900
7365,1587,500000
7366,876234,5410
7367,1587,500000
7368,876234,6100
7369,876234,4400
7370,1587,500000
7371,876234,10780
7372,876234,12550
7373,876234,7050
7374,1587,500000
7375,1587,500000
7376,876234,14630
7377,1587,500000
7378,1587,500000
7379,1587,500000
7380,1587,500000
7381,876234,9240
7382,876234,6500
7383,1587,500000
7384,876234,8060
7385,876234,6420
7386,876234,9030
7387,1587,500000
7388,876234,11720
7389,876234,10470
7390,876234,3900
7391,1587,500000
7392,1587,500000
7393,1587,500000
7394,876234,6620
7395,876234,4900
7396,876234,6700
7397,876234,7500
7398,876234,9110
7399,1587,500000
7400,876234,5900
7401,1587,500000
7402,876234,14300
7403,876234,6820
7404,876234,9300
7405,1587,500000
7406,1587,500000
7407,876234,5700
7408,1587,500000
7409,876234,6100
7410,876234,9120
7411,1587,500000
7412,1587,500000
7413,876234,10180
7414,1587,500000
7415,1587,500000
7416,876234,14350
7417,1587,500000
7418,1587,500000
7419,876234,9110
7420,1587,500000
7421,1587,500000
7422,1587,500000
7423,1587,500000
7424,876234,9010
7425,1587,500000
7426,1587,500000
7427,876234,7950
7428,876234,6390
7429,1587,500000
7430,1587,500000
7431,876234,7500
7432,876234,6730
7433,876234,6030
7434,1587,500000
7435,1587,500000
7436,876234,4390
7437,1587,500000
7438,876234,8320
7439,876234,7330
7440,1587,500000
7441,1587,500000
7442,876234,9250
7443,1587,500000
7444,1587,500000
7445,876234,3500
7446,876234,5200
7447,876234,6740
7448,876234,8100
7449,1587,500000
7450,1587,500000
7451,876234,5840
7452,1587,500000
7453,1587,500000
7454,1587,500000
7455,1587,500000
7456,876234,8340
7457,1587,500000
7458,876234,8410
7459,876234,11020
7460,1587,500000
7461,876234,12120
7462,1587,500000
7463,1587,500000
7464,876234,7260
7465,1587,500000
7466,1587,500000
7467,876234,7780
7468,1587,500000
7469,1587,500000
7470,1587,500000
7471,876234,7330
7472,1587,500000
7473,876234,8990
7474,876234,30900
7475,876234,5850
7476,876234,10190
7477,1587,500000
7478,1587,500000
7479,876234,11260
7480,1587,500000
7481,1587,500000
7482,876234,6840
7483,876234,7160
7484,876234,8790
7485,876234,15710
7486,1587,500000
7487,1587,500000
7488,876234,7870
7489,1587,500000
7490,1587,500000
7491,876234,14520
7492,1587,500000
7493,1587,500000
7494,876234,6280
7495,876234,10200
7496,1587,500000
7497,1587,500000
7498,1587,500000
7499,876234,11400
7500,876234,10410
7501,1587,500000
7502,1587,500000
7503,876234,10230
7504,1587,500000
7505,1587,500000
7506,876234,7570
7507,876234,10560
7508,1587,500000
7509,1587,500000
7510,1587,500000
7511,876234,10550
7512,1587,500000
7513,876234,5200
7514,1587,500000
7515,876234,6820
7516,1587,500000
7517,876234,16080
7518,1587,500000
7519,1587,500000
7520,876234,7550
7521,876234,5700
7522,876234,8840
7523,1587,500000
7524,1587,500000
7525,876234,8010
7526,1587,500000
7527,1587,500000
7528,1587,500000
7529,1587,500000
7530,1587,500000
7531,1587,500000
7532,1587,500000
7533,1587,500000
7534,876234,6990
7535,1587,500000
7536,876234,7200
7537,1587,500000
7538,876234,6460
7539,876234,8680
7540,1587,500000
7541,876234,5700
7542,1587,500000
7543,1587,500000
7544,1587,500000
7545,876234,5520
7546,876234,10850
7547,1587,500000
7548,876234,9390
7549,876234,9060
7550,876234,8960
7551,1587,500000
7552,1587,500000
7553,876234,7300
7554,1587,500000
7555,1587,500000
7556,876234,7550
7557,1587,500000
7558,876234,5100
7559,1587,500000
7560,1587,500000
7561,876234,2820
7562,1587,500000
7563,876234,6790
7564,1587,500000
7565,876234,9520
7566,1587,500000
7567,1587,500000
7568,1587,500000
7569,1587,500000
7570,876234,7400
7571,1587,500000
7572,876234,4700
7573,876234,14690
7574,876234,3200
7575,876234,6930
7576,1587,500000
7577,876234,13300
7578,1587,500000
7579,876234,12650
7580,876234,8170
7581,1587,500000
7582,876234,7290
7583,1587,500000
7584,876234,6710
7585,876234,7900
7586,876234,10770
7587,1587,500000
7588,876234,11200
7589,876234,9050
7590,1587,500000
7591,876234,16780
7592,876234,9810
7593,1587,500000
7594,1587,500000
7595,876234,11670
7596,1587,500000
7597,876234,6390
7598,1587,500000
7599,1587,500000
7600,1587,500000
7601,876234,8710
7602,1587,500000
7603,1587,500000
7604,1587,500000
7605,876234,5000
7606,876234,6870
7607,1587,500000
7608,876234,10540
7609,876234,6590
7610,1587,500000
7611,1587,500000
7612,876234,7020
7613,1587,500000
7614,1587,500000
7615,1587,500000
7616,876234,6500
7617,876234,7520
7618,1587,500000
7619,1587,500000
7620,1587,500000
7621,1587,500000
7622,1587,500000
7623,876234,10910
7624,876234,12050
7625,876234,8260
7626,1587,500000
7627,876234,4770
7628,1587,500000
7629,876234,6440
7630,1587,500000
7631,1587,500000
7632,876234,9110
7633,876234,11500
7634,876234,11700
7635,1587,500000
7636,1587,500000
7637,1587,500000
7638,1587,500000
7639,1587,500000
7640,876234,12580
7641,876234,6280
7642,1587,500000
7643,1587,500000
7644,876234,10270
7645,876234,4400
7646,1587,500000
7647,876234,17050
7648,1587,500000
7649,876234,11190
7650,1587,500000
7651,1587,500000
7652,1587,500000
7653,876234,32050
7654,876234,5100
7655,1587,500000
7656,876234,7570
7657,1587,500000
7658,876234,10350
7659,876234,5000
7660,876234,6910
7661,876234,13310
7662,876234,9370
7663,876234,5800
7664,1587,500000
7665,876234,5310
7666,1587,500000
7667,876234,5200
7668,876234,9160
7669,1587,500000
7670,1587,500000
7671,876234,7430
7672,876234,5280
7673,876234,8300
7674,876234,9370
7675,1587,500000
7676,876234,10770
7677,1587,500000
7678,1587,500000
7679,876234,16840
7680,876234,21790
7681,1587,500000
7682,876234,10920
7683,876234,11200
7684,1587,500000
7685,876234,6870
7686,876234,9570
7687,876234,8200
7688,1587,500000
7689,876234,7770
7690,1587,500000
7691,1587,500000
7692,876234,7140
7693,876234,13490
7694,876234,23930
7695,1587,500000
7696,876234,9650
7697,1587,500000
7698,1587,500000
7699,1587,500000
7700,1587,500000
7701,876234,8670
7702,876234,5900
7703,876234,5780
7704,876234,9940
7705,876234,6900
7706,876234,7930
7707,1587,500000
7708,876234,14200
7709,876234,8000
7710,1587,500000
7711,1587,500000
7712,876234,14770
7713,1587,500000
7714,1587,500000
7715,876234,7010
7716,1587,500000
7717,1587,500000
7718,876234,7170
7719,1587,500000
7720,1587,500000
7721,1587,500000
7722,1587,500000
7723,1587,500000
7724,876234,7600
7725,1587,500000
7726,876234,6080
7727,1587,500000
7728,1587,500000
7729,876234,8800
7730,876234,4700
7731,876234,8280
7732,1587,500000
7733,876234,12570
7734,1587,500000
7735,876234,11210
7736,876234,8600
7737,1587,500000
7738,1587,500000
7739,876234,8310
7740,1587,500000
7741,1587,500000
7742,876234,20010
7743,876234,8480
7744,876234,8140
7745,1587,500000
7746,1587,500000
7747,1587,500000
7748,1587,500000
7749,876234,6020
7750,876234,14940
7751,1587,500000
7752,1587,500000
7753,1587,500000
7754,1587,500000
7755,1587,500000
7756,1587,500000
7757,876234,8390
7758,1587,500000
7759,1587,500000
7760,876234,10610
7761,1587,500000
7762,1587,500000
7763,1587,500000
7764,876234,9730
7765,876234,8880
7766,876234,8930
7767,1587,500000
7768,876234,6600
7769,1587,500000
7770,1587,500000
7771,1587,500000
7772,1587,500000
7773,876234,8910
7774,876234,8740
7775,1587,500000
7776,876234,6930
7777,1587,500000
7778,1587,500000
7779,876234,11130
7780,876234,156680
7781,1587,500000
7782,1587,500000
7783,1587,500000
7784,876234,7680
7785,876234,7080
7786,876234,7780
7787,876234,8020
7788,1587,500000
7789,876234,6030
7790,1587,500000
7791,1587,500000
7792,1587,500000
7793,1587,500000
7794,1587,500000
7795,876234,6670
7796,1587,500000
7797,1587,500000
7798,876234,10800
7799,1587,500000
7800,1587,500000
7801,1587,500000
7802,876234,15080
7803,876234,9770
7804,876234,4800
7805,1587,500000
7806,876234,4400
7807,876234,4890
7808,1587,500000
7809,1587,500000
7810,876234,9790
7811,1587,500000
7812,1587,500000
7813,1587,500000
7814,876234,11280
7815,876234,5110
7816,1587,500000
7817,876234,7940
7818,1587,500000
7819,1587,500000
7820,876234,18100
7821,1587,500000
7822,1587,500000
7823,1587,500000
7824,1587,500000
7825,876234,27210
7826,1587,500000
7827,876234,8280
7828,1587,500000
7829,1587,500000
7830,876234,7840
7831,1587,500000
7832,1587,500000
7833,1587,500000
7834,876234,10810
7835,1587,500000
7836,876234,6400
7837,876234,5250
7838,876234,6350
7839,876234,8500
7840,1587,500000
7841,876234,13510
7842,876234,3200
7843,1587,500000
7844,1587,500000
7845,1587,500000
7846,876234,8830
7847,1587,500000
7848,876234,15530
7849,1587,500000
7850,1587,500000
7851,876234,6130
7852,876234,5500
7853,876234,8400
7854,1587,500000
7855,876234,7060
7856,1587,500000
7857,1587,500000
7858,1587,500000
7859,1587,500000
7860,876234,7540
7861,1587,500000
7862,876234,10760
7863,1587,500000
7864,1587,500000
7865,876234,10060
7866,876234,4130
7867,1587,500000
7868,1587,500000
7869,1587,500000
7870,1587,500000
7871,876234,18310
7872,1587,500000
7873,1587,500000
7874,1587,500000
7875,876234,14400
7876,1587,500000
7877,876234,7480
7878,876234,6730
7879,1587,500000
7880,876234,28900
7881,1587,500000
7882,876234,9530
7883,1587,500000
7884,1587,500000
7885,1587,500000
7886,1587,500000
7887,876234,4800
7888,1587,500000
7889,1587,500000
7890,876234,8710
7891,876234,13020
7892,1587,500000
7893,1587,500000
7894,876234,6770
7895,1587,500000
7896,1587,500000
7897,1587,500000
7898,1587,500000
7899,876234,11110
7900,1587,500000
7901,1587,500000
7902,1587,500000
7903,1587,500000
7904,876234,14570
7905,1587,500000
7906,1587,500000
7907,1587,500000
7908,876234,9930
7909,876234,6560
7910,1587,500000
7911,876234,3500
7912,1587,500000
7913,1587,500000
7914,876234,9020
7915,876234,9700
7916,876234,4900
7917,1587,500000
7918,876234,16030
7919,1587,500000
7920,1587,500000
7921,1587,500000
7922,876234,13560
7923,1587,500000
7924,1587,500000
7925,876234,9880
7926,876234,7370
7927,1587,500000
7928,1587,500000
7929,1587,500000
7930,876234,8820
7931,1587,500000
7932,1587,500000
7933,1587,500000
7934,876234,8300
7935,1587,500000
7936,876234,6380
7937,1587,500000
7938,1587,500000
7939,876234,4500
7940,1587,500000
7941,876234,8340
7942,1587,500000
7943,876234,14470
7944,876234,6820
7945,876234,6740
7946,1587,500000
7947,876234,7670
7948,1587,500000
7949,1587,500000
7950,1587,500000
7951,876234,7180
7952,1587,500000
7953,1587,500000
7954,1587,500000
7955,876234,7940
7956,1587,500000
7957,1587,500000
7958,1587,500000
7959,876234,8410
7960,876234,44640
7961,1587,500000
7962,1587,500000
7963,1587,500000
7964,876234,14050
7965,1587,500000
7966,1587,500000
7967,876234,14880
7968,1587,500000
7969,1587,500000
7970,1587,500000
7971,1587,500000
7972,876234,5200
7973,1587,500000
7974,1587,500000
7975,876234,5890
7976,1587,500000
7977,876234,9310
7978,1587,500000
7979,1587,500000
7980,1587,500000
7981,876234,10160
7982,1587,500000
7983,876234,3900
7984,876234,8590
7985,1587,500000
7986,876234,7790
7987,1587,500000
7988,876234,8130
7989,1587,500000
7990,1587,500000
7991,876234,15540
7992,1587,500000
7993,1587,500000
7994,1587,500000
7995,1587,500000
7996,1587,500000
7997,1587,500000
7998,876234,8610
7999,1587,500000
8000,876234,12520
8001,1587,500000
8002,876234,32350
8003,1587,500000
8004,1587,500000
8005,876234,5130
8006,1587,500000
8007,876234,5680
8008,1587,500000
8009,876234,9170
8010,1587,500000
8011,876234,12050
8012,876234,8710
8013,1587,500000
8014,1587,500000
8015,1587,500000
8016,1587,500000
8017,876234,15900
8018,876234,12360
8019,876234,18960
8020,1587,500000
8021,876234,6160
8022,876234,7440
8023,1587,500000
8024,876234,9710
8025,1587,500000
8026,876234,105600
8027,1587,500000
8028,1587,500000
8029,876234,7610
8030,1587,500000
8031,1587,500000
8032,1587,500000
8033,1587,500000
8034,1587,500000
8035,1587,500000
8036,1587,500000
8037,876234,7820
8038,876234,9520
8039,876234,13380
8040,876234,5860
8041,1587,500000
8042,1587,500000
8043,1587,500000
8044,1587,500000
8045,1587,500000
8046,1587,500000
8047,876234,7810
8048,1587,500000
8049,876234,8290
8050,876234,16040
8051,1587,500000
8052,876234,2900
8053,1587,500000
8054,1587,500000
8055,1587,500000
8056,1587,500000
8057,876234,5620
8058,1587,500000
8059,1587,500000
8060,1587,500000
8061,1587,500000
8062,1587,500000
8063,1587,500000
8064,876234,11400
8065,876234,8780
8066,1587,500000
8067,876234,14690
8068,1587,500000
8069,1587,500000
8070,876234,7320
8071,876234,19270
8072,1587,500000
8073,876234,24150
8074,876234,19920
8075,1587,500000
8076,1587,500000
8077,876234,7240
8078,1587,500000
8079,1587,500000
8080,876234,3300
8081,876234,5000
8082,876234,22450
8083,1587,500000
8084,1587,500000
8085,1587,500000
8086,876234,7480
8087,1587,500000
8088,876234,22170
8089,876234,23800
8090,1587,500000
8091,876234,6920
8092,876234,9020
8093,876234,6600
8094,1587,500000
8095,876234,6930
8096,876234,7150
8097,876234,9260
8098,1587,500000
8099,1587,500000
8100,876234,8900
8101,876234,8010
8102,876234,8200
8103,1587,500000
8104,1587,500000
8105,1587,500000
8106,876234,5460
8107,876234,3200
8108,1587,500000
8109,876234,8700
8110,1587,500000
8111,876234,22480
8112,1587,500000
8113,1587,500000
8114,876234,14250
8115,876234,8700
8116,1587,500000
8117,1587,500000
8118,1587,500000
8119,876234,7980
8120,876234,10140
8121,1587,500000
8122,1587,500000
8123,1587,500000
8124,876234,7180
8125,876234,4600
8126,1587,500000
8127,876234,6920
8128,876234,8490
8129,1587,500000
8130,876234,6920
8131,1587,500000
8132,1587,500000
8133,1587,500000
8134,1587,500000
8135,876234,9880
8136,1587,500000
8137,1587,500000
8138,1587,500000
8139,876234,10110
8140,1587,500000
8141,1587,500000
8142,1587,500000
8143,876234,10190
8144,876234,33560
8145,1587,500000
8146,876234,11930
8147,876234,8100
8148,876234,6900
8149,876234,6630
8150,1587,500000
8151,1587,500000
8152,876234,10110
8153,1587,500000
8154,876234,5180
8155,1587,500000
8156,1587,500000
8157,876234,11870
8158,876234,6710
8159,1587,500000
8160,876234,8010
8161,1587,500000
8162,1587,500000
8163,1587,500000
8164,876234,8200
8165,876234,7010
8166,1587,500000
8167,876234,7580
8168,876234,11650
8169,876234,7660
8170,1587,500000
8171,1587,500000
8172,1587,500000
8173,1587,500000
8174,876234,5400
8175,876234,9930
8176,1587,500000
8177,876234,5760
8178,1587,500000
8179,1587,500000
8180,876234,8920
8181,1587,500000
8182,876234,33550
8183,876234,5660
8184,876234,7820
8185,1587,500000
8186,1587,500000
8187,876234,7010
8188,1587,500000
8189,1587,500000
8190,1587,500000
8191,876234,6160
8192,1587,500000
8193,1587,500000
8194,876234,7880
8195,876234,6210
8196,1587,500000
8197,876234,7950
8198,1587,500000
8199,876234,9580
8200,1587,500000
8201,1587,500000
8202,1587,500000
8203,1587,500000
8204,1587,500000
8205,876234,7200
8206,1587,500000
8207,1587,500000
8208,876234,309130
8209,1587,500000
8210,1587,500000
8211,1587,500000
8212,1587,500000
8213,876234,14720
8214,876234,89140
8215,1587,500000
8216,876234,12410
8217,876234,6110
8218,1587,500000
8219,876234,17540
8220,1587,500000
8221,876234,21150
8222,1587,500000
8223,1587,500000
8224,876234,8900
8225,1587,500000
8226,876234,4810
8227,876234,8990
8228,876234,7170
8229,876234,4400
8230,1587,500000
8231,876234,7420
8232,1587,500000
8233,1587,500000
8234,1587,500000
8235,876234,5400
8236,876234,9430
8237,876234,6230
8238,1587,500000
8239,1587,500000
8240,876234,7580
8241,876234,4600
8242,876234,6960
8243,1587,500000
8244,876234,6820
8245,1587,500000
8246,876234,8660
8247,1587,500000
8248,876234,11590
8249,876234,10100
8250,876234,7930
8251,1587,500000
8252,1587,500000
8253,1587,500000
8254,876234,4500
8255,876234,5300
8256,1587,500000
8257,1587,500000
8258,876234,7110
8259,1587,500000
8260,1587,500000
8261,1587,500000
8262,876234,35900
8263,1587,500000
8264,1587,500000
8265,876234,9830
8266,876234,6980
8267,1587,500000
8268,876234,6700
8269,1587,500000
8270,876234,9010
8271,876234,12620
8272,876234,82840
8273,876234,3900
8274,876234,8650
8275,876234,8380
8276,1587,500000
8277,1587,500000
8278,1587,500000
8279,1587,500000
8280,876234,7280
8281,1587,500000
8282,876234,6290
8283,876234,10700
8284,876234,5200
8285,1587,500000
8286,876234,6480
8287,1587,500000
8288,1587,500000
8289,876234,9300
8290,1587,500000
8291,876234,10620
8292,876234,12250
8293,876234,7730
8294,1587,500000
8295,1587,500000
8296,876234,11140
8297,876234,6090
8298,1587,500000
8299,1587,500000
8300,1587,500000
8301,876234,8260
8302,1587,500000
8303,876234,8490
8304,876234,7510
8305,1587,500000
8306,1587,500000
8307,1587,500000
8308,876234,8390
8309,876234,7440
8310,876234,14410
8311,1587,500000
8312,876234,2700
8313,1587,500000
8314,1587,500000
8315,1587,500000
8316,876234,10550
8317,1587,500000
8318,876234,7000
8319,1587,500000
8320,1587,500000
8321,876234,5400
8322,876234,5300
8323,1587,500000
8324,1587,500000
8325,876234,6950
8326,1587,500000
8327,1587,500000
8328,876234,6670
8329,1587,500000
8330,1587,500000
8331,1587,500000
8332,1587,500000
8333,1587,500000
8334,876234,12960
8335,876234,10100
8336,1587,500000
8337,1587,500000
8338,876234,6300
8339,876234,8380
8340,876234,7470
8341,1587,500000
8342,876234,6790
8343,876234,9670
8344,876234,8630
8345,876234,10930
8346,876234,8350
8347,876234,4200
8348,1587,500000
8349,1587,500000
8350,876234,6440
8351,1587,500000
8352,876234,4000
8353,1587,500000
8354,1587,500000
8355,876234,6890
8356,1587,500000
8357,1587,500000
8358,1587,500000
8359,876234,6600
8360,1587,500000
8361,1587,500000
8362,876234,5100
8363,1587,500000
8364,1587,500000
8365,1587,500000
8366,1587,500000
8367,876234,6630
8368,876234,5100
8369,876234,13110
8370,1587,500000
8371,876234,17520
8372,1587,500000
8373,1587,500000
8374,1587,500000
8375,876234,11350
8376,1587,500000
8377,876234,7400
8378,876234,10800
8379,876234,6870
8380,876234,6910
8381,876234,8610
8382,1587,500000
8383,1587,500000
8384,1587,500000
8385,876234,9710
8386,876234,3900
8387,1587,500000
8388,1587,500000
8389,1587,500000
8390,876234,8180
8391,876234,8440
8392,876234,15750
8393,1587,500000
8394,876234,6330
8395,1587,500000
8396,1587,500000
8397,1587,500000
8398,1587,500000
8399,876234,6440
8400,1587,500000
8401,1587,500000
8402,1587,500000
8403,876234,5810
8404,1587,500000
8405,876234,22140
8406,876234,6280
8407,876234,6590
8408,1587,500000
8409,1587,500000
8410,1587,500000
8411,876234,6350
8412,1587,500000
8413,876234,6420
8414,1587,500000
8415,1587,500000
8416,876234,6240
8417,876234,7040
8418,876234,4300
8419,1587,500000
8420,876234,8090
8421,1587,500000
8422,1587,500000
8423,876234,28410
8424,876234,3700
8425,1587,500000
8426,1587,500000
8427,876234,78400
8428,1587,500000
8429,1587,500000
8430,876234,10270
8431,876234,16340
8432,1587,500000
8433,1587,500000
8434,876234,12080
8435,1587,500000
8436,876234,5490
8437,876234,19340
8438,1587,500000
8439,876234,56840
8440,876234,6530
8441,1587,500000
8442,1587,500000
8443,1587,500000
8444,1587,500000
8445,876234,11660
8446,876234,17850
8447,1587,500000
8448,1587,500000
8449,876234,12080
8450,876234,17660
8451,1587,500000
8452,1587,500000
8453,1587,500000
8454,876234,9400
8455,1587,500000
8456,876234,6580
8457,1587,500000
8458,1587,500000
8459,876234,31550
8460,1587,500000
8461,876234,9400
8462,1587,500000
8463,1587,500000
8464,1587,500000
8465,876234,13980
8466,876234,8790
8467,1587,500000
8468,1587,500000
8469,876234,8800
8470,876234,9170
8471,1587,500000
8472,1587,500000
8473,1587,500000
8474,1587,500000
8475,876234,9370
8476,1587,500000
8477,876234,11760
8478,876234,14210
8479,876234,7530
8480,1587,500000
8481,1587,500000
8482,876234,7270
8483,1587,500000
8484,1587,500000
8485,876234,6410
8486,1587,500000
8487,1587,500000
8488,876234,7230
8489,1587,500000
8490,876234,7970
8491,1587,500000
8492,1587,500000
8493,1587,500000
8494,876234,10520
8495,1587,500000
8496,1587,500000
8497,1587,500000
8498,876234,9220
8499,1587,500000
8500,876234,38020
8501,876234,7500
8502,1587,500000
8503,1587,500000
8504,876234,11570
8505,1587,500000
8506,1587,500000
8507,1587,500000
8508,876234,9370
8509,1587,500000
8510,1587,500000
8511,1587,500000
8512,1587,500000
8513,1587,500000
8514,876234,7950
8515,876234,5700
8516,876234,16700
8517,876234,5630
8518,1587,500000
8519,876234,10350
8520,876234,10850
8521,1587,500000
8522,1587,500000
8523,876234,8330
8524,876234,8470
8525,1587,500000
8526,1587,500000
8527,1587,500000
8528,1587,500000
8529,1587,500000
8530,876234,6620
8531,876234,14900
8532,876234,6350
8533,876234,7670
8534,876234,7670
8535,876234,8780
8536,1587,500000
8537,1587,500000
8538,876234,7590
8539,1587,500000
8540,1587,500000
8541,1587,500000
8542,1587,500000
8543,876234,9150
8544,1587,500000
8545,876234,14330
8546,876234,10680
8547,876234,9090
8548,876234,7920
8549,1587,500000
8550,1587,500000
8551,876234,11600
8552,876234,3400
8553,1587,500000
8554,1587,500000
8555,876234,14890
8556,1587,500000
8557,876234,7200
8558,1587,500000
8559,876234,10390
8560,876234,4800
8561,876234,6450
8562,1587,500000
8563,876234,5810
8564,876234,9500
8565,1587,500000
8566,1587,500000
8567,1587,500000
8568,1587,500000
8569,1587,500000
8570,1587,500000
8571,1587,500000
8572,876234,6630
8573,876234,8550
8574,876234,7040
8575,876234,9950
8576,876234,10030
8577,1587,500000
8578,1587,500000
8579,876234,6980
8580,1587,500000
8581,876234,14030
8582,876234,8040
8583,876234,7550
8584,1587,500000
8585,1587,500000
8586,1587,500000
8587,1587,500000
8588,876234,10640
8589,876234,6580
8590,1587,500000
8591,1587,500000
8592,1587,500000
8593,876234,9400
8594,1587,500000
8595,876234,9280
8596,876234,11200
8597,1587,500000
8598,1587,500000
8599,876234,6200
8600,1587,500000
8601,1587,500000
8602,876234,6600
8603,876234,6200
8604,876234,8880
8605,876234,12550
8606,1587,500000
8607,1587,500000
8608,1587,500000
8609,1587,500000
8610,1587,500000
8611,1587,500000
8612,1587,500000
8613,876234,3600
8614,876234,7160
8615,876234,3700
8616,1587,500000
8617,876234,5960
8618,876234,4900
8619,1587,500000
8620,876234,7400
8621,876234,8500
8622,876234,32120
8623,1587,500000
8624,876234,6720
8625,876234,6240
8626,876234,32630
8627,1587,500000
8628,1587,500000
8629,1587,500000
8630,876234,35080
8631,1587,500000
8632,1587,500000
8633,876234,11100
8634,876234,12530
8635,876234,11580
8636,876234,16740
8637,1587,500000
8638,1587,500000
8639,1587,500000
8640,1587,500000
8641,1587,500000
8642,876234,9220
8643,1587,500000
8644,1587,500000
8645,1587,500000
8646,1587,500000
8647,876234,5030
8648,876234,9820
8649,876234,13380
8650,876234,7440
8651,1587,500000
8652,1587,500000
8653,1587,500000
8654,1587,500000
8655,1587,500000
8656,876234,7890
8657,1587,500000
8658,876234,6770
8659,876234,5280
8660,876234,8120
8661,876234,10330
8662,1587,500000
8663,1587,500000
8664,876234,7160
8665,876234,8030
8666,876234,9450
8667,876234,8700
8668,1587,500000
8669,876234,7640
8670,1587,500000
8671,876234,10930
8672,876234,6880
8673,1587,500000
8674,1587,500000
8675,1587,500000
8676,876234,5450
8677,1587,500000
8678,876234,9310
8679,876234,6750
8680,1587,500000
8681,876234,9090
8682,876234,5950
8683,1587,500000
8684,1587,500000
8685,876234,6160
8686,1587,500000
8687,1587,500000
8688,1587,500000
8689,1587,500000
8690,1587,500000
8691,1587,500000
8692,1587,500000
8693,1587,500000
8694,876234,5930
8695,1587,500000
8696,876234,8140
8697,876234,7720
8698,1587,500000
8699,1587,500000
8700,1587,500000
8701,876234,7100
8702,876234,7520
8703,876234,8900
8704,876234,5970
8705,876234,16900
8706,1587,500000
8707,876234,10070
8708,876234,6790
8709,1587,500000
8710,1587,500000
8711,1587,500000
8712,876234,7610
8713,876234,7890
8714,876234,6500
8715,1587,500000
8716,876234,7750
8717,1587,500000
8718,876234,59620
8719,1587,500000
8720,1587,500000
8721,1587,500000
8722,1587,500000
8723,1587,500000
8724,876234,6510
8725,876234,13350
8726,876234,18050
8727,1587,500000
8728,876234,7390
8729,1587,500000
8730,876234,7100
8731,1587,500000
8732,1587,500000
8733,1587,500000
8734,1587,500000
8735,876234,5800
8736,1587,500000
8737,1587,500000
8738,1587,500000
8739,1587,500000
8740,876234,9090
8741,1587,500000
8742,1587,500000
8743,876234,18770
8744,876234,16660
8745,1587,500000
8746,1587,500000
8747,876234,14580
8748,876234,8180
8749,1587,500000
8750,1587,500000
8751,1587,500000
8752,876234,5600
8753,1587,500000
8754,876234,5440
8755,1587,500000
8756,876234,10810
8757,1587,500000
8758,1587,500000
8759,1587,500000
8760,1587,500000
8761,1587,500000
8762,1587,500000
8763,876234,12200
8764,1587,500000
8765,876234,7510
8766,876234,22160
8767,876234,8010
8768,1587,500000
8769,1587,500000
8770,1587,500000
8771,1587,500000
8772,1587,500000
8773,876234,6220
8774,876234,5470
8775,1587,500000
8776,1587,500000
8777,876234,5010
8778,1587,500000
8779,876234,6250
8780,876234,4500
8781,876234,4860
8782,1587,500000
8783,1587,500000
8784,1587,500000
8785,876234,6980
8786,876234,6780
8787,1587,500000
8788,876234,6950
8789,1587,500000
8790,876234,2710
8791,1587,500000
8792,876234,6270
8793,1587,500000
8794,1587,500000
8795,1587,500000
8796,1587,500000
8797,876234,9370
8798,1587,500000
8799,876234,9740
8800,1587,500000
8801,1587,500000
8802,876234,7550
8803,19702676,200
8804,17488077,670
8805,19702676,480
8806,17488077,670
8807,876234,7270
8808,17488077,530
8809,19702676,380
8810,17488077,500
8811,1587,500000
8812,876234,5770
8813,19702676,270
8814,19702676,150
8815,1587,500000
8816,1587,500000
8817,17488077,600
8818,19702676,460
8819,876234,7600
8820,1587,500000
8821,17488077,600
8822,17488077,670
8823,17488077,840
8824,876234,5990
8825,19702676,200
8826,1587,500000
8827,19702676,400
8828,17488077,530
8829,876234,7370
8830,17488077,600
8831,876234,5180
8832,19702676,400
8833,17488077,530
8834,1587,500000
8835,876234,9310
8836,876234,7180
8837,876234,8650
8838,19702676,320
8839,1587,500000
8840,19702676,160
8841,876234,8280
8842,17488077,600
8843,876234,12030
8844,19702676,480
8845,17488077,750
8846,876234,7100
8847,17488077,600
8848,17488077,530
8849,19702676,150
8850,19702676,290
8851,1587,500000
8852,876234,7400
8853,1587,500000
8854,1587,500000
8855,19702676,290
8856,19702676,400
8857,19702676,320
8858,19702676,400
8859,1587,500000
8860,19702676,150
8861,19702676,290
8862,17488077,600
8863,17488077,530
8864,19702676,210
8865,19702676,180
8866,17488077,530
8867,17488077,670
8868,876234,9570
8869,876234,12560
8870,1587,500000
8871,17488077,600
8872,19702676,150
8873,1587,500000
8874,19702676,400
8875,19702676,210
8876,1587,500000
8877,19702676,110
8878,19702676,200
8879,17488077,600
8880,876234,5240
8881,19702676,200
8882,19702676,110
8883,17488077,670
8884,17488077,840
8885,19702676,290
8886,19702676,290
8887,19702676,260
8888,17488077,670
8889,876234,6240
8890,19702676,400
8891,17488077,600
8892,19702676,200
8893,1587,500000
8894,17488077,670
8895,17488077,530
8896,19702676,380
8897,19702676,290
8898,19702676,150
8899,19702676,150
8900,17488077,500
8901,876234,4870
8902,1587,500000
8903,19702676,270
8904,19702676,260
8905,19702676,400
8906,17488077,840
8907,876234,6640
8908,19702676,320
8909,1587,500000
8910,19702676,290
8911,19702676,200
8912,876234,21480
8913,17488077,670
8914,19702676,330
8915,1587,500000
8916,1587,500000
8917,19702676,380
8918,17488077,670
8919,19702676,290
8920,19702676,290
8921,1587,500000
8922,876234,6000
8923,1587,500000
8924,19702676,380
8925,1587,500000
8926,876234,9670
8927,19702676,400
8928,17488077,840
8929,876234,8240
8930,876234,7900
8931,17488077,840
8932,17488077,530
8933,19702676,200
8934,19702676,480
8935,1587,500000
8936,876234,7280
8937,1587,500000
8938,876234,7070
8939,1587,500000
8940,876234,9280
8941,19702676,290
8942,1587,500000
8943,876234,9200
8944,1587,500000
8945,17488077,550
8946,17488077,600
8947,17488077,760
8948,1587,500000
8949,19702676,150
8950,1587,500000
8951,17488077,860
8952,19702676,290
8953,1587,500000
8954,19702676,480
8955,19702676,320
8956,1587,500000
8957,19702676,320
8958,17488077,670
8959,876234,9520
8960,876234,6550
8961,876234,10180
8962,19702676,400
8963,1587,500000
8964,1587,500000
8965,19702676,480
8966,17488077,610
8967,1587,500000
8968,1587,500000
8969,19702676,290
8970,19702676,300
8971,19702676,400
8972,19702676,200
8973,19702676,200
8974,876234,9310
8975,876234,14900
8976,876234,8990
8977,17488077,670
8978,876234,4290
8979,1587,500000
8980,1587,500000
8981,17488077,530
8982,17488077,600
8983,1587,500000
8984,19702676,290
8985,1587,500000
8986,876234,7960
8987,1587,500000
8988,19702676,480
8989,19702676,400
8990,17488077,750
8991,19702676,320
8992,17488077,870
8993,19702676,480
8994,17488077,530
8995,19702676,200
8996,17488077,670
8997,19702676,290
8998,19702676,320
8999,19702676,200
9000,19702676,200
9001,876234,5630
9002,17488077,670
9003,876234,7380
9004,17488077,600
9005,1587,500000
9006,17488077,530
9007,19702676,200
9008,17488077,530
9009,19702676,290
9010,876234,7970
9011,19702676,480
9012,1587,500000
9013,1587,500000
9014,19702676,380
9015,19702676,400
9016,19702676,150
9017,19702676,290
9018,876234,6920
9019,19702676,150
9020,17488077,840
9021,17488077,840
9022,876234,11590
9023,17488077,840
9024,1587,500000
9025,17488077,670
9026,1587,500000
9027,19702676,380
9028,1587,500000
9029,876234,6450
9030,876234,6140
9031,17488077,840
9032,19702676,260
9033,19702676,260
9034,17488077,840
9035,17488077,1050
9036,19702676,480
9037,876234,14040
9038,19702676,110
9039,1587,500000
9040,17488077,530
9041,19702676,480
9042,19702676,150
9043,19702676,260
9044,876234,41080
9045,19702676,290
9046,19702676,480
9047,17488077,840
9048,17488077,530
9049,19702676,320
9050,19702676,380
9051,19702676,400
9052,19702676,260
9053,19702676,480
9054,1587,500000
9055,1587,500000
9056,876234,9070
9057,876234,8450
9058,876234,29930
9059,19702676,290
9060,1587,500000
9061,1587,500000
9062,876234,8620
9063,1587,500000
9064,17488077,600
9065,1587,500000
9066,19702676,160
9067,17488077,840
9068,19702676,400
9069,876234,4470
9070,19702676,320
9071,19702676,320
9072,876234,7730
9073,19702676,320
9074,1587,500000
9075,876234,8200
9076,17488077,600
9077,17488077,600
9078,876234,9120
9079,19702676,220
9080,1587,500000
9081,876234,7410
9082,1587,500000
9083,17488077,670
9084,876234,8830
9085,19702676,380
9086,19702676,320
9087,17488077,530
9088,19702676,290
9089,876234,13540
9090,17488077,530
9091,19702676,200
9092,19702676,110
9093,876234,8890
9094,17488077,750
9095,876234,8650
9096,1587,500000
9097,17488077,670
9098,19702676,400
9099,19702676,200
9100,19702676,220
9101,17488077,670
9102,19702676,260
9103,876234,14020
9104,876234,7520
9105,876234,9670
9106,876234,33290
9107,1587,500000
9108,19702676,200
9109,876234,9600
9110,876234,11970
9111,1587,500000
9112,17488077,530
9113,17488077,670
9114,19702676,300
9115,876234,8210
9116,19702676,210
9117,19702676,290
9118,1587,500000
9119,19702676,290
9120,876234,12770
9121,17488077,860
9122,19702676,480
9123,1587,500000
9124,1587,500000
9125,1587,500000
9126,17488077,610
9127,19702676,210
9128,876234,10460
9129,19702676,320
9130,17488077,750
9131,17488077,600
9132,876234,7590
9133,19702676,290
9134,19702676,320
9135,876234,10730
9136,876234,5770
9137,19702676,200
9138,876234,5120
9139,1587,500000
9140,17488077,600
9141,876234,9660
9142,876234,7220
9143,1587,500000
9144,17488077,670
9145,17488077,670
9146,19702676,400
9147,19702676,200
9148,19702676,400
9149,1587,500000
9150,876234,6540
9151,17488077,840
9152,19702676,400
9153,17488077,530
9154,19702676,400
9155,17488077,840
9156,19702676,150
9157,1587,500000
9158,19702676,420
9159,1587,500000
9160,1587,500000
9161,876234,6280
9162,19702676,150
9163,876234,46020
9164,19702676,150
9165,17488077,1050
9166,19702676,380
9167,17488077,530
9168,17488077,670
9169,17488077,670
9170,19702676,280
9171,1587,500000
9172,19702676,140
9173,1587,500000
9174,1587,500000
9175,19702676,380
9176,19702676,260
9177,17488077,600
9178,19702676,160
9179,19702676,400
9180,19702676,380
9181,19702676,150
9182,876234,8180
9183,19702676,150
9184,1587,500000
9185,1587,500000
9186,19702676,290
9187,17488077,840
9188,19702676,480
9189,19702676,400
9190,19702676,290
9191,19702676,150
9192,19702676,260
9193,1587,500000
9194,19702676,150
9195,1587,500000
9196,876234,8100
9197,876234,7420
9198,19702676,210
9199,17488077,530
9200,1587,500000
9201,19702676,200
9202,19702676,290
9203,876234,7880
9204,19702676,400
9205,876234,8090
9206,19702676,380
9207,876234,6920
9208,19702676,480
9209,1587,500000
9210,17488077,670
9211,17488077,530
9212,876234,11830
9213,876234,6710
9214,17488077,750
9215,1587,500000
9216,19702676,260
9217,1587,500000
9218,19702676,330
9219,19702676,410
9220,1587,500000
9221,19702676,300
9222,876234,33180
9223,1587,500000
9224,1587,500000
9225,19702676,400
9226,1587,500000
9227,19702676,380
9228,19702676,320
9229,19702676,110
9230,19702676,210
9231,19702676,400
9232,17488077,500
9233,876234,8260
9234,1587,500000
9235,19702676,320
9236,19702676,200
9237,876234,7440
9238,17488077,530
9239,17488077,600
9240,19702676,320
9241,876234,10660
9242,19702676,110
9243,19702676,300
9244,17488077,1050
9245,19702676,210
9246,19702676,330
9247,19702676,380
9248,1587,500000
9249,17488077,600
9250,19702676,150
9251,17488077,840
9252,19702676,380
9253,876234,19750
9254,876234,8930
9255,19702676,380
9256,876234,8650
9257,17488077,600
9258,19702676,260
9259,876234,13060
9260,19702676,480
9261,19702676,480
9262,17488077,840
9263,19702676,110
9264,17488077,770
9265,19702676,200
9266,17488077,600
9267,19702676,400
9268,17488077,840
9269,1587,500000
9270,17488077,530
9271,19702676,380
9272,19702676,290
9273,1587,500000
9274,17488077,1300
9275,19702676,260
9276,1587,500000
9277,1587,500000
9278,876234,5900
9279,17488077,530
9280,19702676,260
9281,17488077,840
9282,17488077,840
9283,17488077,670
9284,17488077,530
9285,17488077,600
9286,17488077,540
9287,17488077,670
9288,19702676,260
9289,876234,5720
9290,19702676,290
9291,876234,13200
9292,19702676,290
9293,19702676,320
9294,19702676,480
9295,19702676,480
9296,1587,500000
9297,19702676,400
9298,17488077,530
9299,17488077,670
9300,876234,6800
9301,19702676,400
9302,876234,15120
9303,17488077,840
9304,19702676,200
9305,876234,7450
9306,17488077,600
9307,19702676,110
9308,17488077,500
9309,1587,500000
9310,17488077,840
9311,19702676,400
9312,19702676,320
9313,876234,6440
9314,17488077,670
9315,17488077,530
9316,19702676,200
9317,19702676,290
9318,19702676,380
9319,876234,7070
9320,876234,8360
9321,19702676,400
9322,876234,7380
9323,19702676,260
9324,1587,500000
9325,1587,500000
9326,19702676,320
9327,19702676,290
9328,17488077,750
9329,19702676,200
9330,1587,500000
9331,19702676,480
9332,17488077,620
9333,17488077,530
9334,1587,500000
9335,1587,500000
9336,876234,8580
9337,19702676,320
9338,1587,500000
9339,876234,10130
9340,19702676,260
9341,17488077,600
9342,19702676,200
9343,19702676,200
9344,1587,500000
9345,19702676,290
9346,1587,500000
9347,17488077,690
9348,1587,500000
9349,19702676,380
9350,876234,6440
9351,19702676,290
9352,876234,9100
9353,17488077,600
9354,19702676,290
9355,19702676,290
9356,19702676,380
9357,1587,500000
9358,1587,500000
9359,19702676,110
9360,876234,6710
9361,876234,9730
9362,19702676,320
9363,876234,5680
9364,19702676,400
9365,17488077,750
9366,17488077,530
9367,17488077,670
9368,17488077,840
9369,19702676,290
9370,876234,30570
9371,1587,500000
9372,17488077,600
9373,19702676,290
9374,19702676,320
9375,19702676,380
9376,1587,500000
9377,17488077,610
9378,17488077,600
9379,19702676,260
9380,876234,13600
9381,1587,500000
9382,19702676,110
9383,876234,5460
9384,876234,22860
9385,19702676,290
9386,876234,6150
9387,17488077,600
9388,19702676,480
9389,19702676,200
9390,19702676,260
9391,876234,7630
9392,19702676,260
9393,1587,500000
9394,17488077,600
9395,19702676,380
9396,19702676,120
9397,19702676,320
9398,17488077,530
9399,876234,6780
9400,19702676,290
9401,17488077,840
9402,17488077,840
9403,1587,500000
9404,17488077,840
9405,19702676,290
9406,17488077,670
9407,19702676,400
9408,19702676,320
9409,19702676,380
9410,19702676,150
9411,876234,9790
9412,17488077,600
9413,19702676,320
9414,19702676,480
9415,876234,9180
9416,1587,500000
9417,1587,500000
9418,1587,500000
9419,17488077,530
9420,17488077,530
9421,17488077,670
9422,1587,500000
9423,1587,500000
9424,1587,500000
9425,19702676,260
9426,876234,11550
9427,17488077,670
9428,1587,500000
9429,1587,500000
9430,19702676,290
9431,876234,9040
9432,17488077,1050
9433,17488077,670
9434,1587,500000
9435,876234,17000
9436,19702676,380
9437,1587,500000
9438,1587,500000
9439,19702676,310
9440,17488077,840
9441,17488077,670
9442,1587,500000
9443,1587,500000
9444,19702676,290
9445,19702676,200
9446,19702676,290
9447,19702676,260
9448,876234,6470
9449,19702676,110
9450,19702676,480
9451,1587,500000
9452,19702676,320
9453,876234,5230
9454,876234,5510
9455,19702676,210
9456,19702676,480
9457,17488077,670
9458,1587,500000
9459,876234,18420
9460,1587,500000
9461,17488077,530
9462,1587,500000
9463,19702676,380
9464,876234,10280
9465,19702676,150
9466,1587,500000
9467,17488077,670
9468,19702676,410
9469,19702676,110
9470,17488077,750
9471,19702676,260
9472,19702676,290
9473,19702676,380
9474,876234,23010
9475,1587,500000
9476,17488077,1050
9477,19702676,210
9478,19702676,330
9479,1587,500000
9480,19702676,300
9481,876234,9480
9482,1587,500000
9483,1587,500000
9484,19702676,260
9485,19702676,200
9486,17488077,840
9487,19702676,290
9488,17488077,760
9489,17488077,600
9490,19702676,110
9491,17488077,930
9492,19702676,480
9493,19702676,320
9494,1587,500000
9495,17488077,840
9496,876234,7950
9497,17488077,600
9498,19702676,390
9499,1587,500000
9500,1587,500000
9501,19702676,290
9502,19702676,260
9503,1587,500000
9504,1587,500000
9505,19702676,210
9506,19702676,320
9507,19702676,300
9508,19702676,480
9509,1587,500000
9510,19702676,260
9511,17488077,530
9512,19702676,290
9513,19702676,290
9514,876234,8110
9515,19702676,200
9516,19702676,380
9517,17488077,500
9518,1587,500000
9519,876234,3760
9520,876234,8280
9521,19702676,480
9522,19702676,280
9523,17488077,530
9524,1587,500000
9525,1587,500000
9526,19702676,400
9527,1587,500000
9528,19702676,260
9529,1587,500000
9530,19702676,110
9531,19702676,200
9532,17488077,530
9533,17488077,840
9534,1587,500000
9535,876234,6970
9536,17488077,530
9537,19702676,110
9538,1587,500000
9539,17488077,750
9540,876234,11930
9541,876234,13600
9542,1587,500000
9543,19702676,290
9544,19702676,200
9545,19702676,260
9546,1587,500000
9547,19702676,200
9548,876234,7160
9549,17488077,530
9550,1587,500000
9551,1587,500000
9552,19702676,210
9553,19702676,290
9554,876234,7420
9555,876234,10250
9556,19702676,400
9557,17488077,750
9558,19702676,320
9559,19702676,210
9560,1587,500000
9561,19702676,290
9562,19702676,400
9563,1587,500000
9564,19702676,480
9565,876234,11770
9566,19702676,400
9567,19702676,260
9568,1587,500000
9569,876234,5480
9570,17488077,600
9571,17488077,600
9572,17488077,750
9573,876234,6540
9574,17488077,840
9575,1587,500000
9576,1587,500000
9577,1587,500000
9578,876234,10130
9579,876234,8890
9580,17488077,1050
9581,1587,500000
9582,19702676,110
9583,876234,7910
9584,876234,7640
9585,19702676,430
9586,19702676,150
9587,876234,5900
9588,1587,500000
9589,876234,7840
9590,19702676,320
9591,19702676,380
9592,1587,500000
9593,876234,11660
9594,1587,500000
9595,1587,500000
9596,19702676,320
9597,17488077,670
9598,19702676,490
9599,1587,500000
9600,1587,500000
9601,1587,500000
9602,19702676,200
9603,19702676,110
9604,17488077,530
9605,17488077,840
9606,876234,7480
9607,17488077,840
9608,17488077,600
9609,876234,11260
9610,17488077,840
9611,19702676,400
9612,17488077,620
9613,17488077,530
9614,1587,500000
9615,876234,4810
9616,1587,500000
9617,19702676,400
9618,17488077,840
9619,17488077,1050
9620,19702676,290
9621,19702676,290
9622,17488077,500
9623,19702676,150
9624,1587,500000
9625,17488077,680
9626,1587,500000
9627,19702676,110
9628,17488077,530
9629,1587,500000
9630,19702676,220
9631,17488077,530
9632,19702676,260
9633,1587,500000
9634,19702676,300
9635,876234,10510
9636,1587,500000
9637,17488077,600
9638,19702676,270
9639,19702676,480
9640,17488077,600
9641,19702676,290
9642,1587,500000
9643,19702676,110
9644,17488077,500
9645,19702676,400
9646,19702676,210
9647,19702676,260
9648,19702676,480
9649,1587,500000
9650,17488077,600
9651,19702676,240
9652,876234,14970
9653,19702676,380
9654,1587,500000
9655,19702676,110
9656,17488077,840
9657,876234,84260
9658,19702676,290
9659,17488077,930
9660,1587,500000
9661,19702676,310
9662,17488077,600
9663,1587,500000
9664,19702676,150
9665,17488077,600
9666,19702676,400
9667,19702676,250
9668,876234,7010
9669,1587,500000
9670,19702676,320
9671,1587,500000
9672,19702676,150
9673,19702676,290
9674,19702676,290
9675,1587,500000
9676,19702676,110
9677,19702676,400
9678,19702676,320
9679,876234,7550
9680,19702676,200
9681,17488077,930
9682,19702676,220
9683,1587,500000
9684,1587,500000
9685,19702676,200
9686,876234,12460
9687,17488077,930
9688,19702676,320
9689,19702676,260
9690,876234,10400
9691,19702676,210
9692,1587,500000
9693,876234,10420
9694,876234,8730
9695,19702676,400
9696,19702676,290
9697,1587,500000
9698,19702676,210
9699,19702676,290
9700,1587,500000
9701,19702676,260
9702,876234,6110
9703,17488077,600
9704,17488077,850
9705,19702676,320
9706,19702676,400
9707,1587,500000
9708,1587,500000
9709,19702676,290
9710,19702676,260
9711,1587,500000
9712,19702676,400
9713,876234,6010
9714,1587,500000
9715,1587,500000
9716,19702676,150
9717,876234,7140
9718,876234,7800
9719,19702676,290
9720,1587,500000
9721,1587,500000
9722,1587,500000
9723,17488077,670
9724,1587,500000
9725,19702676,200
9726,1587,500000
9727,1587,500000
9728,17488077,840
9729,1587,500000
9730,19702676,210
9731,876234,10230
9732,19702676,320
9733,17488077,1060
9734,17488077,670
9735,17488077,670
9736,19702676,480
9737,19702676,200
9738,876234,7690
9739,1587,500000
9740,19702676,320
9741,19702676,200
9742,876234,8200
9743,1587,500000
9744,17488077,680
9745,876234,6490
9746,1587,500000
9747,1587,500000
9748,876234,7730
9749,17488077,760
9750,19702676,380
9751,17488077,600
9752,1587,500000
9753,1587,500000
9754,19702676,150
9755,19702676,240
9756,876234,8420
9757,17488077,530
9758,17488077,530
9759,17488077,670
9760,1587,500000
9761,19702676,210
9762,19702676,150
9763,19702676,480
9764,19702676,480
9765,876234,5050
9766,19702676,320
9767,19702676,290
9768,19702676,320
9769,19702676,290
9770,19702676,150
9771,1587,500000
9772,1587,500000
9773,17488077,600
9774,1587,500000
9775,1587,500000
9776,19702676,150
9777,17488077,600
9778,1587,500000
9779,1587,500000
9780,876234,31050
9781,19702676,110
9782,17488077,670
9783,17488077,530
9784,1587,500000
9785,17488077,840
9786,19702676,290
9787,19702676,150
9788,876234,7710
9789,19702676,290
9790,17488077,530
9791,19702676,290
9792,17488077,530
9793,19702676,290
9794,876234,17090
9795,1587,500000
9796,876234,15490
9797,1587,500000
9798,19702676,260
9799,1587,500000
9800,876234,6220
9801,876234,14120
9802,17488077,600
9803,1587,500000
9804,19702676,480
9805,19702676,290
9806,1587,500000
9807,876234,16790
9808,19702676,210
9809,19702676,480
9810,19702676,120
9811,19702676,290
9812,19702676,480
9813,19702676,380
9814,876234,7020
9815,876234,7840
9816,17488077,530
9817,19702676,320
9818,19702676,320
9819,17488077,840
9820,17488077,600
9821,1587,500000
9822,19702676,210
9823,19702676,400
9824,19702676,290
9825,19702676,280
9826,17488077,670
9827,876234,10620
9828,876234,6280
9829,17488077,840
9830,17488077,840
9831,17488077,600
9832,19702676,200
9833,19702676,320
9834,19702676,480
9835,19702676,210
9836,19702676,200
9837,1587,500000
9838,19702676,480
9839,1587,500000
9840,1587,500000
9841,19702676,290
9842,876234,14680
9843,17488077,530
9844,876234,8320
9845,19702676,150
9846,1587,500000
9847,19702676,380
9848,19702676,170
9849,1587,500000
9850,19702676,120
9851,876234,8220
9852,17488077,670
9853,1587,500000
9854,1587,500000
9855,19702676,260
9856,876234,5650
9857,19702676,400
9858,17488077,670
9859,876234,7070
9860,19702676,380
9861,17488077,600
9862,1587,500000
9863,19702676,150
9864,17488077,750
9865,19702676,400
9866,19702676,110
9867,19702676,290
9868,19702676,290
9869,1587,500000
9870,1587,500000
9871,19702676,260
9872,19702676,110
9873,1587,500000
9874,876234,14590
9875,17488077,840
9876,17488077,840
9877,19702676,480
9878,19702676,380
9879,17488077,840
9880,19702676,200
9881,19702676,150
9882,17488077,530
9883,19702676,320
9884,876234,4860
9885,1587,500000
9886,19702676,290
9887,17488077,670
9888,19702676,290
9889,19702676,430
9890,876234,8190
9891,17488077,860
9892,1587,500000
9893,19702676,410
9894,17488077,670
9895,876234,22800
9896,1587,500000
9897,17488077,600
9898,876234,10310
9899,19702676,380
9900,19702676,380
9901,876234,8420
9902,19702676,380
9903,19702676,110
9904,876234,7370
9905,876234,7250
9906,17488077,670
9907,876234,5570
9908,19702676,200
9909,19702676,400
9910,17488077,670
9911,1587,500000
9912,17488077,840
9913,19702676,480
9914,876234,6620
9915,876234,13990
9916,876234,5070
9917,19702676,150
9918,876234,4850
9919,19702676,200
9920,1587,500000
9921,1587,500000
9922,19702676,200
9923,19702676,290
9924,1587,500000
9925,876234,14950
9926,1587,500000
9927,19702676,290
9928,1587,500000
9929,19702676,150
9930,19702676,290
9931,19702676,290
9932,19702676,260
9933,1587,500000
9934,19702676,210
9935,17488077,750
9936,876234,7610
9937,19702676,320
9938,19702676,480
9939,1587,500000
9940,19702676,260
9941,876234,7290
9942,17488077,530
9943,1587,500000
9944,17488077,610
9945,19702676,320
9946,876234,7280
9947,19702676,260
9948,19702676,480
9949,19702676,280
9950,1587,500000
9951,876234,9290
9952,19702676,290
9953,876234,5990
9954,19702676,200
9955,17488077,600
9956,17488077,670
9957,19702676,400
9958,19702676,290
9959,19702676,110
9960,876234,7430
9961,1587,500000
9962,17488077,530
9963,19702676,150
9964,1587,500000
9965,876234,7100
9966,17488077,530
9967,876234,5980
9968,19702676,400
9969,19702676,480
9970,19702676,480
9971,876234,29650
9972,17488077,530
9973,1587,500000
9974,876234,7210
9975,19702676,400
9976,1587,500000
9977,1587,500000
9978,19702676,290
9979,1587,500000
9980,19702676,380
9981,19702676,260
9982,19702676,150
9983,19702676,260
9984,19702676,290
9985,19702676,480
9986,19702676,260
9987,19702676,400
9988,876234,7820
9989,19702676,320
9990,876234,6570
9991,17488077,530
9992,19702676,390
9993,1587,500000
9994,17488077,500
9995,19702676,290
9996,19702676,400
9997,876234,8520
9998,1587,500000
9999,17488077,670
10000,19702676,400
10001,19702676,320
10002,19702676,290
10003,19702676,200
10004,1587,500000
10005,17488077,1080
10006,19702676,150
10007,1587,500000
10008,17488077,840
10009,876234,9860
10010,876234,7630
10011,1587,500000
10012,1587,500000
10013,19702676,320
10014,876234,5660
10015,1587,500000
10016,19702676,200
10017,1587,500000
10018,1587,500000
10019,19702676,290
10020,17488077,670
10021,876234,25690
10022,1587,500000
10023,17488077,600
10024,19702676,480
10025,19702676,320
10026,1587,500000
10027,1587,500000
10028,19702676,290
10029,19702676,480
10030,19702676,260
10031,19702676,110
10032,19702676,380
10033,876234,7110
10034,19702676,150
10035,19702676,290
10036,1587,500000
10037,1587,500000
10038,876234,7830
10039,19702676,290
10040,17488077,760
10041,17488077,750
10042,876234,7020
10043,17488077,840
10044,19702676,310
10045,1587,500000
10046,1587,500000
10047,17488077,1050
10048,19702676,320
10049,1587,500000
10050,19702676,290
10051,19702676,290
10052,876234,7070
10053,19702676,380
10054,876234,7220
10055,19702676,290
10056,19702676,210
10057,19702676,480
10058,1587,500000
10059,1587,500000
10060,1587,500000
10061,17488077,600
10062,17488077,710
10063,1587,500000
10064,1587,500000
10065,876234,13340
10066,1587,500000
10067,17488077,840
10068,876234,6570
10069,876234,4940
10070,17488077,840
10071,19702676,290
10072,876234,8610
10073,1587,500000
10074,876234,7200
10075,19702676,320
10076,19702676,400
10077,17488077,670
10078,17488077,600
10079,1587,500000
10080,19702676,200
10081,17488077,670
10082,19702676,290
10083,1587,500000
10084,19702676,290
10085,19702676,320
10086,17488077,530
10087,1587,500000
10088,19702676,260
10089,17488077,530
10090,17488077,750
10091,1587,500000
10092,19702676,400
10093,1587,500000
10094,1587,500000
10095,17488077,680
10096,17488077,670
10097,17488076,530
10098,17488076,680
10099,19702676,380
10100,876234,9750
10101,17488076,840
10102,19702676,400
10103,19702676,480
10104,19702676,290
10105,876234,31450
10106,1587,500000
10107,17488076,750
10108,1587,500000
10109,876234,13970
10110,19702676,400
10111,876234,8500
10112,19702676,380
10113,19702676,210
10114,19702676,290
10115,876234,4890
10116,876234,5750
10117,19702676,150
10118,19702676,150
10119,1587,500000
10120,19702676,110
10121,19702676,290
10122,1587,500000
10123,19702676,480
10124,19702676,400
10125,19702676,480
10126,19702676,480
10127,1587,500000
10128,1587,500000
10129,19702676,150
10130,1587,500000
10131,19702676,480
10132,19702676,480
10133,1587,500000
10134,19702676,400
10135,876234,9270
10136,19702676,200
10137,17488076,600
10138,17488076,530
10139,19702676,210
10140,1587,500000
10141,876234,6460
10142,876234,6340
10143,19702676,480
10144,19702676,290
10145,1587,500000
10146,17488076,600
10147,876234,8700
10148,876234,10270
10149,876234,32480
10150,19702676,210
10151,17488076,670
10152,17488076,600
10153,17488076,530
10154,876234,16890
10155,1587,500000
10156,1587,500000
10157,19702676,130
10158,19702676,150
10159,19702676,200
10160,1587,500000
10161,876234,15800
10162,19702676,480
10163,1587,500000
10164,876234,7210
10165,1587,500000
10166,19702676,320
10167,17488076,840
10168,17488076,600
10169,19702676,210
10170,19702676,210
10171,17488076,610
10172,876234,8150
10173,876234,10020
10174,19702676,290
10175,17488076,670
10176,17488076,530
10177,19702676,400
10178,1587,500000
10179,17488076,850
10180,17488076,600
10181,1587,500000
10182,1587,500000
10183,19702676,200
10184,876234,24130
10185,19702676,380
10186,876234,6890
10187,19702676,320
10188,19702676,320
10189,876234,6100
10190,19702676,320
10191,17488076,530
10192,19702676,210
10193,19702676,210
10194,876234,10010
10195,1587,500000
10196,1587,500000
10197,17488076,670
10198,1587,500000
10199,1587,500000
10200,17488076,670
10201,1587,500000
10202,17488076,750
10203,17488076,530
10204,876234,6210
10205,19702676,380
10206,876234,5190
10207,17488076,840
10208,876234,5140
10209,19702676,400
10210,17488076,660
10211,19702676,380
10212,876234,5720
10213,1587,500000
10214,876234,5610
10215,19702676,380
10216,876234,15470
10217,1587,500000
10218,1587,500000
10219,19702676,150
10220,19702676,210
10221,19702676,290
10222,1587,500000
10223,1587,500000
10224,19702676,400
10225,876234,8960
10226,17488076,840
10227,19702676,480
10228,1587,500000
10229,1587,500000
10230,17488076,600
10231,19702676,200
10232,1587,500000
10233,876234,8170
10234,17488076,750
10235,19702676,230
10236,19702676,320
10237,17488076,500
10238,19702676,400
10239,19702676,320
10240,1587,500000
10241,876234,7200
10242,17488076,530
10243,19702676,480
10244,19702676,200
10245,17488076,1050
10246,876234,8560
10247,19702676,400
10248,19702676,200
10249,876234,5730
10250,876234,7900
10251,876234,7740
10252,876234,5410
10253,19702676,330
10254,1587,500000
10255,19702676,400
10256,17488076,750
10257,17488076,670
10258,876234,7440
10259,19702676,320
10260,876234,11160
10261,19702676,390
10262,1587,500000
10263,19702676,320
10264,19702676,150
10265,19702676,320
10266,1587,500000
10267,17488076,530
10268,19702676,210
10269,17488076,1050
10270,19702676,380
10271,19702676,260
10272,19702676,480
10273,876234,8610
10274,17488076,670
10275,1587,500000
10276,19702676,380
10277,876234,60590
10278,1587,500000
10279,17488076,600
10280,19702676,410
10281,19702676,380
10282,1587,500000
10283,19702676,320
10284,876234,8450
10285,19702676,150
10286,876234,5330
10287,19702676,480
10288,19702676,400
10289,17488076,530
10290,876234,12570
10291,17488076,600
10292,1587,500000
10293,19702676,480
10294,1587,500000
10295,1587,500000
10296,17488076,840
10297,19702676,400
10298,19702676,320
10299,1587,500000
10300,17488076,670
10301,876234,9230
10302,1587,500000
10303,876234,5730
10304,17488076,840
10305,1587,500000
10306,1587,500000
10307,1587,500000
10308,1587,500000
10309,876234,8800
10310,19702676,260
10311,17488076,530
10312,17488076,600
10313,19702676,290
10314,19702676,260
10315,1587,500000
10316,19702676,200
10317,17488076,670
10318,1587,500000
10319,1587,500000
10320,1587,500000
10321,19702676,150
10322,19702676,320
10323,876234,7830
10324,876234,11670
10325,1587,500000
10326,1587,500000
10327,876234,6310
10328,19702676,290
10329,17488076,530
10330,1587,500000
10331,19702676,130
10332,876234,6500
10333,17488076,530
10334,19702676,150
10335,1587,500000
10336,19702676,480
10337,19702676,150
10338,19702676,320
10339,17488076,600
10340,19702676,290
10341,19702676,400
10342,876234,6560
10343,19702676,300
10344,1587,500000
10345,19702676,200
10346,19702676,290
10347,1587,500000
10348,876234,11540
10349,17488076,530
10350,17488076,670
10351,876234,8270
10352,19702676,480
10353,876234,23940
10354,876234,5310
10355,17488076,670
10356,17488076,530
10357,17488076,530
10358,17488076,850
10359,19702676,290
10360,876234,10050
10361,19702676,170
10362,19702676,320
10363,1587,500000
10364,17488076,750
10365,19702676,480
10366,17488076,670
10367,19702676,290
10368,17488076,600
10369,17488076,620
10370,19702676,110
10371,1587,500000
10372,19702676,260
10373,1587,500000
10374,19702676,210
10375,19702676,260
10376,19702676,210
10377,1587,500000
10378,19702676,320
10379,19702676,210
10380,1587,500000
10381,19702676,290
10382,1587,500000
10383,19702676,310
10384,17488076,840
10385,17488076,530
10386,19702676,320
10387,17488076,860
10388,19702676,290
10389,876234,8520
10390,1587,500000
10391,1587,500000
10392,19702676,290
10393,1587,500000
10394,19702676,380
10395,876234,13190
10396,19702676,110
10397,1587,500000
10398,17488076,670
10399,19702676,220
10400,19702676,480
10401,876234,18040
10402,1587,500000
10403,19702676,270
10404,17488076,750
10405,1587,500000
10406,1587,500000
10407,19702676,400
10408,876234,11740
10409,876234,8650
10410,1587,500000
10411,1587,500000
10412,1587,500000
10413,19702676,380
10414,876234,3680
10415,876234,6210
10416,876234,12280
10417,876234,8780
10418,19702676,150
10419,876234,9910
10420,1587,500000
10421,876234,9120
10422,1587,500000
10423,1587,500000
10424,19702676,290
10425,17488076,530
10426,19702676,290
10427,19702676,150
10428,19702676,400
10429,19702676,150
10430,1587,500000
10431,1587,500000
10432,17488076,680
10433,876234,8490
10434,1587,500000
10435,1587,500000
10436,876234,13070
10437,19702676,400
10438,1587,500000
10439,876234,5310
10440,1587,500000
10441,19702676,210
10442,1587,500000
10443,876234,5770
10444,19702676,480
10445,19702676,380
10446,876234,9450
10447,19702676,400
10448,876234,14340
10449,19702676,380
10450,17488076,860
10451,19702676,400
10452,19702676,320
10453,17488076,840
10454,876234,8910
10455,19702676,320
10456,1587,500000
10457,19702676,110
10458,17488076,840
10459,19702676,400
10460,876234,6410
10461,19702676,150
10462,1587,500000
10463,1587,500000
10464,19702676,200
10465,1587,500000
10466,1587,500000
10467,17488076,840
10468,19702676,200
10469,19702676,150
10470,19702676,320
10471,1587,500000
10472,1587,500000
10473,19702676,400
10474,1587,500000
10475,19702676,320
10476,19702676,260
10477,19702676,320
10478,1587,500000
10479,1587,500000
10480,19702676,320
10481,19702676,380
10482,17488076,610
10483,19702676,480
10484,19702676,200
10485,19702676,200
10486,19702676,290
10487,19702676,380
10488,1587,500000
10489,19702676,320
10490,876234,14760
10491,1587,500000
10492,1587,500000
10493,1587,500000
10494,19702676,210
10495,876234,12610
10496,17488076,530
10497,19702676,110
10498,19702676,320
10499,876234,9830
10500,19702676,320
10501,19702676,290
10502,19702676,210
10503,1587,500000
10504,876234,81080
10505,19702676,150
10506,876234,8590
10507,17488076,670
10508,19702676,320
10509,19702676,260
10510,19702676,290
10511,19702676,290
10512,17488076,670
10513,19702676,260
10514,1587,500000
10515,876234,9080
10516,19702676,150
10517,19702676,380
10518,19702676,290
10519,1587,500000
10520,19702676,320
10521,17488076,600
10522,19702676,380
10523,19702676,400
10524,17488076,840
10525,19702676,120
10526,1587,500000
10527,19702676,400
10528,17488076,1070
10529,17488076,670
10530,17488076,600
10531,19702676,290
10532,1587,500000
10533,1587,500000
10534,1587,500000
10535,1587,500000
10536,19702676,400
10537,876234,6910
10538,19702676,400
10539,19702676,380
10540,19702676,200
10541,17488076,840
10542,876234,8110
10543,19702676,150
10544,1587,500000
10545,1587,500000
10546,876234,7010
10547,17488076,750
10548,19702676,210
10549,17488076,670
10550,1587,500000
10551,19702676,290
10552,1587,500000
10553,1587,500000
10554,876234,16180
10555,1587,500000
10556,876234,31300
10557,19702676,260
10558,876234,7030
10559,17488076,600
10560,19702676,150
10561,1587,500000
10562,19702676,110
10563,876234,15190
10564,17488076,600
10565,1587,500000
10566,17488076,530
10567,17488076,670
10568,17488076,620
10569,876234,12590
10570,876234,6370
10571,1587,500000
10572,1587,500000
10573,19702676,200
10574,876234,35380
10575,19702676,380
10576,19702676,260
10577,1587,500000
10578,19702676,320
10579,1587,500000
10580,17488076,840
10581,19702676,200
10582,17488076,600
10583,19702676,260
10584,876234,6360
10585,19702676,110
10586,1587,500000
10587,19702676,200
10588,19702676,420
10589,1587,500000
10590,17488076,840
10591,876234,6210
10592,1587,500000
10593,19702676,260
10594,1587,500000
10595,17488076,840
10596,19702676,380
10597,876234,7040
10598,17488076,500
10599,1587,500000
10600,19702676,220
10601,1587,500000
10602,876234,8870
10603,17488076,670
10604,876234,9600
10605,17488076,670
10606,17488076,530
10607,17488076,840
10608,876234,11900
10609,19702676,210
10610,19702676,400
10611,1587,500000
10612,876234,8740
10613,1587,500000
10614,19702676,380
10615,876234,9510
10616,19702676,150
10617,876234,7010
10618,19702676,110
10619,19702676,400
10620,19702676,320
10621,1587,500000
10622,19702676,260
10623,1587,500000
10624,19702676,260
10625,19702676,400
10626,1587,500000
10627,19702676,210
10628,19702676,200
10629,19702676,200
10630,876234,6910
10631,17488076,530
10632,17488076,750
10633,17488076,600
10634,17488076,840
10635,1587,500000
10636,17488076,600
10637,19702676,400
10638,1587,500000
10639,1587,500000
10640,19702676,480
10641,19702676,110
10642,19702676,380
10643,19702676,220
10644,876234,9780
10645,17488076,600
10646,19702676,400
10647,17488076,750
10648,876234,8190
10649,1587,500000
10650,1587,500000
10651,19702676,400
10652,876234,9160
10653,876234,9210
10654,19702676,400
10655,19702676,200
10656,19702676,480
10657,1587,500000
10658,1587,500000
10659,1587,500000
10660,1587,500000
10661,17488076,600
10662,876234,5900
10663,19702676,350
10664,1587,500000
10665,19702676,110
10666,1587,500000
10667,19702676,480
10668,19702676,480
10669,1587,500000
10670,1587,500000
10671,1587,500000
10672,1587,500000
10673,19702676,290
10674,19702676,320
10675,876234,8580
10676,19702676,150
10677,876234,7530
10678,1587,500000
10679,19702676,290
10680,17488076,530
10681,876234,10880
10682,876234,6610
10683,17488076,840
10684,19702676,290
10685,19702676,210
10686,17488076,750
10687,17488076,720
10688,17488076,530
10689,19702676,290
10690,19702676,480
10691,19702676,110
10692,19702676,480
10693,1587,500000
10694,17488076,530
10695,19702676,260
10696,19702676,380
10697,1587,500000
10698,1587,500000
10699,876234,9680
10700,19702676,210
10701,876234,6390
10702,17488076,840
10703,19702676,150
10704,19702676,360
10705,17488076,670
10706,19702676,200
10707,19702676,380
10708,17488076,860
10709,1587,500000
10710,1587,500000
10711,876234,9090
10712,1587,500000
10713,876234,33580
10714,19702676,390
10715,1587,500000
10716,876234,8480
10717,19702676,290
10718,19702676,320
10719,876234,12560
10720,17488076,840
10721,876234,9290
10722,17488076,600
10723,876234,9130
10724,19702676,210
10725,876234,14210
10726,1587,500000
10727,876234,13640
10728,19702676,200
10729,876234,6540
10730,876234,7780
10731,1587,500000
10732,19702676,400
10733,1587,500000
10734,1587,500000
10735,876234,6090
10736,19702676,320
10737,19702676,410
10738,1587,500000
10739,1587,500000
10740,1587,500000
10741,19702676,480
10742,1587,500000
10743,876234,9620
10744,1587,500000
10745,1587,500000
10746,19702676,390
10747,19702676,150
10748,17488076,840
10749,19702676,150
10750,876234,10270
10751,19702676,290
10752,17488076,600
10753,1587,500000
10754,876234,7610
10755,17488076,530
10756,19702676,200
10757,19702676,260
10758,19702676,400
10759,1587,500000
10760,1587,500000
10761,19702676,290
10762,876234,14280
10763,19702676,150
10764,17488076,530
10765,876234,7030
10766,19702676,260
10767,19702676,400
10768,1587,500000
10769,17488076,840
10770,19702676,210
10771,1587,500000
10772,17488076,1050
10773,19702676,110
10774,876234,7800
10775,1587,500000
10776,19702676,290
10777,19702676,480
10778,17488076,1050
10779,19702676,160
10780,19702676,380
10781,876234,7610
10782,19702676,420
10783,19702676,210
10784,19702676,200
10785,1587,500000
10786,19702676,290
10787,1587,500000
10788,19702676,380
10789,19702676,150
10790,876234,8940
10791,876234,7720
10792,19702676,290
10793,876234,6190
10794,19702676,290
10795,1587,500000
10796,19702676,290
10797,19702676,320
10798,19702676,200
10799,19702676,290
10800,17488076,530
10801,17488076,620
10802,17488076,530
10803,19702676,260
10804,19702676,400
10805,19702676,290
10806,19702676,290
10807,19702676,480
10808,19702676,120
10809,19702676,210
10810,19702676,480
10811,1587,500000
10812,17488076,840
10813,17488076,600
10814,1587,500000
10815,19702676,260
10816,1587,500000
10817,1587,500000
10818,19702676,260
10819,19702676,150
10820,1587,500000
10821,17488076,530
10822,1587,500000
10823,876234,8030
10824,876234,6070
10825,19702676,480
10826,1587,500000
10827,876234,6300
10828,19702676,480
10829,19702676,200
10830,1587,500000
10831,19702676,200
10832,1587,500000
10833,876234,8160
10834,17488076,670
10835,19702676,400
10836,876234,11190
10837,19702676,380
10838,17488076,670
10839,19702676,320
10840,17488076,530
10841,17488076,840
10842,876234,8400
10843,1587,500000
10844,19702676,480
10845,1587,500000
10846,17488076,840
10847,19702676,290
10848,19702676,380
10849,1587,500000
10850,19702676,320
10851,19702676,380
10852,1587,500000
10853,19702676,480
10854,19702676,320
10855,876234,6230
10856,876234,11470
10857,17488076,600
10858,17488076,530
10859,1587,500000
10860,876234,11090
10861,876234,8480
10862,876234,17450
10863,19702676,290
10864,1587,500000
10865,19702676,380
10866,19702676,320
10867,1587,500000
10868,17488076,600
10869,19702676,210
10870,19702676,320
10871,17488076,670
10872,1587,500000
10873,19702676,260
10874,17488076,840
10875,17488076,1050
10876,19702676,210
10877,19702676,290
10878,17488076,670
10879,876234,5980
10880,19702676,290
10881,19702676,260
10882,19702676,260
10883,876234,9500
10884,19702676,260
10885,17488076,840
10886,876234,9830
10887,19702676,290
10888,19702676,210
10889,19702676,210
10890,1587,500000
10891,876234,7790
10892,1587,500000
10893,19702676,340
10894,19702676,400
10895,1587,500000
10896,19702676,260
10897,876234,8360
10898,1587,500000
10899,19702676,380
10900,17488076,600
10901,19702676,400
10902,17488076,670
10903,876234,8130
10904,19702676,380
10905,19702676,290
10906,1587,500000
10907,17488076,540
10908,19702676,290
10909,19702676,480
10910,876234,11660
10911,1587,500000
10912,19702676,260
10913,19702676,290
10914,876234,10710
10915,1587,500000
10916,17488076,600
10917,19702676,130
10918,1587,500000
10919,1587,500000
10920,876234,7310
10921,1587,500000
10922,17488076,840
10923,876234,6060
10924,19702676,320
10925,1587,500000
10926,1587,500000
10927,876234,6090
10928,19702676,200
10929,19702676,150
10930,1587,500000
10931,876234,7470
10932,19702676,290
10933,19702676,380
10934,19702676,380
10935,876234,7740
10936,19702676,400
10937,17488076,530
10938,17488076,670
10939,17488076,670
10940,19702676,320
10941,19702676,480
10942,19702676,320
10943,19702676,400
10944,17488076,530
10945,19702676,290
10946,19702676,480
10947,1587,500000
10948,1587,500000
10949,19702676,210
10950,19702676,200
10951,19702676,260
10952,19702676,300
10953,876234,4220
10954,1587,500000
10955,19702676,380
10956,1587,500000
10957,876234,9680
10958,17488076,670
10959,876234,10360
10960,876234,11610
10961,17488076,670
10962,19702676,400
10963,19702676,480
10964,19702676,110
10965,17488076,670
10966,1587,500000
10967,1587,500000
10968,876234,6910
10969,19702676,290
10970,1587,500000
10971,19702676,380
10972,19702676,480
10973,1587,500000
10974,19702676,210
10975,876234,7400
10976,19702676,290
10977,876234,8630
10978,17488076,530
10979,17488076,840
10980,19702676,110
10981,1587,500000
10982,17488076,530
10983,17488076,840
10984,19702676,110
10985,17488076,670
10986,1587,500000
10987,1587,500000
10988,17488076,680
10989,19702676,200
10990,1587,500000
10991,19702676,290
10992,17488076,670
10993,1587,500000
10994,1587,500000
10995,19702676,320
10996,876234,25570
10997,19702676,490
10998,19702676,380
10999,17488076,530
11000,1587,500000
11001,1587,500000
11002,1587,500000
11003,19702676,200
11004,19702676,320
11005,1587,500000
11006,17488076,1050
11007,17488076,930
11008,876234,5320
11009,19702676,400
11010,17488076,530
11011,1587,500000
11012,1587,500000
11013,876234,10470
11014,1587,500000
11015,876234,5760
11016,19702676,400
11017,1587,500000
11018,19702676,320
11019,19702676,400
11020,19702676,150
11021,1587,500000
11022,19702676,290
11023,876234,6020
11024,19702676,110
11025,19702676,400
11026,19702676,480
11027,1587,500000
11028,19702676,480
11029,19702676,290
11030,19702676,480
11031,19702676,400
11032,19702676,260
11033,1587,500000
11034,876234,9400
11035,19702676,290
11036,876234,7070
11037,19702676,200
11038,1587,500000
11039,876234,15100
11040,1587,500000
11041,876234,11190
11042,19702676,320
11043,1587,500000
11044,19702676,210
11045,17488076,530
11046,876234,5510
11047,17488076,600
11048,1587,500000
11049,19702676,290
11050,19702676,380
11051,1587,500000
11052,19702676,320
11053,17488076,610
11054,19702676,220
11055,19702676,290
11056,1587,500000
11057,1587,500000
11058,19702676,380
11059,19702676,210
11060,1587,500000
11061,19702676,480
11062,19702676,480
11063,19702676,290
11064,876234,8290
11065,876234,10330
11066,876234,8420
11067,1587,500000
11068,1587,500000
11069,876234,12930
11070,19702676,110
11071,1587,500000
11072,17488076,750
11073,19702676,110
11074,19702676,260
11075,19702676,290
11076,19702676,400
11077,1587,500000
11078,19702676,150
11079,19702676,230
11080,17488076,530
11081,1587,500000
11082,19702676,200
11083,19702676,290
11084,876234,8840
11085,876234,5990
11086,876234,8310
11087,1587,500000
11088,17488076,670
11089,876234,9580
11090,1587,500000
11091,19702676,200
11092,17488076,530
11093,19702676,290
11094,19702676,200
11095,19702676,260
11096,19702676,290
11097,17488076,600
11098,19702676,380
11099,19702676,290
11100,19702676,150
11101,19702676,200
11102,19702676,290
11103,1587,500000
11104,19702676,290
11105,1587,500000
11106,19702676,210
11107,19702676,210
11108,876234,9040
11109,19702676,210
11110,17488076,600
11111,19702676,310
11112,19702676,380
11113,19702676,380
11114,19702676,400
11115,19702676,210
11116,19702676,290
11117,17488076,1050
11118,1587,500000
11119,876234,8610
11120,19702676,380
11121,19702676,290
11122,17488076,670
11123,19702676,340
11124,1587,500000
11125,876234,10420
11126,1587,500000
11127,19702676,110
11128,19702676,290
11129,19702676,210
11130,19702676,380
11131,1587,500000
11132,876234,11680
11133,19702676,170
11134,17488076,530
11135,19702676,380
11136,1587,500000
11137,19702676,200
11138,17488076,1140
11139,19702676,480
11140,19702676,110
11141,17488076,700
11142,19702676,290
11143,1587,500000
11144,17488076,530
11145,19702676,380
11146,876234,33880
11147,876234,11550
11148,876234,8300
11149,19702676,150
11150,19702676,110
11151,17488076,530
11152,876234,9700
11153,1587,500000
11154,17488076,840
11155,17488076,670
11156,19702676,200
11157,876234,8730
11158,19702676,440
11159,19702676,110
11160,19702676,380
11161,1587,500000
11162,19702676,290
11163,876234,38820
11164,876234,8520
11165,19702676,290
11166,19702676,320
11167,1587,500000
11168,876234,8910
11169,1587,500000
11170,876234,10920
11171,19702676,260
11172,19702676,400
11173,19702676,320
11174,17488076,670
11175,876234,9680
11176,17488076,530
11177,1587,500000
11178,1587,500000
11179,17488076,600
11180,876234,7970
11181,19702676,320
11182,876234,8220
11183,19702676,110
11184,1587,500000
11185,876234,5980
11186,19702676,400
11187,19702676,480
11188,1587,500000
11189,17488076,600
11190,1587,500000
11191,1587,500000
11192,19702676,400
11193,17488076,750
11194,876234,9580
11195,1587,500000
11196,19702676,400
11197,17488076,530
11198,17488076,670
11199,1587,500000
11200,17488076,600
11201,19702676,260
11202,19702676,380
11203,19702676,210
11204,17488076,600
11205,19702676,260
11206,19702676,200
11207,1587,500000
11208,876234,7130
11209,17488076,680
11210,17488076,670
11211,19702676,260
11212,19702676,480
11213,1587,500000
11214,19702676,400
11215,19702676,290
11216,1587,500000
11217,1587,500000
11218,19702676,400
11219,19702676,400
11220,19702676,400
11221,1587,500000
11222,19702676,480
11223,17488076,600
11224,876234,6380
11225,19702676,410
11226,19702676,200
11227,1587,500000
11228,19702676,210
11229,876234,12470
11230,19702676,240
11231,876234,10320
11232,1587,500000
11233,19702676,130
11234,19702676,210
11235,876234,4930
11236,17488076,540
11237,876234,8640
11238,19702676,110
11239,1587,500000
11240,17488076,750
11241,1587,500000
11242,1587,500000
11243,19702676,260
11244,876234,7880
11245,17488076,840
11246,17488076,600
11247,876234,7330
11248,1587,500000
11249,17488076,670
11250,17488076,600
11251,876234,6420
11252,17488076,670
11253,1587,500000
11254,876234,23320
11255,876234,7910
11256,19702676,320
11257,19702676,290
11258,876234,8570
11259,17488076,840
11260,19702676,150
11261,17488076,600
11262,876234,7390
11263,19702676,290
11264,1587,500000
11265,19702676,320
11266,876234,7430
11267,19702676,260
11268,1587,500000
11269,17488076,600
11270,876234,8150
11271,19702676,200
11272,17488076,840
11273,876234,7690
11274,19702676,260
11275,876234,5210
11276,17488076,670
11277,17488076,600
11278,876234,8760
11279,876234,8740
11280,19702676,290
11281,1587,500000
11282,17488076,600
11283,1587,500000
11284,19702676,290
11285,19702676,290
11286,19702676,320
11287,19702676,200
11288,19702676,400
11289,19702676,280
11290,1587,500000
11291,876234,20210
11292,19702676,400
11293,876234,6580
11294,1587,500000
11295,1587,500000
11296,17488076,600
11297,19702676,320
11298,1587,500000
11299,1587,500000
11300,1587,500000
11301,19702676,320
11302,876234,10480
11303,17488076,840
11304,19702676,380
11305,19702676,380
11306,876234,9400
11307,1587,500000
11308,1587,500000
11309,19702676,260
11310,1587,500000
11311,19702676,170
11312,1587,500000
11313,17488076,600
11314,19702676,290
11315,1587,500000
11316,19702676,480
11317,17488076,600
11318,1587,500000
11319,876234,5860
11320,19702676,320
11321,19702676,380
11322,876234,35310
11323,17488076,840
11324,1587,500000
11325,19702676,480
11326,17488076,530
11327,876234,6110
11328,19702676,480
11329,1587,500000
11330,19702676,200
11331,876234,7160
11332,17488076,620
11333,1587,500000
11334,1587,500000
11335,19702676,400
11336,876234,7770
11337,876234,6890
11338,19702676,180
11339,17488076,670
11340,19702676,150
11341,19702676,260
11342,1587,500000
11343,1587,500000
11344,19702676,260
11345,19702676,380
11346,17488076,530
11347,876234,11010
11348,1587,500000
11349,17488076,600
11350,876234,16620
11351,19702676,400
11352,19702676,380
11353,876234,8070
11354,1587,500000
11355,19702676,110
11356,876234,6070
11357,17488076,600
11358,19702676,260
11359,19702676,150
11360,17488076,670
11361,17488076,840
11362,17488076,1050
11363,1587,500000
11364,19702676,400
11365,17488076,530
11366,1587,500000
11367,876234,10010
11368,17488076,530
11369,1587,500000
11370,19702676,400
11371,1587,500000
11372,17488076,600
11373,17488076,530
11374,17488076,670
11375,17488076,840
11376,19702676,110
11377,17488076,750
11378,19702676,200
11379,19702676,260
11380,1587,500000
11381,19702676,490
11382,19702676,320
11383,19702676,400
11384,19702676,400
11385,19702676,220
11386,19702676,210
11387,19702676,260
11388,19702676,320
11389,17488076,920
11390,17488076,670
11391,1587,500000
11392,19702676,400
11393,19702676,200
11394,19702676,400
11395,876234,8700
11396,19702676,400
11397,17488076,840
11398,19702676,380
11399,876234,9650
11400,19702676,340
11401,1587,500000
11402,876234,5960
11403,19702676,350
11404,19702676,320
11405,19702676,480
11406,19702676,380
11407,1587,500000
11408,19702676,380
11409,19702676,340
11410,1587,500000
11411,876234,9560
11412,17488076,530
11413,19702676,380
11414,19702676,210
11415,876234,7070
11416,19702676,260
11417,19702676,200
11418,876234,13750
11419,876234,6400
11420,876234,7280
11421,17488076,600
11422,19702676,290
11423,876234,14910
11424,17488076,840
11425,19702676,400
11426,1587,500000
11427,19702676,200
11428,19702676,210
11429,876234,7980
11430,19702676,110
11431,1587,500000
11432,19702676,290
11433,1587,500000
11434,1587,500000
11435,19702676,380
11436,1587,500000
11437,1587,500000
11438,876234,5860
11439,19702676,290
11440,19702676,260
11441,17488076,600
11442,17488076,600
11443,1587,500000
11444,1587,500000
11445,17488076,530
11446,19702676,260
11447,1587,500000
11448,1587,500000
11449,19702676,330
11450,19702676,230
11451,1587,500000
11452,17488076,530
11453,17488076,600
11454,19702676,290
11455,876234,11460
11456,19702676,400
11457,19702676,290
11458,876234,11620
11459,19702676,210
11460,19702676,380
11461,1587,500000
11462,19702676,380
11463,876234,7210
11464,19702676,200
11465,1587,500000
11466,19702676,150
11467,17488076,670
11468,19702676,480
11469,17488076,530
11470,19702676,380
11471,19702676,290
11472,19702676,340
11473,19702676,380
11474,17488076,530
11475,19702676,200
11476,876234,7680
11477,19702676,260
11478,19702676,320
11479,19702676,150
11480,876234,17260
11481,19702676,290
11482,17488076,670
11483,19702676,200
11484,17488076,600
11485,19702676,320
11486,876234,7270
11487,17488076,620
11488,19702676,290
11489,19702676,210
11490,19702676,400
11491,17488076,530
11492,19702676,480
11493,876234,25200
11494,19702676,290
11495,19702676,200
11496,876234,7090
11497,876234,6320
11498,19702676,380
11499,1587,500000
11500,19702676,110
11501,876234,9080
11502,17488076,840
11503,19702676,290
11504,19702676,170
11505,19702676,290
11506,19702676,150
11507,17488076,760
11508,19702676,320
11509,17488076,600
11510,19702676,480
11511,19702676,110
11512,876234,30800
11513,19702676,200
11514,17488076,840
11515,19702676,290
11516,19702676,400
11517,1587,500000
11518,19702676,210
11519,1587,500000
11520,1587,500000
11521,1587,500000
11522,876234,7970
11523,19702676,260
11524,19702676,380
11525,1587,500000
11526,19702676,260
11527,1587,500000
11528,17488076,510
11529,1587,500000
11530,19702676,260
11531,876234,9850
11532,1587,500000
11533,17488076,530
11534,19702676,260
11535,19702676,210
11536,876234,11740
11537,876234,8910
11538,19702676,200
11539,17488076,840
11540,17488076,530
11541,1587,500000
11542,19702676,260
11543,19702676,260
11544,17488076,840
11545,876234,8830
11546,17488076,600
11547,19702676,260
11548,876234,6410
11549,17488076,1050
11550,1587,500000
11551,1587,500000
11552,19702676,150
11553,19702676,150
11554,17488076,840
11555,17488076,600
11556,876234,7680
11557,17488076,530
11558,19702676,210
11559,19702676,290
11560,876234,18070
11561,19702676,320
11562,1587,500000
11563,17488076,600
11564,876234,8780
11565,1587,500000
11566,17488076,600
11567,19702676,150
11568,876234,7190
11569,19702676,290
11570,876234,7530
11571,17488076,530
11572,19702676,320
11573,19702676,290
11574,17488076,610
11575,19702676,200
11576,17488076,670
11577,876234,18550
11578,19702676,380
11579,876234,21220
11580,1587,500000
11581,876234,14980
11582,19702676,280
11583,876234,7580
11584,19702676,210
11585,19702676,320
11586,876234,8870
11587,1587,500000
11588,17488076,540
11589,19702676,110
11590,19702676,290
11591,17488076,860
11592,19702676,260
11593,19702676,290
11594,19702676,260
11595,1587,500000
11596,1587,500000
11597,19702676,110
11598,1587,500000
11599,19702676,200
11600,17488076,670
11601,19702676,480
11602,876234,14680
11603,876234,11200
11604,17488076,530
11605,876234,14080
11606,19702676,290
11607,19702676,210
11608,17488076,670
11609,17488076,840
11610,19702676,400
11611,1587,500000
11612,1587,500000
11613,17488076,670
11614,1587,500000
11615,19702676,320
11616,19702676,480
11617,876234,5590
11618,1587,500000
11619,1587,500000
11620,876234,6530
11621,19702676,400
11622,876234,10860
11623,876234,6800
11624,17488076,530
11625,876234,9000
11626,876234,5910
11627,17488076,1310
11628,19702676,400
11629,17488076,1050
11630,876234,6730
11631,17488076,670
11632,19702676,150
11633,19702676,380
11634,876234,13730
11635,17488076,530
11636,19702676,400
11637,17488076,530
11638,876234,7130
11639,17488076,840
11640,19702676,150
11641,19702676,210
11642,19702676,260
11643,17488076,670
11644,1587,500000
11645,1587,500000
11646,876234,14840
11647,19702676,150
11648,17488076,530
11649,19702676,200
11650,876234,10420
11651,1587,500000
11652,19702676,210
11653,19702676,260
11654,17488076,530
11655,17488076,840
11656,19702676,290
11657,1587,500000
11658,17488076,530
11659,17488076,600
11660,876234,12740
11661,1587,500000
11662,19702676,480
11663,19702676,480
11664,19702676,210
11665,1587,500000
11666,17488076,840
11667,876234,8640
11668,1587,500000
11669,17488076,840
11670,876234,6550
11671,19702676,400
11672,1587,500000
11673,876234,14970
11674,19702676,320
11675,19702676,400
11676,1587,500000
11677,19702676,290
11678,876234,12350
11679,19702676,110
11680,876234,7860
11681,19702676,380
11682,876234,7190
11683,19702676,150
11684,19702676,380
11685,876234,7880
11686,1587,500000
11687,19702676,210
11688,876234,9950
11689,876234,5790
11690,1587,500000
11691,19702676,480
11692,1587,500000
11693,876234,8110
11694,1587,500000
11695,19702676,320
11696,19702676,200
11697,876234,8210
11698,1587,500000
11699,1587,500000
11700,876234,16880
11701,19702676,150
11702,876234,10890
11703,19702676,480
11704,19702676,380
11705,876234,10190
11706,876234,8600
11707,17488076,530
11708,19702676,270
11709,876234,7280
11710,1587,500000
11711,876234,10720
11712,19702676,260
11713,19702676,260
11714,19702676,320
11715,17488076,840
11716,1587,500000
11717,19702676,200
11718,1587,500000
11719,19702676,480
11720,19702676,200
11721,19702676,150
11722,1587,500000
11723,876234,8610
11724,876234,6710
11725,17488076,670
11726,17488076,600
11727,19702676,310
11728,17488076,520
11729,876234,5370
11730,17488076,600
11731,19702676,260
11732,19702676,480
11733,17488076,930
11734,17488076,600
11735,19702676,210
11736,1587,500000
11737,19702676,290
11738,19702676,320
11739,19702676,150
11740,19702676,320
11741,17488076,530
11742,1587,500000
11743,876234,6600
11744,876234,8370
11745,17488076,840
11746,19702676,410
11747,876234,7040
11748,876234,6670
11749,876234,7980
11750,19702676,480
11751,1587,500000
11752,19702676,380
11753,17488076,670
11754,19702676,150
11755,19702676,390
11756,19702676,200
11757,19702676,260
11758,1587,500000
11759,19702676,380
11760,19702676,410
11761,19702676,420
11762,19702676,210
11763,1587,500000
11764,17488076,670
11765,1587,500000
11766,1587,500000
11767,17488076,750
11768,19702676,210
11769,1587,500000
11770,19702676,480
11771,19702676,200
11772,17488076,670
11773,19702676,400
11774,19702676,420
11775,876234,5640
11776,17488076,600
11777,1587,500000
11778,1587,500000
11779,1587,500000
11780,17488076,670
11781,19702676,260
11782,17488076,690
11783,876234,10310
11784,19702676,400
11785,19702676,290
11786,1587,500000
11787,876234,7290
11788,876234,8570
11789,1587,500000
11790,876234,6340
11791,876234,14520
11792,1587,500000
11793,19702676,320
11794,19702676,150
11795,19702676,480
11796,19702676,200
11797,1587,500000
11798,19702676,320
11799,876234,7460
11800,19702676,110
11801,19702676,150
11802,19702676,400
11803,19702676,400
11804,17488076,670
11805,19702676,210
11806,19702676,320
11807,19702676,380
11808,876234,6640
11809,876234,8650
11810,19702676,290
11811,19702676,480
11812,17488076,530
11813,19702676,150
11814,19702676,210
11815,876234,6980
11816,876234,81000
11817,19702676,210
11818,17488076,600
11819,876234,7370
11820,19702676,290
11821,876234,70200
11822,876234,8190
11823,19702676,400
11824,876234,10530
11825,19702676,480
11826,876234,33950
11827,19702676,290
11828,876234,9390
11829,1587,500000
11830,19702676,230
11831,876234,6370
11832,19702676,340
11833,1587,500000
11834,1587,500000
11835,876234,7390
11836,1587,500000
11837,876234,9250
11838,1587,500000
11839,1587,500000
11840,19702676,210
11841,1587,500000
11842,1587,500000
11843,876234,6700
11844,19702676,400
11845,1587,500000
11846,1587,500000
11847,876234,10970
11848,19702676,290
11849,19702676,200
11850,19702676,290
11851,1587,500000
11852,19702676,150
11853,876234,8930
11854,876234,9320
11855,19702676,380
11856,19702676,290
11857,17488076,750
11858,19702676,300
11859,19702676,320
11860,17488076,760
11861,876234,5860
11862,19702676,260
11863,1587,500000
11864,876234,5700
11865,1587,500000
11866,19702676,360
11867,876234,13010
11868,19702676,290
11869,876234,5470
11870,19702676,110
11871,19702676,200
11872,19702676,400
11873,19702676,400
11874,19702676,320
11875,1587,500000
11876,1587,500000
11877,1587,500000
11878,19702676,320
11879,876234,15520
11880,876234,5780
11881,19702676,150
11882,19702676,290
11883,17488076,670
11884,1587,500000
11885,19702676,150
11886,1587,500000
11887,19702676,200
11888,19702676,300
11889,1587,500000
11890,1587,500000
11891,19702676,340
11892,19702676,290
11893,19702676,480
11894,17488076,750
11895,19702676,150
11896,19702676,260
11897,17488076,690
11898,876234,7700
11899,19702676,400
11900,1587,500000
11901,17488076,680
11902,1587,500000
11903,19702676,320
11904,17488076,600
11905,17488076,600
11906,1587,500000
11907,1587,500000
11908,19702676,290
11909,19702676,480
11910,876234,5500
11911,1586,500000
11912,17488076,840
11913,1586,500000
11914,19702676,380
11915,17488076,600
11916,19702676,480
11917,17488076,530
11918,1586,500000
11919,876234,8030
11920,19702676,290
11921,19702676,110
11922,19702676,420
11923,1586,500000
11924,17488076,840
11925,19702676,480
11926,876234,8610
11927,1586,500000
11928,17488076,670
11929,19702676,290
11930,19702676,400
11931,1586,500000
11932,19702676,400
11933,1586,500000
11934,876234,6510
11935,19702676,400
11936,19702676,400
11937,19702676,150
11938,17488076,600
11939,1586,500000
11940,17488076,530
11941,17488076,850
11942,876234,7620
11943,19702676,200
11944,1586,500000
11945,19702676,110
11946,876234,7140
11947,17488076,840
11948,19702676,150
11949,19702676,210
11950,19702676,110
11951,19702676,200
11952,19702676,310
11953,1586,500000
11954,876234,6280
11955,19702676,220
11956,19702676,290
11957,19702676,110
11958,19702676,280
11959,1586,500000
11960,19702676,320
11961,876234,17610
11962,17488076,1050
11963,17488076,670
11964,19702676,290
11965,19702676,150
11966,876234,8590
11967,1586,500000
11968,1586,500000
11969,1586,500000
11970,19702676,290
11971,1586,500000
11972,1586,500000
11973,19702676,110
11974,19702676,480
11975,17488076,840
11976,19702676,340
11977,876234,7850
11978,19702676,380
11979,17488076,670
11980,19702676,260
11981,19702676,380
11982,1586,500000
11983,1586,500000
11984,1586,500000
11985,17488076,600
11986,1586,500000
11987,1586,500000
11988,1586,500000
11989,19702676,110
11990,1586,500000
11991,17488076,670
11992,876234,6160
11993,19702676,320
11994,1586,500000
11995,19702676,150
11996,1586,500000
11997,876234,8960
11998,19702676,290
11999,19702676,260
12000,19702676,380
12001,17488076,530
12002,19702676,320
12003,1586,500000
12004,876234,10540
12005,19702676,120
12006,19702676,420
12007,17488076,670
12008,1586,500000
12009,876234,5010
12010,17488076,530
12011,1586,500000
12012,1586,500000
12013,876234,7280
12014,1586,500000
12015,19702676,150
12016,17488076,840
12017,19702676,480
12018,876234,11600
12019,1586,500000
12020,17488076,600
12021,19702676,400
12022,19702676,110
12023,1586,500000
12024,1586,500000
12025,19702676,290
12026,19702676,320
12027,876234,7950
12028,19702676,200
12029,19702676,150
12030,1586,500000
12031,876234,9510
12032,19702676,400
12033,19702676,150
12034,876234,9800
12035,19702676,230
12036,17488076,600
12037,19702676,400
12038,1586,500000
12039,876234,14250
12040,17488076,530
12041,19702676,320
12042,17488076,530
12043,1586,500000
12044,19702676,260
12045,1586,500000
12046,876234,8620
12047,876234,6710
12048,876234,5970
12049,19702676,480
12050,876234,5000
12051,19702676,210
12052,1586,500000
12053,876234,7690
12054,19702676,400
12055,1586,500000
12056,1586,500000
12057,876234,9580
12058,876234,7700
12059,19702676,260
12060,1586,500000
12061,19702676,120
12062,1586,500000
12063,876234,28770
12064,19702676,240
12065,1586,500000
12066,1586,500000
12067,19702676,110
12068,1586,500000
12069,17488076,600
12070,1586,500000
12071,19702676,480
12072,1586,500000
12073,19702676,320
12074,876234,11450
12075,876234,12210
12076,876234,15860
12077,876234,9120
12078,876234,6180
12079,19702676,400
12080,19702676,260
12081,1586,500000
12082,876234,7610
12083,19702676,400
12084,876234,9290
12085,19702676,400
12086,17488076,750
12087,19702676,320
12088,1586,500000
12089,1586,500000
12090,17488076,840
12091,17488076,1050
12092,1586,500000
12093,19702676,210
12094,19702676,290
12095,19702676,150
12096,19702676,320
12097,17488076,930
12098,19702676,380
12099,1586,500000
12100,19702676,210
12101,19702676,150
12102,1586,500000
12103,19702676,400
12104,17488076,670
12105,19702676,380
12106,1586,500000
12107,1586,500000
12108,19702676,490
12109,19702676,210
12110,19702676,210
12111,19702676,290
12112,1586,500000
12113,1586,500000
12114,1586,500000
12115,19702676,290
12116,19702676,210
12117,19702676,150
12118,17488076,530
12119,19702676,400
12120,1586,500000
12121,19702676,430
12122,876234,13470
12123,19702676,400
12124,19702676,320
12125,1586,500000
12126,19702676,230
12127,876234,10990
12128,19702676,210
12129,19702676,400
12130,19702676,260
12131,876234,6940
12132,1586,500000
12133,19702676,480
12134,19702676,300
12135,1586,500000
12136,876234,16510
12137,17488076,670
12138,19702676,400
12139,17488076,670
12140,876234,16160
12141,19702676,380
12142,19702676,260
12143,876234,10120
12144,19702676,170
12145,876234,13700
12146,17488076,1050
12147,19702676,400
12148,876234,40020
12149,19702676,380
12150,1586,500000
12151,19702676,110
12152,876234,8160
12153,19702676,290
12154,17488076,600
12155,19702676,480
12156,876234,8250
12157,876234,6600
12158,876234,8120
12159,1586,500000
12160,1586,500000
12161,876234,83300
12162,19702676,290
12163,876234,6280
12164,1586,500000
12165,19702676,400
12166,1586,500000
12167,19702676,380
12168,19702676,290
12169,19702676,210
12170,1586,500000
12171,19702676,260
12172,19702676,210
12173,876234,8190
12174,19702676,320
12175,876234,9200
12176,19702676,260
12177,19702676,380
12178,17488076,530
12179,19702676,400
12180,876234,5260
12181,19702676,490
12182,17488076,750
12183,17488076,1050
12184,19702676,200
12185,17488076,1050
12186,19702676,260
12187,17488076,1050
12188,19702676,400
12189,17488076,670
12190,19702676,380
12191,1586,500000
12192,1586,500000
12193,876234,6030
12194,1586,500000
12195,17488076,600
12196,19702676,390
12197,1586,500000
12198,1586,500000
12199,17488076,840
12200,1586,500000
12201,876234,12210
12202,1586,500000
12203,19702676,400
12204,1586,500000
12205,17488076,600
12206,876234,8990
12207,876234,7290
12208,19702676,400
12209,19702676,290
12210,19702676,150
12211,876234,5630
12212,1586,500000
12213,17488076,840
12214,19702676,380
12215,17488076,600
12216,876234,7430
12217,17488076,860
12218,19702676,110
12219,19702676,210
12220,19702676,210
12221,1586,500000
12222,876234,6590
12223,19702676,210
12224,1586,500000
12225,876234,5350
12226,17488076,500
12227,17488076,750
12228,876234,7410
12229,876234,14960
12230,876234,12610
12231,19702676,380
12232,19702676,290
12233,19702676,400
12234,1586,500000
12235,19702676,290
12236,19702676,430
12237,17488076,530
12238,17488076,670
12239,19702676,380
12240,1586,500000
12241,876234,7510
12242,19702676,150
12243,19702676,290
12244,1586,500000
12245,1586,500000
12246,19702676,200
12247,876234,7270
12248,1586,500000
12249,1586,500000
12250,17488076,530
12251,17488076,530
12252,19702676,380
12253,19702676,110
12254,1586,500000
12255,19702676,320
12256,876234,6290
12257,19702676,200
12258,17488076,930
12259,19702676,480
12260,17488076,530
12261,19702676,290
12262,19702676,350
12263,19702676,380
12264,19702676,400
12265,1586,500000
12266,876234,8400
12267,19702676,290
12268,19702676,290
12269,1586,500000
12270,17488076,670
12271,19702676,310
12272,19702676,290
12273,19702676,200
12274,17488076,1300
12275,19702676,150
12276,19702676,290
12277,19702676,110
12278,19702676,210
12279,876234,5810
12280,876234,7570
12281,1586,500000
12282,1586,500000
12283,1586,500000
12284,17488076,530
12285,19702676,260
12286,17488076,530
12287,876234,6290
12288,19702676,200
12289,1586,500000
12290,19702676,260
12291,19702676,320
12292,876234,9400
12293,876234,5740
12294,19702676,120
12295,19702676,480
12296,876234,5140
12297,1586,500000
12298,19702676,200
12299,19702676,150
12300,1586,500000
12301,876234,9890
12302,876234,15330
12303,19702676,260
12304,19702676,260
12305,1586,500000
12306,876234,15590
12307,19702676,150
12308,19702676,290
12309,17488076,540
12310,19702676,200
12311,876234,7400
12312,1586,500000
12313,876234,84520
12314,19702676,400
12315,19702676,410
12316,1586,500000
12317,1586,500000
12318,19702676,210
12319,19702676,340
12320,876234,7390
12321,19702676,290
12322,876234,10130
12323,19702676,400
12324,17488076,530
12325,19702676,320
12326,876234,7750
12327,19702676,200
12328,876234,7780
12329,17488076,600
12330,1586,500000
12331,19702676,290
12332,17488076,510
12333,17488076,510
12334,1586,500000
12335,17488076,600
12336,876234,10290
12337,17488076,840
12338,1586,500000
12339,1586,500000
12340,19702676,320
12341,876234,5970
12342,17488076,670
12343,19702676,320
12344,17488076,530
12345,1586,500000
12346,19702676,400
12347,19702676,150
12348,17488076,840
12349,1586,500000
12350,19702676,480
12351,19702676,290
12352,19702676,110
12353,19702676,110
12354,1586,500000
12355,17488076,530
12356,17488076,600
12357,19702676,380
12358,876234,7610
12359,19702676,150
12360,19702676,200
12361,19702676,330
12362,876234,10550
12363,1586,500000
12364,19702676,150
12365,19702676,380
12366,17488076,670
12367,1586,500000
12368,19702676,380
12369,19702676,400
12370,1586,500000
12371,17488076,840
12372,17488076,840
12373,17488076,670
12374,1586,500000
12375,19702676,290
12376,1586,500000
12377,876234,6830
12378,1586,500000
12379,1586,500000
12380,876234,5510
12381,17488076,600
12382,1586,500000
12383,19702676,110
12384,17488076,840
12385,876234,14040
12386,1586,500000
12387,876234,7030
12388,876234,21660
12389,19702676,380
12390,876234,8020
12391,876234,8810
12392,17488076,530
12393,19702676,380
12394,1586,500000
12395,1586,500000
12396,1586,500000
12397,1586,500000
12398,17488076,580
12399,17488076,680
12400,876234,6580
12401,1586,500000
12402,1586,500000
12403,1586,500000
12404,17488076,840
12405,19702676,270
12406,876234,10920
12407,19702676,260
12408,19702676,110
12409,19702676,260
12410,1586,500000
12411,19702676,410
12412,17488076,840
12413,17488076,670
12414,1586,500000
12415,19702676,290
12416,17488076,840
12417,19702676,290
12418,1586,500000
12419,876234,24280
12420,17488076,530
12421,19702676,320
12422,19702676,150
12423,876234,4630
12424,19702676,450
12425,19702676,380
12426,19702676,290
12427,19702676,400
12428,19702676,480
12429,876234,28080
12430,19702676,480
12431,19702676,480
12432,1586,500000
12433,19702676,380
12434,1586,500000
12435,876234,7450
12436,1586,500000
12437,19702676,410
12438,19702676,290
12439,19702676,400
12440,876234,8090
12441,17488076,530
12442,19702676,210
12443,1586,500000
12444,17488076,1050
12445,19702676,380
12446,876234,9140
12447,17488076,670
12448,19702676,290
12449,17488076,600
12450,876234,5490
12451,17488076,840
12452,19702676,200
12453,876234,7210
12454,19702676,210
12455,19702676,290
12456,19702676,380
12457,19702676,400
12458,1586,500000
12459,17488076,670
12460,876234,7000
12461,19702676,280
12462,876234,6870
12463,876234,6620
12464,876234,7280
12465,17488076,680
12466,1586,500000
12467,17488076,840
12468,876234,11090
12469,1586,500000
12470,1586,500000
12471,17488076,670
12472,876234,8580
12473,17488076,840
12474,876234,9570
12475,19702676,200
12476,876234,8690
12477,17488076,530
12478,876234,10100
12479,17488076,840
12480,19702676,210
12481,876234,10430
12482,1586,500000
12483,17488076,840
12484,876234,5690
12485,876234,80550
12486,19702676,320
12487,19702676,150
12488,17488076,530
12489,19702676,260
12490,1586,500000
12491,19702676,210
12492,876234,8710
12493,1586,500000
12494,876234,31050
12495,1586,500000
12496,19702676,320
12497,876234,6640
12498,19702676,290
12499,19702676,380
12500,1586,500000
12501,876234,8720
12502,17488076,840
12503,1586,500000
12504,19702676,320
12505,1586,500000
12506,19702676,260
12507,876234,10310
12508,876234,7270
12509,19702676,110
12510,1586,500000
12511,1586,500000
12512,1586,500000
12513,19702676,380
12514,19702676,210
12515,1586,500000
12516,19702676,260
12517,19702676,260
12518,17488076,610
12519,19702676,380
12520,876234,6460
12521,19702676,290
12522,17488076,670
12523,19702676,290
12524,19702676,390
12525,876234,11130
12526,1586,500000
12527,19702676,380
12528,17488076,530
12529,17488076,530
12530,876234,6090
12531,19702676,320
12532,1586,500000
12533,1586,500000
12534,19702676,290
12535,19702676,200
12536,19702676,380
12537,876234,9140
12538,19702676,290
12539,1586,500000
12540,1586,500000
12541,876234,7950
12542,1586,500000
12543,17488076,750
12544,876234,6640
12545,19702676,320
12546,19702676,210
12547,17488076,670
12548,1586,500000
12549,19702676,350
12550,876234,7690
12551,19702676,170
12552,1586,500000
12553,19702676,290
12554,19702676,320
12555,1586,500000
12556,17488076,600
12557,1586,500000
12558,19702676,400
12559,19702676,290
12560,1586,500000
12561,17488076,670
12562,876234,7230
12563,19702676,290
12564,19702676,380
12565,19702676,150
12566,19702676,110
12567,19702676,150
12568,17488076,600
12569,876234,8060
12570,876234,5240
12571,19702676,480
12572,17488076,530
12573,876234,6550
12574,1586,500000
12575,1586,500000
12576,17488076,840
12577,17488076,530
12578,876234,9890
12579,876234,9620
12580,876234,6600
12581,1586,500000
12582,19702676,320
12583,17488076,530
12584,19702676,260
12585,17488076,600
12586,1586,500000
12587,1586,500000
12588,19702676,480
12589,17488076,530
12590,17488076,600
12591,876234,10370
12592,876234,5290
12593,1586,500000
12594,19702676,480
12595,1586,500000
12596,876234,10670
12597,17488076,840
12598,1586,500000
12599,876234,30160
12600,19702676,200
12601,17488076,530
12602,19702676,150
12603,876234,14420
12604,19702676,400
12605,17488076,530
12606,19702676,290
12607,1586,500000
12608,17488076,670
12609,19702676,260
12610,876234,6820
12611,19702676,110
12612,19702676,320
12613,19702676,290
12614,876234,10250
12615,19702676,200
12616,1586,500000
12617,1586,500000
12618,1586,500000
12619,876234,5620
12620,17488076,600
12621,19702676,400
12622,19702676,320
12623,876234,8270
12624,19702676,320
12625,19702676,290
12626,17488076,750
12627,876234,9920
12628,1586,500000
12629,19702676,400
12630,17488076,770
12631,19702676,480
12632,19702676,200
12633,1586,500000
12634,19702676,400
12635,19702676,400
12636,19702676,150
12637,17488076,530
12638,19702676,290
12639,876234,12570
12640,19702676,490
12641,19702676,110
12642,19702676,480
12643,876234,7050
12644,19702676,260
12645,876234,85660
12646,19702676,260
12647,19702676,380
12648,17488076,610
12649,19702676,410
12650,1586,500000
12651,19702676,200
12652,19702676,290
12653,19702676,200
12654,19702676,260
12655,17488076,600
12656,876234,6120
12657,1586,500000
12658,19702676,210
12659,1586,500000
12660,1586,500000
12661,876234,5270
12662,876234,9130
12663,17488076,670
12664,19702676,150
12665,1586,500000
12666,17488076,600
12667,1586,500000
12668,19702676,380
12669,1586,500000
12670,19702676,260
12671,1586,500000
12672,19702676,480
12673,19702676,220
12674,19702676,200
12675,876234,6220
12676,17488076,670
12677,19702676,290
12678,19702676,150
12679,17488076,670
12680,19702676,320
12681,19702676,260
12682,19702676,290
12683,1586,500000
12684,876234,12310
12685,876234,8800
12686,17488076,840
12687,876234,9970
12688,17488076,840
12689,19702676,320
12690,876234,10270
12691,1586,500000
12692,1586,500000
12693,19702676,290
12694,1586,500000
12695,1586,500000
12696,1586,500000
12697,17488076,530
12698,17488076,840
12699,876234,38730
12700,1586,500000
12701,876234,8560
12702,19702676,210
12703,19702676,290
12704,19702676,320
12705,17488076,600
12706,876234,10740
12707,876234,5830
12708,19702676,480
12709,17488076,750
12710,876234,8690
12711,19702676,260
12712,17488076,670
12713,19702676,320
12714,17488076,600
12715,1586,500000
12716,19702676,400
12717,1586,500000
12718,876234,6390
12719,876234,7550
12720,1586,500000
12721,876234,8490
12722,17488076,670
12723,17488076,670
12724,876234,6650
12725,1586,500000
12726,19702676,480
12727,17488076,600
12728,19702676,380
12729,1586,500000
12730,19702676,480
12731,876234,15950
12732,19702676,260
12733,876234,11460
12734,19702676,290
12735,19702676,380
12736,19702676,320
12737,1586,500000
12738,19702676,380
12739,1586,500000
12740,19702676,200
12741,19702676,260
12742,876234,7420
12743,19702676,110
12744,19702676,200
12745,1586,500000
12746,19702676,150
12747,876234,9590
12748,876234,8530
12749,1586,500000
12750,17488076,500
12751,19702676,210
12752,19702676,400
12753,876234,5010
12754,17488076,860
12755,19702676,260
12756,19702676,380
12757,1586,500000
12758,1586,500000
12759,1586,500000
12760,1586,500000
12761,19702676,320
12762,19702676,290
12763,1586,500000
12764,19702676,380
12765,19702676,290
12766,17488076,840
12767,19702676,400
12768,876234,10250
12769,876234,11020
12770,19702676,410
12771,19702676,290
12772,19702676,400
12773,19702676,230
12774,19702676,210
12775,19702676,480
12776,19702676,260
12777,19702676,290
12778,19702676,380
12779,19702676,220
12780,19702676,110
12781,1586,500000
12782,19702676,260
12783,1586,500000
12784,19702676,290
12785,1586,500000
12786,17488076,600
12787,19702676,410
12788,1586,500000
12789,19702676,410
12790,19702676,400
12791,1586,500000
12792,876234,6980
12793,19702676,260
12794,17488076,600
12795,19702676,260
12796,1586,500000
12797,1586,500000
12798,1586,500000
12799,876234,7070
12800,19702676,150
12801,1586,500000
12802,1586,500000
12803,19702676,110
12804,19702676,400
12805,19702676,260
12806,17488076,600
12807,19702676,400
12808,876234,8070
12809,17488076,850
12810,1586,500000
12811,876234,5990
12812,876234,8650
12813,1586,500000
12814,17488076,1300
12815,1586,500000
12816,876234,13500
12817,19702676,400
12818,1586,500000
12819,1586,500000
12820,876234,30440
12821,17488076,530
12822,17488076,670
12823,1586,500000
12824,1586,500000
12825,19702676,260
12826,17488076,840
12827,1586,500000
12828,19702676,400
12829,1586,500000
12830,17488076,530
12831,1586,500000
12832,1586,500000
12833,19702676,480
12834,1586,500000
12835,1586,500000
12836,876234,12260
12837,17488076,1050
12838,1586,500000
12839,1586,500000
12840,19702676,200
12841,19702676,480
12842,1586,500000
12843,876234,7140
12844,17488076,600
12845,19702676,400
12846,19702676,290
12847,876234,6230
12848,19702676,160
12849,19702676,150
12850,19702676,400
12851,1586,500000
12852,876234,8600
12853,876234,5550
12854,19702676,320
12855,876234,6850
12856,19702676,320
12857,876234,7880
12858,1586,500000
12859,19702676,200
12860,19702676,210
12861,1586,500000
12862,1586,500000
12863,876234,6200
12864,19702676,380
12865,876234,43980
12866,1586,500000
12867,1586,500000
12868,876234,8390
12869,19702676,150
12870,17488076,750
12871,19702676,290
12872,19702676,400
12873,17488076,500
12874,19702676,200
12875,17488076,600
12876,1586,500000
12877,17488076,670
12878,17488076,530
12879,17488076,530
12880,876234,8180
12881,876234,5630
12882,19702676,110
12883,19702676,380
12884,876234,9560
12885,1586,500000
12886,1586,500000
12887,19702676,150
12888,17488076,530
12889,1586,500000
12890,19702676,380
12891,19702676,320
12892,1586,500000
12893,876234,6730
12894,1586,500000
12895,876234,6020
12896,876234,16700
12897,876234,5640
12898,19702676,320
12899,17488076,670
12900,17488076,840
12901,876234,6770
12902,1586,500000
12903,17488076,500
12904,876234,7730
12905,876234,5970
12906,876234,6290
12907,17488076,840
12908,17488076,840
12909,19702676,260
12910,876234,6330
12911,17488076,600
12912,19702676,290
12913,1586,500000
12914,19702676,160
12915,19702676,150
12916,1586,500000
12917,876234,5400
12918,1586,500000
12919,1586,500000
12920,19702676,200
12921,1586,500000
12922,876234,5580
12923,19702676,400
12924,1586,500000
12925,19702676,320
12926,19702676,480
12927,1586,500000
12928,19702676,150
12929,1586,500000
12930,19702676,290
12931,19702676,320
12932,19702676,480
12933,19702676,220
12934,19702676,260
12935,19702676,400
12936,876234,5320
12937,17488076,530
12938,17488076,530
12939,19702676,260
12940,876234,8650
12941,19702676,400
12942,1586,500000
12943,19702676,110
12944,876234,6480
12945,876234,6100
12946,1586,500000
12947,17488076,840
12948,876234,27100
12949,19702676,150
12950,1586,500000
12951,1586,500000
12952,1586,500000
12953,876234,21310
12954,19702676,290
12955,17488076,530
12956,17488076,670
12957,19702676,110
12958,876234,8120
12959,17488076,670
12960,19702676,480
12961,1586,500000
12962,19702676,380
12963,1586,500000
12964,1586,500000
12965,19702676,480
12966,19702676,210
12967,876234,10850
12968,876234,8130
12969,17488076,530
12970,876234,30880
12971,19702676,150
12972,1586,500000
12973,1586,500000
12974,19702676,290
12975,1586,500000
12976,876234,16950
12977,876234,7000
12978,1586,500000
12979,1586,500000
12980,876234,7190
12981,19702676,400
12982,19702676,220
12983,1586,500000
12984,17488076,610
12985,19702676,200
12986,876234,8170
12987,19702676,320
12988,19702676,290
12989,19702676,210
12990,19702676,400
12991,876234,15920
12992,876234,11190
12993,17488076,530
12994,17488076,600
12995,1586,500000
12996,1586,500000
12997,17488076,600
12998,1586,500000
12999,1586,500000
13000,19702676,210
13001,1586,500000
13002,19702676,400
13003,1586,500000
13004,17488076,600
13005,1586,500000
13006,19702676,210
13007,17488076,840
13008,19702676,380
13009,876234,5970
13010,17488076,670
13011,1586,500000
13012,19702676,150
13013,876234,7250
13014,19702676,380
13015,17488076,530
13016,19702676,200
13017,17488076,610
13018,19702676,290
13019,17488076,530
13020,1586,500000
13021,17488076,600
13022,1586,500000
13023,17488076,600
13024,876234,17260
13025,19702676,210
13026,19702676,290
13027,19702676,400
13028,19702676,400
13029,19702676,290
13030,19702676,480
13031,17488076,670
13032,19702676,380
13033,17488076,750
13034,19702676,420
13035,1586,500000
13036,17488076,600
13037,19702676,210
13038,876234,6370
13039,876234,9040
13040,1586,500000
13041,17488076,840
13042,876234,18730
13043,19702676,380
13044,876234,7780
13045,19702676,110
13046,876234,6640
13047,19702676,380
13048,19702676,110
13049,1586,500000
13050,19702676,480
13051,17488076,670
13052,17488076,670
13053,1586,500000
13054,17488076,840
13055,1586,500000
13056,876234,5180
13057,1586,500000
13058,1586,500000
13059,19702676,290
13060,19702676,210
13061,17488076,1050
13062,17488076,1600
13063,17488076,840
13064,17488076,600
13065,1586,500000
13066,1586,500000
13067,17488076,550
13068,17488076,530
13069,17488076,840
13070,876234,11990
13071,876234,33100
13072,1586,500000
13073,19702676,260
13074,19702676,400
13075,1586,500000
13076,19702676,480
13077,19702676,260
13078,876234,5350
13079,19702676,290
13080,19702676,290
13081,1586,500000
13082,19702676,290
13083,1586,500000
13084,19702676,480
13085,17488076,670
13086,19702676,260
13087,19702676,290
13088,19702676,480
13089,1586,500000
13090,19702676,290
13091,17488076,670
13092,17488076,530
13093,17488076,750
13094,19702676,390
13095,17488076,530
13096,19702676,380
13097,19702676,320
13098,17488076,670
13099,19702676,210
13100,876234,16510
13101,17488076,840
13102,876234,5230
13103,1586,500000
13104,19702676,320
13105,1586,500000
13106,1586,500000
13107,19702676,150
13108,17488076,840
13109,17488076,840
13110,1586,500000
13111,19702676,320
13112,19702676,290
13113,876234,10560
13114,19702676,200
13115,876234,7750
13116,17488076,610
13117,17488076,600
13118,876234,5710
13119,1586,500000
13120,19702676,380
13121,19702676,210
13122,876234,7530
13123,19702676,260
13124,1586,500000
13125,19702676,290
13126,19702676,480
13127,19702676,390
13128,1586,500000
13129,17488076,600
13130,876234,9350
13131,17488076,520
13132,19702676,210
13133,19702676,380
13134,19702676,290
13135,19702676,110
13136,876234,8530
13137,1586,500000
13138,876234,8910
13139,876234,6930
13140,876234,8420
13141,17488076,670
13142,876234,8710
13143,1586,500000
13144,1586,500000
13145,17488076,530
13146,17488076,600
13147,876234,8150
13148,17488076,1050
13149,876234,7800
13150,17488076,850
13151,17488076,600
13152,19702676,400
13153,19702676,290
13154,17488076,530
13155,1586,500000
13156,19702676,110
13157,17488076,750
13158,19702676,210
13159,1586,500000
13160,19702676,400
13161,1586,500000
13162,17488076,600
13163,876234,8900
13164,876234,10430
13165,876234,8010
13166,876234,13820
13167,876234,16060
13168,1586,500000
13169,19702676,320
13170,19702676,480
13171,876234,7210
13172,19702676,290
13173,19702676,400
13174,876234,15190
13175,1586,500000
13176,876234,8430
13177,876234,7670
13178,876234,12550
13179,19702676,480
13180,17488076,530
13181,876234,7370
13182,19702676,290
13183,17488076,840
13184,19702676,380
13185,17488076,670
13186,1586,500000
13187,1586,500000
13188,876234,8730
13189,19702676,110
13190,19702676,340
13191,1586,500000
13192,17488076,840
13193,19702676,150
13194,1586,500000
13195,1586,500000
13196,19702676,320
13197,19702676,290
13198,876234,8440
13199,17488076,530
13200,19702676,480
13201,876234,9050
13202,19702676,260
13203,19702676,160
13204,1586,500000
13205,876234,8180
13206,17488076,600
13207,876234,82780
13208,17488076,530
13209,19702676,200
13210,1586,500000
13211,19702676,160
13212,19702676,290
13213,876234,10190
13214,17488076,1050
13215,19702676,290
13216,1586,500000
13217,1586,500000
13218,19702676,290
13219,1586,500000
13220,1586,500000
13221,1586,500000
13222,19702676,200
13223,1586,500000
13224,19702676,260
13225,876234,7600
13226,19702676,260
13227,17488076,670
13228,19702676,110
13229,19702676,400
13230,19702676,110
13231,19702676,150
13232,19702676,380
13233,19702676,210
13234,17488076,840
13235,19702676,400
13236,19702676,200
13237,19702676,340
13238,19702676,290
13239,1586,500000
13240,876234,10500
13241,17488076,840
13242,19702676,400
13243,19702676,480
13244,1586,500000
13245,19702676,260
13246,876234,8440
13247,17488076,670
13248,876234,15420
13249,876234,7970
13250,876234,14610
13251,876234,9020
13252,1586,500000
13253,19702676,400
13254,19702676,400
13255,1586,500000
13256,876234,56100
13257,876234,6710
13258,17488076,680
13259,876234,5160
13260,876234,10030
13261,876234,4990
13262,17488076,670
13263,19702676,320
13264,17488076,670
13265,876234,8220
13266,17488076,900
13267,876234,5210
13268,876234,5660
13269,19702676,400
13270,1586,500000
13271,19702676,320
13272,17488076,500
13273,19702676,480
13274,1586,500000
13275,19702676,290
13276,1586,500000
13277,19702676,260
13278,17488076,840
13279,19702676,290
13280,19702676,400
13281,19702676,210
13282,19702676,170
13283,876234,15410
13284,1586,500000
13285,17488076,840
13286,1586,500000
13287,19702676,290
13288,17488076,670
13289,19702676,110
13290,876234,6380
13291,19702676,380
13292,17488076,600
13293,876234,22070
13294,17488076,750
13295,1586,500000
13296,19702676,290
13297,17488076,530
13298,19702676,380
13299,17488076,1050
13300,19702676,260
13301,17488076,600
13302,19702676,320
13303,19702676,420
13304,876234,8540
13305,19702676,480
13306,17488076,600
13307,1586,500000
13308,19702676,320
13309,876234,4950
13310,19702676,200
13311,1586,500000
13312,19702676,400
13313,1586,500000
13314,19702676,400
13315,1586,500000
13316,19702676,400
13317,17488076,600
13318,19702676,110
13319,19702676,200
13320,19702676,290
13321,876234,7510
13322,19702676,210
13323,876234,8020
13324,876234,6070
13325,1586,500000
13326,876234,8330
13327,1586,500000
13328,19702676,410
13329,19702676,200
13330,17488076,530
13331,1586,500000
13332,19702676,320
13333,1586,500000
13334,17488076,530
13335,876234,12810
13336,876234,7010
13337,1586,500000
13338,876234,7840
13339,19702676,320
13340,1586,500000
13341,17488076,600
13342,876234,8460
13343,876234,12120
13344,876234,8110
13345,876234,7750
13346,1586,500000
13347,19702676,380
13348,19702676,400
13349,19702676,290
13350,19702676,110
13351,19702676,430
13352,1586,500000
13353,19702676,290
13354,19702676,290
13355,19702676,170
13356,19702676,380
13357,1586,500000
13358,19702676,260
13359,1586,500000
13360,1586,500000
13361,876234,6280
13362,17488076,840
13363,876234,83670
13364,876234,8170
13365,19702676,150
13366,876234,8440
13367,876234,10260
13368,1586,500000
13369,19702676,300
13370,876234,6930
13371,19702676,400
13372,19702676,480
13373,1586,500000
13374,19702676,110
13375,17488076,680
13376,19702676,210
13377,1586,500000
13378,19702676,260
13379,876234,12170
13380,1586,500000
13381,876234,6670
13382,1586,500000
13383,17488076,1050
13384,876234,7080
13385,19702676,320
13386,876234,5520
13387,19702676,110
13388,17488076,600
13389,876234,9480
13390,876234,6150
13391,17488076,840
13392,19702676,380
13393,19702676,320
13394,876234,7780
13395,876234,8730
13396,876234,6210
13397,19702676,480
13398,876234,8710
13399,1586,500000
13400,19702676,160
13401,19702676,320
13402,876234,13040
13403,19702676,300
13404,1586,500000
13405,876234,11350
13406,17488076,1070
13407,19702676,480
13408,19702676,380
13409,876234,7370
13410,19702676,400
13411,876234,6680
13412,19702676,400
13413,19702676,380
13414,19702676,150
13415,17488076,530
13416,19702676,400
13417,876234,10320
13418,19702676,210
13419,1586,500000
13420,19702676,110
13421,17488076,670
13422,19702676,400
13423,1586,500000
13424,19702676,480
13425,876234,9040
13426,1586,500000
13427,19702676,200
13428,1586,500000
13429,17488076,600
13430,1586,500000
13431,19702676,200
13432,19702676,320
13433,17488076,530
13434,1586,500000
13435,19702676,200
13436,17488076,600
13437,1586,500000
13438,17488076,840
13439,1586,500000
13440,1586,500000
13441,1586,500000
13442,876234,10780
13443,19702676,290
13444,17488076,1050
13445,876234,7290
13446,19702676,400
13447,19702676,270
13448,17488076,850
13449,876234,7960
13450,876234,8920
13451,17488076,670
13452,17488076,600
13453,1586,500000
13454,876234,30520
13455,876234,8210
13456,17488076,840
13457,1586,500000
13458,19702676,320
13459,19702676,200
13460,19702676,380
13461,876234,9880
13462,1586,500000
13463,1586,500000
13464,876234,7690
13465,1586,500000
13466,19702676,400
13467,19702676,110
13468,17488076,530
13469,19702676,210
13470,1586,500000
13471,19702676,290
13472,17488076,750
13473,19702676,210
13474,17488076,700
13475,17488076,530
13476,1586,500000
13477,19702676,290
13478,876234,6790
13479,19702676,200
13480,19702676,280
13481,876234,6840
13482,19702676,150
13483,19702676,220
13484,17488076,670
13485,1586,500000
13486,876234,21950
13487,1586,500000
13488,1586,500000
13489,17488076,670
13490,876234,5920
13491,17488076,600
13492,19702676,150
13493,19702676,340
13494,19702676,400
13495,1586,500000
13496,876234,7450
13497,19702676,290
13498,1586,500000
13499,19702676,480
13500,876234,20330
13501,17488076,890
13502,1586,500000
13503,19702676,260
13504,17488076,530
13505,19702676,210
13506,1586,500000
13507,19702676,260
13508,19702676,200
13509,19702676,170
13510,1586,500000
13511,19702676,110
13512,19702676,290
13513,19702676,260
13514,17488076,840
13515,876234,6300
13516,19702676,260
13517,876234,9470
13518,19702676,150
13519,19702676,290
13520,17488076,1050
13521,19702676,210
13522,876234,6130
13523,17488076,840
13524,19702676,290
13525,19702676,290
13526,876234,31870
13527,19702676,320
13528,19702676,490
13529,17488076,530
13530,17488076,540
13531,19702676,280
13532,1586,500000
13533,17488076,840
13534,19702676,400
13535,17488076,610
13536,17488076,840
13537,19702676,210
13538,876234,10740
13539,17488076,670
13540,19702676,400
13541,19702676,380
13542,1586,500000
13543,19702676,260
13544,1586,500000
13545,876234,5750
13546,876234,11100
13547,1586,500000
13548,19702676,410
13549,876234,12030
13550,1586,500000
13551,1586,500000
13552,1586,500000
13553,19702676,270
13554,1586,500000
13555,17488076,750
13556,1586,500000
13557,17488076,530
13558,19702676,400
13559,1586,500000
13560,876234,8630
13561,876234,6560
13562,1586,500000
13563,876234,57670
13564,876234,11210
13565,17488076,600
13566,19702676,480
13567,19702676,400
13568,17488076,840
13569,19702676,200
13570,1586,500000
13571,19702676,150
13572,1586,500000
13573,19702676,380
13574,19702676,410
13575,1586,500000
13576,1586,500000
13577,19702676,290
13578,1586,500000
13579,876234,9390
13580,876234,8200
13581,876234,7280
13582,1586,500000
13583,19702676,150
13584,17488076,930
13585,876234,7700
13586,1586,500000
13587,19702676,290
13588,17488076,930
13589,1586,500000
13590,19702676,200
13591,876234,7700
13592,19702676,400
13593,876234,6950
13594,17488076,750
13595,19702676,150
13596,1586,500000
13597,19702676,290
13598,19702676,380
13599,19702676,150
13600,876234,7190
13601,19702676,20
13602,19702676,10
13603,876234,6280
13604,19702676,30
13605,876234,7590
13606,19702676,20
13607,76016952,0
13608,1586,500000
13609,19702676,10
13610,19702676,20
13611,19702676,30
13612,1586,500000
13613,19702676,110
13614,19702676,10
13615,19702676,10
13616,19702676,40
13617,19702676,60
13618,19702676,40
13619,19702676,40
13620,19702676,10
13621,19702676,30
13622,19702676,30
13623,19702676,70
13624,19702676,20
13625,19702676,20
13626,19702676,20
13627,76016952,0
13628,1586,500000
13629,19702676,50
13630,876234,7320
13631,19702676,30
13632,19702676,10
13633,19702676,20
13634,19702676,20
13635,1586,500000
13636,19702676,10
13637,19702676,40
13638,19702676,10
13639,19702676,10
13640,19702676,20
13641,19702676,10
13642,19702676,20
13643,19702676,30
13644,1586,500000
13645,19702676,20
13646,19702676,30
13647,19702676,10
13648,19702676,110
13649,19702676,20
13650,76016952,0
13651,19702676,20
13652,19702676,30
13653,19702676,70
13654,876234,7320
13655,19702676,60
13656,19702676,20
13657,876234,8320
13658,876234,5760
13659,19702676,20
13660,19702676,40
13661,876234,7100
13662,19702676,150
13663,19702676,20
13664,19702676,20
13665,876234,16540
13666,19702676,60
13667,19702676,20
13668,76016952,0
13669,19702676,10
13670,19702676,150
13671,19702676,30
13672,19702676,30
13673,19702676,30
13674,19702676,30
13675,19702676,40
13676,1586,500000
13677,19702676,50
13678,19702676,70
13679,19702676,30
13680,19702676,20
13681,876234,7790
13682,19702676,10
13683,19702676,50
13684,19702676,10
13685,876234,7700
13686,19702676,10
13687,19702676,10
13688,19702676,20
13689,19702676,80
13690,1586,500000
13691,19702676,30
13692,19702676,10
13693,19702676,30
13694,1586,500000
13695,19702676,50
13696,19702676,20
13697,19702676,30
13698,19702676,10
13699,19702676,30
13700,19702676,10
13701,19702676,50
13702,19702676,10
13703,19702676,30
13704,19702676,110
13705,19702676,10
13706,19702676,50
13707,19702676,10
13708,1586,500000
13709,1586,500000
13710,19702676,10
13711,19702676,30
13712,19702676,20
13713,19702676,40
13714,19702676,30
13715,19702676,50
13716,1586,500000
13717,19702676,20
13718,19702676,80
13719,19702676,10
13720,19702676,30
13721,19702676,60
13722,19702676,50
13723,19702676,10
13724,19702676,10
13725,19702676,20
13726,19702676,20
13727,19702676,20
13728,19702676,20
13729,19702676,40
13730,19702676,20
13731,19702676,40
13732,19702676,30
13733,76016952,0
13734,1586,500000
13735,1586,500000
13736,19702676,40
13737,19702676,30
13738,19702676,30
13739,19702676,40
13740,19702676,20
13741,19702676,50
13742,19702676,10
13743,19702676,30
13744,19702676,60
13745,19702676,20
13746,876234,4990
13747,19702676,10
13748,19702676,30
13749,876234,9850
13750,19702676,10
13751,19702676,10
13752,19702676,10
13753,19702676,10
13754,19702676,110
13755,19702676,90
13756,19702676,40
13757,19702676,30
13758,19702676,10
13759,19702676,30
13760,19702676,20
13761,19702676,10
13762,19702676,20
13763,19702676,10
13764,19702676,30
13765,19702676,10
13766,19702676,20
13767,19702676,40
13768,19702676,110
13769,19702676,130
13770,1586,500000
13771,19702676,20
13772,19702676,30
13773,19702676,30
13774,1586,500000
13775,19702676,30
13776,19702676,80
13777,1586,500000
13778,19702676,20
13779,76016952,0
13780,19702676,10
13781,19702676,30
13782,19702676,60
13783,19702676,20
13784,19702676,40
13785,19702676,10
13786,19702676,20
13787,19702676,60
13788,1586,500000
13789,19702676,10
13790,19702676,100
13791,19702676,60
13792,1586,500000
13793,19702676,10
13794,19702676,10
13795,19702676,50
13796,19702676,40
13797,19702676,10
13798,19702676,30
13799,19702676,10
13800,19702676,30
13801,19702676,30
13802,19702676,20
13803,19702676,40
13804,19702676,30
13805,19702676,20
13806,19702676,10
13807,1586,500000
13808,1586,500000
13809,19702676,30
13810,1586,500000
13811,19702676,40
13812,19702676,30
13813,19702676,20
13814,19702676,110
13815,19702676,20
13816,19702676,60
13817,19702676,40
13818,19702676,10
13819,19702676,80
13820,876234,39970
13821,1586,500000
13822,19702676,50
13823,19702676,10
13824,19702676,40
13825,19702676,20
13826,1586,500000
13827,19702676,10
13828,19702676,10
13829,19702676,90
13830,19702676,20
13831,19702676,10
13832,19702676,20
13833,876234,10940
13834,19702676,10
13835,19702676,10
13836,19702676,60
13837,19702676,10
13838,19702676,10
13839,19702676,10
13840,876234,13470
13841,19702676,20
13842,19702676,150
13843,876234,10220
13844,876234,5450
13845,19702676,10
13846,19702676,10
13847,19702676,40
13848,19702676,30
13849,19702676,20
13850,19702676,10
13851,19702676,10
13852,19702676,20
13853,19702676,20
13854,19702676,30
13855,19702676,20
13856,19702676,20
13857,19702676,20
13858,876234,7620
13859,19702676,20
13860,19702676,10
13861,19702676,10
13862,876234,7560
13863,19702676,20
13864,19702676,30
13865,19702676,30
13866,19702676,20
13867,19702676,20
13868,19702676,10
13869,19702676,10
13870,19702676,10
13871,19702676,10
13872,19702676,50
13873,19702676,30
13874,19702676,20
13875,19702676,30
13876,76016952,0
13877,1586,500000
13878,19702676,20
13879,19702676,20
13880,1586,500000
13881,19702676,20
13882,19702676,210
13883,19702676,20
13884,19702676,20
13885,19702676,10
13886,19702676,20
13887,19702676,10
13888,19702676,30
13889,19702676,150
13890,1586,500000
13891,19702676,10
13892,19702676,20
13893,19702676,20
13894,19702676,50
13895,876234,7190
13896,19702676,40
13897,19702676,30
13898,876234,5300
13899,19702676,10
13900,19702676,50
13901,19702676,30
13902,19702676,20
13903,19702676,30
13904,19702676,20
13905,19702676,40
13906,19702676,30
13907,19702676,10
13908,19702676,30
13909,19702676,10
13910,19702676,10
13911,19702676,40
13912,19702676,60
13913,19702676,30
13914,19702676,40
13915,19702676,20
13916,19702676,20
13917,19702676,60
13918,19702676,150
13919,19702676,40
13920,19702676,10
13921,19702676,20
13922,19702676,50
13923,19702676,90
13924,19702676,150
13925,19702676,60
13926,19702676,30
13927,19702676,20
13928,19702676,10
13929,19702676,30
13930,19702676,10
13931,1586,500000
13932,19702676,40
13933,19702676,90
13934,19702676,30
13935,19702676,60
13936,19702676,10
13937,19702676,30
13938,1586,500000
13939,19702676,30
13940,76016952,0
13941,19702676,50
13942,19702676,40
13943,876234,6310
13944,19702676,30
13945,19702676,10
13946,19702676,20
13947,19702676,30
13948,876234,11320
13949,1586,500000
13950,19702676,40
13951,876234,23340
13952,19702676,20
13953,876234,8620
13954,19702676,20
13955,19702676,40
13956,19702676,30
13957,1586,500000
13958,19702676,30
13959,19702676,30
13960,19702676,20
13961,19702676,10
13962,19702676,20
13963,19702676,80
13964,876234,7990
13965,1586,500000
13966,19702676,10
13967,19702676,30
13968,19702676,20
13969,19702676,20
13970,19702676,10
13971,19702676,30
13972,19702676,30
13973,19702676,20
13974,19702676,150
13975,1586,500000
13976,19702676,10
13977,19702676,10
13978,19702676,40
13979,19702676,40
13980,19702676,30
13981,19702676,20
13982,19702676,10
13983,19702676,60
13984,19702676,10
13985,19702676,30
13986,76016952,0
13987,19702676,30
13988,19702676,10
13989,876234,5920
13990,19702676,60
13991,19702676,40
13992,19702676,20
13993,19702676,30
13994,19702676,20
13995,19702676,30
13996,19702676,10
13997,19702676,10
13998,19702676,20
13999,19702676,30
14000,19702676,40
14001,19702676,30
14002,19702676,30
14003,19702676,30
14004,19702676,10
14005,19702676,30
14006,19702676,30
14007,19702676,30
14008,19702676,20
14009,1586,500000
14010,19702676,10
14011,19702676,40
14012,19702676,10
14013,19702676,20
14014,19702676,10
14015,19702676,40
14016,19702676,60
14017,1586,500000
14018,19702676,40
14019,19702676,20
14020,19702676,70
14021,19702676,10
14022,19702676,30
14023,19702676,10
14024,19702676,40
14025,19702676,50
14026,19702676,20
14027,19702676,50
14028,19702676,20
14029,19702676,10
14030,19702676,30
14031,19702676,50
14032,19702676,20
14033,19702676,10
14034,19702676,50
14035,19702676,40
14036,19702676,20
14037,19702676,40
14038,76016952,0
14039,19702676,40
14040,19702676,10
14041,19702676,110
14042,19702676,10
14043,19702676,10
14044,19702676,40
14045,19702676,90
14046,1586,500000
14047,19702676,30
14048,19702676,20
14049,19702676,40
14050,1586,500000
14051,19702676,20
14052,19702676,30
14053,876234,7320
14054,19702676,20
14055,19702676,20
14056,19702676,50
14057,1586,500000
14058,19702676,50
14059,19702676,40
14060,1586,500000
14061,19702676,10
14062,19702676,60
14063,19702676,30
14064,19702676,40
14065,19702676,20
14066,1586,500000
14067,19702676,70
14068,19702676,30
14069,19702676,60
14070,19702676,10
14071,19702676,10
14072,19702676,10
14073,76016952,0
14074,19702676,40
14075,19702676,20
14076,19702676,20
14077,19702676,10
14078,19702676,50
14079,19702676,10
14080,19702676,40
14081,1586,500000
14082,19702676,10
14083,19702676,30
14084,19702676,30
14085,19702676,30
14086,19702676,40
14087,1586,500000
14088,19702676,20
14089,19702676,60
14090,19702676,80
14091,19702676,10
14092,19702676,10
14093,876234,14500
14094,19702676,10
14095,19702676,50
14096,19702676,60
14097,19702676,10
14098,19702676,10
14099,19702676,20
14100,19702676,20
14101,1586,500000
14102,19702676,50
14103,19702676,80
14104,19702676,10
14105,19702676,30
14106,19702676,60
14107,876234,5570
14108,1586,500000
14109,19702676,10
14110,19702676,20
14111,19702676,30
14112,19702676,50
14113,19702676,30
14114,19702676,10
14115,19702676,10
14116,19702676,50
14117,19702676,10
14118,19702676,30
14119,19702676,40
14120,19702676,110
14121,19702676,70
14122,19702676,50
14123,19702676,50
14124,19702676,50
14125,19702676,50
14126,19702676,60
14127,19702676,20
14128,19702676,20
14129,19702676,30
14130,19702676,20
14131,19702676,40
14132,19702676,50
14133,19702676,30
14134,876234,9560
14135,19702676,30
14136,876234,16610
14137,19702676,20
14138,19702676,10
14139,19702676,40
14140,19702676,30
14141,19702676,30
14142,19702676,20
14143,19702676,50
14144,876234,13080
14145,19702676,10
14146,876234,9320
14147,19702676,30
14148,19702676,30
14149,19702676,80
14150,876234,8910
14151,19702676,30
14152,19702676,60
14153,876234,18680
14154,1586,500000
14155,19702676,30
14156,19702676,20
14157,19702676,20
14158,19702676,10
14159,1586,500000
14160,19702676,80
14161,19702676,40
14162,19702676,40
14163,19702676,60
14164,19702676,20
14165,19702676,20
14166,1586,500000
14167,19702676,60
14168,19702676,10
14169,19702676,10
14170,19702676,20
14171,76016952,0
14172,19702676,10
14173,19702676,20
14174,19702676,50
14175,19702676,40
14176,19702676,20
14177,19702676,20
14178,19702676,20
14179,19702676,20
14180,876234,8280
14181,19702676,30
14182,19702676,20
14183,19702676,60
14184,19702676,30
14185,19702676,20
14186,19702676,30
14187,19702676,10
14188,19702676,20
14189,19702676,50
14190,1586,500000
14191,19702676,70
14192,1586,500000
14193,19702676,20
14194,19702676,60
14195,19702676,10
14196,876234,7640
14197,19702676,10
14198,19702676,30
14199,19702676,30
14200,19702676,10
14201,876234,7020
14202,1586,500000
14203,19702676,10
14204,19702676,30
14205,19702676,50
14206,19702676,30
14207,19702676,40
14208,19702676,10
14209,19702676,20
14210,19702676,30
14211,19702676,10
14212,19702676,10
14213,19702676,60
14214,19702676,40
14215,19702676,30
14216,19702676,30
14217,19702676,10
14218,19702676,20
14219,19702676,10
14220,19702676,40
14221,19702676,20
14222,19702676,20
14223,19702676,10
14224,19702676,10
14225,19702676,30
14226,19702676,30
14227,19702676,60
14228,19702676,20
14229,19702676,20
14230,19702676,20
14231,19702676,40
14232,19702676,20
14233,19702676,20
14234,19702676,40
14235,19702676,10
14236,19702676,60
14237,19702676,40
14238,19702676,30
14239,19702676,40
14240,19702676,20
14241,19702676,10
14242,19702676,30
14243,19702676,30
14244,19702676,60
14245,19702676,20
14246,19702676,50
14247,19702676,10
14248,876234,8490
14249,19702676,10
14250,19702676,30
14251,76016952,0
14252,19702676,10
14253,19702676,70
14254,19702676,30
14255,19702676,20
14256,19702676,30
14257,19702676,30
14258,19702676,20
14259,19702676,40
14260,19702676,60
14261,19702676,30
14262,876234,11000
14263,19702676,50
14264,19702676,20
14265,19702676,40
14266,19702676,30
14267,19702676,10
14268,19702676,10
14269,1586,500000
14270,19702676,30
14271,19702676,10
14272,19702676,50
14273,19702676,50
14274,19702676,10
14275,19702676,20
14276,19702676,20
14277,19702676,10
14278,19702676,20
14279,19702676,20
14280,19702676,20
14281,19702676,50
14282,19702676,20
14283,19702676,10
14284,19702676,30
14285,19702676,10
14286,19702676,30
14287,19702676,30
14288,876234,5390
14289,19702676,10
14290,19702676,30
14291,19702676,40
14292,19702676,30
14293,19702676,10
14294,19702676,10
14295,19702676,80
14296,19702676,20
14297,1586,500000
14298,19702676,10
14299,19702676,10
14300,19702676,50
14301,19702676,10
14302,19702676,20
14303,19702676,30
14304,19702676,20
14305,19702676,20
14306,19702676,30
14307,19702676,30
14308,19702676,10
14309,19702676,10
14310,19702676,20
14311,19702676,10
14312,19702676,10
14313,1586,500000
14314,876234,12900
14315,19702676,60
14316,19702676,20
14317,19702676,20
14318,19702676,20
14319,19702676,50
14320,19702676,20
14321,19702676,20
14322,19702676,10
14323,19702676,30
14324,19702676,30
14325,19702676,150
14326,19702676,20
14327,1586,500000
14328,1586,500000
14329,19702676,10
14330,19702676,10
14331,19702676,10
14332,19702676,50
14333,19702676,60
14334,19702676,210
14335,19702676,210
14336,19702676,30
14337,1586,500000
14338,19702676,40
14339,876234,14390
14340,19702676,100
14341,19702676,60
14342,19702676,50
14343,19702676,110
14344,19702676,90
14345,19702676,50
14346,19702676,10
14347,19702676,40
14348,19702676,40
14349,19702676,50
14350,1586,500000
14351,876234,7870
14352,19702676,10
14353,19702676,20
14354,19702676,20
14355,19702676,20
14356,19702676,120
14357,19702676,50
14358,876234,11830
14359,19702676,20
14360,19702676,30
14361,19702676,10
14362,19702676,90
14363,19702676,10
14364,19702676,70
14365,19702676,20
14366,19702676,10
14367,19702676,40
14368,19702676,40
14369,19702676,60
14370,19702676,10
14371,19702676,150
14372,19702676,40
14373,19702676,30
14374,19702676,70
14375,19702676,70
14376,19702676,20
14377,19702676,10
14378,19702676,80
14379,19702676,10
14380,19702676,40
14381,1586,500000
14382,19702676,40
14383,19702676,20
14384,19702676,20
14385,19702676,10
14386,876234,19400
14387,19702676,40
14388,19702676,10
14389,19702676,50
14390,19702676,40
14391,19702676,50
14392,19702676,50
14393,19702676,20
14394,19702676,10
14395,19702676,10
14396,19702676,20
14397,19702676,20
14398,1586,500000
14399,19702676,20
14400,19702676,20
14401,19702676,30
14402,19702676,20
14403,19702676,30
14404,19702676,80
14405,19702676,30
14406,19702676,30
14407,19702676,10
14408,19702676,10
14409,19702676,30
14410,19702676,20
14411,19702676,20
14412,19702676,30
14413,19702676,30
14414,19702676,40
14415,19702676,80
14416,19702676,50
14417,19702676,10
14418,19702676,10
14419,19702676,10
14420,19702676,30
14421,19702676,50
14422,19702676,20
14423,19702676,60
14424,1586,500000
14425,19702676,20
14426,19702676,30
14427,876234,7710
14428,19702676,10
14429,19702676,30
14430,19702676,10
14431,19702676,110
14432,19702676,10
14433,19702676,10
14434,19702676,30
14435,19702676,30
14436,19702676,20
14437,19702676,30
14438,19702676,90
14439,1586,500000
14440,19702676,10
14441,19702676,50
14442,19702676,50
14443,19702676,20
14444,19702676,70
14445,19702676,30
14446,19702676,20
14447,19702676,110
14448,1586,500000
14449,19702676,10
14450,19702676,30
14451,19702676,10
14452,19702676,20
14453,19702676,40
14454,19702676,30
14455,19702676,10
14456,19702676,20
14457,19702676,20
14458,19702676,110
14459,1586,500000
14460,1586,500000
14461,19702676,10
14462,1586,500000
14463,19702676,20
14464,19702676,20
14465,19702676,30
14466,19702676,150
14467,19702676,30
14468,19702676,10
14469,19702676,10
14470,19702676,30
14471,19702676,20
14472,19702676,20
14473,19702676,10
14474,19702676,20
14475,19702676,30
14476,876234,10080
14477,19702676,60
14478,19702676,20
14479,876234,5950
14480,19702676,20
14481,19702676,30
14482,19702676,30
14483,19702676,20
14484,19702676,10
14485,19702676,10
14486,19702676,10
14487,19702676,40
14488,19702676,30
14489,19702676,20
14490,19702676,40
14491,19702676,70
14492,19702676,90
14493,19702676,20
14494,876234,7760
14495,19702676,20
14496,19702676,30
14497,876234,13780
14498,19702676,110
14499,19702676,10
14500,19702676,30
14501,19702676,20
14502,19702676,60
14503,19702676,40
14504,876234,8380
14505,19702676,80
14506,1586,500000
14507,19702676,30
14508,19702676,40
14509,19702676,20
14510,1586,500000
14511,19702676,80
14512,19702676,20
14513,19702676,30
14514,19702676,70
14515,19702676,20
14516,19702676,50
14517,19702676,40
14518,19702676,20
14519,19702676,110
14520,876234,8850
14521,1586,500000
14522,19702676,150
14523,19702676,60
14524,19702676,10
14525,19702676,210
14526,1586,500000
14527,19702676,10
14528,876234,9890
14529,19702676,10
14530,19702676,40
14531,19702676,60
14532,19702676,10
14533,19702676,30
14534,19702676,10
14535,19702676,110
14536,19702676,40
14537,19702676,40
14538,19702676,40
14539,1586,500000
14540,19702676,10
14541,1586,500000
14542,19702676,70
14543,19702676,30
14544,19702676,30
14545,19702676,40
14546,19702676,20
14547,19702676,40
14548,876234,13930
14549,19702676,20
14550,19702676,50
14551,1586,500000
14552,19702676,70
14553,19702676,10
14554,19702676,30
14555,76016952,0
14556,19702676,40
14557,19702676,30
14558,19702676,30
14559,19702676,10
14560,19702676,10
14561,876234,12430
14562,19702676,50
14563,19702676,80
14564,19702676,20
14565,19702676,40
14566,19702676,50
14567,19702676,30
14568,19702676,60
14569,19702676,10
14570,19702676,10
14571,19702676,50
14572,19702676,80
14573,1586,500000
14574,19702676,40
14575,19702676,60
14576,19702676,20
14577,1586,500000
14578,19702676,20
14579,19702676,70
14580,19702676,70
14581,19702676,10
14582,19702676,10
14583,19702676,10
14584,19702676,20
14585,19702676,20
14586,19702676,10
14587,19702676,20
14588,1586,500000
14589,1586,500000
14590,19702676,10
14591,19702676,30
14592,19702676,30
14593,19702676,20
14594,19702676,10
14595,19702676,10
14596,19702676,20
14597,19702676,10
14598,19702676,30
14599,876234,40650
14600,1586,500000
14601,19702676,40
14602,19702676,10
14603,19702676,30
14604,19702676,20
14605,19702676,20
14606,876234,6220
14607,1586,500000
14608,19702676,30
14609,19702676,20
14610,19702676,70
14611,19702676,10
14612,19702676,10
14613,19702676,40
14614,19702676,40
14615,19702676,10
14616,19702676,10
14617,19702676,20
14618,19702676,30
14619,876234,7780
14620,876234,9450
14621,876234,8030
14622,19702676,100
14623,19702676,20
14624,876234,11000
14625,19702676,20
14626,19702676,30
14627,19702676,40
14628,19702676,10
14629,19702676,20
14630,19702676,30
14631,19702676,10
14632,19702676,10
14633,19702676,50
14634,19702676,60
14635,19702676,30
14636,19702676,30
14637,19702676,30
14638,1586,500000
14639,76016952,0
14640,19702676,40
14641,19702676,20
14642,19702676,30
14643,19702676,40
14644,19702676,30
14645,19702676,30
14646,19702676,10
14647,19702676,30
14648,19702676,40
14649,19702676,40
14650,19702676,50
14651,19702676,40
14652,19702676,30
14653,19702676,50
14654,19702676,20
14655,19702676,10
14656,19702676,80
14657,19702676,70
14658,19702676,20
14659,19702676,20
14660,19702676,10
14661,19702676,20
14662,876234,6240
14663,19702676,40
14664,19702676,10
14665,19702676,20
14666,19702676,50
14667,19702676,10
14668,19702676,30
14669,19702676,70
14670,19702676,40
14671,19702676,60
14672,19702676,20
14673,19702676,10
14674,19702676,30
14675,19702676,60
14676,19702676,10
14677,19702676,30
14678,19702676,20
14679,19702676,10
14680,19702676,20
14681,19702676,80
14682,19702676,10
14683,19702676,20
14684,19702676,30
14685,19702676,40
14686,19702676,30
14687,19702676,110
14688,19702676,50
14689,19702676,30
14690,19702676,30
14691,19702676,130
14692,19702676,60
14693,19702676,30
14694,19702676,10
14695,19702676,60
14696,19702676,10
14697,1586,500000
14698,19702676,40
14699,19702676,10
14700,19702676,50
14701,876234,7140
14702,19702676,20
14703,19702676,20
14704,19702676,30
14705,19702676,80
14706,19702676,50
14707,19702676,110
14708,19702676,20
14709,19702676,10
14710,19702676,40
14711,19702676,70
14712,19702676,60
14713,19702676,10
14714,19702676,10
14715,876234,8640
14716,19702676,30
14717,19702676,30
14718,19702676,10
14719,1586,500000
14720,19702676,20
14721,19702676,30
14722,19702676,80
14723,19702676,20
14724,19702676,30
14725,19702676,50
14726,19702676,50
14727,19702676,20
14728,19702676,10
14729,19702676,50
14730,876234,11130
14731,19702676,20
14732,19702676,20
14733,19702676,90
14734,19702676,10
14735,19702676,10
14736,19702676,20
14737,19702676,20
14738,19702676,10
14739,19702676,30
14740,876234,9750
14741,19702676,10
14742,1586,500000
14743,19702676,50
14744,19702676,20
14745,19702676,50
14746,19702676,30
14747,1586,500000
14748,19702676,130
14749,1586,500000
14750,19702676,40
14751,19702676,10
14752,19702676,40
14753,876234,7880
14754,19702676,10
14755,1586,500000
14756,19702676,60
14757,19702676,10
14758,19702676,70
14759,19702676,150
14760,19702676,10
14761,76016952,0
14762,19702676,20
14763,19702676,10
14764,19702676,40
14765,19702676,20
14766,19702676,20
14767,19702676,20
14768,19702676,20
14769,19702676,30
14770,19702676,20
14771,19702676,10
14772,19702676,60
14773,876234,9070
14774,19702676,10
14775,1586,500000
14776,1586,500000
14777,19702676,20
14778,19702676,60
14779,19702676,10
14780,1586,500000
14781,19702676,20
14782,19702676,110
14783,1586,500000
14784,876234,11980
14785,19702676,10
14786,76016952,0
14787,19702676,20
14788,19702676,20
14789,19702676,20
14790,19702676,30
14791,876234,11370
14792,876234,9900
14793,19702676,30
14794,19702676,90
14795,19702676,40
14796,19702676,10
14797,19702676,20
14798,19702676,10
14799,19702676,10
14800,19702676,20
14801,19702676,30
14802,19702676,10
14803,19702676,30
14804,19702676,10
14805,19702676,20
14806,19702676,30
14807,1586,500000
14808,19702676,40
14809,19702676,20
14810,19702676,60
14811,19702676,20
14812,19702676,20
14813,876234,10440
14814,19702676,40
14815,19702676,30
14816,19702676,50
14817,19702676,40
14818,19702676,10
14819,19702676,10
14820,19702676,30
14821,19702676,20
14822,19702676,30
14823,876234,6050
14824,19702676,20
14825,19702676,50
14826,19702676,40
14827,19702676,40
14828,19702676,110
14829,19702676,10
14830,19702676,20
14831,19702676,50
14832,19702676,30
14833,19702676,10
14834,19702676,10
14835,19702676,100
14836,19702676,20
14837,19702676,20
14838,19702676,30
14839,19702676,20
14840,19702676,30
14841,19702676,50
14842,1586,500000
14843,876234,9640
14844,76016952,0
14845,19702676,40
14846,19702676,10
14847,19702676,60
14848,19702676,40
14849,19702676,30
14850,19702676,40
14851,19702676,30
14852,19702676,10
14853,19702676,80
14854,876234,8640
14855,19702676,20
14856,19702676,70
14857,19702676,20
14858,19702676,30
14859,19702676,30
14860,19702676,30
14861,19702676,40
14862,19702676,20
14863,876234,5350
14864,19702676,150
14865,19702676,20
14866,19702676,50
14867,19702676,40
14868,19702676,30
14869,19702676,30
14870,19702676,20
14871,19702676,20
14872,19702676,110
14873,19702676,30
14874,19702676,70
14875,19702676,30
14876,19702676,30
14877,19702676,150
14878,19702676,60
14879,19702676,110
14880,19702676,30
14881,19702676,20
14882,876234,13620
14883,19702676,70
14884,19702676,70
14885,19702676,10
14886,19702676,30
14887,876234,6500
14888,19702676,40
14889,19702676,10
14890,76016952,0
14891,19702676,20
14892,19702676,150
14893,19702676,20
14894,19702676,20
14895,19702676,10
14896,19702676,10
14897,19702676,10
14898,1586,500000
14899,19702676,40
14900,19702676,50
14901,19702676,60
14902,19702676,40
14903,19702676,30
14904,19702676,40
14905,19702676,80
14906,19702676,10
14907,19702676,10
14908,19702676,20
14909,19702676,10
14910,19702676,10
14911,19702676,60
14912,19702676,10
14913,19702676,10
14914,1586,500000
14915,19702676,60
14916,19702676,20
14917,1586,500000
14918,876234,6480
14919,19702676,30
14920,19702676,30
14921,19702676,90
14922,19702676,30
14923,19702676,40
14924,19702676,30
14925,19702676,30
14926,19702676,30
14927,19702676,20
14928,19702676,20
14929,1586,500000
14930,19702676,40
14931,19702676,30
14932,19702676,40
14933,19702676,70
14934,876234,8170
14935,19702676,20
14936,19702676,20
14937,19702676,30
14938,19702676,20
14939,76016952,0
14940,19702676,10
14941,76016952,0
14942,19702676,10
14943,876234,5960
14944,19702676,30
14945,19702676,20
14946,19702676,10
14947,19702676,150
14948,19702676,30
14949,19702676,30
14950,19702676,50
14951,19702676,60
14952,76016952,0
14953,19702676,30
14954,19702676,10
14955,19702676,80
14956,19702676,10
14957,19702676,10
14958,19702676,40
14959,19702676,20
14960,19702676,20
14961,19702676,40
14962,19702676,10
14963,19702676,60
14964,876234,8410
14965,19702676,40
14966,19702676,10
14967,19702676,20
14968,876234,7890
14969,1586,500000
14970,19702676,10
14971,19702676,20
14972,19702676,40
14973,19702676,20
14974,19702676,30
14975,19702676,10
14976,19702676,20
14977,19702676,10
14978,19702676,10
14979,19702676,20
14980,19702676,10
14981,19702676,30
14982,19702676,20
14983,19702676,80
14984,876234,7470
14985,1586,500000
14986,19702676,30
14987,19702676,40
14988,19702676,40
14989,19702676,50
14990,19702676,40
14991,19702676,20
14992,19702676,50
14993,19702676,60
14994,19702676,40
14995,1586,500000
14996,19702676,10
14997,19702676,10
14998,1586,500000
14999,76016952,0
15000,19702676,30
15001,19702676,40
15002,19702676,10
15003,19702676,20
15004,19702676,10
15005,19702676,10
15006,19702676,30
15007,19702676,10
15008,76016952,0
15009,19702676,20
15010,1586,500000
15011,19702676,60
15012,1586,500000
15013,19702676,50
15014,19702676,40
15015,76016952,0
15016,19702676,20
15017,19702676,30
15018,19702676,60
15019,19702676,30
15020,1586,500000
15021,19702676,60
15022,19702676,40
15023,19702676,30
15024,19702676,10
15025,19702676,40
15026,19702676,50
15027,19702676,10
15028,19702676,20
15029,19702676,20
15030,19702676,20
15031,19702676,30
15032,19702676,10
15033,19702676,70
15034,19702676,10
15035,19702676,40
15036,19702676,20
15037,19702676,10
15038,19702676,10
15039,19702676,20
15040,19702676,10
15041,19702676,30
15042,19702676,150
15043,19702676,10
15044,19702676,20
15045,19702676,20
15046,1586,500000
15047,19702676,30
15048,19702676,30
15049,19702676,30
15050,19702676,20
15051,19702676,10
15052,19702676,30
15053,19702676,60
15054,19702676,10
15055,876234,11440
15056,19702676,40
15057,19702676,60
15058,19702676,10
15059,19702676,70
15060,19702676,30
15061,19702676,40
15062,19702676,10
15063,19702676,30
15064,19702676,30
15065,19702676,40
15066,876234,10380
15067,19702676,70
15068,19702676,60
15069,19702676,70
15070,876234,7590
15071,19702676,20
15072,19702676,20
15073,19702676,30
15074,19702676,20
15075,19702676,20
15076,19702676,30
15077,19702676,30
15078,19702676,50
15079,19702676,60
15080,19702676,110
15081,19702676,80
15082,19702676,20
15083,1586,500000
15084,19702676,40
15085,19702676,10
15086,19702676,50
15087,19702676,20
15088,1586,500000
15089,19702676,20
15090,19702676,10
15091,19702676,30
15092,19702676,40
15093,19702676,30
15094,19702676,40
15095,19702676,40
15096,19702676,20
15097,19702676,20
15098,19702676,30
15099,19702676,50
15100,19702676,10
15101,19702676,30
15102,19702676,20
15103,19702676,40
15104,19702676,50
15105,19702676,10
15106,19702676,80
15107,19702676,30
15108,19702676,10
15109,19702676,20
15110,19702676,30
15111,19702676,40
15112,19702676,20
15113,19702676,10
15114,876234,4750
15115,19702676,10
15116,19702676,10
15117,19702676,290
15118,19702676,30
15119,19702676,30
15120,19702676,10
15121,19702676,10
15122,19702676,110
15123,19702676,20
15124,19702676,70
15125,19702676,20
15126,19702676,70
15127,19702676,30
15128,19702676,10
15129,19702676,70
15130,19702676,30
15131,19702676,50
15132,19702676,40
15133,19702676,20
15134,19702676,10
15135,19702676,30
15136,19702676,30
15137,19702676,30
15138,19702676,40
15139,19702676,20
15140,19702676,20
15141,19702676,30
15142,19702676,30
15143,19702676,30
15144,19702676,20
15145,19702676,40
15146,19702676,50
15147,19702676,30
15148,19702676,10
15149,19702676,20
15150,19702676,30
15151,19702676,20
15152,19702676,20
15153,876234,8810
15154,19702676,110
15155,19702676,50
15156,19702676,30
15157,19702676,30
15158,19702676,60
15159,19702676,150
15160,19702676,20
15161,19702676,20
15162,19702676,50
15163,1586,500000
15164,876234,12920
15165,1586,500000
15166,19702676,30
15167,19702676,40
15168,876234,12370
15169,19702676,40
15170,19702676,20
15171,19702676,10
15172,19702676,40
15173,19702676,10
15174,1586,500000
15175,19702676,40
15176,19702676,30
15177,19702676,20
15178,19702676,110
15179,19702676,20
15180,19702676,30
15181,19702676,50
15182,19702676,30
15183,19702676,10
15184,19702676,30
15185,1586,500000
15186,19702676,30
15187,19702676,30
15188,19702676,30
15189,1586,500000
15190,19702676,20
15191,1586,500000
15192,19702676,40
15193,19702676,10
15194,19702676,20
15195,19702676,30
15196,19702676,20
15197,876234,7090
15198,19702676,20
15199,19702676,30
15200,19702676,40
15201,19702676,30
15202,19702676,30
15203,19702676,10
15204,19702676,50
15205,1586,500000
15206,19702676,30
15207,19702676,20
15208,19702676,30
15209,1586,500000
15210,876234,8890
15211,19702676,30
15212,19702676,30
15213,876234,11770
15214,19702676,60
15215,19702676,10
15216,876234,6370
15217,19702676,40
15218,19702676,30
15219,19702676,30
15220,876234,7830
15221,76016952,0
15222,19702676,10
15223,19702676,30
15224,19702676,50
15225,1586,500000
15226,1586,500000
15227,19702676,10
15228,19702676,10
15229,19702676,20
15230,19702676,10
15231,19702676,50
15232,19702676,20
15233,876234,16260
15234,19702676,40
15235,1586,500000
15236,19702676,80
15237,19702676,10
15238,19702676,10
15239,19702676,20
15240,19702676,30
15241,19702676,20
15242,19702676,30
15243,19702676,20
15244,19702676,10
15245,19702676,10
15246,19702676,10
15247,19702676,10
15248,19702676,20
15249,19702676,50
15250,19702676,50
15251,19702676,40
15252,19702676,40
15253,19702676,20
15254,19702676,20
15255,19702676,10
15256,876234,12140
15257,1586,500000
15258,19702676,40
15259,876234,6530
15260,19702676,210
15261,19702676,10
15262,19702676,10
15263,19702676,20
15264,19702676,50
15265,19702676,290
15266,19702676,50
15267,19702676,30
15268,19702676,30
15269,19702676,50
15270,1586,500000
15271,19702676,20
15272,19702676,40
15273,19702676,60
15274,19702676,10
15275,19702676,60
15276,1586,500000
15277,19702676,80
15278,19702676,70
15279,19702676,20
15280,19702676,40
15281,19702676,30
15282,19702676,80
15283,19702676,40
15284,19702676,90
15285,19702676,80
15286,19702676,50
15287,876234,5660
15288,1586,500000
15289,1586,500000
15290,19702676,10
15291,19702676,20
15292,19702676,10
15293,1586,500000
15294,19702676,50
15295,19702676,10
15296,19702676,10
15297,19702676,30
15298,19702676,50
15299,19702676,10
15300,19702676,20
15301,19702676,50
15302,19702676,110
15303,19702676,30
15304,19702676,10
15305,19702676,30
15306,19702676,10
15307,19702676,30
15308,19702676,10
15309,19702676,40
15310,19702676,20
15311,19702676,40
15312,19702676,10
15313,19702676,20
15314,876234,5890
15315,19702676,70
15316,19702676,60
15317,19702676,50
15318,19702676,10
15319,876234,7070
15320,19702676,150
15321,19702676,30
15322,19702676,30
15323,19702676,10
15324,19702676,10
15325,19702676,10
15326,19702676,30
15327,19702676,40
15328,19702676,40
15329,19702676,30
15330,19702676,10
15331,19702676,10
15332,19702676,10
15333,19702676,30
15334,19702676,30
15335,19702676,70
15336,19702676,20
15337,19702676,110
15338,19702676,30
15339,19702676,50
15340,19702676,20
15341,19702676,30
15342,19702676,60
15343,19702676,20
15344,19702676,40
15345,19702676,30
15346,19702676,50
15347,19702676,20
15348,19702676,60
15349,19702676,40
15350,19702676,20
15351,19702676,80
15352,19702676,20
15353,19702676,20
15354,19702676,80
15355,19702676,30
15356,19702676,50
15357,19702676,10
15358,19702676,40
15359,19702676,50
15360,19702676,20
15361,19702676,70
15362,19702676,30
15363,19702676,30
15364,876234,9210
15365,19702676,30
15366,19702676,20
15367,19702676,40
15368,876234,10180
15369,19702676,20
15370,876234,8560
15371,19702676,20
15372,19702676,40
15373,19702676,20
15374,76016952,0
15375,19702676,30
15376,19702676,10
15377,19702676,30
15378,19702676,10
15379,19702676,10
15380,19702676,20
15381,19702676,20
15382,19702676,30
15383,19702676,20
15384,19702676,270
15385,19702676,10
15386,19702676,80
15387,19702676,30
15388,19702676,10
15389,19702676,70
15390,19702676,30
15391,19702676,20
15392,19702676,20
15393,19702676,30
15394,19702676,30
15395,19702676,20
15396,19702676,60
15397,19702676,10
15398,19702676,30
15399,19702676,10
15400,19702676,10
15401,876234,9000
15402,19702676,20
15403,19702676,40
15404,876234,9770
15405,19702676,20
15406,19702676,90
15407,19702676,60
15408,876234,5450
15409,19702676,150
15410,1586,500000
15411,19702676,10
15412,19702676,20
15413,19702676,10
15414,19702676,20
15415,19702676,10
15416,19702676,70
15417,19702676,30
15418,19702676,10
15419,19702676,30
15420,876234,6930
15421,19702676,20
15422,19702676,20
15423,19702676,30
15424,19702676,10
15425,19702676,40
15426,19702676,40
15427,19702676,40
15428,19702676,50
15429,19702676,10
15430,19702676,30
15431,19702676,50
15432,19702676,110
15433,19702676,40
15434,19702676,80
15435,19702676,30
15436,19702676,30
15437,19702676,10
15438,19702676,40
15439,19702676,60
15440,19702676,10
15441,19702676,10
15442,876234,11500
15443,19702676,20
15444,19702676,30
15445,19702676,10
15446,19702676,60
15447,19702676,10
15448,76016952,0
15449,19702676,20
15450,19702676,20
15451,19702676,20
15452,19702676,10
15453,19702676,30
15454,19702676,60
15455,19702676,20
15456,19702676,20
15457,19702676,20
15458,19702676,30
15459,19702676,210
15460,19702676,20
15461,19702676,10
15462,19702676,10
15463,19702676,30
15464,19702676,10
15465,19702676,10
15466,19702676,10
15467,19702676,30
15468,876234,9930
15469,19702676,20
15470,19702676,30
15471,19702676,10
15472,19702676,10
15473,19702676,10
15474,19702676,20
15475,19702676,110
15476,19702676,10
15477,1586,500000
15478,19702676,20
15479,19702676,20
15480,1586,500000
15481,19702676,320
15482,19702676,40
15483,19702676,110
15484,19702676,10
15485,19702676,10
15486,19702676,40
15487,19702676,70
15488,19702676,30
15489,19702676,70
15490,19702676,20
15491,19702676,30
15492,19702676,50
15493,19702676,20
15494,19702676,80
15495,876234,10230
15496,19702676,100
15497,1586,500000
15498,19702676,10
15499,876234,6730
15500,19702676,90
15501,76016952,0
15502,19702676,30
15503,19702676,40
15504,19702676,10
15505,1586,500000
15506,19702676,40
15507,19702676,10
15508,19702676,20
15509,19702676,10
15510,19702676,20
15511,19702676,30
15512,1586,500000
15513,19702676,10
15514,19702676,10
15515,19702676,50
15516,19702676,30
15517,19702676,10
15518,876234,3920
15519,19702676,80
15520,876234,6960
15521,19702676,10
15522,19702676,30
15523,19702676,20
15524,19702676,40
15525,19702676,10
15526,19702676,10
15527,1586,500000
15528,19702676,30
15529,19702676,30
15530,19702676,20
15531,19702676,50
15532,19702676,60
15533,19702676,20
15534,19702676,40
15535,19702676,30
15536,19702676,20
15537,19702676,30
15538,1586,500000
15539,19702676,40
15540,1586,500000
15541,1586,500000
15542,19702676,30
15543,876234,9390
15544,19702676,20
15545,19702676,20
15546,1586,500000
15547,876234,6920
15548,19702676,20
15549,19702676,10
15550,19702676,80
15551,19702676,10
15552,876234,14910
15553,19702676,40
15554,19702676,10
15555,19702676,30
15556,19702676,10
15557,19702676,210
15558,19702676,10
15559,19702676,20
15560,19702676,50
15561,19702676,10
15562,19702676,40
15563,19702676,20
15564,19702676,10
15565,19702676,20
15566,19702676,10
15567,19702676,60
15568,19702676,30
15569,76016952,0
15570,19702676,90
15571,19702676,30
15572,19702676,30
15573,19702676,40
15574,19702676,50
15575,1586,500000
15576,19702676,10
15577,19702676,20
15578,19702676,10
15579,19702676,30
15580,19702676,20
15581,76016952,0
15582,19702676,40
15583,19702676,30
15584,19702676,10
15585,19702676,30
15586,19702676,10
15587,19702676,80
15588,19702676,110
15589,19702676,70
15590,19702676,80
15591,19702676,70
15592,19702676,30
15593,19702676,10
15594,19702676,60
15595,19702676,30
15596,19702676,110
15597,19702676,70
15598,19702676,10
15599,19702676,10
15600,19702676,40
15601,19702676,40
15602,19702676,30
15603,19702676,20
15604,19702676,30
15605,19702676,20
15606,19702676,80
15607,19702676,190
15608,19702676,30
15609,19702676,10
15610,19702676,30
15611,19702676,70
15612,19702676,90
15613,19702676,30
15614,19702676,30
15615,19702676,20
15616,19702676,30
15617,19702676,50
15618,1586,500000
15619,19702676,10
15620,19702676,90
15621,19702676,10
15622,19702676,40
15623,19702676,30
15624,19702676,20
15625,19702676,20
15626,1586,500000
15627,19702676,110
15628,19702676,50
15629,1586,500000
15630,19702676,30
15631,1586,500000
15632,19702676,20
15633,19702676,30
15634,19702676,30
15635,19702676,50
15636,19702676,10
15637,19702676,20
15638,19702676,60
15639,876234,6150
15640,19702676,10
15641,19702676,30
15642,1586,500000
15643,19702676,70
15644,19702676,150
15645,19702676,70
15646,19702676,20
15647,19702676,110
15648,19702676,40
15649,1586,500000
15650,19702676,20
15651,19702676,40
15652,19702676,30
15653,19702676,80
15654,19702676,20
15655,19702676,20
15656,19702676,80
15657,19702676,30
15658,19702676,80
15659,19702676,60
15660,1586,500000
15661,19702676,10
15662,19702676,10
15663,19702676,40
15664,19702676,10
15665,19702676,30
15666,19702676,10
15667,19702676,10
15668,19702675,20
15669,19702675,10
15670,19702675,20
15671,19702675,30
15672,19702675,10
15673,19702675,60
15674,19702675,40
15675,19702675,30
15676,19702675,30
15677,19702675,10
15678,19702675,70
15679,19702675,150
15680,19702675,10
15681,1586,500000
15682,876234,9190
15683,19702675,20
15684,19702675,120
15685,19702675,20
15686,19702675,10
15687,19702675,10
15688,19702675,10
15689,19702675,30
15690,19702675,20
15691,19702675,20
15692,19702675,20
15693,19702675,20
15694,19702675,10
15695,19702675,10
15696,19702675,10
15697,876234,8870
15698,76016952,0
15699,19702675,110
15700,19702675,40
15701,19702675,80
15702,19702675,50
15703,19702675,10
15704,19702675,50
15705,19702675,70
15706,19702675,20
15707,19702675,20
15708,19702675,20
15709,876234,8210
15710,19702675,30
15711,19702675,10
15712,1586,500000
15713,19702675,40
15714,19702675,80
15715,1586,500000
15716,19702675,10
15717,19702675,20
15718,876234,13820
15719,19702675,50
15720,19702675,10
15721,19702675,30
15722,19702675,40
15723,19702675,40
15724,19702675,10
15725,19702675,50
15726,19702675,30
15727,19702675,20
15728,19702675,20
15729,19702675,20
15730,19702675,30
15731,19702675,10
15732,19702675,20
15733,19702675,30
15734,19702675,20
15735,19702675,10
15736,19702675,60
15737,19702675,20
15738,19702675,50
15739,876234,8620
15740,19702675,20
15741,19702675,40
15742,19702675,20
15743,19702675,10
15744,19702675,30
15745,876234,8500
15746,19702675,20
15747,876234,9470
15748,19702675,10
15749,19702675,30
15750,1586,500000
15751,19702675,30
15752,19702675,30
15753,876234,11050
15754,1586,500000
15755,1586,500000
15756,19702675,50
15757,19702675,60
15758,19702675,20
15759,19702675,30
15760,19702675,10
15761,19702675,30
15762,19702675,40
15763,19702675,40
15764,19702675,40
15765,19702675,20
15766,19702675,30
15767,876234,5000
15768,19702675,10
15769,19702675,20
15770,19702675,50
15771,19702675,10
15772,19702675,20
15773,19702675,40
15774,19702675,30
15775,19702675,10
15776,19702675,50
15777,19702675,10
15778,19702675,20
15779,876234,8070
15780,19702675,40
15781,19702675,10
15782,19702675,40
15783,19702675,40
15784,19702675,40
15785,19702675,30
15786,19702675,10
15787,19702675,20
15788,19702675,150
15789,19702675,50
15790,19702675,60
15791,19702675,30
15792,19702675,70
15793,1586,500000
15794,19702675,150
15795,19702675,10
15796,19702675,20
15797,19702675,10
15798,19702675,60
15799,19702675,70
15800,19702675,10
15801,19702675,10
15802,19702675,30
15803,19702675,20
15804,19702675,50
15805,19702675,60
15806,19702675,40
15807,1586,500000
15808,19702675,10
15809,876234,35710
15810,1586,500000
15811,19702675,20
15812,19702675,20
15813,19702675,20
15814,19702675,60
15815,19702675,50
15816,19702675,10
15817,19702675,30
15818,19702675,20
15819,19702675,10
15820,19702675,20
15821,19702675,50
15822,19702675,30
15823,876234,7570
15824,19702675,150
15825,19702675,10
15826,1586,500000
15827,19702675,40
15828,19702675,30
15829,19702675,20
15830,19702675,20
15831,19702675,30
15832,19702675,50
15833,19702675,40
15834,19702675,70
15835,1586,500000
15836,19702675,30
15837,19702675,10
15838,19702675,20
15839,19702675,40
15840,19702675,10
15841,19702675,10
15842,19702675,20
15843,19702675,30
15844,1586,500000
15845,19702675,30
15846,19702675,130
15847,19702675,10
15848,19702675,30
15849,19702675,20
15850,19702675,20
15851,876234,8340
15852,19702675,10
15853,19702675,110
15854,19702675,30
15855,19702675,30
15856,876234,5150
15857,1586,500000
15858,19702675,10
15859,19702675,20
15860,19702675,10
15861,19702675,30
15862,19702675,10
15863,19702675,40
15864,19702675,30
15865,19702675,10
15866,19702675,30
15867,19702675,10
15868,19702675,20
15869,19702675,50
15870,19702675,30
15871,19702675,20
15872,19702675,60
15873,19702675,40
15874,19702675,10
15875,19702675,10
15876,19702675,10
15877,19702675,40
15878,19702675,20
15879,1586,500000
15880,19702675,30
15881,19702675,50
15882,1586,500000
15883,19702675,70
15884,19702675,30
15885,19702675,150
15886,19702675,30
15887,19702675,40
15888,19702675,50
15889,19702675,20
15890,1586,500000
15891,19702675,30
15892,19702675,30
15893,19702675,70
15894,19702675,20
15895,1586,500000
15896,19702675,30
15897,19702675,70
15898,19702675,80
15899,19702675,10
15900,19702675,20
15901,19702675,20
15902,19702675,30
15903,19702675,20
15904,19702675,10
15905,19702675,20
15906,19702675,10
15907,1586,500000
15908,19702675,10
15909,19702675,20
15910,19702675,40
15911,19702675,30
15912,19702675,30
15913,19702675,30
15914,19702675,10
15915,19702675,50
15916,19702675,30
15917,19702675,20
15918,19702675,40
15919,19702675,10
15920,19702675,40
15921,19702675,40
15922,19702675,20
15923,19702675,30
15924,19702675,40
15925,19702675,40
15926,19702675,20
15927,19702675,10
15928,19702675,20
15929,19702675,30
15930,19702675,30
15931,876234,6930
15932,19702675,10
15933,19702675,40
15934,19702675,10
15935,19702675,50
15936,19702675,40
15937,19702675,30
15938,19702675,30
15939,876234,7910
15940,19702675,30
15941,19702675,20
15942,876234,8860
15943,19702675,70
15944,19702675,10
15945,19702675,40
15946,19702675,40
15947,876234,7000
15948,19702675,10
15949,19702675,90
15950,19702675,20
15951,19702675,60
15952,876234,9810
15953,19702675,20
15954,19702675,30
15955,19702675,40
15956,1586,500000
15957,19702675,30
15958,19702675,10
15959,19702675,20
15960,19702675,10
15961,19702675,10
15962,1586,500000
15963,19702675,210
15964,19702675,80
15965,19702675,30
15966,1586,500000
15967,19702675,10
15968,19702675,30
15969,76016952,0
15970,19702675,10
15971,19702675,60
15972,19702675,30
15973,19702675,10
15974,19702675,30
15975,19702675,70
15976,19702675,10
15977,19702675,20
15978,19702675,10
15979,19702675,20
15980,19702675,20
15981,19702675,60
15982,19702675,40
15983,19702675,20
15984,19702675,150
15985,19702675,130
15986,19702675,20
15987,19702675,40
15988,876234,5410
15989,19702675,220
15990,19702675,20
15991,19702675,30
15992,1586,500000
15993,19702675,10
15994,19702675,50
15995,19702675,10
15996,19702675,40
15997,1586,500000
15998,19702675,30
15999,19702675,110
16000,19702675,20
16001,19702675,110
16002,19702675,30
16003,19702675,50
16004,19702675,10
16005,19702675,10
16006,19702675,10
16007,19702675,150
16008,19702675,10
16009,19702675,20
16010,19702675,40
16011,19702675,20
16012,19702675,20
16013,19702675,60
16014,19702675,20
16015,19702675,20
16016,19702675,150
16017,1586,500000
16018,19702675,30
16019,19702675,10
16020,19702675,20
16021,19702675,50
16022,19702675,40
16023,19702675,50
16024,19702675,60
16025,19702675,80
16026,19702675,150
16027,19702675,10
16028,19702675,30
16029,19702675,10
16030,19702675,40
16031,876234,7950
16032,19702675,30
16033,19702675,10
16034,19702675,10
16035,19702675,100
16036,1586,500000
16037,876234,5310
16038,19702675,20
16039,19702675,40
16040,19702675,40
16041,1586,500000
16042,19702675,40
16043,19702675,40
16044,19702675,30
16045,19702675,50
16046,19702675,20
16047,19702675,10
16048,19702675,20
16049,19702675,30
16050,19702675,40
16051,19702675,40
16052,876234,8580
16053,19702675,40
16054,19702675,20
16055,1586,500000
16056,19702675,10
16057,19702675,40
16058,876234,91840
16059,19702675,30
16060,19702675,60
16061,19702675,10
16062,19702675,30
16063,19702675,10
16064,19702675,40
16065,19702675,30
16066,1586,500000
16067,19702675,10
16068,19702675,40
16069,19702675,10
16070,19702675,40
16071,19702675,20
16072,19702675,40
16073,876234,14610
16074,19702675,50
16075,19702675,10
16076,19702675,10
16077,19702675,30
16078,19702675,40
16079,19702675,10
16080,19702675,20
16081,19702675,60
16082,19702675,40
16083,19702675,10
16084,19702675,20
16085,1586,500000
16086,19702675,10
16087,19702675,10
16088,19702675,30
16089,76016952,0
16090,876234,6610
16091,19702675,20
16092,19702675,40
16093,19702675,10
16094,19702675,20
16095,19702675,30
16096,19702675,40
16097,19702675,50
16098,19702675,40
16099,876234,5660
16100,1586,500000
16101,19702675,10
16102,19702675,10
16103,1586,500000
16104,19702675,30
16105,19702675,20
16106,19702675,30
16107,19702675,10
16108,1586,500000
16109,19702675,30
16110,19702675,20
16111,19702675,40
16112,19702675,40
16113,19702675,30
16114,19702675,10
16115,1586,500000
16116,19702675,20
16117,19702675,40
16118,19702675,10
16119,19702675,150
16120,19702675,30
16121,19702675,40
16122,19702675,20
16123,19702675,10
16124,876234,5760
16125,19702675,30
16126,19702675,20
16127,19702675,20
16128,19702675,40
16129,19702675,10
16130,19702675,10
16131,19702675,20
16132,19702675,110
16133,876234,8400
16134,19702675,30
16135,19702675,40
16136,19702675,70
16137,19702675,20
16138,1586,500000
16139,876234,5920
16140,19702675,80
16141,19702675,20
16142,19702675,20
16143,19702675,40
16144,19702675,10
16145,876234,9240
16146,19702675,40
16147,1586,500000
16148,19702675,20
16149,19702675,20
16150,19702675,30
16151,19702675,30
16152,19702675,20
16153,19702675,10
16154,19702675,110
16155,19702675,30
16156,19702675,20
16157,19702675,40
16158,19702675,40
16159,19702675,10
16160,19702675,10
16161,19702675,20
16162,19702675,30
16163,19702675,30
16164,19702675,10
16165,19702675,10
16166,876234,9180
16167,19702675,50
16168,19702675,10
16169,19702675,50
16170,1586,500000
16171,1586,500000
16172,19702675,20
16173,19702675,50
16174,19702675,30
16175,19702675,40
16176,19702675,30
16177,19702675,40
16178,19702675,10
16179,19702675,30
16180,19702675,50
16181,19702675,50
16182,19702675,60
16183,19702675,10
16184,19702675,40
16185,1586,500000
16186,19702675,20
16187,19702675,30
16188,19702675,100
16189,19702675,30
16190,19702675,10
16191,19702675,10
16192,19702675,10
16193,19702675,10
16194,19702675,30
16195,19702675,10
16196,76016952,0
16197,19702675,10
16198,19702675,30
16199,19702675,20
16200,19702675,80
16201,19702675,60
16202,19702675,20
16203,19702675,20
16204,19702675,60
16205,19702675,150
16206,19702675,20
16207,76016952,0
16208,19702675,40
16209,19702675,10
16210,19702675,60
16211,19702675,40
16212,19702675,30
16213,19702675,60
16214,19702675,30
16215,19702675,10
16216,19702675,10
16217,19702675,20
16218,19702675,10
16219,19702675,20
16220,19702675,30
16221,1586,500000
16222,19702675,20
16223,19702675,20
16224,19702675,20
16225,1586,500000
16226,19702675,30
16227,876234,7310
16228,19702675,10
16229,19702675,20
16230,19702675,40
16231,19702675,10
16232,19702675,30
16233,19702675,10
16234,19702675,10
16235,19702675,30
16236,876234,6240
16237,19702675,30
16238,19702675,30
16239,19702675,10
16240,19702675,20
16241,19702675,10
16242,19702675,30
16243,19702675,10
16244,19702675,50
16245,19702675,30
16246,19702675,10
16247,19702675,20
16248,19702675,10
16249,876234,7500
16250,19702675,60
16251,1586,500000
16252,19702675,30
16253,19702675,10
16254,19702675,10
16255,1586,500000
16256,19702675,40
16257,1586,500000
16258,19702675,40
16259,19702675,20
16260,19702675,30
16261,1586,500000
16262,19702675,10
16263,19702675,10
16264,19702675,10
16265,19702675,10
16266,19702675,70
16267,19702675,20
16268,76016952,0
16269,19702675,110
16270,1586,500000
16271,19702675,20
16272,19702675,10
16273,76016952,0
16274,19702675,10
16275,19702675,40
16276,19702675,30
16277,19702675,40
16278,19702675,40
16279,19702675,70
16280,19702675,10
16281,19702675,20
16282,19702675,20
16283,19702675,20
16284,19702675,40
16285,19702675,30
16286,19702675,40
16287,19702675,10
16288,876234,14580
16289,19702675,30
16290,19702675,10
16291,19702675,10
16292,876234,17230
16293,19702675,70
16294,19702675,20
16295,19702675,10
16296,19702675,70
16297,19702675,20
16298,876234,6520
16299,1586,500000
16300,19702675,40
16301,19702675,40
16302,19702675,70
16303,19702675,20
16304,876234,8870
16305,19702675,30
16306,19702675,20
16307,19702675,10
16308,19702675,50
16309,19702675,30
16310,1586,500000
16311,19702675,20
16312,19702675,20
16313,19702675,40
16314,1586,500000
16315,19702675,50
16316,19702675,30
16317,19702675,150
16318,19702675,20
16319,19702675,30
16320,19702675,30
16321,19702675,90
16322,19702675,20
16323,19702675,20
16324,876234,4750
16325,19702675,10
16326,876234,4190
16327,19702675,10
16328,19702675,20
16329,19702675,20
16330,19702675,20
16331,19702675,30
16332,19702675,110
16333,19702675,30
16334,19702675,10
16335,19702675,10
16336,19702675,100
16337,19702675,50
16338,19702675,20
16339,876234,8470
16340,19702675,20
16341,19702675,10
16342,19702675,10
16343,19702675,10
16344,19702675,30
16345,19702675,20
16346,19702675,30
16347,19702675,30
16348,19702675,30
16349,19702675,60
16350,1586,500000
16351,19702675,20
16352,1586,500000
16353,19702675,30
16354,876234,9280
16355,19702675,10
16356,19702675,20
16357,19702675,20
16358,19702675,60
16359,19702675,20
16360,19702675,30
16361,19702675,40
16362,19702675,210
16363,19702675,30
16364,19702675,20
16365,19702675,20
16366,19702675,10
16367,19702675,10
16368,19702675,20
16369,876234,7960
16370,19702675,20
16371,876234,7790
16372,19702675,10
16373,19702675,50
16374,17488076,530
16375,19702675,20
16376,19702675,60
16377,19702675,20
16378,19702675,40
16379,19702675,60
16380,19702675,20
16381,19702675,10
16382,19702675,20
16383,19702675,10
16384,1586,500000
16385,1586,500000
16386,19702675,40
16387,19702675,20
16388,1586,500000
16389,876234,9270
16390,19702675,40
16391,19702675,20
16392,19702675,30
16393,19702675,20
16394,19702675,150
16395,19702675,30
16396,19702675,30
16397,19702675,10
16398,19702675,40
16399,19702675,20
16400,19702675,10
16401,19702675,80
16402,19702675,40
16403,19702675,10
16404,19702675,20
16405,19702675,40
16406,19702675,30
16407,19702675,40
16408,19702675,40
16409,19702675,50
16410,1586,500000
16411,19702675,30
16412,19702675,20
16413,19702675,130
16414,19702675,10
16415,19702675,20
16416,19702675,20
16417,19702675,10
16418,1586,500000
16419,19702675,20
16420,19702675,30
16421,19702675,50
16422,19702675,50
16423,19702675,10
16424,19702675,20
16425,19702675,10
16426,19702675,30
16427,19702675,30
16428,1586,500000
16429,19702675,30
16430,19702675,20
16431,19702675,40
16432,19702675,30
16433,19702675,40
16434,19702675,10
16435,19702675,20
16436,19702675,30
16437,19702675,20
16438,19702675,10
16439,19702675,20
16440,19702675,30
16441,19702675,50
16442,19702675,140
16443,19702675,10
16444,19702675,40
16445,19702675,40
16446,19702675,40
16447,19702675,50
16448,876234,6940
16449,19702675,30
16450,19702675,20
16451,19702675,20
16452,19702675,10
16453,1586,500000
16454,19702675,30
16455,19702675,50
16456,19702675,10
16457,19702675,10
16458,19702675,10
16459,19702675,10
16460,19702675,10
16461,19702675,30
16462,19702675,10
16463,19702675,10
16464,19702675,20
16465,19702675,60
16466,19702675,10
16467,19702675,50
16468,19702675,50
16469,19702675,60
16470,19702675,60
16471,19702675,50
16472,19702675,10
16473,19702675,10
16474,19702675,10
16475,19702675,20
16476,19702675,10
16477,19702675,70
16478,19702675,20
16479,19702675,20
16480,19702675,10
16481,19702675,10
16482,19702675,30
16483,19702675,30
16484,1586,500000
16485,19702675,40
16486,19702675,10
16487,19702675,40
16488,19702675,20
16489,19702675,30
16490,19702675,10
16491,19702675,20
16492,19702675,50
16493,19702675,210
16494,19702675,30
16495,19702675,20
16496,19702675,110
16497,876234,14670
16498,19702675,10
16499,19702675,40
16500,76016952,0
16501,19702675,30
16502,19702675,10
16503,19702675,10
16504,19702675,60
16505,19702675,20
16506,1586,500000
16507,19702675,30
16508,19702675,10
16509,19702675,40
16510,19702675,30
16511,19702675,60
16512,19702675,20
16513,19702675,20
16514,19702675,30
16515,19702675,30
16516,19702675,20
16517,19702675,30
16518,19702675,20
16519,19702675,50
16520,76016952,0
16521,19702675,40
16522,19702675,60
16523,19702675,40
16524,1586,500000
16525,19702675,20
16526,19702675,10
16527,876234,11390
16528,19702675,10
16529,19702675,40
16530,876234,15110
16531,19702675,40
16532,19702675,20
16533,76016952,0
16534,19702675,50
16535,19702675,10
16536,19702675,20
16537,19702675,30
16538,19702675,10
16539,19702675,10
16540,19702675,20
16541,19702675,70
16542,19702675,70
16543,19702675,20
16544,19702675,10
16545,19702675,10
16546,19702675,10
16547,19702675,30
16548,19702675,30
16549,19702675,10
16550,19702675,30
16551,19702675,40
16552,19702675,30
16553,19702675,10
16554,19702675,30
16555,19702675,30
16556,1586,500000
16557,19702675,70
16558,19702675,30
16559,19702675,20
16560,19702675,30
16561,876234,10470
16562,19702675,40
16563,19702675,10
16564,19702675,110
16565,1586,500000
16566,19702675,50
16567,19702675,10
16568,19702675,20
16569,19702675,20
16570,876234,4250
16571,19702675,20
16572,19702675,20
16573,19702675,20
16574,19702675,30
16575,19702675,40
16576,19702675,70
16577,876234,7540
16578,876234,5900
16579,19702675,20
16580,19702675,10
16581,19702675,20
16582,19702675,20
16583,19702675,10
16584,19702675,10
16585,19702675,20
16586,19702675,30
16587,19702675,20
16588,19702675,10
16589,19702675,20
16590,19702675,30
16591,19702675,20
16592,19702675,20
16593,19702675,160
16594,19702675,20
16595,19702675,30
16596,1586,500000
16597,19702675,20
16598,19702675,100
16599,19702675,60
16600,19702675,30
16601,19702675,90
16602,876234,9700
16603,876234,6600
16604,19702675,30
16605,76016952,0
16606,19702675,20
16607,19702675,70
16608,1586,500000
16609,876234,7830
16610,876234,14170
16611,1586,500000
16612,19702675,20
16613,19702675,10
16614,19702675,20
16615,19702675,20
16616,19702675,50
16617,19702675,20
16618,19702675,40
16619,19702675,20
16620,19702675,50
16621,19702675,20
16622,19702675,50
16623,19702675,20
16624,19702675,30
16625,19702675,40
16626,19702675,20
16627,19702675,30
16628,19702675,40
16629,19702675,50
16630,19702675,20
16631,19702675,40
16632,19702675,20
16633,19702675,40
16634,1586,500000
16635,19702675,30
16636,19702675,30
16637,19702675,40
16638,19702675,10
16639,19702675,30
16640,19702675,30
16641,19702675,30
16642,19702675,10
16643,19702675,30
16644,876234,8460
16645,876234,6780
16646,1586,500000
16647,19702675,50
16648,19702675,30
16649,876234,13350
16650,19702675,60
16651,19702675,10
16652,19702675,80
16653,19702675,20
16654,19702675,20
16655,19702675,30
16656,19702675,20
16657,19702675,40
16658,19702675,70
16659,19702675,10
16660,19702675,10
16661,19702675,40
16662,19702675,10
16663,19702675,30
16664,19702675,20
16665,19702675,10
16666,19702675,170
16667,19702675,20
16668,19702675,30
16669,19702675,30
16670,19702675,10
16671,19702675,30
16672,19702675,30
16673,19702675,80
16674,19702675,20
16675,19702675,80
16676,19702675,20
16677,19702675,90
16678,876234,5210
16679,19702675,20
16680,19702675,10
16681,19702675,30
16682,19702675,110
16683,19702675,50
16684,19702675,20
16685,19702675,40
16686,1586,500000
16687,19702675,10
16688,19702675,10
16689,19702675,20
16690,19702675,30
16691,19702675,20
16692,19702675,20
16693,19702675,40
16694,19702675,70
16695,19702675,10
16696,19702675,10
16697,19702675,20
16698,19702675,30
16699,19702675,40
16700,19702675,30
16701,19702675,20
16702,19702675,10
16703,19702675,20
16704,76016952,0
16705,19702675,30
16706,1586,500000
16707,19702675,50
16708,19702675,90
16709,19702675,20
16710,1586,500000
16711,19702675,60
16712,19702675,10
16713,19702675,70
16714,19702675,30
16715,19702675,50
16716,1586,500000
16717,19702675,10
16718,19702675,30
16719,19702675,70
16720,19702675,30
16721,19702675,60
16722,19702675,40
16723,19702675,30
16724,19702675,10
16725,19702675,20
16726,19702675,120
16727,19702675,40
16728,876234,6800
16729,19702675,10
16730,19702675,40
16731,19702675,20
16732,876234,15140
16733,19702675,20
16734,19702675,20
16735,19702675,10
16736,19702675,10
16737,1586,500000
16738,19702675,10
16739,876234,7890
16740,19702675,30
16741,76016952,0
16742,19702675,60
16743,19702675,40
16744,19702675,10
16745,19702675,20
16746,19702675,150
16747,19702675,20
16748,1586,500000
16749,19702675,30
16750,76016952,0
16751,19702675,40
16752,19702675,20
16753,876234,44900
16754,876234,9710
16755,1586,500000
16756,19702675,10
16757,19702675,10
16758,19702675,30
16759,19702675,30
16760,876234,9130
16761,19702675,60
16762,19702675,30
16763,876234,7760
16764,19702675,10
16765,19702675,30
16766,19702675,10
16767,19702675,50
16768,19702675,10
16769,19702675,20
16770,19702675,10
16771,1586,500000
16772,19702675,40
16773,19702675,30
16774,76016952,0
16775,19702675,40
16776,19702675,30
16777,19702675,30
16778,19702675,20
16779,19702675,30
16780,19702675,30
16781,19702675,20
16782,19702675,10
16783,19702675,10
16784,19702675,10
16785,19702675,70
16786,19702675,20
16787,19702675,30
16788,19702675,10
16789,19702675,10
16790,19702675,210
16791,19702675,10
16792,19702675,20
16793,19702675,10
16794,19702675,30
16795,19702675,20
16796,19702675,150
16797,19702675,10
16798,19702675,20
16799,19702675,60
16800,19702675,10
16801,19702675,30
16802,19702675,30
16803,1586,500000
16804,1586,500000
16805,19702675,30
16806,19702675,50
16807,19702675,40
16808,19702675,30
16809,19702675,20
16810,19702675,20
16811,19702675,10
16812,19702675,30
16813,19702675,30
16814,19702675,20
16815,19702675,50
16816,19702675,20
16817,19702675,30
16818,19702675,20
16819,876234,7220
16820,19702675,50
16821,19702675,60
16822,19702675,30
16823,19702675,60
16824,19702675,30
16825,19702675,20
16826,19702675,70
16827,19702675,40
16828,19702675,30
16829,19702675,20
16830,19702675,110
16831,19702675,30
16832,19702675,20
16833,19702675,50
16834,1586,500000
16835,19702675,100
16836,19702675,50
16837,19702675,30
16838,19702675,30
16839,19702675,50
16840,19702675,20
16841,19702675,50
16842,19702675,50
16843,19702675,20
16844,19702675,10
16845,19702675,50
16846,76016952,0
16847,19702675,10
16848,19702675,10
16849,19702675,10
16850,19702675,70
16851,1586,500000
16852,19702675,40
16853,19702675,60
16854,876234,17970
16855,19702675,30
16856,1586,500000
16857,876234,9630
16858,19702675,90
16859,19702675,10
16860,19702675,20
16861,876234,9450
16862,19702675,30
16863,19702675,30
16864,19702675,10
16865,19702675,150
16866,19702675,60
16867,19702675,40
16868,19702675,30
16869,1586,500000
16870,19702675,10
16871,876234,6580
16872,19702675,10
16873,19702675,20
16874,19702675,30
16875,19702675,10
16876,76016952,0
16877,876234,11330
16878,19702675,10
16879,19702675,10
16880,19702675,10
16881,19702675,20
16882,19702675,20
16883,19702675,10
16884,876234,7830
16885,19702675,10
16886,19702675,10
16887,19702675,150
16888,19702675,60
16889,1586,500000
16890,19702675,20
16891,19702675,10
16892,19702675,30
16893,19702675,30
16894,19702675,20
16895,19702675,30
16896,876234,5920
16897,19702675,20
16898,19702675,10
16899,19702675,30
16900,19702675,40
16901,19702675,40
16902,19702675,30
16903,19702675,50
16904,19702675,20
16905,19702675,30
16906,876234,8850
16907,19702675,10
16908,19702675,30
16909,19702675,20
16910,19702675,10
16911,19702675,80
16912,19702675,30
16913,19702675,30
16914,19702675,10
16915,19702675,20
16916,19702675,10
16917,19702675,40
16918,19702675,40
16919,19702675,40
16920,19702675,20
16921,19702675,10
16922,19702675,10
16923,19702675,50
16924,19702675,10
16925,76016952,0
16926,19702675,10
16927,19702675,30
16928,19702675,30
16929,19702675,20
16930,19702675,30
16931,19702675,40
16932,19702675,30
16933,76016952,0
16934,19702675,50
16935,19702675,30
16936,19702675,30
16937,19702675,20
16938,876234,9000
16939,19702675,30
16940,19702675,20
16941,19702675,10
16942,19702675,20
16943,19702675,110
16944,19702675,10
16945,19702675,70
16946,19702675,10
16947,19702675,30
16948,19702675,50
16949,19702675,30
16950,19702675,20
16951,19702675,30
16952,19702675,30
16953,19702675,50
16954,19702675,30
16955,19702675,30
16956,19702675,30
16957,19702675,20
16958,19702675,20
16959,19702675,30
16960,19702675,50
16961,19702675,40
16962,19702675,10
16963,19702675,30
16964,19702675,80
16965,19702675,10
16966,19702675,10
16967,19702675,20
16968,19702675,20
16969,19702675,10
16970,19702675,100
16971,19702675,10
16972,19702675,30
16973,19702675,40
16974,19702675,30
16975,19702675,20
16976,1586,500000
16977,19702675,60
16978,1586,500000
16979,19702675,20
16980,19702675,10
16981,19702675,10
16982,19702675,40
16983,19702675,40
16984,1586,500000
16985,19702675,10
16986,19702675,30
16987,876234,6210
16988,19702675,10
16989,19702675,40
16990,19702675,10
16991,19702675,150
16992,876234,5610
16993,19702675,10
16994,19702675,40
16995,19702675,40
16996,1586,500000
16997,19702675,20
16998,19702675,40
16999,19702675,40
17000,876234,9240
17001,19702675,30
17002,19702675,10
17003,19702675,10
17004,19702675,90
17005,19702675,30
17006,19702675,10
17007,19702675,20
17008,19702675,20
17009,19702675,40
17010,19702675,20
17011,19702675,70
17012,19702675,20
17013,19702675,30
17014,19702675,20
17015,19702675,10
17016,19702675,60
17017,19702675,150
17018,19702675,80
17019,19702675,10
17020,19702675,150
17021,19702675,30
17022,1586,500000
17023,19702675,40
17024,19702675,110
17025,19702675,50
17026,19702675,30
17027,19702675,20
17028,19702675,20
17029,19702675,20
17030,19702675,10
17031,19702675,10
17032,19702675,20
17033,19702675,20
17034,19702675,20
17035,19702675,30
17036,19702675,30
17037,19702675,40
17038,19702675,20
17039,19702675,10
17040,876234,10930
17041,1586,500000
17042,1586,500000
17043,19702675,20
17044,1586,500000
17045,19702675,20
17046,19702675,30
17047,19702675,70
17048,19702675,20
17049,19702675,40
17050,19702675,30
17051,19702675,50
17052,19702675,30
17053,19702675,30
17054,19702675,50
17055,19702675,30
17056,19702675,20
17057,19702675,20
17058,76016952,0
17059,876234,6810
17060,19702675,40
17061,19702675,10
17062,19702675,40
17063,1586,500000
17064,19702675,30
17065,19702675,40
17066,19702675,10
17067,876234,6120
17068,19702675,40
17069,19702675,30
17070,19702675,20
17071,19702675,30
17072,19702675,30
17073,19702675,30
17074,19702675,60
17075,19702675,70
17076,19702675,20
17077,876234,7270
17078,19702675,30
17079,19702675,10
17080,876234,23450
17081,19702675,10
17082,19702675,20
17083,19702675,20
17084,19702675,10
17085,19702675,10
17086,876234,6400
17087,19702675,10
17088,19702675,10
17089,19702675,20
17090,19702675,50
17091,19702675,20
17092,19702675,10
17093,19702675,10
17094,876234,6430
17095,19702675,40
17096,19702675,40
17097,876234,7020
17098,19702675,10
17099,19702675,20
17100,19702675,30
17101,19702675,10
17102,19702675,40
17103,19702675,40
17104,19702675,40
17105,19702675,30
17106,19702675,10
17107,1586,500000
17108,19702675,20
17109,19702675,10
17110,19702675,20
17111,19702675,40
17112,19702675,40
17113,19702675,10
17114,19702675,20
17115,19702675,20
17116,19702675,110
17117,19702675,30
17118,19702675,40
17119,19702675,90
17120,1586,500000
17121,19702675,40
17122,1586,500000
17123,19702675,30
17124,19702675,30
17125,19702675,20
17126,876234,10100
17127,19702675,30
17128,19702675,60
17129,19702675,10
17130,19702675,390
17131,19702675,10
17132,19702675,80
17133,19702675,30
17134,19702675,10
17135,19702675,70
17136,19702675,20
17137,19702675,30
17138,1586,500000
17139,19702675,50
17140,19702675,70
17141,19702675,20
17142,19702675,20
17143,19702675,10
17144,19702675,10
17145,76016952,0
17146,19702675,20
17147,19702675,40
17148,19702675,30
17149,19702675,10
17150,19702675,50
17151,1586,500000
17152,876234,8380
17153,876234,8240
17154,19702675,20
17155,19702675,160
17156,1586,500000
17157,19702675,50
17158,19702675,30
17159,19702675,10
17160,19702675,10
17161,19702675,20
17162,19702675,80
17163,19702675,20
17164,1586,500000
17165,76016952,0
17166,19702675,40
17167,19702675,80
17168,19702675,30
17169,876234,14830
17170,19702675,10
17171,19702675,130
17172,19702675,60
17173,19702675,10
17174,19702675,10
17175,1586,500000
17176,19702675,20
17177,1586,500000
17178,19702675,10
17179,19702675,60
17180,19702675,60
17181,19702675,10
17182,19702675,10
17183,19702675,110
17184,19702675,20
17185,19702675,50
17186,19702675,10
17187,19702675,30
17188,19702675,10
17189,19702675,10
17190,19702675,150
17191,19702675,20
17192,19702675,20
17193,19702675,50
17194,19702675,20
17195,19702675,50
17196,19702675,50
17197,19702675,30
17198,19702675,20
17199,19702675,40
17200,19702675,20
17201,19702675,20
17202,19702675,40
17203,19702675,10
17204,19702675,10
17205,19702675,10
17206,19702675,30
17207,19702675,10
17208,19702675,10
17209,19702675,40
17210,1586,500000
17211,19702675,70
17212,19702675,10
17213,19702675,10
17214,19702675,70
17215,19702675,10
17216,19702675,80
17217,19702675,20
17218,19702675,70
17219,76016952,0
17220,19702675,60
17221,19702675,60
17222,19702675,40
17223,19702675,10
17224,19702675,30
17225,1586,500000
17226,19702675,230
17227,19702675,30
17228,19702675,80
17229,19702675,30
17230,19702675,20
17231,19702675,10
17232,19702675,20
17233,1586,500000
17234,19702675,40
17235,19702675,20
17236,19702675,10
17237,19702675,50
17238,19702675,20
17239,19702675,20
17240,19702675,20
17241,19702675,20
17242,19702675,40
17243,19702675,150
17244,876234,7660
17245,19702675,210
17246,1586,500000
17247,19702675,10
17248,19702675,20
17249,19702675,40
17250,19702675,20
17251,19702675,10
17252,19702675,20
17253,19702675,30
17254,19702675,70
17255,19702675,70
17256,1586,500000
17257,876234,7380
17258,19702675,10
17259,19702675,40
17260,19702675,10
17261,19702675,10
17262,19702675,20
17263,19702675,30
17264,19702675,10
17265,19702675,40
17266,19702675,20
17267,19702675,40
17268,1586,500000
17269,19702675,20
17270,19702675,30
17271,876234,5860
17272,19702675,20
17273,876234,13360
17274,19702675,70
17275,19702675,40
17276,19702675,20
17277,19702675,40
17278,1586,500000
17279,19702675,10
17280,19702675,20
17281,19702675,40
17282,19702675,20
17283,19702675,40
17284,19702675,20
17285,19702675,60
17286,876234,10790
17287,19702675,10
17288,19702675,20
17289,1586,500000
17290,19702675,40
17291,19702675,50
17292,19702675,20
17293,19702675,50
17294,19702675,40
17295,19702675,20
17296,19702675,30
17297,876234,11090
17298,19702675,90
17299,1586,500000
17300,1586,500000
17301,19702675,20
17302,19702675,30
17303,19702675,20
17304,19702675,70
17305,876234,6860
17306,19702675,20
17307,19702675,20
17308,19702675,20
17309,19702675,10
17310,19702675,20
17311,19702675,150
17312,19702675,30
17313,19702675,40
17314,19702675,60
17315,19702675,150
17316,19702675,10
17317,19702675,30
17318,1586,500000
17319,19702675,100
17320,19702675,20
17321,19702675,10
17322,19702675,20
17323,19702675,50
17324,19702675,20
17325,19702675,40
17326,19702675,40
17327,1586,500000
17328,19702675,10
17329,19702675,10
17330,19702675,10
17331,19702675,40
17332,19702675,20
17333,19702675,10
17334,19702675,20
17335,19702675,120
17336,19702675,30
17337,19702675,10
17338,19702675,20
17339,19702675,30
17340,19702675,60
17341,19702675,10
17342,19702675,30
17343,19702675,20
17344,876234,10040
17345,19702675,20
17346,19702675,100
17347,19702675,30
17348,19702675,20
17349,19702675,30
17350,1586,500000
17351,1586,500000
17352,19702675,150
17353,19702675,10
17354,19702675,80
17355,19702675,40
17356,19702675,20
17357,19702675,40
17358,19702675,40
17359,19702675,80
17360,19702675,50
17361,876234,10870
17362,19702675,30
17363,19702675,10
17364,19702675,20
17365,19702675,20
17366,876234,8770
17367,19702675,30
17368,19702675,110
17369,19702675,60
17370,19702675,10
17371,19702675,40
17372,19702675,70
17373,19702675,40
17374,19702675,50
17375,19702675,40
17376,19702675,20
17377,1586,500000
17378,19702675,10
17379,876234,5780
17380,19702675,20
17381,876234,9190
17382,76016952,0
17383,19702675,10
17384,19702675,40
17385,19702675,30
17386,19702675,210
17387,876234,9250
17388,19702675,20
17389,19702675,40
17390,19702675,110
17391,19702675,20
17392,19702675,20
17393,19702675,20
17394,19702675,20
17395,19702675,20
17396,1586,500000
17397,19702675,30
17398,19702675,30
17399,19702675,50
17400,19702675,10
17401,19702675,30
17402,19702675,20
17403,19702675,30
17404,19702675,20
17405,19702675,20
17406,19702675,60
17407,19702675,30
17408,19702675,30
17409,19702675,20
17410,876234,5900
17411,1586,500000
17412,19702675,10
17413,1586,500000
17414,19702675,50
17415,19702675,10
17416,19702675,10
17417,19702675,30
17418,19702675,20
17419,1586,500000
17420,19702675,20
17421,19702675,40
17422,19702675,40
17423,19702675,20
17424,19702675,10
17425,19702675,30
17426,19702675,40
17427,876234,6320
17428,1586,500000
17429,19702675,20
17430,19702675,10
17431,19702675,10
17432,19702675,10
17433,19702675,10
17434,19702675,10
17435,1586,500000
17436,19702675,50
17437,19702675,10
17438,19702675,50
17439,19702675,30
17440,19702675,10
17441,1586,500000
17442,19702675,60
17443,876234,6170
17444,19702675,50
17445,19702675,40
17446,19702675,30
17447,19702675,10
17448,19702675,30
17449,19702675,60
17450,19702675,10
17451,19702675,30
17452,19702675,10
17453,19702675,30
17454,19702675,20
17455,19702675,30
17456,19702675,20
17457,19702675,30
17458,19702675,30
17459,19702675,50
17460,19702675,10
17461,19702675,50
17462,19702675,20
17463,19702675,20
17464,19702675,10
17465,1586,500000
17466,19702675,30
17467,19702675,40
17468,19702675,10
17469,876234,8650
17470,19702675,40
17471,19702675,10
17472,19702675,30
17473,19702675,30
17474,19702675,10
17475,19702675,10
17476,19702675,10
17477,876234,5210
17478,19702675,20
17479,19702675,40
17480,19702675,30
17481,19702675,30
17482,19702675,20
17483,1586,500000
17484,19702675,30
17485,19702675,10
17486,19702675,150
17487,19702675,70
17488,19702675,30
17489,19702675,20
17490,19702675,60
17491,1586,500000
17492,19702675,60
17493,876234,15600
17494,19702675,20
17495,19702675,20
17496,19702675,10
17497,19702675,30
17498,19702675,10
17499,876234,11090
17500,19702675,50
17501,19702675,60
17502,19702675,10
17503,19702675,10
17504,19702675,10
17505,19702675,30
17506,19702675,50
17507,19702675,20
17508,19702675,20
17509,19702675,20
17510,19702675,10
17511,19702675,30
17512,19702675,30
17513,19702675,10
17514,19702675,10
17515,19702675,10
17516,19702675,20
17517,19702675,90
17518,19702675,30
17519,19702675,30
17520,19702675,10
17521,19702675,240
17522,19702675,50
17523,19702675,10
17524,19702675,30
17525,19702675,10
17526,19702675,20
17527,19702675,30
17528,19702675,30
17529,19702675,40
17530,19702675,80
17531,19702675,30
17532,19702675,10
17533,19702675,50
17534,19702675,10
17535,19702675,20
17536,1586,500000
17537,19702675,110
17538,19702675,40
17539,19702675,60
17540,19702675,110
17541,19702675,80
17542,19702675,20
17543,19702675,20
17544,19702675,20
17545,19702675,30
17546,19702675,20
17547,19702675,60
17548,19702675,10
17549,876234,7480
17550,19702675,40
17551,19702675,30
17552,19702675,10
17553,19702675,20
17554,19702675,10
17555,19702675,10
17556,19702675,20
17557,19702675,30
17558,19702675,20
17559,19702675,20
17560,19702675,10
17561,1586,500000
17562,876234,13060
17563,19702675,80
17564,19702675,40
17565,19702675,150
17566,19702675,10
17567,19702675,40
17568,19702675,110
17569,19702675,10
17570,19702675,160
17571,19702675,20
17572,19702675,10
17573,876234,7780
17574,19702675,20
17575,19702675,40
17576,19702675,20
17577,19702675,10
17578,19702675,20
17579,19702675,60
17580,19702675,20
17581,1586,500000
17582,19702675,30
17583,19702675,60
17584,19702675,20
17585,19702675,10
17586,19702675,30
17587,19702675,10
17588,19702675,20
17589,19702675,20
17590,1586,500000
17591,19702675,40
17592,19702675,20
17593,19702675,30
17594,19702675,50
17595,19702675,40
17596,19702675,40
17597,1586,500000
17598,19702675,10
17599,19702675,60
17600,19702675,80
17601,19702675,40
17602,19702675,30
17603,19702675,20
17604,1586,500000
17605,19702675,10
17606,19702675,10
17607,19702675,20
17608,19702675,30
17609,19702675,50
17610,19702675,40
17611,19702675,30
17612,1586,500000
17613,19702675,10
17614,19702675,20
17615,19702675,40
17616,19702675,10
17617,19702675,10
17618,19702675,10
17619,876234,9000
17620,19702675,10
17621,19702675,40
17622,19702675,20
17623,19702675,10
17624,19702675,50
17625,1586,500000
17626,19702675,10
17627,19702675,10
17628,19702675,10
17629,19702675,10
17630,876234,9290
17631,19702675,30
17632,19702675,40
17633,19702675,20
17634,19702675,10
17635,19702675,20
17636,76016952,0
17637,876234,5540
17638,19702675,100
17639,19702675,40
17640,19702675,40
17641,1586,500000
17642,19702675,30
17643,876234,8850
17644,876234,12320
17645,19702675,30
17646,19702675,10
17647,19702675,40
17648,19702675,30
17649,1586,500000
17650,19702675,10
17651,19702675,20
17652,19702675,20
17653,19702675,70
17654,19702675,10
17655,19702675,50
17656,19702675,10
17657,19702675,30
17658,19702675,10
17659,19702675,30
17660,876234,7630
17661,19702675,120
17662,19702675,20
17663,19702675,150
17664,876234,5910
17665,19702675,10
17666,19702675,120
17667,19702675,30
17668,76016952,0
17669,19702675,10
17670,19702675,10
17671,19702675,10
17672,19702675,110
17673,19702675,10
17674,19702675,150
17675,19702675,50
17676,19702675,20
17677,19702675,30
17678,1586,500000
17679,876234,8540
17680,19702675,20
17681,19702675,80
17682,19702675,20
17683,19702675,100
17684,19702675,10
17685,19702675,10
17686,1586,500000
17687,19702675,20
17688,19702675,20
17689,19702675,60
17690,19702675,10
17691,19702675,80
17692,19702675,10
17693,19702675,30
17694,19702675,10
17695,1586,500000
17696,19702675,20
17697,76016952,0
17698,19702675,90
17699,19702675,10
17700,19702675,10
17701,876234,9030
17702,19702675,10
17703,19702675,90
17704,19702675,50
17705,19702675,40
17706,19702675,10
17707,19702675,10
17708,19702675,80
17709,19702675,10
17710,19702675,80
17711,19702675,50
17712,19702675,20
17713,19702675,20
17714,19702675,90
17715,19702675,40
17716,876234,5990
17717,19702675,30
17718,19702675,40
17719,19702675,20
17720,1586,500000
17721,19702675,20
17722,19702675,40
17723,19702675,10
17724,19702675,20
17725,19702675,20
17726,1586,500000
17727,19702675,40
17728,19702675,40
17729,19702675,60
17730,19702675,60
17731,19702675,10
17732,19702675,20
17733,19702675,30
17734,19702675,30
17735,19702675,50
17736,19702675,20
17737,19702675,40
17738,19702675,20
17739,19702675,20
17740,19702675,20
17741,876234,16700
17742,19702675,10
17743,19702675,40
17744,876234,7690
17745,1586,500000
17746,19702675,10
17747,19702675,90
17748,19702675,40
17749,19702675,10
17750,19702675,150
17751,19702675,20
17752,19702675,10
17753,19702675,30
17754,19702675,10
17755,19702675,30
17756,1586,500000
17757,19702675,60
17758,19702675,20
17759,19702675,30
17760,19702675,20
17761,19702675,40
17762,19702675,30
17763,19702675,10
17764,19702675,40
17765,19702675,30
17766,19702675,50
17767,876234,17160
17768,19702675,30
17769,1586,500000
17770,19702675,30
17771,19702675,20
17772,19702675,10
17773,19702675,10
17774,19702675,10
17775,19702675,30
17776,19702675,20
17777,19702675,10
17778,19702675,50
17779,19702675,10
17780,19702675,40
17781,19702675,30
17782,19702675,20
17783,1586,500000
17784,19702675,20
17785,19702675,90
17786,19702675,50
17787,876234,21040
17788,19702675,60
17789,19702675,30
17790,19702675,30
17791,19702675,40
17792,1586,500000
17793,19702675,30
17794,19702675,20
17795,19702675,30
17796,876234,9790
17797,19702675,10
17798,19702675,10
17799,19702675,10
17800,19702675,20
17801,19702675,30
17802,1586,500000
17803,19702675,20
17804,19702675,30
17805,19702675,10
17806,19702675,40
17807,19702675,20
17808,19702675,110
17809,19702675,10
17810,19702675,20
17811,19702675,10
17812,19702675,20
17813,19702675,30
17814,19702675,20
17815,19702675,20
17816,19702675,30
17817,19702675,20
17818,19702675,20
17819,19702675,150
17820,19702675,10
17821,19702675,10
17822,19702675,20
17823,1586,500000
17824,1586,500000
17825,19702675,20
17826,19702675,30
17827,19702675,80
17828,876234,7570
17829,19702675,30
17830,19702675,20
17831,19702675,20
17832,19702675,10
17833,19702675,40
17834,19702675,10
17835,19702675,10
17836,19702675,10
17837,19702675,20
17838,19702675,80
17839,19702675,40
17840,19702675,110
17841,19702675,10
17842,19702675,150
17843,19702675,20
17844,19702675,10
17845,1586,500000
17846,1586,500000
17847,19702675,50
17848,19702675,20
17849,19702675,20
17850,19702675,150
17851,19702675,10
17852,19702675,30
17853,1586,500000
17854,19702675,10
17855,19702675,10
17856,19702675,10
17857,1586,500000
17858,19702675,20
17859,19702675,30
17860,876234,9070
17861,19702675,30
17862,76016952,0
17863,19702675,30
17864,19702675,50
17865,19702675,10
17866,19702675,40
17867,19702675,110
17868,876234,9900
17869,19702675,20
17870,19702675,10
17871,19702675,20
17872,1586,500000
17873,19702675,80
17874,876234,7890
17875,19702675,10
17876,19702675,10
17877,19702675,10
17878,19702675,210
17879,876234,31660
17880,19702675,10
17881,876234,7910
17882,19702675,30
17883,19702675,20
17884,19702675,50
17885,19702675,70
17886,19702675,50
17887,19702675,40
17888,19702675,40
17889,19702675,20
17890,19702675,10
17891,19702675,30
17892,1586,500000
17893,19702675,110
17894,19702675,50
17895,19702675,10
17896,19702675,60
17897,1586,500000
17898,19702675,30
17899,19702675,40
17900,19702675,30
17901,19702675,10
17902,19702675,30
17903,19702675,10
17904,19702675,110
17905,19702675,20
17906,19702675,50
17907,19702675,10
17908,19702675,20
17909,19702675,10
17910,19702675,10
17911,19702675,20
17912,19702675,40
17913,19702675,80
17914,19702675,10
17915,19702675,10
17916,19702675,60
17917,19702675,10
17918,876234,5740
17919,19702675,10
17920,19702675,20
17921,19702675,10
17922,19702675,10
17923,19702675,40
17924,876234,10360
17925,19702675,20
17926,19702675,70
17927,19702675,10
17928,19702675,20
17929,19702675,70
17930,19702675,60
17931,19702675,30
17932,19702675,50
17933,19702675,20
17934,19702675,10
17935,19702675,80
17936,876234,6180
17937,19702675,20
17938,19702675,10
17939,19702675,20
17940,19702675,10
17941,19702675,50
17942,876234,7570
17943,19702675,50
17944,19702675,50
17945,19702675,20
17946,876234,5830
17947,19702675,20
17948,876234,8420
17949,19702675,40
17950,19702675,30
17951,876234,5910
17952,19702675,10
17953,19702675,20
17954,19702675,40
17955,19702675,20
17956,19702675,20
17957,19702675,10
17958,19702675,50
17959,19702675,60
17960,19702675,60
17961,19702675,10
17962,876234,10670
17963,19702675,80
17964,19702675,20
17965,19702675,10
17966,19702675,30
17967,19702675,90
17968,19702675,10
17969,19702675,110
17970,19702675,40
17971,19702675,30
17972,876234,6980
17973,876234,26160
17974,19702675,110
17975,19702675,20
17976,19702675,20
17977,19702675,30
17978,19702675,30
17979,19702675,40
17980,19702675,10
17981,1586,500000
17982,19702675,10
17983,876234,6600
17984,19702675,10
17985,19702675,30
17986,19702675,30
17987,19702675,40
17988,19702675,20
17989,19702675,60
17990,19702675,10
17991,19702675,10
17992,19702675,20
17993,19702675,20
17994,19702675,40
17995,19702675,30
17996,876234,6960
17997,19702675,30
17998,19702675,30
17999,19702675,30
18000,19702675,30
18001,19702675,40
18002,19702675,30
18003,19702675,60
18004,19702675,20
18005,19702675,80
18006,19702675,10
18007,19702675,40
18008,19702675,60
18009,19702675,80
18010,19702675,20
18011,19702675,30
18012,19702675,10
18013,19702675,20
18014,19702675,60
18015,19702675,40
18016,19702675,50
18017,19702675,10
18018,19702675,30
18019,19702675,30
18020,19702675,30
18021,19702675,30
18022,19702675,10
18023,19702675,20
18024,19702675,30
18025,19702675,40
18026,19702675,10
18027,19702675,30
18028,19702675,40
18029,19702675,20
18030,19702675,40
18031,19702675,40
18032,1586,500000
18033,19702675,20
18034,19702675,40
18035,19702675,50
18036,19702675,10
18037,19702675,70
18038,19702675,10
18039,19702675,10
18040,19702675,20
18041,19702675,20
18042,19702675,20
18043,19702675,40
18044,19702675,10
18045,876234,12750
18046,19702675,10
18047,19702675,30
18048,19702675,10
18049,876234,7950
18050,19702675,10
18051,19702675,30
18052,19702675,20
18053,19702675,10
18054,19702675,10
18055,19702675,80
18056,19702675,60
18057,19702675,30
18058,1586,500000
18059,19702675,20
18060,19702675,20
18061,19702675,100
18062,19702675,30
18063,76016952,0
18064,19702675,20
18065,19702675,50
18066,19702675,10
18067,19702675,40
18068,19702675,10
18069,19702675,30
18070,19702675,20
18071,19702675,10
18072,19702675,30
18073,19702675,30
18074,19702675,40
18075,19702675,10
18076,19702675,10
18077,1586,500000
18078,19702675,60
18079,19702675,70
18080,19702675,20
18081,19702675,110
18082,19702675,40
18083,19702675,20
18084,19702675,30
18085,19702675,30
18086,19702675,50
18087,19702675,10
18088,876234,20010
18089,19702675,20
18090,19702675,50
18091,19702675,20
18092,19702675,30
18093,19702675,10
18094,19702675,60
18095,19702675,20
18096,19702675,10
18097,19702675,150
18098,19702675,10
18099,19702675,10
18100,19702675,30
18101,19702675,30
18102,19702675,20
18103,19702675,10
18104,19702675,40
18105,19702675,100
18106,876234,11100
18107,19702675,10
18108,19702675,40
18109,19702675,10
18110,19702675,40
18111,19702675,80
18112,19702675,30
18113,876234,6580
18114,19702675,10
18115,19702675,50
18116,1586,500000
18117,19702675,40
18118,19702675,40
18119,19702675,20
18120,19702675,10
18121,19702675,20
18122,19702675,20
18123,19702675,20
18124,19702675,40
18125,876234,10140
18126,19702675,30
18127,76016952,0
18128,19702675,10
18129,19702675,40
18130,19702675,80
18131,19702675,20
18132,876234,9520
18133,19702675,30
18134,19702675,10
18135,19702675,30
18136,19702675,10
18137,1586,500000
18138,19702675,10
18139,876234,8920
18140,1586,500000
18141,19702675,20
18142,19702675,20
18143,19702675,20
18144,19702675,30
18145,19702675,10
18146,19702675,20
18147,19702675,40
18148,876234,6170
18149,19702675,30
18150,19702675,150
18151,19702675,10
18152,1586,500000
18153,19702675,50
18154,19702675,110
18155,19702675,20
18156,19702675,20
18157,19702675,30
18158,19702675,30
18159,19702675,10
18160,19702675,40
18161,19702675,40
18162,19702675,30
18163,19702675,20
18164,19702675,10
18165,876234,6810
18166,19702675,30
18167,19702675,40
18168,1586,500000
18169,876234,7060
18170,19702675,60
18171,19702675,30
18172,19702675,10
18173,19702675,10
18174,19702675,50
18175,19702675,10
18176,19702675,40
18177,19702675,20
18178,19702675,20
18179,19702675,10
18180,19702675,110
18181,19702675,10
18182,19702675,20
18183,19702675,10
18184,19702675,10
18185,19702675,20
18186,19702675,10
18187,19702675,40
18188,19702675,10
18189,19702675,20
18190,19702675,150
18191,19702675,30
18192,19702675,20
18193,19702675,10
18194,19702675,30
18195,19702675,10
18196,19702675,40
18197,19702675,110
18198,19702675,20
18199,19702675,40
18200,19702675,10
18201,19702675,40
18202,19702675,10
18203,19702675,150
18204,19702675,30
18205,19702675,20
18206,19702675,160
18207,19702675,20
18208,19702675,20
18209,19702675,80
18210,19702675,30
18211,19702675,30
18212,19702675,30
18213,19702675,40
18214,19702675,30
18215,19702675,10
18216,19702675,30
18217,876234,6620
18218,76016952,0
18219,19702675,40
18220,19702675,30
18221,19702675,20
18222,19702675,80
18223,76016952,0
18224,19702675,40
18225,19702675,80
18226,19702675,10
18227,19702675,20
18228,19702675,10
18229,19702675,20
18230,19702675,20
18231,19702675,30
18232,19702675,50
18233,19702675,20
18234,19702675,30
18235,19702675,20
18236,19702675,10
18237,19702675,10
18238,19702675,10
18239,19702675,10
18240,19702675,110
18241,19702675,10
18242,1586,500000
18243,876234,10650
18244,19702675,20
18245,1586,500000
18246,1586,500000
18247,19702675,10
18248,19702675,30
18249,19702675,10
18250,19702675,20
18251,19702675,20
18252,1586,500000
18253,19702675,50
18254,19702675,20
18255,19702675,110
18256,19702675,10
18257,19702675,30
18258,19702675,50
18259,19702675,10
18260,19702675,20
18261,19702675,20
18262,19702675,30
18263,19702675,10
18264,19702675,20
18265,19702675,20
18266,19702675,20
18267,876234,9360
18268,19702675,40
18269,19702675,10
18270,19702675,40
18271,876234,7650
18272,19702675,20
18273,19702675,20
18274,19702675,20
18275,19702675,10
18276,876234,6250
18277,19702675,30
18278,19702675,10
18279,19702675,20
18280,19702675,110
18281,19702675,10
18282,876234,5450
18283,19702675,60
18284,19702675,10
18285,19702675,20
18286,19702675,20
18287,19702675,30
18288,19702675,20
18289,19702675,10
18290,19702675,40
18291,1586,500000
18292,19702675,10
18293,1586,500000
18294,19702675,10
18295,19702675,20
18296,19702675,40
18297,19702675,10
18298,19702675,20
18299,76016952,0
18300,19702675,50
18301,19702675,40
18302,19702675,30
18303,1586,500000
18304,876234,38090
18305,19702675,20
18306,19702675,50
18307,19702675,10
18308,19702675,20
18309,19702675,20
18310,19702675,10
18311,19702675,10
18312,19702675,40
18313,19702675,20
18314,19702675,30
18315,19702675,30
18316,19702675,60
18317,19702675,30
18318,19702675,180
18319,19702675,40
18320,19702675,20
18321,19702675,20
18322,19702675,60
18323,19702675,20
18324,1586,500000
18325,19702675,10
18326,1586,500000
18327,19702675,80
18328,19702675,30
18329,19702675,10
18330,19702675,20
18331,19702675,40
18332,19702675,130
18333,19702675,50
18334,19702675,20
18335,19702675,30
18336,19702675,20
18337,19702675,10
18338,19702675,50
18339,19702675,10
18340,19702675,20
18341,19702675,20
18342,19702675,50
18343,1586,500000
18344,19702675,40
18345,19702675,50
18346,19702675,80
18347,19702675,30
18348,19702675,50
18349,19702675,70
18350,19702675,30
18351,1586,500000
18352,19702675,20
18353,76016952,0
18354,19702675,60
18355,876234,11470
18356,19702675,20
18357,19702675,10
18358,19702675,20
18359,19702675,50
18360,19702675,30
18361,19702675,30
18362,19702675,40
18363,19702675,20
18364,19702675,20
18365,19702675,30
18366,19702675,20
18367,876234,12520
18368,19702675,30
18369,19702675,40
18370,19702675,50
18371,19702675,20
18372,19702675,10
18373,19702675,20
18374,19702675,10
18375,19702675,20
18376,19702675,10
18377,876234,6970
18378,19702675,10
18379,19702675,10
18380,19702675,30
18381,19702675,10
18382,19702675,20
18383,19702675,20
18384,19702675,30
18385,19702675,20
18386,19702675,10
18387,19702675,10
18388,19702675,20
18389,19702675,50
18390,19702675,10
18391,19702675,20
18392,19702675,10
18393,19702675,40
18394,19702675,40
18395,19702675,10
18396,19702675,40
18397,19702675,20
18398,19702675,10
18399,19702675,10
18400,19702675,10
18401,19702675,40
18402,19702675,30
18403,19702675,10
18404,19702675,30
18405,19702675,150
18406,19702675,50
18407,19702675,30
18408,19702675,20
18409,1586,500000
18410,19702675,30
18411,19702675,30
18412,19702675,30
18413,19702675,30
18414,19702675,70
18415,19702675,20
18416,19702675,10
18417,19702675,10
18418,876234,10170
18419,876234,6740
18420,19702675,240
18421,19702675,10
18422,19702675,10
18423,19702675,10
18424,76016952,0
18425,19702675,40
18426,1586,500000
18427,19702675,50
18428,1586,500000
18429,19702675,40
18430,19702675,30
18431,19702675,50
18432,876234,6180
18433,19702675,10
18434,19702675,50
18435,19702675,10
18436,19702675,40
18437,19702675,20
18438,19702675,20
18439,19702675,20
18440,19702675,10
18441,19702675,10
18442,19702675,40
18443,19702675,10
18444,876234,4920
18445,19702675,20
18446,19702675,80
18447,19702675,30
18448,19702675,80
18449,19702675,60
18450,19702675,10
18451,19702675,110
18452,1586,500000
18453,19702675,10
18454,19702675,20
18455,19702675,40
18456,876234,4590
18457,19702675,10
18458,19702675,30
18459,19702675,10
18460,19702675,10
18461,19702675,100
18462,19702675,10
18463,19702675,30
18464,19702675,10
18465,19702675,60
18466,1586,500000
18467,19702675,80
18468,19702675,10
18469,19702675,60
18470,19702675,30
18471,19702675,30
18472,19702675,20
18473,19702675,20
18474,19702675,20
18475,19702675,80
18476,19702675,70
18477,19702675,20
18478,19702675,10
18479,76016952,0
18480,19702675,40
18481,19702675,10
18482,19702675,50
18483,1586,500000
18484,19702675,60
18485,19702675,20
18486,19702675,10
18487,19702675,50
18488,19702675,40
18489,1586,500000
18490,19702675,10
18491,19702675,10
18492,1586,500000
18493,19702675,30
18494,19702675,10
18495,19702675,40
18496,1586,500000
18497,19702675,10
18498,1586,500000
18499,19702675,20
18500,19702675,40
18501,19702675,30
18502,1586,500000
18503,19702675,30
18504,19702675,10
18505,19702675,40
18506,19702675,50
18507,19702675,80
18508,19702675,10
18509,19702675,20
18510,19702675,30
18511,876234,9090
18512,19702675,40
18513,19702675,110
18514,19702675,30
18515,19702675,40
18516,19702675,10
18517,19702675,10
18518,19702675,30
18519,19702675,30
18520,19702675,160
18521,19702675,10
18522,19702675,20
18523,19702675,30
18524,19702675,30
18525,19702675,20
18526,19702675,20
18527,19702675,20
18528,19702675,30
18529,19702675,60
18530,19702675,30
18531,19702675,20
18532,19702675,30
18533,19702675,10
18534,1586,500000
18535,19702675,10
18536,19702675,30
18537,19702675,40
18538,19702675,10
18539,19702675,60
18540,19702675,100
18541,76016952,0
18542,1586,500000
18543,19702675,50
18544,19702675,20
18545,19702675,30
18546,19702675,40
18547,876234,6660
18548,19702675,110
18549,1586,500000
18550,19702675,10
18551,19702675,30
18552,19702675,40
18553,19702675,70
18554,1586,500000
18555,876234,6510
18556,19702675,40
18557,19702675,40
18558,19702675,10
18559,19702675,50
18560,19702675,20
18561,19702675,60
18562,19702675,30
18563,19702675,40
18564,19702675,30
18565,19702675,30
18566,19702675,60
18567,876234,9470
18568,19702675,10
18569,19702675,110
18570,1586,500000
18571,19702675,40
18572,19702675,160
18573,876234,9370
18574,19702675,20
18575,19702675,60
18576,19702675,20
18577,19702675,10
18578,19702675,20
18579,876234,6120
18580,19702675,20
18581,19702675,30
18582,19702675,90
18583,19702675,10
18584,19702675,10
18585,19702675,110
18586,19702675,60
18587,19702675,30
18588,876234,11090
18589,19702675,20
18590,19702675,90
18591,1586,500000
18592,19702675,10
18593,876234,6320
18594,19702675,20
18595,19702675,10
18596,19702675,10
18597,19702675,30
18598,876234,7930
18599,19702675,20
18600,19702675,150
18601,19702675,20
18602,19702675,60
18603,19702675,20
18604,876234,6990
18605,19702675,10
18606,19702675,50
18607,19702675,20
18608,19702675,20
18609,1586,500000
18610,19702675,40
18611,1586,500000
18612,1586,500000
18613,19702675,30
18614,1586,500000
18615,19702675,40
18616,876234,8120
18617,19702675,10
18618,19702675,80
18619,19702675,20
18620,876234,9210
18621,19702675,20
18622,19702675,30
18623,19702675,10
18624,19702675,20
18625,19702675,50
18626,19702675,20
18627,19702675,20
18628,19702675,10
18629,19702675,30
18630,19702675,20
18631,19702675,20
18632,19702675,10
18633,19702675,70
18634,19702675,80
18635,19702675,30
18636,19702675,10
18637,19702675,30
18638,1586,500000
18639,19702675,60
18640,19702675,30
18641,876234,6860
18642,19702675,10
18643,19702675,30
18644,19702675,130
18645,76016952,0
18646,19702675,10
18647,19702675,20
18648,19702675,50
18649,19702675,50
18650,19702675,10
18651,19702675,20
18652,19702675,30
18653,19702675,30
18654,19702675,150
18655,19702675,30
18656,19702675,80
18657,19702675,10
18658,1586,500000
18659,19702675,20
18660,19702675,10
18661,76016952,0
18662,19702675,210
18663,19702675,20
18664,19702675,30
18665,876234,10910
18666,19702675,10
18667,19702675,40
18668,19702675,110
18669,19702675,10
18670,19702675,30
18671,1586,500000
18672,876234,7680
18673,19702675,40
18674,19702675,10
18675,19702675,60
18676,19702675,150
18677,19702675,70
18678,76016952,0
18679,19702675,20
18680,19702675,30
18681,19702675,10
18682,19702675,30
18683,19702675,60
18684,19702675,10
18685,19702675,10
18686,19702675,10
18687,19702675,80
18688,19702675,20
18689,19702675,30
18690,19702675,30
18691,19702675,30
18692,19702675,60
18693,876234,8430
18694,19702675,50
18695,19702675,30
18696,19702675,10
18697,19702675,20
18698,19702675,40
18699,19702675,80
18700,19702675,40
18701,19702675,10
18702,19702675,50
18703,19702675,70
18704,19702675,60
18705,19702675,20
18706,19702675,10
18707,19702675,50
18708,19702675,10
18709,19702675,30
18710,19702675,20
18711,19702675,10
18712,19702675,10
18713,19702675,10
18714,76016952,0
18715,19702675,30
18716,876234,10420
18717,19702675,20
18718,19702675,30
18719,19702675,20
18720,19702675,10
18721,1586,500000
18722,19702675,10
18723,1586,500000
18724,19702675,40
18725,19702675,90
18726,19702675,20
18727,19702675,10
18728,19702675,50
18729,876234,5050
18730,19702675,40
18731,19702675,10
18732,19702675,10
18733,19702675,30
18734,1586,500000
18735,19702675,10
18736,19702675,150
18737,19702675,10
18738,19702675,110
18739,19702675,50
18740,1586,500000
18741,19702675,10
18742,19702675,10
18743,19702675,30
18744,19702675,30
18745,1586,500000
18746,19702675,110
18747,19702675,20
18748,19702675,10
18749,19702675,20
18750,19702675,50
18751,19702675,80
18752,19702675,20
18753,19702675,10
18754,19702675,20
18755,1586,500000
18756,19702675,30
18757,76016952,0
18758,19702675,110
18759,19702675,10
18760,19702675,10
18761,876234,16460
18762,19702675,40
18763,1586,500000
18764,19702675,30
18765,19702675,50
18766,19702675,20
18767,19702675,30
18768,19702675,30
18769,19702675,10
18770,19702675,10
18771,19702675,50
18772,19702675,10
18773,19702675,50
18774,19702675,10
18775,19702675,150
18776,19702675,20
18777,19702675,20
18778,19702675,30
18779,19702675,30
18780,1586,500000
18781,19702675,80
18782,19702675,90
18783,19702675,10
18784,19702675,110
18785,1586,500000
18786,1586,500000
18787,19702675,10
18788,19702675,40
18789,19702675,10
18790,19702675,60
18791,19702675,10
18792,19702675,30
18793,19702675,50
18794,19702675,20
18795,19702675,20
18796,19702675,30
18797,19702675,20
18798,19702675,60
18799,19702675,10
18800,19702675,60
18801,19702675,30
18802,1586,500000
18803,19702675,30
18804,19702675,10
18805,19702675,30
18806,19702675,30
18807,19702675,20
18808,19702675,30
18809,1586,500000
18810,876234,11120
18811,19702675,20
18812,19702675,20
18813,19702675,10
18814,19702675,20
18815,19702675,40
18816,876234,26690
18817,19702675,30
18818,19702675,110
18819,19702675,20
18820,19702675,40
18821,19702675,20
18822,19702675,30
18823,19702675,140
18824,19702675,20
18825,19702675,30
18826,19702675,40
18827,19702675,10
18828,19702675,30
18829,19702675,30
18830,19702675,20
18831,19702675,90
18832,876234,6570
18833,19702675,50
18834,19702675,20
18835,19702675,10
18836,19702675,40
18837,19702675,20
18838,19702675,60
18839,19702675,20
18840,19702675,40
18841,19702675,10
18842,19702675,20
18843,19702675,40
18844,19702675,10
18845,19702675,10
18846,19702675,10
18847,19702675,20
18848,19702675,10
18849,19702675,20
18850,19702675,20
18851,19702675,60
18852,19702675,20
18853,19702675,40
18854,19702675,80
18855,19702675,20
18856,19702675,10
18857,19702675,30
18858,19702675,10
18859,19702675,20
18860,19702675,50
18861,19702675,10
18862,19702675,20
18863,19702675,10
18864,1586,500000
18865,19702675,60
18866,19702675,10
18867,19702675,20
18868,19702675,40
18869,19702675,30
18870,19702675,30
18871,19702675,20
18872,1586,500000
18873,19702675,30
18874,19702675,10
18875,19702675,10
18876,19702675,40
18877,19702675,10
18878,19702675,50
18879,19702675,20
18880,19702675,40
18881,19702675,20
18882,876234,8860
18883,19702675,50
18884,19702675,10
18885,19702675,10
18886,19702675,220
18887,19702675,30
18888,19702675,10
18889,19702675,30
18890,19702675,40
18891,19702675,40
18892,76016952,0
18893,19702675,10
18894,1586,500000
18895,19702675,70
18896,19702675,10
18897,19702675,30
18898,19702675,10
18899,19702675,30
18900,19702675,50
18901,19702675,10
18902,876234,21440
18903,19702675,20
18904,1586,500000
18905,19702675,40
18906,19702675,40
18907,19702675,10
18908,1586,500000
18909,19702675,10
18910,19702675,70
18911,19702675,10
18912,876234,6380
18913,19702675,10
18914,19702675,10
18915,19702675,10
18916,19702675,30
18917,19702675,10
18918,19702675,40
18919,19702675,60
18920,19702675,10
18921,1586,500000
18922,19702675,10
18923,1586,500000
18924,19702675,20
18925,19702675,10
18926,19702675,20
18927,19702675,20
18928,19702675,30
18929,19702675,40
18930,1586,500000
18931,19702675,10
18932,19702675,30
18933,19702675,10
18934,19702675,10
18935,19702675,20
18936,19702675,50
18937,19702675,40
18938,19702675,20
18939,19702675,10
18940,19702675,130
18941,876234,6990
18942,19702675,10
18943,1586,500000
18944,19702675,20
18945,1586,500000
18946,876234,8770
18947,19702675,20
18948,19702675,60
18949,1586,500000
18950,19702675,20
18951,19702675,50
18952,876234,12850
18953,19702675,80
18954,19702675,30
18955,19702675,110
18956,19702675,150
18957,19702675,20
18958,19702675,10
18959,19702675,40
18960,19702675,80
18961,876234,6170
18962,1586,500000
18963,1586,500000
18964,19702675,30
18965,19702675,60
18966,19702675,110
18967,19702675,10
18968,19702675,10
18969,19702675,20
18970,19702675,40
18971,19702675,10
18972,19702675,210
18973,19702675,20
18974,19702675,20
18975,19702675,20
18976,19702675,10
18977,19702675,160
18978,19702675,10
18979,19702675,10
18980,19702675,50
18981,19702675,20
18982,19702675,30
18983,19702675,10
18984,876234,6990
18985,19702675,20
18986,19702675,40
18987,19702675,40
18988,1586,500000
18989,19702675,20
18990,19702675,60
18991,19702675,80
18992,19702675,10
18993,19702675,10
18994,19702675,20
18995,19702675,40
18996,1586,500000
18997,19702675,10
18998,19702675,10
18999,19702675,20
19000,19702675,10
19001,19702675,20
19002,876234,6920
19003,19702675,20
19004,19702675,10
19005,19702675,20
19006,19702675,30
19007,19702675,30
19008,19702675,60
19009,19702675,30
19010,19702675,60
19011,19702675,30
19012,876234,14260
19013,19702675,40
19014,19702675,20
19015,19702675,10
19016,19702675,10
19017,19702675,20
19018,19702675,60
19019,19702675,10
19020,1586,500000
19021,19702675,10
19022,19702675,20
19023,19702675,40
19024,19702675,10
19025,19702675,10
19026,19702675,30
19027,19702675,10
19028,19702675,20
19029,19702675,20
19030,19702675,40
19031,19702675,30
19032,19702675,70
19033,876234,6670
19034,19702675,20
19035,1586,500000
19036,19702675,20
19037,19702675,40
19038,1586,500000
19039,19702675,10
19040,19702675,40
19041,76016952,0
19042,19702675,30
19043,19702675,20
19044,19702675,10
19045,19702675,10
19046,19702675,60
19047,19702675,50
19048,19702675,10
19049,19702675,10
19050,1586,500000
19051,19702675,30
19052,19702675,10
19053,19702675,90
19054,19702675,20
19055,19702675,30
19056,19702675,30
19057,876234,19030
19058,19702675,50
19059,19702675,20
19060,19702675,30
19061,19702675,10
19062,19702675,20
19063,19702675,20
19064,19702675,30
19065,19702675,10
19066,19702675,80
19067,1586,500000
19068,1586,500000
19069,19702675,20
19070,19702675,70
19071,19702675,30
19072,19702675,40
19073,19702675,30
19074,19702675,70
19075,19702675,20
19076,19702675,20
19077,19702675,30
19078,19702675,10
19079,19702675,50
19080,876234,11390
19081,876234,5610
19082,19702675,10
19083,19702675,60
19084,19702675,40
19085,19702675,50
19086,19702675,20
19087,19702675,10
19088,19702675,40
19089,19702675,50
19090,19702675,20
19091,19702675,30
19092,876234,10930
19093,76016952,0
19094,19702675,20
19095,19702675,30
19096,19702675,20
19097,1586,500000
19098,19702675,10
19099,19702675,10
19100,19702675,20
19101,19702675,20
19102,19702675,40
19103,19702675,30
19104,19702675,20
19105,876234,13470
19106,19702675,30
19107,876234,10180
19108,19702675,60
19109,19702675,10
19110,19702675,10
19111,19702675,20
19112,19702675,40
19113,19702675,10
19114,19702675,60
19115,19702675,30
19116,19702675,10
19117,876234,7640
19118,19702675,30
19119,19702675,10
19120,19702675,30
19121,19702675,10
19122,19702675,20
19123,19702675,40
19124,19702675,10
19125,19702675,20
19126,19702675,40
19127,19702675,10
19128,19702675,20
19129,876234,4810
19130,19702675,120
19131,19702675,20
19132,19702675,30
19133,19702675,30
19134,19702675,10
19135,19702675,20
19136,19702675,10
19137,19702675,10
19138,19702675,20
19139,876234,10820
19140,19702675,10
19141,876234,7360
19142,19702675,10
19143,76016952,0
19144,19702675,50
19145,76016952,0
19146,19702675,60
19147,19702675,30
19148,19702675,30
19149,19702675,10
19150,19702675,40
19151,19702675,10
19152,19702675,20
19153,876234,8740
19154,19702675,100
19155,19702675,30
19156,19702675,40
19157,19702675,30
19158,19702675,40
19159,19702675,30
19160,19702675,10
19161,19702675,20
19162,19702675,20
19163,19702675,10
19164,19702675,20
19165,19702675,80
19166,19702675,40
19167,19702675,40
19168,19702675,30
19169,876234,5060
19170,19702675,10
19171,1586,500000
19172,19702675,10
19173,19702675,30
19174,19702675,30
19175,19702675,10
19176,19702675,60
19177,19702675,30
19178,19702675,10
19179,1586,500000
19180,19702675,30
19181,19702675,20
19182,19702675,20
19183,19702675,60
19184,19702675,10
19185,876234,6880
19186,19702675,10
19187,19702675,40
19188,19702675,60
19189,19702675,30
19190,876234,8080
19191,19702675,90
19192,19702675,30
19193,19702675,10
19194,876234,8710
19195,1586,500000
19196,19702675,20
19197,19702675,40
19198,19702675,10
19199,19702675,20
19200,19702675,20
19201,19702675,30
19202,19702675,10
19203,76016952,0
19204,19702675,60
19205,19702675,10
19206,19702675,10
19207,19702675,20
19208,19702675,30
19209,876234,10120
19210,19702675,30
19211,19702675,30
19212,19702675,10
19213,19702675,20
19214,19702675,10
19215,876234,12670
19216,1586,500000
19217,19702675,60
19218,19702675,30
19219,19702675,10
19220,19702675,70
19221,19702675,20
19222,19702675,60
19223,19702675,10
19224,19702675,10
19225,19702675,30
19226,876234,6530
19227,19702675,30
19228,19702675,10
19229,1586,500000
19230,19702675,150
19231,19702675,60
19232,19702675,10
19233,1586,500000
19234,76016952,0
19235,19702675,10
19236,19702675,40
19237,19702675,30
19238,19702675,40
19239,19702675,50
19240,19702675,10
19241,19702675,40
19242,19702675,10
19243,19702675,40
19244,19702675,50
19245,1586,500000
19246,19702675,20
19247,1586,500000
19248,19702675,40
19249,19702675,10
19250,1586,500000
19251,19702675,30
19252,19702675,90
19253,19702675,30
19254,19702675,30
19255,19702675,20
19256,19702675,40
19257,19702675,110
19258,19702675,40
19259,19702675,30
19260,19702675,60
19261,19702675,10
19262,19702675,20
19263,19702675,30
19264,76016952,0
19265,19702675,40
19266,19702675,80
19267,19702675,10
19268,19702675,40
19269,19702675,40
19270,19702675,20
19271,1586,500000
19272,19702675,50
19273,19702675,10
19274,19702675,150
19275,19702675,10
19276,19702675,40
19277,19702675,30
19278,19702675,130
19279,19702675,40
19280,1586,500000
19281,19702675,10
19282,19702675,10
19283,19702675,10
19284,19702675,10
19285,19702675,70
19286,19702675,20
19287,19702675,20
19288,19702675,20
19289,19702675,40
19290,19702675,30
19291,19702675,50
19292,19702675,10
19293,19702675,50
19294,19702675,10
19295,19702675,30
19296,876234,6800
19297,19702675,60
19298,19702675,30
19299,19702675,30
19300,19702675,150
19301,19702675,50
19302,19702675,20
19303,19702675,10
19304,19702675,80
19305,876234,13470
19306,19702675,50
19307,19702675,20
19308,19702675,10
19309,19702675,20
19310,19702675,110
19311,19702675,70
19312,19702675,30
19313,19702675,10
19314,19702675,20
19315,19702675,20
19316,19702675,30
19317,19702675,30
19318,19702675,10
19319,19702675,10
19320,19702675,10
19321,19702675,20
19322,19702675,10
19323,19702675,20
19324,1586,500000
19325,19702675,20
19326,19702675,30
19327,19702675,40
19328,19702675,20
19329,19702675,10
19330,19702675,10
19331,19702675,10
19332,19702675,40
19333,876234,7980
19334,19702675,20
19335,876234,6740
19336,876234,15290
19337,19702675,30
19338,19702675,80
19339,1586,500000
19340,1586,500000
19341,19702675,20
19342,19702675,40
19343,19702675,20
19344,19702675,30
19345,19702675,150
19346,19702675,20
19347,19702675,50
19348,19702675,80
19349,19702675,20
19350,19702675,30
19351,19702675,50
19352,19702675,30
19353,19702675,10
19354,876234,7720
19355,876234,6910
19356,19702675,80
19357,19702675,30
19358,19702675,30
19359,19702675,20
19360,19702675,20
19361,19702675,10
19362,19702675,60
19363,19702675,40
19364,19702675,60
19365,876234,12500
19366,19702675,60
19367,19702675,150
19368,19702675,30
19369,19702675,30
19370,1586,500000
19371,19702675,30
19372,19702675,10
19373,19702675,40
19374,19702675,30
19375,876234,4650
19376,876234,8180
19377,19702675,40
19378,1586,500000
19379,19702675,10
19380,19702675,10
19381,19702675,40
19382,19702675,20
19383,876234,7130
19384,19702675,60
19385,19702675,20
19386,19702675,110
19387,19702675,40
19388,1586,500000
19389,19702675,30
19390,19702675,20
19391,19702675,30
19392,19702675,40
19393,19702675,20
19394,19702675,40
19395,19702675,60
19396,19702675,20
19397,19702675,60
19398,19702675,40
19399,19702675,210
19400,19702675,30
19401,19702675,20
19402,19702675,30
19403,19702675,20
19404,19702675,30
19405,19702675,40
19406,19702675,50
19407,19702675,30
19408,19702675,10
19409,19702675,20
19410,19702675,10
19411,19702675,20
19412,19702675,20
19413,19702675,20
19414,19702675,20
19415,19702675,20
19416,19702675,10
19417,19702675,20
19418,19702675,30
19419,19702675,20
19420,19702675,30
19421,19702675,40
19422,19702675,40
19423,19702675,30
19424,19702675,30
19425,19702675,20
19426,19702675,30
19427,19702675,20
19428,19702675,10
19429,19702675,30
19430,19702675,30
19431,19702675,70
19432,1586,500000
19433,19702675,10
19434,876234,9560
19435,19702675,30
19436,19702675,70
19437,19702675,10
19438,19702675,10
19439,19702675,10
19440,19702675,90
19441,19702675,10
19442,19702675,30
19443,19702675,10
19444,19702675,20
19445,19702675,30
19446,19702675,20
19447,19702675,10
19448,19702675,150
19449,19702675,40
19450,19702675,30
19451,19702675,10
19452,19702675,50
19453,19702675,10
19454,19702675,10
19455,19702675,50
19456,19702675,40
19457,19702675,30
19458,19702675,10
19459,19702675,30
19460,19702675,20
19461,19702675,50
19462,19702675,30
19463,19702675,10
19464,19702675,50
19465,19702675,20
19466,19702675,30
19467,76016952,0
19468,19702675,40
19469,19702675,40
19470,19702675,20
19471,19702675,10
19472,19702675,110
19473,19702675,110
19474,19702675,20
19475,876234,7600
19476,19702675,10
19477,19702675,20
19478,19702675,20
19479,19702675,20
19480,19702675,20
19481,19702675,30
19482,19702675,20
19483,19702675,10
19484,19702675,30
19485,19702675,60
19486,1586,500000
19487,19702675,20
19488,19702675,60
19489,19702675,30
19490,1586,500000
19491,76016952,0
19492,19702675,30
19493,19702675,20
19494,19702675,60
19495,19702675,20
19496,19702675,50
19497,19702675,50
19498,19702675,30
19499,19702675,60
19500,19702675,30
19501,876234,7100
19502,19702675,40
19503,19702675,90
19504,19702675,10
19505,1586,500000
19506,19702675,80
19507,19702675,20
19508,876234,38000
19509,1586,500000
19510,1586,500000
19511,19702675,60
19512,19702675,20
19513,19702675,20
19514,19702675,40
19515,19702675,20
19516,19702675,30
19517,19702675,10
19518,19702675,10
19519,19702675,10
19520,19702675,50
19521,19702675,60
19522,19702675,20
19523,19702675,80
19524,19702675,10
19525,19702675,110
19526,19702675,20
19527,19702675,60
19528,19702675,20
19529,19702675,210
19530,19702675,30
19531,19702675,30
19532,76016952,0
19533,19702675,20
19534,1586,500000
19535,19702675,10
19536,19702675,30
19537,19702675,20
19538,1586,500000
19539,19702675,40
19540,19702675,10
19541,19702675,20
19542,1586,500000
19543,19702675,20
19544,19702675,20
19545,19702675,110
19546,19702675,60
19547,876234,8570
19548,876234,11040
19549,19702675,30
19550,19702675,20
19551,19702675,30
19552,19702675,20
19553,876234,38260
19554,19702675,10
19555,19702675,30
19556,19702675,50
19557,19702675,40
19558,19702675,10
19559,19702675,20
19560,19702675,30
19561,19702675,40
19562,19702675,110
19563,1586,500000
19564,876234,7780
19565,19702675,10
19566,19702675,10
19567,19702675,40
19568,19702675,20
19569,19702675,20
19570,876234,5500
19571,19702675,40
19572,19702675,30
19573,19702675,70
19574,19702675,30
19575,19702675,40
19576,19702675,10
19577,19702675,20
19578,19702675,30
19579,19702675,30
19580,19702675,10
19581,876234,6140
19582,19702675,30
19583,876234,8420
19584,876234,7560
19585,876234,8200
19586,19702675,20
19587,876234,10070
19588,19702675,20
19589,19702675,20
19590,19702675,10
19591,876234,7670
19592,19702675,20
19593,19702675,30
19594,19702675,10
19595,876234,6450
19596,1586,500000
19597,19702675,10
19598,19702675,40
19599,19702675,20
19600,876234,6360
19601,876234,6060
19602,19702675,40
19603,876234,8560
19604,19702675,20
19605,19702675,80
19606,19702675,30
19607,19702675,10
19608,19702675,10
19609,1586,500000
19610,1586,500000
19611,19702675,40
19612,19702675,30
19613,19702675,30
19614,19702675,210
19615,19702675,10
19616,19702675,20
19617,19702675,20
19618,1586,500000
19619,19702675,70
19620,19702675,40
19621,19702675,30
19622,19702675,20
19623,19702675,30
19624,19702675,150
19625,19702675,150
19626,19702675,10
19627,19702675,10
19628,19702675,20
19629,876234,6130
19630,19702675,30
19631,19702675,50
19632,19702675,10
19633,876234,14820
19634,19702675,20
19635,19702675,20
19636,19702675,80
19637,876234,15070
19638,19702675,40
19639,876234,156970
19640,19702675,10
19641,19702675,20
19642,19702675,60
19643,19702675,20
19644,19702675,20
19645,19702675,10
19646,19702675,50
19647,19702675,20
19648,19702675,10
19649,19702675,40
19650,19702675,20
19651,19702675,10
19652,19702675,50
19653,19702675,20
19654,19702675,20
19655,876234,4820
19656,19702675,20
19657,19702675,60
19658,19702675,20
19659,1586,500000
19660,19702675,30
19661,19702675,20
19662,19702675,50
19663,19702675,10
19664,19702675,20
19665,19702675,30
19666,19702675,30
19667,19702675,20
19668,1586,500000
19669,19702675,80
19670,19702675,50
19671,19702675,90
19672,19702675,20
19673,76016952,0
19674,19702675,10
19675,19702675,30
19676,19702675,40
19677,1586,500000
19678,19702675,80
19679,19702675,20
19680,19702675,20
19681,19702675,20
19682,876234,10420
19683,19702675,30
19684,1586,500000
19685,19702675,30
19686,19702675,10
19687,876234,4250
19688,19702675,80
19689,19702675,60
19690,19702675,60
19691,19702675,30
19692,19702675,30
19693,19702675,10
19694,19702675,10
19695,19702675,60
19696,19702675,10
19697,19702675,30
19698,19702675,70
19699,19702675,10
19700,876234,7710
19701,19702675,30
19702,19702675,10
19703,19702675,40
19704,1586,500000
19705,19702675,20
19706,19702675,20
19707,19702675,40
19708,19702675,30
19709,19702675,30
19710,19702675,50
19711,19702675,40
19712,19702675,110
19713,19702675,30
19714,876234,12080
19715,19702675,40
19716,876234,9450
19717,19702675,20
19718,19702675,10
19719,19702675,90
19720,876234,13080
19721,19702675,20
19722,19702675,40
19723,19702675,30
19724,19702675,50
19725,19702675,40
19726,19702675,30
19727,19702675,10
19728,876234,106280
19729,1586,500000
19730,19702675,20
19731,19702675,30
19732,19702675,50
19733,19702675,40
19734,19702675,10
19735,19702675,60
19736,19702675,30
19737,19702675,20
19738,19702675,30
19739,19702675,20
19740,19702675,100
19741,19702675,80
19742,19702675,150
19743,76016952,0
19744,19702675,60
19745,19702675,10
19746,19702675,20
19747,19702675,210
19748,19702675,70
19749,19702675,60
19750,876234,12270
19751,19702675,80
19752,19702675,30
19753,19702675,20
19754,19702675,30
19755,19702675,10
19756,19702675,60
19757,876234,9340
19758,19702675,60
19759,19702675,30
19760,19702675,20
19761,1586,500000
19762,876234,15990
19763,19702675,50
19764,19702675,30
19765,19702675,10
19766,19702675,20
19767,1586,500000
19768,19702675,40
19769,1586,500000
19770,76016952,0
19771,19702675,10
19772,19702675,10
19773,19702675,20
19774,19702675,10
19775,19702675,20
19776,876234,6230
19777,19702675,30
19778,19702675,10
19779,19702675,20
19780,19702675,30
19781,19702675,50
19782,19702675,30
19783,19702675,10
19784,1586,500000
19785,19702675,10
19786,19702675,80
19787,1586,500000
19788,19702675,20
19789,19702675,30
19790,1586,500000
19791,19702675,20
19792,19702675,50
19793,19702675,20
19794,19702675,50
19795,19702675,10
19796,1586,500000
19797,19702675,30
19798,19702675,30
19799,19702675,30
19800,19702675,40
19801,19702675,20
19802,19702675,10
19803,19702675,30
19804,19702675,20
19805,19702675,10
19806,19702675,60
19807,19702675,40
19808,19702675,60
19809,19702675,20
19810,19702675,20
19811,19702675,30
19812,19702675,20
19813,1586,500000
19814,19702675,160
19815,19702675,20
19816,76016952,0
19817,876234,7890
19818,19702675,20
19819,19702675,150
19820,19702675,30
19821,19702675,30
19822,19702675,20
19823,19702675,20
19824,19702675,30
19825,1586,500000
19826,19702675,20
19827,19702675,30
19828,19702675,40
19829,19702675,40
19830,19702675,10
19831,19702675,10
19832,1586,500000
19833,19702675,40
19834,19702675,10
19835,19702675,40
19836,19702675,10
19837,19702675,80
19838,19702675,20
19839,19702675,50
19840,1586,500000
19841,19702675,80
19842,19702675,10
19843,19702675,20
19844,19702675,10
19845,19702675,20
19846,19702675,10
19847,19702675,10
19848,19702675,20
19849,19702675,10
19850,19702675,10
19851,19702675,30
19852,19702675,30
19853,19702675,20
19854,19702675,40
19855,19702675,10
19856,19702675,10
19857,19702675,10
19858,19702675,50
19859,19702675,10
19860,19702675,10
19861,19702675,50
19862,76016952,0
19863,19702675,60
19864,1586,500000
19865,19702675,10
19866,19702675,10
19867,19702675,30
19868,19702675,10
19869,19702675,20
19870,19702675,10
19871,19702675,30
19872,19702675,20
19873,19702675,10
19874,19702675,80
19875,19702675,30
19876,19702675,60
19877,19702675,30
19878,19702675,10
19879,19702675,10
19880,19702675,30
19881,19702675,20
19882,19702675,10
19883,876234,7360
19884,19702675,20
19885,19702675,30
19886,876234,8180
19887,19702675,10
19888,19702675,30
19889,19702675,20
19890,19702675,50
19891,19702675,30
19892,19702675,30
19893,19702675,40
19894,19702675,10
19895,19702675,30
19896,19702675,40
19897,19702675,30
19898,19702675,110
19899,19702675,60
19900,19702675,30
19901,876234,8280
19902,19702675,40
19903,876234,9110
19904,19702675,90
19905,1586,500000
19906,19702675,150
19907,19702675,30
19908,19702675,30
19909,19702675,10
19910,1586,500000
19911,19702675,40
19912,19702675,10
19913,1586,500000
19914,19702675,10
19915,19702675,20
19916,19702675,50
19917,19702675,40
19918,19702675,30
19919,19702675,150
19920,19702675,20
19921,19702675,20
19922,19702675,10
19923,19702675,20
19924,876234,5530
19925,876234,7030
19926,19702675,40
19927,19702675,30
19928,19702675,40
19929,876234,8000
19930,19702675,30
19931,19702675,150
19932,19702675,20
19933,19702675,20
19934,876234,8590
19935,19702675,60
19936,19702675,40
19937,19702675,30
19938,19702675,30
19939,19702675,60
19940,19702675,40
19941,19702675,60
19942,19702675,20
19943,19702675,20
19944,19702675,120
19945,19702675,30
19946,19702675,20
19947,19702675,40
19948,1586,500000
19949,876234,9180
19950,19702675,20
19951,19702675,20
19952,19702675,20
19953,19702675,40
19954,19702675,20
19955,19702675,20
19956,19702675,20
19957,1586,500000
19958,19702675,60
19959,19702675,30
19960,19702675,50
19961,19702675,90
19962,19702675,110
19963,19702675,10
19964,19702675,10
19965,19702675,20
19966,19702675,50
19967,1586,500000
19968,19702675,30
19969,19702675,30
19970,19702675,30
19971,19702675,10
19972,876234,8420
19973,19702675,10
19974,19702675,40
19975,76016952,0
19976,19702675,30
19977,19702675,20
19978,19702675,40
19979,19702675,20
19980,19702675,30
19981,19702675,20
19982,19702675,10
19983,19702675,20
19984,876234,7500
19985,19702675,20
19986,19702675,40
19987,19702675,20
19988,19702675,20
19989,19702675,50
19990,19702675,20
19991,19702675,20
19992,19702675,90
19993,19702675,20
19994,19702675,30
19995,19702675,50
19996,19702675,30
19997,19702675,20
19998,19702675,20
19999,19702675,20
20000,1586,500000
20001,19702675,10
20002,19702675,50
20003,19702675,20
20004,19702675,50
20005,19702675,90
20006,19702675,20
20007,19702675,10
20008,19702675,50
20009,19702675,40
20010,19702675,40
20011,876234,22330
20012,19702675,10
20013,19702675,30
20014,19702675,10
20015,19702675,10
20016,19702675,10
20017,19702675,110
20018,19702675,20
20019,19702675,30
20020,19702675,50
20021,19702675,40
20022,19702675,60
20023,19702675,60
20024,19702675,10
20025,19702675,40
20026,19702675,20
20027,19702675,20
20028,19702675,40
20029,1586,500000
20030,19702675,20
20031,19702675,10
20032,19702675,30
20033,876234,15310
20034,19702675,90
20035,19702675,20
20036,19702675,20
20037,19702675,50
20038,19702675,10
20039,19702675,30
20040,19702675,40
20041,19702675,10
20042,19702675,60
20043,19702675,30
20044,19702675,20
20045,19702675,10
20046,19702675,30
20047,19702675,50
20048,1586,500000
20049,19702675,10
20050,19702675,20
20051,1586,500000
20052,876234,37630
20053,1586,500000
20054,19702675,10
20055,19702675,60
20056,19702675,30
20057,19702675,30
20058,19702675,20
20059,19702675,30
20060,19702675,60
20061,876234,6920
20062,19702675,60
20063,876234,6550
20064,19702675,30
20065,19702675,20
20066,1586,500000
20067,19702675,10
20068,19702675,30
20069,19702675,30
20070,19702675,30
20071,19702675,20
20072,19702675,10
20073,1586,500000
20074,19702675,20
20075,19702675,10
20076,876234,13730
20077,19702675,50
20078,19702675,10
20079,876234,22680
20080,19702675,30
20081,19702675,10
20082,19702675,20
20083,19702675,10
20084,1586,500000
20085,19702675,10
20086,19702675,10
20087,19702675,10
20088,19702675,30
20089,19702675,40
20090,19702675,20
20091,19702675,10
20092,19702675,20
20093,19702675,40
20094,19702675,30
20095,19702675,20
20096,1586,500000
20097,19702675,110
20098,19702675,30
20099,19702675,10
20100,19702675,30
20101,19702675,40
20102,1586,500000
20103,76016952,0
20104,19702675,70
20105,19702675,40
20106,1586,500000
20107,19702675,70
20108,19702675,10
20109,19702675,80
20110,19702675,40
20111,876234,6540
20112,19702675,30
20113,19702675,10
20114,19702675,20
20115,19702675,20
20116,876234,10030
20117,19702675,40
20118,19702675,40
20119,19702675,110
20120,19702675,20
20121,19702675,20
20122,876234,16320
20123,19702675,90
20124,19702675,20
20125,19702675,110
20126,19702675,40
20127,19702675,10
20128,19702675,20
20129,19702675,30
20130,19702675,50
20131,19702675,60
20132,19702675,20
20133,19702675,10
20134,19702675,20
20135,19702675,20
20136,19702675,50
20137,19702675,60
20138,19702675,50
20139,19702675,20
20140,19702675,10
20141,19702675,20
20142,1586,500000
20143,19702675,30
20144,76016952,0
20145,1586,500000
20146,19702675,10
20147,19702675,10
20148,19702675,110
20149,19702675,30
20150,19702675,20
20151,19702675,30
20152,19702675,40
20153,1586,500000
20154,1586,500000
20155,19702675,10
20156,19702675,10
20157,19702675,30
20158,19702675,20
20159,1586,500000
20160,19702675,10
20161,19702675,30
20162,19702675,10
20163,876234,12700
20164,19702675,40
20165,19702675,40
20166,19702675,10
20167,19702675,30
20168,19702675,70
20169,1586,500000
20170,19702675,10
20171,19702675,20
20172,19702675,150
20173,19702675,90
20174,19702675,10
20175,19702675,30
20176,19702675,20
20177,19702675,20
20178,19702675,10
20179,19702675,20
20180,876234,6410
20181,76016952,0
20182,1586,500000
20183,19702675,20
20184,876234,6020
20185,19702675,20
20186,19702675,20
20187,1586,500000
20188,19702675,70
20189,19702675,10
20190,19702675,10
20191,19702675,20
20192,19702675,60
20193,19702675,60
20194,19702675,30
20195,19702675,30
20196,19702675,10
20197,19702675,10
20198,1586,500000
20199,19702675,10
20200,19702675,10
20201,19702675,30
20202,1586,500000
20203,19702675,10
20204,19702675,20
20205,76016952,0
20206,19702675,20
20207,19702675,20
20208,19702675,10
20209,1586,500000
20210,19702675,10
20211,19702675,150
20212,19702675,10
20213,19702675,30
20214,19702675,10
20215,19702675,160
20216,76016952,0
20217,19702675,10
20218,19702675,20
20219,19702675,10
20220,19702675,10
20221,876234,7530
20222,876234,8300
20223,19702675,10
20224,19702675,20
20225,19702675,30
20226,1586,500000
20227,19702675,40
20228,19702675,50
20229,19702675,10
20230,19702675,20
20231,19702675,60
20232,19702675,20
20233,19702675,20
20234,19702675,30
20235,19702675,10
20236,19702675,10
20237,19702675,10
20238,19702675,80
20239,19702675,60
20240,19702675,10
20241,19702675,40
20242,19702675,70
20243,19702675,10
20244,19702675,30
20245,19702675,50
20246,19702675,70
20247,19702675,70
20248,19702675,70
20249,19702675,50
20250,19702675,40
20251,19702675,30
20252,19702675,10
20253,19702675,10
20254,19702675,30
20255,19702675,70
20256,19702675,110
20257,19702675,20
20258,19702675,10
20259,19702675,10
20260,19702675,40
20261,19702675,20
20262,19702675,150
20263,19702675,30
20264,19702675,10
20265,1586,500000
20266,19702675,10
20267,19702675,30
20268,19702675,10
20269,19702675,10
20270,19702675,130
20271,19702675,10
20272,19702675,20
20273,19702675,30
20274,19702675,60
20275,1586,500000
20276,19702675,10
20277,19702675,50
20278,19702675,10
20279,19702675,30
20280,19702675,10
20281,19702675,10
20282,19702675,10
20283,19702675,40
20284,19702675,30
20285,19702675,50
20286,19702675,40
20287,76016952,0
20288,76016952,0
20289,19702675,30
20290,876234,81440
20291,19702675,20
20292,19702675,60
20293,19702675,10
20294,19702675,30
20295,19702675,70
20296,19702675,20
20297,19702675,10
20298,19702675,30
20299,19702675,20
20300,19702675,10
20301,19702675,40
20302,19702675,20
20303,19702675,20
20304,876234,9560
20305,19702675,10
20306,1586,500000
20307,19702675,10
20308,19702675,40
20309,19702675,40
20310,19702675,10
20311,19702675,40
20312,19702675,10
20313,19702675,30
20314,19702675,60
20315,19702675,30
20316,19702675,10
20317,19702675,40
20318,19702675,20
20319,19702675,10
20320,19702675,20
20321,19702675,10
20322,19702675,30
20323,19702675,10
20324,19702675,20
20325,19702675,110
20326,19702675,50
20327,876234,3960
20328,19702675,10
20329,19702675,210
20330,19702675,10
20331,19702675,30
20332,19702675,20
20333,19702675,10
20334,19702675,40
20335,19702675,30
20336,19702675,30
20337,19702675,150
20338,19702675,110
20339,19702675,10
20340,19702675,30
20341,19702675,10
20342,19702675,30
20343,19702675,40
20344,1586,500000
20345,19702675,20
20346,19702675,50
20347,19702675,20
20348,19702675,50
20349,876234,13550
20350,19702675,30
20351,19702675,60
20352,19702675,10
20353,19702675,20
20354,19702675,50
20355,19702675,40
20356,19702675,20
20357,19702675,20
20358,19702675,10
20359,19702675,20
20360,19702675,20
20361,19702675,40
20362,19702675,10
20363,19702675,30
20364,19702675,60
20365,19702675,30
20366,19702675,20
20367,19702675,60
20368,76016952,0
20369,876234,14710
20370,19702675,30
20371,19702675,10
20372,19702675,50
20373,19702675,50
20374,19702675,40
20375,19702675,70
20376,1586,500000
20377,876234,6630
20378,19702675,20
20379,19702675,20
20380,19702675,20
20381,19702675,30
20382,76016952,0
20383,19702675,20
20384,19702675,20
20385,19702675,40
20386,19702675,40
20387,876234,19420
20388,19702675,40
20389,876234,10860
20390,19702675,30
20391,19702675,10
20392,19702675,30
20393,19702675,10
20394,19702675,20
20395,19702675,20
20396,19702675,30
20397,19702675,30
20398,19702675,40
20399,19702675,10
20400,19702675,10
20401,19702675,10
20402,19702675,60
20403,19702675,10
20404,19702675,30
20405,19702675,30
20406,19702675,10
20407,1586,500000
20408,19702675,40
20409,19702675,40
20410,19702675,20
20411,19702675,30
20412,19702675,10
20413,19702675,10
20414,19702675,10
20415,1586,500000
20416,19702675,70
20417,19702675,30
20418,19702675,30
20419,19702675,20
20420,19702675,10
20421,19702675,30
20422,19702675,70
20423,19702675,10
20424,19702675,40
20425,19702675,30
20426,19702675,10
20427,19702675,30
20428,19702675,30
20429,19702675,10
20430,19702675,10
20431,19702675,20
20432,19702675,30
20433,19702675,10
20434,19702675,50
20435,19702675,80
20436,19702675,60
20437,19702675,10
20438,1586,500000
20439,19702675,20
20440,1586,500000
20441,19702675,20
20442,19702675,20
20443,19702675,30
20444,19702675,70
20445,1586,500000
20446,1586,500000
20447,19702675,30
20448,76016952,0
20449,19702675,20
20450,19702675,20
20451,19702675,30
20452,19702675,10
20453,19702675,50
20454,19702675,30
20455,19702675,10
20456,1586,500000
20457,19702675,20
20458,19702675,20
20459,19702675,10
20460,19702675,20
20461,19702675,30
20462,19702675,10
20463,19702675,60
20464,19702675,20
20465,1586,500000
20466,1586,500000
20467,19702675,70
20468,19702675,20
20469,19702675,10
20470,19702675,10
20471,19702675,10
20472,19702675,40
20473,76016952,0
20474,1586,500000
20475,19702675,10
20476,19702675,40
20477,19702675,30
20478,19702675,10
20479,19702675,60
20480,19702675,20
20481,19702675,20
20482,876234,36220
20483,19702675,60
20484,19702675,10
20485,1586,500000
20486,19702675,60
20487,19702675,30
20488,19702675,10
20489,19702675,10
20490,19702675,20
20491,19702675,40
20492,19702675,20
20493,19702675,70
20494,19702675,30
20495,19702675,20
20496,19702675,10
20497,19702675,20
20498,1586,500000
20499,19702675,30
20500,19702675,20
20501,19702675,50
20502,19702675,20
20503,19702675,10
20504,19702675,10
20505,19702675,10
20506,876234,5730
20507,19702675,40
20508,19702675,30
20509,19702675,20
20510,19702675,10
20511,19702675,10
20512,19702675,40
20513,19702675,10
20514,19702675,20
20515,19702675,30
20516,19702675,20
20517,19702675,40
20518,19702675,50
20519,19702675,30
20520,19702675,30
20521,876234,8690
20522,19702675,10
20523,19702675,20
20524,19702675,30
20525,19702675,30
20526,1586,500000
20527,19702675,40
20528,19702675,10
20529,19702675,40
20530,19702675,10
20531,19702675,30
20532,19702675,10
20533,19702675,10
20534,1586,500000
20535,19702675,10
20536,19702675,40
20537,19702675,20
20538,876234,16330
20539,19702675,50
20540,19702675,60
20541,19702675,30
20542,19702675,20
20543,19702675,20
20544,19702675,10
20545,876234,6640
20546,19702675,30
20547,19702675,30
20548,19702675,10
20549,19702675,30
20550,19702675,80
20551,19702675,10
20552,876234,7630
20553,19702675,30
20554,19702675,20
20555,19702675,10
20556,19702675,20
20557,876234,7450
20558,19702675,20
20559,19702675,60
20560,19702675,30
20561,19702675,10
20562,19702675,20
20563,19702675,30
20564,19702675,10
20565,19702675,20
20566,19702675,40
20567,19702675,30
20568,19702675,40
20569,76016952,0
20570,19702675,50
20571,19702675,20
20572,19702675,20
20573,19702675,10
20574,19702675,10
20575,19702675,10
20576,19702675,50
20577,19702675,40
20578,876234,8240
20579,19702675,30
20580,19702675,80
20581,19702675,40
20582,19702675,10
20583,19702675,40
20584,19702675,60
20585,19702675,110
20586,19702675,110
20587,19702675,30
20588,19702675,30
20589,19702675,30
20590,19702675,20
20591,1586,500000
20592,19702675,10
20593,876234,6150
20594,19702675,30
20595,19702675,50
20596,19702675,20
20597,19702675,20
20598,19702675,30
20599,19702675,220
20600,19702675,10
20601,19702675,30
20602,1586,500000
20603,19702675,80
20604,19702675,30
20605,19702675,20
20606,19702675,30
20607,19702675,70
20608,19702675,70
20609,19702675,10
20610,19702675,20
20611,19702675,20
20612,876234,9420
20613,19702675,30
20614,19702675,30
20615,19702675,40
20616,876234,11640
20617,19702675,10
20618,19702675,40
20619,19702675,10
20620,19702675,10
20621,19702675,10
20622,19702675,30
20623,1586,500000
20624,19702675,190
20625,19702675,20
20626,19702675,150
20627,19702675,60
20628,876234,8980
20629,19702675,20
20630,19702675,30
20631,19702675,30
20632,19702675,20
20633,19702675,30
20634,19702675,20
20635,19702675,30
20636,19702675,10
20637,19702675,110
20638,19702675,30
20639,1586,500000
20640,19702675,30
20641,19702675,10
20642,19702675,30
20643,19702675,40
20644,19702675,10
20645,19702675,70
20646,876234,6280
20647,19702675,90
20648,19702675,20
20649,19702675,60
20650,19702675,20
20651,19702675,10
20652,19702675,40
20653,19702675,50
20654,876234,7170
20655,19702675,30
20656,19702675,80
20657,19702675,30
20658,19702675,10
20659,19702675,60
20660,19702675,10
20661,19702675,10
20662,19702675,10
20663,19702675,10
20664,19702675,40
20665,19702675,150
20666,19702675,40
20667,19702675,40
20668,19702675,20
20669,19702675,40
20670,19702675,20
20671,19702675,70
20672,876234,7050
20673,19702675,30
20674,19702675,20
20675,19702675,30
20676,19702675,40
20677,19702675,40
20678,19702675,10
20679,19702675,30
20680,19702675,10
20681,876234,29770
20682,19702675,30
20683,19702675,50
20684,19702675,210
20685,876234,7920
20686,19702675,20
20687,19702675,40
20688,19702675,20
20689,19702675,20
20690,876234,10030
20691,19702675,60
20692,19702675,50
20693,19702675,10
20694,19702675,10
20695,19702675,30
20696,19702675,10
20697,19702675,40
20698,19702675,30
20699,19702675,10
20700,19702675,10
20701,19702675,40
20702,19702675,10
20703,19702675,10
20704,876234,11400
20705,19702675,10
20706,19702675,30
20707,19702675,60
20708,19702675,20
20709,19702675,60
20710,19702675,10
20711,876234,6930
20712,19702675,20
20713,19702675,40
20714,19702675,150
20715,19702675,20
20716,876234,9720
20717,19702675,10
20718,76016952,0
20719,19702675,10
20720,19702675,50
20721,19702675,90
20722,19702675,10
20723,19702675,20
20724,19702675,10
20725,19702675,40
20726,19702675,30
20727,19702675,20
20728,19702675,40
20729,19702675,40
20730,19702675,10
20731,19702675,40
20732,19702675,30
20733,1586,500000
20734,19702675,20
20735,76016952,0
20736,19702675,30
20737,19702675,50
20738,19702675,30
20739,19702675,150
20740,19702675,30
20741,19702675,20
20742,19702675,50
20743,19702675,20
20744,19702675,110
20745,19702675,30
20746,19702675,40
20747,19702675,60
20748,19702675,10
20749,19702675,10
20750,19702675,10
20751,19702675,20
20752,76016952,0
20753,19702675,20
20754,19702675,10
20755,1586,500000
20756,19702675,40
20757,19702675,10
20758,876234,9860
20759,19702675,30
20760,19702675,40
20761,19702675,10
20762,19702675,30
20763,876234,5470
20764,19702675,20
20765,19702675,20
20766,19702675,30
20767,19702675,30
20768,19702675,40
20769,19702675,50
20770,19702675,20
20771,19702675,10
20772,1586,500000
20773,19702675,10
20774,876234,10750
20775,19702675,30
20776,19702675,20
20777,19702675,70
20778,19702675,10
20779,19702675,20
20780,19702675,20
20781,1586,500000
20782,19702675,30
20783,876234,13110
20784,19702675,30
20785,19702675,10
20786,19702675,10
20787,19702675,40
20788,19702675,30
20789,19702675,20
20790,19702675,130
20791,19702675,20
20792,19702675,10
20793,19702675,10
20794,19702675,40
20795,19702675,40
20796,19702675,30
20797,19702675,30
20798,19702675,20
20799,19702675,20
20800,19702675,50
20801,19702675,20
20802,19702675,60
20803,19702675,30
20804,1586,500000
20805,19702675,30
20806,19702675,30
20807,19702675,50
20808,19702675,50
20809,19702675,10
20810,19702675,10
20811,19702675,10
20812,19702675,30
20813,19702675,10
20814,19702675,30
20815,19702675,50
20816,19702675,20
20817,19702675,20
20818,19702675,50
20819,19702675,30
20820,19702675,20
20821,19702675,30
20822,19702675,70
20823,19702675,150
20824,19702675,30
20825,19702675,10
20826,19702675,40
20827,19702675,10
20828,19702675,110
20829,19702675,10
20830,19702675,10
20831,19702675,30
20832,19702675,30
20833,876234,15260
20834,19702675,10
20835,19702675,30
20836,19702675,20
20837,19702675,20
20838,19702675,110
20839,19702675,30
20840,876234,9710
20841,1586,500000
20842,19702675,10
20843,19702675,20
20844,19702675,30
20845,19702675,40
20846,19702675,20
20847,19702675,20
20848,19702675,20
20849,19702675,30
20850,19702675,10
20851,19702675,30
20852,19702675,10
20853,19702675,10
20854,1586,500000
20855,19702675,60
20856,19702675,80
20857,19702675,10
20858,19702675,30
20859,19702675,40
20860,1586,500000
20861,19702675,40
20862,19702675,20
20863,19702675,20
20864,19702675,60
20865,876234,7040
20866,19702675,60
20867,19702675,20
20868,19702675,80
20869,19702675,60
20870,19702675,30
20871,1586,500000
20872,19702675,20
20873,19702675,40
20874,19702675,40
20875,19702675,20
20876,1586,500000
20877,19702675,30
20878,19702675,10
20879,1586,500000
20880,19702675,30
20881,19702675,20
20882,19702675,10
20883,1586,500000
20884,1586,500000
20885,19702675,20
20886,19702675,20
20887,76016952,0
20888,19702675,20
20889,19702675,20
20890,19702675,30
20891,19702675,30
20892,1586,500000
20893,1586,500000
20894,1586,500000
20895,19702675,30
20896,19702675,20
20897,19702675,10
20898,19702675,80
20899,19702675,40
20900,19702675,40
20901,19702675,20
20902,19702675,30
20903,19702675,30
20904,19702675,40
20905,19702675,10
20906,19702675,50
20907,19702675,10
20908,19702675,40
20909,19702675,60
20910,19702675,20
20911,19702675,60
20912,19702675,10
20913,19702675,20
20914,19702675,20
20915,19702675,40
20916,19702675,30
20917,19702675,10
20918,19702675,20
20919,19702675,20
20920,19702675,40
20921,19702675,60
20922,19702675,30
20923,19702675,30
20924,19702675,60
20925,19702675,30
20926,19702675,10
20927,19702675,10
20928,19702675,50
20929,19702675,30
20930,1586,500000
20931,19702675,20
20932,19702675,60
20933,19702675,20
20934,19702675,40
20935,19702675,20
20936,19702675,50
20937,19702675,20
20938,19702675,30
20939,19702675,30
20940,19702675,40
20941,19702675,30
20942,19702675,20
20943,19702675,20
20944,19702675,30
20945,876234,12690
20946,19702675,10
20947,76016952,0
20948,876234,8640
20949,19702675,40
20950,1586,500000
20951,19702675,40
20952,1586,500000
20953,19702675,50
20954,876234,14580
20955,19702675,30
20956,19702675,10
20957,19702675,30
20958,19702675,10
20959,19702675,20
20960,19702675,10
20961,19702675,20
20962,19702675,20
20963,19702675,30
20964,19702675,20
20965,19702675,20
20966,19702675,10
20967,19702675,10
20968,1586,500000
20969,19702675,30
20970,19702675,150
20971,19702675,30
20972,19702675,10
20973,19702675,10
20974,19702675,20
20975,19702675,20
20976,19702675,40
20977,19702675,70
20978,19702675,20
20979,19702675,50
20980,19702675,40
20981,19702675,20
20982,19702675,30
20983,19702675,90
20984,19702675,20
20985,19702675,10
20986,876234,8220
20987,1586,500000
20988,19702675,40
20989,19702675,30
20990,1586,500000
20991,19702675,70
20992,19702675,10
20993,19702675,30
20994,876234,40650
20995,19702675,40
20996,19702675,50
20997,19702675,40
20998,19702675,80
20999,19702675,50
21000,19702675,30
21001,19702675,20
21002,19702675,30
21003,19702675,30
21004,876234,8590
21005,19702675,50
21006,1586,500000
21007,19702675,20
21008,876234,7980
21009,876234,7380
21010,19702675,20
21011,19702675,30
21012,19702675,40
21013,876234,37220
21014,19702675,110
21015,876234,13820
21016,19702675,10
21017,19702675,20
21018,19702675,20
21019,19702675,10
21020,19702675,10
21021,19702675,70
21022,19702675,30
21023,19702675,20
21024,19702675,30
21025,1586,500000
21026,19702675,10
21027,19702675,30
21028,19702675,90
21029,19702675,30
21030,19702675,10
21031,19702675,50
21032,19702675,10
21033,19702675,40
21034,19702675,10
21035,19702675,20
21036,19702675,30
21037,19702675,10
21038,19702675,60
21039,19702675,10
21040,19702675,10
21041,19702675,10
21042,19702675,10
21043,19702675,40
21044,19702675,20
21045,19702675,40
21046,19702675,30
21047,19702675,20
21048,19702675,20
21049,1586,500000
21050,1586,500000
21051,19702675,40
21052,19702675,50
21053,19702675,30
21054,19702675,20
21055,19702675,40
21056,19702675,20
21057,19702675,20
21058,19702675,50
21059,19702675,60
21060,19702675,40
21061,1586,500000
21062,1586,500000
21063,19702675,40
21064,19702675,10
21065,19702675,10
21066,19702675,40
21067,19702675,40
21068,19702675,10
21069,19702675,30
21070,19702675,40
21071,19702675,30
21072,19702675,30
21073,19702675,20
21074,19702675,50
21075,19702675,40
21076,876234,6760
21077,19702675,50
21078,19702675,10
21079,19702675,20
21080,19702675,10
21081,19702675,50
21082,19702675,10
21083,19702675,50
21084,19702675,40
21085,19702675,10
21086,19702675,30
21087,19702675,30
21088,19702675,40
21089,19702675,150
21090,19702675,30
21091,19702675,50
21092,19702675,10
21093,19702675,10
21094,19702675,20
21095,19702675,10
21096,19702675,10
21097,19702675,50
21098,19702675,10
21099,76016952,0
21100,19702675,10
21101,19702675,20
21102,19702675,30
21103,19702675,50
21104,19702675,50
21105,19702675,20
21106,19702675,10
21107,19702675,30
21108,19702675,10
21109,19702675,10
21110,19702675,10
21111,19702675,80
21112,19702675,30
21113,19702675,60
21114,19702675,10
21115,19702675,10
21116,19702675,20
21117,19702675,50
21118,19702675,10
21119,19702675,10
21120,19702675,30
21121,19702675,40
21122,876234,7270
21123,19702675,40
21124,19702675,10
21125,19702675,30
21126,1586,500000
21127,19702675,10
21128,19702675,20
21129,19702675,30
21130,19702675,40
21131,19702675,60
21132,19702675,10
21133,19702675,60
21134,19702675,20
21135,19702675,40
21136,19702675,100
21137,876234,14290
21138,19702675,40
21139,19702675,380
21140,19702675,110
21141,19702675,40
21142,19702675,40
21143,1586,500000
21144,19702675,20
21145,19702675,30
21146,19702675,30
21147,1586,500000
21148,19702675,20
21149,19702675,10
21150,19702675,30
21151,19702675,110
21152,1586,500000
21153,19702675,20
21154,19702675,40
21155,19702675,20
21156,19702675,60
21157,19702675,30
21158,19702675,150
21159,19702675,20
21160,876234,11520
21161,19702675,50
21162,19702675,30
21163,1586,500000
21164,19702675,80
21165,19702675,110
21166,19702675,30
21167,19702675,150
21168,19702675,10
21169,19702675,50
21170,19702675,80
21171,19702675,20
21172,19702675,30
21173,19702675,10
21174,19702675,80
21175,19702675,10
21176,19702675,40
21177,19702675,40
21178,19702675,30
21179,1586,500000
21180,19702675,80
21181,19702675,80
21182,19702675,80
21183,19702675,10
21184,19702675,20
21185,19702675,50
21186,19702675,10
21187,19702675,10
21188,19702675,50
21189,19702675,20
21190,19702675,30
21191,19702675,10
21192,876234,8520
21193,19702675,40
21194,19702675,70
21195,19702675,120
21196,19702675,50
21197,19702675,10
21198,19702675,110
21199,19702675,80
21200,19702675,30
21201,19702675,20
21202,1586,500000
21203,19702675,30
21204,19702675,20
21205,19702675,30
21206,19702675,30
21207,19702675,40
21208,19702675,20
21209,1586,500000
21210,19702675,50
21211,19702675,20
21212,876234,9560
21213,876234,8030
21214,19702675,10
21215,19702675,10
21216,19702675,50
21217,19702675,30
21218,19702675,30
21219,1586,500000
21220,876234,84810
21221,19702675,10
21222,19702675,20
21223,1586,500000
21224,19702675,40
21225,19702675,10
21226,19702675,30
21227,19702675,30
21228,19702675,30
21229,19702675,30
21230,19702675,10
21231,19702675,30
21232,19702675,20
21233,19702675,10
21234,19702675,40
21235,19702675,40
21236,19702675,40
21237,19702675,10
21238,19702675,30
21239,19702675,30
21240,19702675,40
21241,1586,500000
21242,19702675,20
21243,19702675,60
21244,19702675,10
21245,19702675,30
21246,19702675,50
21247,19702675,10
21248,19702675,150
21249,19702675,10
21250,19702675,30
21251,876234,6870
21252,19702675,10
21253,1586,500000
21254,19702675,10
21255,19702675,30
21256,19702675,40
21257,19702675,30
21258,19702675,30
21259,19702675,20
21260,19702675,10
21261,19702675,30
21262,76016952,0
21263,19702675,20
21264,19702675,30
21265,19702675,60
21266,19702675,20
21267,19702675,30
21268,19702675,50
21269,876234,9030
21270,1586,500000
21271,19702675,10
21272,19702675,20
21273,19702675,20
21274,19702675,30
21275,19702675,40
21276,19702675,20
21277,19702675,10
21278,876234,11670
21279,19702675,60
21280,19702675,10
21281,19702675,20
21282,1586,500000
21283,19702675,30
21284,19702675,110
21285,1586,500000
21286,19702675,60
21287,19702675,30
21288,19702675,40
21289,19702675,30
21290,19702675,40
21291,19702675,30
21292,19702675,70
21293,19702675,10
21294,19702675,20
21295,876234,7470
21296,19702675,20
21297,19702675,30
21298,19702675,100
21299,19702675,20
21300,19702675,10
21301,19702675,30
21302,19702675,30
21303,19702675,30
21304,19702675,20
21305,19702675,40
21306,1586,500000
21307,19702675,10
21308,19702675,20
21309,19702675,20
21310,19702675,40
21311,19702675,30
21312,19702675,30
21313,1586,500000
21314,19702675,10
21315,19702675,10
21316,19702675,20
21317,19702675,20
21318,19702675,40
21319,19702675,50
21320,19702675,10
21321,19702675,20
21322,19702675,30
21323,19702675,30
21324,19702675,180
21325,19702675,10
21326,19702675,30
21327,19702675,10
21328,19702675,20
21329,19702675,40
21330,19702675,60
21331,19702675,10
21332,19702675,10
21333,19702675,30
21334,19702675,40
21335,19702675,30
21336,19702675,30
21337,19702675,20
21338,19702675,10
21339,19702675,20
21340,19702675,20
21341,19702675,30
21342,19702675,10
21343,19702675,10
21344,19702675,30
21345,19702675,10
21346,19702675,30
21347,19702675,30
21348,19702675,30
21349,19702675,10
21350,19702675,40
21351,19702675,50
21352,19702675,20
21353,19702675,20
21354,19702675,30
21355,19702675,40
21356,1586,500000
21357,19702675,30
21358,1586,500000
21359,19702675,30
21360,19702675,10
21361,19702675,10
21362,19702675,30
21363,19702675,10
21364,19702675,40
21365,19702675,20
21366,19702675,40
21367,1586,500000
21368,19702675,10
21369,19702675,20
21370,19702675,30
21371,19702675,70
21372,19702675,40
21373,19702675,30
21374,19702675,10
21375,19702675,20
21376,19702675,20
21377,876234,7730
21378,19702675,30
21379,19702675,20
21380,19702675,30
21381,19702675,20
21382,1586,500000
21383,76016952,0
21384,19702675,40
21385,19702675,30
21386,19702675,30
21387,19702675,40
21388,19702675,20
21389,19702675,10
21390,19702675,40
21391,19702675,10
21392,19702675,30
21393,19702675,60
21394,19702675,10
21395,19702675,20
21396,19702675,20
21397,19702675,70
21398,19702675,20
21399,1586,500000
21400,19702675,10
21401,19702675,10
21402,19702675,10
21403,76016952,0
21404,19702675,20
21405,19702675,80
21406,19702675,30
21407,19702675,10
21408,19702675,20
21409,19702675,40
21410,19702675,30
21411,876234,5770
21412,19702675,50
21413,19702675,10
21414,19702675,50
21415,19702675,30
21416,19702675,150
21417,19702675,10
21418,19702675,40
21419,19702675,50
21420,19702675,30
21421,19702675,10
21422,1586,500000
21423,19702675,10
21424,19702675,30
21425,19702675,20
21426,19702675,10
21427,19702675,70
21428,19702675,40
21429,19702675,40
21430,19702675,20
21431,19702675,30
21432,19702675,90
21433,19702675,30
21434,19702675,50
21435,19702675,80
21436,19702675,10
21437,19702675,10
21438,876234,10760
21439,19702675,30
21440,19702675,50
21441,19702675,10
21442,19702675,10
21443,19702675,10
21444,19702675,70
21445,19702675,20
21446,19702675,30
21447,19702675,20
21448,19702675,40
21449,19702675,20
21450,19702675,30
21451,19702675,50
21452,19702675,70
21453,19702675,40
21454,19702675,10
21455,19702675,30
21456,1586,500000
21457,76016952,0
21458,1586,500000
21459,19702675,30
21460,19702675,10
21461,19702675,30
21462,19702675,10
21463,76016952,0
21464,19702675,150
21465,19702675,20
21466,19702675,10
21467,19702675,10
21468,19702675,30
21469,19702675,20
21470,19702675,30
21471,19702675,20
21472,19702675,50
21473,19702675,40
21474,876234,8670
21475,19702675,30
21476,19702675,10
21477,19702675,30
21478,19702675,50
21479,19702675,30
21480,19702675,60
21481,1586,500000
21482,19702675,30
21483,19702675,20
21484,19702675,20
21485,19702675,30
21486,876234,6890
21487,19702675,10
21488,19702675,30
21489,19702675,50
21490,19702675,10
21491,19702675,20
21492,19702675,10
21493,19702675,60
21494,19702675,10
21495,19702675,150
21496,19702675,20
21497,19702675,10
21498,19702675,30
21499,19702675,10
21500,19702675,10
21501,19702675,30
21502,19702675,20
21503,19702675,60
21504,19702675,10
21505,19702675,30
21506,876234,14070
21507,19702675,150
21508,19702675,20
21509,19702675,30
21510,19702675,30
21511,19702675,20
21512,19702675,10
21513,19702675,70
21514,19702675,10
21515,19702675,40
21516,19702675,40
21517,76016952,0
21518,19702675,20
21519,76016952,0
21520,19702675,10
21521,19702675,20
21522,19702675,10
21523,19702675,30
21524,19702675,30
21525,19702675,20
21526,1586,500000
21527,19702675,30
21528,19702675,20
21529,19702675,60
21530,19702675,30
21531,19702675,150
21532,19702675,30
21533,19702675,50
21534,19702675,150
21535,19702675,10
21536,19702675,50
21537,19702675,40
21538,19702675,20
21539,19702675,20
21540,19702675,150
21541,19702675,40
21542,19702675,30
21543,19702675,30
21544,19702675,10
21545,1586,500000
21546,76016952,0
21547,19702675,20
21548,19702675,10
21549,19702675,20
21550,19702675,10
21551,19702675,20
21552,19702675,20
21553,19702675,30
21554,19702675,20
21555,19702675,40
21556,19702675,60
21557,19702675,80
21558,876234,10280
21559,876234,10360
21560,19702675,10
21561,19702675,30
21562,19702675,30
21563,19702675,170
21564,19702675,210
21565,19702675,20
21566,19702675,10
21567,19702675,90
21568,19702675,20
21569,19702675,10
21570,19702675,40
21571,19702675,20
21572,19702675,30
21573,19702675,20
21574,19702675,80
21575,19702675,20
21576,19702675,60
21577,19702675,20
21578,19702675,30
21579,19702675,30
21580,19702675,150
21581,19702675,10
21582,19702675,60
21583,19702675,150
21584,1586,500000
21585,19702675,50
21586,19702675,20
21587,19702675,30
21588,19702675,10
21589,19702675,30
21590,19702675,70
21591,19702675,30
21592,19702675,40
21593,19702675,10
21594,19702675,70
21595,1586,500000
21596,876234,9110
21597,19702675,10
21598,19702675,10
21599,19702675,20
21600,19702675,50
21601,19702675,70
21602,19702675,60
21603,19702675,20
21604,19702675,20
21605,19702675,30
21606,19702675,60
21607,19702675,50
21608,19702675,30
21609,19702675,40
21610,19702675,10
21611,19702675,30
21612,19702675,60
21613,876234,23150
21614,19702675,40
21615,19702675,10
21616,19702675,40
21617,19702675,60
21618,19702675,50
21619,876234,6560
21620,19702675,40
21621,19702675,20
21622,19702675,20
21623,19702675,40
21624,19702675,10
21625,19702675,30
21626,876234,9220
21627,19702675,10
21628,19702675,10
21629,19702675,20
21630,19702675,10
21631,19702675,30
21632,19702675,110
21633,19702675,10
21634,19702675,20
21635,19702675,10
21636,19702675,10
21637,1586,500000
21638,19702675,10
21639,19702675,20
21640,876234,8360
21641,19702675,20
21642,19702675,60
21643,19702675,20
21644,1586,500000
21645,19702675,10
21646,1586,500000
21647,19702675,30
21648,19702675,50
21649,19702675,10
21650,876234,84170
21651,19702675,10
21652,19702675,30
21653,19702675,30
21654,19702675,20
21655,19702675,40
21656,19702675,170
21657,19702675,20
21658,19702675,10
21659,19702675,40
21660,76016952,0
21661,19702675,10
21662,19702675,80
21663,19702675,30
21664,19702675,50
21665,19702675,10
21666,19702675,30
21667,19702675,10
21668,19702675,20
21669,19702675,40
21670,19702675,30
21671,19702675,150
21672,1586,500000
21673,19702675,40
21674,19702675,10
21675,19702675,20
21676,19702675,30
21677,876234,10560
21678,19702675,10
21679,19702675,40
21680,19702675,10
21681,19702675,20
21682,19702675,30
21683,19702675,60
21684,19702675,60
21685,19702675,20
21686,19702675,60
21687,19702675,110
21688,19702675,20
21689,19702675,80
21690,19702675,60
21691,19702675,30
21692,19702675,30
21693,1586,500000
21694,19702675,60
21695,19702675,20
21696,19702675,10
21697,19702675,10
21698,876234,8890
21699,19702675,10
21700,19702675,10
21701,19702675,40
21702,1586,500000
21703,1586,500000
21704,19702675,20
21705,76016952,0
21706,19702675,50
21707,19702675,20
21708,19702675,10
21709,1586,500000
21710,19702675,40
21711,19702675,30
21712,1586,500000
21713,19702675,110
21714,19702675,50
21715,19702675,20
21716,19702675,40
21717,19702675,10
21718,19702675,10
21719,19702675,10
21720,1586,500000
21721,19702675,20
21722,19702675,30
21723,19702675,20
21724,19702675,10
21725,19702675,10
21726,19702675,10
21727,876234,12390
21728,876234,6640
21729,19702675,40
21730,19702675,60
21731,19702675,30
21732,19702675,20
21733,19702675,30
21734,19702675,50
21735,19702675,20
21736,19702675,40
21737,19702675,60
21738,19702675,10
21739,19702675,60
21740,19702675,70
21741,19702675,40
21742,876234,10410
21743,19702675,10
21744,19702675,50
21745,1586,500000
21746,19702675,40
21747,19702675,20
21748,19702675,50
21749,19702675,30
21750,76016952,0
21751,19702675,30
21752,19702675,30
21753,19702675,10
21754,19702675,20
21755,19702675,70
21756,76016952,0
21757,19702675,10
21758,19702675,10
21759,19702675,30
21760,19702675,10
21761,19702675,20
21762,76016952,0
21763,19702675,40
21764,876234,6420
21765,19702675,10
21766,19702675,20
21767,19702675,10
21768,19702675,20
21769,19702675,20
21770,19702675,40
21771,19702675,20
21772,1586,500000
21773,19702675,20
21774,19702675,20
21775,1586,500000
21776,19702675,10
21777,19702675,10
21778,19702675,40
21779,19702675,10
21780,19702675,30
21781,19702675,70
21782,19702675,60
21783,19702675,20
21784,19702675,20
21785,19702675,10
21786,19702675,20
21787,76016952,0
21788,19702675,40
21789,19702675,20
21790,19702675,20
21791,19702675,30
21792,19702675,50
21793,19702675,20
21794,1586,500000
21795,19702675,40
21796,1586,500000
21797,19702675,60
21798,19702675,30
21799,19702675,10
21800,76016952,0
21801,1586,500000
21802,1586,500000
21803,19702675,30
21804,19702675,20
21805,19702675,110
21806,76016952,0
21807,19702675,80
21808,19702675,10
21809,19702675,50
21810,19702675,60
21811,19702675,20
21812,19702675,10
21813,876234,30050
21814,19702675,10
21815,19702675,20
21816,19702675,10
21817,19702675,30
21818,19702675,10
21819,19702675,40
21820,19702675,10
21821,19702675,10
21822,19702675,20
21823,19702675,20
21824,1586,500000
21825,876234,7550
21826,19702675,20
21827,19702675,30
21828,19702675,30
21829,19702675,10
21830,19702675,30
21831,19702675,30
21832,19702675,30
21833,1586,500000
21834,876234,8670
21835,19702675,20
21836,19702675,50
21837,19702675,20
21838,19702675,60
21839,876234,13930
21840,19702675,10
21841,19702675,110
21842,19702675,30
21843,19702675,30
21844,19702675,20
21845,19702675,30
21846,1586,500000
21847,19702675,90
21848,19702675,30
21849,19702675,10
21850,19702675,10
21851,19702675,20
21852,19702675,70
21853,19702675,40
21854,19702675,10
21855,19702675,20
21856,19702675,10
21857,19702675,10
21858,19702675,110
21859,19702675,60
21860,19702675,120
21861,19702675,50
21862,19702675,20
21863,19702675,10
21864,19702675,60
21865,19702675,60
21866,1586,500000
21867,19702675,40
21868,19702675,150
21869,19702675,20
21870,19702675,10
21871,19702675,10
21872,19702675,10
21873,19702675,20
21874,19702675,10
21875,876234,9290
21876,19702675,10
21877,876234,6440
21878,19702675,20
21879,19702675,40
21880,19702675,30
21881,19702675,10
21882,19702675,30
21883,19702675,10
21884,876234,9790
21885,19702675,40
21886,19702675,20
21887,19702675,40
21888,19702675,40
21889,876234,5320
21890,19702675,10
21891,19702675,30
21892,19702675,30
21893,19702675,10
21894,19702675,90
21895,19702675,10
21896,19702675,20
21897,19702675,10
21898,876234,24990
21899,19702675,20
21900,19702675,20
21901,19702675,30
21902,19702675,10
21903,19702675,30
21904,19702675,10
21905,19702675,20
21906,19702675,80
21907,19702675,20
21908,19702675,80
21909,19702675,50
21910,19702675,110
21911,19702675,20
21912,19702675,10
21913,19702675,150
21914,19702675,30
21915,19702675,10
21916,19702675,10
21917,19702675,40
21918,19702675,80
21919,1586,500000
21920,19702675,40
21921,19702675,30
21922,19702675,60
21923,19702675,30
21924,19702675,40
21925,19702675,20
21926,19702675,80
21927,19702675,40
21928,19702675,60
21929,19702675,50
21930,19702675,20
21931,19702675,20
21932,19702675,10
21933,19702675,20
21934,19702675,150
21935,19702675,30
21936,19702675,20
21937,19702675,10
21938,19702675,20
21939,19702675,70
21940,19702675,30
21941,19702675,10
21942,1586,500000
21943,19702675,30
21944,19702675,10
21945,19702675,10
21946,19702675,30
21947,19702675,20
21948,19702675,10
21949,19702675,10
21950,19702675,30
21951,19702675,10
21952,19702675,60
21953,19702675,30
21954,19702675,30
21955,19702675,30
21956,1586,500000
21957,876234,9460
21958,876234,7720
21959,19702675,40
21960,19702675,110
21961,19702675,10
21962,876234,6430
21963,19702675,20
21964,19702675,20
21965,19702675,60
21966,19702675,30
21967,19702675,40
21968,19702675,30
21969,19702675,20
21970,19702675,10
21971,19702675,10
21972,19702675,80
21973,19702675,30
21974,19702675,20
21975,19702675,20
21976,19702675,20
21977,19702675,10
21978,19702675,40
21979,19702675,20
21980,1586,500000
21981,19702675,150
21982,19702675,10
21983,1586,500000
21984,19702675,20
21985,19702675,150
21986,19702675,80
21987,19702675,40
21988,19702675,10
21989,19702675,40
21990,19702675,10
21991,19702675,110
21992,19702675,50
21993,1586,500000
21994,19702675,80
21995,19702675,20
21996,19702675,80
21997,1586,500000
21998,19702675,10
21999,1586,500000
22000,19702675,30
22001,19702675,80
22002,19702675,40
22003,19702675,10
22004,19702675,10
22005,19702675,90
22006,19702675,80
22007,19702675,30
22008,19702675,30
22009,19702675,30
22010,1586,500000
22011,19702675,50
22012,19702675,20
22013,19702675,20
22014,19702675,50
22015,19702675,20
22016,19702675,10
22017,76016952,0
22018,876234,7700
22019,19702675,30
22020,876234,7550
22021,19702675,30
22022,19702675,10
22023,19702675,40
22024,19702675,20
22025,1586,500000
22026,19702675,70
22027,1586,500000
22028,19702675,40
22029,19702675,10
22030,876234,10350
22031,19702675,10
22032,19702675,40
22033,19702675,110
22034,1586,500000
22035,19702675,30
22036,19702675,40
22037,19702675,150
22038,19702675,20
22039,19702675,20
22040,19702675,20
22041,19702675,20
22042,19702675,30
22043,876234,33080
22044,19702675,50
22045,19702675,30
22046,19702675,10
22047,19702675,30
22048,1586,500000
22049,19702675,20
22050,19702675,10
22051,19702675,20
22052,19702675,10
22053,19702675,80
22054,19702675,10
22055,19702675,30
22056,19702675,10
22057,19702675,40
22058,19702675,30
22059,19702675,60
22060,19702675,30
22061,19702675,50
22062,19702675,10
22063,19702675,10
22064,19702675,20
22065,19702675,50
22066,19702675,80
22067,19702675,30
22068,19702675,20
22069,19702675,30
22070,19702675,40
22071,1586,500000
22072,19702675,110
22073,19702675,10
22074,19702675,150
22075,19702675,30
22076,19702675,50
22077,19702675,210
22078,19702675,80
22079,19702675,10
22080,19702675,40
22081,1586,500000
22082,19702675,30
22083,19702675,10
22084,1586,500000
22085,19702675,40
22086,19702675,50
22087,19702675,10
22088,19702675,50
22089,19702675,10
22090,19702675,20
22091,19702675,30
22092,19702675,10
22093,876234,7690
22094,19702675,50
22095,19702675,20
22096,19702675,70
22097,19702675,30
22098,19702675,20
22099,19702675,30
22100,19702675,30
22101,19702675,80
22102,19702675,20
22103,19702675,40
22104,19702675,10
22105,19702675,20
22106,19702675,10
22107,19702675,90
22108,19702675,10
22109,19702675,40
22110,19702675,60
22111,19702675,10
22112,19702675,10
22113,19702675,30
22114,19702675,90
22115,19702675,10
22116,19702675,20
22117,19702675,30
22118,19702675,10
22119,19702675,30
22120,19702675,150
22121,19702675,10
22122,19702675,60
22123,1586,500000
22124,19702675,10
22125,19702675,10
22126,19702675,30
22127,19702675,20
22128,19702675,10
22129,19702675,80
22130,19702675,80
22131,19702675,20
22132,19702675,50
22133,19702675,30
22134,19702675,10
22135,19702675,10
22136,19702675,10
22137,19702675,10
22138,19702675,130
22139,19702675,110
22140,19702675,10
22141,19702675,10
22142,19702675,20
22143,19702675,10
22144,19702675,40
22145,19702675,10
22146,19702675,60
22147,19702675,20
22148,19702675,20
22149,876234,22770
22150,19702675,20
22151,19702675,30
22152,76016952,0
22153,19702675,10
22154,19702675,90
22155,19702675,50
22156,19702675,10
22157,19702675,20
22158,19702675,30
22159,19702675,20
22160,19702675,40
22161,876234,5400
22162,19702675,10
22163,19702675,30
22164,19702675,50
22165,19702675,100
22166,1586,500000
22167,19702675,10
22168,19702675,20
22169,19702675,40
22170,19702675,20
22171,19702675,10
22172,19702675,10
22173,19702675,40
22174,19702675,30
22175,19702675,10
22176,19702675,40
22177,19702675,20
22178,19702675,10
22179,19702675,40
22180,19702675,60
22181,19702675,30
22182,19702675,10
22183,19702675,10
22184,19702675,10
22185,19702675,50
22186,19702675,20
22187,19702675,40
22188,19702675,80
22189,19702675,10
22190,19702675,60
22191,876234,11900
22192,19702675,30
22193,1586,500000
22194,19702675,30
22195,19702675,30
22196,19702675,10
22197,19702675,40
22198,19702675,110
22199,19702675,10
22200,19702675,10
22201,19702675,80
22202,19702675,10
22203,19702675,30
22204,19702675,10
22205,1586,500000
22206,19702675,20
22207,19702675,10
22208,19702675,50
22209,19702675,10
22210,19702675,10
22211,19702675,20
22212,19702675,10
22213,19702675,40
22214,19702675,10
22215,19702675,20
22216,19702675,20
22217,876234,7860
22218,19702675,30
22219,19702675,10
22220,19702675,30
22221,19702675,20
22222,19702675,30
22223,19702675,30
22224,19702675,10
22225,19702675,10
22226,19702675,30
22227,19702675,30
22228,19702675,20
22229,19702675,30
22230,876234,11850
22231,19702675,60
22232,19702675,90
22233,19702675,80
22234,19702675,40
22235,19702675,10
22236,19702675,20
22237,19702675,20
22238,76016952,0
22239,19702675,120
22240,19702675,50
22241,19702675,30
22242,19702675,30
22243,19702675,50
22244,19702675,10
22245,19702675,20
22246,19702675,10
22247,19702675,40
22248,19702675,30
22249,19702675,30
22250,19702675,20
22251,1586,500000
22252,19702675,30
22253,19702675,30
22254,19702675,20
22255,19702675,30
22256,19702675,210
22257,1586,500000
22258,19702675,30
22259,19702675,10
22260,19702675,10
22261,19702675,10
22262,19702675,30
22263,19702675,20
22264,19702675,10
22265,1586,500000
22266,19702675,10
22267,19702675,10
22268,19702675,50
22269,876234,8700
22270,19702675,210
22271,19702675,10
22272,19702675,60
22273,19702675,20
22274,19702675,10
22275,19702675,50
22276,19702675,10
22277,1586,500000
22278,1586,500000
22279,19702675,30
22280,19702675,10
22281,19702675,50
22282,1586,500000
22283,19702675,10
22284,19702675,10
22285,1586,500000
22286,19702675,20
22287,876234,7680
22288,876234,7560
22289,1586,500000
22290,19702675,20
22291,19702675,30
22292,19702675,50
22293,19702675,30
22294,19702675,30
22295,1586,500000
22296,19702675,30
22297,19702675,30
22298,19702675,20
22299,19702675,40
22300,1586,500000
22301,19702675,10
22302,19702675,10
22303,19702675,10
22304,19702675,20
22305,19702675,70
22306,19702675,30
22307,876234,20100
22308,19702675,150
22309,19702675,10
22310,19702675,40
22311,19702675,60
22312,19702675,30
22313,19702675,40
22314,19702675,30
22315,19702675,10
22316,1586,500000
22317,19702675,20
22318,19702675,40
22319,19702675,20
22320,19702675,10
22321,19702675,170
22322,19702675,40
22323,19702675,10
22324,876234,7040
22325,19702675,10
22326,19702675,30
22327,19702675,20
22328,19702675,100
22329,19702675,30
22330,19702675,10
22331,19702675,10
22332,19702675,20
22333,19702675,60
22334,19702675,20
22335,19702675,20
22336,19702675,70
22337,19702675,60
22338,19702675,60
22339,19702675,10
22340,19702675,30
22341,19702675,60
22342,19702675,20
22343,19702675,30
22344,19702675,40
22345,19702675,40
22346,19702675,150
22347,19702675,50
22348,19702675,20
22349,19702675,10
22350,19702675,30
22351,19702675,20
22352,19702675,50
22353,19702675,20
22354,19702675,10
22355,1586,500000
22356,876234,8930
22357,19702675,10
22358,19702675,30
22359,19702675,30
22360,19702675,20
22361,19702675,30
22362,1586,500000
22363,19702675,50
22364,19702675,10
22365,19702675,30
22366,19702675,30
22367,876234,6270
22368,19702675,20
22369,19702675,10
22370,19702675,20
22371,19702675,20
22372,19702675,30
22373,876234,13060
22374,19702675,20
22375,19702675,40
22376,1586,500000
22377,1586,500000
22378,19702675,20
22379,19702675,30
22380,76016952,0
22381,19702675,10
22382,19702675,10
22383,19702675,40
22384,19702675,30
22385,19702675,210
22386,19702675,20
22387,1586,500000
22388,876234,9110
22389,19702675,30
22390,19702675,10
22391,19702675,20
22392,1586,500000
22393,19702675,70
22394,19702675,40
22395,19702675,10
22396,19702675,50
22397,19702675,30
22398,19702675,30
22399,19702675,20
22400,19702675,20
22401,19702675,30
22402,19702675,10
22403,19702675,40
22404,19702675,20
22405,876234,6950
22406,19702675,10
22407,19702675,40
22408,19702675,20
22409,19702675,50
22410,19702675,10
22411,19702675,10
22412,19702675,20
22413,19702675,10
22414,19702675,20
22415,19702675,20
22416,19702675,30
22417,19702675,20
22418,19702675,20
22419,19702675,10
22420,19702675,40
22421,19702675,20
22422,19702675,30
22423,19702675,10
22424,19702675,20
22425,1586,500000
22426,1586,500000
22427,19702675,20
22428,19702675,60
22429,19702675,30
22430,19702675,40
22431,1586,500000
22432,19702675,60
22433,19702675,20
22434,19702675,20
22435,1586,500000
22436,19702675,40
22437,19702675,30
22438,19702675,80
22439,19702675,40
22440,876234,16250
22441,876234,9630
22442,19702675,20
22443,19702675,30
22444,876234,5250
22445,19702675,30
22446,19702675,50
22447,19702675,20
22448,1586,500000
22449,19702675,50
22450,19702675,160
22451,19702675,50
22452,19702675,10
22453,19702675,40
22454,19702675,90
22455,19702675,10
22456,876234,13310
22457,19702675,40
22458,76016952,0
22459,19702675,30
22460,1586,500000
22461,19702675,40
22462,19702675,30
22463,1586,500000
22464,19702675,30
22465,19702675,10
22466,19702675,60
22467,19702675,30
22468,19702675,70
22469,19702675,10
22470,19702675,40
22471,19702675,60
22472,19702675,20
22473,19702675,90
22474,19702675,20
22475,19702675,10
22476,19702675,10
22477,19702675,30
22478,19702675,40
22479,19702675,20
22480,19702675,10
22481,19702675,10
22482,19702675,20
22483,19702675,10
22484,19702675,60
22485,19702675,30
22486,19702675,10
22487,19702675,50
22488,19702675,30
22489,19702675,20
22490,1586,500000
22491,19702675,20
22492,19702675,10
22493,19702675,10
22494,19702675,20
22495,19702675,30
22496,19702675,30
22497,19702675,20
22498,876234,7310
22499,19702675,30
22500,19702675,50
22501,19702675,30
22502,1586,500000
22503,1586,500000
22504,19702675,30
22505,19702675,50
22506,19702675,20
22507,19702675,30
22508,19702675,40
22509,19702675,30
22510,19702675,40
22511,19702675,80
22512,19702675,10
22513,19702675,10
22514,19702675,10
22515,876234,7540
22516,19702675,20
22517,19702675,20
22518,76016952,0
22519,19702675,20
22520,876234,6840
22521,19702675,10
22522,19702675,30
22523,19702675,80
22524,19702675,20
22525,19702675,20
22526,19702675,80
22527,876234,25220
22528,19702675,90
22529,876234,8770
22530,19702675,30
22531,19702675,80
22532,19702675,10
22533,19702675,10
22534,76016952,0
22535,19702675,20
22536,1586,500000
22537,876234,7670
22538,1586,500000
22539,1586,500000
22540,876234,11160
22541,19702675,20
22542,19702675,20
22543,19702675,150
22544,19702675,10
22545,1586,500000
22546,19702675,20
22547,1586,500000
22548,19702675,70
22549,19702675,10
22550,19702675,20
22551,19702675,50
22552,19702675,20
22553,19702675,20
22554,19702675,50
22555,19702675,20
22556,19702675,30
22557,19702675,20
22558,876234,10690
22559,19702675,20
22560,19702675,40
22561,19702675,20
22562,19702675,20
22563,19702675,30
22564,19702675,20
22565,19702675,30
22566,19702675,40
22567,19702675,30
22568,19702675,20
22569,19702675,70
22570,1586,500000
22571,19702675,30
22572,19702675,50
22573,19702675,80
22574,1586,500000
22575,19702675,20
22576,19702675,10
22577,19702675,30
22578,19702675,30
22579,19702675,10
22580,19702675,20
22581,19702675,10
22582,19702675,40
22583,19702675,40
22584,19702675,30
22585,76016952,0
22586,19702675,50
22587,876234,8310
22588,1586,500000
22589,19702675,40
22590,19702675,10
22591,1586,500000
22592,1586,500000
22593,876234,9660
22594,1586,500000
22595,19702675,10
22596,19702675,80
22597,19702675,50
22598,19702675,30
22599,19702675,110
22600,19702675,30
22601,876234,8410
22602,19702675,10
22603,876234,6740
22604,19702675,40
22605,19702675,20
22606,19702675,10
22607,19702675,10
22608,19702675,20
22609,19702675,50
22610,19702675,20
22611,876234,5410
22612,19702675,10
22613,19702675,110
22614,19702675,30
22615,19702675,20
22616,19702675,10
22617,19702675,10
22618,19702675,20
22619,19702675,20
22620,19702675,30
22621,19702675,40
22622,19702675,80
22623,19702675,30
22624,1586,500000
22625,19702675,150
22626,19702675,30
22627,19702675,30
22628,876234,7270
22629,876234,13840
22630,876234,9580
22631,19702675,30
22632,19702675,40
22633,19702675,30
22634,19702675,40
22635,1586,500000
22636,19702675,110
22637,1586,500000
22638,19702675,30
22639,19702675,30
22640,19702675,50
22641,19702675,20
22642,19702675,10
22643,1586,500000
22644,19702675,50
22645,19702675,150
22646,19702675,50
22647,19702675,10
22648,19702675,20
22649,19702675,210
22650,876234,6430
22651,19702675,10
22652,19702675,30
22653,19702675,40
22654,19702675,70
22655,19702675,50
22656,19702675,10
22657,19702675,50
22658,19702675,20
22659,19702675,20
22660,19702675,20
22661,19702675,60
22662,19702675,10
22663,19702675,80
22664,19702675,20
22665,19702675,30
22666,19702675,40
22667,76016952,0
22668,19702675,20
22669,1586,500000
22670,19702675,40
22671,19702675,10
22672,19702675,20
22673,19702675,10
22674,19702675,50
22675,19702675,210
22676,19702675,20
22677,19702675,60
22678,19702675,80
22679,19702675,150
22680,19702675,30
22681,19702675,10
22682,876234,6820
22683,1586,500000
22684,19702675,70
22685,19702675,20
22686,19702675,50
22687,19702675,20
22688,1586,500000
22689,19702675,50
22690,1586,500000
22691,19702675,10
22692,19702675,10
22693,19702675,80
22694,876234,6840
22695,19702675,30
22696,19702675,10
22697,19702675,40
22698,19702675,10
22699,19702675,80
22700,19702675,40
22701,19702675,30
22702,19702675,20
22703,19702675,10
22704,19702675,20
22705,19702675,20
22706,19702675,30
22707,19702675,70
22708,19702675,30
22709,19702675,30
22710,19702675,60
22711,876234,7890
22712,19702675,30
22713,19702675,10
22714,19702675,60
22715,19702675,40
22716,19702675,40
22717,19702675,10
22718,19702675,10
22719,19702675,40
22720,19702675,40
22721,19702675,20
22722,19702675,30
22723,19702675,80
22724,19702675,20
22725,19702675,30
22726,19702675,20
22727,19702675,20
22728,19702675,30
22729,19702675,60
22730,19702675,40
22731,19702675,10
22732,19702675,20
22733,19702675,10
22734,876234,8880
22735,19702675,20
22736,1586,500000
22737,19702675,50
22738,19702675,30
22739,19702675,20
22740,19702675,20
22741,19702675,30
22742,19702675,10
22743,19702675,30
22744,19702675,20
22745,19702675,10
22746,19702675,10
22747,19702675,30
22748,19702675,30
22749,19702675,50
22750,19702675,20
22751,19702675,110
22752,19702675,40
22753,19702675,50
22754,19702675,10
22755,19702675,10
22756,19702675,20
22757,19702675,20
22758,19702675,30
22759,19702675,10
22760,19702675,20
22761,19702675,40
22762,19702675,40
22763,876234,29540
22764,19702675,30
22765,19702675,20
22766,1586,500000
22767,19702675,80
22768,19702675,250
22769,19702675,40
22770,19702675,50
22771,19702675,30
22772,19702675,20
22773,19702675,20
22774,19702675,20
22775,19702675,20
22776,876234,8920
22777,19702675,10
22778,19702675,20
22779,19702675,30
22780,1586,500000
22781,19702675,40
22782,19702675,20
22783,19702675,40
22784,19702675,20
22785,19702675,80
22786,19702675,40
22787,876234,8070
22788,19702675,20
22789,19702675,30
22790,876234,4930
22791,1586,500000
22792,19702675,40
22793,19702675,30
22794,19702675,40
22795,19702675,30
22796,19702675,10
22797,1586,500000
22798,19702675,10
22799,876234,6050
22800,19702675,40
22801,19702675,10
22802,19702675,150
22803,19702675,70
22804,19702675,80
22805,19702675,10
22806,19702675,30
22807,19702675,40
22808,19702675,20
22809,1586,500000
22810,19702675,130
22811,1586,500000
22812,19702675,40
22813,19702675,70
22814,19702675,20
22815,19702675,40
22816,1586,500000
22817,19702675,10
22818,19702675,40
22819,1586,500000
22820,19702675,60
22821,876234,7340
22822,19702675,40
22823,19702675,10
22824,19702675,20
22825,19702675,50
22826,19702675,60
22827,19702675,30
22828,19702675,30
22829,19702675,30
22830,19702675,30
22831,19702675,10
22832,19702675,30
22833,19702675,10
22834,19702675,30
22835,1586,500000
22836,19702675,10
22837,19702675,30
22838,19702675,40
22839,19702675,30
22840,19702675,30
22841,19702675,10
22842,19702675,10
22843,19702675,50
22844,1586,500000
22845,19702675,30
22846,19702675,20
22847,1586,500000
22848,19702675,20
22849,19702675,10
22850,1586,500000
22851,19702675,50
22852,19702675,30
22853,1586,500000
22854,19702675,20
22855,19702675,30
22856,76016952,0
22857,876234,7640
22858,19702675,20
22859,19702675,10
22860,19702675,50
22861,19702675,100
22862,19702675,30
22863,19702675,150
22864,19702675,30
22865,876234,7860
22866,19702675,30
22867,19702675,10
22868,19702675,30
22869,19702675,10
22870,19702675,30
22871,19702675,20
22872,876234,11390
22873,19702675,20
22874,19702675,10
22875,19702675,30
22876,19702675,20
22877,19702675,10
22878,1586,500000
22879,1586,500000
22880,19702675,10
22881,19702675,40
22882,19702675,210
22883,19702675,10
22884,76016952,0
22885,19702675,10
22886,1586,500000
22887,1586,500000
22888,19702675,30
22889,1586,500000
22890,19702675,10
22891,19702675,10
22892,19702675,50
22893,19702675,30
22894,19702675,10
22895,1586,500000
22896,19702675,40
22897,19702675,30
22898,19702675,40
22899,19702675,20
22900,19702675,10
22901,19702675,30
22902,19702675,10
22903,19702675,150
22904,876234,12060
22905,19702675,30
22906,1586,500000
22907,19702675,90
22908,876234,5960
22909,19702675,70
22910,19702675,80
22911,19702675,30
22912,19702675,10
22913,19702675,30
22914,19702675,10
22915,19702675,30
22916,19702675,40
22917,19702675,110
22918,19702675,50
22919,19702675,30
22920,19702675,40
22921,19702675,150
22922,19702675,20
22923,19702675,20
22924,19702675,30
22925,19702675,40
22926,19702675,40
22927,19702675,30
22928,19702675,40
22929,19702675,70
22930,19702675,10
22931,19702675,110
22932,19702675,70
22933,19702675,90
22934,19702675,30
22935,19702675,30
22936,19702675,10
22937,19702675,30
22938,19702675,50
22939,19702675,160
22940,19702675,20
22941,19702675,70
22942,19702675,30
22943,76016952,0
22944,19702675,40
22945,19702675,20
22946,19702675,20
22947,19702675,20
22948,1586,500000
22949,19702675,90
22950,19702675,30
22951,19702675,30
22952,19702675,30
22953,19702675,40
22954,19702675,30
22955,19702675,60
22956,19702675,50
22957,19702675,10
22958,19702675,20
22959,19702675,10
22960,19702675,10
22961,19702675,10
22962,19702675,20
22963,19702675,30
22964,19702675,40
22965,19702675,20
22966,19702675,60
22967,19702675,20
22968,19702675,30
22969,1586,500000
22970,19702675,80
22971,19702675,40
22972,19702675,90
22973,19702675,50
22974,19702675,10
22975,876234,8950
22976,876234,57450
22977,19702675,10
22978,19702675,30
22979,19702675,30
22980,19702675,10
22981,19702675,80
22982,19702675,20
22983,876234,9450
22984,19702675,40
22985,19702675,20
22986,19702675,20
22987,19702675,20
22988,19702675,60
22989,19702675,40
22990,19702675,40
22991,876234,7530
22992,19702675,50
22993,19702675,10
22994,76016952,0
22995,876234,20880
22996,19702675,10
22997,19702675,60
22998,19702675,30
22999,19702675,30
23000,19702675,30
23001,19702675,20
23002,19702675,50
23003,19702675,10
23004,19702675,80
23005,19702675,150
23006,876234,5540
23007,19702675,10
23008,19702675,10
23009,19702675,10
23010,19702675,10
23011,19702675,20
23012,19702675,40
23013,19702675,30
23014,19702675,30
23015,19702675,20
23016,19702675,10
23017,19702675,30
23018,19702675,10
23019,19702675,10
23020,19702675,20
23021,19702675,40
23022,19702675,40
23023,19702675,10
23024,19702675,10
23025,19702675,40
23026,19702675,20
23027,19702675,10
23028,876234,7010
23029,1586,500000
23030,19702675,30
23031,19702675,20
23032,876234,10200
23033,19702675,20
23034,19702675,20
23035,19702675,20
23036,19702675,50
23037,19702675,20
23038,19702675,10
23039,19702675,20
23040,19702675,20
23041,19702675,10
23042,19702675,70
23043,19702675,30
23044,19702675,30
23045,19702675,50
23046,1586,500000
23047,19702675,10
23048,76016952,0
23049,19702675,30
23050,19702675,70
23051,19702675,20
23052,1586,500000
23053,19702675,50
23054,19702675,20
23055,19702675,10
23056,1586,500000
23057,19702675,40
23058,1586,500000
23059,19702675,20
23060,19702675,150
23061,876234,8220
23062,19702675,10
23063,19702675,20
23064,19702675,10
23065,19702675,150
23066,19702675,10
23067,76016952,0
23068,19702675,70
23069,19702675,10
23070,19702675,50
23071,76016952,0
23072,19702675,50
23073,19702675,30
23074,19702675,10
23075,19702675,40
23076,19702675,110
23077,19702675,30
23078,19702675,30
23079,19702675,150
23080,19702675,30
23081,19702675,20
23082,19702675,30
23083,876234,6630
23084,19702675,30
23085,19702675,20
23086,19702675,10
23087,19702675,10
23088,19702675,10
23089,19702675,30
23090,1586,500000
23091,19702675,30
23092,19702675,20
23093,19702675,10
23094,1586,500000
23095,19702675,50
23096,19702675,20
23097,19702675,30
23098,19702675,60
23099,19702675,40
23100,19702675,60
23101,19702675,20
23102,19702675,50
23103,19702675,40
23104,19702675,10
23105,19702675,20
23106,19702675,30
23107,19702675,60
23108,76016952,0
23109,19702675,20
23110,19702675,30
23111,19702675,150
23112,19702675,110
23113,19702675,30
23114,19702675,110
23115,876234,31960
23116,19702675,10
23117,19702675,70
23118,19702675,20
23119,19702675,30
23120,19702675,30
23121,19702675,20
23122,19702675,10
23123,19702675,50
23124,19702675,40
23125,19702675,10
23126,19702675,20
23127,19702675,30
23128,19702675,10
23129,19702675,20
23130,19702675,10
23131,1586,500000
23132,876234,4320
23133,19702675,30
23134,19702675,30
23135,19702675,10
23136,876234,15440
23137,19702675,20
23138,19702675,10
23139,19702675,30
23140,19702675,40
23141,19702675,10
23142,19702675,30
23143,19702675,10
23144,19702675,30
23145,1586,500000
23146,19702675,10
23147,19702675,30
23148,19702675,10
23149,19702675,70
23150,876234,8180
23151,19702675,80
23152,876234,8250
23153,19702675,20
23154,19702675,10
23155,19702675,10
23156,19702675,20
23157,19702675,30
23158,19702675,50
23159,19702675,110
23160,19702675,40
23161,19702675,20
23162,19702675,20
23163,19702675,30
23164,19702675,40
23165,19702675,20
23166,19702675,110
23167,19702675,10
23168,19702675,20
23169,19702675,30
23170,19702675,10
23171,19702675,30
23172,19702675,50
23173,1586,500000
23174,19702675,30
23175,19702675,10
23176,19702675,30
23177,76016952,0
23178,19702675,30
23179,19702675,10
23180,19702675,10
23181,1586,500000
23182,76016952,0
23183,19702675,60
23184,19702675,50
23185,1586,500000
23186,19702675,60
23187,19702675,20
23188,19702675,30
23189,19702675,110
23190,19702675,60
23191,19702675,40
23192,19702675,10
23193,19702675,10
23194,19702675,40
23195,19702675,10
23196,19702675,50
23197,19702675,20
23198,19702675,110
23199,19702675,40
23200,19702675,60
23201,19702675,150
23202,19702675,10
23203,1586,500000
23204,19702675,10
23205,19702675,10
23206,19702675,60
23207,19702675,10
23208,1586,500000
23209,876234,9960
23210,19702675,30
23211,19702675,30
23212,19702675,20
23213,19702675,60
23214,19702675,150
23215,19702675,30
23216,19702675,30
23217,19702675,30
23218,19702675,30
23219,19702675,50
23220,19702675,10
23221,19702675,30
23222,19702675,20
23223,19702675,20
23224,19702675,70
23225,19702675,150
23226,19702675,20
23227,19702675,20
23228,19702675,10
23229,19702675,20
23230,19702675,20
23231,19702675,30
23232,19702675,30
23233,19702675,40
23234,19702675,30
23235,19702675,30
23236,19702675,20
23237,19702675,10
23238,19702675,20
23239,19702675,20
23240,19702675,10
23241,19702675,10
23242,19702675,40
23243,1586,500000
23244,19702675,30
23245,19702675,20
23246,19702675,20
23247,19702675,10
23248,19702675,60
23249,876234,6030
23250,19702675,80
23251,19702675,20
23252,876234,8320
23253,876234,6420
23254,19702675,10
23255,19702675,50
23256,19702675,40
23257,19702675,30
23258,19702675,30
23259,1586,500000
23260,19702675,30
23261,19702675,10
23262,19702675,30
23263,19702675,30
23264,876234,8460
23265,19702675,40
23266,19702675,20
23267,19702675,50
23268,1586,500000
23269,19702675,20
23270,19702675,30
23271,19702675,50
23272,876234,9020
23273,19702675,10
23274,19702675,50
23275,19702675,40
23276,19702675,20
23277,19702675,40
23278,1586,500000
23279,19702675,210
23280,19702675,20
23281,1586,500000
23282,19702675,40
23283,19702675,10
23284,19702675,10
23285,19702675,10
23286,19702675,50
23287,19702675,10
23288,19702675,20
23289,876234,8930
23290,19702675,10
23291,19702675,10
23292,19702675,150
23293,1586,500000
23294,19702675,80
23295,19702675,30
23296,19702675,20
23297,19702675,30
23298,19702675,30
23299,1586,500000
23300,19702675,60
23301,76016952,0
23302,19702675,40
23303,19702675,20
23304,19702675,10
23305,19702675,90
23306,19702675,10
23307,19702675,30
23308,876234,107800
23309,19702675,90
23310,19702675,290
23311,19702675,10
23312,19702675,80
23313,19702675,40
23314,19702675,30
23315,876234,14910
23316,19702675,10
23317,19702675,10
23318,19702675,30
23319,19702675,10
23320,19702675,20
23321,19702675,20
23322,19702675,50
23323,19702675,30
23324,1586,500000
23325,19702675,20
23326,19702675,20
23327,19702675,20
23328,19702675,20
23329,19702675,10
23330,19702675,50
23331,19702675,40
23332,19702675,30
23333,19702675,20
23334,1586,500000
23335,19702675,40
23336,19702675,80
23337,19702675,40
23338,19702675,20
23339,19702675,10
23340,19702675,30
23341,19702675,60
23342,19702675,60
23343,19702675,30
23344,1586,500000
23345,19702675,100
23346,19702675,70
23347,19702675,30
23348,19702675,150
23349,19702675,40
23350,19702675,50
23351,19702675,10
23352,19702675,30
23353,19702675,10
23354,19702675,30
23355,1586,500000
23356,19702675,30
23357,19702675,40
23358,19702675,10
23359,19702675,150
23360,19702675,10
23361,19702675,20
23362,19702675,20
23363,19702675,10
23364,1586,500000
23365,19702675,10
23366,19702675,30
23367,19702675,10
23368,19702675,10
23369,19702675,30
23370,19702675,40
23371,19702675,30
23372,19702675,30
23373,19702675,20
23374,19702675,20
23375,19702675,50
23376,19702675,10
23377,76016952,0
23378,19702675,110
23379,19702675,30
23380,19702675,70
23381,19702675,20
23382,19702675,10
23383,19702675,30
23384,19702675,80
23385,19702675,10
23386,19702675,50
23387,19702675,40
23388,19702675,40
23389,19702675,40
23390,19702675,10
23391,19702675,60
23392,19702675,10
23393,1586,500000
23394,19702675,20
23395,876234,6780
23396,19702675,50
23397,19702675,30
23398,19702675,10
23399,19702675,30
23400,1586,500000
23401,19702675,30
23402,19702675,150
23403,19702675,10
23404,876234,6690
23405,19702675,40
23406,19702675,20
23407,19702675,10
23408,19702675,20
23409,19702675,40
23410,19702675,10
23411,19702675,20
23412,19702675,10
23413,876234,8520
23414,19702675,40
23415,19702675,10
23416,19702675,40
23417,19702675,40
23418,19702675,70
23419,19702675,10
23420,19702675,10
23421,19702675,210
23422,19702675,10
23423,19702675,20
23424,19702675,10
23425,19702675,30
23426,19702675,20
23427,19702675,70
23428,19702675,20
23429,19702675,30
23430,19702675,30
23431,1586,500000
23432,19702675,50
23433,19702675,20
23434,19702675,40
23435,1586,500000
23436,19702675,150
23437,1586,500000
23438,19702675,10
23439,19702675,150
23440,19702675,40
23441,876234,7400
23442,19702675,10
23443,1586,500000
23444,19702675,20
23445,19702675,10
23446,19702675,30
23447,19702675,20
23448,19702675,20
23449,19702675,80
23450,19702675,50
23451,19702675,80
23452,19702675,10
23453,19702675,60
23454,1586,500000
23455,19702675,10
23456,19702675,20
23457,19702675,10
23458,19702675,40
23459,19702675,20
23460,19702675,20
23461,19702675,40
23462,19702675,50
23463,19702675,10
23464,19702675,30
23465,19702675,10
23466,19702675,40
23467,19702675,40
23468,19702675,30
23469,19702675,10
23470,19702675,70
23471,19702675,40
23472,19702675,50
23473,19702675,30
23474,19702675,20
23475,19702675,40
23476,19702675,40
23477,19702675,30
23478,19702675,10
23479,19702675,10
23480,19702675,10
23481,19702675,30
23482,876234,16070
23483,19702675,70
23484,19702675,30
23485,19702675,20
23486,19702675,40
23487,876234,12860
23488,1586,500000
23489,19702675,60
23490,19702675,80
23491,19702675,60
23492,876234,6180
23493,1586,500000
23494,19702675,10
23495,19702675,10
23496,19702675,150
23497,19702675,10
23498,19702675,30
23499,19702675,50
23500,19702675,10
23501,876234,6220
23502,19702675,40
23503,1586,500000
23504,19702675,30
23505,19702675,50
23506,876234,10970
23507,19702675,80
23508,76016952,0
23509,19702675,40
23510,19702675,10
23511,19702675,10
23512,1586,500000
23513,19702675,20
23514,19702675,20
23515,19702675,10
23516,19702675,60
23517,19702675,40
23518,19702675,40
23519,876234,19320
23520,19702675,30
23521,19702675,20
23522,19702675,70
23523,1586,500000
23524,19702675,20
23525,19702675,40
23526,19702675,40
23527,19702675,20
23528,19702675,10
23529,19702675,30
23530,19702675,10
23531,19702675,20
23532,19702675,40
23533,19702675,40
23534,19702675,50
23535,19702675,30
23536,19702675,30
23537,19702675,20
23538,19702675,30
23539,19702675,30
23540,19702675,50
23541,19702675,10
23542,19702675,30
23543,19702675,50
23544,19702675,30
23545,19702675,20
23546,76016952,0
23547,19702675,80
23548,19702675,10
23549,19702675,30
23550,19702675,50
23551,19702675,50
23552,19702675,10
23553,19702675,10
23554,19702675,70
23555,19702675,60
23556,19702675,60
23557,19702675,110
23558,19702675,30
23559,19702675,160
23560,19702675,150
23561,19702675,20
23562,19702675,20
23563,19702675,20
23564,19702675,40
23565,19702675,80
23566,19702675,30
23567,19702675,40
23568,19702675,10
23569,19702675,20
23570,19702675,20
23571,19702675,30
23572,19702675,20
23573,19702675,40
23574,19702675,30
23575,19702675,60
23576,19702675,10
23577,19702675,10
23578,19702675,70
23579,19702675,30
23580,19702675,50
23581,876234,6270
23582,19702675,40
23583,19702675,30
23584,19702675,20
23585,19702675,20
23586,19702675,10
23587,19702675,10
23588,19702675,10
23589,876234,8730
23590,1586,500000
23591,19702675,30
23592,19702675,60
23593,19702675,10
23594,19702675,30
23595,19702675,20
23596,19702675,120
23597,19702675,40
23598,19702675,20
23599,19702675,20
23600,19702675,10
23601,19702675,150
23602,1586,500000
23603,19702675,60
23604,876234,6480
23605,19702675,50
23606,19702675,50
23607,19702675,20
23608,19702675,10
23609,19702675,30
23610,19702675,50
23611,19702675,10
23612,19702675,50
23613,19702675,40
23614,19702675,70
23615,19702675,10
23616,19702675,110
23617,19702675,40
23618,19702675,10
23619,19702675,30
23620,19702675,10
23621,19702675,20
23622,19702675,40
23623,19702675,20
23624,19702675,30
23625,19702675,10
23626,19702675,20
23627,19702675,10
23628,19702675,30
23629,19702675,10
23630,19702675,20
23631,19702675,20
23632,19702675,20
23633,19702675,50
23634,19702675,20
23635,19702675,10
23636,19702675,20
23637,19702675,150
23638,19702675,30
23639,19702675,20
23640,19702675,10
23641,876234,85240
23642,19702675,30
23643,19702675,10
23644,19702675,40
23645,19702675,40
23646,19702675,40
23647,19702675,10
23648,19702675,10
23649,19702675,40
23650,19702675,10
23651,19702675,30
23652,1586,500000
23653,19702675,20
23654,19702675,30
23655,876234,6370
23656,19702675,10
23657,19702675,20
23658,1586,500000
23659,19702675,60
23660,19702675,30
23661,19702675,10
23662,19702675,20
23663,19702675,30
23664,19702675,20
23665,19702675,40
23666,19702675,40
23667,19702675,10
23668,1586,500000
23669,19702675,20
23670,19702675,150
23671,19702675,10
23672,19702675,20
23673,19702675,20
23674,19702675,10
23675,19702675,160
23676,876234,11510
23677,19702675,30
23678,19702675,10
23679,19702675,50
23680,19702675,10
23681,19702675,20
23682,876234,5450
23683,19702675,20
23684,19702675,10
23685,19702675,50
23686,19702675,60
23687,19702675,80
23688,19702675,10
23689,19702675,30
23690,19702675,150
23691,1586,500000
23692,19702675,20
23693,19702675,20
23694,19702675,20
23695,1586,500000
23696,19702675,30
23697,19702675,10
23698,19702675,10
23699,19702675,10
23700,19702675,20
23701,19702675,30
23702,19702675,10
23703,19702675,10
23704,19702675,40
23705,1586,500000
23706,19702675,10
23707,19702675,70
23708,19702675,80
23709,19702675,20
23710,19702675,20
23711,19702675,10
23712,19702675,110
23713,19702675,20
23714,19702675,20
23715,19702675,20
23716,76016952,0
23717,19702675,20
23718,19702675,10
23719,19702675,40
23720,19702675,10
23721,19702675,40
23722,19702675,80
23723,1586,500000
23724,876234,7470
23725,19702675,10
23726,19702675,30
23727,19702675,10
23728,19702675,30
23729,19702675,90
23730,19702675,10
23731,19702675,20
23732,19702675,20
23733,19702675,10
23734,19702675,10
23735,19702675,30
23736,19702675,20
23737,19702675,30
23738,19702675,10
23739,19702675,40
23740,19702675,20
23741,19702675,30
23742,19702675,40
23743,19702675,70
23744,19702675,10
23745,1586,500000
23746,19702675,70
23747,19702675,20
23748,19702675,40
23749,19702675,10
23750,19702675,30
23751,19702675,40
23752,19702675,150
23753,19702675,20
23754,19702675,20
23755,19702675,90
23756,19702675,40
23757,19702675,20
23758,19702675,40
23759,19702675,10
23760,19702675,60
23761,19702675,10
23762,876234,4680
23763,19702675,20
23764,19702675,20
23765,19702675,50
23766,19702675,10
23767,876234,9900
23768,19702675,30
23769,19702675,20
23770,19702675,20
23771,19702675,40
23772,19702675,50
23773,19702675,80
23774,19702675,10
23775,19702675,10
23776,19702675,20
23777,19702675,10
23778,19702675,30
23779,19702675,20
23780,19702675,20
23781,19702675,60
23782,19702675,20
23783,19702675,10
23784,19702675,20
23785,19702675,10
23786,19702675,20
23787,19702675,20
23788,19702675,110
23789,19702675,10
23790,19702675,110
23791,19702675,20
23792,19702675,40
23793,19702675,20
23794,19702675,20
23795,19702675,40
23796,1586,500000
23797,19702675,60
23798,76016952,0
23799,19702675,40
23800,19702675,60
23801,19702675,10
23802,19702675,60
23803,19702675,40
23804,19702675,30
23805,19702675,20
23806,19702675,30
23807,19702675,10
23808,19702675,70
23809,19702675,60
23810,19702675,30
23811,19702675,20
23812,19702675,30
23813,19702675,40
23814,19702675,30
23815,19702675,10
23816,19702675,30
23817,19702675,40
23818,1586,500000
23819,76016952,0
23820,19702675,30
23821,19702675,60
23822,19702675,40
23823,19702675,50
23824,876234,31200
23825,1586,500000
23826,19702675,10
23827,76016952,0
23828,19702675,10
23829,19702675,10
23830,19702675,20
23831,19702675,40
23832,19702675,20
23833,19702675,20
23834,19702675,40
23835,76016952,0
23836,19702675,60
23837,19702675,10
23838,19702675,20
23839,19702675,50
23840,76016952,0
23841,1586,500000
23842,19702675,10
23843,19702675,10
23844,1586,500000
23845,19702675,20
23846,19702675,10
23847,19702675,100
23848,19702675,10
23849,876234,9980
23850,19702675,20
23851,19702675,50
23852,19702675,30
23853,19702675,20
23854,876234,6110
23855,19702675,50
23856,1586,500000
23857,19702675,20
23858,19702675,10
23859,19702675,10
23860,876234,7340
23861,19702675,40
23862,19702675,40
23863,19702675,20
23864,19702675,30
23865,19702675,10
23866,19702675,30
23867,19702675,30
23868,19702675,30
23869,19702675,20
23870,19702675,40
23871,19702675,20
23872,876234,4320
23873,19702675,30
23874,19702675,10
23875,19702675,30
23876,19702675,20
23877,19702675,40
23878,76016952,0
23879,19702675,10
23880,19702675,40
23881,19702675,20
23882,19702675,30
23883,19702675,10
23884,19702675,40
23885,19702675,10
23886,19702675,70
23887,19702675,30
23888,876234,4250
23889,19702675,20
23890,19702675,40
23891,19702675,30
23892,19702675,60
23893,19702675,30
23894,19702675,20
23895,1586,500000
23896,19702675,40
23897,19702675,20
23898,19702675,10
23899,19702675,90
23900,19702675,30
23901,19702675,20
23902,19702675,20
23903,19702675,10
23904,1586,500000
23905,19702675,10
23906,876234,34350
23907,1586,500000
23908,19702675,30
23909,76016952,0
23910,19702675,20
23911,19702675,10
23912,19702675,20
23913,19702675,30
23914,19702675,20
23915,19702675,40
23916,19702675,10
23917,19702675,20
23918,19702675,20
23919,19702675,20
23920,19702675,20
23921,876234,6180
23922,19702675,20
23923,19702675,10
23924,19702675,40
23925,19702675,10
23926,19702675,30
23927,19702675,50
23928,19702675,290
23929,19702675,40
23930,19702675,50
23931,19702675,60
23932,19702675,20
23933,19702675,20
23934,19702675,20
23935,1586,500000
23936,19702675,30
23937,19702675,10
23938,19702675,80
23939,19702675,30
23940,19702675,40
23941,19702675,90
23942,19702675,20
23943,19702675,10
23944,19702675,20
23945,19702675,20
23946,19702675,40
23947,19702675,70
23948,19702675,100
23949,19702675,20
23950,19702675,20
23951,19702675,10
23952,19702675,30
23953,19702675,20
23954,876234,7720
23955,19702675,30
23956,19702675,20
23957,19702675,20
23958,19702675,10
23959,19702675,40
23960,19702675,60
23961,19702675,30
23962,19702675,30
23963,19702675,10
23964,19702675,40
23965,876234,6660
23966,19702675,20
23967,19702675,120
23968,19702675,30
23969,19702675,10
23970,19702675,10
23971,19702675,10
23972,19702675,10
23973,19702675,20
23974,19702675,60
23975,876234,6430
23976,19702675,10
23977,876234,6920
23978,19702675,10
23979,19702675,20
23980,876234,7870
23981,19702675,30
23982,19702675,20
23983,19702675,30
23984,19702675,20
23985,1586,500000
23986,1586,500000
23987,19702675,20
23988,19702675,10
23989,876234,7830
23990,19702675,20
23991,19702675,40
23992,19702675,10
23993,19702675,20
23994,1586,500000
23995,19702675,30
23996,19702675,20
23997,1586,500000
23998,19702675,20
23999,19702675,20
24000,19702675,10
24001,19702675,40
24002,19702675,10
24003,19702675,10
24004,19702675,30
24005,19702675,20
24006,19702675,10
24007,19702675,30
24008,19702675,20
24009,19702675,20
24010,19702675,20
24011,19702675,30
24012,19702675,10
24013,19702675,50
24014,19702675,30
24015,19702675,10
24016,19702675,20
24017,19702675,20
24018,19702675,50
24019,19702675,40
24020,19702675,40
24021,19702675,20
24022,19702675,30
24023,19702675,20
24024,19702675,20
24025,876234,8630
24026,19702675,160
24027,19702675,20
24028,19702675,20
24029,876234,7640
24030,19702675,40
24031,19702675,150
24032,19702675,40
24033,19702675,50
24034,19702675,70
24035,19702675,20
24036,19702675,20
24037,19702675,40
24038,76016952,0
24039,19702675,10
24040,19702675,30
24041,19702675,50
24042,19702675,30
24043,876234,10240
24044,19702675,30
24045,19702675,60
24046,19702675,60
24047,19702675,50
24048,19702675,80
24049,19702675,150
24050,19702675,30
24051,19702675,10
24052,19702675,10
24053,876234,8710
24054,19702675,10
24055,19702675,20
24056,19702675,20
24057,876234,10760
24058,19702675,10
24059,19702675,10
24060,19702675,30
24061,1586,500000
24062,19702675,10
24063,1586,500000
24064,19702675,30
24065,19702675,50
24066,76016952,0
24067,19702675,150
24068,19702675,50
24069,19702675,10
24070,19702675,20
24071,19702675,30
24072,19702675,30
24073,19702675,50
24074,19702675,60
24075,876234,8630
24076,19702675,40
24077,19702675,10
24078,19702675,20
24079,19702675,20
24080,1586,500000
24081,19702675,10
24082,19702675,70
24083,19702675,20
24084,19702675,30
24085,19702675,20
24086,19702675,50
24087,19702675,10
24088,19702675,30
24089,19702675,60
24090,19702675,60
24091,19702675,10
24092,19702675,10
24093,19702675,20
24094,1586,500000
24095,19702675,10
24096,19702675,60
24097,19702675,10
24098,19702675,10
24099,19702675,20
24100,19702675,10
24101,19702675,10
24102,19702675,10
24103,19702675,10
24104,876234,6770
24105,19702675,10
24106,19702675,30
24107,19702675,30
24108,19702675,60
24109,19702675,10
24110,19702675,60
24111,1586,500000
24112,19702675,30
24113,19702675,30
24114,19702675,10
24115,1586,500000
24116,19702675,10
24117,876234,10470
24118,76016952,0
24119,19702675,50
24120,19702675,40
24121,76016952,0
24122,76016952,0
24123,19702675,30
24124,19702675,30
24125,19702675,40
24126,19702675,30
24127,876234,8290
24128,19702675,20
24129,19702675,20
24130,19702675,20
24131,19702675,20
24132,19702675,20
24133,19702675,10
24134,19702675,30
24135,19702675,150
24136,19702675,20
24137,19702675,30
24138,19702675,10
24139,19702675,60
24140,19702675,30
24141,1586,500000
24142,19702675,60
24143,19702675,50
24144,19702675,20
24145,19702675,20
24146,19702675,60
24147,19702675,40
24148,19702675,70
24149,19702675,10
24150,19702675,40
24151,19702675,20
24152,876234,6670
24153,19702675,10
24154,19702675,50
24155,19702675,10
24156,19702675,10
24157,19702675,50
24158,19702675,30
24159,76016952,0
24160,19702675,20
24161,19702675,70
24162,19702675,50
24163,19702675,20
24164,1586,500000
24165,19702675,30
24166,19702675,50
24167,19702675,40
24168,19702675,80
24169,19702675,50
24170,19702675,20
24171,19702675,70
24172,19702675,20
24173,19702675,60
24174,19702675,20
24175,19702675,20
24176,1586,500000
24177,19702675,20
24178,19702675,60
24179,19702675,20
24180,19702675,30
24181,19702675,10
24182,19702675,10
24183,19702675,10
24184,19702675,10
24185,19702675,10
24186,876234,16730
24187,19702675,10
24188,19702675,10
24189,19702675,60
24190,19702675,40
24191,19702675,20
24192,19702675,40
24193,19702675,30
24194,19702675,40
24195,19702675,10
24196,1586,500000
24197,19702675,110
24198,19702675,30
24199,19702675,20
24200,19702675,20
24201,19702675,60
24202,19702675,80
24203,19702675,50
24204,19702675,60
24205,19702675,60
24206,19702675,50
24207,19702675,20
24208,19702675,10
24209,19702675,20
24210,19702675,80
24211,19702675,20
24212,19702675,20
24213,19702675,130
24214,19702675,110
24215,19702675,20
24216,19702675,30
24217,1586,500000
24218,19702675,30
24219,876234,5020
24220,19702675,50
24221,19702675,30
24222,19702675,30
24223,76016952,0
24224,19702675,20
24225,19702675,20
24226,19702675,100
24227,876234,7180
24228,19702675,30
24229,1586,500000
24230,19702675,10
24231,19702675,20
24232,19702675,20
24233,19702675,10
24234,19702675,10
24235,19702675,30
24236,19702675,10
24237,19702675,10
24238,19702675,20
24239,1586,500000
24240,19702675,30
24241,19702675,20
24242,19702675,30
24243,19702675,10
24244,19702675,30
24245,19702675,20
24246,19702675,30
24247,19702675,70
24248,19702675,30
24249,19702675,10
24250,19702675,110
24251,19702675,20
24252,19702675,20
24253,19702675,30
24254,19702675,10
24255,19702675,50
24256,19702675,40
24257,19702675,20
24258,19702675,40
24259,19702675,50
24260,19702675,10
24261,19702675,30
24262,876234,26660
24263,19702675,20
24264,19702675,10
24265,19702675,30
24266,19702675,60
24267,19702675,10
24268,19702675,10
24269,19702675,30
24270,19702675,30
24271,19702675,30
24272,19702675,70
24273,19702675,50
24274,19702675,30
24275,19702675,20
24276,1586,500000
24277,19702675,20
24278,19702675,40
24279,19702675,30
24280,19702675,20
24281,19702675,10
24282,19702675,70
24283,19702675,30
24284,19702675,10
24285,19702675,20
24286,19702675,30
24287,19702675,20
24288,19702675,30
24289,876234,7410
24290,19702675,20
24291,19702675,10
24292,19702675,10
24293,19702675,10
24294,19702675,30
24295,1586,500000
24296,19702675,10
24297,19702675,40
24298,19702675,30
24299,19702675,60
24300,19702675,30
24301,19702675,30
24302,19702675,80
24303,19702675,70
24304,19702675,10
24305,19702675,10
24306,19702675,10
24307,19702675,20
24308,19702675,20
24309,19702675,10
24310,19702675,10
24311,19702675,10
24312,19702675,90
24313,19702675,70
24314,19702675,50
24315,19702675,20
24316,19702675,110
24317,19702675,70
24318,19702675,10
24319,19702675,60
24320,19702675,30
24321,19702675,10
24322,19702675,10
24323,19702675,20
24324,19702675,20
24325,19702675,60
24326,19702675,50
24327,19702675,30
24328,19702675,30
24329,19702675,240
24330,19702675,10
24331,19702675,40
24332,19702675,10
24333,19702675,30
24334,19702675,10
24335,19702675,10
24336,19702675,30
24337,19702675,20
24338,19702675,20
24339,19702675,30
24340,19702675,40
24341,19702675,50
24342,19702675,30
24343,19702675,10
24344,1586,500000
24345,19702675,30
24346,19702675,20
24347,19702675,30
24348,19702675,10
24349,19702675,40
24350,1586,500000
24351,19702675,20
24352,19702675,60
24353,19702675,40
24354,19702675,20
24355,19702675,100
24356,1586,500000
24357,19702675,40
24358,19702675,30
24359,19702675,60
24360,19702675,50
24361,19702675,10
24362,19702675,50
24363,19702675,20
24364,19702675,20
24365,1586,500000
24366,19702675,30
24367,19702675,30
24368,19702675,30
24369,19702675,60
24370,19702675,20
24371,19702675,30
24372,19702675,30
24373,19702675,30
24374,19702675,30
24375,19702675,30
24376,19702675,30
24377,19702675,20
24378,19702675,10
24379,876234,5890
24380,1586,500000
24381,19702675,40
24382,19702675,30
24383,19702675,10
24384,19702675,40
24385,19702675,80
24386,19702675,30
24387,19702675,30
24388,19702675,40
24389,876234,17490
24390,19702675,110
24391,19702675,150
24392,19702675,30
24393,19702675,30
24394,19702675,50
24395,876234,15880
24396,19702675,20
24397,19702675,60
24398,19702675,10
24399,19702675,40
24400,19702675,40
24401,19702675,10
24402,19702675,60
24403,19702675,10
24404,19702675,10
24405,19702675,20
24406,876234,9430
24407,19702675,90
24408,1586,500000
24409,19702675,30
24410,19702675,10
24411,19702675,30
24412,19702675,40
24413,19702675,50
24414,19702675,50
24415,1586,500000
24416,19702675,20
24417,19702675,10
24418,19702675,60
24419,19702675,20
24420,19702675,20
24421,19702675,20
24422,19702675,10
24423,19702675,20
24424,19702675,40
24425,19702675,30
24426,1586,500000
24427,19702675,80
24428,19702675,30
24429,19702675,40
24430,19702675,60
24431,19702675,20
24432,19702675,20
24433,19702675,30
24434,19702675,150
24435,19702675,110
24436,19702675,20
24437,19702675,10
24438,19702675,20
24439,19702675,30
24440,19702675,50
24441,19702675,20
24442,1586,500000
24443,19702675,30
24444,19702675,20
24445,19702675,40
24446,19702675,20
24447,19702675,20
24448,19702675,10
24449,19702675,20
24450,19702675,10
24451,19702675,20
24452,19702675,10
24453,1586,500000
24454,19702675,20
24455,19702675,50
24456,876234,4600
24457,19702675,10
24458,19702675,70
24459,19702675,20
24460,876234,4890
24461,19702675,90
24462,19702675,10
24463,19702675,20
24464,19702675,50
24465,19702675,10
24466,19702675,30
24467,19702675,80
24468,19702675,30
24469,19702675,30
24470,19702675,20
24471,19702675,30
24472,19702675,30
24473,19702675,30
24474,19702675,20
24475,19702675,30
24476,19702675,40
24477,19702675,40
24478,19702675,80
24479,19702675,10
24480,19702675,80
24481,19702675,20
24482,19702675,40
24483,19702675,30
24484,19702675,30
24485,19702675,120
24486,1586,500000
24487,19702675,50
24488,876234,6570
24489,19702675,20
24490,19702675,10
24491,19702675,60
24492,19702675,60
24493,19702675,40
24494,19702675,30
24495,1586,500000
24496,1586,500000
24497,19702675,10
24498,19702675,10
24499,19702675,30
24500,19702675,20
24501,19702675,40
24502,19702675,150
24503,19702675,10
24504,19702675,20
24505,19702675,30
24506,1586,500000
24507,19702675,140
24508,19702675,30
24509,19702675,80
24510,19702675,20
24511,19702675,80
24512,876234,11820
24513,19702675,90
24514,19702675,20
24515,19702675,10
24516,19702675,10
24517,19702675,30
24518,19702675,60
24519,19702675,30
24520,19702675,10
24521,19702675,80
24522,19702675,20
24523,19702675,80
24524,19702675,10
24525,19702675,40
24526,19702675,30
24527,19702675,30
24528,19702675,30
24529,1586,500000
24530,19702675,40
24531,19702675,30
24532,19702675,30
24533,19702675,30
24534,19702675,40
24535,19702675,20
24536,19702675,50
24537,19702675,50
24538,19702675,50
24539,19702675,50
24540,19702675,290
24541,19702675,10
24542,19702675,10
24543,19702675,10
24544,19702675,20
24545,19702675,20
24546,19702675,40
24547,1586,500000
24548,19702675,30
24549,19702675,30
24550,19702675,30
24551,19702675,110
24552,19702675,40
24553,19702675,30
24554,19702675,20
24555,876234,9240
24556,19702675,10
24557,19702675,10
24558,19702675,30
24559,19702675,30
24560,19702675,20
24561,1586,500000
24562,19702675,70
24563,19702675,30
24564,19702675,20
24565,19702675,70
24566,19702675,30
24567,19702675,30
24568,19702675,20
24569,19702675,40
24570,19702675,40
24571,19702675,30
24572,19702675,150
24573,19702675,40
24574,19702675,20
24575,19702675,80
24576,19702675,20
24577,1586,500000
24578,1586,500000
24579,19702675,10
24580,19702675,80
24581,76016952,0
24582,19702675,20
24583,19702675,30
24584,19702675,10
24585,19702675,150
24586,876234,13080
24587,1586,500000
24588,19702675,20
24589,19702675,10
24590,1586,500000
24591,19702675,60
24592,19702675,20
24593,19702675,10
24594,19702675,40
24595,19702675,20
24596,19702675,60
24597,19702675,20
24598,19702675,30
24599,19702675,40
24600,19702675,60
24601,19702675,50
24602,19702675,50
24603,19702675,10
24604,19702675,30
24605,19702675,20
24606,19702675,70
24607,19702675,10
24608,19702675,60
24609,19702675,50
24610,19702675,10
24611,19702675,60
24612,19702675,80
24613,19702675,10
24614,19702675,10
24615,1586,500000
24616,19702675,20
24617,19702675,10
24618,19702675,10
24619,19702675,20
24620,19702675,10
24621,19702675,10
24622,19702675,20
24623,876234,16270
24624,19702675,10
24625,876234,7980
24626,19702675,40
24627,876234,5370
24628,19702675,30
24629,19702675,20
24630,876234,6830
24631,19702675,80
24632,19702675,150
24633,19702675,30
24634,19702675,70
24635,19702675,40
24636,876234,6570
24637,19702675,20
24638,19702675,150
24639,19702675,80
24640,19702675,10
24641,19702675,20
24642,19702675,20
24643,76016952,0
24644,19702675,30
24645,19702675,40
24646,19702675,30
24647,19702675,50
24648,876234,10530
24649,19702675,30
24650,19702675,30
24651,19702675,30
24652,19702675,40
24653,19702675,50
24654,19702675,30
24655,19702675,10
24656,19702675,40
24657,19702675,60
24658,19702675,30
24659,19702675,20
24660,1586,500000
24661,19702675,210
24662,19702675,150
24663,19702675,70
24664,1586,500000
24665,19702675,40
24666,1586,500000
24667,19702675,30
24668,19702675,50
24669,19702675,10
24670,19702675,90
24671,19702675,60
24672,19702675,20
24673,19702675,40
24674,876234,5870
24675,19702675,10
24676,1586,500000
24677,19702675,20
24678,19702675,10
24679,19702675,40
24680,876234,7210
24681,19702675,10
24682,19702675,20
24683,19702675,50
24684,1586,500000
24685,19702675,30
24686,19702675,10
24687,19702675,80
24688,19702675,50
24689,19702675,30
24690,1586,500000
24691,1586,500000
24692,19702675,20
24693,1586,500000
24694,19702675,10
24695,19702675,10
24696,19702675,50
24697,19702675,10
24698,19702675,40
24699,19702675,20
24700,19702675,20
24701,19702675,20
24702,19702675,40
24703,19702675,30
24704,19702675,40
24705,19702675,30
24706,19702675,30
24707,876234,9120
24708,19702675,20
24709,19702675,10
24710,19702675,50
24711,19702675,110
24712,19702675,30
24713,19702675,60
24714,19702675,50
24715,19702675,20
24716,19702675,20
24717,876234,7000
24718,19702675,50
24719,19702675,10
24720,19702675,30
24721,19702675,30
24722,19702675,40
24723,19702675,10
24724,19702675,10
24725,19702675,30
24726,19702675,80
24727,19702675,10
24728,19702675,30
24729,19702675,10
24730,19702675,30
24731,19702675,110
24732,19702675,30
24733,19702675,10
24734,19702675,30
24735,876234,6230
24736,19702675,10
24737,19702675,10
24738,19702675,20
24739,19702675,40
24740,19702675,110
24741,19702675,20
24742,19702675,40
24743,19702675,50
24744,19702675,20
24745,19702675,30
24746,76016952,0
24747,19702675,60
24748,19702675,30
24749,19702675,40
24750,19702675,200
24751,19702675,10
24752,19702675,20
24753,19702675,40
24754,19702675,10
24755,1586,500000
24756,19702675,10
24757,19702675,30
24758,876234,4990
24759,19702675,60
24760,19702675,30
24761,19702675,10
24762,19702675,20
24763,19702675,80
24764,19702675,150
24765,19702675,30
24766,19702675,40
24767,19702675,40
24768,19702675,20
24769,19702675,30
24770,19702675,20
24771,19702675,20
24772,19702675,20
24773,19702675,10
24774,19702675,80
24775,19702675,20
24776,19702675,20
24777,19702675,10
24778,19702675,40
24779,19702675,90
24780,19702675,10
24781,19702675,30
24782,19702675,150
24783,19702675,20
24784,19702675,60
24785,876234,17690
24786,876234,6320
24787,19702675,20
24788,19702675,30
24789,19702675,40
24790,19702675,30
24791,876234,16290
24792,19702675,150
24793,19702675,20
24794,19702675,30
24795,19702675,10
24796,19702675,50
24797,19702675,30
24798,19702675,30
24799,19702675,20
24800,876234,6240
24801,19702675,10
24802,19702675,40
24803,19702675,10
24804,19702675,20
24805,19702675,30
24806,19702675,30
24807,19702675,30
24808,19702675,30
24809,19702675,10
24810,876234,11610
24811,876234,11140
24812,1586,500000
24813,19702675,30
24814,19702675,20
24815,19702675,60
24816,19702675,20
24817,19702675,20
24818,19702675,30
24819,19702675,110
24820,19702675,40
24821,19702675,20
24822,19702675,60
24823,19702675,30
24824,19702675,30
24825,19702675,30
24826,19702675,20
24827,19702675,120
24828,19702675,60
24829,76016952,0
24830,19702675,20
24831,1586,500000
24832,19702675,70
24833,19702675,50
24834,19702675,10
24835,19702675,20
24836,19702675,30
24837,19702675,10
24838,19702675,30
24839,19702675,20
24840,19702675,10
24841,19702675,10
24842,19702675,30
24843,19702675,20
24844,19702675,40
24845,19702675,20
24846,19702675,50
24847,19702675,30
24848,19702675,10
24849,19702675,40
24850,19702675,50
24851,19702675,60
24852,19702675,30
24853,19702675,50
24854,19702675,60
24855,19702675,20
24856,19702675,50
24857,19702675,10
24858,19702675,20
24859,19702675,110
24860,19702675,30
24861,19702675,10
24862,19702675,40
24863,1586,500000
24864,19702675,50
24865,19702675,60
24866,19702675,10
24867,19702675,20
24868,19702675,10
24869,19702675,10
24870,19702675,40
24871,19702675,10
24872,19702675,30
24873,19702675,20
24874,1586,500000
24875,19702675,30
24876,1586,500000
24877,19702675,30
24878,19702675,20
24879,19702675,20
24880,19702675,40
24881,19702675,50
24882,19702675,30
24883,19702675,40
24884,19702675,30
24885,19702675,80
24886,876234,8950
24887,19702675,40
24888,19702675,20
24889,19702675,50
24890,19702675,10
24891,19702675,10
24892,876234,39610
24893,19702675,20
24894,19702675,20
24895,19702675,10
24896,19702675,10
24897,19702675,80
24898,19702675,10
24899,1586,500000
24900,19702675,10
24901,19702675,40
24902,19702675,30
24903,19702675,10
24904,19702675,20
24905,19702675,60
24906,1586,500000
24907,19702675,150
24908,19702675,50
24909,19702675,30
24910,19702675,30
24911,19702675,30
24912,19702675,30
24913,19702675,20
24914,876234,8410
24915,19702675,40
24916,19702675,20
24917,19702675,60
24918,19702675,30
24919,19702675,60
24920,19702675,20
24921,76016952,0
24922,19702675,10
24923,19702675,40
24924,19702675,20
24925,19702675,10
24926,1586,500000
24927,19702675,30
24928,19702675,10
24929,19702675,30
24930,19702675,20
24931,1586,500000
24932,1586,500000
24933,19702675,40
24934,19702675,90
24935,19702675,40
24936,19702675,20
24937,19702675,150
24938,19702675,80
24939,1586,500000
24940,19702675,20
24941,19702675,50
24942,19702675,40
24943,19702675,30
24944,19702675,10
24945,19702675,30
24946,19702675,10
24947,19702675,10
24948,19702675,40
24949,19702675,30
24950,19702675,30
24951,19702675,40
24952,19702675,60
24953,19702675,50
24954,19702675,80
24955,19702675,50
24956,19702675,40
24957,19702675,10
24958,876234,16380
24959,876234,36580
24960,19702675,20
24961,876234,14640
24962,19702675,20
24963,19702675,10
24964,19702675,20
24965,19702675,90
24966,19702675,30
24967,1586,500000
24968,1586,500000
24969,19702675,20
24970,19702675,110
24971,19702675,10
24972,19702675,30
24973,876234,6500
24974,19702675,110
24975,19702675,20
24976,19702675,10
24977,1586,500000
24978,19702675,40
24979,19702675,40
24980,19702675,10
24981,1586,500000
24982,19702675,20
24983,19702675,30
24984,19702675,20
24985,19702675,20
24986,19702675,20
24987,19702675,30
24988,19702675,50
24989,19702675,10
24990,19702675,60
24991,19702675,20
24992,19702675,10
24993,19702675,20
24994,19702675,30
24995,19702675,10
24996,19702675,70
24997,19702675,80
24998,19702675,60
24999,19702675,10
25000,19702675,30
25001,19702675,40
25002,19702675,10
25003,19702675,10
25004,876234,5470
25005,876234,11380
25006,19702675,10
25007,19702675,40
25008,876234,9450
25009,1586,500000
25010,19702675,10
25011,19702675,10
25012,19702675,70
25013,1586,500000
25014,19702675,20
25015,19702675,20
25016,19702675,60
25017,19702675,30
25018,19702675,10
25019,19702675,20
25020,19702675,20
25021,19702675,30
25022,19702675,10
25023,19702675,10
25024,19702675,60
25025,19702675,40
25026,19702675,30
25027,19702675,10
25028,19702675,60
25029,19702675,70
25030,19702675,20
25031,19702675,10
25032,19702675,20
25033,19702675,50
25034,19702675,40
25035,1586,500000
25036,1586,500000
25037,19702675,10
25038,19702675,10
25039,19702675,20
25040,19702675,40
25041,19702675,40
25042,876234,14230
25043,19702675,10
25044,1586,500000
25045,876234,8300
25046,19702675,10
25047,19702675,40
25048,19702675,20
25049,19702675,20
25050,19702675,40
25051,1586,500000
25052,19702675,20
25053,19702675,80
25054,876234,7600
25055,19702675,10
25056,19702675,40
25057,19702675,160
25058,19702675,20
25059,19702675,30
25060,19702675,10
25061,19702675,30
25062,19702675,20
25063,19702675,10
25064,19702675,30
25065,19702675,10
25066,19702675,60
25067,19702675,10
25068,19702675,20
25069,19702675,40
25070,19702675,20
25071,1586,500000
25072,19702675,30
25073,19702675,20
25074,19702675,10
25075,19702675,140
25076,19702675,10
25077,19702675,10
25078,19702675,10
25079,19702675,50
25080,19702675,60
25081,19702675,20
25082,19702675,30
25083,19702675,70
25084,19702675,20
25085,19702675,30
25086,19702675,110
25087,1586,500000
25088,876234,15810
25089,19702675,50
25090,19702675,40
25091,19702675,30
25092,19702675,150
25093,19702675,40
25094,19702675,30
25095,19702675,80
25096,19702675,20
25097,19702675,60
25098,19702675,20
25099,19702675,20
25100,19702675,40
25101,19702675,20
25102,19702675,20
25103,19702675,30
25104,19702675,30
25105,19702675,10
25106,19702675,10
25107,19702675,20
25108,19702675,10
25109,876234,31170
25110,19702675,20
25111,1586,500000
25112,19702675,10
25113,19702675,20
25114,1586,500000
25115,19702675,40
25116,19702675,10
25117,19702675,150
25118,19702675,20
25119,19702675,10
25120,1586,500000
25121,19702675,80
25122,19702675,30
25123,19702675,40
25124,876234,80490
25125,876234,8240
25126,876234,6710
25127,19702675,30
25128,19702675,100
25129,876234,6720
25130,19702675,30
25131,19702675,20
25132,19702675,10
25133,19702675,20
25134,19702675,80
25135,19702675,20
25136,19702675,30
25137,19702675,10
25138,19702675,40
25139,19702675,10
25140,76016952,0
25141,19702675,60
25142,19702675,40
25143,19702675,60
25144,76016952,0
25145,19702675,60
25146,19702675,10
25147,19702675,60
25148,1586,500000
25149,19702675,10
25150,876234,10770
25151,19702675,20
25152,19702675,70
25153,19702675,30
25154,19702675,10
25155,19702675,110
25156,19702675,40
25157,76016952,0
25158,19702675,20
25159,876234,10330
25160,19702675,10
25161,19702675,20
25162,19702675,30
25163,19702675,10
25164,19702675,20
25165,1586,500000
25166,19702675,10
25167,19702675,10
25168,19702675,10
25169,1586,500000
25170,19702675,10
25171,19702675,30
25172,76016952,0
25173,19702675,90
25174,19702675,40
25175,19702675,100
25176,76016952,0
25177,19702675,40
25178,19702675,150
25179,19702675,40
25180,19702675,10
25181,19702675,20
25182,19702675,10
25183,19702675,20
25184,19702675,20
25185,19702675,10
25186,876234,67420
25187,19702675,10
25188,19702675,30
25189,19702675,10
25190,19702675,80
25191,19702675,80
25192,19702675,60
25193,19702675,30
25194,19702675,30
25195,19702675,70
25196,19702675,10
25197,19702675,60
25198,19702675,10
25199,19702675,150
25200,19702675,30
25201,19702675,20
25202,19702675,10
25203,19702675,10
25204,19702675,10
25205,19702675,10
25206,19702675,30
25207,19702675,20
25208,19702675,50
25209,19702675,20
25210,19702675,40
25211,19702675,10
25212,19702675,30
25213,19702675,40
25214,19702675,30
25215,19702675,10
25216,1586,500000
25217,19702675,40
25218,19702675,10
25219,19702675,30
25220,19702675,10
25221,19702675,10
25222,19702675,20
25223,19702675,20
25224,19702675,40
25225,19702675,20
25226,19702675,20
25227,19702675,80
25228,19702675,40
25229,19702675,50
25230,19702675,10
25231,19702675,20
25232,19702675,30
25233,19702675,30
25234,19702675,30
25235,876234,6460
25236,19702675,10
25237,876234,7700
25238,19702675,10
25239,19702675,10
25240,19702675,60
25241,19702675,10
25242,19702675,150
25243,19702675,20
25244,876234,6780
25245,19702675,40
25246,19702675,10
25247,19702675,110
25248,876234,8520
25249,19702675,30
25250,19702675,40
25251,876234,5070
25252,19702675,50
25253,876233,6720
25254,19702675,40
25255,19702675,10
25256,19702675,60
25257,876233,6620
25258,19702675,20
25259,19702675,30
25260,19702675,30
25261,19702675,30
25262,19702675,50
25263,19702675,10
25264,19702675,70
25265,19702675,50
25266,19702675,30
25267,1586,500000
25268,19702675,10
25269,19702675,30
25270,19702675,40
25271,19702675,80
25272,876233,5990
25273,1586,500000
25274,19702675,10
25275,19702675,40
25276,19702675,40
25277,19702675,10
25278,19702675,30
25279,19702675,40
25280,19702675,30
25281,19702675,20
25282,1586,500000
25283,19702675,60
25284,19702675,30
25285,19702675,10
25286,19702675,30
25287,19702675,40
25288,19702675,30
25289,19702675,40
25290,19702675,40
25291,19702675,20
25292,19702675,40
25293,19702675,30
25294,1586,500000
25295,19702675,20
25296,19702675,20
25297,19702675,110
25298,19702675,20
25299,19702675,30
25300,19702675,10
25301,19702675,20
25302,19702675,30
25303,19702675,10
25304,19702675,20
25305,19702675,10
25306,19702675,10
25307,19702675,20
25308,19702675,60
25309,19702675,10
25310,19702675,20
25311,19702675,10
25312,19702675,50
25313,19702675,20
25314,19702675,10
25315,19702675,20
25316,19702675,40
25317,876233,17570
25318,19702675,60
25319,19702675,90
25320,19702675,20
25321,19702675,10
25322,19702675,30
25323,19702675,40
25324,19702675,20
25325,19702675,110
25326,19702675,30
25327,19702675,20
25328,19702675,10
25329,19702675,20
25330,19702675,30
25331,19702675,30
25332,19702675,10
25333,19702675,30
25334,1586,500000
25335,876233,7580
25336,1586,500000
25337,19702675,40
25338,19702675,70
25339,19702675,10
25340,19702675,80
25341,19702675,40
25342,19702675,60
25343,19702675,30
25344,19702675,30
25345,19702675,10
25346,19702675,20
25347,19702675,50
25348,1586,500000
25349,19702675,80
25350,19702675,120
25351,19702675,20
25352,19702675,50
25353,19702675,20
25354,19702675,20
25355,19702675,20
25356,19702675,20
25357,19702675,20
25358,876233,6340
25359,19702675,30
25360,19702675,30
25361,1586,500000
25362,19702675,10
25363,19702675,90
25364,19702675,40
25365,19702675,10
25366,19702675,20
25367,1586,500000
25368,19702675,50
25369,19702675,10
25370,19702675,20
25371,19702675,20
25372,19702675,40
25373,19702675,50
25374,19702675,10
25375,19702675,40
25376,19702675,10
25377,19702675,40
25378,19702675,150
25379,19702675,10
25380,19702675,40
25381,19702675,30
25382,876233,13410
25383,19702675,10
25384,19702675,10
25385,19702675,20
25386,19702675,30
25387,19702675,50
25388,19702675,80
25389,19702675,30
25390,76016952,0
25391,876233,7630
25392,19702675,20
25393,19702675,20
25394,19702675,40
25395,19702675,10
25396,1586,500000
25397,19702675,40
25398,19702675,80
25399,19702675,40
25400,19702675,20
25401,19702675,30
25402,19702675,10
25403,19702675,50
25404,19702675,40
25405,19702675,10
25406,19702675,10
25407,19702675,30
25408,19702675,40
25409,19702675,60
25410,19702675,110
25411,19702675,10
25412,19702675,10
25413,19702675,10
25414,19702675,40
25415,19702675,30
25416,19702675,90
25417,19702675,10
25418,19702675,50
25419,19702675,10
25420,19702675,20
25421,19702675,10
25422,876233,4800
25423,19702675,30
25424,76016952,0
25425,19702675,60
25426,19702675,10
25427,19702675,30
25428,19702675,10
25429,19702675,20
25430,19702675,30
25431,19702675,40
25432,19702675,40
25433,19702675,30
25434,19702675,40
25435,19702675,20
25436,19702675,50
25437,19702675,80
25438,1586,500000
25439,19702675,30
25440,19702675,30
25441,76016952,0
25442,1586,500000
25443,19702675,20
25444,19702675,20
25445,19702675,20
25446,19702675,20
25447,876233,10960
25448,19702675,30
25449,19702675,10
25450,19702675,50
25451,19702675,30
25452,19702675,20
25453,19702675,10
25454,19702675,10
25455,1586,500000
25456,19702675,80
25457,1586,500000
25458,19702675,80
25459,19702675,30
25460,19702675,10
25461,19702675,40
25462,19702675,60
25463,19702675,30
25464,76016952,0
25465,876233,9650
25466,19702675,40
25467,1586,500000
25468,19702675,150
25469,876233,9460
25470,19702675,50
25471,19702675,20
25472,19702675,40
25473,19702675,10
25474,876233,10880
25475,19702675,20
25476,19702675,40
25477,19702675,20
25478,19702675,30
25479,19702675,30
25480,19702675,150
25481,19702675,10
25482,19702675,20
25483,19702675,40
25484,19702675,10
25485,19702675,10
25486,19702675,60
25487,19702675,40
25488,19702675,110
25489,19702675,30
25490,19702675,60
25491,19702675,10
25492,19702675,50
25493,19702675,60
25494,19702675,20
25495,19702675,110
25496,19702675,10
25497,19702675,10
25498,19702675,20
25499,19702675,20
25500,19702675,10
25501,19702675,10
25502,19702675,50
25503,19702675,50
25504,19702675,30
25505,76016952,0
25506,19702675,10
25507,19702675,60
25508,19702675,60
25509,19702675,30
25510,1586,500000
25511,76016952,0
25512,19702675,60
25513,19702675,20
25514,19702675,20
25515,1586,500000
25516,19702675,40
25517,19702675,10
25518,19702675,30
25519,19702675,20
25520,876233,6890
25521,1586,500000
25522,876233,6900
25523,19702675,30
25524,19702675,20
25525,1586,500000
25526,19702675,10
25527,19702675,40
25528,19702675,60
25529,19702675,150
25530,19702675,20
25531,1586,500000
25532,19702675,20
25533,19702675,40
25534,19702675,10
25535,19702675,20
25536,876233,9140
25537,19702675,70
25538,19702675,80
25539,1586,500000
25540,19702675,30
25541,19702675,50
25542,19702675,10
25543,19702675,20
25544,19702675,20
25545,19702675,70
25546,19702675,10
25547,19702675,40
25548,19702675,20
25549,19702675,40
25550,19702675,10
25551,19702675,10
25552,19702675,20
25553,19702675,20
25554,19702675,110
25555,19702675,20
25556,19702675,30
25557,19702675,40
25558,19702675,60
25559,19702675,20
25560,19702675,50
25561,19702675,60
25562,876233,7330
25563,19702675,20
25564,19702675,40
25565,19702675,30
25566,876233,6820
25567,876233,9150
25568,19702675,20
25569,76016952,0
25570,19702675,30
25571,1586,500000
25572,19702675,90
25573,19702675,20
25574,19702675,80
25575,19702675,20
25576,19702675,30
25577,19702675,210
25578,19702675,50
25579,19702675,40
25580,19702675,10
25581,19702675,30
25582,19702675,110
25583,19702675,50
25584,19702675,20
25585,19702675,30
25586,19702675,40
25587,19702675,60
25588,1586,500000
25589,876233,9820
25590,19702675,30
25591,19702675,80
25592,19702675,30
25593,19702675,30
25594,19702675,10
25595,19702675,20
25596,1586,500000
25597,19702675,10
25598,19702675,60
25599,19702675,30
25600,19702675,20
25601,19702675,60
25602,19702675,30
25603,19702675,110
25604,19702675,20
25605,1586,500000
25606,19702675,10
25607,19702675,120
25608,19702675,10
25609,19702675,40
25610,19702675,10
25611,19702675,40
25612,19702675,30
25613,876233,5050
25614,19702675,30
25615,19702675,70
25616,19702675,20
25617,1586,500000
25618,19702675,70
25619,19702675,10
25620,19702675,40
25621,19702675,90
25622,19702675,60
25623,19702675,50
25624,19702675,10
25625,19702675,20
25626,19702675,10
25627,76016952,0
25628,19702675,30
25629,19702675,50
25630,19702675,30
25631,19702675,50
25632,19702675,10
25633,19702675,10
25634,19702675,50
25635,19702675,80
25636,19702675,40
25637,19702675,70
25638,876233,80070
25639,19702675,10
25640,19702675,10
25641,19702675,80
25642,19702675,20
25643,19702675,20
25644,876233,22290
25645,19702675,30
25646,19702675,50
25647,19702675,50
25648,19702675,20
25649,76016952,0
25650,1586,500000
25651,1586,500000
25652,19702675,40
25653,19702675,140
25654,19702675,20
25655,19702675,20
25656,876233,11180
25657,19702675,20
25658,19702675,60
25659,19702675,30
25660,19702675,10
25661,19702675,40
25662,1586,500000
25663,19702675,110
25664,19702675,40
25665,19702675,20
25666,19702675,30
25667,19702675,20
25668,19702675,50
25669,19702675,150
25670,19702675,40
25671,19702675,110
25672,19702675,10
25673,19702675,20
25674,19702675,10
25675,19702675,20
25676,19702675,10
25677,19702675,20
25678,19702675,10
25679,19702675,20
25680,19702675,20
25681,19702675,10
25682,19702675,10
25683,1586,500000
25684,19702675,20
25685,19702675,20
25686,19702675,20
25687,19702675,10
25688,19702675,60
25689,19702675,40
25690,19702675,10
25691,19702675,20
25692,19702675,10
25693,19702675,10
25694,19702675,20
25695,19702675,110
25696,19702675,60
25697,19702675,30
25698,876233,5530
25699,19702675,50
25700,19702675,10
25701,19702675,20
25702,19702675,10
25703,19702675,10
25704,19702675,20
25705,19702675,40
25706,19702675,40
25707,19702675,60
25708,19702675,30
25709,19702675,10
25710,19702675,10
25711,19702675,30
25712,19702675,20
25713,19702675,50
25714,19702675,50
25715,19702675,20
25716,19702675,20
25717,19702675,40
25718,876233,10390
25719,19702675,30
25720,19702675,10
25721,876233,10050
25722,876233,8510
25723,19702675,30
25724,1586,500000
25725,19702675,40
25726,19702675,10
25727,19702675,30
25728,19702675,30
25729,19702675,30
25730,1586,500000
25731,876233,15150
25732,19702675,10
25733,19702675,10
25734,19702675,140
25735,19702675,20
25736,876233,12430
25737,19702675,10
25738,19702675,20
25739,19702675,30
25740,19702675,40
25741,19702675,70
25742,19702675,210
25743,19702675,20
25744,19702675,10
25745,19702675,40
25746,19702675,20
25747,876233,6250
25748,19702675,30
25749,19702675,20
25750,19702675,50
25751,1586,500000
25752,1586,500000
25753,19702675,60
25754,19702675,20
25755,19702675,40
25756,19702675,10
25757,19702675,40
25758,19702675,10
25759,19702675,20
25760,19702675,30
25761,19702675,60
25762,19702675,210
25763,19702675,40
25764,19702675,40
25765,19702675,20
25766,19702675,30
25767,19702675,10
25768,1586,500000
25769,19702675,10
25770,19702675,20
25771,1586,500000
25772,19702675,30
25773,1586,500000
25774,1586,500000
25775,19702675,10
25776,19702675,10
25777,19702675,10
25778,19702675,70
25779,19702675,30
25780,19702675,10
25781,19702675,20
25782,19702675,40
25783,19702675,30
25784,19702675,40
25785,876233,8060
25786,19702675,20
25787,19702675,30
25788,19702675,50
25789,19702675,70
25790,1586,500000
25791,19702675,30
25792,19702675,20
25793,19702675,20
25794,19702675,50
25795,19702675,50
25796,19702675,20
25797,19702675,10
25798,19702675,40
25799,19702675,20
25800,19702675,30
25801,19702675,60
25802,19702675,30
25803,19702675,50
25804,19702675,30
25805,19702675,30
25806,19702675,40
25807,19702675,40
25808,1586,500000
25809,19702675,50
25810,19702675,40
25811,19702675,20
25812,19702675,20
25813,19702675,40
25814,19702675,30
25815,876233,19920
25816,19702675,60
25817,19702675,10
25818,19702675,30
25819,19702675,50
25820,876233,12120
25821,19702675,30
25822,1586,500000
25823,19702675,50
25824,19702675,20
25825,19702675,20
25826,19702675,10
25827,19702675,30
25828,19702675,20
25829,19702675,40
25830,876233,82620
25831,1586,500000
25832,19702675,60
25833,19702675,20
25834,19702675,110
25835,19702675,10
25836,19702675,50
25837,19702675,10
25838,19702675,30
25839,1586,500000
25840,1586,500000
25841,1586,500000
25842,19702675,40
25843,19702675,40
25844,19702675,60
25845,19702675,30
25846,19702675,40
25847,19702675,100
25848,19702675,30
25849,19702675,10
25850,19702675,20
25851,19702675,50
25852,19702675,40
25853,876233,6260
25854,19702675,50
25855,1586,500000
25856,19702675,10
25857,19702675,70
25858,19702675,30
25859,19702675,10
25860,19702675,10
25861,19702675,80
25862,19702675,30
25863,19702675,30
25864,1586,500000
25865,876233,6750
25866,19702675,30
25867,1586,500000
25868,876233,10420
25869,19702675,20
25870,19702675,150
25871,19702675,50
25872,19702675,10
25873,19702675,10
25874,19702675,30
25875,19702675,40
25876,19702675,30
25877,876233,7570
25878,19702675,10
25879,1586,500000
25880,19702675,150
25881,19702675,10
25882,19702675,10
25883,19702675,20
25884,19702675,20
25885,19702675,20
25886,19702675,20
25887,19702675,30
25888,1586,500000
25889,19702675,20
25890,876233,17840
25891,19702675,20
25892,1586,500000
25893,19702675,30
25894,19702675,50
25895,19702675,10
25896,19702675,60
25897,19702675,30
25898,19702675,50
25899,19702675,10
25900,19702675,60
25901,1586,500000
25902,19702675,50
25903,19702675,20
25904,19702675,10
25905,19702675,10
25906,1586,500000
25907,19702675,10
25908,1586,500000
25909,19702675,20
25910,19702675,60
25911,19702675,10
25912,19702675,20
25913,19702675,20
25914,19702675,20
25915,19702675,10
25916,19702675,50
25917,19702675,20
25918,19702675,70
25919,19702675,20
25920,19702675,150
25921,19702675,40
25922,19702675,20
25923,19702675,20
25924,19702675,60
25925,19702675,40
25926,1586,500000
25927,19702675,50
25928,19702675,30
25929,19702675,30
25930,1586,500000
25931,19702675,80
25932,19702675,20
25933,19702675,20
25934,19702675,20
25935,19702675,40
25936,19702675,10
25937,19702675,40
25938,19702675,30
25939,876233,10320
25940,876233,7570
25941,19702675,40
25942,19702675,10
25943,876233,16300
25944,19702675,40
25945,1586,500000
25946,19702675,30
25947,19702675,10
25948,19702675,20
25949,1586,500000
25950,19702675,50
25951,19702675,20
25952,19702675,20
25953,19702675,150
25954,1586,500000
25955,19702675,10
25956,19702675,20
25957,876233,5970
25958,19702675,150
25959,19702675,20
25960,19702675,50
25961,19702675,30
25962,19702675,30
25963,19702675,30
25964,19702675,290
25965,19702675,20
25966,19702675,100
25967,19702675,30
25968,19702675,20
25969,19702675,20
25970,19702675,30
25971,19702675,30
25972,19702675,50
25973,19702675,90
25974,19702675,20
25975,1586,500000
25976,19702675,30
25977,19702675,20
25978,19702675,80
25979,19702675,40
25980,19702675,10
25981,19702675,10
25982,19702675,10
25983,1586,500000
25984,19702675,20
25985,19702675,40
25986,19702675,40
25987,19702675,20
25988,19702675,60
25989,19702675,20
25990,19702675,40
25991,19702675,20
25992,19702675,50
25993,19702675,20
25994,19702675,20
25995,19702675,70
25996,19702675,40
25997,19702675,20
25998,19702675,20
25999,19702675,10
26000,19702675,80
26001,19702675,20
26002,19702675,10
26003,19702675,20
26004,19702675,60
26005,19702675,100
26006,19702675,20
26007,1586,500000
26008,19702675,10
26009,19702675,40
26010,19702675,10
26011,19702675,10
26012,19702675,30
26013,19702675,20
26014,76016952,0
26015,19702675,30
26016,19702675,20
26017,19702675,20
26018,19702675,40
26019,1586,500000
26020,19702675,80
26021,19702675,20
26022,19702675,10
26023,19702675,20
26024,19702675,110
26025,19702675,20
26026,19702675,20
26027,19702675,30
26028,19702675,10
26029,19702675,260
26030,1586,500000
26031,876233,15200
26032,876233,10280
26033,19702675,20
26034,19702675,20
26035,19702675,10
26036,19702675,90
26037,19702675,30
26038,19702675,50
26039,19702675,30
26040,1586,500000
26041,1586,500000
26042,19702675,30
26043,19702675,20
26044,19702675,20
26045,19702675,40
26046,19702675,50
26047,19702675,10
26048,19702675,20
26049,19702675,30
26050,19702675,20
26051,19702675,10
26052,19702675,10
26053,1586,500000
26054,19702675,20
26055,19702675,30
26056,19702675,40
26057,19702675,20
26058,19702675,50
26059,19702675,10
26060,19702675,40
26061,19702675,40
26062,19702675,10
26063,19702675,10
26064,19702675,30
26065,19702675,10
26066,19702675,10
26067,876233,8210
26068,76016952,0
26069,19702675,40
26070,19702675,30
26071,19702675,30
26072,19702675,20
26073,876233,7110
26074,19702675,20
26075,19702675,20
26076,19702675,30
26077,19702675,10
26078,19702675,60
26079,19702675,30
26080,19702675,40
26081,19702675,30
26082,19702675,10
26083,19702675,20
26084,19702675,30
26085,19702675,20
26086,19702675,10
26087,1586,500000
26088,19702675,10
26089,19702675,20
26090,19702675,20
26091,19702675,20
26092,19702675,10
26093,19702675,30
26094,19702675,20
26095,19702675,20
26096,19702675,20
26097,19702675,20
26098,19702675,10
26099,19702675,20
26100,19702675,30
26101,19702675,20
26102,19702675,10
26103,19702675,10
26104,19702675,20
26105,19702675,20
26106,19702675,20
26107,19702675,30
26108,19702675,10
26109,19702675,40
26110,19702675,40
26111,19702675,60
26112,19702675,20
26113,19702675,50
26114,19702675,40
26115,1586,500000
26116,876233,7940
26117,19702675,30
26118,1586,500000
26119,876233,7870
26120,1586,500000
26121,19702675,40
26122,19702675,20
26123,19702675,150
26124,19702675,10
26125,19702675,10
26126,19702675,40
26127,19702675,60
26128,1586,500000
26129,19702675,50
26130,76016952,0
26131,19702675,10
26132,19702675,20
26133,19702675,30
26134,1586,500000
26135,876233,11700
26136,19702675,30
26137,19702675,20
26138,19702675,20
26139,19702675,30
26140,1586,500000
26141,19702675,10
26142,19702675,10
26143,19702675,30
26144,19702675,20
26145,19702675,110
26146,1586,500000
26147,19702675,20
26148,19702675,20
26149,19702675,70
26150,19702675,10
26151,19702675,40
26152,19702675,40
26153,1586,500000
26154,19702675,50
26155,1586,500000
26156,19702675,40
26157,19702675,20
26158,19702675,110
26159,19702675,20
26160,19702675,30
26161,19702675,40
26162,19702675,10
26163,19702675,30
26164,19702675,10
26165,19702675,20
26166,19702675,10
26167,19702675,10
26168,19702675,20
26169,19702675,40
26170,19702675,20
26171,19702675,10
26172,19702675,10
26173,19702675,70
26174,19702675,10
26175,19702675,70
26176,19702675,70
26177,876233,13680
26178,19702675,30
26179,19702675,10
26180,19702675,40
26181,876233,10800
26182,19702675,30
26183,19702675,20
26184,19702675,50
26185,19702675,80
26186,19702675,20
26187,19702675,10
26188,19702675,50
26189,19702675,70
26190,19702675,40
26191,19702675,10
26192,19702675,110
26193,19702675,20
26194,19702675,30
26195,19702675,30
26196,19702675,30
26197,19702675,10
26198,19702675,20
26199,1586,500000
26200,76016952,0
26201,876233,7850
26202,1586,500000
26203,19702675,10
26204,19702675,50
26205,1586,500000
26206,19702675,60
26207,19702675,20
26208,19702675,10
26209,19702675,30
26210,19702675,30
26211,19702675,20
26212,19702675,20
26213,19702675,40
26214,19702675,10
26215,19702675,20
26216,19702675,40
26217,19702675,20
26218,19702675,10
26219,19702675,30
26220,19702675,30
26221,19702675,20
26222,76016952,0
26223,19702675,10
26224,19702675,10
26225,76016952,0
26226,19702675,30
26227,876233,12810
26228,19702675,50
26229,19702675,30
26230,19702675,60
26231,19702675,20
26232,19702675,20
26233,19702675,40
26234,19702675,30
26235,19702675,100
26236,19702675,30
26237,19702675,60
26238,19702675,30
26239,19702675,40
26240,19702675,20
26241,876233,8270
26242,876233,6630
26243,19702675,10
26244,19702675,10
26245,19702675,10
26246,19702675,20
26247,19702675,70
26248,19702675,40
26249,19702675,20
26250,19702675,30
26251,19702675,50
26252,19702675,20
26253,19702675,20
26254,76016952,0
26255,19702675,30
26256,19702675,20
26257,1586,500000
26258,1586,500000
26259,19702675,30
26260,19702675,20
26261,19702675,10
26262,19702675,30
26263,19702675,30
26264,19702675,50
26265,19702675,50
26266,19702675,30
26267,19702675,10
26268,19702675,10
26269,19702675,60
26270,19702675,30
26271,19702675,40
26272,19702675,20
26273,19702675,10
26274,19702675,20
26275,19702675,40
26276,19702675,10
26277,19702675,30
26278,19702675,20
26279,19702675,160
26280,19702675,30
26281,19702675,20
26282,19702675,20
26283,19702675,30
26284,19702675,150
26285,19702675,40
26286,76016952,0
26287,19702675,10
26288,876233,5970
26289,19702675,40
26290,19702675,20
26291,876233,7380
26292,19702675,20
26293,1586,500000
26294,19702675,20
26295,19702675,10
26296,19702675,20
26297,19702675,10
26298,876233,8740
26299,19702675,10
26300,19702675,10
26301,19702675,20
26302,19702675,10
26303,19702675,30
26304,19702675,20
26305,19702675,20
26306,19702675,20
26307,19702675,30
26308,19702675,10
26309,1586,500000
26310,19702675,10
26311,19702675,30
26312,19702675,40
26313,19702675,60
26314,19702675,40
26315,876233,7180
26316,19702675,30
26317,19702675,20
26318,1586,500000
26319,19702675,70
26320,19702675,20
26321,19702675,110
26322,19702675,30
26323,876233,12670
26324,19702675,60
26325,19702675,40
26326,19702675,40
26327,876233,12920
26328,19702675,10
26329,19702675,40
26330,19702675,20
26331,19702675,20
26332,19702675,150
26333,19702675,60
26334,19702675,20
26335,19702675,40
26336,19702675,10
26337,19702675,10
26338,19702675,10
26339,19702675,30
26340,19702675,50
26341,19702675,30
26342,19702675,80
26343,19702675,50
26344,19702675,30
26345,19702675,30
26346,19702675,20
26347,19702675,80
26348,19702675,30
26349,19702675,30
26350,19702675,10
26351,19702675,10
26352,19702675,10
26353,19702675,20
26354,19702675,30
26355,19702675,40
26356,1586,500000
26357,19702675,50
26358,19702675,70
26359,19702675,10
26360,19702675,150
26361,19702675,110
26362,19702675,10
26363,19702675,20
26364,19702675,30
26365,19702675,20
26366,19702675,40
26367,19702675,40
26368,19702675,20
26369,19702675,60
26370,19702675,20
26371,19702675,30
26372,19702675,40
26373,19702675,140
26374,19702675,10
26375,19702675,20
26376,19702675,40
26377,19702675,30
26378,19702675,40
26379,19702675,40
26380,19702675,40
26381,19702675,30
26382,19702675,50
26383,19702675,10
26384,19702675,210
26385,19702675,10
26386,19702675,20
26387,19702675,20
26388,19702675,30
26389,19702675,20
26390,19702675,10
26391,19702675,10
26392,19702675,110
26393,19702675,80
26394,19702675,20
26395,19702675,30
26396,19702675,10
26397,19702675,10
26398,19702675,20
26399,19702675,10
26400,19702675,40
26401,19702675,10
26402,19702675,30
26403,1586,500000
26404,19702675,30
26405,19702675,10
26406,19702675,10
26407,19702675,10
26408,19702675,20
26409,19702675,40
26410,19702675,30
26411,19702675,60
26412,19702675,70
26413,76016952,0
26414,876233,45620
26415,19702675,20
26416,1586,500000
26417,19702675,30
26418,876233,7110
26419,19702675,150
26420,19702675,20
26421,19702675,20
26422,19702675,20
26423,76016952,0
26424,19702675,30
26425,19702675,30
26426,19702675,80
26427,19702675,10
26428,19702675,40
26429,19702675,20
26430,19702675,60
26431,19702675,20
26432,1586,500000
26433,19702675,10
26434,19702675,80
26435,19702675,10
26436,19702675,190
26437,19702675,10
26438,19702675,10
26439,19702675,50
26440,19702675,10
26441,19702675,30
26442,19702675,30
26443,19702675,30
26444,19702675,30
26445,876233,10170
26446,19702675,80
26447,19702675,40
26448,19702675,140
26449,19702675,10
26450,19702675,50
26451,19702675,20
26452,19702675,50
26453,19702675,20
26454,19702675,40
26455,19702675,30
26456,19702675,50
26457,19702675,30
26458,19702675,60
26459,19702675,80
26460,19702675,80
26461,19702675,50
26462,876233,12430
26463,19702675,20
26464,19702675,150
26465,19702675,40
26466,19702675,20
26467,19702675,30
26468,19702675,30
26469,19702675,50
26470,76016952,0
26471,19702675,20
26472,19702675,10
26473,19702675,20
26474,19702675,110
26475,19702675,80
26476,19702675,10
26477,19702675,30
26478,19702675,10
26479,19702675,30
26480,19702675,40
26481,19702675,40
26482,19702675,40
26483,19702675,30
26484,19702675,60
26485,19702675,50
26486,1586,500000
26487,19702675,30
26488,19702675,20
26489,19702675,80
26490,19702675,40
26491,19702675,10
26492,19702675,20
26493,19702675,40
26494,19702675,20
26495,19702675,30
26496,1586,500000
26497,19702675,10
26498,19702675,40
26499,19702675,10
26500,19702675,40
26501,19702675,20
26502,19702675,10
26503,19702675,40
26504,19702675,50
26505,19702675,110
26506,19702675,150
26507,76016952,0
26508,19702675,80
26509,19702675,10
26510,19702675,10
26511,19702675,30
26512,1586,500000
26513,19702675,30
26514,19702675,10
26515,19702675,10
26516,19702675,20
26517,19702675,60
26518,19702675,110
26519,19702675,10
26520,19702675,20
26521,19702675,20
26522,19702675,20
26523,19702675,10
26524,19702675,10
26525,19702675,10
26526,19702675,10
26527,19702675,80
26528,19702675,20
26529,19702675,30
26530,19702675,60
26531,19702675,150
26532,19702675,30
26533,19702675,150
26534,19702675,30
26535,19702675,10
26536,19702675,150
26537,19702675,30
26538,19702675,40
26539,19702675,100
26540,19702675,10
26541,19702675,20
26542,19702675,40
26543,876233,8060
26544,19702675,30
26545,19702675,40
26546,19702675,40
26547,19702675,10
26548,19702675,50
26549,1586,500000
26550,876233,5830
26551,19702675,40
26552,19702675,20
26553,19702675,10
26554,19702675,40
26555,19702675,60
26556,19702675,20
26557,19702675,60
26558,19702675,50
26559,19702675,20
26560,19702675,10
26561,1586,500000
26562,19702675,40
26563,19702675,30
26564,19702675,40
26565,19702675,30
26566,19702675,10
26567,19702675,40
26568,1586,500000
26569,19702675,30
26570,19702675,30
26571,19702675,30
26572,19702675,20
26573,19702675,20
26574,19702675,30
26575,19702675,20
26576,19702675,10
26577,19702675,20
26578,19702675,30
26579,19702675,30
26580,1586,500000
26581,19702675,30
26582,19702675,10
26583,76016952,0
26584,19702675,30
26585,19702675,70
26586,19702675,40
26587,19702675,30
26588,19702675,10
26589,19702675,10
26590,19702675,10
26591,19702675,50
26592,1586,500000
26593,19702675,60
26594,19702675,50
26595,19702675,30
26596,19702675,10
26597,19702675,10
26598,19702675,30
26599,19702675,20
26600,19702675,10
26601,19702675,40
26602,19702675,30
26603,19702675,10
26604,19702675,20
26605,19702675,30
26606,19702675,20
26607,1586,500000
26608,19702675,80
26609,1586,500000
26610,19702675,10
26611,19702675,90
26612,19702675,30
26613,19702675,50
26614,19702675,40
26615,76016952,0
26616,19702675,20
26617,19702675,20
26618,19702675,40
26619,19702675,60
26620,19702675,10
26621,19702675,20
26622,19702675,30
26623,19702675,30
26624,1586,500000
26625,19702675,20
26626,19702675,20
26627,19702675,10
26628,19702675,110
26629,19702675,30
26630,76016952,0
26631,19702675,30
26632,1586,500000
26633,19702675,20
26634,1586,500000
26635,19702675,30
26636,876233,6380
26637,19702675,20
26638,19702675,10
26639,19702675,80
26640,19702675,20
26641,19702675,50
26642,1586,500000
26643,1586,500000
26644,19702675,10
26645,19702675,20
26646,19702675,30
26647,19702675,20
26648,19702675,40
26649,19702675,10
26650,19702675,20
26651,876233,8590
26652,19702675,10
26653,19702675,30
26654,19702675,20
26655,19702675,30
26656,19702675,40
26657,19702675,20
26658,19702675,20
26659,19702675,30
26660,876233,10810
26661,19702675,20
26662,19702675,30
26663,19702675,40
26664,19702675,50
26665,76016952,0
26666,19702675,30
26667,19702675,10
26668,19702675,30
26669,1586,500000
26670,19702675,40
26671,876233,6510
26672,19702675,40
26673,19702675,60
26674,876233,10130
26675,19702675,50
26676,19702675,10
26677,19702675,120
26678,19702675,20
26679,19702675,60
26680,19702675,50
26681,19702675,10
26682,19702675,50
26683,19702675,10
26684,19702675,20
26685,19702675,30
26686,19702675,20
26687,19702675,40
26688,1586,500000
26689,19702675,20
26690,19702675,40
26691,19702675,30
26692,876233,7870
26693,876233,112090
26694,19702675,20
26695,19702675,10
26696,19702675,20
26697,19702675,40
26698,19702675,10
26699,19702675,20
26700,19702675,20
26701,19702675,30
26702,19702675,40
26703,19702675,10
26704,19702675,20
26705,19702675,20
26706,19702675,20
26707,19702675,10
26708,19702675,40
26709,19702675,50
26710,19702675,10
26711,19702675,20
26712,19702675,10
26713,1586,500000
26714,1586,500000
26715,19702675,20
26716,19702675,30
26717,876233,6550
26718,19702675,60
26719,19702675,60
26720,19702675,40
26721,19702675,40
26722,19702675,20
26723,19702675,100
26724,19702675,30
26725,19702675,30
26726,19702675,40
26727,19702675,40
26728,876233,6760
26729,19702675,40
26730,19702675,20
26731,19702675,20
26732,19702675,40
26733,19702675,10
26734,19702675,10
26735,19702675,50
26736,19702675,20
26737,19702675,20
26738,19702675,20
26739,19702675,30
26740,19702675,20
26741,19702675,10
26742,19702675,40
26743,19702675,90
26744,19702675,30
26745,1586,500000
26746,19702675,10
26747,19702675,40
26748,19702675,40
26749,1586,500000
26750,19702675,40
26751,876233,9340
26752,19702675,20
26753,876233,8610
26754,19702675,50
26755,19702675,50
26756,19702675,50
26757,19702675,10
26758,19702675,40
26759,19702675,30
26760,19702675,50
26761,19702675,70
26762,876233,8250
26763,19702675,20
26764,19702675,40
26765,876233,9390
26766,19702675,50
26767,19702675,60
26768,19702675,60
26769,19702675,20
26770,876233,9220
26771,876233,26380
26772,876233,4880
26773,19702675,150
26774,19702675,40
26775,19702675,20
26776,19702675,10
26777,876233,9670
26778,19702675,10
26779,19702675,10
26780,1586,500000
26781,19702675,50
26782,19702675,30
26783,19702675,30
26784,19702675,30
26785,19702675,110
26786,19702675,10
26787,19702675,20
26788,19702675,20
26789,19702675,70
26790,19702675,40
26791,19702675,40
26792,19702675,40
26793,76016952,0
26794,19702675,10
26795,19702675,10
26796,19702675,10
26797,19702675,30
26798,1586,500000
26799,19702675,20
26800,19702675,20
26801,19702675,20
26802,19702675,30
26803,19702675,30
26804,19702675,50
26805,19702675,10
26806,19702675,20
26807,19702675,40
26808,19702675,10
26809,19702675,70
26810,19702675,150
26811,19702675,30
26812,19702675,20
26813,19702675,30
26814,19702675,40
26815,19702675,10
26816,19702675,150
26817,19702675,10
26818,19702675,20
26819,19702675,30
26820,19702675,10
26821,19702675,20
26822,19702675,30
26823,1586,500000
26824,19702675,30
26825,19702675,30
26826,19702675,10
26827,19702675,30
26828,19702675,20
26829,19702675,30
26830,19702675,10
26831,76016952,0
26832,876233,6150
26833,19702675,50
26834,19702675,30
26835,19702675,30
26836,1586,500000
26837,19702675,20
26838,19702675,40
26839,19702675,20
26840,19702675,20
26841,19702675,30
26842,19702675,20
26843,19702675,10
26844,19702675,30
26845,19702675,20
26846,19702675,40
26847,19702675,20
26848,19702675,10
26849,19702675,30
26850,19702675,20
26851,19702675,20
26852,19702675,30
26853,19702675,20
26854,19702675,30
26855,19702675,50
26856,1586,500000
26857,19702675,70
26858,19702675,10
26859,19702675,50
26860,19702675,110
26861,1586,500000
26862,19702675,90
26863,19702675,10
26864,19702675,20
26865,19702675,20
26866,19702675,40
26867,19702675,10
26868,19702675,10
26869,19702675,40
26870,19702675,10
26871,19702675,80
26872,19702675,30
26873,19702675,50
26874,19702675,10
26875,19702675,110
26876,19702675,10
26877,19702675,20
26878,19702675,30
26879,19702675,30
26880,19702675,50
26881,19702675,10
26882,76016952,0
26883,19702675,10
26884,19702675,30
26885,19702675,40
26886,19702675,110
26887,19702675,30
26888,1586,500000
26889,19702675,50
26890,876233,8520
26891,19702675,20
26892,19702675,10
26893,19702675,30
26894,876233,9400
26895,19702675,50
26896,19702675,40
26897,76016952,0
26898,19702675,30
26899,19702675,80
26900,19702675,50
26901,19702675,10
26902,19702675,30
26903,19702675,40
26904,19702675,10
26905,19702675,10
26906,19702675,30
26907,19702675,20
26908,19702675,30
26909,1586,500000
26910,19702675,20
26911,19702675,10
26912,1586,500000
26913,19702675,20
26914,19702675,20
26915,876233,11390
26916,1586,500000
26917,1586,500000
26918,19702675,20
26919,19702675,50
26920,876233,6560
26921,19702675,150
26922,19702675,10
26923,19702675,10
26924,19702675,20
26925,19702675,30
26926,1586,500000
26927,876233,7290
26928,19702675,10
26929,19702675,20
26930,1586,500000
26931,19702675,10
26932,19702675,20
26933,876233,9960
26934,19702675,60
26935,19702675,90
26936,19702675,30
26937,1586,500000
26938,19702675,20
26939,19702675,70
26940,19702675,10
26941,19702675,10
26942,19702675,10
26943,19702675,30
26944,19702675,40
26945,19702675,30
26946,19702675,60
26947,19702675,30
26948,19702675,20
26949,19702675,50
26950,19702675,10
26951,19702675,10
26952,19702675,10
26953,19702675,20
26954,19702675,30
26955,19702675,30
26956,19702675,10
26957,19702675,20
26958,19702675,110
26959,19702675,20
26960,876233,6910
26961,19702675,90
26962,19702675,70
26963,19702675,20
26964,19702675,20
26965,19702675,30
26966,1586,500000
26967,76016952,0
26968,876233,30990
26969,19702675,210
26970,876233,19520
26971,19702675,10
26972,19702675,20
26973,19702675,20
26974,19702675,40
26975,19702675,80
26976,19702675,60
26977,1586,500000
26978,19702675,30
26979,19702675,50
26980,19702675,150
26981,19702675,30
26982,19702675,20
26983,19702675,60
26984,19702675,20
26985,19702675,60
26986,19702675,50
26987,19702675,10
26988,19702675,40
26989,19702675,110
26990,19702675,10
26991,19702675,40
26992,19702675,40
26993,19702675,20
26994,1586,500000
26995,19702675,40
26996,19702675,110
26997,19702675,30
26998,19702675,10
26999,19702675,30
27000,19702675,10
27001,19702675,20
27002,19702675,110
27003,19702675,10
27004,19702675,50
27005,19702675,20
27006,19702675,60
27007,19702675,10
27008,19702675,20
27009,19702675,20
27010,19702675,20
27011,876233,5420
27012,19702675,10
27013,19702675,20
27014,19702675,60
27015,19702675,30
27016,19702675,60
27017,19702675,120
27018,1586,500000
27019,19702675,40
27020,19702675,40
27021,19702675,30
27022,19702675,20
27023,19702675,60
27024,876233,14400
27025,19702675,10
27026,19702675,150
27027,19702675,20
27028,19702675,10
27029,19702675,20
27030,19702675,20
27031,19702675,20
27032,19702675,30
27033,19702675,60
27034,19702675,20
27035,19702675,30
27036,19702675,60
27037,19702675,40
27038,19702675,40
27039,19702675,20
27040,876233,10380
27041,19702675,10
27042,19702675,30
27043,19702675,30
27044,876233,9360
27045,19702675,20
27046,19702675,30
27047,19702675,10
27048,19702675,10
27049,19702675,70
27050,19702675,20
27051,19702675,40
27052,1586,500000
27053,19702675,20
27054,19702675,50
27055,19702675,10
27056,19702675,30
27057,19702675,30
27058,19702675,10
27059,19702675,50
27060,19702675,10
27061,19702675,60
27062,19702675,30
27063,19702675,10
27064,1586,500000
27065,19702675,10
27066,19702675,20
27067,19702675,30
27068,19702675,50
27069,19702675,30
27070,19702675,10
27071,19702675,40
27072,876233,12040
27073,1586,500000
27074,19702675,150
27075,19702675,20
27076,19702675,50
27077,19702675,20
27078,19702675,20
27079,876233,8070
27080,1586,500000
27081,19702675,10
27082,19702675,70
27083,19702675,10
27084,19702675,30
27085,19702675,10
27086,19702675,40
27087,19702675,30
27088,19702675,10
27089,19702675,20
27090,19702675,20
27091,19702675,30
27092,19702675,10
27093,19702675,10
27094,19702675,70
27095,19702675,30
27096,19702675,30
27097,19702675,10
27098,19702675,20
27099,19702675,20
27100,19702675,10
27101,19702675,10
27102,19702675,40
27103,19702675,60
27104,19702675,40
27105,19702675,10
27106,19702675,40
27107,19702675,20
27108,19702675,150
27109,19702675,150
27110,19702675,60
27111,19702675,30
27112,19702675,30
27113,19702675,60
27114,19702675,20
27115,1586,500000
27116,19702675,30
27117,1586,500000
27118,19702675,30
27119,19702675,10
27120,19702675,10
27121,19702675,20
27122,19702675,40
27123,19702675,10
27124,19702675,20
27125,19702675,10
27126,19702675,30
27127,19702675,40
27128,19702675,70
27129,1586,500000
27130,19702675,10
27131,19702675,10
27132,19702675,40
27133,19702675,20
27134,19702675,10
27135,19702675,30
27136,19702675,70
27137,19702675,150
27138,19702675,10
27139,19702675,30
27140,1586,500000
27141,19702675,30
27142,19702675,10
27143,19702675,10
27144,19702675,20
27145,19702675,30
27146,19702675,40
27147,76016952,0
27148,19702675,30
27149,19702675,10
27150,19702675,30
27151,19702675,70
27152,19702675,20
27153,19702675,30
27154,876233,5290
27155,1586,500000
27156,19702675,40
27157,19702675,50
27158,19702675,30
27159,19702675,150
27160,876233,8340
27161,19702675,50
27162,19702675,40
27163,19702675,10
27164,19702675,10
27165,19702675,30
27166,876233,6320
27167,19702675,20
27168,19702675,40
27169,19702675,10
27170,19702675,20
27171,19702675,20
27172,19702675,30
27173,19702675,10
27174,19702675,10
27175,876233,20120
27176,19702675,10
27177,19702675,150
27178,76016952,0
27179,19702675,150
27180,19702675,50
27181,19702675,20
27182,19702675,70
27183,76016952,0
27184,19702675,20
27185,19702675,30
27186,19702675,10
27187,19702675,10
27188,19702675,40
27189,19702675,30
27190,19702675,20
27191,19702675,10
27192,19702675,60
27193,19702675,30
27194,19702675,20
27195,19702675,10
27196,19702675,10
27197,19702675,50
27198,19702675,60
27199,19702675,40
27200,19702675,20
27201,19702675,20
27202,19702675,60
27203,19702675,20
27204,19702675,30
27205,1586,500000
27206,19702675,30
27207,19702675,20
27208,19702675,10
27209,1586,500000
27210,19702675,10
27211,19702675,60
27212,19702675,10
27213,19702675,70
27214,19702675,30
27215,19702675,10
27216,19702675,30
27217,19702675,20
27218,19702675,30
27219,19702675,20
27220,1586,500000
27221,19702675,30
27222,19702675,20
27223,19702675,20
27224,19702675,20
27225,1586,500000
27226,19702675,20
27227,19702675,210
27228,19702675,40
27229,19702675,40
27230,19702675,30
27231,1586,500000
27232,19702675,30
27233,19702675,10
27234,19702675,20
27235,19702675,10
27236,19702675,30
27237,19702675,30
27238,19702675,10
27239,19702675,10
27240,19702675,20
27241,19702675,70
27242,19702675,10
27243,1586,500000
27244,19702675,30
27245,1586,500000
27246,19702675,30
27247,19702675,40
27248,19702675,10
27249,19702675,50
27250,876233,7270
27251,19702675,150
27252,19702675,30
27253,19702675,50
27254,19702675,20
27255,1586,500000
27256,19702675,30
27257,19702675,10
27258,19702675,40
27259,876233,11720
27260,19702675,30
27261,19702675,50
27262,1586,500000
27263,19702675,30
27264,19702675,10
27265,19702675,50
27266,19702675,40
27267,876233,7610
27268,19702675,10
27269,19702675,10
27270,19702675,10
27271,19702675,20
27272,19702675,50
27273,19702675,20
27274,19702675,10
27275,19702675,30
27276,19702675,40
27277,19702675,10
27278,19702675,80
27279,876233,8160
27280,19702675,10
27281,19702675,20
27282,19702675,70
27283,19702675,40
27284,19702675,70
27285,876233,6470
27286,19702675,20
27287,19702675,50
27288,1586,500000
27289,19702675,30
27290,876233,6420
27291,19702675,10
27292,19702675,50
27293,876233,8550
27294,19702675,30
27295,19702675,70
27296,19702675,210
27297,19702675,20
27298,19702675,20
27299,19702675,50
27300,19702675,150
27301,19702675,10
27302,876233,9310
27303,19702675,30
27304,876233,6590
27305,19702675,20
27306,19702675,10
27307,19702675,10
27308,876233,10780
27309,19702675,60
27310,19702675,100
27311,19702675,10
27312,19702675,10
27313,19702675,20
27314,19702675,10
27315,19702675,30
27316,19702675,210
27317,19702675,30
27318,19702675,30
27319,1586,500000
27320,19702675,70
27321,19702675,40
27322,19702675,20
27323,19702675,50
27324,19702675,10
27325,19702675,40
27326,19702675,20
27327,876233,7340
27328,19702675,30
27329,1586,500000
27330,19702675,20
27331,19702675,30
27332,19702675,10
27333,1586,500000
27334,19702675,30
27335,19702675,20
27336,19702675,60
27337,19702675,30
27338,19702675,30
27339,19702675,10
27340,19702675,110
27341,19702675,60
27342,876233,8100
27343,1586,500000
27344,1586,500000
27345,19702675,40
27346,19702675,60
27347,19702675,20
27348,19702675,30
27349,19702675,30
27350,1586,500000
27351,19702675,20
27352,1586,500000
27353,19702675,20
27354,19702675,80
27355,19702675,10
27356,19702675,70
27357,19702675,10
27358,19702675,30
27359,19702675,40
27360,19702675,30
27361,19702675,30
27362,19702675,30
27363,19702675,50
27364,19702675,20
27365,19702675,20
27366,19702675,60
27367,19702675,150
27368,19702675,20
27369,19702675,30
27370,19702675,10
27371,19702675,30
27372,876233,8460
27373,76016952,0
27374,19702675,150
27375,19702675,30
27376,19702675,20
27377,19702675,20
27378,19702675,10
27379,19702675,20
27380,19702675,20
27381,876233,6460
27382,19702675,40
27383,19702675,60
27384,19702675,20
27385,19702675,10
27386,19702675,10
27387,19702675,30
27388,19702675,30
27389,19702675,30
27390,19702675,30
27391,1586,500000
27392,19702675,20
27393,19702675,10
27394,19702675,10
27395,19702675,10
27396,876233,16210
27397,19702675,20
27398,1586,500000
27399,19702675,10
27400,19702675,40
27401,19702675,10
27402,76016952,0
27403,19702675,20
27404,19702675,10
27405,19702675,70
27406,19702675,30
27407,1586,500000
27408,19702675,30
27409,19702675,10
27410,19702675,40
27411,876233,7470
27412,19702675,80
27413,19702675,50
27414,19702675,30
27415,19702675,80
27416,19702675,10
27417,19702675,30
27418,19702675,30
27419,19702675,50
27420,19702675,30
27421,19702675,60
27422,19702675,50
27423,19702675,30
27424,19702675,40
27425,19702675,50
27426,19702675,110
27427,19702675,40
27428,19702675,30
27429,19702675,10
27430,19702675,30
27431,19702675,10
27432,19702675,40
27433,19702675,60
27434,19702675,20
27435,19702675,110
27436,19702675,70
27437,19702675,30
27438,876233,7020
27439,1586,500000
27440,19702675,60
27441,876233,12430
27442,19702675,30
27443,19702675,70
27444,19702675,30
27445,19702675,20
27446,19702675,10
27447,19702675,30
27448,19702675,10
27449,19702675,30
27450,19702675,40
27451,19702675,10
27452,19702675,40
27453,19702675,30
27454,19702675,10
27455,19702675,10
27456,19702675,20
27457,19702675,40
27458,19702675,100
27459,19702675,10
27460,19702675,80
27461,19702675,50
27462,19702675,10
27463,19702675,50
27464,19702675,10
27465,19702675,60
27466,19702675,30
27467,19702675,50
27468,876233,4710
27469,19702675,10
27470,19702675,20
27471,19702675,20
27472,19702675,50
27473,19702675,30
27474,19702675,10
27475,19702675,30
27476,19702675,10
27477,1586,500000
27478,19702675,20
27479,19702675,10
27480,19702675,80
27481,19702675,20
27482,19702675,40
27483,19702675,60
27484,19702675,30
27485,1586,500000
27486,19702675,20
27487,1586,500000
27488,19702675,20
27489,19702675,20
27490,19702675,10
27491,19702675,30
27492,19702675,10
27493,19702675,40
27494,19702675,30
27495,19702675,100
27496,19702675,160
27497,19702675,10
27498,19702675,20
27499,1586,500000
27500,19702675,10
27501,19702675,80
27502,19702675,20
27503,19702675,60
27504,19702675,10
27505,19702675,30
27506,19702675,90
27507,19702675,30
27508,19702675,20
27509,1586,500000
27510,19702675,30
27511,19702675,30
27512,876233,19250
27513,19702675,30
27514,876233,15140
27515,19702675,20
27516,1586,500000
27517,19702675,30
27518,1586,500000
27519,19702675,40
27520,19702675,80
27521,19702675,50
27522,19702675,30
27523,19702675,10
27524,19702675,10
27525,19702675,30
27526,19702675,20
27527,19702675,20
27528,19702675,30
27529,19702675,90
27530,19702675,20
27531,19702675,50
27532,19702675,30
27533,19702675,90
27534,19702675,10
27535,19702675,20
27536,19702675,40
27537,19702675,30
27538,19702675,30
27539,19702675,40
27540,19702675,30
27541,19702675,40
27542,19702675,10
27543,19702675,110
27544,19702675,80
27545,19702675,60
27546,19702675,30
27547,19702675,20
27548,19702675,110
27549,19702675,20
27550,19702675,60
27551,19702675,20
27552,19702675,60
27553,19702675,20
27554,19702675,30
27555,19702675,30
27556,19702675,60
27557,76016952,0
27558,19702675,40
27559,19702675,70
27560,19702675,20
27561,19702675,150
27562,19702675,60
27563,876233,8380
27564,19702675,120
27565,876233,5960
27566,76016952,0
27567,1586,500000
27568,19702675,10
27569,19702675,30
27570,19702675,30
27571,19702675,110
27572,19702675,40
27573,19702675,80
27574,19702675,10
27575,19702675,30
27576,19702675,10
27577,19702675,110
27578,19702675,60
27579,19702675,10
27580,19702675,10
27581,876233,4650
27582,19702675,20
27583,19702675,10
27584,19702675,110
27585,1586,500000
27586,19702675,10
27587,76016952,0
27588,876233,11360
27589,19702675,40
27590,19702675,30
27591,19702675,40
27592,19702675,150
27593,19702675,230
27594,876233,6820
27595,876233,11450
27596,19702675,20
27597,19702675,40
27598,19702675,50
27599,876233,5940
27600,19702675,20
27601,19702675,70
27602,19702675,50
27603,19702675,30
27604,19702675,40
27605,19702675,10
27606,19702675,20
27607,19702675,110
27608,1586,500000
27609,19702675,50
27610,19702675,10
27611,19702675,30
27612,19702675,20
27613,1586,500000
27614,19702675,80
27615,19702675,30
27616,19702675,30
27617,19702675,60
27618,19702675,80
27619,19702675,30
27620,19702675,30
27621,19702675,60
27622,19702675,20
27623,19702675,20
27624,19702675,10
27625,19702675,20
27626,19702675,20
27627,1586,500000
27628,19702675,20
27629,19702675,30
27630,876233,7270
27631,19702675,10
27632,19702675,10
27633,876233,7390
27634,19702675,110
27635,19702675,20
27636,1586,500000
27637,76016952,0
27638,1586,500000
27639,1586,500000
27640,19702675,20
27641,19702675,20
27642,19702675,20
27643,19702675,60
27644,19702675,40
27645,19702675,20
27646,19702675,40
27647,19702675,10
27648,19702675,10
27649,19702675,50
27650,19702675,80
27651,19702675,40
27652,19702675,30
27653,19702675,40
27654,19702675,40
27655,19702675,30
27656,19702675,10
27657,876233,8400
27658,19702675,80
27659,19702675,10
27660,19702675,30
27661,19702675,30
27662,876233,7230
27663,19702675,40
27664,19702675,40
27665,19702675,60
27666,19702675,70
27667,19702675,30
27668,19702675,10
27669,19702675,80
27670,19702675,20
27671,1586,500000
27672,1586,500000
27673,19702675,10
27674,19702675,140
27675,19702675,30
27676,19702675,10
27677,876233,14020
27678,19702675,30
27679,19702675,30
27680,19702675,30
27681,19702675,70
27682,19702675,20
27683,19702675,20
27684,19702675,40
27685,19702675,10
27686,19702675,20
27687,19702675,20
27688,19702675,10
27689,19702675,20
27690,19702675,10
27691,19702675,90
27692,1586,500000
27693,19702675,30
27694,19702675,110
27695,1586,500000
27696,19702675,50
27697,19702675,50
27698,19702675,10
27699,19702675,30
27700,19702675,20
27701,19702675,10
27702,19702675,40
27703,19702675,30
27704,19702675,10
27705,1586,500000
27706,1586,500000
27707,19702675,40
27708,19702675,10
27709,19702675,30
27710,19702675,20
27711,19702675,60
27712,19702675,20
27713,19702675,70
27714,19702675,10
27715,19702675,10
27716,1586,500000
27717,19702675,20
27718,1586,500000
27719,19702675,60
27720,876233,7480
27721,19702675,10
27722,19702675,30
27723,19702675,70
27724,19702675,10
27725,19702675,30
27726,19702675,50
27727,1586,500000
27728,19702675,60
27729,19702675,30
27730,19702675,20
27731,19702675,10
27732,19702675,20
27733,19702675,50
27734,19702675,10
27735,19702675,10
27736,19702675,10
27737,19702675,30
27738,19702675,20
27739,19702675,40
27740,19702675,10
27741,19702675,90
27742,876233,8280
27743,19702675,20
27744,19702675,10
27745,19702675,60
27746,19702675,30
27747,19702675,20
27748,19702675,10
27749,19702675,30
27750,19702675,20
27751,19702675,150
27752,19702675,40
27753,876233,12810
27754,19702675,10
27755,19702675,40
27756,19702675,30
27757,19702675,10
27758,19702675,30
27759,19702675,10
27760,19702675,30
27761,19702675,20
27762,876233,7090
27763,876233,10850
27764,19702675,10
27765,19702675,10
27766,19702675,10
27767,19702675,20
27768,19702675,10
27769,19702675,40
27770,19702675,20
27771,19702675,30
27772,19702675,10
27773,876233,10720
27774,19702675,30
27775,876233,4930
27776,19702675,40
27777,19702675,20
27778,19702675,70
27779,19702675,50
27780,19702675,20
27781,19702675,30
27782,19702675,20
27783,19702675,30
27784,19702675,20
27785,19702675,30
27786,19702675,10
27787,19702675,40
27788,19702675,30
27789,19702675,20
27790,19702675,60
27791,76016952,0
27792,19702675,10
27793,19702675,30
27794,19702675,10
27795,19702675,50
27796,19702675,60
27797,19702675,20
27798,19702675,60
27799,19702675,30
27800,19702675,30
27801,1586,500000
27802,19702675,10
27803,19702675,40
27804,19702675,10
27805,19702675,150
27806,19702675,20
27807,19702675,30
27808,1586,500000
27809,19702675,30
27810,19702675,30
27811,19702675,30
27812,1586,500000
27813,19702675,40
27814,19702675,20
27815,19702675,20
27816,19702675,50
27817,19702675,50
27818,19702675,40
27819,19702675,40
27820,19702675,20
27821,19702675,30
27822,19702675,10
27823,19702675,10
27824,19702675,70
27825,19702675,150
27826,19702675,60
27827,19702675,20
27828,876233,10300
27829,19702675,50
27830,19702675,30
27831,19702675,10
27832,19702675,40
27833,19702675,30
27834,19702675,10
27835,19702675,30
27836,19702675,20
27837,19702675,50
27838,19702675,50
27839,19702675,20
27840,19702675,20
27841,19702675,30
27842,19702675,60
27843,19702675,40
27844,19702675,40
27845,19702675,20
27846,19702675,20
27847,19702675,10
27848,19702675,20
27849,19702675,70
27850,19702675,70
27851,19702675,40
27852,876233,11190
27853,19702675,40
27854,19702675,30
27855,19702675,10
27856,19702675,20
27857,876233,9630
27858,19702675,40
27859,19702675,30
27860,19702675,60
27861,19702675,30
27862,1586,500000
27863,19702675,30
27864,19702675,10
27865,19702675,70
27866,1586,500000
27867,19702675,30
27868,76016952,0
27869,19702675,40
27870,19702675,70
27871,19702675,40
27872,19702675,70
27873,19702675,30
27874,19702675,10
27875,19702675,50
27876,19702675,20
27877,19702675,10
27878,19702675,10
27879,19702675,20
27880,19702675,40
27881,19702675,30
27882,19702675,30
27883,19702675,10
27884,19702675,40
27885,19702675,30
27886,19702675,40
27887,19702675,20
27888,19702675,150
27889,19702675,30
27890,19702675,10
27891,19702675,10
27892,19702675,10
27893,19702675,30
27894,1586,500000
27895,19702675,20
27896,19702675,20
27897,19702675,50
27898,19702675,20
27899,19702675,20
27900,19702675,80
27901,19702675,50
27902,19702675,30
27903,19702675,60
27904,1586,500000
27905,19702675,30
27906,19702675,20
27907,19702675,20
27908,19702675,10
27909,19702675,20
27910,19702675,70
27911,19702675,30
27912,876233,8700
27913,1586,500000
27914,19702675,20
27915,19702675,30
27916,19702675,30
27917,19702675,20
27918,876233,6840
27919,1586,500000
27920,19702675,10
27921,19702675,20
27922,19702675,40
27923,19702675,30
27924,19702675,30
27925,19702675,50
27926,19702675,20
27927,19702675,50
27928,19702675,40
27929,19702675,30
27930,19702675,20
27931,19702675,10
27932,19702675,20
27933,19702675,30
27934,19702675,40
27935,19702675,20
27936,19702675,150
27937,19702675,40
27938,19702675,20
27939,876233,9510
27940,19702675,30
27941,19702675,20
27942,19702675,50
27943,19702675,20
27944,19702675,30
27945,19702675,20
27946,19702675,30
27947,876233,9230
27948,19702675,10
27949,19702675,10
27950,19702675,80
27951,19702675,20
27952,19702675,20
27953,19702675,150
27954,19702675,60
27955,19702675,10
27956,1586,500000
27957,19702675,60
27958,19702675,20
27959,1586,500000
27960,19702675,10
27961,19702675,150
27962,19702675,50
27963,19702675,10
27964,19702675,20
27965,19702675,10
27966,19702675,50
27967,19702675,20
27968,19702675,150
27969,19702675,10
27970,19702675,20
27971,19702675,20
27972,19702675,40
27973,19702675,30
27974,19702675,10
27975,19702675,10
27976,19702675,30
27977,19702675,20
27978,19702675,30
27979,19702675,20
27980,19702675,10
27981,19702675,20
27982,1586,500000
27983,19702675,20
27984,19702675,40
27985,19702675,20
27986,19702675,20
27987,19702675,60
27988,19702675,10
27989,19702675,60
27990,19702675,10
27991,19702675,30
27992,19702675,20
27993,19702675,40
27994,19702675,10
27995,19702675,40
27996,19702675,30
27997,19702675,80
27998,19702675,10
27999,19702675,50
28000,19702675,10
28001,76016952,0
28002,19702675,70
28003,19702675,10
28004,19702675,60
28005,19702675,30
28006,876233,8820
28007,19702675,30
28008,19702675,30
28009,19702675,20
28010,19702675,20
28011,19702675,40
28012,19702675,30
28013,1586,500000
28014,19702675,30
28015,19702675,40
28016,19702675,80
28017,1586,500000
28018,19702675,50
28019,19702675,20
28020,19702675,60
28021,19702675,20
28022,19702675,110
28023,19702675,80
28024,19702675,30
28025,19702675,50
28026,19702675,10
28027,19702675,10
28028,19702675,20
28029,19702675,20
28030,19702675,30
28031,19702675,50
28032,19702675,10
28033,19702675,30
28034,19702675,30
28035,19702675,40
28036,1586,500000
28037,19702675,10
28038,19702675,20
28039,19702675,140
28040,19702675,30
28041,19702675,60
28042,19702675,80
28043,19702675,30
28044,19702675,10
28045,19702675,20
28046,19702675,40
28047,1586,500000
28048,19702675,30
28049,19702675,10
28050,76016952,0
28051,19702675,10
28052,19702675,40
28053,19702675,10
28054,19702675,20
28055,19702675,20
28056,19702675,30
28057,19702675,30
28058,19702675,20
28059,19702675,30
28060,19702675,50
28061,1586,500000
28062,876233,13850
28063,19702675,30
28064,19702675,10
28065,19702675,10
28066,19702675,80
28067,19702675,10
28068,19702675,20
28069,19702675,20
28070,19702675,20
28071,19702675,30
28072,19702675,40
28073,19702675,10
28074,19702675,10
28075,19702675,50
28076,19702675,50
28077,19702675,60
28078,19702675,50
28079,19702675,40
28080,19702675,30
28081,19702675,10
28082,19702675,10
28083,19702675,20
28084,19702675,50
28085,19702675,20
28086,876233,11450
28087,19702675,30
28088,19702675,30
28089,876233,5650
28090,19702675,30
28091,19702675,50
28092,19702675,20
28093,19702675,80
28094,19702675,30
28095,19702675,20
28096,19702675,50
28097,19702675,20
28098,19702675,60
28099,1586,500000
28100,19702675,30
28101,19702675,20
28102,19702675,50
28103,19702675,20
28104,19702675,20
28105,1586,500000
28106,1586,500000
28107,19702675,50
28108,1586,500000
28109,19702675,10
28110,19702675,20
28111,19702675,30
28112,19702675,30
28113,876233,13920
28114,19702675,30
28115,19702675,30
28116,76016952,0
28117,19702675,30
28118,876233,12420
28119,19702675,20
28120,1586,500000
28121,19702675,30
28122,19702675,20
28123,19702675,30
28124,19702675,60
28125,19702675,50
28126,19702675,30
28127,19702675,20
28128,19702675,10
28129,19702675,40
28130,19702675,10
28131,19702675,10
28132,19702675,30
28133,19702675,10
28134,19702675,20
28135,19702675,20
28136,19702675,10
28137,19702675,60
28138,19702675,30
28139,19702675,20
28140,19702675,20
28141,19702675,50
28142,876233,8670
28143,876233,12820
28144,19702675,30
28145,19702675,40
28146,19702675,50
28147,19702675,60
28148,19702675,20
28149,19702675,30
28150,19702675,20
28151,1586,500000
28152,19702675,30
28153,19702675,10
28154,19702675,60
28155,19702675,60
28156,19702675,20
28157,19702675,60
28158,19702675,10
28159,19702675,30
28160,19702675,40
28161,19702675,30
28162,19702675,60
28163,19702675,20
28164,19702675,30
28165,1586,500000
28166,19702675,40
28167,19702675,10
28168,19702675,10
28169,19702675,40
28170,19702675,20
28171,19702675,170
28172,19702675,10
28173,76016952,0
28174,1586,500000
28175,76016952,0
28176,19702675,40
28177,19702675,20
28178,19702675,10
28179,19702675,20
28180,1586,500000
28181,19702675,210
28182,876233,11840
28183,19702675,10
28184,19702675,30
28185,19702675,30
28186,19702675,30
28187,19702675,30
28188,19702675,30
28189,19702675,30
28190,19702675,70
28191,19702675,50
28192,19702675,10
28193,19702675,20
28194,19702675,20
28195,19702675,10
28196,19702675,30
28197,19702675,10
28198,19702675,10
28199,19702675,20
28200,1586,500000
28201,876233,8530
28202,19702675,20
28203,19702675,10
28204,19702675,10
28205,1586,500000
28206,19702675,20
28207,19702675,10
28208,876233,10660
28209,19702675,60
28210,19702675,40
28211,19702675,40
28212,19702675,20
28213,76016952,0
28214,19702675,30
28215,1586,500000
28216,19702675,10
28217,19702675,40
28218,76016952,0
28219,19702675,30
28220,19702675,30
28221,1586,500000
28222,19702675,30
28223,19702675,80
28224,19702675,30
28225,19702675,20
28226,1586,500000
28227,19702675,50
28228,19702675,50
28229,19702675,40
28230,19702675,80
28231,19702675,40
28232,19702675,10
28233,876233,15320
28234,19702675,30
28235,19702675,50
28236,19702675,80
28237,19702675,10
28238,19702675,70
28239,19702675,10
28240,19702675,10
28241,19702675,30
28242,19702675,110
28243,19702675,10
28244,19702675,10
28245,19702675,20
28246,19702675,110
28247,19702675,10
28248,19702675,20
28249,19702675,20
28250,19702675,20
28251,19702675,20
28252,19702675,10
28253,19702675,150
28254,19702675,70
28255,1586,500000
28256,19702675,10
28257,19702675,20
28258,19702675,150
28259,19702675,50
28260,19702675,20
28261,19702675,10
28262,19702675,10
28263,1586,500000
28264,76016952,0
28265,19702675,50
28266,19702675,10
28267,19702675,20
28268,19702675,10
28269,19702675,40
28270,19702675,30
28271,19702675,10
28272,19702675,20
28273,19702675,40
28274,19702675,60
28275,19702675,50
28276,19702675,50
28277,19702675,30
28278,19702675,20
28279,19702675,20
28280,19702675,20
28281,19702675,30
28282,19702675,210
28283,19702675,30
28284,19702675,60
28285,19702675,20
28286,19702675,30
28287,19702675,30
28288,876233,8120
28289,19702675,80
28290,876233,55600
28291,19702675,60
28292,19702675,10
28293,19702675,20
28294,19702675,10
28295,19702675,20
28296,19702675,10
28297,19702675,30
28298,19702675,120
28299,19702675,40
28300,19702675,20
28301,19702675,40
28302,19702675,90
28303,19702675,20
28304,19702675,20
28305,876233,5500
28306,19702675,30
28307,19702675,10
28308,19702675,20
28309,19702675,60
28310,19702675,50
28311,19702675,10
28312,19702675,30
28313,19702675,30
28314,19702675,20
28315,1586,500000
28316,19702675,40
28317,19702675,60
28318,19702675,40
28319,19702675,20
28320,19702675,10
28321,19702675,10
28322,19702675,20
28323,1586,500000
28324,19702675,20
28325,19702675,50
28326,19702675,40
28327,19702675,20
28328,19702675,10
28329,19702675,20
28330,19702675,50
28331,19702675,10
28332,19702675,20
28333,19702675,10
28334,19702675,40
28335,19702675,10
28336,19702675,30
28337,19702675,10
28338,19702675,40
28339,19702675,30
28340,876233,9660
28341,19702675,110
28342,19702675,10
28343,19702675,10
28344,1586,500000
28345,19702675,10
28346,1586,500000
28347,19702675,40
28348,19702675,10
28349,19702675,50
28350,19702675,10
28351,19702675,40
28352,19702675,40
28353,19702675,70
28354,19702675,40
28355,19702675,30
28356,19702675,10
28357,1586,500000
28358,19702675,110
28359,1586,500000
28360,19702675,40
28361,19702675,210
28362,1586,500000
28363,19702675,50
28364,19702675,10
28365,19702675,60
28366,19702675,20
28367,19702675,30
28368,19702675,50
28369,19702675,10
28370,1586,500000
28371,19702675,30
28372,19702675,20
28373,19702675,10
28374,19702675,10
28375,19702675,40
28376,19702675,30
28377,19702675,40
28378,19702675,20
28379,19702675,20
28380,19702675,40
28381,19702675,20
28382,19702675,10
28383,19702675,20
28384,19702675,20
28385,19702675,40
28386,19702675,30
28387,19702675,30
28388,19702675,30
28389,19702675,10
28390,19702675,10
28391,19702675,20
28392,76016952,0
28393,19702675,20
28394,19702675,20
28395,19702675,30
28396,19702675,10
28397,19702675,90
28398,19702675,80
28399,19702675,30
28400,19702675,50
28401,19702675,30
28402,19702675,60
28403,19702675,20
28404,19702675,30
28405,19702675,20
28406,19702675,80
28407,19702675,50
28408,19702675,60
28409,19702675,20
28410,1586,500000
28411,19702675,60
28412,19702675,20
28413,876233,7580
28414,1586,500000
28415,76016952,0
28416,19702675,20
28417,19702675,50
28418,19702675,30
28419,19702675,20
28420,1586,500000
28421,19702675,10
28422,19702675,10
28423,76016952,0
28424,19702675,30
28425,19702675,50
28426,19702675,60
28427,19702675,10
28428,19702675,10
28429,19702675,30
28430,19702675,60
28431,19702675,50
28432,19702675,20
28433,19702675,60
28434,876233,7030
28435,1586,500000
28436,19702675,20
28437,19702675,30
28438,19702675,20
28439,19702675,40
28440,19702675,110
28441,19702675,20
28442,19702675,10
28443,19702675,50
28444,19702675,150
28445,1586,500000
28446,19702675,30
28447,19702675,30
28448,19702675,10
28449,19702675,20
28450,19702675,20
28451,19702675,10
28452,19702675,30
28453,19702675,30
28454,19702675,30
28455,19702675,20
28456,19702675,30
28457,19702675,10
28458,19702675,30
28459,19702675,20
28460,19702675,30
28461,876233,8660
28462,19702675,30
28463,876233,11200
28464,19702675,20
28465,876233,12740
28466,1586,500000
28467,19702675,10
28468,19702675,20
28469,19702675,40
28470,19702675,20
28471,19702675,70
28472,19702675,40
28473,19702675,10
28474,876233,7320
28475,19702675,50
28476,19702675,30
28477,19702675,40
28478,19702675,30
28479,19702675,20
28480,19702675,20
28481,876233,17590
28482,19702675,20
28483,19702675,30
28484,19702675,40
28485,19702675,10
28486,19702675,50
28487,19702675,20
28488,19702675,50
28489,19702675,10
28490,19702675,20
28491,19702675,30
28492,19702675,30
28493,1586,500000
28494,19702675,10
28495,19702675,20
28496,76016952,0
28497,876233,12050
28498,19702675,20
28499,19702675,10
28500,19702675,30
28501,19702675,20
28502,19702675,20
28503,19702675,20
28504,19702675,10
28505,19702675,20
28506,19702675,20
28507,19702675,30
28508,19702675,20
28509,1586,500000
28510,19702675,60
28511,19702675,40
28512,19702675,10
28513,19702675,20
28514,19702675,20
28515,19702675,20
28516,19702675,30
28517,1586,500000
28518,19702675,10
28519,19702675,10
28520,19702675,10
28521,876233,14660
28522,19702675,30
28523,19702675,40
28524,876233,9650
28525,19702675,40
28526,19702675,80
28527,19702675,30
28528,19702675,10
28529,19702675,20
28530,19702675,10
28531,19702675,20
28532,19702675,20
28533,19702675,30
28534,19702675,10
28535,19702675,150
28536,19702675,10
28537,19702675,10
28538,19702675,30
28539,19702675,50
28540,19702675,40
28541,19702675,20
28542,19702675,20
28543,19702675,30
28544,19702675,20
28545,19702675,10
28546,19702675,10
28547,19702675,50
28548,19702675,10
28549,19702675,30
28550,19702675,10
28551,19702675,30
28552,1586,500000
28553,19702675,110
28554,876233,8370
28555,19702675,50
28556,19702675,110
28557,19702675,10
28558,19702675,30
28559,876233,8710
28560,19702675,30
28561,876233,9210
28562,876233,8510
28563,19702675,50
28564,19702675,30
28565,19702675,40
28566,876233,9310
28567,19702675,60
28568,19702675,10
28569,19702675,10
28570,19702675,150
28571,19702675,30
28572,76016952,0
28573,19702675,20
28574,19702675,30
28575,19702675,20
28576,876233,15870
28577,19702675,30
28578,19702675,10
28579,19702675,60
28580,19702675,30
28581,1586,500000
28582,19702675,10
28583,19702675,40
28584,19702675,30
28585,19702675,20
28586,19702675,50
28587,19702675,80
28588,19702675,20
28589,19702675,50
28590,19702675,10
28591,19702675,90
28592,19702675,10
28593,19702675,30
28594,19702675,20
28595,19702675,10
28596,876233,14070
28597,19702675,30
28598,19702675,10
28599,19702675,30
28600,19702675,40
28601,19702675,40
28602,19702675,20
28603,19702675,10
28604,19702675,20
28605,19702675,30
28606,19702675,30
28607,19702675,30
28608,1586,500000
28609,19702675,190
28610,19702675,30
28611,876233,6880
28612,19702675,10
28613,19702675,20
28614,19702675,10
28615,19702675,40
28616,19702675,20
28617,19702675,80
28618,19702675,10
28619,19702675,10
28620,19702675,40
28621,19702675,20
28622,19702675,50
28623,19702675,30
28624,876233,7330
28625,19702675,10
28626,19702675,10
28627,19702675,60
28628,19702675,50
28629,19702675,20
28630,19702675,10
28631,19702675,20
28632,19702675,10
28633,19702675,20
28634,19702675,20
28635,76016952,0
28636,19702675,10
28637,19702675,30
28638,19702675,30
28639,19702675,20
28640,19702675,30
28641,19702675,10
28642,19702675,30
28643,19702675,30
28644,19702675,40
28645,876233,10950
28646,19702675,20
28647,19702675,10
28648,19702675,10
28649,19702675,60
28650,876233,6210
28651,876233,14090
28652,19702675,20
28653,19702675,10
28654,19702675,10
28655,19702675,30
28656,19702675,10
28657,19702675,20
28658,19702675,80
28659,19702675,150
28660,19702675,30
28661,19702675,40
28662,19702675,60
28663,19702675,50
28664,19702675,30
28665,19702675,20
28666,19702675,40
28667,19702675,30
28668,19702675,150
28669,19702675,50
28670,876233,18750
28671,19702675,20
28672,19702675,10
28673,19702675,20
28674,19702675,20
28675,19702675,30
28676,19702675,20
28677,19702675,20
28678,19702675,10
28679,1586,500000
28680,19702675,10
28681,19702675,40
28682,19702675,20
28683,19702675,30
28684,19702675,80
28685,19702675,30
28686,19702675,20
28687,19702675,10
28688,19702675,20
28689,19702675,30
28690,19702675,20
28691,19702675,20
28692,19702675,40
28693,1586,500000
28694,19702675,30
28695,876233,5950
28696,19702675,20
28697,19702675,50
28698,19702675,20
28699,19702675,20
28700,19702675,40
28701,19702675,10
28702,19702675,20
28703,19702675,10
28704,19702675,30
28705,19702675,20
28706,19702675,40
28707,19702675,80
28708,19702675,60
28709,19702675,20
28710,19702675,20
28711,19702675,40
28712,19702675,30
28713,19702675,50
28714,19702675,10
28715,19702675,20
28716,19702675,50
28717,19702675,40
28718,1586,500000
28719,19702675,20
28720,19702675,60
28721,1586,500000
28722,19702675,60
28723,19702675,10
28724,19702675,40
28725,19702675,30
28726,19702675,30
28727,19702675,30
28728,19702675,150
28729,19702675,30
28730,19702675,10
28731,19702675,30
28732,876233,6520
28733,19702675,40
28734,19702675,10
28735,19702675,50
28736,19702675,30
28737,76016952,0
28738,19702675,30
28739,19702675,40
28740,19702675,20
28741,19702675,40
28742,19702675,10
28743,19702675,20
28744,19702675,10
28745,19702675,40
28746,19702675,20
28747,1586,500000
28748,19702675,30
28749,19702675,30
28750,19702675,10
28751,19702675,40
28752,19702675,10
28753,19702675,10
28754,1586,500000
28755,19702675,20
28756,876233,7500
28757,19702675,70
28758,19702675,40
28759,19702675,70
28760,19702675,20
28761,19702675,10
28762,19702675,30
28763,19702675,60
28764,19702675,150
28765,19702675,30
28766,876233,9450
28767,19702675,10
28768,19702675,10
28769,19702675,40
28770,19702675,20
28771,19702675,50
28772,876233,7530
28773,19702675,50
28774,19702675,40
28775,19702675,10
28776,19702675,40
28777,19702675,10
28778,1586,500000
28779,19702675,40
28780,19702675,10
28781,876233,7620
28782,19702675,10
28783,19702675,10
28784,19702675,20
28785,1586,500000
28786,19702675,20
28787,19702675,10
28788,19702675,90
28789,19702675,10
28790,19702675,50
28791,19702675,30
28792,19702675,60
28793,19702675,10
28794,1586,500000
28795,19702675,20
28796,19702675,20
28797,19702675,90
28798,19702675,110
28799,19702675,30
28800,19702675,10
28801,19702675,110
28802,19702675,30
28803,19702675,10
28804,19702675,20
28805,76016952,0
28806,19702675,20
28807,19702675,20
28808,19702675,20
28809,876233,17320
28810,19702675,80
28811,19702675,10
28812,19702675,30
28813,19702675,80
28814,19702675,20
28815,19702675,60
28816,1586,500000
28817,19702675,40
28818,19702675,60
28819,876233,8450
28820,19702675,20
28821,19702675,10
28822,19702675,40
28823,19702675,10
28824,19702675,10
28825,19702675,60
28826,19702675,20
28827,19702675,40
28828,19702675,10
28829,19702675,10
28830,19702675,80
28831,19702675,30
28832,19702675,30
28833,1586,500000
28834,19702675,30
28835,19702675,50
28836,19702675,90
28837,19702675,20
28838,1586,500000
28839,19702675,110
28840,19702675,30
28841,876233,29670
28842,1586,500000
28843,19702675,50
28844,876233,11070
28845,1586,500000
28846,19702675,20
28847,19702675,60
28848,19702675,60
28849,19702675,20
28850,19702675,150
28851,19702675,50
28852,19702675,40
28853,19702675,40
28854,19702675,30
28855,19702675,50
28856,19702675,10
28857,19702675,30
28858,19702675,40
28859,19702675,30
28860,19702675,60
28861,19702675,50
28862,19702675,30
28863,19702675,10
28864,19702675,100
28865,19702675,10
28866,19702675,60
28867,19702675,30
28868,19702675,10
28869,19702675,30
28870,19702675,50
28871,19702675,20
28872,1586,500000
28873,1586,500000
28874,1586,500000
28875,19702675,30
28876,19702675,20
28877,19702675,30
28878,876233,7270
28879,19702675,170
28880,1586,500000
28881,19702675,20
28882,19702675,40
28883,19702675,10
28884,876233,10210
28885,19702675,10
28886,19702675,30
28887,19702675,30
28888,19702675,60
28889,19702675,70
28890,19702675,10
28891,19702675,40
28892,19702675,20
28893,19702675,30
28894,876233,9300
28895,876233,6920
28896,19702675,50
28897,19702675,80
28898,19702675,40
28899,19702675,80
28900,19702675,10
28901,19702675,10
28902,19702675,30
28903,19702675,20
28904,19702675,70
28905,19702675,50
28906,19702675,20
28907,19702675,30
28908,19702675,30
28909,876233,6800
28910,19702675,30
28911,19702675,50
28912,19702675,10
28913,1586,500000
28914,19702675,40
28915,19702675,10
28916,19702675,10
28917,19702675,20
28918,19702675,30
28919,19702675,20
28920,1586,500000
28921,19702675,10
28922,19702675,40
28923,19702675,10
28924,1586,500000
28925,19702675,10
28926,19702675,60
28927,19702675,40
28928,19702675,30
28929,19702675,30
28930,19702675,30
28931,19702675,60
28932,19702675,10
28933,876233,6510
28934,19702675,10
28935,19702675,80
28936,19702675,10
28937,19702675,10
28938,19702675,90
28939,19702675,30
28940,1586,500000
28941,876233,5620
28942,1586,500000
28943,19702675,20
28944,19702675,50
28945,19702675,30
28946,19702675,30
28947,19702675,20
28948,19702675,10
28949,19702675,40
28950,19702675,150
28951,19702675,10
28952,876233,11200
28953,19702675,10
28954,19702675,20
28955,19702675,20
28956,19702675,30
28957,19702675,30
28958,19702675,10
28959,1586,500000
28960,19702675,30
28961,19702675,130
28962,19702675,80
28963,19702675,40
28964,19702675,160
28965,19702675,10
28966,1586,500000
28967,19702675,110
28968,19702675,10
28969,19702675,20
28970,19702675,10
28971,19702675,50
28972,19702675,40
28973,19702675,10
28974,19702675,30
28975,19702675,60
28976,876233,8320
28977,19702675,20
28978,876233,4440
28979,19702675,20
28980,19702675,20
28981,19702675,80
28982,19702675,40
28983,19702675,50
28984,19702675,30
28985,19702675,20
28986,19702675,10
28987,19702675,10
28988,19702675,30
28989,19702675,20
28990,1586,500000
28991,876233,6110
28992,1586,500000
28993,19702675,30
28994,19702675,60
28995,19702675,20
28996,19702675,40
28997,19702675,10
28998,19702675,10
28999,19702675,40
29000,19702675,240
29001,19702675,40
29002,19702675,10
29003,19702675,10
29004,19702675,10
29005,1586,500000
29006,19702675,30
29007,19702675,10
29008,19702675,20
29009,19702675,40
29010,19702675,20
29011,19702675,10
29012,19702675,150
29013,19702675,50
29014,1586,500000
29015,19702675,30
29016,19702675,20
29017,19702675,20
29018,76016952,0
29019,19702675,50
29020,19702675,10
29021,19702675,210
29022,76016952,0
29023,1586,500000
29024,876233,7190
29025,19702675,10
29026,19702675,30
29027,19702675,20
29028,19702675,20
29029,19702675,30
29030,19702675,40
29031,19702675,40
29032,1586,500000
29033,19702675,40
29034,19702675,90
29035,19702675,20
29036,19702675,70
29037,19702675,30
29038,19702675,20
29039,19702675,20
29040,19702675,30
29041,19702675,30
29042,1586,500000
29043,19702675,30
29044,19702675,10
29045,19702675,110
29046,19702675,30
29047,19702675,80
29048,876233,6700
29049,19702675,10
29050,19702675,40
29051,1586,500000
29052,876233,22430
29053,19702675,30
29054,19702675,30
29055,19702675,20
29056,19702675,20
29057,19702675,20
29058,19702675,40
29059,19702675,30
29060,19702675,20
29061,19702675,20
29062,19702675,60
29063,19702675,10
29064,19702675,20
29065,19702675,10
29066,19702675,30
29067,19702675,20
29068,19702675,10
29069,19702675,40
29070,19702675,10
29071,19702675,30
29072,1586,500000
29073,19702675,10
29074,19702675,30
29075,19702675,10
29076,1586,500000
29077,19702675,10
29078,19702675,10
29079,19702675,40
29080,19702675,20
29081,19702675,30
29082,19702675,20
29083,19702675,50
29084,1586,500000
29085,19702675,30
29086,19702675,50
29087,19702675,30
29088,19702675,10
29089,19702675,20
29090,19702675,20
29091,876233,8510
29092,19702675,40
29093,19702675,20
29094,19702675,20
29095,19702675,10
29096,19702675,10
29097,19702675,30
29098,19702675,10
29099,19702675,20
29100,19702675,10
29101,19702675,170
29102,19702675,10
29103,19702675,20
29104,19702675,10
29105,876233,6890
29106,1586,500000
29107,19702675,10
29108,19702675,20
29109,19702675,50
29110,19702675,20
29111,19702675,40
29112,19702675,10
29113,19702675,30
29114,19702675,40
29115,19702675,110
29116,19702675,80
29117,19702675,40
29118,876233,12770
29119,19702675,20
29120,19702675,40
29121,19702675,80
29122,76016952,0
29123,876233,8070
29124,19702675,20
29125,19702675,20
29126,19702675,10
29127,19702675,20
29128,19702675,10
29129,19702675,30
29130,19702675,20
29131,19702675,20
29132,876233,5840
29133,19702675,60
29134,19702675,30
29135,19702675,30
29136,19702675,10
29137,19702675,40
29138,19702675,10
29139,19702675,40
29140,19702675,40
29141,19702675,20
29142,19702675,10
29143,19702675,100
29144,19702675,90
29145,19702675,10
29146,19702675,20
29147,19702675,10
29148,19702675,30
29149,19702675,20
29150,19702675,20
29151,19702675,100
29152,19702675,10
29153,19702675,10
29154,1586,500000
29155,19702675,40
29156,19702675,80
29157,19702675,40
29158,19702675,50
29159,19702675,20
29160,19702675,90
29161,19702675,20
29162,1586,500000
29163,19702675,10
29164,19702675,70
29165,19702675,40
29166,1586,500000
29167,19702675,20
29168,1586,500000
29169,19702675,30
29170,19702675,10
29171,19702675,20
29172,76016952,0
29173,19702675,40
29174,19702675,20
29175,19702675,50
29176,19702675,10
29177,876233,8820
29178,1586,500000
29179,19702675,10
29180,19702675,150
29181,19702675,10
29182,19702675,40
29183,19702675,10
29184,19702675,80
29185,19702675,30
29186,19702675,30
29187,1586,500000
29188,19702675,40
29189,19702675,10
29190,19702675,20
29191,76016952,0
29192,19702675,30
29193,19702675,80
29194,19702675,30
29195,19702675,10
29196,19702675,40
29197,19702675,10
29198,19702675,30
29199,19702675,30
29200,19702675,30
29201,19702675,30
29202,19702675,80
29203,19702675,20
29204,19702675,10
29205,1586,500000
29206,19702675,30
29207,19702675,30
29208,76016952,0
29209,19702675,150
29210,19702675,40
29211,19702675,30
29212,19702675,30
29213,19702675,20
29214,19702675,10
29215,19702675,70
29216,19702675,10
29217,19702675,10
29218,19702675,20
29219,19702675,10
29220,19702675,30
29221,876233,6880
29222,19702675,30
29223,19702675,10
29224,19702675,20
29225,19702675,10
29226,19702675,10
29227,1586,500000
29228,1586,500000
29229,876233,6390
29230,19702675,30
29231,19702675,30
29232,19702675,40
29233,19702675,20
29234,19702675,30
29235,19702675,60
29236,19702675,40
29237,19702675,20
29238,19702675,70
29239,876233,11900
29240,19702675,20
29241,19702675,20
29242,19702675,10
29243,19702675,10
29244,19702675,10
29245,19702675,30
29246,1586,500000
29247,19702675,30
29248,19702675,10
29249,19702675,20
29250,19702675,20
29251,876233,8050
29252,19702675,20
29253,19702675,60
29254,19702675,50
29255,19702675,10
29256,876233,9620
29257,19702675,20
29258,876233,32320
29259,19702675,120
29260,19702675,10
29261,876233,6140
29262,19702675,20
29263,19702675,40
29264,876233,57650
29265,1586,500000
29266,19702675,110
29267,19702675,10
29268,19702675,20
29269,19702675,40
29270,19702675,40
29271,19702675,30
29272,19702675,20
29273,19702675,70
29274,1586,500000
29275,19702675,30
29276,19702675,20
29277,19702675,30
29278,19702675,10
29279,19702675,40
29280,876233,12750
29281,1586,500000
29282,19702675,10
29283,19702675,30
29284,19702675,20
29285,19702675,10
29286,19702675,40
29287,876233,7770
29288,19702675,10
29289,1586,500000
29290,19702675,10
29291,19702675,20
29292,19702675,40
29293,19702675,30
29294,19702675,20
29295,876233,6910
29296,19702675,10
29297,19702675,150
29298,1586,500000
29299,19702675,50
29300,876233,15730
29301,19702675,40
29302,1586,500000
29303,19702675,30
29304,19702675,60
29305,19702675,20
29306,19702675,40
29307,19702675,30
29308,19702675,20
29309,19702675,40
29310,1586,500000
29311,876233,7360
29312,19702675,30
29313,19702675,50
29314,19702675,10
29315,19702675,30
29316,19702675,30
29317,19702675,40
29318,19702675,40
29319,19702675,20
29320,19702675,50
29321,19702675,60
29322,19702675,30
29323,19702675,70
29324,19702675,20
29325,19702675,60
29326,19702675,10
29327,19702675,150
29328,19702675,30
29329,19702675,30
29330,19702675,40
29331,1586,500000
29332,19702675,70
29333,19702675,30
29334,19702675,40
29335,19702675,40
29336,19702675,20
29337,19702675,70
29338,19702675,20
29339,19702675,10
29340,19702675,20
29341,19702675,20
29342,19702675,60
29343,19702675,10
29344,19702675,50
29345,19702675,60
29346,19702675,10
29347,19702675,50
29348,19702675,30
29349,19702675,20
29350,1586,500000
29351,19702675,10
29352,19702675,150
29353,19702675,30
29354,19702675,50
29355,19702675,40
29356,1586,500000
29357,19702675,10
29358,876233,8920
29359,876233,7490
29360,876233,8920
29361,19702675,30
29362,19702675,40
29363,19702675,10
29364,19702675,20
29365,19702675,30
29366,1586,500000
29367,19702675,30
29368,19702675,20
29369,19702675,10
29370,19702675,30
29371,19702675,40
29372,19702675,60
29373,19702675,60
29374,19702675,20
29375,19702675,20
29376,19702675,20
29377,19702675,30
29378,19702675,60
29379,19702675,50
29380,1586,500000
29381,19702675,20
29382,19702675,30
29383,19702675,10
29384,1586,500000
29385,19702675,10
29386,19702675,20
29387,19702675,150
29388,19702675,20
29389,19702675,10
29390,19702675,20
29391,19702675,150
29392,19702675,30
29393,1586,500000
29394,19702675,110
29395,19702675,150
29396,19702675,20
29397,19702675,40
29398,19702675,60
29399,19702675,40
29400,19702675,50
29401,19702675,10
29402,19702675,10
29403,19702675,20
29404,19702675,20
29405,876233,13150
29406,19702675,30
29407,19702675,10
29408,876233,8230
29409,19702675,10
29410,19702675,10
29411,876233,5320
29412,1586,500000
29413,19702675,40
29414,19702675,20
29415,19702675,40
29416,19702675,30
29417,19702675,50
29418,19702675,20
29419,19702675,30
29420,19702675,30
29421,19702675,30
29422,19702675,60
29423,19702675,30
29424,876233,7730
29425,19702675,10
29426,19702675,20
29427,19702675,20
29428,876233,11540
29429,19702675,30
29430,19702675,20
29431,1586,500000
29432,19702675,50
29433,19702675,20
29434,19702675,10
29435,19702675,70
29436,876233,14430
29437,19702675,10
29438,19702675,10
29439,876233,5990
29440,19702675,40
29441,19702675,50
29442,19702675,10
29443,19702675,10
29444,19702675,10
29445,19702675,30
29446,19702675,30
29447,19702675,10
29448,19702675,20
29449,19702675,10
29450,19702675,40
29451,19702675,20
29452,76016952,0
29453,19702675,30
29454,1586,500000
29455,19702675,60
29456,19702675,210
29457,19702675,30
29458,876233,6840
29459,19702675,10
29460,19702675,40
29461,1586,500000
29462,19702675,90
29463,1586,500000
29464,19702675,10
29465,876233,10630
29466,19702675,30
29467,19702675,30
29468,19702675,20
29469,19702675,10
29470,19702675,10
29471,19702675,10
29472,19702675,20
29473,19702675,60
29474,19702675,40
29475,19702675,30
29476,19702675,50
29477,19702675,10
29478,876233,9740
29479,19702675,40
29480,19702675,20
29481,19702675,40
29482,19702675,30
29483,1586,500000
29484,19702675,70
29485,876233,7370
29486,19702675,20
29487,19702675,10
29488,19702675,30
29489,19702675,30
29490,19702675,10
29491,1586,500000
29492,1586,500000
29493,19702675,50
29494,19702675,30
29495,1586,500000
29496,19702675,50
29497,19702675,20
29498,19702675,40
29499,19702675,10
29500,1586,500000
29501,19702675,30
29502,19702675,110
29503,19702675,40
29504,19702675,40
29505,19702675,10
29506,1586,500000
29507,19702675,20
29508,19702675,10
29509,19702675,30
29510,19702675,60
29511,19702675,40
29512,19702675,70
29513,76016952,0
29514,19702675,10
29515,19702675,30
29516,19702675,40
29517,19702675,10
29518,19702675,20
29519,19702675,30
29520,19702675,10
29521,19702675,30
29522,1586,500000
29523,19702675,40
29524,19702675,30
29525,19702675,10
29526,19702675,20
29527,19702675,10
29528,19702675,10
29529,19702675,20
29530,19702675,10
29531,19702675,30
29532,19702675,50
29533,19702675,20
29534,19702675,60
29535,876233,15550
29536,19702675,30
29537,19702675,20
29538,19702675,10
29539,19702675,20
29540,19702675,10
29541,19702675,40
29542,1586,500000
29543,19702675,30
29544,19702675,110
29545,1586,500000
29546,19702675,10
29547,19702675,110
29548,19702675,40
29549,1586,500000
29550,19702675,40
29551,19702675,20
29552,19702675,20
29553,19702675,10
29554,19702675,30
29555,19702675,20
29556,19702675,30
29557,19702675,20
29558,1586,500000
29559,876233,6600
29560,19702675,30
29561,19702675,10
29562,1586,500000
29563,19702675,40
29564,19702675,30
29565,19702675,150
29566,19702675,10
29567,19702675,50
29568,1586,500000
29569,19702675,30
29570,19702675,30
29571,19702675,20
29572,19702675,20
29573,19702675,30
29574,19702675,30
29575,19702675,30
29576,76016952,0
29577,19702675,20
29578,1586,500000
29579,19702675,20
29580,19702675,30
29581,19702675,30
29582,19702675,40
29583,19702675,20
29584,19702675,20
29585,19702675,20
29586,19702675,60
29587,19702675,110
29588,19702675,10
29589,19702675,20
29590,19702675,10
29591,19702675,20
29592,19702675,10
29593,19702675,10
29594,19702675,20
29595,19702675,30
29596,19702675,80
29597,876233,10160
29598,876233,16850
29599,19702675,10
29600,19702675,20
29601,19702675,40
29602,876233,6820
29603,19702675,10
29604,19702675,10
29605,19702675,60
29606,19702675,10
29607,19702675,10
29608,19702675,30
29609,19702675,20
29610,76016952,0
29611,19702675,20
29612,19702675,10
29613,1586,500000
29614,876233,5950
29615,19702675,10
29616,76016952,0
29617,19702675,40
29618,19702675,30
29619,19702675,20
29620,19702675,30
29621,19702675,40
29622,19702675,110
29623,876233,20520
29624,19702675,20
29625,19702675,20
29626,19702675,40
29627,19702675,40
29628,19702675,10
29629,19702675,70
29630,19702675,50
29631,19702675,150
29632,876233,7310
29633,19702675,50
29634,19702675,20
29635,19702675,40
29636,1586,500000
29637,1586,500000
29638,19702675,30
29639,19702675,10
29640,19702675,40
29641,876233,7830
29642,19702675,50
29643,19702675,30
29644,19702675,30
29645,19702675,30
29646,19702675,20
29647,19702675,10
29648,19702675,30
29649,19702675,40
29650,19702675,10
29651,876233,8920
29652,19702675,20
29653,19702675,10
29654,19702675,10
29655,19702675,10
29656,19702675,10
29657,19702675,10
29658,19702675,10
29659,19702675,20
29660,19702675,50
29661,19702675,40
29662,19702675,50
29663,19702675,60
29664,19702675,20
29665,19702675,40
29666,19702675,20
29667,19702675,20
29668,19702675,10
29669,19702675,50
29670,19702675,40
29671,19702675,30
29672,19702675,20
29673,19702675,30
29674,19702675,10
29675,19702675,20
29676,19702675,10
29677,19702675,30
29678,76016952,0
29679,1586,500000
29680,19702675,10
29681,76016952,0
29682,19702675,20
29683,19702675,100
29684,19702675,30
29685,19702675,60
29686,19702675,20
29687,19702675,10
29688,19702675,30
29689,19702675,60
29690,19702675,10
29691,19702675,50
29692,19702675,20
29693,19702675,150
29694,76016952,0
29695,19702675,30
29696,876233,6620
29697,19702675,20
29698,19702675,20
29699,19702675,20
29700,19702675,10
29701,19702675,30
29702,19702675,10
29703,876233,6220
29704,19702675,60
29705,19702675,30
29706,19702675,10
29707,19702675,20
29708,876233,12830
29709,1586,500000
29710,19702675,30
29711,19702675,20
29712,19702675,20
29713,19702675,30
29714,19702675,10
29715,19702675,30
29716,19702675,20
29717,19702675,10
29718,19702675,10
29719,19702675,60
29720,876233,13830
29721,19702675,30
29722,19702675,70
29723,19702675,80
29724,19702675,20
29725,19702675,30
29726,19702675,30
29727,19702675,20
29728,876233,10660
29729,19702675,10
29730,76016952,0
29731,876233,13780
29732,19702675,110
29733,19702675,10
29734,19702675,40
29735,19702675,10
29736,76016952,0
29737,19702675,10
29738,19702675,40
29739,19702675,30
29740,876233,12440
29741,19702675,30
29742,19702675,10
29743,19702675,80
29744,19702675,50
29745,876233,10940
29746,19702675,20
29747,19702675,20
29748,876233,55700
29749,19702675,30
29750,19702675,20
29751,19702675,10
29752,19702675,30
29753,19702675,240
29754,19702675,40
29755,19702675,30
29756,19702675,20
29757,19702675,30
29758,19702675,20
29759,19702675,10
29760,19702675,30
29761,19702675,50
29762,19702675,70
29763,19702675,10
29764,19702675,40
29765,76016952,0
29766,1586,500000
29767,19702675,10
29768,19702675,20
29769,19702675,40
29770,876233,9620
29771,19702675,20
29772,19702675,10
29773,19702675,10
29774,76016952,0
29775,19702675,30
29776,1586,500000
29777,19702675,30
29778,19702675,10
29779,19702675,20
29780,19702675,40
29781,19702675,30
29782,1586,500000
29783,19702675,10
29784,76016952,0
29785,19702675,20
29786,19702675,30
29787,19702675,110
29788,19702675,10
29789,876233,8280
29790,19702675,40
29791,19702675,10
29792,19702675,30
29793,1586,500000
29794,19702675,30
29795,19702675,20
29796,19702675,10
29797,19702675,40
29798,19702675,10
29799,19702675,60
29800,19702675,40
29801,19702675,10
29802,19702675,30
29803,1586,500000
29804,19702675,50
29805,19702675,20
29806,19702675,10
29807,19702675,10
29808,19702675,10
29809,19702675,50
29810,19702675,30
29811,19702675,10
29812,19702675,50
29813,19702675,30
29814,19702675,30
29815,19702675,30
29816,76016952,0
29817,19702675,70
29818,19702675,40
29819,19702675,60
29820,19702675,30
29821,76016952,0
29822,19702675,10
29823,19702675,10
29824,19702675,30
29825,19702675,10
29826,19702675,150
29827,76016952,0
29828,19702675,40
29829,19702675,10
29830,19702675,10
29831,19702675,20
29832,19702675,20
29833,19702675,10
29834,19702675,60
29835,19702675,30
29836,19702675,20
29837,19702675,30
29838,19702675,30
29839,19702675,10
29840,19702675,10
29841,19702675,30
29842,19702675,110
29843,19702675,20
29844,19702675,20
29845,19702675,30
29846,19702675,30
29847,19702675,10
29848,19702675,30
29849,19702675,30
29850,19702675,30
29851,876233,20630
29852,19702675,50
29853,19702675,10
29854,19702675,10
29855,19702675,20
29856,19702675,10
29857,19702675,20
29858,19702675,20
29859,19702675,10
29860,19702675,20
29861,19702675,80
29862,19702675,50
29863,19702675,10
29864,19702675,10
29865,19702675,40
29866,19702675,50
29867,19702675,30
29868,19702675,40
29869,19702675,70
29870,19702675,20
29871,876233,15830
29872,19702675,20
29873,19702675,30
29874,19702675,40
29875,19702675,10
29876,19702675,30
29877,19702675,20
29878,76016952,0
29879,876233,8150
29880,19702675,10
29881,19702675,30
29882,19702675,50
29883,19702675,50
29884,19702675,30
29885,19702675,80
29886,1586,500000
29887,19702675,60
29888,19702675,10
29889,19702675,40
29890,19702675,20
29891,19702675,20
29892,19702675,30
29893,19702675,10
29894,19702675,30
29895,19702675,10
29896,19702675,30
29897,19702675,10
29898,19702675,80
29899,19702675,10
29900,19702675,10
29901,19702675,20
29902,19702675,10
29903,19702675,80
29904,19702675,20
29905,19702675,30
29906,19702675,10
29907,19702675,50
29908,19702675,10
29909,19702675,20
29910,19702675,10
29911,19702675,30
29912,19702675,10
29913,19702675,40
29914,19702675,10
29915,19702675,40
29916,19702675,10
29917,19702675,20
29918,19702675,10
29919,19702675,20
29920,19702675,20
29921,1586,500000
29922,19702675,60
29923,19702675,60
29924,19702675,10
29925,19702675,10
29926,19702675,10
29927,19702675,20
29928,1586,500000
29929,19702675,40
29930,19702675,30
29931,19702675,10
29932,19702675,170
29933,19702675,10
29934,876233,8520
29935,19702675,10
29936,19702675,150
29937,19702675,20
29938,19702675,20
29939,1586,500000
29940,1586,500000
29941,876233,5750
29942,19702675,20
29943,19702675,10
29944,19702675,30
29945,19702675,30
29946,19702675,50
29947,19702675,40
29948,19702675,60
29949,19702675,30
29950,19702675,20
29951,19702675,40
29952,19702675,20
29953,19702675,20
29954,19702675,20
29955,876233,35250
29956,19702675,10
29957,19702675,20
29958,19702675,40
29959,19702675,10
29960,876233,11690
29961,19702675,10
29962,19702675,150
29963,19702675,70
29964,19702675,40
29965,876233,5710
29966,19702675,20
29967,19702675,20
29968,19702675,40
29969,876233,12080
29970,19702675,50
29971,1586,500000
29972,19702675,10
29973,19702675,40
29974,19702675,30
29975,19702675,30
29976,19702675,10
29977,19702675,30
29978,19702675,20
29979,19702675,50
29980,19702675,110
29981,19702675,40
29982,19702675,40
29983,19702675,110
29984,19702675,10
29985,19702675,30
29986,19702675,60
29987,19702675,30
29988,1586,500000
29989,19702675,60
29990,19702675,20
29991,19702675,30
29992,19702675,30
29993,1586,500000
29994,19702675,10
29995,19702675,110
29996,19702675,10
29997,19702675,20
29998,19702675,80
29999,19702675,30
30000,19702675,150
30001,19702675,20
30002,19702675,10
30003,19702675,120
30004,19702675,20
30005,19702675,10
30006,19702675,30
30007,19702675,10
30008,19702675,20
30009,19702675,20
30010,876233,6980
30011,19702675,120
30012,19702675,20
30013,19702675,30
30014,19702675,10
30015,19702675,40
30016,19702675,10
30017,19702675,10
30018,19702675,30
30019,19702675,20
30020,19702675,40
30021,19702675,40
30022,19702675,150
30023,76016952,0
30024,19702675,40
30025,19702675,10
30026,19702675,40
30027,19702675,30
30028,19702675,10
30029,19702675,10
30030,19702675,20
30031,19702675,110
30032,19702675,20
30033,19702675,10
30034,19702675,20
30035,76016952,0
30036,19702675,10
30037,19702675,40
30038,19702675,80
30039,19702675,20
30040,19702675,10
30041,19702675,10
30042,1586,500000
30043,19702675,10
30044,19702675,10
30045,19702675,20
30046,19702675,20
30047,19702675,20
30048,19702675,30
30049,19702675,20
30050,19702675,30
30051,19702675,10
30052,19702675,10
30053,19702675,20
30054,19702675,30
30055,19702675,40
30056,19702675,10
30057,19702675,30
30058,19702675,60
30059,19702675,10
30060,19702675,20
30061,19702675,30
30062,19702675,10
30063,19702675,20
30064,876233,14330
30065,19702675,50
30066,19702675,210
30067,19702675,50
30068,19702675,20
30069,19702675,20
30070,19702675,150
30071,19702675,10
30072,19702675,20
30073,76016952,0
30074,19702675,70
30075,19702675,80
30076,19702675,70
30077,19702675,10
30078,19702675,10
30079,19702675,20
30080,19702675,20
30081,19702675,30
30082,19702675,150
30083,19702675,20
30084,19702675,20
30085,19702675,20
30086,19702675,30
30087,19702675,30
30088,19702675,20
30089,1586,500000
30090,19702675,60
30091,19702675,10
30092,19702675,40
30093,19702675,10
30094,19702675,60
30095,19702675,20
30096,19702675,20
30097,19702675,50
30098,19702675,40
30099,19702675,40
30100,19702675,30
30101,19702675,30
30102,19702675,20
30103,76016952,0
30104,19702675,20
30105,1586,500000
30106,19702675,50
30107,1586,500000
30108,19702675,150
30109,19702675,10
30110,19702675,30
30111,876233,9270
30112,19702675,10
30113,19702675,10
30114,1586,500000
30115,19702675,30
30116,19702675,30
30117,19702675,50
30118,19702675,80
30119,19702675,30
30120,19702675,20
30121,19702675,50
30122,1586,500000
30123,19702675,30
30124,19702675,10
30125,876233,11480
30126,19702675,20
30127,19702675,60
30128,19702675,40
30129,19702675,10
30130,19702675,50
30131,19702675,80
30132,19702675,50
30133,19702675,150
30134,876233,6180
30135,19702675,20
30136,19702675,10
30137,19702675,160
30138,19702675,10
30139,19702675,50
30140,19702675,30
30141,19702675,100
30142,76016952,0
30143,876233,5300
30144,19702675,60
30145,19702675,30
30146,19702675,50
30147,1586,500000
30148,1586,500000
30149,876233,7800
30150,19702675,60
30151,19702675,20
30152,19702675,10
30153,19702675,20
30154,19702675,30
30155,19702675,60
30156,876233,5650
30157,876233,6780
30158,19702675,30
30159,876233,7430
30160,1586,500000
30161,19702675,10
30162,19702675,150
30163,19702675,50
30164,19702675,50
30165,876233,8040
30166,876233,8590
30167,19702675,10
30168,19702675,30
30169,19702675,20
30170,1586,500000
30171,19702675,30
30172,19702675,20
30173,19702675,110
30174,19702675,10
30175,19702675,150
30176,19702675,10
30177,19702675,10
30178,876233,9630
30179,19702675,100
30180,19702675,40
30181,19702675,10
30182,19702675,20
30183,19702675,150
30184,19702675,10
30185,19702675,20
30186,19702675,10
30187,19702675,10
30188,19702675,10
30189,19702675,20
30190,876233,7870
30191,19702675,50
30192,19702675,20
30193,19702675,30
30194,19702675,50
30195,19702675,30
30196,19702675,20
30197,1586,500000
30198,19702675,40
30199,19702675,10
30200,19702675,50
30201,19702675,120
30202,19702675,70
30203,1586,500000
30204,19702675,50
30205,19702675,70
30206,19702675,20
30207,19702675,10
30208,19702675,10
30209,19702675,30
30210,19702675,30
30211,19702675,40
30212,19702675,10
30213,19702675,30
30214,19702675,10
30215,19702675,210
30216,19702675,70
30217,19702675,30
30218,19702675,10
30219,19702675,40
30220,19702675,70
30221,19702675,20
30222,19702675,110
30223,19702675,50
30224,19702675,10
30225,19702675,40
30226,19702675,20
30227,19702675,10
30228,19702675,40
30229,19702675,40
30230,19702675,20
30231,876233,8730
30232,19702675,50
30233,19702675,10
30234,19702675,30
30235,19702675,30
30236,76016952,0
30237,19702675,30
30238,19702675,60
30239,19702675,40
30240,19702675,20
30241,19702675,70
30242,19702675,10
30243,876233,11750
30244,76016952,0
30245,19702675,10
30246,19702675,20
30247,876233,5560
30248,19702675,10
30249,19702675,20
30250,19702675,30
30251,76016952,0
30252,19702675,10
30253,19702675,70
30254,19702675,10
30255,19702675,50
30256,19702675,40
30257,19702675,20
30258,19702675,20
30259,19702675,10
30260,19702675,20
30261,19702675,10
30262,19702675,70
30263,19702675,30
30264,19702675,20
30265,19702675,10
30266,19702675,20
30267,19702675,210
30268,19702675,70
30269,19702675,10
30270,19702675,20
30271,19702675,20
30272,19702675,40
30273,19702675,80
30274,19702675,30
30275,19702675,10
30276,19702675,60
30277,19702675,150
30278,19702675,70
30279,19702675,30
30280,19702675,60
30281,19702675,50
30282,876233,5580
30283,876233,12240
30284,19702675,20
30285,19702675,10
30286,19702675,30
30287,19702675,20
30288,19702675,10
30289,19702675,10
30290,19702675,20
30291,19702675,10
30292,19702675,70
30293,1586,500000
30294,876233,6250
30295,19702675,10
30296,19702675,30
30297,19702675,40
30298,876233,14800
30299,19702675,10
30300,1586,500000
30301,19702675,30
30302,19702675,20
30303,19702675,30
30304,19702675,10
30305,19702675,50
30306,19702675,30
30307,19702675,10
30308,19702675,80
30309,19702675,50
30310,19702675,10
30311,1586,500000
30312,19702675,40
30313,876233,5840
30314,76016952,0
30315,19702675,10
30316,19702675,40
30317,19702675,10
30318,19702675,20
30319,19702675,30
30320,19702675,20
30321,19702675,60
30322,19702675,10
30323,19702675,50
30324,1586,500000
30325,19702675,10
30326,19702675,10
30327,19702675,10
30328,19702675,80
30329,19702675,20
30330,19702675,20
30331,19702675,60
30332,19702675,30
30333,19702675,10
30334,19702675,110
30335,19702675,30
30336,76016952,0
30337,19702675,60
30338,19702675,10
30339,19702675,60
30340,19702675,40
30341,19702675,150
30342,19702675,10
30343,19702675,50
30344,19702675,20
30345,19702675,10
30346,19702675,30
30347,1586,500000
30348,19702675,30
30349,19702675,10
30350,19702675,30
30351,876233,7840
30352,19702675,20
30353,19702675,60
30354,19702675,30
30355,19702675,30
30356,19702675,40
30357,19702675,10
30358,19702675,30
30359,19702675,30
30360,1586,500000
30361,19702675,70
30362,19702675,150
30363,19702675,10
30364,19702675,20
30365,19702675,30
30366,19702675,30
30367,19702675,60
30368,19702675,60
30369,19702675,10
30370,19702675,80
30371,19702675,90
30372,19702675,20
30373,19702675,40
30374,19702675,20
30375,19702675,20
30376,19702675,10
30377,19702675,30
30378,19702675,30
30379,19702675,30
30380,19702675,40
30381,19702675,10
30382,19702675,30
30383,19702675,10
30384,19702675,10
30385,19702675,10
30386,19702675,30
30387,19702675,40
30388,19702675,50
30389,876233,4620
30390,19702675,30
30391,19702675,90
30392,19702675,30
30393,19702675,120
30394,19702675,40
30395,19702675,20
30396,19702675,20
30397,19702675,40
30398,19702675,40
30399,19702675,10
30400,19702675,20
30401,19702675,10
30402,19702675,90
30403,76016952,0
30404,19702675,20
30405,19702675,110
30406,19702675,10
30407,876233,4750
30408,19702675,40
30409,876233,27000
30410,19702675,10
30411,19702675,10
30412,19702675,40
30413,19702675,10
30414,19702675,20
30415,19702675,20
30416,19702675,10
30417,19702675,10
30418,19702675,50
30419,19702675,30
30420,19702675,40
30421,19702675,20
30422,19702675,70
30423,19702675,10
30424,19702675,10
30425,19702675,10
30426,19702675,50
30427,19702675,20
30428,19702675,20
30429,19702675,30
30430,19702675,50
30431,19702675,60
30432,19702675,30
30433,19702675,30
30434,19702675,10
30435,876233,5370
30436,1586,500000
30437,19702675,20
30438,1586,500000
30439,76016952,0
30440,19702675,40
30441,19702675,60
30442,19702675,10
30443,1586,500000
30444,19702675,30
30445,19702675,30
30446,19702675,10
30447,19702675,40
30448,19702675,60
30449,19702675,30
30450,19702675,30
30451,19702675,20
30452,19702675,20
30453,876233,9050
30454,19702675,10
30455,19702675,10
30456,19702675,10
30457,19702675,20
30458,19702675,30
30459,19702675,20
30460,19702675,10
30461,876233,5560
30462,19702675,20
30463,19702675,50
30464,1586,500000
30465,19702675,20
30466,19702675,20
30467,19702675,40
30468,19702675,30
30469,19702675,50
30470,876233,57820
30471,19702675,10
30472,19702675,20
30473,19702675,40
30474,19702675,40
30475,19702675,30
30476,19702675,10
30477,19702675,30
30478,19702675,110
30479,19702675,50
30480,19702675,20
30481,19702675,20
30482,19702675,20
30483,19702675,10
30484,19702675,30
30485,19702675,50
30486,19702675,150
30487,19702675,10
30488,19702675,20
30489,19702675,10
30490,19702675,10
30491,19702675,40
30492,1586,500000
30493,19702675,20
30494,19702675,10
30495,19702675,110
30496,19702675,20
30497,19702675,10
30498,19702675,30
30499,19702675,60
30500,19702675,30
30501,19702675,150
30502,1586,500000
30503,19702675,10
30504,19702675,30
30505,19702675,10
30506,19702675,10
30507,19702675,80
30508,19702675,20
30509,19702675,10
30510,19702675,10
30511,19702675,110
30512,19702675,10
30513,19702675,10
30514,19702675,50
30515,19702675,20
30516,19702675,30
30517,19702675,160
30518,19702675,20
30519,19702675,30
30520,19702675,40
30521,876233,25880
30522,19702675,30
30523,19702675,10
30524,19702675,50
30525,19702675,30
30526,876233,7090
30527,19702675,70
30528,19702675,40
30529,1586,500000
30530,19702675,10
30531,19702675,30
30532,19702675,40
30533,19702675,60
30534,19702675,40
30535,19702675,20
30536,19702675,90
30537,19702675,10
30538,19702675,10
30539,19702675,10
30540,19702675,80
30541,19702675,20
30542,19702675,10
30543,19702675,30
30544,19702675,70
30545,1586,500000
30546,19702675,40
30547,19702675,10
30548,19702675,20
30549,19702675,40
30550,19702675,60
30551,19702675,30
30552,19702675,20
30553,19702675,30
30554,19702675,20
30555,19702675,10
30556,19702675,10
30557,1586,500000
30558,876233,6850
30559,76016952,0
30560,19702675,30
30561,19702675,40
30562,19702675,40
30563,876233,6680
30564,19702675,10
30565,19702675,30
30566,76016952,0
30567,1586,500000
30568,19702675,30
30569,19702675,30
30570,19702675,110
30571,19702675,10
30572,19702675,30
30573,19702675,10
30574,19702675,50
30575,19702675,30
30576,19702675,40
30577,19702675,10
30578,1586,500000
30579,19702675,20
30580,19702675,50
30581,19702675,40
30582,19702675,50
30583,876233,8130
30584,76016952,0
30585,19702675,10
30586,19702675,10
30587,19702675,40
30588,19702675,40
30589,19702675,80
30590,19702675,70
30591,76016952,0
30592,19702675,50
30593,19702675,40
30594,19702675,10
30595,19702675,10
30596,19702675,40
30597,19702675,10
30598,19702675,40
30599,19702675,10
30600,19702675,30
30601,19702675,60
30602,19702675,10
30603,19702675,20
30604,19702675,10
30605,19702675,40
30606,19702675,10
30607,19702675,50
30608,19702675,10
30609,19702675,70
30610,19702675,20
30611,19702675,30
30612,19702675,10
30613,876233,7040
30614,19702675,50
30615,19702675,10
30616,876233,9480
30617,19702675,40
30618,19702675,10
30619,19702675,50
30620,19702675,40
30621,876233,5780
30622,19702675,30
30623,876233,7110
30624,19702675,80
30625,19702675,80
30626,19702675,30
30627,19702675,20
30628,19702675,30
30629,876233,9490
30630,1586,500000
30631,19702675,60
30632,19702675,10
30633,19702675,30
30634,19702675,20
30635,19702675,10
30636,19702675,40
30637,19702675,10
30638,19702675,150
30639,19702675,30
30640,19702675,30
30641,19702675,30
30642,19702675,20
30643,19702675,20
30644,19702675,150
30645,19702675,10
30646,19702675,40
30647,19702675,40
30648,19702675,40
30649,19702675,40
30650,19702675,70
30651,19702675,20
30652,19702675,10
30653,19702675,20
30654,19702675,30
30655,19702675,30
30656,19702675,10
30657,19702675,10
30658,876233,10530
30659,19702675,10
30660,19702675,20
30661,19702675,20
30662,19702675,20
30663,19702675,10
30664,19702675,30
30665,19702675,30
30666,19702675,60
30667,19702675,70
30668,19702675,80
30669,19702675,30
30670,19702675,10
30671,19702675,10
30672,19702675,30
30673,19702675,30
30674,19702675,10
30675,19702675,20
30676,19702675,40
30677,76016952,0
30678,19702675,10
30679,19702675,70
30680,19702675,20
30681,19702675,20
30682,19702675,10
30683,19702675,50
30684,19702675,10
30685,19702675,10
30686,19702675,40
30687,19702675,20
30688,19702675,10
30689,19702675,10
30690,19702675,20
30691,1586,500000
30692,19702675,40
30693,19702675,10
30694,19702675,10
30695,19702675,20
30696,19702675,30
30697,19702675,10
30698,19702675,30
30699,19702675,30
30700,1586,500000
30701,19702675,10
30702,19702675,30
30703,1586,500000
30704,19702675,50
30705,19702675,50
30706,1586,500000
30707,19702675,140
30708,19702675,80
30709,1586,500000
30710,19702675,40
30711,19702675,20
30712,19702675,10
30713,19702675,10
30714,19702675,20
30715,19702675,40
30716,19702675,10
30717,19702675,30
30718,19702675,30
30719,19702675,120
30720,19702675,20
30721,19702675,30
30722,19702675,40
30723,19702675,40
30724,19702675,20
30725,19702675,20
30726,19702675,10
30727,19702675,20
30728,19702675,20
30729,19702675,20
30730,19702675,30
30731,19702675,20
30732,19702675,30
30733,19702675,30
30734,19702675,50
30735,19702675,40
30736,1586,500000
30737,19702675,30
30738,76016952,0
30739,19702675,40
30740,876233,6520
30741,19702675,40
30742,19702675,30
30743,19702675,30
30744,19702675,10
30745,876233,8230
30746,19702675,20
30747,19702675,10
30748,876233,5700
30749,19702675,50
30750,19702675,30
30751,19702675,20
30752,19702675,80
30753,19702675,30
30754,19702675,30
30755,19702675,10
30756,19702675,50
30757,19702675,20
30758,19702675,30
30759,19702675,150
30760,19702675,210
30761,19702675,10
30762,19702675,30
30763,19702675,20
30764,19702675,30
30765,19702675,20
30766,19702675,20
30767,19702675,20
30768,19702675,80
30769,19702675,40
30770,19702675,30
30771,19702675,20
30772,19702675,30
30773,19702675,100
30774,19702675,60
30775,19702675,40
30776,19702675,10
30777,19702675,130
30778,19702675,20
30779,19702675,20
30780,19702675,10
30781,19702675,10
30782,19702675,10
30783,19702675,10
30784,19702675,60
30785,19702675,60
30786,19702675,10
30787,19702675,40
30788,1586,500000
30789,19702675,10
30790,19702675,20
30791,19702675,10
30792,1586,500000
30793,19702675,50
30794,19702675,10
30795,19702675,20
30796,19702675,20
30797,19702675,10
30798,19702675,30
30799,19702675,10
30800,19702675,20
30801,19702675,20
30802,19702675,20
30803,19702675,60
30804,19702675,10
30805,19702675,40
30806,19702675,10
30807,19702675,60
30808,19702675,30
30809,19702675,110
30810,19702675,30
30811,19702675,20
30812,19702675,10
30813,19702675,10
30814,19702675,10
30815,19702675,20
30816,19702675,110
30817,19702675,10
30818,19702675,10
30819,19702675,10
30820,1586,500000
30821,19702675,50
30822,19702675,40
30823,19702675,10
30824,19702675,40
30825,19702675,10
30826,19702675,10
30827,19702675,150
30828,19702675,20
30829,19702675,30
30830,19702675,30
30831,19702675,30
30832,19702675,20
30833,19702675,60
30834,19702675,10
30835,1586,500000
30836,19702675,30
30837,19702675,10
30838,19702675,20
30839,19702675,20
30840,19702675,80
30841,1586,500000
30842,19702675,80
30843,19702675,10
30844,19702675,20
30845,19702675,10
30846,19702675,10
30847,19702675,70
30848,19702675,20
30849,19702675,20
30850,19702675,120
30851,19702675,30
30852,19702675,20
30853,19702675,10
30854,19702675,40
30855,19702675,10
30856,19702675,10
30857,19702675,10
30858,876233,11150
30859,1586,500000
30860,19702675,150
30861,19702675,30
30862,876233,11230
30863,876233,10020
30864,876233,9450
30865,19702675,50
30866,19702675,110
30867,19702675,40
30868,19702675,60
30869,19702675,50
30870,19702675,150
30871,19702675,30
30872,19702675,10
30873,19702675,20
30874,19702675,10
30875,876233,7160
30876,19702675,60
30877,19702675,20
30878,1586,500000
30879,19702675,20
30880,876233,9000
30881,19702675,30
30882,19702675,120
30883,19702675,50
30884,19702675,80
30885,19702675,30
30886,1586,500000
30887,876233,6530
30888,19702675,60
30889,19702675,40
30890,19702675,110
30891,876233,6840
30892,19702675,30
30893,19702675,70
30894,19702675,50
30895,19702675,60
30896,19702675,30
30897,19702675,10
30898,19702675,10
30899,19702675,20
30900,19702675,20
30901,19702675,10
30902,19702675,160
30903,19702675,10
30904,19702675,10
30905,19702675,20
30906,19702675,80
30907,19702675,30
30908,1586,500000
30909,19702675,10
30910,19702675,50
30911,19702675,10
30912,19702675,40
30913,19702675,20
30914,19702675,30
30915,19702675,40
30916,19702675,60
30917,19702675,30
30918,19702675,10
30919,19702675,40
30920,19702675,40
30921,19702675,30
30922,19702675,40
30923,19702675,10
30924,19702675,40
30925,1586,500000
30926,19702675,40
30927,19702675,20
30928,19702675,10
30929,19702675,20
30930,19702675,10
30931,19702675,10
30932,19702675,30
30933,19702675,50
30934,19702675,20
30935,1586,500000
30936,19702675,40
30937,19702675,30
30938,19702675,30
30939,1586,500000
30940,19702675,50
30941,19702675,40
30942,19702675,150
30943,19702675,80
30944,19702675,20
30945,19702675,40
30946,19702675,30
30947,19702675,80
30948,19702675,10
30949,19702675,80
30950,19702675,60
30951,19702675,20
30952,19702675,30
30953,19702675,10
30954,19702675,210
30955,1586,500000
30956,876233,9000
30957,19702675,20
30958,19702675,10
30959,1586,500000
30960,19702675,70
30961,19702675,70
30962,876233,9300
30963,19702675,10
30964,19702675,20
30965,19702675,20
30966,19702675,110
30967,19702675,20
30968,19702675,20
30969,19702675,140
30970,19702675,30
30971,19702675,50
30972,19702675,40
30973,19702675,20
30974,19702675,40
30975,19702675,10
30976,19702675,20
30977,1586,500000
30978,876233,7840
30979,19702675,10
30980,19702675,60
30981,19702675,20
30982,19702675,30
30983,19702675,30
30984,19702675,20
30985,19702675,50
30986,19702675,40
30987,19702675,40
30988,19702675,30
30989,19702675,30
30990,19702675,20
30991,19702675,70
30992,19702675,10
30993,19702675,10
30994,19702675,20
30995,19702675,20
30996,19702675,60
30997,19702675,10
30998,19702675,10
30999,876233,9590
31000,19702675,20
31001,19702675,80
31002,19702675,30
31003,19702675,150
31004,19702675,40
31005,19702675,60
31006,19702675,20
31007,19702675,50
31008,19702675,40
31009,19702675,30
31010,19702675,10
31011,19702675,20
31012,1586,500000
31013,19702675,30
31014,19702675,10
31015,19702675,20
31016,19702675,30
31017,19702675,10
31018,19702675,40
31019,876233,7720
31020,19702675,30
31021,19702675,10
31022,19702675,30
31023,876233,8750
31024,19702675,50
31025,19702675,50
31026,19702675,40
31027,19702675,60
31028,19702675,50
31029,19702675,20
31030,876233,8150
31031,19702675,10
31032,19702675,30
31033,19702675,80
31034,19702675,80
31035,19702675,60
31036,19702675,40
31037,19702675,10
31038,19702675,50
31039,19702675,60
31040,19702675,10
31041,19702675,20
31042,19702675,30
31043,19702675,60
31044,19702675,20
31045,19702675,10
31046,19702675,40
31047,19702675,20
31048,19702675,10
31049,19702675,40
31050,19702675,30
31051,19702675,20
31052,19702675,50
31053,19702675,90
31054,19702675,10
31055,19702675,30
31056,19702675,20
31057,19702675,10
31058,19702675,50
31059,19702675,20
31060,19702675,20
31061,19702675,30
31062,1586,500000
31063,19702675,60
31064,19702675,60
31065,19702675,20
31066,19702675,40
31067,19702675,20
31068,19702675,30
31069,19702675,10
31070,876233,6220
31071,19702675,10
31072,19702675,10
31073,19702675,60
31074,876233,6230
31075,19702675,10
31076,19702675,30
31077,19702675,10
31078,1586,500000
31079,19702675,40
31080,19702675,10
31081,19702675,20
31082,19702675,30
31083,19702675,50
31084,19702675,10
31085,19702675,10
31086,19702675,30
31087,876233,18900
31088,876233,5010
31089,19702675,10
31090,19702675,40
31091,19702675,50
31092,19702675,30
31093,1586,500000
31094,19702675,40
31095,19702675,20
31096,19702675,20
31097,876233,8920
31098,76016952,0
31099,19702675,20
31100,19702675,30
31101,19702675,30
31102,19702675,30
31103,19702675,20
31104,19702675,10
31105,19702675,10
31106,19702675,30
31107,19702675,10
31108,19702675,70
31109,1586,500000
31110,19702675,20
31111,19702675,10
31112,19702675,150
31113,1586,500000
31114,1586,500000
31115,19702675,30
31116,19702675,10
31117,19702675,10
31118,19702675,10
31119,19702675,10
31120,76016952,0
31121,19702675,20
31122,19702675,80
31123,19702675,20
31124,19702675,40
31125,19702675,20
31126,19702675,20
31127,19702675,30
31128,19702675,30
31129,19702675,20
31130,19702675,10
31131,19702675,30
31132,19702675,20
31133,76016952,0
31134,19702675,50
31135,19702675,10
31136,19702675,20
31137,19702675,10
31138,876233,12150
31139,19702675,30
31140,19702675,10
31141,19702675,40
31142,1586,500000
31143,19702675,30
31144,19702675,30
31145,19702675,30
31146,19702675,40
31147,19702675,20
31148,19702675,20
31149,19702675,30
31150,19702675,20
31151,19702675,30
31152,19702675,20
31153,19702675,30
31154,19702675,40
31155,19702675,30
31156,76016952,0
31157,19702675,10
31158,19702675,30
31159,19702675,20
31160,19702675,10
31161,876233,18730
31162,19702675,40
31163,19702675,10
31164,19702675,40
31165,19702675,60
31166,19702675,20
31167,1586,500000
31168,19702675,30
31169,19702675,40
31170,19702675,20
31171,19702675,30
31172,19702675,10
31173,19702675,20
31174,19702675,30
31175,19702675,40
31176,19702675,60
31177,19702675,30
31178,19702675,10
31179,19702675,20
31180,19702675,10
31181,19702675,30
31182,19702675,20
31183,19702675,30
31184,19702675,20
31185,19702675,20
31186,19702675,30
31187,76016952,0
31188,19702675,10
31189,19702675,40
31190,19702675,30
31191,19702675,10
31192,19702675,20
31193,19702675,40
31194,19702675,290
31195,19702675,40
31196,19702675,100
31197,19702675,20
31198,19702675,10
31199,19702675,50
31200,19702675,20
31201,19702675,10
31202,19702675,10
31203,19702675,20
31204,19702675,60
31205,19702675,30
31206,19702675,40
31207,19702675,20
31208,19702675,10
31209,19702675,210
31210,19702675,30
31211,1586,500000
31212,19702675,230
31213,19702675,70
31214,19702675,30
31215,19702675,60
31216,19702675,80
31217,19702675,50
31218,19702675,20
31219,19702675,30
31220,19702675,20
31221,19702675,40
31222,876233,13730
31223,19702675,20
31224,19702675,10
31225,19702675,10
31226,19702675,30
31227,19702675,50
31228,19702675,40
31229,1586,500000
31230,1586,500000
31231,19702675,30
31232,19702675,10
31233,1586,500000
31234,19702675,60
31235,19702675,10
31236,19702675,40
31237,19702675,60
31238,19702675,30
31239,876233,8510
31240,19702675,60
31241,19702675,20
31242,19702675,40
31243,19702675,30
31244,19702675,20
31245,19702675,30
31246,19702675,150
31247,19702675,30
31248,19702675,10
31249,19702675,40
31250,19702675,40
31251,19702675,30
31252,76016952,0
31253,19702675,40
31254,19702675,30
31255,19702675,80
31256,1586,500000
31257,19702675,10
31258,19702675,30
31259,76016952,0
31260,19702675,40
31261,19702675,60
31262,19702675,10
31263,19702675,10
31264,1586,500000
31265,19702675,10
31266,19702675,110
31267,19702675,30
31268,19702675,20
31269,19702675,50
31270,19702675,50
31271,19702675,30
31272,19702675,40
31273,19702675,70
31274,19702675,80
31275,19702675,30
31276,19702675,20
31277,19702675,20
31278,19702675,30
31279,19702675,20
31280,19702675,30
31281,19702675,20
31282,19702675,10
31283,19702675,40
31284,19702675,10
31285,19702675,30
31286,19702675,10
31287,19702675,10
31288,19702675,60
31289,19702675,50
31290,19702675,30
31291,19702675,70
31292,19702675,30
31293,19702675,10
31294,19702675,20
31295,19702675,20
31296,19702675,10
31297,19702675,10
31298,19702675,90
31299,19702675,20
31300,19702675,40
31301,19702675,10
31302,19702675,20
31303,1586,500000
31304,19702675,10
31305,19702675,20
31306,76016952,0
31307,19702675,10
31308,19702675,40
31309,19702675,10
31310,19702675,50
31311,19702675,50
31312,19702675,40
31313,19702675,10
31314,19702675,30
31315,19702675,30
31316,19702675,30
31317,19702675,30
31318,19702675,30
31319,1586,500000
31320,19702675,50
31321,19702675,30
31322,19702675,70
31323,1586,500000
31324,19702675,10
31325,19702675,20
31326,19702675,30
31327,19702675,20
31328,19702675,40
31329,19702675,10
31330,1586,500000
31331,19702675,20
31332,19702675,20
31333,876233,10330
31334,19702675,20
31335,19702675,20
31336,19702675,80
31337,19702675,10
31338,19702675,30
31339,19702675,20
31340,19702675,30
31341,19702675,30
31342,19702675,10
31343,19702675,40
31344,19702675,20
31345,1586,500000
31346,19702675,10
31347,876233,9300
31348,19702675,150
31349,76016952,0
31350,19702675,30
31351,19702675,10
31352,19702675,80
31353,19702675,10
31354,19702675,30
31355,19702675,20
31356,19702675,20
31357,876233,13740
31358,19702675,60
31359,19702675,40
31360,19702675,20
31361,1586,500000
31362,19702675,20
31363,1586,500000
31364,19702675,20
31365,19702675,20
31366,19702675,40
31367,19702675,20
31368,19702675,10
31369,19702675,20
31370,19702675,40
31371,19702675,70
31372,19702675,30
31373,19702675,10
31374,19702675,40
31375,19702675,30
31376,19702675,30
31377,19702675,20
31378,19702675,20
31379,19702675,40
31380,19702675,50
31381,76016952,0
31382,19702675,30
31383,19702675,20
31384,19702675,10
31385,19702675,30
31386,19702675,30
31387,76016952,0
31388,19702675,20
31389,19702675,20
31390,19702675,20
31391,19702675,10
31392,19702675,60
31393,19702675,10
31394,19702675,30
31395,19702675,20
31396,19702675,20
31397,19702675,20
31398,876233,11860
31399,19702675,40
31400,19702675,50
31401,19702675,110
31402,19702675,30
31403,19702675,50
31404,19702675,50
31405,19702675,20
31406,19702675,60
31407,19702675,20
31408,19702675,20
31409,19702675,30
31410,19702675,20
31411,1586,500000
31412,19702675,80
31413,19702675,20
31414,19702675,30
31415,19702675,10
31416,876233,5430
31417,19702675,10
31418,19702675,40
31419,19702675,10
31420,876233,11270
31421,19702675,10
31422,19702675,10
31423,19702675,80
31424,19702675,10
31425,19702675,80
31426,19702675,30
31427,876233,10340
31428,1586,500000
31429,19702675,40
31430,19702675,60
31431,19702675,150
31432,19702675,50
31433,19702675,30
31434,19702675,50
31435,19702675,80
31436,19702675,50
31437,19702675,30
31438,19702675,40
31439,19702675,30
31440,1586,500000
31441,19702675,10
31442,19702675,150
31443,19702675,60
31444,1586,500000
31445,19702675,110
31446,19702675,60
31447,19702675,30
31448,19702675,10
31449,19702675,10
31450,19702675,10
31451,19702675,170
31452,19702675,10
31453,19702675,20
31454,19702675,20
31455,19702675,10
31456,19702675,40
31457,19702675,40
31458,19702675,20
31459,19702675,20
31460,19702675,10
31461,19702675,10
31462,19702675,320
31463,19702675,10
31464,19702675,40
31465,19702675,10
31466,876233,7650
31467,1586,500000
31468,19702675,30
31469,19702675,20
31470,19702675,20
31471,19702675,40
31472,19702675,10
31473,19702675,30
31474,19702675,60
31475,19702675,40
31476,19702675,80
31477,876233,9940
31478,19702675,70
31479,19702675,30
31480,1586,500000
31481,876233,7100
31482,19702675,70
31483,19702675,50
31484,19702675,30
31485,19702675,10
31486,19702675,10
31487,19702675,30
31488,19702675,60
31489,19702675,40
31490,19702675,40
31491,19702675,60
31492,19702675,60
31493,19702675,30
31494,19702675,50
31495,19702675,50
31496,19702675,30
31497,19702675,60
31498,19702675,20
31499,19702675,30
31500,876233,5600
31501,19702675,40
31502,19702675,30
31503,19702675,30
31504,19702675,10
31505,19702675,60
31506,19702675,20
31507,19702675,20
31508,19702675,30
31509,19702675,10
31510,19702675,60
31511,876233,9190
31512,19702675,30
31513,1586,500000
31514,19702675,20
31515,876233,12480
31516,1586,500000
31517,19702675,50
31518,19702675,30
31519,19702675,20
31520,19702675,10
31521,19702675,30
31522,19702675,10
31523,876233,5980
31524,19702675,40
31525,1586,500000
31526,19702675,20
31527,19702675,110
31528,19702675,20
31529,19702675,40
31530,1586,500000
31531,19702675,20
31532,19702675,30
31533,19702675,110
31534,19702675,10
31535,19702675,30
31536,1586,500000
31537,19702675,10
31538,19702675,30
31539,19702675,30
31540,19702675,20
31541,19702675,30
31542,19702675,40
31543,19702675,10
31544,876233,6700
31545,19702675,40
31546,19702675,30
31547,19702675,50
31548,19702675,40
31549,876233,8580
31550,19702675,60
31551,19702675,40
31552,19702675,30
31553,19702675,30
31554,19702675,10
31555,1586,500000
31556,19702675,30
31557,19702675,10
31558,19702675,30
31559,19702675,10
31560,19702675,40
31561,19702675,10
31562,19702675,50
31563,19702675,40
31564,19702675,20
31565,19702675,30
31566,19702675,30
31567,1586,500000
31568,19702675,90
31569,19702675,20
31570,19702675,10
31571,19702675,20
31572,19702675,60
31573,19702675,50
31574,76016952,0
31575,19702675,20
31576,19702675,30
31577,19702675,30
31578,19702675,20
31579,19702675,20
31580,1586,500000
31581,19702675,80
31582,1586,500000
31583,19702675,20
31584,19702675,20
31585,19702675,30
31586,19702675,40
31587,19702675,20
31588,19702675,20
31589,19702675,30
31590,19702675,40
31591,19702675,40
31592,19702675,30
31593,19702675,20
31594,19702675,20
31595,19702675,10
31596,19702675,20
31597,19702675,140
31598,19702675,50
31599,19702675,10
31600,19702675,50
31601,19702675,10
31602,1586,500000
31603,1586,500000
31604,19702675,40
31605,19702675,30
31606,19702675,60
31607,19702675,10
31608,19702675,40
31609,19702675,40
31610,19702675,80
31611,19702675,20
31612,19702675,10
31613,19702675,50
31614,1586,500000
31615,19702675,20
31616,19702675,30
31617,19702675,30
31618,19702675,70
31619,19702675,10
31620,19702675,20
31621,19702675,10
31622,876233,5270
31623,19702675,30
31624,19702675,20
31625,19702675,10
31626,19702675,20
31627,19702675,20
31628,19702675,20
31629,19702675,110
31630,19702675,40
31631,19702675,10
31632,19702675,10
31633,19702675,10
31634,19702675,60
31635,1586,500000
31636,19702675,10
31637,19702675,60
31638,19702675,30
31639,876233,8850
31640,19702675,20
31641,1586,500000
31642,1586,500000
31643,19702675,20
31644,19702675,10
31645,1586,500000
31646,19702675,30
31647,19702675,40
31648,19702675,40
31649,19702675,10
31650,19702675,30
31651,76016952,0
31652,19702675,10
31653,19702675,20
31654,19702675,20
31655,19702675,50
31656,19702675,50
31657,19702675,30
31658,19702675,10
31659,19702675,40
31660,19702675,40
31661,19702675,70
31662,19702675,10
31663,19702675,10
31664,19702675,40
31665,19702675,30
31666,19702675,10
31667,19702675,10
31668,19702675,20
31669,19702675,50
31670,19702675,20
31671,1586,500000
31672,19702675,60
31673,19702675,150
31674,19702675,10
31675,19702675,40
31676,19702675,110
31677,19702675,30
31678,19702675,30
31679,1586,500000
31680,19702675,10
31681,19702675,30
31682,19702675,90
31683,876233,6670
31684,19702675,10
31685,19702675,40
31686,19702675,10
31687,19702675,20
31688,19702675,130
31689,19702675,80
31690,19702675,10
31691,19702675,30
31692,76016952,0
31693,19702675,10
31694,19702675,20
31695,19702675,20
31696,19702675,10
31697,19702675,60
31698,19702675,10
31699,19702675,40
31700,19702675,100
31701,19702675,30
31702,1586,500000
31703,19702675,40
31704,19702675,10
31705,19702675,30
31706,19702675,70
31707,19702675,150
31708,19702675,20
31709,19702675,10
31710,19702675,20
31711,19702675,40
31712,19702675,10
31713,19702675,20
31714,19702675,10
31715,19702675,10
31716,19702675,40
31717,76016952,0
31718,19702675,20
31719,19702675,20
31720,19702675,10
31721,19702675,20
31722,19702675,40
31723,19702675,20
31724,19702675,140
31725,1586,500000
31726,19702675,10
31727,19702675,110
31728,19702675,30
31729,19702675,20
31730,19702675,10
31731,19702675,80
31732,19702675,80
31733,19702675,20
31734,19702675,10
31735,19702675,40
31736,19702675,20
31737,19702675,20
31738,19702675,60
31739,19702675,50
31740,19702675,40
31741,19702675,70
31742,19702675,10
31743,19702675,10
31744,19702675,70
31745,19702675,30
31746,19702675,10
31747,19702675,20
31748,19702675,50
31749,19702675,40
31750,19702675,20
31751,1586,500000
31752,876233,6820
31753,1586,500000
31754,19702675,20
31755,19702675,70
31756,19702675,110
31757,19702675,80
31758,19702675,30
31759,19702675,10
31760,19702675,20
31761,19702675,10
31762,19702675,50
31763,19702675,100
31764,19702675,10
31765,19702675,80
31766,19702675,40
31767,19702675,10
31768,19702675,10
31769,19702675,40
31770,19702675,10
31771,19702675,20
31772,19702675,10
31773,19702675,50
31774,1586,500000
31775,19702675,30
31776,19702675,20
31777,19702675,10
31778,19702675,20
31779,19702675,60
31780,19702675,40
31781,19702675,20
31782,76016952,0
31783,876233,7030
31784,876233,8000
31785,19702675,70
31786,19702675,30
31787,19702675,30
31788,19702675,30
31789,19702675,40
31790,19702675,10
31791,19702675,40
31792,19702675,20
31793,876233,10390
31794,19702675,10
31795,19702675,40
31796,19702675,20
31797,876233,18160
31798,19702675,30
31799,19702675,10
31800,19702675,30
31801,1586,500000
31802,19702675,60
31803,19702675,10
31804,19702675,60
31805,19702675,60
31806,19702675,30
31807,19702675,20
31808,19702675,50
31809,19702675,40
31810,876233,8210
31811,1586,500000
31812,19702675,110
31813,19702675,40
31814,19702675,30
31815,19702675,80
31816,19702675,30
31817,19702675,20
31818,876233,11090
31819,19702675,20
31820,19702675,10
31821,19702675,20
31822,19702675,60
31823,19702675,20
31824,1586,500000
31825,19702675,150
31826,19702675,30
31827,19702675,10
31828,876233,9520
31829,19702675,10
31830,876233,20050
31831,19702675,40
31832,19702675,20
31833,1586,500000
31834,19702675,30
31835,1586,500000
31836,19702675,30
31837,19702675,20
31838,19702675,30
31839,19702675,30
31840,19702675,20
31841,19702675,40
31842,1586,500000
31843,876233,6740
31844,19702675,20
31845,19702675,30
31846,19702675,40
31847,19702675,50
31848,19702675,80
31849,19702675,20
31850,19702675,10
31851,19702675,50
31852,19702675,10
31853,19702675,60
31854,19702675,30
31855,19702675,20
31856,19702675,20
31857,19702675,10
31858,19702675,30
31859,19702675,10
31860,19702675,10
31861,19702675,30
31862,19702675,20
31863,19702675,10
31864,1586,500000
31865,19702675,20
31866,19702675,60
31867,19702675,30
31868,76016952,0
31869,19702675,20
31870,1586,500000
31871,19702675,20
31872,19702675,10
31873,19702675,10
31874,19702675,50
31875,876233,13400
31876,19702675,20
31877,19702675,80
31878,19702675,30
31879,19702675,40
31880,19702675,30
31881,19702675,50
31882,19702675,150
31883,19702675,40
31884,19702675,10
31885,19702675,20
31886,19702675,20
31887,19702675,20
31888,19702675,110
31889,19702675,10
31890,19702675,10
31891,1586,500000
31892,876233,9460
31893,19702675,20
31894,19702675,20
31895,19702675,20
31896,19702675,30
31897,19702675,30
31898,19702675,30
31899,19702675,60
31900,19702675,40
31901,19702675,20
31902,19702675,150
31903,19702675,50
31904,19702675,20
31905,19702675,110
31906,19702675,20
31907,1586,500000
31908,19702675,10
31909,19702675,40
31910,19702675,60
31911,19702675,20
31912,19702675,80
31913,19702675,50
31914,19702675,110
31915,19702675,60
31916,19702675,20
31917,19702675,20
31918,19702675,30
31919,19702675,10
31920,876233,9260
31921,19702675,10
31922,19702675,60
31923,19702675,30
31924,19702675,30
31925,1586,500000
31926,19702675,10
31927,1586,500000
31928,19702675,20
31929,1586,500000
31930,19702675,50
31931,1586,500000
31932,19702675,40
31933,19702675,90
31934,876233,11550
31935,19702675,30
31936,19702675,30
31937,19702675,10
31938,19702675,30
31939,19702675,30
31940,19702675,20
31941,19702675,30
31942,19702675,20
31943,1586,500000
31944,19702675,80
31945,19702675,20
31946,19702675,10
31947,19702675,110
31948,19702675,10
31949,19702675,30
31950,876233,6880
31951,19702675,20
31952,1586,500000
31953,19702675,40
31954,19702675,10
31955,19702675,10
31956,19702675,20
31957,19702675,10
31958,19702675,60
31959,19702675,10
31960,19702675,20
31961,19702675,10
31962,19702675,10
31963,19702675,20
31964,19702675,20
31965,19702675,10
31966,19702675,10
31967,19702675,10
31968,19702675,110
31969,19702675,20
31970,1586,500000
31971,19702675,90
31972,19702675,80
31973,876233,9280
31974,19702675,10
31975,1586,500000
31976,19702675,10
31977,19702675,30
31978,19702675,80
31979,876233,8050
31980,19702675,20
31981,19702675,20
31982,19702675,10
31983,19702675,20
31984,19702675,10
31985,19702675,30
31986,19702675,20
31987,19702675,40
31988,19702675,10
31989,19702675,50
31990,19702675,20
31991,19702675,60
31992,19702675,10
31993,19702675,40
31994,19702675,10
31995,19702675,40
31996,19702675,60
31997,19702675,30
31998,19702675,30
31999,19702675,10
32000,19702675,10
32001,76016952,0
32002,76016952,0
32003,76016952,0
32004,76016952,0
32005,76016952,0
32006,76016952,0
32007,76016952,0
32008,76016952,0
32009,76016952,0
32010,76016952,0
32011,76016952,0
32012,76016952,0
32013,76016952,0
32014,76016952,0
32015,76016952,0
32016,76016952,0
32017,76016952,0
32018,76016952,0
32019,76016952,0
32020,76016952,0
32021,76016952,0
32022,76016952,0
32023,76016952,0
32024,76016952,0
32025,76016952,0
32026,76016952,0
32027,76016952,0
32028,76016952,0
32029,76016952,0
32030,76016952,0
32031,76016952,0
32032,76016952,0
32033,76016952,0
32034,76016952,0
32035,76016952,0
32036,76016952,0
32037,76016952,0
32038,76016952,0
32039,76016952,0
32040,76016952,0
32041,76016952,0
32042,76016952,0
32043,76016952,0
32044,76016952,0
32045,76016952,0
32046,76016952,0
32047,76016952,0
32048,76016952,0
32049,76016952,0
32050,76016952,0
32051,76016952,0
32052,76016952,0
32053,76016952,0
32054,76016952,0
32055,76016952,0
32056,76016952,0
32057,76016952,0
32058,76016952,0
32059,76016952,0
32060,76016952,0
32061,76016952,0
32062,76016952,0
32063,76016952,0
32064,76016952,0
32065,76016952,0
32066,76016952,0
32067,76016952,0
32068,76016952,0
32069,76016952,0
32070,76016952,0
32071,76016952,0
32072,76016952,0
32073,76016952,0
32074,76016952,0
32075,76016952,0
32076,76016952,0
32077,76016952,0
32078,76016952,0
32079,76016952,0
32080,76016952,0
32081,76016952,0
32082,76016952,0
32083,76016952,0
32084,76016952,0
32085,76016952,0
32086,76016952,0
32087,76016952,0
32088,76016952,0
32089,76016952,0
32090,76016952,0
32091,76016952,0
32092,76016952,0
32093,76016952,0
32094,76016952,0
32095,76016952,0
32096,76016952,0
32097,76016952,0
32098,76016952,0
32099,76016952,0
32100,76016952,0
32101,76016952,0
32102,76016952,0
32103,76016952,0
32104,76016952,0
32105,76016952,0
32106,76016952,0
32107,76016952,0
32108,76016952,0
32109,76016952,0
32110,76016952,0
32111,76016952,0
32112,76016952,0
32113,76016952,0
32114,76016952,0
32115,76016952,0
32116,76016952,0
32117,76016952,0
32118,76016952,0
32119,76016952,0
32120,76016952,0
32121,76016952,0
32122,76016952,0
32123,76016952,0
32124,76016952,0
32125,76016952,0
32126,76016952,0
32127,76016952,0
32128,76016952,0
32129,76016952,0
32130,76016952,0
32131,76016952,0
32132,76016952,0
32133,76016952,0
32134,76016952,0
32135,76016952,0
32136,76016952,0
32137,76016952,0
32138,76016952,0
32139,76016952,0
32140,76016952,0
32141,76016952,0
32142,76016952,0
32143,76016952,0
32144,76016952,0
32145,76016952,0
32146,76016952,0
32147,76016952,0
32148,76016952,0
32149,76016952,0
32150,76016952,0
32151,76016952,0
32152,76016952,0
32153,76016952,0
32154,76016952,0
32155,76016952,0
32156,76016952,0
32157,76016952,0
32158,76016952,0
32159,76016952,0
32160,76016952,0
32161,76016952,0
32162,76016952,0
32163,76016952,0
32164,76016952,0
32165,76016952,0
32166,76016952,0
32167,76016952,0
32168,76016952,0
32169,76016952,0
32170,76016952,0
32171,76016952,0
32172,76016952,0
32173,76016952,0
32174,76016952,0
32175,76016952,0
32176,76016952,0
32177,76016952,0
32178,76016952,0
32179,76016952,0
32180,76016952,0
32181,76016952,0
32182,76016952,0
32183,76016952,0
32184,76016952,0
32185,76016952,0
32186,76016952,0
32187,76016952,0
32188,76016952,0
32189,76016952,0
32190,76016952,0
32191,76016952,0
32192,76016952,0
32193,76016952,0
32194,76016952,0
32195,76016952,0
32196,76016952,0
32197,76016952,0
32198,76016952,0
32199,76016952,0
32200,76016952,0
32201,76016952,0
32202,76016952,0
32203,76016952,0
32204,76016952,0
32205,76016952,0
32206,76016952,0
32207,76016952,0
32208,76016952,0
32209,76016952,0
32210,76016952,0
32211,76016952,0
32212,76016952,0
32213,76016952,0
32214,76016952,0
32215,76016952,0
32216,76016952,0
32217,76016952,0
32218,76016952,0
32219,76016952,0
32220,76016952,0
32221,76016952,0
32222,76016952,0
32223,76016952,0
32224,76016952,0
32225,76016952,0
32226,76016952,0
32227,76016952,0
32228,76016952,0
32229,76016952,0
32230,76016952,0
32231,76016952,0
32232,76016952,0
32233,76016952,0
32234,76016952,0
32235,76016952,0
32236,76016952,0
32237,76016952,0
32238,76016952,0
32239,76016952,0
32240,76016952,0
32241,76016952,0
32242,76016952,0
32243,76016952,0
32244,76016952,0
32245,76016952,0
32246,76016952,0
32247,76016952,0
32248,76016952,0
32249,76016952,0
32250,76016952,0
32251,76016952,0
32252,76016952,0
32253,76016952,0
32254,76016952,0
32255,76016952,0
32256,76016952,0
32257,76016952,0
32258,76016952,0
32259,76016952,0
32260,76016952,0
32261,76016952,0
32262,76016952,0
32263,76016952,0
32264,76016952,0
32265,76016952,0
32266,76016952,0
32267,76016952,0
32268,76016952,0
32269,76016952,0
32270,76016952,0
32271,76016952,0
32272,76016952,0
32273,76016952,0
32274,76016952,0
32275,76016952,0
32276,76016952,0
32277,76016952,0
32278,76016952,0
32279,76016952,0
32280,76016952,0
32281,76016952,0
32282,76016952,0
32283,76016952,0
32284,76016952,0
32285,76016952,0
32286,76016952,0
32287,76016952,0
32288,76016952,0
32289,76016952,0
32290,76016952,0
32291,76016952,0
32292,76016952,0
32293,76016952,0
32294,76016952,0
32295,76016952,0
32296,76016952,0
32297,76016952,0
32298,76016952,0
32299,76016952,0
32300,76016952,0
32301,76016952,0
32302,76016952,0
32303,76016952,0
32304,76016952,0
32305,76016952,0
32306,76016952,0
32307,76016952,0
32308,76016952,0
32309,76016952,0
32310,76016952,0
32311,76016952,0
32312,76016952,0
32313,76016952,0
32314,76016952,0
32315,76016952,0
32316,76016952,0
32317,76016952,0
32318,76016952,0
32319,76016952,0
32320,76016952,0
32321,76016952,0
32322,76016952,0
32323,76016952,0
32324,76016952,0
32325,76016952,0
32326,76016952,0
32327,76016952,0
32328,76016952,0
32329,76016952,0
32330,76016952,0
32331,76016952,0
32332,76016952,0
32333,76016952,0
32334,76016952,0
32335,76016952,0
32336,76016952,0
32337,76016952,0
32338,76016952,0
32339,76016952,0
32340,76016952,0
32341,76016952,0
32342,76016952,0
32343,76016952,0
32344,76016952,0
32345,76016952,0
32346,76016952,0
32347,76016952,0
32348,76016952,0
32349,76016952,0
32350,76016952,0
32351,76016952,0
32352,76016952,0
32353,76016952,0
32354,76016952,0
32355,76016952,0
32356,76016952,0
32357,76016952,0
32358,76016952,0
32359,76016952,0
32360,76016952,0
32361,76016952,0
32362,76016952,0
32363,76016952,0
32364,76016952,0
32365,76016952,0
32366,76016952,0
32367,76016952,0
32368,76016952,0
32369,76016952,0
32370,76016952,0
32371,76016952,0
32372,76016952,0
32373,76016952,0
32374,76016952,0
32375,76016952,0
32376,76016952,0
32377,76016952,0
32378,76016952,0
32379,76016952,0
32380,76016952,0
32381,76016952,0
32382,76016952,0
32383,76016952,0
32384,76016952,0
32385,76016952,0
32386,76016952,0
32387,76016952,0
32388,76016952,0
32389,76016952,0
32390,76016952,0
32391,76016952,0
32392,76016952,0
32393,76016952,0
32394,76016952,0
32395,76016952,0
32396,76016952,0
32397,76016952,0
32398,76016952,0
32399,76016952,0
32400,76016952,0
32401,76016952,0
32402,76016952,0
32403,76016952,0
32404,76016952,0
32405,76016952,0
32406,76016952,0
32407,76016952,0
32408,76016952,0
32409,76016952,0
32410,76016952,0
32411,76016952,0
32412,76016952,0
32413,76016952,0
32414,76016952,0
32415,76016952,0
32416,76016952,0
32417,76016952,0
32418,76016952,0
32419,76016952,0
32420,76016952,0
32421,76016952,0
32422,76016952,0
32423,76016952,0
32424,76016952,0
32425,76016952,0
32426,76016952,0
32427,76016952,0
32428,76016952,0
32429,76016952,0
32430,76016952,0
32431,76016952,0
32432,76016952,0
32433,76016952,0
32434,76016952,0
32435,76016952,0
32436,76016952,0
32437,76016952,0
32438,76016952,0
32439,76016952,0
32440,76016952,0
32441,76016952,0
32442,76016952,0
32443,76016952,0
32444,76016952,0
32445,76016952,0
32446,76016952,0
32447,76016952,0
32448,76016952,0
32449,76016952,0
32450,76016952,0
32451,76016952,0
32452,76016952,0
32453,76016952,0
32454,76016952,0
32455,76016952,0
32456,76016952,0
32457,76016952,0
32458,76016952,0
32459,76016952,0
32460,76016952,0
32461,76016952,0
32462,76016952,0
32463,76016952,0
32464,76016952,0
32465,76016952,0
32466,76016952,0
32467,76016952,0
32468,76016952,0
32469,76016952,0
32470,76016952,0
32471,76016952,0
32472,76016952,0
32473,76016952,0
32474,76016952,0
32475,76016952,0
32476,76016952,0
32477,76016952,0
32478,76016952,0
32479,76016952,0
32480,76016952,0
32481,76016952,0
32482,76016952,0
32483,76016952,0
32484,76016952,0
32485,76016952,0
32486,76016952,0
32487,76016952,0
32488,76016952,0
32489,76016952,0
32490,76016952,0
32491,76016952,0
32492,76016952,0
32493,76016952,0
32494,76016952,0
32495,76016952,0
32496,76016952,0
32497,76016952,0
32498,76016952,0
32499,76016952,0
32500,76016952,0
32501,76016952,0
32502,76016952,0
32503,76016952,0
32504,76016952,0
32505,76016952,0
32506,76016952,0
32507,76016952,0
32508,76016952,0
32509,76016952,0
32510,76016952,0
32511,76016952,0
32512,76016952,0
32513,76016952,0
32514,76016952,0
32515,76016952,0
32516,76016952,0
32517,76016952,0
32518,76016952,0
32519,76016952,0
32520,76016952,0
32521,76016952,0
32522,76016952,0
32523,76016952,0
32524,76016952,0
32525,76016952,0
32526,76016952,0
32527,76016952,0
32528,76016952,0
32529,76016952,0
32530,76016952,0
32531,76016952,0
32532,76016952,0
32533,76016952,0
32534,76016952,0
32535,76016952,0
32536,76016952,0
32537,76016952,0
32538,76016952,0
32539,76016952,0
32540,76016952,0
32541,76016952,0
32542,76016952,0
32543,76016952,0
32544,76016952,0
32545,76016952,0
32546,76016952,0
32547,76016952,0
32548,76016952,0
32549,76016952,0
32550,76016952,0
32551,76016952,0
32552,76016952,0
32553,76016952,0
32554,76016952,0
32555,76016952,0
32556,76016952,0
32557,76016952,0
32558,76016952,0
32559,76016952,0
32560,76016952,0
32561,76016952,0
32562,76016952,0
32563,76016952,0
32564,76016952,0
32565,76016952,0
32566,76016952,0
32567,76016952,0
32568,76016952,0
32569,76016952,0
32570,76016952,0
32571,76016952,0
32572,76016952,0
32573,76016952,0
32574,76016952,0
32575,76016952,0
32576,76016952,0
32577,76016952,0
32578,76016952,0
32579,76016952,0
32580,76016952,0
32581,76016952,0
32582,76016952,0
32583,76016952,0
32584,76016952,0
32585,76016952,0
32586,76016952,0
32587,76016952,0
32588,76016952,0
32589,76016952,0
32590,76016952,0
32591,76016952,0
32592,76016952,0
32593,76016952,0
32594,76016952,0
32595,76016952,0
32596,76016952,0
32597,76016952,0
32598,76016952,0
32599,76016952,0
32600,76016952,0
32601,76016952,0
32602,76016952,0
32603,76016952,0
32604,76016952,0
32605,76016952,0
32606,76016952,0
32607,76016952,0
32608,76016952,0
32609,76016952,0
32610,76016952,0
32611,76016952,0
32612,76016952,0
32613,76016952,0
32614,76016952,0
32615,76016952,0
32616,76016952,0
32617,76016952,0
32618,76016952,0
32619,76016952,0
32620,76016952,0
32621,76016952,0
32622,76016952,0
32623,76016952,0
32624,76016952,0
32625,76016952,0
32626,76016952,0
32627,76016952,0
32628,76016952,0
32629,76016952,0
32630,76016952,0
32631,76016952,0
32632,76016952,0
32633,76016952,0
32634,76016952,0
32635,76016952,0
32636,76016952,0
32637,76016952,0
32638,76016952,0
32639,76016952,0
32640,76016952,0
32641,76016952,0
32642,76016952,0
32643,76016952,0
32644,76016952,0
32645,76016952,0
32646,76016952,0
32647,76016952,0
32648,76016952,0
32649,76016952,0
32650,76016952,0
32651,76016952,0
32652,76016952,0
32653,76016952,0
32654,76016952,0
32655,76016952,0
32656,76016952,0
32657,76016952,0
32658,76016952,0
32659,76016952,0
32660,76016952,0
32661,76016952,0
32662,76016952,0
32663,76016952,0
32664,76016952,0
32665,76016952,0
32666,76016952,0
32667,76016952,0
32668,76016952,0
32669,76016952,0
32670,76016952,0
32671,76016952,0
32672,76016952,0
32673,76016952,0
32674,76016952,0
32675,76016952,0
32676,76016952,0
32677,76016952,0
32678,76016952,0
32679,76016952,0
32680,76016952,0
32681,76016952,0
32682,76016952,0
32683,76016952,0
32684,76016952,0
32685,76016952,0
32686,76016952,0
32687,76016952,0
32688,76016952,0
32689,76016952,0
32690,76016952,0
32691,76016952,0
32692,76016952,0
32693,76016952,0
32694,76016952,0
32695,76016952,0
32696,76016952,0
32697,76016952,0
32698,76016952,0
32699,76016952,0
32700,76016952,0
32701,76016952,0
32702,76016952,0
32703,76016952,0
32704,76016952,0
32705,76016952,0
32706,76016952,0
32707,76016952,0
32708,76016952,0
32709,76016952,0
32710,76016952,0
32711,76016952,0
32712,76016952,0
32713,76016952,0
32714,76016952,0
32715,76016952,0
32716,76016952,0
32717,76016952,0
32718,76016952,0
32719,76016952,0
32720,76016952,0
32721,76016952,0
32722,76016952,0
32723,76016952,0
32724,76016952,0
32725,76016952,0
32726,76016952,0
32727,76016952,0
32728,76016952,0
32729,76016952,0
32730,76016952,0
32731,76016952,0
32732,76016952,0
32733,76016952,0
32734,76016952,0
32735,76016952,0
32736,76016952,0
32737,76016952,0
32738,76016952,0
32739,76016952,0
32740,76016952,0
32741,76016952,0
32742,76016952,0
32743,76016952,0
32744,76016952,0
32745,76016952,0
32746,76016952,0
32747,76016952,0
32748,76016952,0
32749,76016952,0
32750,76016952,0
32751,76016952,0
32752,76016952,0
32753,76016952,0
32754,76016952,0
32755,76016952,0
32756,76016952,0
32757,76016952,0
32758,76016952,0
32759,76016952,0
32760,76016952,0
32761,76016952,0
32762,76016952,0
32763,76016952,0
32764,76016952,0
32765,76016952,0
32766,76016952,0
32767,76016952,0
32768,76016952,0
32769,76016952,0
32770,76016952,0
32771,76016952,0
32772,76016952,0
32773,76016952,0
32774,76016952,0
32775,76016952,0
32776,76016952,0
32777,76016952,0
32778,76016952,0
32779,76016952,0
32780,76016952,0
32781,76016952,0
32782,76016952,0
32783,76016952,0
32784,76016952,0
32785,76016952,0
32786,76016952,0
32787,76016952,0
32788,76016952,0
32789,76016952,0
32790,76016952,0
32791,76016952,0
32792,76016952,0
32793,76016952,0
32794,76016952,0
32795,76016952,0
32796,76016952,0
32797,76016952,0
32798,76016952,0
32799,76016952,0
32800,76016952,0
32801,76016952,0
32802,76016952,0
32803,76016952,0
32804,76016952,0
32805,76016952,0
32806,76016952,0
32807,76016952,0
32808,76016952,0
32809,76016952,0
32810,76016952,0
32811,76016952,0
32812,76016952,0
32813,76016952,0
32814,76016952,0
32815,76016952,0
32816,76016952,0
32817,76016952,0
32818,76016952,0
32819,76016952,0
32820,76016952,0
32821,76016952,0
32822,76016952,0
32823,76016952,0
32824,76016952,0
32825,76016952,0
32826,76016951,0
32827,76016951,0
32828,76016951,0
32829,76016951,0
32830,76016951,0
32831,76016951,0
32832,76016951,0
32833,76016951,0
32834,76016951,0
32835,76016951,0
32836,76016951,0
32837,76016951,0
32838,76016951,0
32839,76016951,0
32840,76016951,0
32841,76016951,0
32842,76016951,0
32843,76016951,0
32844,76016951,0
32845,76016951,0
32846,76016951,0
32847,76016951,0
32848,76016951,0
32849,76016951,0
32850,76016951,0
32851,76016951,0
32852,76016951,0
32853,76016951,0
32854,76016951,0
32855,76016951,0
32856,76016951,0
32857,76016951,0
32858,76016951,0
32859,76016951,0
32860,76016951,0
32861,76016951,0
32862,76016951,0
32863,76016951,0
32864,76016951,0
32865,76016951,0
32866,76016951,0
32867,76016951,0
32868,76016951,0
32869,76016951,0
32870,76016951,0
32871,76016951,0
32872,76016951,0
32873,76016951,0
32874,76016951,0
32875,76016951,0
32876,76016951,0
32877,76016951,0
32878,76016951,0
32879,76016951,0
32880,76016951,0
32881,76016951,0
32882,76016951,0
32883,76016951,0
32884,76016951,0
32885,76016951,0
32886,76016951,0
32887,76016951,0
32888,76016951,0
32889,76016951,0
32890,76016951,0
32891,76016951,0
32892,76016951,0
32893,76016951,0
32894,76016951,0
32895,76016951,0
32896,76016951,0
32897,76016951,0
32898,76016951,0
32899,76016951,0
32900,76016951,0
32901,76016951,0
32902,76016951,0
32903,76016951,0
32904,76016951,0
32905,76016951,0
32906,76016951,0
32907,76016951,0
32908,76016951,0
32909,76016951,0
32910,76016951,0
32911,76016951,0
32912,76016951,0
32913,76016951,0
32914,76016951,0
32915,76016951,0
32916,76016951,0
32917,76016951,0
32918,76016951,0
32919,76016951,0
32920,76016951,0
32921,76016951,0
32922,76016951,0
32923,76016951,0
32924,76016951,0
32925,76016951,0
32926,76016951,0
32927,76016951,0
32928,76016951,0
32929,76016951,0
32930,76016951,0
32931,76016951,0
32932,76016951,0
32933,76016951,0
32934,76016951,0
32935,76016951,0
32936,76016951,0
32937,76016951,0
32938,76016951,0
32939,76016951,0
32940,76016951,0
32941,76016951,0
32942,76016951,0
32943,76016951,0
32944,76016951,0
32945,76016951,0
32946,76016951,0
32947,76016951,0
32948,76016951,0
32949,76016951,0
32950,76016951,0
32951,76016951,0
32952,76016951,0
32953,76016951,0
32954,76016951,0
32955,76016951,0
32956,76016951,0
32957,76016951,0
32958,76016951,0
32959,76016951,0
32960,76016951,0
32961,76016951,0
32962,76016951,0
32963,76016951,0
32964,76016951,0
32965,76016951,0
32966,76016951,0
32967,76016951,0
32968,76016951,0
32969,76016951,0
32970,76016951,0
32971,76016951,0
32972,76016951,0
32973,76016951,0
32974,76016951,0
32975,76016951,0
32976,76016951,0
32977,76016951,0
32978,76016951,0
32979,76016951,0
32980,76016951,0
32981,76016951,0
32982,76016951,0
32983,76016951,0
32984,76016951,0
32985,76016951,0
32986,76016951,0
32987,76016951,0
32988,76016951,0
32989,76016951,0
32990,76016951,0
32991,76016951,0
32992,76016951,0
32993,76016951,0
32994,76016951,0
32995,76016951,0
32996,76016951,0
32997,76016951,0
32998,76016951,0
32999,76016951,0
33000,76016951,0
33001,76016951,0
33002,76016951,0
33003,76016951,0
33004,76016951,0
33005,76016951,0
33006,76016951,0
33007,76016951,0
33008,76016951,0
33009,76016951,0
33010,76016951,0
33011,76016951,0
33012,76016951,0
33013,76016951,0
33014,76016951,0
33015,76016951,0
33016,76016951,0
33017,76016951,0
33018,76016951,0
33019,76016951,0
33020,76016951,0
33021,76016951,0
33022,76016951,0
33023,76016951,0
33024,76016951,0
33025,76016951,0
33026,76016951,0
33027,76016951,0
33028,76016951,0
33029,76016951,0
33030,76016951,0
33031,76016951,0
33032,76016951,0
33033,76016951,0
33034,76016951,0
33035,76016951,0
33036,76016951,0
33037,76016951,0
33038,76016951,0
33039,76016951,0
33040,76016951,0
33041,76016951,0
33042,76016951,0
33043,76016951,0
33044,76016951,0
33045,76016951,0
33046,76016951,0
33047,76016951,0
33048,76016951,0
33049,76016951,0
33050,76016951,0
33051,76016951,0
33052,76016951,0
33053,76016951,0
33054,76016951,0
33055,76016951,0
33056,76016951,0
33057,76016951,0
33058,76016951,0
33059,76016951,0
33060,76016951,0
33061,76016951,0
33062,76016951,0
33063,76016951,0
33064,76016951,0
33065,76016951,0
33066,76016951,0
33067,76016951,0
33068,76016951,0
33069,76016951,0
33070,76016951,0
33071,76016951,0
33072,76016951,0
33073,76016951,0
33074,76016951,0
33075,76016951,0
33076,76016951,0
33077,76016951,0
33078,76016951,0
33079,76016951,0
33080,76016951,0
33081,76016951,0
33082,76016951,0
33083,76016951,0
33084,76016951,0
33085,76016951,0
33086,76016951,0
33087,76016951,0
33088,76016951,0
33089,76016951,0
33090,76016951,0
33091,76016951,0
33092,76016951,0
33093,76016951,0
33094,76016951,0
33095,76016951,0
33096,76016951,0
33097,76016951,0
33098,76016951,0
33099,76016951,0
33100,76016951,0
33101,76016951,0
33102,76016951,0
33103,76016951,0
33104,76016951,0
33105,76016951,0
33106,76016951,0
33107,76016951,0
33108,76016951,0
33109,76016951,0
33110,76016951,0
33111,76016951,0
33112,76016951,0
33113,76016951,0
33114,76016951,0
33115,76016951,0
33116,76016951,0
33117,76016951,0
33118,76016951,0
33119,76016951,0
33120,76016951,0
33121,76016951,0
33122,76016951,0
33123,76016951,0
33124,76016951,0
33125,76016951,0
33126,76016951,0
33127,76016951,0
33128,76016951,0
33129,76016951,0
33130,76016951,0
33131,76016951,0
33132,76016951,0
33133,76016951,0
33134,76016951,0
33135,76016951,0
33136,76016951,0
33137,76016951,0
33138,76016951,0
33139,76016951,0
33140,76016951,0
33141,76016951,0
33142,76016951,0
33143,76016951,0
33144,76016951,0
33145,76016951,0
33146,76016951,0
33147,76016951,0
33148,76016951,0
33149,76016951,0
33150,76016951,0
33151,76016951,0
33152,76016951,0
33153,76016951,0
33154,76016951,0
33155,76016951,0
33156,76016951,0
33157,76016951,0
33158,76016951,0
33159,76016951,0
33160,76016951,0
33161,76016951,0
33162,76016951,0
33163,76016951,0
33164,76016951,0
33165,76016951,0
33166,76016951,0
33167,76016951,0
33168,76016951,0
33169,76016951,0
33170,76016951,0
33171,76016951,0
33172,76016951,0
33173,76016951,0
33174,76016951,0
33175,76016951,0
33176,76016951,0
33177,76016951,0
33178,76016951,0
33179,76016951,0
33180,76016951,0
33181,76016951,0
33182,76016951,0
33183,76016951,0
33184,76016951,0
33185,76016951,0
33186,76016951,0
33187,76016951,0
33188,76016951,0
33189,76016951,0
33190,76016951,0
33191,76016951,0
33192,76016951,0
33193,76016951,0
33194,76016951,0
33195,76016951,0
33196,76016951,0
33197,76016951,0
33198,76016951,0
33199,76016951,0
33200,76016951,0
33201,76016951,0
33202,76016951,0
33203,76016951,0
33204,76016951,0
33205,76016951,0
33206,76016951,0
33207,76016951,0
33208,76016951,0
33209,76016951,0
33210,76016951,0
33211,76016951,0
33212,76016951,0
33213,76016951,0
33214,76016951,0
33215,76016951,0
33216,76016951,0
33217,76016951,0
33218,76016951,0
33219,76016951,0
33220,76016951,0
33221,76016951,0
33222,76016951,0
33223,76016951,0
33224,76016951,0
33225,76016951,0
33226,76016951,0
33227,76016951,0
33228,76016951,0
33229,76016951,0
33230,76016951,0
33231,76016951,0
33232,76016951,0
33233,76016951,0
33234,76016951,0
33235,76016951,0
33236,76016951,0
33237,76016951,0
33238,76016951,0
33239,76016951,0
33240,76016951,0
33241,76016951,0
33242,76016951,0
33243,76016951,0
33244,76016951,0
33245,76016951,0
33246,76016951,0
33247,76016951,0
33248,76016951,0
33249,76016951,0
33250,76016951,0
33251,76016951,0
33252,76016951,0
33253,76016951,0
33254,76016951,0
33255,76016951,0
33256,76016951,0
33257,76016951,0
33258,76016951,0
33259,76016951,0
33260,76016951,0
33261,76016951,0
33262,76016951,0
33263,76016951,0
33264,76016951,0
33265,76016951,0
33266,76016951,0
33267,76016951,0
33268,76016951,0
33269,76016951,0
33270,76016951,0
33271,76016951,0
33272,76016951,0
33273,76016951,0
33274,76016951,0
33275,76016951,0
33276,76016951,0
33277,76016951,0
33278,76016951,0
33279,76016951,0
33280,76016951,0
33281,76016951,0
33282,76016951,0
33283,76016951,0
33284,76016951,0
33285,76016951,0
33286,76016951,0
33287,76016951,0
33288,76016951,0
33289,76016951,0
33290,76016951,0
33291,76016951,0
33292,76016951,0
33293,76016951,0
33294,76016951,0
33295,76016951,0
33296,76016951,0
33297,76016951,0
33298,76016951,0
33299,76016951,0
33300,76016951,0
33301,76016951,0
33302,76016951,0
33303,76016951,0
33304,76016951,0
33305,76016951,0
33306,76016951,0
33307,76016951,0
33308,76016951,0
33309,76016951,0
33310,76016951,0
33311,76016951,0
33312,76016951,0
33313,76016951,0
33314,76016951,0
33315,76016951,0
33316,76016951,0
33317,76016951,0
33318,76016951,0
33319,76016951,0
33320,76016951,0
33321,76016951,0
33322,76016951,0
33323,76016951,0
33324,76016951,0
33325,76016951,0
33326,76016951,0
33327,76016951,0
33328,76016951,0
33329,76016951,0
33330,76016951,0
33331,76016951,0
33332,76016951,0
33333,76016951,0
33334,76016951,0
33335,76016951,0
33336,76016951,0
33337,76016951,0
33338,76016951,0
33339,76016951,0
33340,76016951,0
33341,76016951,0
33342,76016951,0
33343,76016951,0
33344,76016951,0
33345,76016951,0
33346,76016951,0
33347,76016951,0
33348,76016951,0
33349,76016951,0
33350,76016951,0
33351,76016951,0
33352,76016951,0
33353,76016951,0
33354,76016951,0
33355,76016951,0
33356,76016951,0
33357,76016951,0
33358,76016951,0
33359,76016951,0
33360,76016951,0
33361,76016951,0
33362,76016951,0
33363,76016951,0
33364,76016951,0
33365,76016951,0
33366,76016951,0
33367,76016951,0
33368,76016951,0
33369,76016951,0
33370,76016951,0
33371,76016951,0
33372,76016951,0
33373,76016951,0
33374,76016951,0
33375,76016951,0
33376,76016951,0
33377,76016951,0
33378,76016951,0
33379,76016951,0
33380,76016951,0
33381,76016951,0
33382,76016951,0
33383,76016951,0
33384,76016951,0
33385,76016951,0
33386,76016951,0
33387,76016951,0
33388,76016951,0
33389,76016951,0
33390,76016951,0
33391,76016951,0
33392,76016951,0
33393,76016951,0
33394,76016951,0
33395,76016951,0
33396,76016951,0
33397,76016951,0
33398,76016951,0
33399,76016951,0
33400,76016951,0
33401,76016951,0
33402,76016951,0
33403,76016951,0
33404,76016951,0
33405,76016951,0
33406,76016951,0
33407,76016951,0
33408,76016951,0
33409,76016951,0
33410,76016951,0
33411,76016951,0
33412,76016951,0
33413,76016951,0
33414,76016951,0
33415,76016951,0
33416,76016951,0
33417,76016951,0
33418,76016951,0
33419,76016951,0
33420,76016951,0
33421,76016951,0
33422,76016951,0
33423,76016951,0
33424,76016951,0
33425,76016951,0
33426,76016951,0
33427,76016951,0
33428,76016951,0
33429,76016951,0
33430,76016951,0
33431,76016951,0
33432,76016951,0
33433,76016951,0
33434,76016951,0
33435,76016951,0
33436,76016951,0
33437,76016951,0
33438,76016951,0
33439,76016951,0
33440,76016951,0
33441,76016951,0
33442,76016951,0
33443,76016951,0
33444,76016951,0
33445,76016951,0
33446,76016951,0
33447,76016951,0
33448,76016951,0
33449,76016951,0
33450,76016951,0
33451,76016951,0
33452,76016951,0
33453,76016951,0
33454,76016951,0
33455,76016951,0
33456,76016951,0
33457,76016951,0
33458,76016951,0
33459,76016951,0
33460,76016951,0
33461,76016951,0
33462,76016951,0
33463,76016951,0
33464,76016951,0
33465,76016951,0
33466,76016951,0
33467,76016951,0
33468,76016951,0
33469,76016951,0
33470,76016951,0
33471,76016951,0
33472,76016951,0
33473,76016951,0
33474,76016951,0
33475,76016951,0
33476,76016951,0
33477,76016951,0
33478,76016951,0
33479,76016951,0
33480,76016951,0
33481,76016951,0
33482,76016951,0
33483,76016951,0
33484,76016951,0
33485,76016951,0
33486,76016951,0
33487,76016951,0
33488,76016951,0
33489,76016951,0
33490,76016951,0
33491,76016951,0
33492,76016951,0
33493,76016951,0
33494,76016951,0
33495,76016951,0
33496,76016951,0
33497,76016951,0
33498,76016951,0
33499,76016951,0
33500,76016951,0
33501,76016951,0
33502,76016951,0
33503,76016951,0
33504,76016951,0
33505,76016951,0
33506,76016951,0
33507,76016951,0
33508,76016951,0
33509,76016951,0
33510,76016951,0
33511,76016951,0
33512,76016951,0
33513,76016951,0
33514,76016951,0
33515,76016951,0
33516,76016951,0
33517,76016951,0
33518,76016951,0
33519,76016951,0
33520,76016951,0
33521,76016951,0
33522,76016951,0
33523,76016951,0
33524,76016951,0
33525,76016951,0
33526,76016951,0
33527,76016951,0
33528,76016951,0
33529,76016951,0
33530,76016951,0
33531,76016951,0
33532,76016951,0
33533,76016951,0
33534,76016951,0
33535,76016951,0
33536,76016951,0
33537,76016951,0
33538,76016951,0
33539,76016951,0
33540,76016951,0
33541,76016951,0
33542,76016951,0
33543,76016951,0
33544,76016951,0
33545,76016951,0
33546,76016951,0
33547,76016951,0
33548,76016951,0
33549,76016951,0
33550,76016951,0
33551,76016951,0
33552,76016951,0
33553,76016951,0
33554,76016951,0
33555,76016951,0
33556,76016951,0
33557,76016951,0
33558,76016951,0
33559,76016951,0
33560,76016951,0
33561,76016951,0
33562,76016951,0
33563,76016951,0
33564,76016951,0
33565,76016951,0
33566,76016951,0
33567,76016951,0
33568,76016951,0
33569,76016951,0
33570,76016951,0
33571,76016951,0
33572,76016951,0
33573,76016951,0
33574,76016951,0
33575,76016951,0
33576,76016951,0
33577,76016951,0
33578,76016951,0
33579,76016951,0
33580,76016951,0
33581,76016951,0
33582,76016951,0
33583,76016951,0
33584,76016951,0
33585,76016951,0
33586,76016951,0
33587,76016951,0
33588,76016951,0
33589,76016951,0
33590,76016951,0
33591,76016951,0
33592,76016951,0
33593,76016951,0
33594,76016951,0
33595,76016951,0
33596,76016951,0
33597,76016951,0
33598,76016951,0
33599,76016951,0
33600,76016951,0
33601,76016951,0
33602,76016951,0
33603,76016951,0
33604,76016951,0
33605,76016951,0
33606,76016951,0
33607,76016951,0
33608,76016951,0
33609,76016951,0
33610,76016951,0
33611,76016951,0
33612,76016951,0
33613,76016951,0
33614,76016951,0
33615,76016951,0
33616,76016951,0
33617,76016951,0
33618,76016951,0
33619,76016951,0
33620,76016951,0
33621,76016951,0
33622,76016951,0
33623,76016951,0
33624,76016951,0
33625,76016951,0
33626,76016951,0
33627,76016951,0
33628,76016951,0
33629,76016951,0
33630,76016951,0
33631,76016951,0
33632,76016951,0
33633,76016951,0
33634,76016951,0
33635,76016951,0
33636,76016951,0
33637,76016951,0
33638,76016951,0
33639,76016951,0
33640,76016951,0
33641,76016951,0
33642,76016951,0
33643,76016951,0
33644,76016951,0
33645,76016951,0
33646,76016951,0
33647,76016951,0
33648,76016951,0
33649,76016951,0
33650,76016951,0
33651,76016951,0
33652,76016951,0
33653,76016951,0
33654,76016951,0
33655,76016951,0
33656,76016951,0
33657,76016951,0
33658,76016951,0
33659,76016951,0
33660,76016951,0
33661,76016951,0
33662,76016951,0
33663,76016951,0
33664,76016951,0
33665,76016951,0
33666,76016951,0
33667,76016951,0
33668,76016951,0
33669,76016951,0
33670,76016951,0
33671,76016951,0
33672,76016951,0
33673,76016951,0
33674,76016951,0
33675,76016951,0
33676,76016951,0
33677,76016951,0
33678,76016951,0
33679,76016951,0
33680,76016951,0
33681,76016951,0
33682,76016951,0
33683,76016951,0
33684,76016951,0
33685,76016951,0
33686,76016951,0
33687,76016951,0
33688,76016951,0
33689,76016951,0
33690,76016951,0
33691,76016951,0
33692,76016951,0
33693,76016951,0
33694,76016951,0
33695,76016951,0
33696,76016951,0
33697,76016951,0
33698,76016951,0
33699,76016951,0
33700,76016951,0
33701,76016951,0
33702,76016951,0
33703,76016951,0
33704,76016951,0
33705,76016951,0
33706,76016951,0
33707,76016951,0
33708,76016951,0
33709,76016951,0
33710,76016951,0
33711,76016951,0
33712,76016951,0
33713,76016951,0
33714,76016951,0
33715,76016951,0
33716,76016951,0
33717,76016951,0
33718,76016951,0
33719,76016951,0
33720,76016951,0
33721,76016951,0
33722,76016951,0
33723,76016951,0
33724,76016951,0
33725,76016951,0
33726,76016951,0
33727,76016951,0
33728,76016951,0
33729,76016951,0
33730,76016951,0
33731,76016951,0
33732,76016951,0
33733,76016951,0
33734,76016951,0
33735,76016951,0
33736,76016951,0
33737,76016951,0
33738,76016951,0
33739,76016951,0
33740,76016951,0
33741,76016951,0
33742,76016951,0
33743,76016951,0
33744,76016951,0
33745,76016951,0
33746,76016951,0
33747,76016951,0
33748,76016951,0
33749,76016951,0
33750,76016951,0
33751,76016951,0
33752,76016951,0
33753,76016951,0
33754,76016951,0
33755,76016951,0
33756,76016951,0
33757,76016951,0
33758,76016951,0
33759,76016951,0
33760,76016951,0
33761,76016951,0
33762,76016951,0
33763,76016951,0
33764,76016951,0
33765,76016951,0
33766,76016951,0
33767,76016951,0
33768,76016951,0
33769,76016951,0
33770,76016951,0
33771,76016951,0
33772,76016951,0
33773,76016951,0
33774,76016951,0
33775,76016951,0
33776,76016951,0
33777,76016951,0
33778,76016951,0
33779,76016951,0
33780,76016951,0
33781,76016951,0
33782,76016951,0
33783,76016951,0
33784,76016951,0
33785,76016951,0
33786,76016951,0
33787,76016951,0
33788,76016951,0
33789,76016951,0
33790,76016951,0
33791,76016951,0
33792,76016951,0
33793,76016951,0
33794,76016951,0
33795,76016951,0
33796,76016951,0
33797,76016951,0
33798,76016951,0
33799,76016951,0
33800,76016951,0
33801,76016951,0
33802,76016951,0
33803,76016951,0
33804,76016951,0
33805,76016951,0
33806,76016951,0
33807,76016951,0
33808,76016951,0
33809,76016951,0
33810,76016951,0
33811,76016951,0
33812,76016951,0
33813,76016951,0
33814,76016951,0
33815,76016951,0
33816,76016951,0
33817,76016951,0
33818,76016951,0
33819,76016951,0
33820,76016951,0
33821,76016951,0
33822,76016951,0
33823,76016951,0
33824,76016951,0
33825,76016951,0
33826,76016951,0
33827,76016951,0
33828,76016951,0
33829,76016951,0
33830,76016951,0
33831,76016951,0
33832,76016951,0
33833,76016951,0
33834,76016951,0
33835,76016951,0
33836,76016951,0
33837,76016951,0
33838,76016951,0
33839,76016951,0
33840,76016951,0
33841,76016951,0
33842,76016951,0
33843,76016951,0
33844,76016951,0
33845,76016951,0
33846,76016951,0
33847,76016951,0
33848,76016951,0
33849,76016951,0
33850,76016951,0
33851,76016951,0
33852,76016951,0
33853,76016951,0
33854,76016951,0
33855,76016951,0
33856,76016951,0
33857,76016951,0
33858,76016951,0
33859,76016951,0
33860,76016951,0
33861,76016951,0
33862,76016951,0
33863,76016951,0
33864,76016951,0
33865,76016951,0
33866,76016951,0
33867,76016951,0
33868,76016951,0
33869,76016951,0
33870,76016951,0
33871,76016951,0
33872,76016951,0
33873,76016951,0
33874,76016951,0
33875,76016951,0
33876,76016951,0
33877,76016951,0
33878,76016951,0
33879,76016951,0
33880,76016951,0
33881,76016951,0
33882,76016951,0
33883,76016951,0
33884,76016951,0
33885,76016951,0
33886,76016951,0
33887,76016951,0
33888,76016951,0
33889,76016951,0
33890,76016951,0
33891,76016951,0
33892,76016951,0
33893,76016951,0
33894,76016951,0
33895,76016951,0
33896,76016951,0
33897,76016951,0
33898,76016951,0
33899,76016951,0
33900,76016951,0
33901,76016951,0
33902,76016951,0
33903,76016951,0
33904,76016951,0
33905,76016951,0
33906,76016951,0
33907,76016951,0
33908,76016951,0
33909,76016951,0
33910,76016951,0
33911,76016951,0
33912,76016951,0
33913,76016951,0
33914,76016951,0
33915,76016951,0
33916,76016951,0
33917,76016951,0
33918,76016951,0
33919,76016951,0
33920,76016951,0
33921,76016951,0
33922,76016951,0
33923,76016951,0
33924,76016951,0
33925,76016951,0
33926,76016951,0
33927,76016951,0
33928,76016951,0
33929,76016951,0
33930,76016951,0
33931,76016951,0
33932,76016951,0
33933,76016951,0
33934,76016951,0
33935,76016951,0
33936,76016951,0
33937,76016951,0
33938,76016951,0
33939,76016951,0
33940,76016951,0
33941,76016951,0
33942,76016951,0
33943,76016951,0
33944,76016951,0
33945,76016951,0
33946,76016951,0
33947,76016951,0
33948,76016951,0
33949,76016951,0
33950,76016951,0
33951,76016951,0
33952,76016951,0
33953,76016951,0
33954,76016951,0
33955,76016951,0
33956,76016951,0
33957,76016951,0
33958,76016951,0
33959,76016951,0
33960,76016951,0
33961,76016951,0
33962,76016951,0
33963,76016951,0
33964,76016951,0
33965,76016951,0
33966,76016951,0
33967,76016951,0
33968,76016951,0
33969,76016951,0
33970,76016951,0
33971,76016951,0
33972,76016951,0
33973,76016951,0
33974,76016951,0
33975,76016951,0
33976,76016951,0
33977,76016951,0
33978,76016951,0
33979,76016951,0
33980,76016951,0
33981,76016951,0
33982,76016951,0
33983,76016951,0
33984,76016951,0
33985,76016951,0
33986,76016951,0
33987,76016951,0
33988,76016951,0
33989,76016951,0
33990,76016951,0
33991,76016951,0
33992,76016951,0
33993,76016951,0
33994,76016951,0
33995,76016951,0
33996,76016951,0
33997,76016951,0
33998,76016951,0
33999,76016951,0
34000,76016951,0
34001,76016951,0
34002,76016951,0
34003,76016951,0
34004,76016951,0
34005,76016951,0
34006,76016951,0
34007,76016951,0
34008,76016951,0
34009,76016951,0
34010,76016951,0
34011,76016951,0
34012,76016951,0
34013,76016951,0
34014,76016951,0
34015,76016951,0
34016,76016951,0
34017,76016951,0
34018,76016951,0
34019,76016951,0
34020,76016951,0
34021,76016951,0
34022,76016951,0
34023,76016951,0
34024,76016951,0
34025,76016951,0
34026,76016951,0
34027,76016951,0
34028,76016951,0
34029,76016951,0
34030,76016951,0
34031,76016951,0
34032,76016951,0
34033,76016951,0
34034,76016951,0
34035,76016951,0
34036,76016951,0
34037,76016951,0
34038,76016951,0
34039,76016951,0
34040,76016951,0
34041,76016951,0
34042,76016951,0
34043,76016951,0
34044,76016951,0
34045,76016951,0
34046,76016951,0
34047,76016951,0
34048,76016951,0
34049,76016951,0
34050,76016951,0
34051,76016951,0
34052,76016951,0
34053,76016951,0
34054,76016951,0
34055,76016951,0
34056,76016951,0
34057,76016951,0
34058,76016951,0
34059,76016951,0
34060,76016951,0
34061,76016951,0
34062,76016951,0
34063,76016951,0
34064,76016951,0
34065,76016951,0
34066,76016951,0
34067,76016951,0
34068,76016951,0
34069,76016951,0
34070,76016951,0
34071,76016951,0
34072,76016951,0
34073,76016951,0
34074,76016951,0
34075,76016951,0
34076,76016951,0
34077,76016951,0
34078,76016951,0
34079,76016951,0
34080,76016951,0
34081,76016951,0
34082,76016951,0
34083,76016951,0
34084,76016951,0
34085,76016951,0
34086,76016951,0
34087,76016951,0
34088,76016951,0
34089,76016951,0
34090,76016951,0
34091,76016951,0
34092,76016951,0
34093,76016951,0
34094,76016951,0
34095,76016951,0
34096,76016951,0
34097,76016951,0
34098,76016951,0
34099,76016951,0
34100,76016951,0
34101,76016951,0
34102,76016951,0
34103,76016951,0
34104,76016951,0
34105,76016951,0
34106,76016951,0
34107,76016951,0
34108,76016951,0
34109,76016951,0
34110,76016951,0
34111,76016951,0
34112,76016951,0
34113,76016951,0
34114,76016951,0
34115,76016951,0
34116,76016951,0
34117,76016951,0
34118,76016951,0
34119,76016951,0
34120,76016951,0
34121,76016951,0
34122,76016951,0
34123,76016951,0
34124,76016951,0
34125,76016951,0
34126,76016951,0
34127,76016951,0
34128,76016951,0
34129,76016951,0
34130,76016951,0
34131,76016951,0
34132,76016951,0
34133,76016951,0
34134,76016951,0
34135,76016951,0
34136,76016951,0
34137,76016951,0
34138,76016951,0
34139,76016951,0
34140,76016951,0
34141,76016951,0
34142,76016951,0
34143,76016951,0
34144,76016951,0
34145,76016951,0
34146,76016951,0
34147,76016951,0
34148,76016951,0
34149,76016951,0
34150,76016951,0
34151,76016951,0
34152,76016951,0
34153,76016951,0
34154,76016951,0
34155,76016951,0
34156,76016951,0
34157,76016951,0
34158,76016951,0
34159,76016951,0
34160,76016951,0
34161,76016951,0
34162,76016951,0
34163,76016951,0
34164,76016951,0
34165,76016951,0
34166,76016951,0
34167,76016951,0
34168,76016951,0
34169,76016951,0
34170,76016951,0
34171,76016951,0
34172,76016951,0
34173,76016951,0
34174,76016951,0
34175,76016951,0
34176,76016951,0
34177,76016951,0
34178,76016951,0
34179,76016951,0
34180,76016951,0
34181,76016951,0
34182,76016951,0
34183,76016951,0
34184,76016951,0
34185,76016951,0
34186,76016951,0
34187,76016951,0
34188,76016951,0
34189,76016951,0
34190,76016951,0
34191,76016951,0
34192,76016951,0
34193,76016951,0
34194,76016951,0
34195,76016951,0
34196,76016951,0
34197,76016951,0
34198,76016951,0
34199,76016951,0
34200,76016951,0
34201,76016951,0
34202,76016951,0
34203,76016951,0
34204,76016951,0
34205,76016951,0
34206,76016951,0
34207,76016951,0
34208,76016951,0
34209,76016951,0
34210,76016951,0
34211,76016951,0
34212,76016951,0
34213,76016951,0
34214,76016951,0
34215,76016951,0
34216,76016951,0
34217,76016951,0
34218,76016951,0
34219,76016951,0
34220,76016951,0
34221,76016951,0
34222,76016951,0
34223,76016951,0
34224,76016951,0
34225,76016951,0
34226,76016951,0
34227,76016951,0
34228,76016951,0
34229,76016951,0
34230,76016951,0
34231,76016951,0
34232,76016951,0
34233,76016951,0
34234,76016951,0
34235,76016951,0
34236,76016951,0
34237,76016951,0
34238,76016951,0
34239,76016951,0
34240,76016951,0
34241,76016951,0
34242,76016951,0
34243,76016951,0
34244,76016951,0
34245,76016951,0
34246,76016951,0
34247,76016951,0
34248,76016951,0
34249,76016951,0
34250,76016951,0
34251,76016951,0
34252,76016951,0
34253,76016951,0
34254,76016951,0
34255,76016951,0
34256,76016951,0
34257,76016951,0
34258,76016951,0
34259,76016951,0
34260,76016951,0
34261,76016951,0
34262,76016951,0
34263,76016951,0
34264,76016951,0
34265,76016951,0
34266,76016951,0
34267,76016951,0
34268,76016951,0
34269,76016951,0
34270,76016951,0
34271,76016951,0
34272,76016951,0
34273,76016951,0
34274,76016951,0
34275,76016951,0
34276,76016951,0
34277,76016951,0
34278,76016951,0
34279,76016951,0
34280,76016951,0
34281,76016951,0
34282,76016951,0
34283,76016951,0
34284,76016951,0
34285,76016951,0
34286,76016951,0
34287,76016951,0
34288,76016951,0
34289,76016951,0
34290,76016951,0
34291,76016951,0
34292,76016951,0
34293,76016951,0
34294,76016951,0
34295,76016951,0
34296,76016951,0
34297,76016951,0
34298,76016951,0
34299,76016951,0
34300,76016951,0
34301,76016951,0
34302,76016951,0
34303,76016951,0
34304,76016951,0
34305,76016951,0
34306,76016951,0
34307,76016951,0
34308,76016951,0
34309,76016951,0
34310,76016951,0
34311,76016951,0
34312,76016951,0
34313,76016951,0
34314,76016951,0
34315,76016951,0
34316,76016951,0
34317,76016951,0
34318,76016951,0
34319,76016951,0
34320,76016951,0
34321,76016951,0
34322,76016951,0
34323,76016951,0
34324,76016951,0
34325,76016951,0
34326,76016951,0
34327,76016951,0
34328,76016951,0
34329,76016951,0
34330,76016951,0
34331,76016951,0
34332,76016951,0
34333,76016951,0
34334,76016951,0
34335,76016951,0
34336,76016951,0
34337,76016951,0
34338,76016951,0
34339,76016951,0
34340,76016951,0
34341,76016951,0
34342,76016951,0
34343,76016951,0
34344,76016951,0
34345,76016951,0
34346,76016951,0
34347,76016951,0
34348,76016951,0
34349,76016951,0
34350,76016951,0
34351,76016951,0
34352,76016951,0
34353,76016951,0
34354,76016951,0
34355,76016951,0
34356,76016951,0
34357,76016951,0
34358,76016951,0
34359,76016951,0
34360,76016951,0
34361,76016951,0
34362,76016951,0
34363,76016951,0
34364,76016951,0
34365,76016951,0
34366,76016951,0
34367,76016951,0
34368,76016951,0
34369,76016951,0
34370,76016951,0
34371,76016951,0
34372,76016951,0
34373,76016951,0
34374,76016951,0
34375,76016951,0
34376,76016951,0
34377,76016951,0
34378,76016951,0
34379,76016951,0
34380,76016951,0
34381,76016951,0
34382,76016951,0
34383,76016951,0
34384,76016951,0
34385,76016951,0
34386,76016951,0
34387,76016951,0
34388,76016951,0
34389,76016951,0
34390,76016951,0
34391,76016951,0
34392,76016951,0
34393,76016951,0
34394,76016951,0
34395,76016951,0
34396,76016951,0
34397,76016951,0
34398,76016951,0
34399,76016951,0
34400,76016951,0
34401,76016951,0
34402,76016951,0
34403,76016951,0
34404,76016951,0
34405,76016951,0
34406,76016951,0
34407,76016951,0
34408,76016951,0
34409,76016951,0
34410,76016951,0
34411,76016951,0
34412,76016951,0
34413,76016951,0
34414,76016951,0
34415,76016951,0
34416,76016951,0
34417,76016951,0
34418,76016951,0
34419,76016951,0
34420,76016951,0
34421,76016951,0
34422,76016951,0
34423,76016951,0
34424,76016951,0
34425,76016951,0
34426,76016951,0
34427,76016951,0
34428,76016951,0
34429,76016951,0
34430,76016951,0
34431,76016951,0
34432,76016951,0
34433,76016951,0
34434,76016951,0
34435,76016951,0
34436,76016951,0
34437,76016951,0
34438,76016951,0
34439,76016951,0
34440,76016951,0
34441,76016951,0
34442,76016951,0
34443,76016951,0
34444,76016951,0
34445,76016951,0
34446,76016951,0
34447,76016951,0
34448,76016951,0
34449,76016951,0
34450,76016951,0
34451,76016951,0
34452,76016951,0
34453,76016951,0
34454,76016951,0
34455,76016951,0
34456,76016951,0
34457,76016951,0
34458,76016951,0
34459,76016951,0
34460,76016951,0
34461,76016951,0
34462,76016951,0
34463,76016951,0
34464,76016951,0
34465,76016951,0
34466,76016951,0
34467,76016951,0
34468,76016951,0
34469,76016951,0
34470,76016951,0
34471,76016951,0
34472,76016951,0
34473,76016951,0
34474,76016951,0
34475,76016951,0
34476,76016951,0
34477,76016951,0
34478,76016951,0
34479,76016951,0
34480,76016951,0
34481,76016951,0
34482,76016951,0
34483,76016951,0
34484,76016951,0
34485,76016951,0
34486,76016951,0
34487,76016951,0
34488,76016951,0
34489,76016951,0
34490,76016951,0
34491,76016951,0
34492,76016951,0
34493,76016951,0
34494,76016951,0
34495,76016951,0
34496,76016951,0
34497,76016951,0
34498,76016951,0
34499,76016951,0
34500,76016951,0
34501,76016951,0
34502,76016951,0
34503,76016951,0
34504,76016951,0
34505,76016951,0
34506,76016951,0
34507,76016951,0
34508,76016951,0
34509,76016951,0
34510,76016951,0
34511,76016951,0
34512,76016951,0
34513,76016951,0
34514,76016951,0
34515,76016951,0
34516,76016951,0
34517,76016951,0
34518,76016951,0
34519,76016951,0
34520,76016951,0
34521,76016951,0
34522,76016951,0
34523,76016951,0
34524,76016951,0
34525,76016951,0
34526,76016951,0
34527,76016951,0
34528,76016951,0
34529,76016951,0
34530,76016951,0
34531,76016951,0
34532,76016951,0
34533,76016951,0
34534,76016951,0
34535,76016951,0
34536,76016951,0
34537,76016951,0
34538,76016951,0
34539,76016951,0
34540,76016951,0
34541,76016951,0
34542,76016951,0
34543,76016951,0
34544,76016951,0
34545,76016951,0
34546,76016951,0
34547,76016951,0
34548,76016951,0
34549,76016951,0
34550,76016951,0
34551,76016951,0
34552,76016951,0
34553,76016951,0
34554,76016951,0
34555,76016951,0
34556,76016951,0
34557,76016951,0
34558,76016951,0
34559,76016951,0
34560,76016951,0
34561,76016951,0
34562,76016951,0
34563,76016951,0
34564,76016951,0
34565,76016951,0
34566,76016951,0
34567,76016951,0
34568,76016951,0
34569,76016951,0
34570,76016951,0
34571,76016951,0
34572,76016951,0
34573,76016951,0
34574,76016951,0
34575,76016951,0
34576,76016951,0
34577,76016951,0
34578,76016951,0
34579,76016951,0
34580,76016951,0
34581,76016951,0
34582,76016951,0
34583,76016951,0
34584,76016951,0
34585,76016951,0
34586,76016951,0
34587,76016951,0
34588,76016951,0
34589,76016951,0
34590,76016951,0
34591,76016951,0
34592,76016951,0
34593,76016951,0
34594,76016951,0
34595,76016951,0
34596,76016951,0
34597,76016951,0
34598,76016951,0
34599,76016951,0
34600,76016951,0
34601,76016951,0
34602,76016951,0
34603,76016951,0
34604,76016951,0
34605,76016951,0
34606,76016951,0
34607,76016951,0
34608,76016951,0
34609,76016951,0
34610,76016951,0
34611,76016951,0
34612,76016951,0
34613,76016951,0
34614,76016951,0
34615,76016951,0
34616,76016951,0
34617,76016951,0
34618,76016951,0
34619,76016951,0
34620,76016951,0
34621,76016951,0
34622,76016951,0
34623,76016951,0
34624,76016951,0
34625,76016951,0
34626,76016951,0
34627,76016951,0
34628,76016951,0
34629,76016951,0
34630,76016951,0
34631,76016951,0
34632,76016951,0
34633,76016951,0
34634,76016951,0
34635,76016951,0
34636,76016951,0
34637,76016951,0
34638,76016951,0
34639,76016951,0
34640,76016951,0
34641,76016951,0
34642,76016951,0
34643,76016951,0
34644,76016951,0
34645,76016951,0
34646,76016951,0
34647,76016951,0
34648,76016951,0
34649,76016951,0
34650,76016951,0
34651,76016951,0
34652,76016951,0
34653,76016951,0
34654,76016951,0
34655,76016951,0
34656,76016951,0
34657,76016951,0
34658,76016951,0
34659,76016951,0
34660,76016951,0
34661,76016951,0
34662,76016951,0
34663,76016951,0
34664,76016951,0
34665,76016951,0
34666,76016951,0
34667,76016951,0
34668,76016951,0
34669,76016951,0
34670,76016951,0
34671,76016951,0
34672,76016951,0
34673,76016951,0
34674,76016951,0
34675,76016951,0
34676,76016951,0
34677,76016951,0
34678,76016951,0
34679,76016951,0
34680,76016951,0
34681,76016951,0
34682,76016951,0
34683,76016951,0
34684,76016951,0
34685,76016951,0
34686,76016951,0
34687,76016951,0
34688,76016951,0
34689,76016951,0
34690,76016951,0
34691,76016951,0
34692,76016951,0
34693,76016951,0
34694,76016951,0
34695,76016951,0
34696,76016951,0
34697,76016951,0
34698,76016951,0
34699,76016951,0
34700,76016951,0
34701,76016951,0
34702,76016951,0
34703,76016951,0
34704,76016951,0
34705,76016951,0
34706,76016951,0
34707,76016951,0
34708,76016951,0
34709,76016951,0
34710,76016951,0
34711,76016951,0
34712,76016951,0
34713,76016951,0
34714,76016951,0
34715,76016951,0
34716,76016951,0
34717,76016951,0
34718,76016951,0
34719,76016951,0
34720,76016951,0
34721,76016951,0
34722,76016951,0
34723,76016951,0
34724,76016951,0
34725,76016951,0
34726,76016951,0
34727,76016951,0
34728,76016951,0
34729,76016951,0
34730,76016951,0
34731,76016951,0
34732,76016951,0
34733,76016951,0
34734,76016951,0
34735,76016951,0
34736,76016951,0
34737,76016951,0
34738,76016951,0
34739,76016951,0
34740,76016951,0
34741,76016951,0
34742,76016951,0
34743,76016951,0
34744,76016951,0
34745,76016951,0
34746,76016951,0
34747,76016951,0
34748,76016951,0
34749,76016951,0
34750,76016951,0
34751,76016951,0
34752,76016951,0
34753,76016951,0
34754,76016951,0
34755,76016951,0
34756,76016951,0
34757,76016951,0
34758,76016951,0
34759,76016951,0
34760,76016951,0
34761,76016951,0
34762,76016951,0
34763,76016951,0
34764,76016951,0
34765,76016951,0
34766,76016951,0
34767,76016951,0
34768,76016951,0
34769,76016951,0
34770,76016951,0
34771,76016951,0
34772,76016951,0
34773,76016951,0
34774,76016951,0
34775,76016951,0
34776,76016951,0
34777,76016951,0
34778,76016951,0
34779,76016951,0
34780,76016951,0
34781,76016951,0
34782,76016951,0
34783,76016951,0
34784,76016951,0
34785,76016951,0
34786,76016951,0
34787,76016951,0
34788,76016951,0
34789,76016951,0
34790,76016951,0
34791,76016951,0
34792,76016951,0
34793,76016951,0
34794,76016951,0
34795,76016951,0
34796,76016951,0
34797,76016951,0
34798,76016951,0
34799,76016951,0
34800,76016951,0
34801,76016951,0
34802,76016951,0
34803,76016951,0
34804,76016951,0
34805,76016951,0
34806,76016951,0
34807,76016951,0
34808,76016951,0
34809,76016951,0
34810,76016951,0
34811,76016951,0
34812,76016951,0
34813,76016951,0
34814,76016951,0
34815,76016951,0
34816,76016951,0
34817,76016951,0
34818,76016951,0
34819,76016951,0
34820,76016951,0
34821,76016951,0
34822,76016951,0
34823,76016951,0
34824,76016951,0
34825,76016951,0
34826,76016951,0
34827,76016951,0
34828,76016951,0
34829,76016951,0
34830,76016951,0
34831,76016951,0
34832,76016951,0
34833,76016951,0
34834,76016951,0
34835,76016951,0
34836,76016951,0
34837,76016951,0
34838,76016951,0
34839,76016951,0
34840,76016951,0
34841,76016951,0
34842,76016951,0
34843,76016951,0
34844,76016951,0
34845,76016951,0
34846,76016951,0
34847,76016951,0
34848,76016951,0
34849,76016951,0
34850,76016951,0
34851,76016951,0
34852,76016951,0
34853,76016951,0
34854,76016951,0
34855,76016951,0
34856,76016951,0
34857,76016951,0
34858,76016951,0
34859,76016951,0
34860,76016951,0
34861,76016951,0
34862,76016951,0
34863,76016951,0
34864,76016951,0
34865,76016951,0
34866,76016951,0
34867,76016951,0
34868,76016951,0
34869,76016951,0
34870,76016951,0
34871,76016951,0
34872,76016951,0
34873,76016951,0
34874,76016951,0
34875,76016951,0
34876,76016951,0
34877,76016951,0
34878,76016951,0
34879,76016951,0
34880,76016951,0
34881,76016951,0
34882,76016951,0
34883,76016951,0
34884,76016951,0
34885,76016951,0
34886,76016951,0
34887,76016951,0
34888,76016951,0
34889,76016951,0
34890,76016951,0
34891,76016951,0
34892,76016951,0
34893,76016951,0
34894,76016951,0
34895,76016951,0
34896,76016951,0
34897,76016951,0
34898,76016951,0
34899,76016951,0
34900,76016951,0
34901,76016951,0
34902,76016951,0
34903,76016951,0
34904,76016951,0
34905,76016951,0
34906,76016951,0
34907,76016951,0
34908,76016951,0
34909,76016951,0
34910,76016951,0
34911,76016951,0
34912,76016951,0
34913,76016951,0
34914,76016951,0
34915,76016951,0
34916,76016951,0
34917,76016951,0
34918,76016951,0
34919,76016951,0
34920,76016951,0
34921,76016951,0
34922,76016951,0
34923,76016951,0
34924,76016951,0
34925,76016951,0
34926,76016951,0
34927,76016951,0
34928,76016951,0
34929,76016951,0
34930,76016951,0
34931,76016951,0
34932,76016951,0
34933,76016951,0
34934,76016951,0
34935,76016951,0
34936,76016951,0
34937,76016951,0
34938,76016951,0
34939,76016951,0
34940,76016951,0
34941,76016951,0
34942,76016951,0
34943,76016951,0
34944,76016951,0
34945,76016951,0
34946,76016951,0
34947,76016951,0
34948,76016951,0
34949,76016951,0
34950,76016951,0
34951,76016951,0
34952,76016951,0
34953,76016951,0
34954,76016951,0
34955,76016951,0
34956,76016951,0
34957,76016951,0
34958,76016951,0
34959,76016951,0
34960,76016951,0
34961,76016951,0
34962,76016951,0
34963,76016951,0
34964,76016951,0
34965,76016951,0
34966,76016951,0
34967,76016951,0
34968,76016951,0
34969,76016951,0
34970,76016951,0
34971,76016951,0
34972,76016951,0
34973,76016951,0
34974,76016951,0
34975,76016951,0
34976,76016951,0
34977,76016951,0
34978,76016951,0
34979,76016951,0
34980,76016951,0
34981,76016951,0
34982,76016951,0
34983,76016951,0
34984,76016951,0
34985,76016951,0
34986,76016951,0
34987,76016951,0
34988,76016951,0
34989,76016951,0
34990,76016951,0
34991,76016951,0
34992,76016951,0
34993,76016951,0
34994,76016951,0
34995,76016951,0
34996,76016951,0
34997,76016951,0
34998,76016951,0
34999,76016951,0
35000,76016951,0
35001,76016951,0
35002,76016951,0
35003,76016951,0
35004,76016951,0
35005,76016951,0
35006,76016951,0
35007,76016951,0
35008,76016951,0
35009,76016951,0
35010,76016951,0
35011,76016951,0
35012,76016951,0
35013,76016951,0
35014,76016951,0
35015,76016951,0
35016,76016951,0
35017,76016951,0
35018,76016951,0
35019,76016951,0
35020,76016951,0
35021,76016951,0
35022,76016951,0
35023,76016951,0
35024,76016951,0
35025,76016951,0
35026,76016951,0
35027,76016951,0
35028,76016951,0
35029,76016951,0
35030,76016951,0
35031,76016951,0
35032,76016951,0
35033,76016951,0
35034,76016951,0
35035,76016951,0
35036,76016951,0
35037,76016951,0
35038,76016951,0
35039,76016951,0
35040,76016951,0
35041,76016951,0
35042,76016951,0
35043,76016951,0
35044,76016951,0
35045,76016951,0
35046,76016951,0
35047,76016951,0
35048,76016951,0
35049,76016951,0
35050,76016951,0
35051,76016951,0
35052,76016951,0
35053,76016951,0
35054,76016951,0
35055,76016951,0
35056,76016951,0
35057,76016951,0
35058,76016951,0
35059,76016951,0
35060,76016951,0
35061,76016951,0
35062,76016951,0
35063,76016951,0
35064,76016951,0
35065,76016951,0
35066,76016951,0
35067,76016951,0
35068,76016951,0
35069,76016951,0
35070,76016951,0
35071,76016951,0
35072,76016951,0
35073,76016951,0
35074,76016951,0
35075,76016951,0
35076,76016951,0
35077,76016951,0
35078,76016951,0
35079,76016951,0
35080,76016951,0
35081,76016951,0
35082,76016951,0
35083,76016951,0
35084,76016951,0
35085,76016951,0
35086,76016951,0
35087,76016951,0
35088,76016951,0
35089,76016951,0
35090,76016951,0
35091,76016951,0
35092,76016951,0
35093,76016951,0
35094,76016951,0
35095,76016951,0
35096,76016951,0
35097,76016951,0
35098,76016951,0
35099,76016951,0
35100,76016951,0
35101,76016951,0
35102,76016951,0
35103,76016951,0
35104,76016951,0
35105,76016951,0
35106,76016951,0
35107,76016951,0
35108,76016951,0
35109,76016951,0
35110,76016951,0
35111,76016951,0
35112,76016951,0
35113,76016951,0
35114,76016951,0
35115,76016951,0
35116,76016951,0
35117,76016951,0
35118,76016951,0
35119,76016951,0
35120,76016951,0
35121,76016951,0
35122,76016951,0
35123,76016951,0
35124,76016951,0
35125,76016951,0
35126,76016951,0
35127,76016951,0
35128,76016951,0
35129,76016951,0
35130,76016951,0
35131,76016951,0
35132,76016951,0
35133,76016951,0
35134,76016951,0
35135,76016951,0
35136,76016951,0
35137,76016951,0
35138,76016951,0
35139,76016951,0
35140,76016951,0
35141,76016951,0
35142,76016951,0
35143,76016951,0
35144,76016951,0
35145,76016951,0
35146,76016951,0
35147,76016951,0
35148,76016951,0
35149,76016951,0
35150,76016951,0
35151,76016951,0
35152,76016951,0
35153,76016951,0
35154,76016951,0
35155,76016951,0
35156,76016951,0
35157,76016951,0
35158,76016951,0
35159,76016951,0
35160,76016951,0
35161,76016951,0
35162,76016951,0
35163,76016951,0
35164,76016951,0
35165,76016951,0
35166,76016951,0
35167,76016951,0
35168,76016951,0
35169,76016951,0
35170,76016951,0
35171,76016951,0
35172,76016951,0
35173,76016951,0
35174,76016951,0
35175,76016951,0
35176,76016951,0
35177,76016951,0
35178,76016951,0
35179,76016951,0
35180,76016951,0
35181,76016951,0
35182,76016951,0
35183,76016951,0
35184,76016951,0
35185,76016951,0
35186,76016951,0
35187,76016951,0
35188,76016951,0
35189,76016951,0
35190,76016951,0
35191,76016951,0
35192,76016951,0
35193,76016951,0
35194,76016951,0
35195,76016951,0
35196,76016951,0
35197,76016951,0
35198,76016951,0
35199,76016951,0
35200,76016951,0
35201,76016951,0
35202,76016951,0
35203,76016951,0
35204,76016951,0
35205,76016951,0
35206,76016951,0
35207,76016951,0
35208,76016951,0
35209,76016951,0
35210,76016951,0
35211,76016951,0
35212,76016951,0
35213,76016951,0
35214,76016951,0
35215,76016951,0
35216,76016951,0
35217,76016951,0
35218,76016951,0
35219,76016951,0
35220,76016951,0
35221,76016951,0
35222,76016951,0
35223,76016951,0
35224,76016951,0
35225,76016951,0
35226,76016951,0
35227,76016951,0
35228,76016951,0
35229,76016951,0
35230,76016951,0
35231,76016951,0
35232,76016951,0
35233,76016951,0
35234,76016951,0
35235,76016951,0
35236,76016951,0
35237,76016951,0
35238,76016951,0
35239,76016951,0
35240,76016951,0
35241,76016951,0
35242,76016951,0
35243,76016951,0
35244,76016951,0
35245,76016951,0
35246,76016951,0
35247,76016951,0
35248,76016951,0
35249,76016951,0
35250,76016951,0
35251,76016951,0
35252,76016951,0
35253,76016951,0
35254,76016951,0
35255,76016951,0
35256,76016951,0
35257,76016951,0
35258,76016951,0
35259,76016951,0
35260,76016951,0
35261,76016951,0
35262,76016951,0
35263,76016951,0
35264,76016951,0
35265,76016951,0
35266,76016951,0
35267,76016951,0
35268,76016951,0
35269,76016951,0
35270,76016951,0
35271,76016951,0
35272,76016951,0
35273,76016951,0
35274,76016951,0
35275,76016951,0
35276,76016951,0
35277,76016951,0
35278,76016951,0
35279,76016951,0
35280,76016951,0
35281,76016951,0
35282,76016951,0
35283,76016951,0
35284,76016951,0
35285,76016951,0
35286,76016951,0
35287,76016951,0
35288,76016951,0
35289,76016951,0
35290,76016951,0
35291,76016951,0
35292,76016951,0
35293,76016951,0
35294,76016951,0
35295,76016951,0
35296,76016951,0
35297,76016951,0
35298,76016951,0
35299,76016951,0
35300,76016951,0
35301,76016951,0
35302,76016951,0
35303,76016951,0
35304,76016951,0
35305,76016951,0
35306,76016951,0
35307,76016951,0
35308,76016951,0
35309,76016951,0
35310,76016951,0
35311,76016951,0
35312,76016951,0
35313,76016951,0
35314,76016951,0
35315,76016951,0
35316,76016951,0
35317,76016951,0
35318,76016951,0
35319,76016951,0
35320,76016951,0
35321,76016951,0
35322,76016951,0
35323,76016951,0
35324,76016951,0
35325,76016951,0
35326,76016951,0
35327,76016951,0
35328,76016951,0
35329,76016951,0
35330,76016951,0
35331,76016951,0
35332,76016951,0
35333,76016951,0
35334,76016951,0
35335,76016951,0
35336,76016951,0
35337,76016951,0
35338,76016951,0
35339,76016951,0
35340,76016951,0
35341,76016951,0
35342,76016951,0
35343,76016951,0
35344,76016951,0
35345,76016951,0
35346,76016951,0
35347,76016951,0
35348,76016951,0
35349,76016951,0
35350,76016951,0
35351,76016951,0
35352,76016951,0
35353,76016951,0
35354,76016951,0
35355,76016951,0
35356,76016951,0
35357,76016951,0
35358,76016951,0
35359,76016951,0
35360,76016951,0
35361,76016951,0
35362,76016951,0
35363,76016951,0
35364,76016951,0
35365,76016951,0
35366,76016951,0
35367,76016951,0
35368,76016951,0
35369,76016951,0
35370,76016951,0
35371,76016951,0
35372,76016951,0
35373,76016951,0
35374,76016951,0
35375,76016951,0
35376,76016951,0
35377,76016951,0
35378,76016951,0
35379,76016951,0
35380,76016951,0
35381,76016951,0
35382,76016951,0
35383,76016951,0
35384,76016951,0
35385,76016951,0
35386,76016951,0
35387,76016951,0
35388,76016951,0
35389,76016951,0
35390,76016951,0
35391,76016951,0
35392,76016951,0
35393,76016951,0
35394,76016951,0
35395,76016951,0
35396,76016951,0
35397,76016951,0
35398,76016951,0
35399,76016951,0
35400,76016951,0
35401,76016951,0
35402,76016951,0
35403,76016951,0
35404,76016951,0
35405,76016951,0
35406,76016951,0
35407,76016951,0
35408,76016951,0
35409,76016951,0
35410,76016951,0
35411,76016951,0
35412,76016951,0
35413,76016951,0
35414,76016951,0
35415,76016951,0
35416,76016951,0
35417,76016951,0
35418,76016951,0
35419,76016951,0
35420,76016951,0
35421,76016951,0
35422,76016951,0
35423,76016951,0
35424,76016951,0
35425,76016951,0
35426,76016951,0
35427,76016951,0
35428,76016951,0
35429,76016951,0
35430,76016951,0
35431,76016951,0
35432,76016951,0
35433,76016951,0
35434,76016951,0
35435,76016951,0
35436,76016951,0
35437,76016951,0
35438,76016951,0
35439,76016951,0
35440,76016951,0
35441,76016951,0
35442,76016951,0
35443,76016951,0
35444,76016951,0
35445,76016951,0
35446,76016951,0
35447,76016951,0
35448,76016951,0
35449,76016951,0
35450,76016951,0
35451,76016951,0
35452,76016951,0
35453,76016951,0
35454,76016951,0
35455,76016951,0
35456,76016951,0
35457,76016951,0
35458,76016951,0
35459,76016951,0
35460,76016951,0
35461,76016951,0
35462,76016951,0
35463,76016951,0
35464,76016951,0
35465,76016951,0
35466,76016951,0
35467,76016951,0
35468,76016951,0
35469,76016951,0
35470,76016951,0
35471,76016951,0
35472,76016951,0
35473,76016951,0
35474,76016951,0
35475,76016951,0
35476,76016951,0
35477,76016951,0
35478,76016951,0
35479,76016951,0
35480,76016951,0
35481,76016951,0
35482,76016951,0
35483,76016951,0
35484,76016951,0
35485,76016951,0
35486,76016951,0
35487,76016951,0
35488,76016951,0
35489,76016951,0
35490,76016951,0
35491,76016951,0
35492,76016951,0
35493,76016951,0
35494,76016951,0
35495,76016951,0
35496,76016951,0
35497,76016951,0
35498,76016951,0
35499,76016951,0
35500,76016951,0
35501,76016951,0
35502,76016951,0
35503,76016951,0
35504,76016951,0
35505,76016951,0
35506,76016951,0
35507,76016951,0
35508,76016951,0
35509,76016951,0
35510,76016951,0
35511,76016951,0
35512,76016951,0
35513,76016951,0
35514,76016951,0
35515,76016951,0
35516,76016951,0
35517,76016951,0
35518,76016951,0
35519,76016951,0
35520,76016951,0
35521,76016951,0
35522,76016951,0
35523,76016951,0
35524,76016951,0
35525,76016951,0
35526,76016951,0
35527,76016951,0
35528,76016951,0
35529,76016951,0
35530,76016951,0
35531,76016951,0
35532,76016951,0
35533,76016951,0
35534,76016951,0
35535,76016951,0
35536,76016951,0
35537,76016951,0
35538,76016951,0
35539,76016951,0
35540,76016951,0
35541,76016951,0
35542,76016951,0
35543,76016951,0
35544,76016951,0
35545,76016951,0
35546,76016951,0
35547,76016951,0
35548,76016951,0
35549,76016951,0
35550,76016951,0
35551,76016951,0
35552,76016951,0
35553,76016951,0
35554,76016951,0
35555,76016951,0
35556,76016951,0
35557,76016951,0
35558,76016951,0
35559,76016951,0
35560,76016951,0
35561,76016951,0
35562,76016951,0
35563,76016951,0
35564,76016951,0
35565,76016951,0
35566,76016951,0
35567,76016951,0
35568,76016951,0
35569,76016951,0
35570,76016951,0
35571,76016951,0
35572,76016951,0
35573,76016951,0
35574,76016951,0
35575,76016951,0
35576,76016951,0
35577,76016951,0
35578,76016951,0
35579,76016951,0
35580,76016951,0
35581,76016951,0
35582,76016951,0
35583,76016951,0
35584,76016951,0
35585,76016951,0
35586,76016951,0
35587,76016951,0
35588,76016951,0
35589,76016951,0
35590,76016951,0
35591,76016951,0
35592,76016951,0
35593,76016951,0
35594,76016951,0
35595,76016951,0
35596,76016951,0
35597,76016951,0
35598,76016951,0
35599,76016951,0
35600,76016951,0
35601,76016951,0
35602,76016951,0
35603,76016951,0
35604,76016951,0
35605,76016951,0
35606,76016951,0
35607,76016951,0
35608,76016951,0
35609,76016951,0
35610,76016951,0
35611,76016951,0
35612,76016951,0
35613,76016951,0
35614,76016951,0
35615,76016951,0
35616,76016951,0
35617,76016951,0
35618,76016951,0
35619,76016951,0
35620,76016951,0
35621,76016951,0
35622,76016951,0
35623,76016951,0
35624,76016951,0
35625,76016951,0
35626,76016951,0
35627,76016951,0
35628,76016951,0
35629,76016951,0
35630,76016951,0
35631,76016951,0
35632,76016951,0
35633,76016951,0
35634,76016951,0
35635,76016951,0
35636,76016951,0
35637,76016951,0
35638,76016951,0
35639,76016951,0
35640,76016951,0
35641,76016951,0
35642,76016951,0
35643,76016951,0
35644,76016951,0
35645,76016951,0
35646,76016951,0
35647,76016951,0
35648,76016951,0
35649,76016951,0
35650,76016951,0
35651,76016951,0
35652,76016951,0
35653,76016951,0
35654,76016951,0
35655,76016951,0
35656,76016951,0
35657,76016951,0
35658,76016951,0
35659,76016951,0
35660,76016951,0
35661,76016951,0
35662,76016951,0
35663,76016951,0
35664,76016951,0
35665,76016951,0
35666,76016951,0
35667,76016951,0
35668,76016951,0
35669,76016951,0
35670,76016951,0
35671,76016951,0
35672,76016951,0
35673,76016951,0
35674,76016951,0
35675,76016951,0
35676,76016951,0
35677,76016951,0
35678,76016951,0
35679,76016951,0
35680,76016951,0
35681,76016951,0
35682,76016951,0
35683,76016951,0
35684,76016951,0
35685,76016951,0
35686,76016951,0
35687,76016951,0
35688,76016951,0
35689,76016951,0
35690,76016951,0
35691,76016951,0
35692,76016951,0
35693,76016951,0
35694,76016951,0
35695,76016951,0
35696,76016951,0
35697,76016951,0
35698,76016951,0
35699,76016951,0
35700,76016951,0
35701,76016951,0
35702,76016951,0
35703,76016951,0
35704,76016951,0
35705,76016951,0
35706,76016951,0
35707,76016951,0
35708,76016951,0
35709,76016951,0
35710,76016951,0
35711,76016951,0
35712,76016951,0
35713,76016951,0
35714,76016951,0
35715,76016951,0
35716,76016951,0
35717,76016951,0
35718,76016951,0
35719,76016951,0
35720,76016951,0
35721,76016951,0
35722,76016951,0
35723,76016951,0
35724,76016951,0
35725,76016951,0
35726,76016951,0
35727,76016951,0
35728,76016951,0
35729,76016951,0
35730,76016951,0
35731,76016951,0
35732,76016951,0
35733,76016951,0
35734,76016951,0
35735,76016951,0
35736,76016951,0
35737,76016951,0
35738,76016951,0
35739,76016951,0
35740,76016951,0
35741,76016951,0
35742,76016951,0
35743,76016951,0
35744,76016951,0
35745,76016951,0
35746,76016951,0
35747,76016951,0
35748,76016951,0
35749,76016951,0
35750,76016951,0
35751,76016951,0
35752,76016951,0
35753,76016951,0
35754,76016951,0
35755,76016951,0
35756,76016951,0
35757,76016951,0
35758,76016951,0
35759,76016951,0
35760,76016951,0
35761,76016951,0
35762,76016951,0
35763,76016951,0
35764,76016951,0
35765,76016951,0
35766,76016951,0
35767,76016951,0
35768,76016951,0
35769,76016951,0
35770,76016951,0
35771,76016951,0
35772,76016951,0
35773,76016951,0
35774,76016951,0
35775,76016951,0
35776,76016951,0
35777,76016951,0
35778,76016951,0
35779,76016951,0
35780,76016951,0
35781,76016951,0
35782,76016951,0
35783,76016951,0
35784,76016951,0
35785,76016951,0
35786,76016951,0
35787,76016951,0
35788,76016951,0
35789,76016951,0
35790,76016951,0
35791,76016951,0
35792,76016951,0
35793,76016951,0
35794,76016951,0
35795,76016951,0
35796,76016951,0
35797,76016951,0
35798,76016951,0
35799,76016951,0
35800,76016951,0
35801,76016951,0
35802,76016951,0
35803,76016951,0
35804,76016951,0
35805,76016951,0
35806,76016951,0
35807,76016951,0
35808,76016951,0
35809,76016951,0
35810,76016951,0
35811,76016951,0
35812,76016951,0
35813,76016951,0
35814,76016951,0
35815,76016951,0
35816,76016951,0
35817,76016951,0
35818,76016951,0
35819,76016951,0
35820,76016951,0
35821,76016951,0
35822,76016951,0
35823,76016951,0
35824,76016951,0
35825,76016951,0
35826,76016951,0
35827,76016951,0
35828,76016951,0
35829,76016951,0
35830,76016951,0
35831,76016951,0
35832,76016951,0
35833,76016951,0
35834,76016951,0
35835,76016951,0
35836,76016951,0
35837,76016951,0
35838,76016951,0
35839,76016951,0
35840,76016951,0
35841,76016951,0
35842,76016951,0
35843,76016951,0
35844,76016951,0
35845,76016951,0
35846,76016951,0
35847,76016951,0
35848,76016951,0
35849,76016951,0
35850,76016951,0
35851,76016951,0
35852,76016951,0
35853,76016951,0
35854,76016951,0
35855,76016951,0
35856,76016951,0
35857,76016951,0
35858,76016951,0
35859,76016951,0
35860,76016951,0
35861,76016951,0
35862,76016951,0
35863,76016951,0
35864,76016951,0
35865,76016951,0
35866,76016951,0
35867,76016951,0
35868,76016951,0
35869,76016951,0
35870,76016951,0
35871,76016951,0
35872,76016951,0
35873,76016951,0
35874,76016951,0
35875,76016951,0
35876,76016951,0
35877,76016951,0
35878,76016951,0
35879,76016951,0
35880,76016951,0
35881,76016951,0
35882,76016951,0
35883,76016951,0
35884,76016951,0
35885,76016951,0
35886,76016951,0
35887,76016951,0
35888,76016951,0
35889,76016951,0
35890,76016951,0
35891,76016951,0
35892,76016951,0
35893,76016951,0
35894,76016951,0
35895,76016951,0
35896,76016951,0
35897,76016951,0
35898,76016951,0
35899,76016951,0
35900,76016951,0
35901,76016951,0
35902,76016951,0
35903,76016951,0
35904,76016951,0
35905,76016951,0
35906,76016951,0
35907,76016951,0
35908,76016951,0
35909,76016951,0
35910,76016951,0
35911,76016951,0
35912,76016951,0
35913,76016951,0
35914,76016951,0
35915,76016951,0
35916,76016951,0
35917,76016951,0
35918,76016951,0
35919,76016951,0
35920,76016951,0
35921,76016951,0
35922,76016951,0
35923,76016951,0
35924,76016951,0
35925,76016951,0
35926,76016951,0
35927,76016951,0
35928,76016951,0
35929,76016951,0
35930,76016951,0
35931,76016951,0
35932,76016951,0
35933,76016951,0
35934,76016951,0
35935,76016951,0
35936,76016951,0
35937,76016951,0
35938,76016951,0
35939,76016951,0
35940,76016951,0
35941,76016951,0
35942,76016951,0
35943,76016951,0
35944,76016951,0
35945,76016951,0
35946,76016951,0
35947,76016951,0
35948,76016951,0
35949,76016951,0
35950,76016951,0
35951,76016951,0
35952,76016951,0
35953,76016951,0
35954,76016951,0
35955,76016951,0
35956,76016951,0
35957,76016951,0
35958,76016951,0
35959,76016951,0
35960,76016951,0
35961,76016951,0
35962,76016951,0
35963,76016951,0
35964,76016951,0
35965,76016951,0
35966,76016951,0
35967,76016951,0
35968,76016951,0
35969,76016951,0
35970,76016951,0
35971,76016951,0
35972,76016951,0
35973,76016951,0
35974,76016951,0
35975,76016951,0
35976,76016951,0
35977,76016951,0
35978,76016951,0
35979,76016951,0
35980,76016951,0
35981,76016951,0
35982,76016951,0
35983,76016951,0
35984,76016951,0
35985,76016951,0
35986,76016951,0
35987,76016951,0
35988,76016951,0
35989,76016951,0
35990,76016951,0
35991,76016951,0
35992,76016951,0
35993,76016951,0
35994,76016951,0
35995,76016951,0
35996,76016951,0
35997,76016951,0
35998,76016951,0
35999,76016951,0
36000,76016951,0
36001,76016951,0
36002,76016951,0
36003,76016951,0
36004,76016951,0
36005,76016951,0
36006,76016951,0
36007,76016951,0
36008,76016951,0
36009,76016951,0
36010,76016951,0
36011,76016951,0
36012,76016951,0
36013,76016951,0
36014,76016951,0
36015,76016951,0
36016,76016951,0
36017,76016951,0
36018,76016951,0
36019,76016951,0
36020,76016951,0
36021,76016951,0
36022,76016951,0
36023,76016951,0
36024,76016951,0
36025,76016951,0
36026,76016951,0
36027,76016951,0
36028,76016951,0
36029,76016951,0
36030,76016951,0
36031,76016951,0
36032,76016951,0
36033,76016951,0
36034,76016951,0
36035,76016951,0
36036,76016951,0
36037,76016951,0
36038,76016951,0
36039,76016951,0
36040,76016951,0
36041,76016951,0
36042,76016951,0
36043,76016951,0
36044,76016951,0
36045,76016951,0
36046,76016951,0
36047,76016951,0
36048,76016951,0
36049,76016951,0
36050,76016951,0
36051,76016951,0
36052,76016951,0
36053,76016951,0
36054,76016951,0
36055,76016951,0
36056,76016951,0
36057,76016951,0
36058,76016951,0
36059,76016951,0
36060,76016951,0
36061,76016951,0
36062,76016951,0
36063,76016951,0
36064,76016951,0
36065,76016951,0
36066,76016951,0
36067,76016951,0
36068,76016951,0
36069,76016951,0
36070,76016951,0
36071,76016951,0
36072,76016951,0
36073,76016951,0
36074,76016951,0
36075,76016951,0
36076,76016951,0
36077,76016951,0
36078,76016951,0
36079,76016951,0
36080,76016951,0
36081,76016951,0
36082,76016951,0
36083,76016951,0
36084,76016951,0
36085,76016951,0
36086,76016951,0
36087,76016951,0
36088,76016951,0
36089,76016951,0
36090,76016951,0
36091,76016951,0
36092,76016951,0
36093,76016951,0
36094,76016951,0
36095,76016951,0
36096,76016951,0
36097,76016951,0
36098,76016951,0
36099,76016951,0
36100,76016951,0
36101,76016951,0
36102,76016951,0
36103,76016951,0
36104,76016951,0
36105,76016951,0
36106,76016951,0
36107,76016951,0
36108,76016951,0
36109,76016951,0
36110,76016951,0
36111,76016951,0
36112,76016951,0
36113,76016951,0
36114,76016951,0
36115,76016951,0
36116,76016951,0
36117,76016951,0
36118,76016951,0
36119,76016951,0
36120,76016951,0
36121,76016951,0
36122,76016951,0
36123,76016951,0
36124,76016951,0
36125,76016951,0
36126,76016951,0
36127,76016951,0
36128,76016951,0
36129,76016951,0
36130,76016951,0
36131,76016951,0
36132,76016951,0
36133,76016951,0
36134,76016951,0
36135,76016951,0
36136,76016951,0
36137,76016951,0
36138,76016951,0
36139,76016951,0
36140,76016951,0
36141,76016951,0
36142,76016951,0
36143,76016951,0
36144,76016951,0
36145,76016951,0
36146,76016951,0
36147,76016951,0
36148,76016951,0
36149,76016951,0
36150,76016951,0
36151,76016951,0
36152,76016951,0
36153,76016951,0
36154,76016951,0
36155,76016951,0
36156,76016951,0
36157,76016951,0
36158,76016951,0
36159,76016951,0
36160,76016951,0
36161,76016951,0
36162,76016951,0
36163,76016951,0
36164,76016951,0
36165,76016951,0
36166,76016951,0
36167,76016951,0
36168,76016951,0
36169,76016951,0
36170,76016951,0
36171,76016951,0
36172,76016951,0
36173,76016951,0
36174,76016951,0
36175,76016951,0
36176,76016951,0
36177,76016951,0
36178,76016951,0
36179,76016951,0
36180,76016951,0
36181,76016951,0
36182,76016951,0
36183,76016951,0
36184,76016951,0
36185,76016951,0
36186,76016951,0
36187,76016951,0
36188,76016951,0
36189,76016951,0
36190,76016951,0
36191,76016951,0
36192,76016951,0
36193,76016951,0
36194,76016951,0
36195,76016951,0
36196,76016951,0
36197,76016951,0
36198,76016951,0
36199,76016951,0
36200,76016951,0
36201,76016951,0
36202,76016951,0
36203,76016951,0
36204,76016951,0
36205,76016951,0
36206,76016951,0
36207,76016951,0
36208,76016951,0
36209,76016951,0
36210,76016951,0
36211,76016951,0
36212,76016951,0
36213,76016951,0
36214,76016951,0
36215,76016951,0
36216,76016951,0
36217,76016951,0
36218,76016951,0
36219,76016951,0
36220,76016951,0
36221,76016951,0
36222,76016951,0
36223,76016951,0
36224,76016951,0
36225,76016951,0
36226,76016951,0
36227,76016951,0
36228,76016951,0
36229,76016951,0
36230,76016951,0
36231,76016951,0
36232,76016951,0
36233,76016951,0
36234,76016951,0
36235,76016951,0
36236,76016951,0
36237,76016951,0
36238,76016951,0
36239,76016951,0
36240,76016951,0
36241,76016951,0
36242,76016951,0
36243,76016951,0
36244,76016951,0
36245,76016951,0
36246,76016951,0
36247,76016951,0
36248,76016951,0
36249,76016951,0
36250,76016951,0
36251,76016951,0
36252,76016951,0
36253,76016951,0
36254,76016951,0
36255,76016951,0
36256,76016951,0
36257,76016951,0
36258,76016951,0
36259,76016951,0
36260,76016951,0
36261,76016951,0
36262,76016951,0
36263,76016951,0
36264,76016951,0
36265,76016951,0
36266,76016951,0
36267,76016951,0
36268,76016951,0
36269,76016951,0
36270,76016951,0
36271,76016951,0
36272,76016951,0
36273,76016951,0
36274,76016951,0
36275,76016951,0
36276,76016951,0
36277,76016951,0
36278,76016951,0
36279,76016951,0
36280,76016951,0
36281,76016951,0
36282,76016951,0
36283,76016951,0
36284,76016951,0
36285,76016951,0
36286,76016951,0
36287,76016951,0
36288,76016951,0
36289,76016951,0
36290,76016951,0
36291,76016951,0
36292,76016951,0
36293,76016951,0
36294,76016951,0
36295,76016951,0
36296,76016951,0
36297,76016951,0
36298,76016951,0
36299,76016951,0
36300,76016951,0
36301,76016951,0
36302,76016951,0
36303,76016951,0
36304,76016951,0
36305,76016951,0
36306,76016951,0
36307,76016951,0
36308,76016951,0
36309,76016951,0
36310,76016951,0
36311,76016951,0
36312,76016951,0
36313,76016951,0
36314,76016951,0
36315,76016951,0
36316,76016951,0
36317,76016951,0
36318,76016951,0
36319,76016951,0
36320,76016951,0
36321,76016951,0
36322,76016951,0
36323,76016951,0
36324,76016951,0
36325,76016951,0
36326,76016951,0
36327,76016951,0
36328,76016951,0
36329,76016951,0
36330,76016951,0
36331,76016951,0
36332,76016951,0
36333,76016951,0
36334,76016951,0
36335,76016951,0
36336,76016951,0
36337,76016951,0
36338,76016951,0
36339,76016951,0
36340,76016951,0
36341,76016951,0
36342,76016951,0
36343,76016951,0
36344,76016951,0
36345,76016951,0
36346,76016951,0
36347,76016951,0
36348,76016951,0
36349,76016951,0
36350,76016951,0
36351,76016951,0
36352,76016951,0
36353,76016951,0
36354,76016951,0
36355,76016951,0
36356,76016951,0
36357,76016951,0
36358,76016951,0
36359,76016951,0
36360,76016951,0
36361,76016951,0
36362,76016951,0
36363,76016951,0
36364,76016951,0
36365,76016951,0
36366,76016951,0
36367,76016951,0
36368,76016951,0
36369,76016951,0
36370,76016951,0
36371,76016951,0
36372,76016951,0
36373,76016951,0
36374,76016951,0
36375,76016951,0
36376,76016951,0
36377,76016951,0
36378,76016951,0
36379,76016951,0
36380,76016951,0
36381,76016951,0
36382,76016951,0
36383,76016951,0
36384,76016951,0
36385,76016951,0
36386,76016951,0
36387,76016951,0
36388,76016951,0
36389,76016951,0
36390,76016951,0
36391,76016951,0
36392,76016951,0
36393,76016951,0
36394,76016951,0
36395,76016951,0
36396,76016951,0
36397,76016951,0
36398,76016951,0
36399,76016951,0
36400,76016951,0
36401,76016951,0
36402,76016951,0
36403,76016951,0
36404,76016951,0
36405,76016951,0
36406,76016951,0
36407,76016951,0
36408,76016951,0
36409,76016951,0
36410,76016951,0
36411,76016951,0
36412,76016951,0
36413,76016951,0
36414,76016951,0
36415,76016951,0
36416,76016951,0
36417,76016951,0
36418,76016951,0
36419,76016951,0
36420,76016951,0
36421,76016951,0
36422,76016951,0
36423,76016951,0
36424,76016951,0
36425,76016951,0
36426,76016951,0
36427,76016951,0
36428,76016951,0
36429,76016951,0
36430,76016951,0
36431,76016951,0
36432,76016951,0
36433,76016951,0
36434,76016951,0
36435,76016951,0
36436,76016951,0
36437,76016951,0
36438,76016951,0
36439,76016951,0
36440,76016951,0
36441,76016951,0
36442,76016951,0
36443,76016951,0
36444,76016951,0
36445,76016951,0
36446,76016951,0
36447,76016951,0
36448,76016951,0
36449,76016951,0
36450,76016951,0
36451,76016951,0
36452,76016951,0
36453,76016951,0
36454,76016951,0
36455,76016951,0
36456,76016951,0
36457,76016951,0
36458,76016951,0
36459,76016951,0
36460,76016951,0
36461,76016951,0
36462,76016951,0
36463,76016951,0
36464,76016951,0
36465,76016951,0
36466,76016951,0
36467,76016951,0
36468,76016951,0
36469,76016951,0
36470,76016951,0
36471,76016951,0
36472,76016951,0
36473,76016951,0
36474,76016951,0
36475,76016951,0
36476,76016951,0
36477,76016951,0
36478,76016951,0
36479,76016951,0
36480,76016951,0
36481,76016951,0
36482,76016951,0
36483,76016951,0
36484,76016951,0
36485,76016951,0
36486,76016951,0
36487,76016951,0
36488,76016951,0
36489,76016951,0
36490,76016951,0
36491,76016951,0
36492,76016951,0
36493,76016951,0
36494,76016951,0
36495,76016951,0
36496,76016951,0
36497,76016951,0
36498,76016951,0
36499,76016951,0
36500,76016951,0
36501,76016951,0
36502,76016951,0
36503,76016951,0
36504,76016951,0
36505,76016951,0
36506,76016951,0
36507,76016951,0
36508,76016951,0
36509,76016951,0
36510,76016951,0
36511,76016951,0
36512,76016951,0
36513,76016951,0
36514,76016951,0
36515,76016951,0
36516,76016951,0
36517,76016951,0
36518,76016951,0
36519,76016951,0
36520,76016951,0
36521,76016951,0
36522,76016951,0
36523,76016951,0
36524,76016951,0
36525,76016951,0
36526,76016951,0
36527,76016951,0
36528,76016951,0
36529,76016951,0
36530,76016951,0
36531,76016951,0
36532,76016951,0
36533,76016951,0
36534,76016951,0
36535,76016951,0
36536,76016951,0
36537,76016951,0
36538,76016951,0
36539,76016951,0
36540,76016951,0
36541,76016951,0
36542,76016951,0
36543,76016951,0
36544,76016951,0
36545,76016951,0
36546,76016951,0
36547,76016951,0
36548,76016951,0
36549,76016951,0
36550,76016951,0
36551,76016951,0
36552,76016951,0
36553,76016951,0
36554,76016951,0
36555,76016951,0
36556,76016951,0
36557,76016951,0
36558,76016951,0
36559,76016951,0
36560,76016951,0
36561,76016951,0
36562,76016951,0
36563,76016951,0
36564,76016951,0
36565,76016951,0
36566,76016951,0
36567,76016951,0
36568,76016951,0
36569,76016951,0
36570,76016951,0
36571,76016951,0
36572,76016951,0
36573,76016951,0
36574,76016951,0
36575,76016951,0
36576,76016951,0
36577,76016951,0
36578,76016951,0
36579,76016951,0
36580,76016951,0
36581,76016951,0
36582,76016951,0
36583,76016951,0
36584,76016951,0
36585,76016951,0
36586,76016951,0
36587,76016951,0
36588,76016951,0
36589,76016951,0
36590,76016951,0
36591,76016951,0
36592,76016951,0
36593,76016951,0
36594,76016951,0
36595,76016951,0
36596,76016951,0
36597,76016951,0
36598,76016951,0
36599,76016951,0
36600,76016951,0
36601,76016951,0
36602,76016951,0
36603,76016951,0
36604,76016951,0
36605,76016951,0
36606,76016951,0
36607,76016951,0
36608,76016951,0
36609,76016951,0
36610,76016951,0
36611,76016951,0
36612,76016951,0
36613,76016951,0
36614,76016951,0
36615,76016951,0
36616,76016951,0
36617,76016951,0
36618,76016951,0
36619,76016951,0
36620,76016951,0
36621,76016951,0
36622,76016951,0
36623,76016951,0
36624,76016951,0
36625,76016951,0
36626,76016951,0
36627,76016951,0
36628,76016951,0
36629,76016951,0
36630,76016951,0
36631,76016951,0
36632,76016951,0
36633,76016951,0
36634,76016951,0
36635,76016951,0
36636,76016951,0
36637,76016951,0
36638,76016951,0
36639,76016951,0
36640,76016951,0
36641,76016951,0
36642,76016951,0
36643,76016951,0
36644,76016951,0
36645,76016951,0
36646,76016951,0
36647,76016951,0
36648,76016951,0
36649,76016951,0
36650,76016951,0
36651,76016951,0
36652,76016951,0
36653,76016951,0
36654,76016951,0
36655,76016951,0
36656,76016951,0
36657,76016951,0
36658,76016951,0
36659,76016951,0
36660,76016951,0
36661,76016951,0
36662,76016951,0
36663,76016951,0
36664,76016951,0
36665,76016951,0
36666,76016951,0
36667,76016951,0
36668,76016951,0
36669,76016951,0
36670,76016951,0
36671,76016951,0
36672,76016951,0
36673,76016951,0
36674,76016951,0
36675,76016951,0
36676,76016951,0
36677,76016951,0
36678,76016951,0
36679,76016951,0
36680,76016951,0
36681,76016951,0
36682,76016951,0
36683,76016951,0
36684,76016951,0
36685,76016951,0
36686,76016951,0
36687,76016951,0
36688,76016951,0
36689,76016951,0
36690,76016951,0
36691,76016951,0
36692,76016951,0
36693,76016951,0
36694,76016951,0
36695,76016951,0
36696,76016951,0
36697,76016951,0
36698,76016951,0
36699,76016951,0
36700,76016951,0
36701,76016951,0
36702,76016951,0
36703,76016951,0
36704,76016951,0
36705,76016951,0
36706,76016951,0
36707,76016951,0
36708,76016951,0
36709,76016951,0
36710,76016951,0
36711,76016951,0
36712,76016951,0
36713,76016951,0
36714,76016951,0
36715,76016951,0
36716,76016951,0
36717,76016951,0
36718,76016951,0
36719,76016951,0
36720,76016951,0
36721,76016951,0
36722,76016951,0
36723,76016951,0
36724,76016951,0
36725,76016951,0
36726,76016951,0
36727,76016951,0
36728,76016951,0
36729,76016951,0
36730,76016951,0
36731,76016951,0
36732,76016951,0
36733,76016951,0
36734,76016951,0
36735,76016951,0
36736,76016951,0
36737,76016951,0
36738,76016951,0
36739,76016951,0
36740,76016951,0
36741,76016951,0
36742,76016951,0
36743,76016951,0
36744,76016951,0
36745,76016951,0
36746,76016951,0
36747,76016951,0
36748,76016951,0
36749,76016951,0
36750,76016951,0
36751,76016951,0
36752,76016951,0
36753,76016951,0
36754,76016951,0
36755,76016951,0
36756,76016951,0
36757,76016951,0
36758,76016951,0
36759,76016951,0
36760,76016951,0
36761,76016951,0
36762,76016951,0
36763,76016951,0
36764,76016951,0
36765,76016951,0
36766,76016951,0
36767,76016951,0
36768,76016951,0
36769,76016951,0
36770,76016951,0
36771,76016951,0
36772,76016951,0
36773,76016951,0
36774,76016951,0
36775,76016951,0
36776,76016951,0
36777,76016951,0
36778,76016951,0
36779,76016951,0
36780,76016951,0
36781,76016951,0
36782,76016951,0
36783,76016951,0
36784,76016951,0
36785,76016951,0
36786,76016951,0
36787,76016951,0
36788,76016951,0
36789,76016951,0
36790,76016951,0
36791,76016951,0
36792,76016951,0
36793,76016951,0
36794,76016951,0
36795,76016951,0
36796,76016951,0
36797,76016951,0
36798,76016951,0
36799,76016951,0
36800,76016951,0
36801,76016951,0
36802,76016951,0
36803,76016951,0
36804,76016951,0
36805,76016951,0
36806,76016951,0
36807,76016951,0
36808,76016951,0
36809,76016951,0
36810,76016951,0
36811,76016951,0
36812,76016951,0
36813,76016951,0
36814,76016951,0
36815,76016951,0
36816,76016951,0
36817,76016951,0
36818,76016951,0
36819,76016951,0
36820,76016951,0
36821,76016951,0
36822,76016951,0
36823,76016951,0
36824,76016951,0
36825,76016951,0
36826,76016951,0
36827,76016951,0
36828,76016951,0
36829,76016951,0
36830,76016951,0
36831,76016951,0
36832,76016951,0
36833,76016951,0
36834,76016951,0
36835,76016951,0
36836,76016951,0
36837,76016951,0
36838,76016951,0
36839,76016951,0
36840,76016951,0
36841,76016951,0
36842,76016951,0
36843,76016951,0
36844,76016951,0
36845,76016951,0
36846,76016951,0
36847,76016951,0
36848,76016951,0
36849,76016951,0
36850,76016951,0
36851,76016951,0
36852,76016951,0
36853,76016951,0
36854,76016951,0
36855,76016951,0
36856,76016951,0
36857,76016951,0
36858,76016951,0
36859,76016951,0
36860,76016951,0
36861,76016951,0
36862,76016951,0
36863,76016951,0
36864,76016951,0
36865,76016951,0
36866,76016951,0
36867,76016951,0
36868,76016951,0
36869,76016951,0
36870,76016951,0
36871,76016951,0
36872,76016951,0
36873,76016951,0
36874,76016951,0
36875,76016951,0
36876,76016951,0
36877,76016951,0
36878,76016951,0
36879,76016951,0
36880,76016951,0
36881,76016951,0
36882,76016951,0
36883,76016951,0
36884,76016951,0
36885,76016951,0
36886,76016951,0
36887,76016951,0
36888,76016951,0
36889,76016951,0
36890,76016951,0
36891,76016951,0
36892,76016951,0
36893,76016951,0
36894,76016951,0
36895,76016951,0
36896,76016951,0
36897,76016951,0
36898,76016951,0
36899,76016951,0
36900,76016951,0
36901,76016951,0
36902,76016951,0
36903,76016951,0
36904,76016951,0
36905,76016951,0
36906,76016951,0
36907,76016951,0
36908,76016951,0
36909,76016951,0
36910,76016951,0
36911,76016951,0
36912,76016951,0
36913,76016951,0
36914,76016951,0
36915,76016951,0
36916,76016951,0
36917,76016951,0
36918,76016951,0
36919,76016951,0
36920,76016951,0
36921,76016951,0
36922,76016951,0
36923,76016951,0
36924,76016951,0
36925,76016951,0
36926,76016951,0
36927,76016951,0
36928,76016951,0
36929,76016951,0
36930,76016951,0
36931,76016951,0
36932,76016951,0
36933,76016951,0
36934,76016951,0
36935,76016951,0
36936,76016951,0
36937,76016951,0
36938,76016951,0
36939,76016951,0
36940,76016951,0
36941,76016951,0
36942,76016951,0
36943,76016951,0
36944,76016951,0
36945,76016951,0
36946,76016951,0
36947,76016951,0
36948,76016951,0
36949,76016951,0
36950,76016951,0
36951,76016951,0
36952,76016951,0
36953,76016951,0
36954,76016951,0
36955,76016951,0
36956,76016951,0
36957,76016951,0
36958,76016951,0
36959,76016951,0
36960,76016951,0
36961,76016951,0
36962,76016951,0
36963,76016951,0
36964,76016951,0
36965,76016951,0
36966,76016951,0
36967,76016951,0
36968,76016951,0
36969,76016951,0
36970,76016951,0
36971,76016951,0
36972,76016951,0
36973,76016951,0
36974,76016951,0
36975,76016951,0
36976,76016951,0
36977,76016951,0
36978,76016951,0
36979,76016951,0
36980,76016951,0
36981,76016951,0
36982,76016951,0
36983,76016951,0
36984,76016951,0
36985,76016951,0
36986,76016951,0
36987,76016951,0
36988,76016951,0
36989,76016951,0
36990,76016951,0
36991,76016951,0
36992,76016951,0
36993,76016951,0
36994,76016951,0
36995,76016951,0
36996,76016951,0
36997,76016951,0
36998,76016951,0
36999,76016951,0
37000,76016951,0
37001,76016951,0
37002,76016951,0
37003,76016951,0
37004,76016951,0
37005,76016951,0
37006,76016951,0
37007,76016951,0
37008,76016951,0
37009,76016951,0
37010,76016951,0
37011,76016951,0
37012,76016951,0
37013,76016951,0
37014,76016951,0
37015,76016951,0
37016,76016951,0
37017,76016951,0
37018,76016951,0
37019,76016951,0
37020,76016951,0
37021,76016951,0
37022,76016951,0
37023,76016951,0
37024,76016951,0
37025,76016951,0
37026,76016951,0
37027,76016951,0
37028,76016951,0
37029,76016951,0
37030,76016951,0
37031,76016951,0
37032,76016951,0
37033,76016951,0
37034,76016951,0
37035,76016951,0
37036,76016951,0
37037,76016951,0
37038,76016951,0
37039,76016951,0
37040,76016951,0
37041,76016951,0
37042,76016951,0
37043,76016951,0
37044,76016951,0
37045,76016951,0
37046,76016951,0
37047,76016951,0
37048,76016951,0
37049,76016951,0
37050,76016951,0
37051,76016951,0
37052,76016951,0
37053,76016951,0
37054,76016951,0
37055,76016951,0
37056,76016951,0
37057,76016951,0
37058,76016951,0
37059,76016951,0
37060,76016951,0
37061,76016951,0
37062,76016951,0
37063,76016951,0
37064,76016951,0
37065,76016951,0
37066,76016951,0
37067,76016951,0
37068,76016951,0
37069,76016951,0
37070,76016951,0
37071,76016951,0
37072,76016951,0
37073,76016951,0
37074,76016951,0
37075,76016951,0
37076,76016951,0
37077,76016951,0
37078,76016951,0
37079,76016951,0
37080,76016951,0
37081,76016951,0
37082,76016951,0
37083,76016951,0
37084,76016951,0
37085,76016951,0
37086,76016951,0
37087,76016951,0
37088,76016951,0
37089,76016951,0
37090,76016951,0
37091,76016951,0
37092,76016951,0
37093,76016951,0
37094,76016951,0
37095,76016951,0
37096,76016951,0
37097,76016951,0
37098,76016951,0
37099,76016951,0
37100,76016951,0
37101,76016951,0
37102,76016951,0
37103,76016951,0
37104,76016951,0
37105,76016951,0
37106,76016951,0
37107,76016951,0
37108,76016951,0
37109,76016951,0
37110,76016951,0
37111,76016951,0
37112,76016951,0
37113,76016951,0
37114,76016951,0
37115,76016951,0
37116,76016951,0
37117,76016951,0
37118,76016951,0
37119,76016951,0
37120,76016951,0
37121,76016951,0
37122,76016951,0
37123,76016951,0
37124,76016951,0
37125,76016951,0
37126,76016951,0
37127,76016951,0
37128,76016951,0
37129,76016951,0
37130,76016951,0
37131,76016951,0
37132,76016951,0
37133,76016951,0
37134,76016951,0
37135,76016951,0
37136,76016951,0
37137,76016951,0
37138,76016951,0
37139,76016951,0
37140,76016951,0
37141,76016951,0
37142,76016951,0
37143,76016951,0
37144,76016951,0
37145,76016951,0
37146,76016951,0
37147,76016951,0
37148,76016951,0
37149,76016951,0
37150,76016951,0
37151,76016951,0
37152,76016951,0
37153,76016951,0
37154,76016951,0
37155,76016951,0
37156,76016951,0
37157,76016951,0
37158,76016951,0
37159,76016951,0
37160,76016951,0
37161,76016951,0
37162,76016951,0
37163,76016951,0
37164,76016951,0
37165,76016951,0
37166,76016951,0
37167,76016951,0
37168,76016951,0
37169,76016951,0
37170,76016951,0
37171,76016951,0
37172,76016951,0
37173,76016951,0
37174,76016951,0
37175,76016951,0
37176,76016951,0
37177,76016951,0
37178,76016951,0
37179,76016951,0
37180,76016951,0
37181,76016951,0
37182,76016951,0
37183,76016951,0
37184,76016951,0
37185,76016951,0
37186,76016951,0
37187,76016951,0
37188,76016951,0
37189,76016951,0
37190,76016951,0
37191,76016951,0
37192,76016951,0
37193,76016951,0
37194,76016951,0
37195,76016951,0
37196,76016951,0
37197,76016951,0
37198,76016951,0
37199,76016951,0
37200,76016951,0
37201,76016951,0
37202,76016951,0
37203,76016951,0
37204,76016951,0
37205,76016951,0
37206,76016951,0
37207,76016951,0
37208,76016951,0
37209,76016951,0
37210,76016951,0
37211,76016951,0
37212,76016951,0
37213,76016951,0
37214,76016951,0
37215,76016951,0
37216,76016951,0
37217,76016951,0
37218,76016951,0
37219,76016951,0
37220,76016951,0
37221,76016951,0
37222,76016951,0
37223,76016951,0
37224,76016951,0
37225,76016951,0
37226,76016951,0
37227,76016951,0
37228,76016951,0
37229,76016951,0
37230,76016951,0
37231,76016951,0
37232,76016951,0
37233,76016951,0
37234,76016951,0
37235,76016951,0
37236,76016951,0
37237,76016951,0
37238,76016951,0
37239,76016951,0
37240,76016951,0
37241,76016951,0
37242,76016951,0
37243,76016951,0
37244,76016951,0
37245,76016951,0
37246,76016951,0
37247,76016951,0
37248,76016951,0
37249,76016951,0
37250,76016951,0
37251,76016951,0
37252,76016951,0
37253,76016951,0
37254,76016951,0
37255,76016951,0
37256,76016951,0
37257,76016951,0
37258,76016951,0
37259,76016951,0
37260,76016951,0
37261,76016951,0
37262,76016951,0
37263,76016951,0
37264,76016951,0
37265,76016951,0
37266,76016951,0
37267,76016951,0
37268,76016951,0
37269,76016951,0
37270,76016951,0
37271,76016951,0
37272,76016951,0
37273,76016951,0
37274,76016951,0
37275,76016951,0
37276,76016951,0
37277,76016951,0
37278,76016951,0
37279,76016951,0
37280,76016951,0
37281,76016951,0
37282,76016951,0
37283,76016951,0
37284,76016951,0
37285,76016951,0
37286,76016951,0
37287,76016951,0
37288,76016951,0
37289,76016951,0
37290,76016951,0
37291,76016951,0
37292,76016951,0
37293,76016951,0
37294,76016951,0
37295,76016951,0
37296,76016951,0
37297,76016951,0
37298,76016951,0
37299,76016951,0
37300,76016951,0
37301,76016951,0
37302,76016951,0
37303,76016951,0
37304,76016951,0
37305,76016951,0
37306,76016951,0
37307,76016951,0
37308,76016951,0
37309,76016951,0
37310,76016951,0
37311,76016951,0
37312,76016951,0
37313,76016951,0
37314,76016951,0
37315,76016951,0
37316,76016951,0
37317,76016951,0
37318,76016951,0
37319,76016951,0
37320,76016951,0
37321,76016951,0
37322,76016951,0
37323,76016951,0
37324,76016951,0
37325,76016951,0
37326,76016951,0
37327,76016951,0
37328,76016951,0
37329,76016951,0
37330,76016951,0
37331,76016951,0
37332,76016951,0
37333,76016951,0
37334,76016951,0
37335,76016951,0
37336,76016951,0
37337,76016951,0
37338,76016951,0
37339,76016951,0
37340,76016951,0
37341,76016951,0
37342,76016951,0
37343,76016951,0
37344,76016951,0
37345,76016951,0
37346,76016951,0
37347,76016951,0
37348,76016951,0
37349,76016951,0
37350,76016951,0
37351,76016951,0
37352,76016951,0
37353,76016951,0
37354,76016951,0
37355,76016951,0
37356,76016951,0
37357,76016951,0
37358,76016951,0
37359,76016951,0
37360,76016951,0
37361,76016951,0
37362,76016951,0
37363,76016951,0
37364,76016951,0
37365,76016951,0
37366,76016951,0
37367,76016951,0
37368,76016951,0
37369,76016951,0
37370,76016951,0
37371,76016951,0
37372,76016951,0
37373,76016951,0
37374,76016951,0
37375,76016951,0
37376,76016951,0
37377,76016951,0
37378,76016951,0
37379,76016951,0
37380,76016951,0
37381,76016951,0
37382,76016951,0
37383,76016951,0
37384,76016951,0
37385,76016951,0
37386,76016951,0
37387,76016951,0
37388,76016951,0
37389,76016951,0
37390,76016951,0
37391,76016951,0
37392,76016951,0
37393,76016951,0
37394,76016951,0
37395,76016951,0
37396,76016951,0
37397,76016951,0
37398,76016951,0
37399,76016951,0
37400,76016951,0
37401,76016951,0
37402,76016951,0
37403,76016951,0
37404,76016951,0
37405,76016951,0
37406,76016951,0
37407,76016951,0
37408,76016951,0
37409,76016951,0
37410,76016951,0
37411,76016951,0
37412,76016951,0
37413,76016951,0
37414,76016951,0
37415,76016951,0
37416,76016951,0
37417,76016951,0
37418,76016951,0
37419,76016951,0
37420,76016951,0
37421,76016951,0
37422,76016951,0
37423,76016951,0
37424,76016951,0
37425,76016951,0
37426,76016951,0
37427,76016951,0
37428,76016951,0
37429,76016951,0
37430,76016951,0
37431,76016951,0
37432,76016951,0
37433,76016951,0
37434,76016951,0
37435,76016951,0
37436,76016951,0
37437,76016951,0
37438,76016951,0
37439,76016951,0
37440,76016951,0
37441,76016951,0
37442,76016951,0
37443,76016951,0
37444,76016951,0
37445,76016951,0
37446,76016951,0
37447,76016951,0
37448,76016951,0
37449,76016951,0
37450,76016951,0
37451,76016951,0
37452,76016951,0
37453,76016951,0
37454,76016951,0
37455,76016951,0
37456,76016951,0
37457,76016951,0
37458,76016951,0
37459,76016951,0
37460,76016951,0
37461,76016951,0
37462,76016951,0
37463,76016951,0
37464,76016951,0
37465,76016951,0
37466,76016951,0
37467,76016951,0
37468,76016951,0
37469,76016951,0
37470,76016951,0
37471,76016951,0
37472,76016951,0
37473,76016951,0
37474,76016951,0
37475,76016951,0
37476,76016951,0
37477,76016951,0
37478,76016951,0
37479,76016951,0
37480,76016951,0
37481,76016951,0
37482,76016951,0
37483,76016951,0
37484,76016951,0
37485,76016951,0
37486,76016951,0
37487,76016951,0
37488,76016951,0
37489,76016951,0
37490,76016951,0
37491,76016951,0
37492,76016951,0
37493,76016951,0
37494,76016951,0
37495,76016951,0
37496,76016951,0
37497,76016951,0
37498,76016951,0
37499,76016951,0
37500,76016951,0
37501,76016951,0
37502,76016951,0
37503,76016951,0
37504,76016951,0
37505,76016951,0
37506,76016951,0
37507,76016951,0
37508,76016951,0
37509,76016951,0
37510,76016951,0
37511,76016951,0
37512,76016951,0
37513,76016951,0
37514,76016951,0
37515,76016951,0
37516,76016951,0
37517,76016951,0
37518,76016951,0
37519,76016951,0
37520,76016951,0
37521,76016951,0
37522,76016951,0
37523,76016951,0
37524,76016951,0
37525,76016951,0
37526,76016951,0
37527,76016951,0
37528,76016951,0
37529,76016951,0
37530,76016951,0
37531,76016951,0
37532,76016951,0
37533,76016951,0
37534,76016951,0
37535,76016951,0
37536,76016951,0
37537,76016951,0
37538,76016951,0
37539,76016951,0
37540,76016951,0
37541,76016951,0
37542,76016951,0
37543,76016951,0
37544,76016951,0
37545,76016951,0
37546,76016951,0
37547,76016951,0
37548,76016951,0
37549,76016951,0
37550,76016951,0
37551,76016951,0
37552,76016951,0
37553,76016951,0
37554,76016951,0
37555,76016951,0
37556,76016951,0
37557,76016951,0
37558,76016951,0
37559,76016951,0
37560,76016951,0
37561,76016951,0
37562,76016951,0
37563,76016951,0
37564,76016951,0
37565,76016951,0
37566,76016951,0
37567,76016951,0
37568,76016951,0
37569,76016951,0
37570,76016951,0
37571,76016951,0
37572,76016951,0
37573,76016951,0
37574,76016951,0
37575,76016951,0
37576,76016951,0
37577,76016951,0
37578,76016951,0
37579,76016951,0
37580,76016951,0
37581,76016951,0
37582,76016951,0
37583,76016951,0
37584,76016951,0
37585,76016951,0
37586,76016951,0
37587,76016951,0
37588,76016951,0
37589,76016951,0
37590,76016951,0
37591,76016951,0
37592,76016951,0
37593,76016951,0
37594,76016951,0
37595,76016951,0
37596,76016951,0
37597,76016951,0
37598,76016951,0
37599,76016951,0
37600,76016951,0
37601,76016951,0
37602,76016951,0
37603,76016951,0
37604,76016951,0
37605,76016951,0
37606,76016951,0
37607,76016951,0
37608,76016951,0
37609,76016951,0
37610,76016951,0
37611,76016951,0
37612,76016951,0
37613,76016951,0
37614,76016951,0
37615,76016951,0
37616,76016951,0
37617,76016951,0
37618,76016951,0
37619,76016951,0
37620,76016951,0
37621,76016951,0
37622,76016951,0
37623,76016951,0
37624,76016951,0
37625,76016951,0
37626,76016951,0
37627,76016951,0
37628,76016951,0
37629,76016951,0
37630,76016951,0
37631,76016951,0
37632,76016951,0
37633,76016951,0
37634,76016951,0
37635,76016951,0
37636,76016951,0
37637,76016951,0
37638,76016951,0
37639,76016951,0
37640,76016951,0
37641,76016951,0
37642,76016951,0
37643,76016951,0
37644,76016951,0
37645,76016951,0
37646,76016951,0
37647,76016951,0
37648,76016951,0
37649,76016951,0
37650,76016951,0
37651,76016951,0
37652,76016951,0
37653,76016951,0
37654,76016951,0
37655,76016951,0
37656,76016951,0
37657,76016951,0
37658,76016951,0
37659,76016951,0
37660,76016951,0
37661,76016951,0
37662,76016951,0
37663,76016951,0
37664,76016951,0
37665,76016951,0
37666,76016951,0
37667,76016951,0
37668,76016951,0
37669,76016951,0
37670,76016951,0
37671,76016951,0
37672,76016951,0
37673,76016951,0
37674,76016951,0
37675,76016951,0
37676,76016951,0
37677,76016951,0
37678,76016951,0
37679,76016951,0
37680,76016951,0
37681,76016951,0
37682,76016951,0
37683,76016951,0
37684,76016951,0
37685,76016951,0
37686,76016951,0
37687,76016951,0
37688,76016951,0
37689,76016951,0
37690,76016951,0
37691,76016951,0
37692,76016951,0
37693,76016951,0
37694,76016951,0
37695,76016951,0
37696,76016951,0
37697,76016951,0
37698,76016951,0
37699,76016951,0
37700,76016951,0
37701,76016951,0
37702,76016951,0
37703,76016951,0
37704,76016951,0
37705,76016951,0
37706,76016951,0
37707,76016951,0
37708,76016951,0
37709,76016951,0
37710,76016951,0
37711,76016951,0
37712,76016951,0
37713,76016951,0
37714,76016951,0
37715,76016951,0
37716,76016951,0
37717,76016951,0
37718,76016951,0
37719,76016951,0
37720,76016951,0
37721,76016951,0
37722,76016951,0
37723,76016951,0
37724,76016951,0
37725,76016951,0
37726,76016951,0
37727,76016951,0
37728,76016951,0
37729,76016951,0
37730,76016951,0
37731,76016951,0
37732,76016951,0
37733,76016951,0
37734,76016951,0
37735,76016951,0
37736,76016951,0
37737,76016951,0
37738,76016951,0
37739,76016951,0
37740,76016951,0
37741,76016951,0
37742,76016951,0
37743,76016951,0
37744,76016951,0
37745,76016951,0
37746,76016951,0
37747,76016951,0
37748,76016951,0
37749,76016951,0
37750,76016951,0
37751,76016951,0
37752,76016951,0
37753,76016951,0
37754,76016951,0
37755,76016951,0
37756,76016951,0
37757,76016951,0
37758,76016951,0
37759,76016951,0
37760,76016951,0
37761,76016951,0
37762,76016951,0
37763,76016951,0
37764,76016951,0
37765,76016951,0
37766,76016951,0
37767,76016951,0
37768,76016951,0
37769,76016951,0
37770,76016951,0
37771,76016951,0
37772,76016951,0
37773,76016951,0
37774,76016951,0
37775,76016951,0
37776,76016951,0
37777,76016951,0
37778,76016951,0
37779,76016951,0
37780,76016951,0
37781,76016951,0
37782,76016951,0
37783,76016951,0
37784,76016951,0
37785,76016951,0
37786,76016951,0
37787,76016951,0
37788,76016951,0
37789,76016951,0
37790,76016951,0
37791,76016951,0
37792,76016951,0
37793,76016951,0
37794,76016951,0
37795,76016951,0
37796,76016951,0
37797,76016951,0
37798,76016951,0
37799,76016951,0
37800,76016951,0
37801,76016951,0
37802,76016951,0
37803,76016951,0
37804,76016951,0
37805,76016951,0
37806,76016951,0
37807,76016951,0
37808,76016951,0
37809,76016951,0
37810,76016951,0
37811,76016951,0
37812,76016951,0
37813,76016951,0
37814,76016951,0
37815,76016951,0
37816,76016951,0
37817,76016951,0
37818,76016951,0
37819,76016951,0
37820,76016951,0
37821,76016951,0
37822,76016951,0
37823,76016951,0
37824,76016951,0
37825,76016951,0
37826,76016951,0
37827,76016951,0
37828,76016951,0
37829,76016951,0
37830,76016951,0
37831,76016951,0
37832,76016951,0
37833,76016951,0
37834,76016951,0
37835,76016951,0
37836,76016951,0
37837,76016951,0
37838,76016951,0
37839,76016951,0
37840,76016951,0
37841,76016951,0
37842,76016951,0
37843,76016951,0
37844,76016951,0
37845,76016951,0
37846,76016951,0
37847,76016951,0
37848,76016951,0
37849,76016951,0
37850,76016951,0
37851,76016951,0
37852,76016951,0
37853,76016951,0
37854,76016951,0
37855,76016951,0
37856,76016951,0
37857,76016951,0
37858,76016951,0
37859,76016951,0
37860,76016951,0
37861,76016951,0
37862,76016951,0
37863,76016951,0
37864,76016951,0
37865,76016951,0
37866,76016951,0
37867,76016951,0
37868,76016951,0
37869,76016951,0
37870,76016951,0
37871,76016951,0
37872,76016951,0
37873,76016951,0
37874,76016951,0
37875,76016951,0
37876,76016951,0
37877,76016951,0
37878,76016951,0
37879,76016951,0
37880,76016951,0
37881,76016951,0
37882,76016951,0
37883,76016951,0
37884,76016951,0
37885,76016951,0
37886,76016951,0
37887,76016951,0
37888,76016951,0
37889,76016951,0
37890,76016951,0
37891,76016951,0
37892,76016951,0
37893,76016951,0
37894,76016951,0
37895,76016951,0
37896,76016951,0
37897,76016951,0
37898,76016951,0
37899,76016951,0
37900,76016951,0
37901,76016951,0
37902,76016951,0
37903,76016951,0
37904,76016951,0
37905,76016951,0
37906,76016951,0
37907,76016951,0
37908,76016951,0
37909,76016951,0
37910,76016951,0
37911,76016951,0
37912,76016951,0
37913,76016951,0
37914,76016951,0
37915,76016951,0
37916,76016951,0
37917,76016951,0
37918,76016951,0
37919,76016951,0
37920,76016951,0
37921,76016951,0
37922,76016951,0
37923,76016951,0
37924,76016951,0
37925,76016951,0
37926,76016951,0
37927,76016951,0
37928,76016951,0
37929,76016951,0
37930,76016951,0
37931,76016951,0
37932,76016951,0
37933,76016951,0
37934,76016951,0
37935,76016951,0
37936,76016951,0
37937,76016951,0
37938,76016951,0
37939,76016951,0
37940,76016951,0
37941,76016951,0
37942,76016951,0
37943,76016951,0
37944,76016951,0
37945,76016951,0
37946,76016951,0
37947,76016951,0
37948,76016951,0
37949,76016951,0
37950,76016951,0
37951,76016951,0
37952,76016951,0
37953,76016951,0
37954,76016951,0
37955,76016951,0
37956,76016951,0
37957,76016951,0
37958,76016951,0
37959,76016951,0
37960,76016951,0
37961,76016951,0
37962,76016951,0
37963,76016951,0
37964,76016951,0
37965,76016951,0
37966,76016951,0
37967,76016951,0
37968,76016951,0
37969,76016951,0
37970,76016951,0
37971,76016951,0
37972,76016951,0
37973,76016951,0
37974,76016951,0
37975,76016951,0
37976,76016951,0
37977,76016951,0
37978,76016951,0
37979,76016951,0
37980,76016951,0
37981,76016951,0
37982,76016951,0
37983,76016951,0
37984,76016951,0
37985,76016951,0
37986,76016951,0
37987,76016951,0
37988,76016951,0
37989,76016951,0
37990,76016951,0
37991,76016951,0
37992,76016951,0
37993,76016951,0
37994,76016951,0
37995,76016951,0
37996,76016951,0
37997,76016951,0
37998,76016951,0
37999,76016951,0
38000,76016951,0
38001,76016951,0
38002,76016951,0
38003,76016951,0
38004,76016951,0
38005,76016951,0
38006,76016951,0
38007,76016951,0
38008,76016951,0
38009,76016951,0
38010,76016951,0
38011,76016951,0
38012,76016951,0
38013,76016951,0
38014,76016951,0
38015,76016951,0
38016,76016951,0
38017,76016951,0
38018,76016951,0
38019,76016951,0
38020,76016951,0
38021,76016951,0
38022,76016951,0
38023,76016951,0
38024,76016951,0
38025,76016951,0
38026,76016951,0
38027,76016951,0
38028,76016951,0
38029,76016951,0
38030,76016951,0
38031,76016951,0
38032,76016951,0
38033,76016951,0
38034,76016951,0
38035,76016951,0
38036,76016951,0
38037,76016951,0
38038,76016951,0
38039,76016951,0
38040,76016951,0
38041,76016951,0
38042,76016951,0
38043,76016951,0
38044,76016951,0
38045,76016951,0
38046,76016951,0
38047,76016951,0
38048,76016951,0
38049,76016951,0
38050,76016951,0
38051,76016951,0
38052,76016951,0
38053,76016951,0
38054,76016951,0
38055,76016951,0
38056,76016951,0
38057,76016951,0
38058,76016951,0
38059,76016951,0
38060,76016951,0
38061,76016951,0
38062,76016951,0
38063,76016951,0
38064,76016951,0
38065,76016951,0
38066,76016951,0
38067,76016951,0
38068,76016951,0
38069,76016951,0
38070,76016951,0
38071,76016951,0
38072,76016951,0
38073,76016951,0
38074,76016951,0
38075,76016951,0
38076,76016951,0
38077,76016951,0
38078,76016951,0
38079,76016951,0
38080,76016951,0
38081,76016951,0
38082,76016951,0
38083,76016951,0
38084,76016951,0
38085,76016951,0
38086,76016951,0
38087,76016951,0
38088,76016951,0
38089,76016951,0
38090,76016951,0
38091,76016951,0
38092,76016951,0
38093,76016951,0
38094,76016951,0
38095,76016951,0
38096,76016951,0
38097,76016951,0
38098,76016951,0
38099,76016951,0
38100,76016951,0
38101,76016951,0
38102,76016951,0
38103,76016951,0
38104,76016951,0
38105,76016951,0
38106,76016951,0
38107,76016951,0
38108,76016951,0
38109,76016951,0
38110,76016951,0
38111,76016951,0
38112,76016951,0
38113,76016951,0
38114,76016951,0
38115,76016951,0
38116,76016951,0
38117,76016951,0
38118,76016951,0
38119,76016951,0
38120,76016951,0
38121,76016951,0
38122,76016951,0
38123,76016951,0
38124,76016951,0
38125,76016951,0
38126,76016951,0
38127,76016951,0
38128,76016951,0
38129,76016951,0
38130,76016951,0
38131,76016951,0
38132,76016951,0
38133,76016951,0
38134,76016951,0
38135,76016951,0
38136,76016951,0
38137,76016951,0
38138,76016951,0
38139,76016951,0
38140,76016951,0
38141,76016951,0
38142,76016951,0
38143,76016951,0
38144,76016951,0
38145,76016951,0
38146,76016951,0
38147,76016951,0
38148,76016951,0
38149,76016951,0
38150,76016951,0
38151,76016951,0
38152,76016951,0
38153,76016951,0
38154,76016951,0
38155,76016951,0
38156,76016951,0
38157,76016951,0
38158,76016951,0
38159,76016951,0
38160,76016951,0
38161,76016951,0
38162,76016951,0
38163,76016951,0
38164,76016951,0
38165,76016951,0
38166,76016951,0
38167,76016951,0
38168,76016951,0
38169,76016951,0
38170,76016951,0
38171,76016951,0
38172,76016951,0
38173,76016951,0
38174,76016951,0
38175,76016951,0
38176,76016951,0
38177,76016951,0
38178,76016951,0
38179,76016951,0
38180,76016951,0
38181,76016951,0
38182,76016951,0
38183,76016951,0
38184,76016951,0
38185,76016951,0
38186,76016951,0
38187,76016951,0
38188,76016951,0
38189,76016951,0
38190,76016951,0
38191,76016951,0
38192,76016951,0
38193,76016951,0
38194,76016951,0
38195,76016951,0
38196,76016951,0
38197,76016951,0
38198,76016951,0
38199,76016951,0
38200,76016951,0
38201,76016951,0
38202,76016951,0
38203,76016951,0
38204,76016951,0
38205,76016951,0
38206,76016951,0
38207,76016951,0
38208,76016951,0
38209,76016951,0
38210,76016951,0
38211,76016951,0
38212,76016951,0
38213,76016951,0
38214,76016951,0
38215,76016951,0
38216,76016951,0
38217,76016951,0
38218,76016951,0
38219,76016951,0
38220,76016951,0
38221,76016951,0
38222,76016951,0
38223,76016951,0
38224,76016951,0
38225,76016951,0
38226,76016951,0
38227,76016951,0
38228,76016951,0
38229,76016951,0
38230,76016951,0
38231,76016951,0
38232,76016951,0
38233,76016951,0
38234,76016951,0
38235,76016951,0
38236,76016951,0
38237,76016951,0
38238,76016951,0
38239,76016951,0
38240,76016951,0
38241,76016951,0
38242,76016951,0
38243,76016951,0
38244,76016951,0
38245,76016951,0
38246,76016951,0
38247,76016951,0
38248,76016951,0
38249,76016951,0
38250,76016951,0
38251,76016951,0
38252,76016951,0
38253,76016951,0
38254,76016951,0
38255,76016951,0
38256,76016951,0
38257,76016951,0
38258,76016951,0
38259,76016951,0
38260,76016951,0
38261,76016951,0
38262,76016951,0
38263,76016951,0
38264,76016951,0
38265,76016951,0
38266,76016951,0
38267,76016951,0
38268,76016951,0
38269,76016951,0
38270,76016951,0
38271,76016951,0
38272,76016951,0
38273,76016951,0
38274,76016951,0
38275,76016951,0
38276,76016951,0
38277,76016951,0
38278,76016951,0
38279,76016951,0
38280,76016951,0
38281,76016951,0
38282,76016951,0
38283,76016951,0
38284,76016951,0
38285,76016951,0
38286,76016951,0
38287,76016951,0
38288,76016951,0
38289,76016951,0
38290,76016951,0
38291,76016951,0
38292,76016951,0
38293,76016951,0
38294,76016951,0
38295,76016951,0
38296,76016951,0
38297,76016951,0
38298,76016951,0
38299,76016951,0
38300,76016951,0
38301,76016951,0
38302,76016951,0
38303,76016951,0
38304,76016951,0
38305,76016951,0
38306,76016951,0
38307,76016951,0
38308,76016951,0
38309,76016951,0
38310,76016951,0
38311,76016951,0
38312,76016951,0
38313,76016951,0
38314,76016951,0
38315,76016951,0
38316,76016951,0
38317,76016951,0
38318,76016951,0
38319,76016951,0
38320,76016951,0
38321,76016951,0
38322,76016951,0
38323,76016951,0
38324,76016951,0
38325,76016951,0
38326,76016951,0
38327,76016951,0
38328,76016951,0
38329,76016951,0
38330,76016951,0
38331,76016951,0
38332,76016951,0
38333,76016951,0
38334,76016951,0
38335,76016951,0
38336,76016951,0
38337,76016951,0
38338,76016951,0
38339,76016951,0
38340,76016951,0
38341,76016951,0
38342,76016951,0
38343,76016951,0
38344,76016951,0
38345,76016951,0
38346,76016951,0
38347,76016951,0
38348,76016951,0
38349,76016951,0
38350,76016951,0
38351,76016951,0
38352,76016951,0
38353,76016951,0
38354,76016951,0
38355,76016951,0
38356,76016951,0
38357,76016951,0
38358,76016951,0
38359,76016951,0
38360,76016951,0
38361,76016951,0
38362,76016951,0
38363,76016951,0
38364,76016951,0
38365,76016951,0
38366,76016951,0
38367,76016951,0
38368,76016951,0
38369,76016951,0
38370,76016951,0
38371,76016951,0
38372,76016951,0
38373,76016951,0
38374,76016951,0
38375,76016951,0
38376,76016951,0
38377,76016951,0
38378,76016951,0
38379,76016951,0
38380,76016951,0
38381,76016951,0
38382,76016951,0
38383,76016951,0
38384,76016951,0
38385,76016951,0
38386,76016951,0
38387,76016951,0
38388,76016951,0
38389,76016951,0
38390,76016951,0
38391,76016951,0
38392,76016951,0
38393,76016951,0
38394,76016951,0
38395,76016951,0
38396,76016951,0
38397,76016951,0
38398,76016951,0
38399,76016951,0
38400,76016951,0
38401,76016951,0
38402,76016951,0
38403,76016951,0
38404,76016951,0
38405,76016951,0
38406,76016951,0
38407,76016951,0
38408,76016951,0
38409,76016951,0
38410,76016951,0
38411,76016951,0
38412,76016951,0
38413,76016951,0
38414,76016951,0
38415,76016951,0
38416,76016951,0
38417,76016951,0
38418,76016951,0
38419,76016951,0
38420,76016951,0
38421,76016951,0
38422,76016951,0
38423,76016951,0
38424,76016951,0
38425,76016951,0
38426,76016951,0
38427,76016951,0
38428,76016951,0
38429,76016951,0
38430,76016951,0
38431,76016951,0
38432,76016951,0
38433,76016951,0
38434,76016951,0
38435,76016951,0
38436,76016951,0
38437,76016951,0
38438,76016951,0
38439,76016951,0
38440,76016951,0
38441,76016951,0
38442,76016951,0
38443,76016951,0
38444,76016951,0
38445,76016951,0
38446,76016951,0
38447,76016951,0
38448,76016951,0
38449,76016951,0
38450,76016951,0
38451,76016951,0
38452,76016951,0
38453,76016951,0
38454,76016951,0
38455,76016951,0
38456,76016951,0
38457,76016951,0
38458,76016951,0
38459,76016951,0
38460,76016951,0
38461,76016951,0
38462,76016951,0
38463,76016951,0
38464,76016951,0
38465,76016951,0
38466,76016951,0
38467,76016951,0
38468,76016951,0
38469,76016951,0
38470,76016951,0
38471,76016951,0
38472,76016951,0
38473,76016951,0
38474,76016951,0
38475,76016951,0
38476,76016951,0
38477,76016951,0
38478,76016951,0
38479,76016951,0
38480,76016951,0
38481,76016951,0
38482,76016951,0
38483,76016951,0
38484,76016951,0
38485,76016951,0
38486,76016951,0
38487,76016951,0
38488,76016951,0
38489,76016951,0
38490,76016951,0
38491,76016951,0
38492,76016951,0
38493,76016951,0
38494,76016951,0
38495,76016951,0
38496,76016951,0
38497,76016951,0
38498,76016951,0
38499,76016951,0
38500,76016951,0
38501,76016951,0
38502,76016951,0
38503,76016951,0
38504,76016951,0
38505,76016951,0
38506,76016951,0
38507,76016951,0
38508,76016951,0
38509,76016951,0
38510,76016951,0
38511,76016951,0
38512,76016951,0
38513,76016951,0
38514,76016951,0
38515,76016951,0
38516,76016951,0
38517,76016951,0
38518,76016951,0
38519,76016951,0
38520,76016951,0
38521,76016951,0
38522,76016951,0
38523,76016951,0
38524,76016951,0
38525,76016951,0
38526,76016951,0
38527,76016951,0
38528,76016951,0
38529,76016951,0
38530,76016951,0
38531,76016951,0
38532,76016951,0
38533,76016951,0
38534,76016951,0
38535,76016951,0
38536,76016951,0
38537,76016951,0
38538,76016951,0
38539,76016951,0
38540,76016951,0
38541,76016951,0
38542,76016951,0
38543,76016951,0
38544,76016951,0
38545,76016951,0
38546,76016951,0
38547,76016951,0
38548,76016951,0
38549,76016951,0
38550,76016951,0
38551,76016951,0
38552,76016951,0
38553,76016951,0
38554,76016951,0
38555,76016951,0
38556,76016951,0
38557,76016951,0
38558,76016951,0
38559,76016951,0
38560,76016951,0
38561,76016951,0
38562,76016951,0
38563,76016951,0
38564,76016951,0
38565,76016951,0
38566,76016951,0
38567,76016951,0
38568,76016951,0
38569,76016951,0
38570,76016951,0
38571,76016951,0
38572,76016951,0
38573,76016951,0
38574,76016951,0
38575,76016951,0
38576,76016951,0
38577,76016951,0
38578,76016951,0
38579,76016951,0
38580,76016951,0
38581,76016951,0
38582,76016951,0
38583,76016951,0
38584,76016951,0
38585,76016951,0
38586,76016951,0
38587,76016951,0
38588,76016951,0
38589,76016951,0
38590,76016951,0
38591,76016951,0
38592,76016951,0
38593,76016951,0
38594,76016951,0
38595,76016951,0
38596,76016951,0
38597,76016951,0
38598,76016951,0
38599,76016951,0
38600,76016951,0
38601,76016951,0
38602,76016951,0
38603,76016951,0
38604,76016951,0
38605,76016951,0
38606,76016951,0
38607,76016951,0
38608,76016951,0
38609,76016951,0
38610,76016951,0
38611,76016951,0
38612,76016951,0
38613,76016951,0
38614,76016951,0
38615,76016951,0
38616,76016951,0
38617,76016951,0
38618,76016951,0
38619,76016951,0
38620,76016951,0
38621,76016951,0
38622,76016951,0
38623,76016951,0
38624,76016951,0
38625,76016951,0
38626,76016951,0
38627,76016951,0
38628,76016951,0
38629,76016951,0
38630,76016951,0
38631,76016951,0
38632,76016951,0
38633,76016951,0
38634,76016951,0
38635,76016951,0
38636,76016951,0
38637,76016951,0
38638,76016951,0
38639,76016951,0
38640,76016951,0
38641,76016951,0
38642,76016951,0
38643,76016951,0
38644,76016951,0
38645,76016951,0
38646,76016951,0
38647,76016951,0
38648,76016951,0
38649,76016951,0
38650,76016951,0
38651,76016951,0
38652,76016951,0
38653,76016951,0
38654,76016951,0
38655,76016951,0
38656,76016951,0
38657,76016951,0
38658,76016951,0
38659,76016951,0
38660,76016951,0
38661,76016951,0
38662,76016951,0
38663,76016951,0
38664,76016951,0
38665,76016951,0
38666,76016951,0
38667,76016951,0
38668,76016951,0
38669,76016951,0
38670,76016951,0
38671,76016951,0
38672,76016951,0
38673,76016951,0
38674,76016951,0
38675,76016951,0
38676,76016951,0
38677,76016951,0
38678,76016951,0
38679,76016951,0
38680,76016951,0
38681,76016951,0
38682,76016951,0
38683,76016951,0
38684,76016951,0
38685,76016951,0
38686,76016951,0
38687,76016951,0
38688,76016951,0
38689,76016951,0
38690,76016951,0
38691,76016951,0
38692,76016951,0
38693,76016951,0
38694,76016951,0
38695,76016951,0
38696,76016951,0
38697,76016951,0
38698,76016951,0
38699,76016951,0
38700,76016951,0
38701,76016951,0
38702,76016951,0
38703,76016951,0
38704,76016951,0
38705,76016951,0
38706,76016951,0
38707,76016951,0
38708,76016951,0
38709,76016951,0
38710,76016951,0
38711,76016951,0
38712,76016951,0
38713,76016951,0
38714,76016951,0
38715,76016951,0
38716,76016951,0
38717,76016951,0
38718,76016951,0
38719,76016951,0
38720,76016951,0
38721,76016951,0
38722,76016951,0
38723,76016951,0
38724,76016951,0
38725,76016951,0
38726,76016951,0
38727,76016951,0
38728,76016951,0
38729,76016951,0
38730,76016951,0
38731,76016951,0
38732,76016951,0
38733,76016951,0
38734,76016951,0
38735,76016951,0
38736,76016951,0
38737,76016951,0
38738,76016951,0
38739,76016951,0
38740,76016951,0
38741,76016951,0
38742,76016951,0
38743,76016951,0
38744,76016951,0
38745,76016951,0
38746,76016951,0
38747,76016951,0
38748,76016951,0
38749,76016951,0
38750,76016951,0
38751,76016951,0
38752,76016951,0
38753,76016951,0
38754,76016951,0
38755,76016951,0
38756,76016951,0
38757,76016951,0
38758,76016951,0
38759,76016951,0
38760,76016951,0
38761,76016951,0
38762,76016951,0
38763,76016951,0
38764,76016951,0
38765,76016951,0
38766,76016951,0
38767,76016951,0
38768,76016951,0
38769,76016951,0
38770,76016951,0
38771,76016951,0
38772,76016951,0
38773,76016951,0
38774,76016951,0
38775,76016951,0
38776,76016951,0
38777,76016951,0
38778,76016951,0
38779,76016951,0
38780,76016951,0
38781,76016951,0
38782,76016951,0
38783,76016951,0
38784,76016951,0
38785,76016951,0
38786,76016951,0
38787,76016951,0
38788,76016951,0
38789,76016951,0
38790,76016951,0
38791,76016951,0
38792,76016951,0
38793,76016951,0
38794,76016951,0
38795,76016951,0
38796,76016951,0
38797,76016951,0
38798,76016951,0
38799,76016951,0
38800,76016951,0
38801,76016951,0
38802,76016951,0
38803,76016951,0
38804,76016951,0
38805,76016951,0
38806,76016951,0
38807,76016951,0
38808,76016951,0
38809,76016951,0
38810,76016951,0
38811,76016951,0
38812,76016951,0
38813,76016951,0
38814,76016951,0
38815,76016951,0
38816,76016951,0
38817,76016951,0
38818,76016951,0
38819,76016951,0
38820,76016951,0
38821,76016951,0
38822,76016951,0
38823,76016951,0
38824,76016951,0
38825,76016951,0
38826,76016951,0
38827,76016951,0
38828,76016951,0
38829,76016951,0
38830,76016951,0
38831,76016951,0
38832,76016951,0
38833,76016951,0
38834,76016951,0
38835,76016951,0
38836,76016951,0
38837,76016951,0
38838,76016951,0
38839,76016951,0
38840,76016951,0
38841,76016951,0
38842,76016951,0
38843,76016951,0
38844,76016951,0
38845,76016951,0
38846,76016951,0
38847,76016951,0
38848,76016951,0
38849,76016951,0
38850,76016951,0
38851,76016951,0
38852,76016951,0
38853,76016951,0
38854,76016951,0
38855,76016951,0
38856,76016951,0
38857,76016951,0
38858,76016951,0
38859,76016951,0
38860,76016951,0
38861,76016951,0
38862,76016951,0
38863,76016951,0
38864,76016951,0
38865,76016951,0
38866,76016951,0
38867,76016951,0
38868,76016951,0
38869,76016951,0
38870,76016951,0
38871,76016951,0
38872,76016951,0
38873,76016951,0
38874,76016951,0
38875,76016951,0
38876,76016951,0
38877,76016951,0
38878,76016951,0
38879,76016951,0
38880,76016951,0
38881,76016951,0
38882,76016951,0
38883,76016951,0
38884,76016951,0
38885,76016951,0
38886,76016951,0
38887,76016951,0
38888,76016951,0
38889,76016951,0
38890,76016951,0
38891,76016951,0
38892,76016951,0
38893,76016951,0
38894,76016951,0
38895,76016951,0
38896,76016951,0
38897,76016951,0
38898,76016951,0
38899,76016951,0
38900,76016951,0
38901,76016951,0
38902,76016951,0
38903,76016951,0
38904,76016951,0
38905,76016951,0
38906,76016951,0
38907,76016951,0
38908,76016951,0
38909,76016951,0
38910,76016951,0
38911,76016951,0
38912,76016951,0
38913,76016951,0
38914,76016951,0
38915,76016951,0
38916,76016951,0
38917,76016951,0
38918,76016951,0
38919,76016951,0
38920,76016951,0
38921,76016951,0
38922,76016951,0
38923,76016951,0
38924,76016951,0
38925,76016951,0
38926,76016951,0
38927,76016951,0
38928,76016951,0
38929,76016951,0
38930,76016951,0
38931,76016951,0
38932,76016951,0
38933,76016951,0
38934,76016951,0
38935,76016951,0
38936,76016951,0
38937,76016951,0
38938,76016951,0
38939,76016951,0
38940,76016951,0
38941,76016951,0
38942,76016951,0
38943,76016951,0
38944,76016951,0
38945,76016951,0
38946,76016951,0
38947,76016951,0
38948,76016951,0
38949,76016951,0
38950,76016951,0
38951,76016951,0
38952,76016951,0
38953,76016951,0
38954,76016951,0
38955,76016951,0
38956,76016951,0
38957,76016951,0
38958,76016951,0
38959,76016951,0
38960,76016951,0
38961,76016951,0
38962,76016951,0
38963,76016951,0
38964,76016951,0
38965,76016951,0
38966,76016951,0
38967,76016951,0
38968,76016951,0
38969,76016951,0
38970,76016951,0
38971,76016951,0
38972,76016951,0
38973,76016951,0
38974,76016951,0
38975,76016951,0
38976,76016951,0
38977,76016951,0
38978,76016951,0
38979,76016951,0
38980,76016951,0
38981,76016951,0
38982,76016951,0
38983,76016951,0
38984,76016951,0
38985,76016951,0
38986,76016951,0
38987,76016951,0
38988,76016951,0
38989,76016951,0
38990,76016951,0
38991,76016951,0
38992,76016951,0
38993,76016951,0
38994,76016951,0
38995,76016951,0
38996,76016951,0
38997,76016951,0
38998,76016951,0
38999,76016951,0
39000,76016951,0
39001,76016951,0
39002,76016951,0
39003,76016951,0
39004,76016951,0
39005,76016951,0
39006,76016951,0
39007,76016951,0
39008,76016951,0
39009,76016951,0
39010,76016951,0
39011,76016951,0
39012,76016951,0
39013,76016951,0
39014,76016951,0
39015,76016951,0
39016,76016951,0
39017,76016951,0
39018,76016951,0
39019,76016951,0
39020,76016951,0
39021,76016951,0
39022,76016951,0
39023,76016951,0
39024,76016951,0
39025,76016951,0
39026,76016951,0
39027,76016951,0
39028,76016951,0
39029,76016951,0
39030,76016951,0
39031,76016951,0
39032,76016951,0
39033,76016951,0
39034,76016951,0
39035,76016951,0
39036,76016951,0
39037,76016951,0
39038,76016951,0
39039,76016951,0
39040,76016951,0
39041,76016951,0
39042,76016951,0
39043,76016951,0
39044,76016951,0
39045,76016951,0
39046,76016951,0
39047,76016951,0
39048,76016951,0
39049,76016951,0
39050,76016951,0
39051,76016951,0
39052,76016951,0
39053,76016951,0
39054,76016951,0
39055,76016951,0
39056,76016951,0
39057,76016951,0
39058,76016951,0
39059,76016951,0
39060,76016951,0
39061,76016951,0
39062,76016951,0
39063,76016951,0
39064,76016951,0
39065,76016951,0
39066,76016951,0
39067,76016951,0
39068,76016951,0
39069,76016951,0
39070,76016951,0
39071,76016951,0
39072,76016951,0
39073,76016951,0
39074,76016951,0
39075,76016951,0
39076,76016951,0
39077,76016951,0
39078,76016951,0
39079,76016951,0
39080,76016951,0
39081,76016951,0
39082,76016951,0
39083,76016951,0
39084,76016951,0
39085,76016951,0
39086,76016951,0
39087,76016951,0
39088,76016951,0
39089,76016951,0
39090,76016951,0
39091,76016951,0
39092,76016951,0
39093,76016951,0
39094,76016951,0
39095,76016951,0
39096,76016951,0
39097,76016951,0
39098,76016951,0
39099,76016951,0
39100,76016951,0
39101,76016951,0
39102,76016951,0
39103,76016951,0
39104,76016951,0
39105,76016951,0
39106,76016951,0
39107,76016951,0
39108,76016951,0
39109,76016951,0
39110,76016951,0
39111,76016951,0
39112,76016951,0
39113,76016951,0
39114,76016951,0
39115,76016951,0
39116,76016951,0
39117,76016951,0
39118,76016951,0
39119,76016951,0
39120,76016951,0
39121,76016951,0
39122,76016951,0
39123,76016951,0
39124,76016951,0
39125,76016951,0
39126,76016951,0
39127,76016951,0
39128,76016951,0
39129,76016951,0
39130,76016951,0
39131,76016951,0
39132,76016951,0
39133,76016951,0
39134,76016951,0
39135,76016951,0
39136,76016951,0
39137,76016951,0
39138,76016951,0
39139,76016951,0
39140,76016951,0
39141,76016951,0
39142,76016951,0
39143,76016951,0
39144,76016951,0
39145,76016951,0
39146,76016951,0
39147,76016951,0
39148,76016951,0
39149,76016951,0
39150,76016951,0
39151,76016951,0
39152,76016951,0
39153,76016951,0
39154,76016951,0
39155,76016951,0
39156,76016951,0
39157,76016951,0
39158,76016951,0
39159,76016951,0
39160,76016951,0
39161,76016951,0
39162,76016951,0
39163,76016951,0
39164,76016951,0
39165,76016951,0
39166,76016951,0
39167,76016951,0
39168,76016951,0
39169,76016951,0
39170,76016951,0
39171,76016951,0
39172,76016951,0
39173,76016951,0
39174,76016951,0
39175,76016951,0
39176,76016951,0
39177,76016951,0
39178,76016951,0
39179,76016951,0
39180,76016951,0
39181,76016951,0
39182,76016951,0
39183,76016951,0
39184,76016951,0
39185,76016951,0
39186,76016951,0
39187,76016951,0
39188,76016951,0
39189,76016951,0
39190,76016951,0
39191,76016951,0
39192,76016951,0
39193,76016951,0
39194,76016951,0
39195,76016951,0
39196,76016951,0
39197,76016951,0
39198,76016951,0
39199,76016951,0
39200,76016951,0
39201,76016951,0
39202,76016951,0
39203,76016951,0
39204,76016951,0
39205,76016951,0
39206,76016951,0
39207,76016951,0
39208,76016951,0
39209,76016951,0
39210,76016951,0
39211,76016951,0
39212,76016951,0
39213,76016951,0
39214,76016951,0
39215,76016951,0
39216,76016951,0
39217,76016951,0
39218,76016951,0
39219,76016951,0
39220,76016951,0
39221,76016951,0
39222,76016951,0
39223,76016951,0
39224,76016951,0
39225,76016951,0
39226,76016951,0
39227,76016951,0
39228,76016951,0
39229,76016951,0
39230,76016951,0
39231,76016951,0
39232,76016951,0
39233,76016951,0
39234,76016951,0
39235,76016951,0
39236,76016951,0
39237,76016951,0
39238,76016951,0
39239,76016951,0
39240,76016951,0
39241,76016951,0
39242,76016951,0
39243,76016951,0
39244,76016951,0
39245,76016951,0
39246,76016951,0
39247,76016951,0
39248,76016951,0
39249,76016951,0
39250,76016951,0
39251,76016951,0
39252,76016951,0
39253,76016951,0
39254,76016951,0
39255,76016951,0
39256,76016951,0
39257,76016951,0
39258,76016951,0
39259,76016951,0
39260,76016951,0
39261,76016951,0
39262,76016951,0
39263,76016951,0
39264,76016951,0
39265,76016951,0
39266,76016951,0
39267,76016951,0
39268,76016951,0
39269,76016951,0
39270,76016951,0
39271,76016951,0
39272,76016951,0
39273,76016951,0
39274,76016951,0
39275,76016951,0
39276,76016951,0
39277,76016951,0
39278,76016951,0
39279,76016951,0
39280,76016951,0
39281,76016951,0
39282,76016951,0
39283,76016951,0
39284,76016951,0
39285,76016951,0
39286,76016951,0
39287,76016951,0
39288,76016951,0
39289,76016951,0
39290,76016951,0
39291,76016951,0
39292,76016951,0
39293,76016951,0
39294,76016951,0
39295,76016951,0
39296,76016951,0
39297,76016951,0
39298,76016951,0
39299,76016951,0
39300,76016951,0
39301,76016951,0
39302,76016951,0
39303,76016951,0
39304,76016951,0
39305,76016951,0
39306,76016951,0
39307,76016951,0
39308,76016951,0
39309,76016951,0
39310,76016951,0
39311,76016951,0
39312,76016951,0
39313,76016951,0
39314,76016951,0
39315,76016951,0
39316,76016951,0
39317,76016951,0
39318,76016951,0
39319,76016951,0
39320,76016951,0
39321,76016951,0
39322,76016951,0
39323,76016951,0
39324,76016951,0
39325,76016951,0
39326,76016951,0
39327,76016951,0
39328,76016951,0
39329,76016951,0
39330,76016951,0
39331,76016951,0
39332,76016951,0
39333,76016951,0
39334,76016951,0
39335,76016951,0
39336,76016951,0
39337,76016951,0
39338,76016951,0
39339,76016951,0
39340,76016951,0
39341,76016951,0
39342,76016951,0
39343,76016951,0
39344,76016951,0
39345,76016951,0
39346,76016951,0
39347,76016951,0
39348,76016951,0
39349,76016951,0
39350,76016951,0
39351,76016951,0
39352,76016951,0
39353,76016951,0
39354,76016951,0
39355,76016951,0
39356,76016951,0
39357,76016951,0
39358,76016951,0
39359,76016951,0
39360,76016951,0
39361,76016951,0
39362,76016951,0
39363,76016951,0
39364,76016951,0
39365,76016951,0
39366,76016951,0
39367,76016951,0
39368,76016951,0
39369,76016951,0
39370,76016951,0
39371,76016951,0
39372,76016951,0
39373,76016951,0
39374,76016951,0
39375,76016951,0
39376,76016951,0
39377,76016951,0
39378,76016951,0
39379,76016951,0
39380,76016951,0
39381,76016951,0
39382,76016951,0
39383,76016951,0
39384,76016951,0
39385,76016951,0
39386,76016951,0
39387,76016951,0
39388,76016951,0
39389,76016951,0
39390,76016951,0
39391,76016951,0
39392,76016951,0
39393,76016951,0
39394,76016951,0
39395,76016951,0
39396,76016951,0
39397,76016951,0
39398,76016951,0
39399,76016951,0
39400,76016951,0
39401,76016951,0
39402,76016951,0
39403,76016951,0
39404,76016951,0
39405,76016951,0
39406,76016951,0
39407,76016951,0
39408,76016951,0
39409,76016951,0
39410,76016951,0
39411,76016951,0
39412,76016951,0
39413,76016951,0
39414,76016951,0
39415,76016951,0
39416,76016951,0
39417,76016951,0
39418,76016951,0
39419,76016951,0
39420,76016951,0
39421,76016951,0
39422,76016951,0
39423,76016951,0
39424,76016951,0
39425,76016951,0
39426,76016951,0
39427,76016951,0
39428,76016951,0
39429,76016951,0
39430,76016951,0
39431,76016951,0
39432,76016951,0
39433,76016951,0
39434,76016951,0
39435,76016951,0
39436,76016951,0
39437,76016951,0
39438,76016951,0
39439,76016951,0
39440,76016951,0
39441,76016951,0
39442,76016951,0
39443,76016951,0
39444,76016951,0
39445,76016951,0
39446,76016951,0
39447,76016951,0
39448,76016951,0
39449,76016951,0
39450,76016951,0
39451,76016951,0
39452,76016951,0
39453,76016951,0
39454,76016951,0
39455,76016951,0
39456,76016951,0
39457,76016951,0
39458,76016951,0
39459,76016951,0
39460,76016951,0
39461,76016951,0
39462,76016951,0
39463,76016951,0
39464,76016951,0
39465,76016951,0
39466,76016951,0
39467,76016951,0
39468,76016951,0
39469,76016951,0
39470,76016951,0
39471,76016951,0
39472,76016951,0
39473,76016951,0
39474,76016951,0
39475,76016951,0
39476,76016951,0
39477,76016951,0
39478,76016951,0
39479,76016951,0
39480,76016951,0
39481,76016951,0
39482,76016951,0
39483,76016951,0
39484,76016951,0
39485,76016951,0
39486,76016951,0
39487,76016951,0
39488,76016951,0
39489,76016951,0
39490,76016951,0
39491,76016951,0
39492,76016951,0
39493,76016951,0
39494,76016951,0
39495,76016951,0
39496,76016951,0
39497,76016951,0
39498,76016951,0
39499,76016951,0
39500,76016951,0
39501,76016951,0
39502,76016951,0
39503,76016951,0
39504,76016951,0
39505,76016951,0
39506,76016951,0
39507,76016951,0
39508,76016951,0
39509,76016951,0
39510,76016951,0
39511,76016951,0
39512,76016951,0
39513,76016951,0
39514,76016951,0
39515,76016951,0
39516,76016951,0
39517,76016951,0
39518,76016951,0
39519,76016951,0
39520,76016951,0
39521,76016951,0
39522,76016951,0
39523,76016951,0
39524,76016951,0
39525,76016951,0
39526,76016951,0
39527,76016951,0
39528,76016951,0
39529,76016951,0
39530,76016951,0
39531,76016951,0
39532,76016951,0
39533,76016951,0
39534,76016951,0
39535,76016951,0
39536,76016951,0
39537,76016951,0
39538,76016951,0
39539,76016951,0
39540,76016951,0
39541,76016951,0
39542,76016951,0
39543,76016951,0
39544,76016951,0
39545,76016951,0
39546,76016951,0
39547,76016951,0
39548,76016951,0
39549,76016951,0
39550,76016951,0
39551,76016951,0
39552,76016951,0
39553,76016951,0
39554,76016951,0
39555,76016951,0
39556,76016951,0
39557,76016951,0
39558,76016951,0
39559,76016951,0
39560,76016951,0
39561,76016951,0
39562,76016951,0
39563,76016951,0
39564,76016951,0
39565,76016951,0
39566,76016951,0
39567,76016951,0
39568,76016951,0
39569,76016951,0
39570,76016951,0
39571,76016951,0
39572,76016951,0
39573,76016951,0
39574,76016951,0
39575,76016951,0
39576,76016951,0
39577,76016951,0
39578,76016951,0
39579,76016951,0
39580,76016951,0
39581,76016951,0
39582,76016951,0
39583,76016951,0
39584,76016951,0
39585,76016951,0
39586,76016951,0
39587,76016951,0
39588,76016951,0
39589,76016951,0
39590,76016951,0
39591,76016951,0
39592,76016951,0
39593,76016951,0
39594,76016951,0
39595,76016951,0
39596,76016951,0
39597,76016951,0
39598,76016951,0
39599,76016951,0
39600,76016951,0
39601,76016951,0
39602,76016951,0
39603,76016951,0
39604,76016951,0
39605,76016951,0
39606,76016951,0
39607,76016951,0
39608,76016951,0
39609,76016951,0
39610,76016951,0
39611,76016951,0
39612,76016951,0
39613,76016951,0
39614,76016951,0
39615,76016951,0
39616,76016951,0
39617,76016951,0
39618,76016951,0
39619,76016951,0
39620,76016951,0
39621,76016951,0
39622,76016951,0
39623,76016951,0
39624,76016951,0
39625,76016951,0
39626,76016951,0
39627,76016951,0
39628,76016951,0
39629,76016951,0
39630,76016951,0
39631,76016951,0
39632,76016951,0
39633,76016951,0
39634,76016951,0
39635,76016951,0
39636,76016951,0
39637,76016951,0
39638,76016951,0
39639,76016951,0
39640,76016951,0
39641,76016951,0
39642,76016951,0
39643,76016951,0
39644,76016951,0
39645,76016951,0
39646,76016951,0
39647,76016951,0
39648,76016951,0
39649,76016951,0
39650,76016951,0
39651,76016951,0
39652,76016951,0
39653,76016951,0
39654,76016951,0
39655,76016951,0
39656,76016951,0
39657,76016951,0
39658,76016951,0
39659,76016951,0
39660,76016951,0
39661,76016951,0
39662,76016951,0
39663,76016951,0
39664,76016951,0
39665,76016951,0
39666,76016951,0
39667,76016951,0
39668,76016951,0
39669,76016951,0
39670,76016951,0
39671,76016951,0
39672,76016951,0
39673,76016951,0
39674,76016951,0
39675,76016951,0
39676,76016951,0
39677,76016951,0
39678,76016951,0
39679,76016951,0
39680,76016951,0
39681,76016951,0
39682,76016951,0
39683,76016951,0
39684,76016951,0
39685,76016951,0
39686,76016951,0
39687,76016951,0
39688,76016951,0
39689,76016951,0
39690,76016951,0
39691,76016951,0
39692,76016951,0
39693,76016951,0
39694,76016951,0
39695,76016951,0
39696,76016951,0
39697,76016951,0
39698,76016951,0
39699,76016951,0
39700,76016951,0
39701,76016951,0
39702,76016951,0
39703,76016951,0
39704,76016951,0
39705,76016951,0
39706,76016951,0
39707,76016951,0
39708,76016951,0
39709,76016951,0
39710,76016951,0
39711,76016951,0
39712,76016951,0
39713,76016951,0
39714,76016951,0
39715,76016951,0
39716,76016951,0
39717,76016951,0
39718,76016951,0
39719,76016951,0
39720,76016951,0
39721,76016951,0
39722,76016951,0
39723,76016951,0
39724,76016951,0
39725,76016951,0
39726,76016951,0
39727,76016951,0
39728,76016951,0
39729,76016951,0
39730,76016951,0
39731,76016951,0
39732,76016951,0
39733,76016951,0
39734,76016951,0
39735,76016951,0
39736,76016951,0
39737,76016951,0
39738,76016951,0
39739,76016951,0
39740,76016951,0
39741,76016951,0
39742,76016951,0
39743,76016951,0
39744,76016951,0
39745,76016951,0
39746,76016951,0
39747,76016951,0
39748,76016951,0
39749,76016951,0
39750,76016951,0
39751,76016951,0
39752,76016951,0
39753,76016951,0
39754,76016951,0
39755,76016951,0
39756,76016951,0
39757,76016951,0
39758,76016951,0
39759,76016951,0
39760,76016951,0
39761,76016951,0
39762,76016951,0
39763,76016951,0
39764,76016951,0
39765,76016951,0
39766,76016951,0
39767,76016951,0
39768,76016951,0
39769,76016951,0
39770,76016951,0
39771,76016951,0
39772,76016951,0
39773,76016951,0
39774,76016951,0
39775,76016951,0
39776,76016951,0
39777,76016951,0
39778,76016951,0
39779,76016951,0
39780,76016951,0
39781,76016951,0
39782,76016951,0
39783,76016951,0
39784,76016951,0
39785,76016951,0
39786,76016951,0
39787,76016951,0
39788,76016951,0
39789,76016951,0
39790,76016951,0
39791,76016951,0
39792,76016951,0
39793,76016951,0
39794,76016951,0
39795,76016951,0
39796,76016951,0
39797,76016951,0
39798,76016951,0
39799,76016951,0
39800,76016951,0
39801,76016951,0
39802,76016951,0
39803,76016951,0
39804,76016951,0
39805,76016951,0
39806,76016951,0
39807,76016951,0
39808,76016951,0
39809,76016951,0
39810,76016951,0
39811,76016951,0
39812,76016951,0
39813,76016951,0
39814,76016951,0
39815,76016951,0
39816,76016951,0
39817,76016951,0
39818,76016951,0
39819,76016951,0
39820,76016951,0
39821,76016951,0
39822,76016951,0
39823,76016951,0
39824,76016951,0
39825,76016951,0
39826,76016951,0
39827,76016951,0
39828,76016951,0
39829,76016951,0
39830,76016951,0
39831,76016951,0
39832,76016951,0
39833,76016951,0
39834,76016951,0
39835,76016951,0
39836,76016951,0
39837,76016951,0
39838,76016951,0
39839,76016951,0
39840,76016951,0
39841,76016951,0
39842,76016951,0
39843,76016951,0
39844,76016951,0
39845,76016951,0
39846,76016951,0
39847,76016951,0
39848,76016951,0
39849,76016951,0
39850,76016951,0
39851,76016951,0
39852,76016951,0
39853,76016951,0
39854,76016951,0
39855,76016951,0
39856,76016951,0
39857,76016951,0
39858,76016951,0
39859,76016951,0
39860,76016951,0
39861,76016951,0
39862,76016951,0
39863,76016951,0
39864,76016951,0
39865,76016951,0
39866,76016951,0
39867,76016951,0
39868,76016951,0
39869,76016951,0
39870,76016951,0
39871,76016951,0
39872,76016951,0
39873,76016951,0
39874,76016951,0
39875,76016951,0
39876,76016951,0
39877,76016951,0
39878,76016951,0
39879,76016951,0
39880,76016951,0
39881,76016951,0
39882,76016951,0
39883,76016951,0
39884,76016951,0
39885,76016951,0
39886,76016951,0
39887,76016951,0
39888,76016951,0
39889,76016951,0
39890,76016951,0
39891,76016951,0
39892,76016951,0
39893,76016951,0
39894,76016951,0
39895,76016951,0
39896,76016951,0
39897,76016951,0
39898,76016951,0
39899,76016951,0
39900,76016951,0
39901,76016951,0
39902,76016951,0
39903,76016951,0
39904,76016951,0
39905,76016951,0
39906,76016951,0
39907,76016951,0
39908,76016951,0
39909,76016951,0
39910,76016951,0
39911,76016951,0
39912,76016951,0
39913,76016951,0
39914,76016951,0
39915,76016951,0
39916,76016951,0
39917,76016951,0
39918,76016951,0
39919,76016951,0
39920,76016951,0
39921,76016951,0
39922,76016951,0
39923,76016951,0
39924,76016951,0
39925,76016951,0
39926,76016951,0
39927,76016951,0
39928,76016951,0
39929,76016951,0
39930,76016951,0
39931,76016951,0
39932,76016951,0
39933,76016951,0
39934,76016951,0
39935,76016951,0
39936,76016951,0
39937,76016951,0
39938,76016951,0
39939,76016951,0
39940,76016951,0
39941,76016951,0
39942,76016951,0
39943,76016951,0
39944,76016951,0
39945,76016951,0
39946,76016951,0
39947,76016951,0
39948,76016951,0
39949,76016951,0
39950,76016951,0
39951,76016951,0
39952,76016951,0
39953,76016951,0
39954,76016951,0
39955,76016951,0
39956,76016951,0
39957,76016951,0
39958,76016951,0
39959,76016951,0
39960,76016951,0
39961,76016951,0
39962,76016951,0
39963,76016951,0
39964,76016951,0
39965,76016951,0
39966,76016951,0
39967,76016951,0
39968,76016951,0
39969,76016951,0
39970,76016951,0
39971,76016951,0
39972,76016951,0
39973,76016951,0
39974,76016951,0
39975,76016951,0
39976,76016951,0
39977,76016951,0
39978,76016951,0
39979,76016951,0
39980,76016951,0
39981,76016951,0
39982,76016951,0
39983,76016951,0
39984,76016951,0
39985,76016951,0
39986,76016951,0
39987,76016951,0
39988,76016951,0
39989,76016951,0
39990,76016951,0
39991,76016951,0
39992,76016951,0
39993,76016951,0
39994,76016951,0
39995,76016951,0
39996,76016951,0
39997,76016951,0
39998,76016951,0
39999,76016951,0
40000,76016951,0
