1,7756706,500000
2,7756706,500000
3,7756706,500000
4,7756706,500000
5,7756706,500000
6,7756706,500000
7,7756706,500000
8,7756706,500000
9,7756706,500000
10,7756706,500000
11,7756706,500000
12,7756706,500000
13,7756706,500000
14,7756706,500000
15,7756706,500000
16,7756706,500000
17,7756706,500000
18,7756706,500000
19,7756706,500000
20,7756706,500000
21,7756706,500000
22,7756706,500000
23,7756706,500000
24,7756706,500000
25,7756706,500000
26,7756706,500000
27,7756706,500000
28,7756706,500000
29,7756706,500000
30,7756706,500000
31,7756706,500000
32,7756706,500000
33,7756706,500000
34,7756706,500000
35,7756706,500000
36,7756706,500000
37,7756706,500000
38,7756706,500000
39,7756706,500000
40,7756706,500000
41,7756706,500000
42,7756706,500000
43,7756706,500000
44,7756706,500000
45,7756706,500000
46,7756706,500000
47,7756706,500000
48,7756706,500000
49,7756706,500000
50,7756706,500000
51,7756706,500000
52,7756706,500000
53,7756706,500000
54,7756706,500000
55,7756706,500000
56,7756706,500000
57,7756706,500000
58,7756706,500000
59,7756706,500000
60,7756706,500000
61,7756706,500000
62,7756706,500000
63,7756706,500000
64,7756706,500000
65,7756706,500000
66,7756706,500000
67,7756706,500000
68,7756706,500000
69,7756706,500000
70,7756706,500000
71,7756706,500000
72,7756706,500000
73,7756706,500000
74,7756706,500000
75,7756706,500000
76,7756706,500000
77,7756706,500000
78,7756706,500000
79,7756706,500000
80,7756706,500000
81,7756706,500000
82,7756706,500000
83,7756706,500000
84,106787472,6670
85,7756706,500000
86,7756706,500000
87,7756706,500000
88,7756706,500000
89,7756706,500000
90,7756706,500000
91,7756706,500000
92,7756706,500000
93,7756706,500000
94,7756706,500000
95,7756706,500000
96,7756706,500000
97,7756706,500000
98,7756706,500000
99,7756706,500000
100,7756706,500000
101,7756706,500000
102,7756706,500000
103,7756706,500000
104,7756706,500000
105,7756706,500000
106,7756706,500000
107,7756706,500000
108,7756706,500000
109,7756706,500000
110,7756706,500000
111,7756706,500000
112,7756706,500000
113,7756706,500000
114,7756706,500000
115,106787472,5220
116,7756706,500000
117,7756706,500000
118,7756706,500000
119,7756706,500000
120,7756706,500000
121,7756706,500000
122,7756706,500000
123,7756706,500000
124,7756706,500000
125,7756706,500000
126,7756706,500000
127,7756706,500000
128,7756706,500000
129,7756706,500000
130,7756706,500000
131,106787472,16550
132,7756706,500000
133,7756706,500000
134,7756706,500000
135,7756706,500000
136,7756706,500000
137,7756706,500000
138,7756706,500000
139,7756706,500000
140,106787472,7400
141,7756706,500000
142,7756706,500000
143,7756706,500000
144,7756706,500000
145,7756706,500000
146,7756706,500000
147,7756706,500000
148,7756706,500000
149,7756706,500000
150,7756706,500000
151,7756706,500000
152,7756706,500000
153,7756706,500000
154,7756706,500000
155,7756706,500000
156,7756706,500000
157,7756706,500000
158,7756706,500000
159,7756706,500000
160,7756706,500000
161,7756706,500000
162,7756706,500000
163,7756706,500000
164,7756706,500000
165,7756706,500000
166,7756706,500000
167,7756706,500000
168,7756706,500000
169,7756706,500000
170,7756706,500000
171,7756706,500000
172,7756706,500000
173,7756706,500000
174,7756706,500000
175,7756706,500000
176,7756706,500000
177,7756706,500000
178,7756706,500000
179,7756706,500000
180,7756706,500000
181,7756706,500000
182,7756706,500000
183,7756706,500000
184,7756706,500000
185,7756706,500000
186,7756706,500000
187,7756706,500000
188,7756706,500000
189,7756706,500000
190,7756706,500000
191,7756706,500000
192,7756706,500000
193,7756706,500000
194,7756706,500000
195,7756706,500000
196,7756706,500000
197,7756706,500000
198,7756706,500000
199,7756706,500000
200,7756706,500000
201,7756706,500000
202,7756706,500000
203,7756706,500000
204,7756706,500000
205,7756706,500000
206,106787472,13780
207,7756706,500000
208,7756706,500000
209,7756706,500000
210,7756706,500000
211,7756706,500000
212,106787472,13050
213,7756706,500000
214,7756706,500000
215,7756706,500000
216,7756706,500000
217,7756706,500000
218,7756706,500000
219,7756706,500000
220,7756706,500000
221,7756706,500000
222,7756706,500000
223,7756706,500000
224,7756706,500000
225,7756706,500000
226,7756706,500000
227,7756706,500000
228,7756706,500000
229,7756706,500000
230,7756706,500000
231,7756706,500000
232,7756706,500000
233,7756706,500000
234,7756706,500000
235,7756706,500000
236,7756706,500000
237,7756706,500000
238,7756706,500000
239,7756706,500000
240,7756706,500000
241,7756706,500000
242,7756706,500000
243,7756706,500000
244,7756706,500000
245,7756706,500000
246,7756706,500000
247,7756706,500000
248,7756706,500000
249,7756706,500000
250,7756706,500000
251,7756706,500000
252,7756706,500000
253,7756706,500000
254,7756706,500000
255,7756706,500000
256,7756706,500000
257,7756706,500000
258,7756706,500000
259,7756706,500000
260,7756706,500000
261,7756706,500000
262,7756706,500000
263,7756706,500000
264,7756706,500000
265,7756706,500000
266,7756706,500000
267,7756706,500000
268,7756706,500000
269,7756706,500000
270,7756706,500000
271,7756706,500000
272,7756706,500000
273,7756706,500000
274,7756706,500000
275,7756706,500000
276,7756706,500000
277,7756706,500000
278,7756706,500000
279,7756706,500000
280,7756706,500000
281,7756706,500000
282,7756706,500000
283,7756706,500000
284,7756706,500000
285,7756706,500000
286,7756706,500000
287,7756706,500000
288,7756706,500000
289,7756706,500000
290,7756706,500000
291,106787472,10440
292,7756706,500000
293,7756706,500000
294,7756706,500000
295,7756706,500000
296,7756706,500000
297,106787472,8550
298,7756706,500000
299,7756706,500000
300,7756706,500000
301,7756706,500000
302,7756706,500000
303,7756706,500000
304,7756706,500000
305,7756706,500000
306,7756706,500000
307,7756706,500000
308,7756706,500000
309,7756706,500000
310,7756706,500000
311,7756706,500000
312,7756706,500000
313,7756706,500000
314,7756706,500000
315,7756706,500000
316,7756706,500000
317,7756706,500000
318,7756706,500000
319,7756706,500000
320,7756706,500000
321,7756706,500000
322,7756706,500000
323,7756706,500000
324,7756706,500000
325,7756706,500000
326,7756706,500000
327,7756706,500000
328,7756706,500000
329,7756706,500000
330,7756706,500000
331,7756706,500000
332,7756706,500000
333,7756706,500000
334,7756706,500000
335,7756706,500000
336,7756706,500000
337,7756706,500000
338,7756706,500000
339,7756706,500000
340,7756706,500000
341,7756706,500000
342,7756706,500000
343,7756706,500000
344,7756706,500000
345,7756706,500000
346,7756706,500000
347,7756706,500000
348,7756706,500000
349,7756706,500000
350,7756706,500000
351,7756706,500000
352,7756706,500000
353,7756706,500000
354,7756706,500000
355,7756706,500000
356,7756706,500000
357,7756706,500000
358,7756706,500000
359,7756706,500000
360,7756706,500000
361,7756706,500000
362,7756706,500000
363,7756706,500000
364,7756706,500000
365,7756706,500000
366,7756706,500000
367,7756706,500000
368,7756706,500000
369,7756706,500000
370,7756706,500000
371,7756706,500000
372,7756706,500000
373,7756706,500000
374,7756706,500000
375,106787472,8550
376,7756706,500000
377,7756706,500000
378,7756706,500000
379,7756706,500000
380,7756706,500000
381,7756706,500000
382,7756706,500000
383,7756706,500000
384,7756706,500000
385,7756706,500000
386,106787472,16380
387,7756706,500000
388,7756706,500000
389,7756706,500000
390,7756706,500000
391,7756706,500000
392,7756706,500000
393,7756706,500000
394,7756706,500000
395,7756706,500000
396,7756706,500000
397,7756706,500000
398,7756706,500000
399,7756706,500000
400,7756706,500000
401,7756706,500000
402,7756706,500000
403,7756706,500000
404,7756706,500000
405,7756706,500000
406,7756706,500000
407,7756706,500000
408,7756706,500000
409,7756706,500000
410,7756706,500000
411,7756706,500000
412,7756706,500000
413,7756706,500000
414,7756706,500000
415,7756706,500000
416,7756706,500000
417,7756706,500000
418,7756706,500000
419,7756706,500000
420,7756706,500000
421,7756706,500000
422,7756706,500000
423,7756706,500000
424,7756706,500000
425,7756706,500000
426,7756706,500000
427,7756706,500000
428,7756706,500000
429,7756706,500000
430,7756706,500000
431,7756706,500000
432,7756706,500000
433,7756706,500000
434,7756706,500000
435,7756706,500000
436,7756706,500000
437,7756706,500000
438,7756706,500000
439,7756706,500000
440,7756706,500000
441,7756706,500000
442,7756706,500000
443,7756706,500000
444,7756706,500000
445,7756706,500000
446,7756706,500000
447,7756706,500000
448,7756706,500000
449,7756706,500000
450,7756706,500000
451,7756706,500000
452,7756706,500000
453,7756706,500000
454,7756706,500000
455,7756706,500000
456,7756706,500000
457,7756706,500000
458,7756706,500000
459,7756706,500000
460,7756706,500000
461,7756706,500000
462,7756706,500000
463,7756706,500000
464,7756706,500000
465,7756706,500000
466,7756706,500000
467,7756706,500000
468,7756706,500000
469,7756706,500000
470,7756706,500000
471,7756706,500000
472,7756706,500000
473,7756706,500000
474,7756706,500000
475,7756706,500000
476,7756706,500000
477,7756706,500000
478,7756706,500000
479,7756706,500000
480,7756706,500000
481,7756706,500000
482,7756706,500000
483,7756706,500000
484,7756706,500000
485,7756706,500000
486,7756706,500000
487,7756706,500000
488,7756706,500000
489,7756706,500000
490,106787472,4500
491,7756706,500000
492,7756706,500000
493,7756706,500000
494,7756706,500000
495,7756706,500000
496,7756706,500000
497,7756706,500000
498,7756706,500000
499,7756706,500000
500,7756706,500000
501,7756706,500000
502,7756706,500000
503,7756706,500000
504,7756706,500000
505,7756706,500000
506,7756706,500000
507,7756706,500000
508,7756706,500000
509,7756706,500000
510,7756706,500000
511,7756706,500000
512,7756706,500000
513,7756706,500000
514,7756706,500000
515,7756706,500000
516,7756706,500000
517,7756706,500000
518,7756706,500000
519,7756706,500000
520,7756706,500000
521,7756706,500000
522,7756706,500000
523,106787472,5800
524,7756706,500000
525,7756706,500000
526,7756706,500000
527,7756706,500000
528,7756706,500000
529,7756706,500000
530,7756706,500000
531,7756706,500000
532,7756706,500000
533,7756706,500000
534,7756706,500000
535,7756706,500000
536,106787472,9750
537,7756706,500000
538,7756706,500000
539,7756706,500000
540,7756706,500000
541,7756706,500000
542,7756706,500000
543,7756706,500000
544,7756706,500000
545,7756706,500000
546,7756706,500000
547,7756706,500000
548,7756706,500000
549,7756706,500000
550,7756706,500000
551,7756706,500000
552,7756706,500000
553,7756706,500000
554,7756706,500000
555,7756706,500000
556,7756706,500000
557,7756706,500000
558,7756706,500000
559,7756706,500000
560,7756706,500000
561,7756706,500000
562,7756706,500000
563,7756706,500000
564,7756706,500000
565,7756706,500000
566,7756706,500000
567,7756706,500000
568,7756706,500000
569,7756706,500000
570,7756706,500000
571,7756706,500000
572,7756706,500000
573,7756706,500000
574,7756706,500000
575,7756706,500000
576,7756706,500000
577,7756706,500000
578,7756706,500000
579,7756706,500000
580,7756706,500000
581,7756706,500000
582,7756706,500000
583,7756706,500000
584,7756706,500000
585,7756706,500000
586,7756706,500000
587,7756706,500000
588,7756706,500000
589,7756706,500000
590,7756706,500000
591,7756706,500000
592,7756706,500000
593,7756706,500000
594,7756706,500000
595,7756706,500000
596,7756706,500000
597,7756706,500000
598,7756706,500000
599,7756706,500000
600,7756706,500000
601,7756706,500000
602,7756706,500000
603,7756706,500000
604,7756706,500000
605,7756706,500000
606,7756706,500000
607,7756706,500000
608,7756706,500000
609,7756706,500000
610,7756706,500000
611,7756706,500000
612,7756706,500000
613,7756706,500000
614,7756706,500000
615,7756706,500000
616,7756706,500000
617,7756706,500000
618,7756706,500000
619,7756706,500000
620,7756706,500000
621,7756706,500000
622,7756706,500000
623,7756706,500000
624,7756706,500000
625,7756706,500000
626,7756706,500000
627,7756706,500000
628,7756706,500000
629,7756706,500000
630,7756706,500000
631,7756706,500000
632,7756706,500000
633,7756706,500000
634,7756706,500000
635,7756706,500000
636,7756706,500000
637,7756706,500000
638,7756706,500000
639,7756706,500000
640,7756706,500000
641,7756706,500000
642,7756706,500000
643,7756706,500000
644,7756706,500000
645,7756706,500000
646,7756706,500000
647,7756706,500000
648,7756706,500000
649,7756706,500000
650,7756706,500000
651,7756706,500000
652,7756706,500000
653,7756706,500000
654,7756706,500000
655,7756706,500000
656,7756706,500000
657,7756706,500000
658,7756706,500000
659,7756706,500000
660,7756706,500000
661,7756706,500000
662,7756706,500000
663,7756706,500000
664,7756706,500000
665,7756706,500000
666,7756706,500000
667,7756706,500000
668,7756706,500000
669,7756706,500000
670,7756706,500000
671,7756706,500000
672,7756706,500000
673,7756706,500000
674,7756706,500000
675,7756706,500000
676,7756706,500000
677,7756706,500000
678,7756706,500000
679,7756706,500000
680,7756706,500000
681,7756706,500000
682,7756706,500000
683,7756706,500000
684,7756706,500000
685,7756706,500000
686,7756706,500000
687,7756706,500000
688,106787472,7540
689,7756706,500000
690,7756706,500000
691,7756706,500000
692,7756706,500000
693,7756706,500000
694,7756706,500000
695,7756706,500000
696,7756706,500000
697,7756706,500000
698,7756706,500000
699,7756706,500000
700,7756706,500000
701,7756706,500000
702,7756706,500000
703,7756706,500000
704,7756706,500000
705,7756706,500000
706,7756706,500000
707,7756706,500000
708,7756706,500000
709,7756706,500000
710,7756706,500000
711,7756706,500000
712,7756706,500000
713,7756706,500000
714,7756706,500000
715,7756706,500000
716,7756706,500000
717,7756706,500000
718,7756706,500000
719,7756706,500000
720,7756706,500000
721,7756706,500000
722,7756706,500000
723,7756706,500000
724,7756706,500000
725,7756706,500000
726,7756706,500000
727,7756706,500000
728,7756706,500000
729,7756706,500000
730,7756706,500000
731,7756706,500000
732,7756706,500000
733,106787472,8270
734,7756706,500000
735,7756706,500000
736,7756706,500000
737,7756706,500000
738,7756706,500000
739,7756706,500000
740,7756706,500000
741,7756706,500000
742,7756706,500000
743,7756706,500000
744,7756706,500000
745,7756706,500000
746,7756706,500000
747,7756706,500000
748,7756706,500000
749,7756706,500000
750,7756706,500000
751,7756706,500000
752,7756706,500000
753,7756706,500000
754,7756706,500000
755,7756706,500000
756,7756706,500000
757,7756706,500000
758,7756706,500000
759,7756706,500000
760,7756706,500000
761,7756706,500000
762,7756706,500000
763,7756706,500000
764,7756706,500000
765,7756706,500000
766,7756706,500000
767,7756706,500000
768,7756706,500000
769,7756706,500000
770,7756706,500000
771,7756706,500000
772,7756706,500000
773,7756706,500000
774,7756706,500000
775,7756706,500000
776,7756706,500000
777,7756706,500000
778,7756706,500000
779,7756706,500000
780,7756706,500000
781,7756706,500000
782,7756706,500000
783,7756706,500000
784,7756706,500000
785,7756706,500000
786,7756706,500000
787,7756706,500000
788,7756706,500000
789,7756706,500000
790,7756706,500000
791,7756706,500000
792,7756706,500000
793,7756706,500000
794,7756706,500000
795,7756706,500000
796,7756706,500000
797,7756706,500000
798,7756706,500000
799,7756706,500000
800,7756706,500000
801,7756706,500000
802,7756706,500000
803,7756706,500000
804,7756706,500000
805,7756706,500000
806,7756706,500000
807,7756706,500000
808,7756706,500000
809,7756706,500000
810,7756706,500000
811,7756706,500000
812,7756706,500000
813,7756706,500000
814,7756706,500000
815,7756706,500000
816,7756706,500000
817,7756706,500000
818,7756706,500000
819,7756706,500000
820,7756706,500000
821,7756706,500000
822,7756706,500000
823,7756706,500000
824,7756706,500000
825,7756706,500000
826,7756706,500000
827,7756706,500000
828,7756706,500000
829,7756706,500000
830,7756706,500000
831,7756706,500000
832,7756706,500000
833,7756706,500000
834,7756706,500000
835,7756706,500000
836,7756706,500000
837,7756706,500000
838,7756706,500000
839,7756706,500000
840,7756706,500000
841,7756706,500000
842,7756706,500000
843,7756706,500000
844,7756706,500000
845,7756706,500000
846,7756706,500000
847,7756706,500000
848,7756706,500000
849,7756706,500000
850,7756706,500000
851,7756706,500000
852,7756706,500000
853,7756706,500000
854,7756706,500000
855,7756706,500000
856,7756706,500000
857,7756706,500000
858,7756706,500000
859,7756706,500000
860,7756706,500000
861,7756706,500000
862,7756706,500000
863,7756706,500000
864,7756706,500000
865,7756706,500000
866,7756706,500000
867,7756706,500000
868,7756706,500000
869,7756706,500000
870,7756706,500000
871,7756706,500000
872,7756706,500000
873,7756706,500000
874,7756706,500000
875,7756706,500000
876,7756706,500000
877,7756706,500000
878,7756706,500000
879,7756706,500000
880,7756706,500000
881,7756706,500000
882,7756706,500000
883,7756706,500000
884,7756706,500000
885,7756706,500000
886,7756706,500000
887,7756706,500000
888,7756706,500000
889,7756706,500000
890,7756706,500000
891,7756706,500000
892,7756706,500000
893,7756706,500000
894,7756706,500000
895,7756706,500000
896,7756706,500000
897,7756706,500000
898,7756706,500000
899,7756706,500000
900,7756706,500000
901,7756706,500000
902,7756706,500000
903,7756706,500000
904,7756706,500000
905,7756706,500000
906,7756706,500000
907,7756706,500000
908,106787472,8990
909,7756706,500000
910,7756706,500000
911,7756706,500000
912,7756706,500000
913,7756706,500000
914,7756706,500000
915,7756706,500000
916,7756706,500000
917,7756706,500000
918,7756706,500000
919,7756706,500000
920,7756706,500000
921,7756706,500000
922,7756706,500000
923,7756706,500000
924,7756706,500000
925,7756706,500000
926,7756706,500000
927,7756706,500000
928,7756706,500000
929,7756706,500000
930,7756706,500000
931,7756706,500000
932,7756706,500000
933,7756706,500000
934,7756706,500000
935,7756706,500000
936,7756706,500000
937,7756706,500000
938,7756706,500000
939,7756706,500000
940,7756706,500000
941,7756706,500000
942,7756706,500000
943,7756706,500000
944,7756706,500000
945,7756706,500000
946,7756706,500000
947,7756706,500000
948,7756706,500000
949,7756706,500000
950,7756706,500000
951,7756706,500000
952,7756706,500000
953,7756706,500000
954,7756706,500000
955,7756706,500000
956,7756706,500000
957,7756706,500000
958,7756706,500000
959,7756706,500000
960,7756706,500000
961,7756706,500000
962,7756706,500000
963,106787472,6740
964,7756706,500000
965,7756706,500000
966,7756706,500000
967,7756706,500000
968,7756706,500000
969,7756706,500000
970,7756706,500000
971,7756706,500000
972,7756706,500000
973,7756706,500000
974,7756706,500000
975,7756706,500000
976,7756706,500000
977,7756706,500000
978,7756706,500000
979,7756706,500000
980,7756706,500000
981,7756706,500000
982,7756706,500000
983,7756706,500000
984,7756706,500000
985,7756706,500000
986,7756706,500000
987,7756706,500000
988,7756706,500000
989,7756706,500000
990,7756706,500000
991,7756706,500000
992,7756706,500000
993,7756706,500000
994,7756706,500000
995,7756706,500000
996,7756706,500000
997,7756706,500000
998,7756706,500000
999,7756706,500000
1000,7756706,500000
1001,7756706,500000
1002,7756706,500000
1003,7756706,500000
1004,7756706,500000
1005,7756706,500000
1006,7756706,500000
1007,7756706,500000
1008,7756706,500000
1009,7756706,500000
1010,7756706,500000
1011,7756706,500000
1012,7756706,500000
1013,7756706,500000
1014,7756706,500000
1015,7756706,500000
1016,106787472,6380
1017,7756706,500000
1018,7756706,500000
1019,7756706,500000
1020,7756706,500000
1021,7756706,500000
1022,7756706,500000
1023,7756706,500000
1024,7756706,500000
1025,7756706,500000
1026,7756706,500000
1027,7756706,500000
1028,7756706,500000
1029,7756706,500000
1030,7756706,500000
1031,7756706,500000
1032,7756706,500000
1033,7756706,500000
1034,7756706,500000
1035,7756706,500000
1036,7756706,500000
1037,7756706,500000
1038,7756706,500000
1039,7756706,500000
1040,7756706,500000
1041,7756706,500000
1042,7756706,500000
1043,7756706,500000
1044,7756706,500000
1045,7756706,500000
1046,7756706,500000
1047,7756706,500000
1048,7756706,500000
1049,7756706,500000
1050,7756706,500000
1051,7756706,500000
1052,7756706,500000
1053,7756706,500000
1054,7756706,500000
1055,7756706,500000
1056,7756706,500000
1057,7756706,500000
1058,7756706,500000
1059,7756706,500000
1060,7756706,500000
1061,7756706,500000
1062,7756706,500000
1063,7756706,500000
1064,7756706,500000
1065,7756706,500000
1066,7756706,500000
1067,7756706,500000
1068,7756706,500000
1069,7756706,500000
1070,7756706,500000
1071,7756706,500000
1072,7756706,500000
1073,7756706,500000
1074,7756706,500000
1075,7756706,500000
1076,7756706,500000
1077,7756706,500000
1078,7756706,500000
1079,7756706,500000
1080,7756706,500000
1081,7756706,500000
1082,7756706,500000
1083,7756706,500000
1084,7756706,500000
1085,7756706,500000
1086,7756706,500000
1087,7756706,500000
1088,7756706,500000
1089,7756706,500000
1090,7756706,500000
1091,7756706,500000
1092,7756706,500000
1093,7756706,500000
1094,7756706,500000
1095,7756706,500000
1096,7756706,500000
1097,7756706,500000
1098,7756706,500000
1099,7756706,500000
1100,7756706,500000
1101,7756706,500000
1102,7756706,500000
1103,7756706,500000
1104,7756706,500000
1105,7756706,500000
1106,7756706,500000
1107,7756706,500000
1108,7756706,500000
1109,7756706,500000
1110,7756706,500000
1111,7756706,500000
1112,7756706,500000
1113,7756706,500000
1114,7756706,500000
1115,7756706,500000
1116,7756706,500000
1117,7756706,500000
1118,7756706,500000
1119,7756706,500000
1120,7756706,500000
1121,7756706,500000
1122,7756706,500000
1123,7756706,500000
1124,7756706,500000
1125,7756706,500000
1126,7756706,500000
1127,7756706,500000
1128,7756706,500000
1129,7756706,500000
1130,7756706,500000
1131,7756706,500000
1132,7756706,500000
1133,7756706,500000
1134,7756706,500000
1135,7756706,500000
1136,7756706,500000
1137,7756706,500000
1138,7756706,500000
1139,7756706,500000
1140,7756706,500000
1141,106787472,6090
1142,7756706,500000
1143,7756706,500000
1144,7756706,500000
1145,7756706,500000
1146,7756706,500000
1147,7756706,500000
1148,7756706,500000
1149,7756706,500000
1150,7756706,500000
1151,7756706,500000
1152,7756706,500000
1153,7756706,500000
1154,7756706,500000
1155,7756706,500000
1156,7756706,500000
1157,7756706,500000
1158,7756706,500000
1159,7756706,500000
1160,7756706,500000
1161,7756706,500000
1162,7756706,500000
1163,7756706,500000
1164,7756706,500000
1165,7756706,500000
1166,7756706,500000
1167,7756706,500000
1168,7756706,500000
1169,7756706,500000
1170,7756706,500000
1171,7756706,500000
1172,7756706,500000
1173,7756706,500000
1174,7756706,500000
1175,7756706,500000
1176,7756706,500000
1177,7756706,500000
1178,7756706,500000
1179,7756706,500000
1180,7756706,500000
1181,7756706,500000
1182,7756706,500000
1183,7756706,500000
1184,7756706,500000
1185,7756706,500000
1186,7756706,500000
1187,7756706,500000
1188,7756706,500000
1189,7756706,500000
1190,7756706,500000
1191,7756706,500000
1192,7756706,500000
1193,7756706,500000
1194,7756706,500000
1195,7756706,500000
1196,7756706,500000
1197,7756706,500000
1198,7756706,500000
1199,7756706,500000
1200,7756706,500000
1201,7756706,500000
1202,7756706,500000
1203,7756706,500000
1204,7756706,500000
1205,7756706,500000
1206,7756706,500000
1207,7756706,500000
1208,7756706,500000
1209,7756706,500000
1210,7756706,500000
1211,7756706,500000
1212,7756706,500000
1213,7756706,500000
1214,7756706,500000
1215,7756706,500000
1216,7756706,500000
1217,7756706,500000
1218,106787472,7980
1219,7756706,500000
1220,7756706,500000
1221,7756706,500000
1222,7756706,500000
1223,7756706,500000
1224,7756706,500000
1225,106787472,16920
1226,7756706,500000
1227,7756706,500000
1228,7756706,500000
1229,7756706,500000
1230,7756706,500000
1231,7756706,500000
1232,7756706,500000
1233,7756706,500000
1234,7756706,500000
1235,7756706,500000
1236,7756706,500000
1237,7756706,500000
1238,7756706,500000
1239,7756706,500000
1240,7756706,500000
1241,7756706,500000
1242,7756706,500000
1243,7756706,500000
1244,7756706,500000
1245,7756706,500000
1246,7756706,500000
1247,7756706,500000
1248,7756706,500000
1249,7756706,500000
1250,7756706,500000
1251,7756706,500000
1252,7756706,500000
1253,7756706,500000
1254,7756706,500000
1255,7756706,500000
1256,7756706,500000
1257,7756706,500000
1258,7756706,500000
1259,7756706,500000
1260,7756706,500000
1261,7756706,500000
1262,7756706,500000
1263,7756706,500000
1264,7756706,500000
1265,7756706,500000
1266,7756706,500000
1267,7756706,500000
1268,7756706,500000
1269,7756706,500000
1270,7756706,500000
1271,7756706,500000
1272,7756706,500000
1273,7756706,500000
1274,7756706,500000
1275,7756706,500000
1276,7756706,500000
1277,7756706,500000
1278,7756706,500000
1279,7756706,500000
1280,7756706,500000
1281,7756706,500000
1282,7756706,500000
1283,7756706,500000
1284,7756706,500000
1285,7756706,500000
1286,7756706,500000
1287,7756706,500000
1288,7756706,500000
1289,7756706,500000
1290,7756706,500000
1291,7756706,500000
1292,7756706,500000
1293,7756706,500000
1294,7756706,500000
1295,7756706,500000
1296,7756706,500000
1297,7756706,500000
1298,7756706,500000
1299,7756706,500000
1300,7756706,500000
1301,7756706,500000
1302,7756706,500000
1303,7756706,500000
1304,7756706,500000
1305,7756706,500000
1306,7756706,500000
1307,7756706,500000
1308,7756706,500000
1309,7756706,500000
1310,7756706,500000
1311,7756706,500000
1312,7756706,500000
1313,7756706,500000
1314,7756706,500000
1315,7756706,500000
1316,7756706,500000
1317,7756706,500000
1318,7756706,500000
1319,7756706,500000
1320,7756706,500000
1321,7756706,500000
1322,7756706,500000
1323,7756706,500000
1324,7756706,500000
1325,7756706,500000
1326,7756706,500000
1327,7756706,500000
1328,7756706,500000
1329,7756706,500000
1330,7756706,500000
1331,7756706,500000
1332,7756706,500000
1333,7756706,500000
1334,7756706,500000
1335,7756706,500000
1336,7756706,500000
1337,7756706,500000
1338,7756706,500000
1339,7756706,500000
1340,7756706,500000
1341,7756706,500000
1342,7756706,500000
1343,7756706,500000
1344,7756706,500000
1345,7756706,500000
1346,7756706,500000
1347,7756706,500000
1348,7756706,500000
1349,7756706,500000
1350,7756706,500000
1351,7756706,500000
1352,7756706,500000
1353,7756706,500000
1354,7756706,500000
1355,7756706,500000
1356,7756706,500000
1357,7756706,500000
1358,7756706,500000
1359,7756706,500000
1360,7756706,500000
1361,7756706,500000
1362,7756706,500000
1363,7756706,500000
1364,7756706,500000
1365,7756706,500000
1366,7756706,500000
1367,7756706,500000
1368,7756706,500000
1369,7756706,500000
1370,7756706,500000
1371,7756706,500000
1372,7756706,500000
1373,7756706,500000
1374,7756706,500000
1375,7756706,500000
1376,7756706,500000
1377,7756706,500000
1378,7756706,500000
1379,7756706,500000
1380,7756706,500000
1381,7756706,500000
1382,7756706,500000
1383,7756706,500000
1384,7756706,500000
1385,7756706,500000
1386,7756706,500000
1387,7756706,500000
1388,7756706,500000
1389,7756706,500000
1390,7756706,500000
1391,7756706,500000
1392,7756706,500000
1393,7756706,500000
1394,7756706,500000
1395,7756706,500000
1396,7756706,500000
1397,7756706,500000
1398,7756706,500000
1399,7756706,500000
1400,7756706,500000
1401,7756706,500000
1402,7756706,500000
1403,7756706,500000
1404,7756706,500000
1405,7756706,500000
1406,7756706,500000
1407,7756706,500000
1408,7756706,500000
1409,7756706,500000
1410,7756706,500000
1411,7756706,500000
1412,7756706,500000
1413,7756706,500000
1414,7756706,500000
1415,7756706,500000
1416,7756706,500000
1417,7756706,500000
1418,7756706,500000
1419,7756706,500000
1420,7756706,500000
1421,7756706,500000
1422,7756706,500000
1423,7756706,500000
1424,7756706,500000
1425,7756706,500000
1426,7756706,500000
1427,7756706,500000
1428,7756706,500000
1429,7756706,500000
1430,7756706,500000
1431,7756706,500000
1432,7756706,500000
1433,7756706,500000
1434,7756706,500000
1435,7756706,500000
1436,7756706,500000
1437,7756706,500000
1438,7756706,500000
1439,7756706,500000
1440,7756706,500000
1441,7756706,500000
1442,7756706,500000
1443,7756706,500000
1444,7756706,500000
1445,7756706,500000
1446,7756706,500000
1447,7756706,500000
1448,7756706,500000
1449,7756706,500000
1450,7756706,500000
1451,7756706,500000
1452,7756706,500000
1453,7756706,500000
1454,7756706,500000
1455,7756706,500000
1456,7756706,500000
1457,7756706,500000
1458,7756706,500000
1459,106787472,12910
1460,7756706,500000
1461,7756706,500000
1462,7756706,500000
1463,7756706,500000
1464,7756706,500000
1465,7756706,500000
1466,7756706,500000
1467,7756706,500000
1468,7756706,500000
1469,7756706,500000
1470,7756706,500000
1471,7756706,500000
1472,7756706,500000
1473,7756706,500000
1474,7756706,500000
1475,7756706,500000
1476,7756706,500000
1477,7756706,500000
1478,7756706,500000
1479,7756706,500000
1480,7756706,500000
1481,7756706,500000
1482,7756706,500000
1483,7756706,500000
1484,7756706,500000
1485,7756706,500000
1486,7756706,500000
1487,7756706,500000
1488,7756706,500000
1489,7756706,500000
1490,7756706,500000
1491,7756706,500000
1492,7756706,500000
1493,7756706,500000
1494,7756706,500000
1495,7756706,500000
1496,7756706,500000
1497,7756706,500000
1498,7756706,500000
1499,7756706,500000
1500,7756706,500000
1501,7756706,500000
1502,7756706,500000
1503,7756706,500000
1504,7756706,500000
1505,7756706,500000
1506,7756706,500000
1507,7756706,500000
1508,7756706,500000
1509,106787472,9720
1510,7756706,500000
1511,7756706,500000
1512,7756706,500000
1513,7756706,500000
1514,7756706,500000
1515,7756706,500000
1516,7756706,500000
1517,7756706,500000
1518,7756706,500000
1519,7756706,500000
1520,7756706,500000
1521,7756706,500000
1522,7756706,500000
1523,7756706,500000
1524,7756706,500000
1525,7756706,500000
1526,7756706,500000
1527,7756706,500000
1528,7756706,500000
1529,7756706,500000
1530,7756706,500000
1531,7756706,500000
1532,7756706,500000
1533,7756706,500000
1534,7756706,500000
1535,7756706,500000
1536,7756706,500000
1537,7756706,500000
1538,7756706,500000
1539,7756706,500000
1540,7756706,500000
1541,7756706,500000
1542,7756706,500000
1543,7756706,500000
1544,7756706,500000
1545,7756706,500000
1546,7756706,500000
1547,7756706,500000
1548,7756706,500000
1549,7756706,500000
1550,7756706,500000
1551,7756706,500000
1552,7756706,500000
1553,7756706,500000
1554,7756706,500000
1555,7756706,500000
1556,7756706,500000
1557,7756706,500000
1558,7756706,500000
1559,7756706,500000
1560,7756706,500000
1561,7756706,500000
1562,7756706,500000
1563,7756706,500000
1564,7756706,500000
1565,7756706,500000
1566,7756706,500000
1567,7756706,500000
1568,7756706,500000
1569,7756706,500000
1570,7756706,500000
1571,7756706,500000
1572,7756706,500000
1573,7756706,500000
1574,7756706,500000
1575,7756706,500000
1576,7756706,500000
1577,7756706,500000
1578,7756706,500000
1579,7756706,500000
1580,7756706,500000
1581,7756706,500000
1582,7756706,500000
1583,7756706,500000
1584,7756706,500000
1585,106787472,6090
1586,7756706,500000
1587,7756706,500000
1588,7756706,500000
1589,7756706,500000
1590,106787472,7550
1591,7756706,500000
1592,7756706,500000
1593,7756706,500000
1594,7756706,500000
1595,7756706,500000
1596,7756706,500000
1597,7756706,500000
1598,7756706,500000
1599,7756706,500000
1600,7756706,500000
1601,7756706,500000
1602,7756706,500000
1603,7756706,500000
1604,7756706,500000
1605,7756706,500000
1606,7756706,500000
1607,7756706,500000
1608,7756706,500000
1609,7756706,500000
1610,7756706,500000
1611,7756706,500000
1612,7756706,500000
1613,7756706,500000
1614,7756706,500000
1615,7756706,500000
1616,7756706,500000
1617,7756706,500000
1618,7756706,500000
1619,7756706,500000
1620,7756706,500000
1621,7756706,500000
1622,7756706,500000
1623,7756706,500000
1624,7756706,500000
1625,7756706,500000
1626,7756706,500000
1627,7756706,500000
1628,7756706,500000
1629,7756706,500000
1630,7756706,500000
1631,7756706,500000
1632,7756706,500000
1633,7756706,500000
1634,7756706,500000
1635,7756706,500000
1636,7756706,500000
1637,7756706,500000
1638,7756706,500000
1639,7756706,500000
1640,7756706,500000
1641,7756706,500000
1642,7756706,500000
1643,7756706,500000
1644,7756706,500000
1645,7756706,500000
1646,7756706,500000
1647,7756706,500000
1648,7756706,500000
1649,7756706,500000
1650,7756706,500000
1651,7756706,500000
1652,7756706,500000
1653,7756706,500000
1654,7756706,500000
1655,7756706,500000
1656,7756706,500000
1657,7756706,500000
1658,7756706,500000
1659,7756706,500000
1660,7756706,500000
1661,7756706,500000
1662,7756706,500000
1663,7756706,500000
1664,7756706,500000
1665,7756706,500000
1666,7756706,500000
1667,7756706,500000
1668,7756706,500000
1669,7756706,500000
1670,7756706,500000
1671,7756706,500000
1672,7756706,500000
1673,7756706,500000
1674,7756706,500000
1675,7756706,500000
1676,7756706,500000
1677,7756706,500000
1678,7756706,500000
1679,7756706,500000
1680,7756706,500000
1681,7756706,500000
1682,7756706,500000
1683,7756706,500000
1684,7756706,500000
1685,7756706,500000
1686,7756706,500000
1687,7756706,500000
1688,7756706,500000
1689,7756706,500000
1690,7756706,500000
1691,7756706,500000
1692,7756706,500000
1693,7756706,500000
1694,7756706,500000
1695,7756706,500000
1696,7756706,500000
1697,7756706,500000
1698,7756706,500000
1699,7756706,500000
1700,7756706,500000
1701,7756706,500000
1702,7756706,500000
1703,7756706,500000
1704,7756706,500000
1705,7756706,500000
1706,7756706,500000
1707,7756706,500000
1708,7756706,500000
1709,7756706,500000
1710,7756706,500000
1711,7756706,500000
1712,106787472,6540
1713,7756706,500000
1714,7756706,500000
1715,7756706,500000
1716,7756706,500000
1717,7756706,500000
1718,7756706,500000
1719,7756706,500000
1720,7756706,500000
1721,7756706,500000
1722,7756706,500000
1723,7756706,500000
1724,7756706,500000
1725,7756706,500000
1726,7756706,500000
1727,7756706,500000
1728,7756706,500000
1729,7756706,500000
1730,7756706,500000
1731,7756706,500000
1732,7756706,500000
1733,7756706,500000
1734,7756706,500000
1735,7756706,500000
1736,7756706,500000
1737,7756706,500000
1738,7756706,500000
1739,7756706,500000
1740,7756706,500000
1741,7756706,500000
1742,7756706,500000
1743,7756706,500000
1744,7756706,500000
1745,7756706,500000
1746,7756706,500000
1747,7756706,500000
1748,7756706,500000
1749,7756706,500000
1750,7756706,500000
1751,7756706,500000
1752,7756706,500000
1753,7756706,500000
1754,7756706,500000
1755,7756706,500000
1756,7756706,500000
1757,7756706,500000
1758,7756706,500000
1759,7756706,500000
1760,7756706,500000
1761,7756706,500000
1762,7756706,500000
1763,7756706,500000
1764,7756706,500000
1765,7756706,500000
1766,7756706,500000
1767,7756706,500000
1768,7756706,500000
1769,7756706,500000
1770,7756706,500000
1771,7756706,500000
1772,7756706,500000
1773,7756706,500000
1774,7756706,500000
1775,7756706,500000
1776,7756706,500000
1777,7756706,500000
1778,7756706,500000
1779,7756706,500000
1780,7756706,500000
1781,7756706,500000
1782,7756706,500000
1783,7756706,500000
1784,7756706,500000
1785,7756706,500000
1786,7756706,500000
1787,7756706,500000
1788,7756706,500000
1789,7756706,500000
1790,7756706,500000
1791,7756706,500000
1792,7756706,500000
1793,7756706,500000
1794,7756706,500000
1795,106787472,8990
1796,7756706,500000
1797,7756706,500000
1798,7756706,500000
1799,7756706,500000
1800,7756706,500000
1801,7756706,500000
1802,7756706,500000
1803,7756706,500000
1804,7756706,500000
1805,7756706,500000
1806,7756706,500000
1807,7756706,500000
1808,7756706,500000
1809,7756706,500000
1810,7756706,500000
1811,7756706,500000
1812,7756706,500000
1813,7756706,500000
1814,7756706,500000
1815,7756706,500000
1816,7756706,500000
1817,7756706,500000
1818,7756706,500000
1819,7756706,500000
1820,7756706,500000
1821,7756706,500000
1822,7756706,500000
1823,7756706,500000
1824,7756706,500000
1825,7756706,500000
1826,7756706,500000
1827,7756706,500000
1828,7756706,500000
1829,7756706,500000
1830,7756706,500000
1831,7756706,500000
1832,7756706,500000
1833,7756706,500000
1834,7756706,500000
1835,7756706,500000
1836,7756706,500000
1837,7756706,500000
1838,7756706,500000
1839,7756706,500000
1840,7756706,500000
1841,7756706,500000
1842,7756706,500000
1843,7756706,500000
1844,7756706,500000
1845,7756706,500000
1846,7756706,500000
1847,7756706,500000
1848,7756706,500000
1849,7756706,500000
1850,7756706,500000
1851,7756706,500000
1852,7756706,500000
1853,7756706,500000
1854,7756706,500000
1855,7756706,500000
1856,7756706,500000
1857,7756706,500000
1858,7756706,500000
1859,7756706,500000
1860,7756706,500000
1861,7756706,500000
1862,7756706,500000
1863,7756706,500000
1864,7756706,500000
1865,7756706,500000
1866,7756706,500000
1867,7756706,500000
1868,7756706,500000
1869,7756706,500000
1870,7756706,500000
1871,7756706,500000
1872,7756706,500000
1873,7756706,500000
1874,7756706,500000
1875,7756706,500000
1876,7756706,500000
1877,7756706,500000
1878,7756706,500000
1879,106787472,13920
1880,7756706,500000
1881,7756706,500000
1882,7756706,500000
1883,7756706,500000
1884,7756706,500000
1885,7756706,500000
1886,7756706,500000
1887,7756706,500000
1888,7756706,500000
1889,7756706,500000
1890,7756706,500000
1891,7756706,500000
1892,106787472,23060
1893,7756706,500000
1894,7756706,500000
1895,7756706,500000
1896,7756706,500000
1897,7756706,500000
1898,7756706,500000
1899,7756706,500000
1900,7756706,500000
1901,7756706,500000
1902,7756706,500000
1903,7756706,500000
1904,7756706,500000
1905,7756706,500000
1906,7756706,500000
1907,7756706,500000
1908,7756706,500000
1909,7756706,500000
1910,7756706,500000
1911,7756706,500000
1912,7756706,500000
1913,7756706,500000
1914,7756706,500000
1915,7756706,500000
1916,7756706,500000
1917,7756706,500000
1918,7756706,500000
1919,7756706,500000
1920,7756706,500000
1921,7756706,500000
1922,7756706,500000
1923,7756706,500000
1924,7756706,500000
1925,7756706,500000
1926,7756706,500000
1927,7756706,500000
1928,7756706,500000
1929,7756706,500000
1930,7756706,500000
1931,7756706,500000
1932,7756706,500000
1933,7756706,500000
1934,7756706,500000
1935,7756706,500000
1936,7756706,500000
1937,7756706,500000
1938,7756706,500000
1939,7756706,500000
1940,7756706,500000
1941,7756706,500000
1942,7756706,500000
1943,7756706,500000
1944,7756706,500000
1945,7756706,500000
1946,7756706,500000
1947,7756706,500000
1948,7756706,500000
1949,7756706,500000
1950,7756706,500000
1951,7756706,500000
1952,7756706,500000
1953,7756706,500000
1954,7756706,500000
1955,7756706,500000
1956,7756706,500000
1957,7756706,500000
1958,7756706,500000
1959,7756706,500000
1960,7756706,500000
1961,7756706,500000
1962,7756706,500000
1963,7756706,500000
1964,7756706,500000
1965,7756706,500000
1966,7756706,500000
1967,7756706,500000
1968,7756706,500000
1969,7756706,500000
1970,7756706,500000
1971,7756706,500000
1972,7756706,500000
1973,7756706,500000
1974,7756706,500000
1975,7756706,500000
1976,7756706,500000
1977,7756706,500000
1978,7756706,500000
1979,7756706,500000
1980,7756706,500000
1981,7756706,500000
1982,7756706,500000
1983,7756706,500000
1984,7756706,500000
1985,7756706,500000
1986,7756706,500000
1987,7756706,500000
1988,7756706,500000
1989,7756706,500000
1990,7756706,500000
1991,7756706,500000
1992,7756706,500000
1993,7756706,500000
1994,7756706,500000
1995,7756706,500000
1996,7756706,500000
1997,7756706,500000
1998,7756706,500000
1999,7756706,500000
2000,7756706,500000
2001,7756706,500000
2002,7756706,500000
2003,7756706,500000
2004,7756706,500000
2005,7756706,500000
2006,7756706,500000
2007,106787472,7400
2008,7756706,500000
2009,7756706,500000
2010,7756706,500000
2011,7756706,500000
2012,7756706,500000
2013,7756706,500000
2014,106787472,8120
2015,7756706,500000
2016,7756706,500000
2017,7756706,500000
2018,7756706,500000
2019,7756706,500000
2020,7756706,500000
2021,7756706,500000
2022,7756706,500000
2023,7756706,500000
2024,7756706,500000
2025,7756706,500000
2026,7756706,500000
2027,7756706,500000
2028,7756706,500000
2029,7756706,500000
2030,7756706,500000
2031,7756706,500000
2032,7756706,500000
2033,7756706,500000
2034,7756706,500000
2035,7756706,500000
2036,7756706,500000
2037,7756706,500000
2038,7756706,500000
2039,7756706,500000
2040,7756706,500000
2041,7756706,500000
2042,7756706,500000
2043,7756706,500000
2044,7756706,500000
2045,7756706,500000
2046,7756706,500000
2047,7756706,500000
2048,7756706,500000
2049,7756706,500000
2050,7756706,500000
2051,7756706,500000
2052,7756706,500000
2053,7756706,500000
2054,7756706,500000
2055,7756706,500000
2056,7756706,500000
2057,7756706,500000
2058,7756706,500000
2059,7756706,500000
2060,7756706,500000
2061,7756706,500000
2062,7756706,500000
2063,7756706,500000
2064,7756706,500000
2065,7756706,500000
2066,7756706,500000
2067,7756706,500000
2068,106787472,8990
2069,7756706,500000
2070,7756706,500000
2071,7756706,500000
2072,7756706,500000
2073,7756706,500000
2074,7756706,500000
2075,7756706,500000
2076,7756706,500000
2077,7756706,500000
2078,7756706,500000
2079,7756706,500000
2080,7756706,500000
2081,7756706,500000
2082,7756706,500000
2083,7756706,500000
2084,7756706,500000
2085,7756706,500000
2086,7756706,500000
2087,7756706,500000
2088,7756706,500000
2089,7756706,500000
2090,7756706,500000
2091,7756706,500000
2092,7756706,500000
2093,7756706,500000
2094,7756706,500000
2095,7756706,500000
2096,7756706,500000
2097,7756706,500000
2098,7756706,500000
2099,7756706,500000
2100,7756706,500000
2101,7756706,500000
2102,7756706,500000
2103,7756706,500000
2104,7756706,500000
2105,7756706,500000
2106,7756706,500000
2107,7756706,500000
2108,7756706,500000
2109,7756706,500000
2110,7756706,500000
2111,7756706,500000
2112,7756706,500000
2113,7756706,500000
2114,7756706,500000
2115,7756706,500000
2116,7756706,500000
2117,7756706,500000
2118,7756706,500000
2119,7756706,500000
2120,7756706,500000
2121,7756706,500000
2122,7756706,500000
2123,7756706,500000
2124,7756706,500000
2125,7756706,500000
2126,7756706,500000
2127,7756706,500000
2128,7756706,500000
2129,7756706,500000
2130,7756706,500000
2131,7756706,500000
2132,7756706,500000
2133,7756706,500000
2134,7756706,500000
2135,7756706,500000
2136,7756706,500000
2137,7756706,500000
2138,7756706,500000
2139,7756706,500000
2140,7756706,500000
2141,7756706,500000
2142,7756706,500000
2143,7756706,500000
2144,7756706,500000
2145,7756706,500000
2146,7756706,500000
2147,106787472,28130
2148,7756706,500000
2149,7756706,500000
2150,7756706,500000
2151,7756706,500000
2152,7756706,500000
2153,7756706,500000
2154,7756706,500000
2155,7756706,500000
2156,7756706,500000
2157,7756706,500000
2158,7756706,500000
2159,7756706,500000
2160,7756706,500000
2161,7756706,500000
2162,7756706,500000
2163,7756706,500000
2164,7756706,500000
2165,7756706,500000
2166,7756706,500000
2167,7756706,500000
2168,7756706,500000
2169,7756706,500000
2170,7756706,500000
2171,7756706,500000
2172,7756706,500000
2173,7756706,500000
2174,7756706,500000
2175,7756706,500000
2176,7756706,500000
2177,7756706,500000
2178,7756706,500000
2179,7756706,500000
2180,7756706,500000
2181,7756706,500000
2182,7756706,500000
2183,7756706,500000
2184,7756706,500000
2185,7756706,500000
2186,7756706,500000
2187,106787472,9570
2188,7756706,500000
2189,7756706,500000
2190,7756706,500000
2191,7756706,500000
2192,7756706,500000
2193,7756706,500000
2194,7756706,500000
2195,7756706,500000
2196,7756706,500000
2197,7756706,500000
2198,7756706,500000
2199,7756706,500000
2200,7756706,500000
2201,7756706,500000
2202,7756706,500000
2203,7756706,500000
2204,7756706,500000
2205,7756706,500000
2206,7756706,500000
2207,7756706,500000
2208,7756706,500000
2209,7756706,500000
2210,7756706,500000
2211,7756706,500000
2212,7756706,500000
2213,7756706,500000
2214,7756706,500000
2215,7756706,500000
2216,7756706,500000
2217,7756706,500000
2218,7756706,500000
2219,7756706,500000
2220,7756706,500000
2221,7756706,500000
2222,7756706,500000
2223,7756706,500000
2224,7756706,500000
2225,7756706,500000
2226,7756706,500000
2227,7756706,500000
2228,7756706,500000
2229,7756706,500000
2230,7756706,500000
2231,7756706,500000
2232,7756706,500000
2233,7756706,500000
2234,7756706,500000
2235,7756706,500000
2236,7756706,500000
2237,7756706,500000
2238,7756706,500000
2239,7756706,500000
2240,7756706,500000
2241,7756706,500000
2242,7756706,500000
2243,7756706,500000
2244,7756706,500000
2245,7756706,500000
2246,7756706,500000
2247,7756706,500000
2248,7756706,500000
2249,7756706,500000
2250,7756706,500000
2251,7756706,500000
2252,7756706,500000
2253,7756706,500000
2254,7756706,500000
2255,7756706,500000
2256,7756706,500000
2257,7756706,500000
2258,7756706,500000
2259,7756706,500000
2260,7756706,500000
2261,7756706,500000
2262,7756706,500000
2263,7756706,500000
2264,7756706,500000
2265,7756706,500000
2266,7756706,500000
2267,7756706,500000
2268,7756706,500000
2269,7756706,500000
2270,7756706,500000
2271,7756706,500000
2272,7756706,500000
2273,7756706,500000
2274,7756706,500000
2275,7756706,500000
2276,7756706,500000
2277,7756706,500000
2278,7756706,500000
2279,7756706,500000
2280,7756706,500000
2281,7756706,500000
2282,7756706,500000
2283,7756706,500000
2284,7756706,500000
2285,7756706,500000
2286,7756706,500000
2287,7756706,500000
2288,7756706,500000
2289,7756706,500000
2290,7756706,500000
2291,7756706,500000
2292,7756706,500000
2293,7756706,500000
2294,7756706,500000
2295,7756706,500000
2296,7756706,500000
2297,7756706,500000
2298,7756706,500000
2299,7756706,500000
2300,7756706,500000
2301,7756706,500000
2302,7756706,500000
2303,7756706,500000
2304,7756706,500000
2305,7756706,500000
2306,7756706,500000
2307,7756706,500000
2308,7756706,500000
2309,7756706,500000
2310,7756706,500000
2311,7756706,500000
2312,7756706,500000
2313,7756706,500000
2314,7756706,500000
2315,7756706,500000
2316,7756706,500000
2317,7756706,500000
2318,7756706,500000
2319,7756706,500000
2320,7756706,500000
2321,7756706,500000
2322,7756706,500000
2323,7756706,500000
2324,7756706,500000
2325,7756706,500000
2326,7756706,500000
2327,7756706,500000
2328,7756706,500000
2329,7756706,500000
2330,7756706,500000
2331,7756706,500000
2332,7756706,500000
2333,7756706,500000
2334,7756706,500000
2335,7756706,500000
2336,7756706,500000
2337,7756706,500000
2338,7756706,500000
2339,7756706,500000
2340,7756706,500000
2341,7756706,500000
2342,7756706,500000
2343,7756706,500000
2344,7756706,500000
2345,7756706,500000
2346,7756706,500000
2347,7756706,500000
2348,7756706,500000
2349,7756706,500000
2350,7756706,500000
2351,7756706,500000
2352,7756706,500000
2353,7756706,500000
2354,7756706,500000
2355,7756706,500000
2356,7756706,500000
2357,7756706,500000
2358,7756706,500000
2359,7756706,500000
2360,7756706,500000
2361,7756706,500000
2362,7756706,500000
2363,7756706,500000
2364,7756706,500000
2365,7756706,500000
2366,7756706,500000
2367,7756706,500000
2368,7756706,500000
2369,7756706,500000
2370,7756706,500000
2371,7756706,500000
2372,7756706,500000
2373,7756706,500000
2374,7756706,500000
2375,7756706,500000
2376,7756706,500000
2377,7756706,500000
2378,7756706,500000
2379,7756706,500000
2380,7756706,500000
2381,7756706,500000
2382,7756706,500000
2383,7756706,500000
2384,7756706,500000
2385,7756706,500000
2386,7756706,500000
2387,7756706,500000
2388,7756706,500000
2389,7756706,500000
2390,7756706,500000
2391,7756706,500000
2392,7756706,500000
2393,7756706,500000
2394,7756706,500000
2395,7756706,500000
2396,7756706,500000
2397,7756706,500000
2398,7756706,500000
2399,7756706,500000
2400,7756706,500000
2401,7756706,500000
2402,7756706,500000
2403,7756706,500000
2404,7756706,500000
2405,7756706,500000
2406,7756706,500000
2407,7756706,500000
2408,7756706,500000
2409,7756706,500000
2410,7756706,500000
2411,7756706,500000
2412,7756706,500000
2413,7756706,500000
2414,7756706,500000
2415,7756706,500000
2416,7756706,500000
2417,7756706,500000
2418,7756706,500000
2419,7756706,500000
2420,7756706,500000
2421,7756706,500000
2422,7756706,500000
2423,7756706,500000
2424,7756706,500000
2425,7756706,500000
2426,7756706,500000
2427,7756706,500000
2428,7756706,500000
2429,7756706,500000
2430,7756706,500000
2431,7756706,500000
2432,7756706,500000
2433,7756706,500000
2434,7756706,500000
2435,7756706,500000
2436,7756706,500000
2437,7756706,500000
2438,7756706,500000
2439,7756706,500000
2440,7756706,500000
2441,7756706,500000
2442,7756706,500000
2443,7756706,500000
2444,7756706,500000
2445,7756706,500000
2446,7756706,500000
2447,7756706,500000
2448,7756706,500000
2449,7756706,500000
2450,7756706,500000
2451,7756706,500000
2452,7756706,500000
2453,7756706,500000
2454,7756706,500000
2455,7756706,500000
2456,7756706,500000
2457,106787472,5950
2458,7756706,500000
2459,7756706,500000
2460,7756706,500000
2461,7756706,500000
2462,7756706,500000
2463,7756706,500000
2464,7756706,500000
2465,7756706,500000
2466,7756706,500000
2467,7756706,500000
2468,7756706,500000
2469,7756706,500000
2470,7756706,500000
2471,7756706,500000
2472,7756706,500000
2473,7756706,500000
2474,7756706,500000
2475,7756706,500000
2476,7756706,500000
2477,7756706,500000
2478,7756706,500000
2479,7756706,500000
2480,7756706,500000
2481,7756706,500000
2482,7756706,500000
2483,7756706,500000
2484,7756706,500000
2485,7756706,500000
2486,7756706,500000
2487,7756706,500000
2488,7756706,500000
2489,7756706,500000
2490,7756706,500000
2491,7756706,500000
2492,7756706,500000
2493,7756706,500000
2494,7756706,500000
2495,7756706,500000
2496,106787472,12330
2497,7756706,500000
2498,7756706,500000
2499,106787472,9130
2500,7756706,500000
2501,7756706,500000
2502,7756706,500000
2503,7756706,500000
2504,7756706,500000
2505,7756706,500000
2506,7756706,500000
2507,7756706,500000
2508,7756706,500000
2509,7756706,500000
2510,7756706,500000
2511,7756706,500000
2512,7756706,500000
2513,7756706,500000
2514,7756706,500000
2515,7756706,500000
2516,7756706,500000
2517,7756706,500000
2518,7756706,500000
2519,7756706,500000
2520,7756706,500000
2521,7756706,500000
2522,7756706,500000
2523,7756706,500000
2524,7756706,500000
2525,7756706,500000
2526,7756706,500000
2527,7756706,500000
2528,7756706,500000
2529,7756706,500000
2530,7756706,500000
2531,7756706,500000
2532,7756706,500000
2533,7756706,500000
2534,7756706,500000
2535,7756706,500000
2536,7756706,500000
2537,7756706,500000
2538,7756706,500000
2539,7756706,500000
2540,7756706,500000
2541,7756706,500000
2542,7756706,500000
2543,7756706,500000
2544,7756706,500000
2545,7756706,500000
2546,7756706,500000
2547,7756706,500000
2548,7756706,500000
2549,7756706,500000
2550,7756706,500000
2551,7756706,500000
2552,7756706,500000
2553,7756706,500000
2554,7756706,500000
2555,7756706,500000
2556,7756706,500000
2557,7756706,500000
2558,7756706,500000
2559,7756706,500000
2560,7756706,500000
2561,7756706,500000
2562,7756706,500000
2563,7756706,500000
2564,7756706,500000
2565,7756706,500000
2566,7756706,500000
2567,7756706,500000
2568,7756706,500000
2569,7756706,500000
2570,7756706,500000
2571,7756706,500000
2572,106787472,24510
2573,7756706,500000
2574,7756706,500000
2575,7756706,500000
2576,7756706,500000
2577,7756706,500000
2578,7756706,500000
2579,7756706,500000
2580,7756706,500000
2581,7756706,500000
2582,7756706,500000
2583,7756706,500000
2584,7756706,500000
2585,7756706,500000
2586,7756706,500000
2587,7756706,500000
2588,7756706,500000
2589,7756706,500000
2590,7756706,500000
2591,7756706,500000
2592,7756706,500000
2593,7756706,500000
2594,7756706,500000
2595,7756706,500000
2596,7756706,500000
2597,7756706,500000
2598,7756706,500000
2599,7756706,500000
2600,7756706,500000
2601,7756706,500000
2602,7756706,500000
2603,7756706,500000
2604,7756706,500000
2605,7756706,500000
2606,7756706,500000
2607,7756706,500000
2608,7756706,500000
2609,7756706,500000
2610,7756706,500000
2611,7756706,500000
2612,7756706,500000
2613,7756706,500000
2614,7756706,500000
2615,7756706,500000
2616,7756706,500000
2617,7756706,500000
2618,7756706,500000
2619,7756706,500000
2620,7756706,500000
2621,7756706,500000
2622,7756706,500000
2623,7756706,500000
2624,7756706,500000
2625,7756706,500000
2626,7756706,500000
2627,7756706,500000
2628,7756706,500000
2629,7756706,500000
2630,7756706,500000
2631,7756706,500000
2632,7756706,500000
2633,7756706,500000
2634,7756706,500000
2635,7756706,500000
2636,7756706,500000
2637,7756706,500000
2638,7756706,500000
2639,7756706,500000
2640,7756706,500000
2641,7756706,500000
2642,7756706,500000
2643,7756706,500000
2644,7756706,500000
2645,7756706,500000
2646,7756706,500000
2647,7756706,500000
2648,7756706,500000
2649,7756706,500000
2650,7756706,500000
2651,7756706,500000
2652,7756706,500000
2653,7756706,500000
2654,7756706,500000
2655,7756706,500000
2656,7756706,500000
2657,7756706,500000
2658,7756706,500000
2659,7756706,500000
2660,7756706,500000
2661,7756706,500000
2662,106787472,17310
2663,7756706,500000
2664,7756706,500000
2665,7756706,500000
2666,7756706,500000
2667,7756706,500000
2668,7756706,500000
2669,7756706,500000
2670,7756706,500000
2671,7756706,500000
2672,7756706,500000
2673,7756706,500000
2674,7756706,500000
2675,7756706,500000
2676,7756706,500000
2677,7756706,500000
2678,7756706,500000
2679,7756706,500000
2680,7756706,500000
2681,7756706,500000
2682,7756706,500000
2683,7756706,500000
2684,7756706,500000
2685,7756706,500000
2686,7756706,500000
2687,7756706,500000
2688,7756706,500000
2689,7756706,500000
2690,7756706,500000
2691,7756706,500000
2692,7756706,500000
2693,7756706,500000
2694,7756706,500000
2695,7756706,500000
2696,7756706,500000
2697,7756706,500000
2698,7756706,500000
2699,7756706,500000
2700,7756706,500000
2701,7756706,500000
2702,7756706,500000
2703,7756706,500000
2704,7756706,500000
2705,106787472,5370
2706,7756706,500000
2707,7756706,500000
2708,7756706,500000
2709,7756706,500000
2710,7756706,500000
2711,7756706,500000
2712,7756706,500000
2713,7756706,500000
2714,7756706,500000
2715,7756706,500000
2716,7756706,500000
2717,7756706,500000
2718,7756706,500000
2719,7756706,500000
2720,7756706,500000
2721,7756706,500000
2722,7756706,500000
2723,7756706,500000
2724,7756706,500000
2725,7756706,500000
2726,7756706,500000
2727,7756706,500000
2728,7756706,500000
2729,7756706,500000
2730,7756706,500000
2731,7756706,500000
2732,7756706,500000
2733,7756706,500000
2734,7756706,500000
2735,7756706,500000
2736,7756706,500000
2737,7756706,500000
2738,7756706,500000
2739,7756706,500000
2740,7756706,500000
2741,7756706,500000
2742,7756706,500000
2743,7756706,500000
2744,7756706,500000
2745,7756706,500000
2746,7756706,500000
2747,7756706,500000
2748,7756706,500000
2749,7756706,500000
2750,7756706,500000
2751,7756706,500000
2752,7756706,500000
2753,7756706,500000
2754,7756706,500000
2755,7756706,500000
2756,7756706,500000
2757,7756706,500000
2758,7756706,500000
2759,7756706,500000
2760,7756706,500000
2761,7756706,500000
2762,7756706,500000
2763,7756706,500000
2764,7756706,500000
2765,7756706,500000
2766,7756706,500000
2767,7756706,500000
2768,7756706,500000
2769,7756706,500000
2770,7756706,500000
2771,7756706,500000
2772,7756706,500000
2773,7756706,500000
2774,7756706,500000
2775,7756706,500000
2776,7756706,500000
2777,7756706,500000
2778,7756706,500000
2779,7756706,500000
2780,7756706,500000
2781,7756706,500000
2782,7756706,500000
2783,7756706,500000
2784,7756706,500000
2785,7756706,500000
2786,7756706,500000
2787,7756706,500000
2788,7756706,500000
2789,7756706,500000
2790,7756706,500000
2791,7756706,500000
2792,7756706,500000
2793,7756706,500000
2794,7756706,500000
2795,7756706,500000
2796,7756706,500000
2797,7756706,500000
2798,7756706,500000
2799,7756706,500000
2800,7756706,500000
2801,7756706,500000
2802,7756706,500000
2803,7756706,500000
2804,7756706,500000
2805,7756706,500000
2806,7756706,500000
2807,7756706,500000
2808,7756706,500000
2809,7756706,500000
2810,7756706,500000
2811,7756706,500000
2812,7756706,500000
2813,7756706,500000
2814,7756706,500000
2815,7756706,500000
2816,7756706,500000
2817,7756706,500000
2818,7756706,500000
2819,7756706,500000
2820,7756706,500000
2821,7756706,500000
2822,7756706,500000
2823,7756706,500000
2824,7756706,500000
2825,7756706,500000
2826,7756706,500000
2827,7756706,500000
2828,7756706,500000
2829,7756706,500000
2830,7756706,500000
2831,7756706,500000
2832,7756706,500000
2833,7756706,500000
2834,7756706,500000
2835,7756706,500000
2836,7756706,500000
2837,7756706,500000
2838,7756706,500000
2839,7756706,500000
2840,7756706,500000
2841,7756706,500000
2842,7756706,500000
2843,7756706,500000
2844,7756706,500000
2845,7756706,500000
2846,7756706,500000
2847,7756706,500000
2848,7756706,500000
2849,7756706,500000
2850,7756706,500000
2851,7756706,500000
2852,7756706,500000
2853,7756706,500000
2854,7756706,500000
2855,7756706,500000
2856,7756706,500000
2857,7756706,500000
2858,7756706,500000
2859,7756706,500000
2860,7756706,500000
2861,7756706,500000
2862,7756706,500000
2863,7756706,500000
2864,7756706,500000
2865,7756706,500000
2866,7756706,500000
2867,7756706,500000
2868,7756706,500000
2869,7756706,500000
2870,7756706,500000
2871,7756706,500000
2872,106787472,7250
2873,7756706,500000
2874,7756706,500000
2875,7756706,500000
2876,7756706,500000
2877,7756706,500000
2878,7756706,500000
2879,7756706,500000
2880,7756706,500000
2881,7756706,500000
2882,7756706,500000
2883,7756706,500000
2884,7756706,500000
2885,7756706,500000
2886,7756706,500000
2887,7756706,500000
2888,7756706,500000
2889,7756706,500000
2890,7756706,500000
2891,7756706,500000
2892,106787472,11890
2893,7756706,500000
2894,7756706,500000
2895,7756706,500000
2896,7756706,500000
2897,7756706,500000
2898,7756706,500000
2899,7756706,500000
2900,7756706,500000
2901,7756706,500000
2902,7756706,500000
2903,7756706,500000
2904,7756706,500000
2905,7756706,500000
2906,7756706,500000
2907,7756706,500000
2908,7756706,500000
2909,7756706,500000
2910,7756706,500000
2911,7756706,500000
2912,7756706,500000
2913,7756706,500000
2914,7756706,500000
2915,7756706,500000
2916,7756706,500000
2917,7756706,500000
2918,7756706,500000
2919,7756706,500000
2920,7756706,500000
2921,7756706,500000
2922,7756706,500000
2923,7756706,500000
2924,7756706,500000
2925,7756706,500000
2926,7756706,500000
2927,7756706,500000
2928,7756706,500000
2929,7756706,500000
2930,7756706,500000
2931,7756706,500000
2932,7756706,500000
2933,7756706,500000
2934,106787472,10890
2935,7756706,500000
2936,7756706,500000
2937,7756706,500000
2938,7756706,500000
2939,7756706,500000
2940,7756706,500000
2941,7756706,500000
2942,7756706,500000
2943,7756706,500000
2944,7756706,500000
2945,7756706,500000
2946,7756706,500000
2947,7756706,500000
2948,7756706,500000
2949,7756706,500000
2950,7756706,500000
2951,7756706,500000
2952,7756706,500000
2953,7756706,500000
2954,7756706,500000
2955,7756706,500000
2956,7756706,500000
2957,7756706,500000
2958,7756706,500000
2959,7756706,500000
2960,7756706,500000
2961,7756706,500000
2962,7756706,500000
2963,7756706,500000
2964,7756706,500000
2965,7756706,500000
2966,7756706,500000
2967,7756706,500000
2968,7756706,500000
2969,7756706,500000
2970,7756706,500000
2971,7756706,500000
2972,7756706,500000
2973,7756706,500000
2974,7756706,500000
2975,7756706,500000
2976,7756706,500000
2977,7756706,500000
2978,7756706,500000
2979,7756706,500000
2980,7756706,500000
2981,7756706,500000
2982,7756706,500000
2983,7756706,500000
2984,7756706,500000
2985,7756706,500000
2986,7756706,500000
2987,7756706,500000
2988,7756706,500000
2989,7756706,500000
2990,7756706,500000
2991,7756706,500000
2992,7756706,500000
2993,7756706,500000
2994,7756706,500000
2995,7756706,500000
2996,7756706,500000
2997,7756706,500000
2998,7756706,500000
2999,7756706,500000
3000,7756706,500000
3001,7756706,500000
3002,7756706,500000
3003,7756706,500000
3004,7756706,500000
3005,7756706,500000
3006,7756706,500000
3007,7756706,500000
3008,7756706,500000
3009,7756706,500000
3010,7756706,500000
3011,7756706,500000
3012,7756706,500000
3013,7756706,500000
3014,7756706,500000
3015,7756706,500000
3016,7756706,500000
3017,7756706,500000
3018,7756706,500000
3019,7756706,500000
3020,7756706,500000
3021,7756706,500000
3022,7756706,500000
3023,7756706,500000
3024,7756706,500000
3025,7756706,500000
3026,7756706,500000
3027,7756706,500000
3028,7756706,500000
3029,7756706,500000
3030,7756706,500000
3031,7756706,500000
3032,7756706,500000
3033,7756706,500000
3034,7756706,500000
3035,7756706,500000
3036,7756706,500000
3037,7756706,500000
3038,7756706,500000
3039,7756706,500000
3040,7756706,500000
3041,7756706,500000
3042,7756706,500000
3043,7756706,500000
3044,7756706,500000
3045,7756706,500000
3046,7756706,500000
3047,7756706,500000
3048,7756706,500000
3049,7756706,500000
3050,7756706,500000
3051,7756706,500000
3052,7756706,500000
3053,7756706,500000
3054,7756706,500000
3055,7756706,500000
3056,7756706,500000
3057,7756706,500000
3058,7756706,500000
3059,7756706,500000
3060,7756706,500000
3061,7756706,500000
3062,7756706,500000
3063,7756706,500000
3064,7756706,500000
3065,7756706,500000
3066,7756706,500000
3067,7756706,500000
3068,7756706,500000
3069,7756706,500000
3070,7756706,500000
3071,7756706,500000
3072,7756706,500000
3073,7756706,500000
3074,7756706,500000
3075,7756706,500000
3076,7756706,500000
3077,7756706,500000
3078,7756706,500000
3079,7756706,500000
3080,7756706,500000
3081,7756706,500000
3082,7756706,500000
3083,7756706,500000
3084,7756706,500000
3085,7756706,500000
3086,7756706,500000
3087,7756706,500000
3088,7756706,500000
3089,7756706,500000
3090,7756706,500000
3091,7756706,500000
3092,7756706,500000
3093,7756706,500000
3094,7756706,500000
3095,7756706,500000
3096,7756706,500000
3097,7756706,500000
3098,7756706,500000
3099,7756706,500000
3100,7756706,500000
3101,7756706,500000
3102,7756706,500000
3103,7756706,500000
3104,7756706,500000
3105,7756706,500000
3106,7756706,500000
3107,7756706,500000
3108,7756706,500000
3109,7756706,500000
3110,7756706,500000
3111,7756706,500000
3112,7756706,500000
3113,7756706,500000
3114,7756706,500000
3115,7756706,500000
3116,7756706,500000
3117,7756706,500000
3118,7756706,500000
3119,7756706,500000
3120,7756706,500000
3121,7756706,500000
3122,7756706,500000
3123,7756706,500000
3124,7756706,500000
3125,7756706,500000
3126,7756706,500000
3127,7756706,500000
3128,7756706,500000
3129,7756706,500000
3130,7756706,500000
3131,7756706,500000
3132,7756706,500000
3133,7756706,500000
3134,7756706,500000
3135,7756706,500000
3136,7756706,500000
3137,7756706,500000
3138,7756706,500000
3139,7756706,500000
3140,7756706,500000
3141,7756706,500000
3142,7756706,500000
3143,7756706,500000
3144,7756706,500000
3145,7756706,500000
3146,7756706,500000
3147,7756706,500000
3148,7756706,500000
3149,7756706,500000
3150,7756706,500000
3151,7756706,500000
3152,7756706,500000
3153,7756706,500000
3154,7756706,500000
3155,7756706,500000
3156,7756706,500000
3157,7756706,500000
3158,7756706,500000
3159,7756706,500000
3160,7756706,500000
3161,7756706,500000
3162,7756706,500000
3163,7756706,500000
3164,7756706,500000
3165,7756706,500000
3166,7756706,500000
3167,7756706,500000
3168,7756706,500000
3169,7756706,500000
3170,7756706,500000
3171,7756706,500000
3172,7756706,500000
3173,7756706,500000
3174,7756706,500000
3175,7756706,500000
3176,7756706,500000
3177,7756706,500000
3178,7756706,500000
3179,7756706,500000
3180,7756706,500000
3181,7756706,500000
3182,7756706,500000
3183,7756706,500000
3184,7756706,500000
3185,7756706,500000
3186,7756706,500000
3187,7756706,500000
3188,7756706,500000
3189,7756706,500000
3190,7756706,500000
3191,7756706,500000
3192,7756706,500000
3193,7756706,500000
3194,7756706,500000
3195,7756706,500000
3196,7756706,500000
3197,7756706,500000
3198,7756706,500000
3199,7756706,500000
3200,7756706,500000
3201,7756706,500000
3202,7756706,500000
3203,7756706,500000
3204,7756706,500000
3205,7756706,500000
3206,7756706,500000
3207,7756706,500000
3208,7756706,500000
3209,7756706,500000
3210,7756706,500000
3211,7756706,500000
3212,7756706,500000
3213,7756706,500000
3214,7756706,500000
3215,7756706,500000
3216,7756706,500000
3217,7756706,500000
3218,7756706,500000
3219,7756706,500000
3220,7756706,500000
3221,7756706,500000
3222,7756706,500000
3223,7756706,500000
3224,106787472,48290
3225,7756706,500000
3226,7756706,500000
3227,7756706,500000
3228,7756706,500000
3229,7756706,500000
3230,7756706,500000
3231,7756706,500000
3232,7756706,500000
3233,7756706,500000
3234,7756706,500000
3235,7756706,500000
3236,7756706,500000
3237,7756706,500000
3238,7756706,500000
3239,7756706,500000
3240,7756706,500000
3241,7756706,500000
3242,7756706,500000
3243,7756706,500000
3244,7756706,500000
3245,7756706,500000
3246,7756706,500000
3247,7756706,500000
3248,7756706,500000
3249,7756706,500000
3250,7756706,500000
3251,7756706,500000
3252,7756706,500000
3253,7756706,500000
3254,7756706,500000
3255,7756706,500000
3256,7756706,500000
3257,7756706,500000
3258,7756706,500000
3259,7756706,500000
3260,7756706,500000
3261,7756706,500000
3262,7756706,500000
3263,7756706,500000
3264,7756706,500000
3265,7756706,500000
3266,7756706,500000
3267,7756706,500000
3268,7756706,500000
3269,7756706,500000
3270,7756706,500000
3271,7756706,500000
3272,7756706,500000
3273,7756706,500000
3274,7756706,500000
3275,7756706,500000
3276,7756706,500000
3277,7756706,500000
3278,7756706,500000
3279,7756706,500000
3280,7756706,500000
3281,7756706,500000
3282,7756706,500000
3283,7756706,500000
3284,7756706,500000
3285,7756706,500000
3286,7756706,500000
3287,7756706,500000
3288,7756706,500000
3289,7756706,500000
3290,7756706,500000
3291,7756706,500000
3292,7756706,500000
3293,7756706,500000
3294,7756706,500000
3295,7756706,500000
3296,7756706,500000
3297,7756706,500000
3298,7756706,500000
3299,7756706,500000
3300,7756706,500000
3301,7756706,500000
3302,7756706,500000
3303,7756706,500000
3304,7756706,500000
3305,7756706,500000
3306,7756706,500000
3307,7756706,500000
3308,106787472,9130
3309,7756706,500000
3310,7756706,500000
3311,7756706,500000
3312,7756706,500000
3313,7756706,500000
3314,7756706,500000
3315,7756706,500000
3316,7756706,500000
3317,7756706,500000
3318,7756706,500000
3319,7756706,500000
3320,7756706,500000
3321,7756706,500000
3322,7756706,500000
3323,7756706,500000
3324,7756706,500000
3325,7756706,500000
3326,7756706,500000
3327,7756706,500000
3328,7756706,500000
3329,7756706,500000
3330,7756706,500000
3331,7756706,500000
3332,7756706,500000
3333,7756706,500000
3334,7756706,500000
3335,7756706,500000
3336,7756706,500000
3337,7756706,500000
3338,7756706,500000
3339,7756706,500000
3340,7756706,500000
3341,7756706,500000
3342,7756706,500000
3343,7756706,500000
3344,7756706,500000
3345,7756706,500000
3346,7756706,500000
3347,7756706,500000
3348,7756706,500000
3349,7756706,500000
3350,7756706,500000
3351,7756706,500000
3352,7756706,500000
3353,7756706,500000
3354,7756706,500000
3355,7756706,500000
3356,7756706,500000
3357,7756706,500000
3358,7756706,500000
3359,7756706,500000
3360,7756706,500000
3361,7756706,500000
3362,7756706,500000
3363,7756706,500000
3364,7756706,500000
3365,7756706,500000
3366,7756706,500000
3367,7756706,500000
3368,7756706,500000
3369,7756706,500000
3370,7756706,500000
3371,7756706,500000
3372,7756706,500000
3373,7756706,500000
3374,7756706,500000
3375,7756706,500000
3376,7756706,500000
3377,7756706,500000
3378,7756706,500000
3379,7756706,500000
3380,7756706,500000
3381,7756706,500000
3382,7756706,500000
3383,7756706,500000
3384,7756706,500000
3385,7756706,500000
3386,7756706,500000
3387,7756706,500000
3388,7756706,500000
3389,7756706,500000
3390,7756706,500000
3391,7756706,500000
3392,7756706,500000
3393,7756706,500000
3394,7756706,500000
3395,7756706,500000
3396,7756706,500000
3397,7756706,500000
3398,7756706,500000
3399,7756706,500000
3400,7756706,500000
3401,7756706,500000
3402,7756706,500000
3403,7756706,500000
3404,106787472,5830
3405,7756706,500000
3406,7756706,500000
3407,7756706,500000
3408,7756706,500000
3409,7756706,500000
3410,7756706,500000
3411,7756706,500000
3412,7756706,500000
3413,7756706,500000
3414,7756706,500000
3415,7756706,500000
3416,7756706,500000
3417,7756706,500000
3418,7756706,500000
3419,7756706,500000
3420,7756706,500000
3421,7756706,500000
3422,7756706,500000
3423,7756706,500000
3424,7756706,500000
3425,7756706,500000
3426,7756706,500000
3427,7756706,500000
3428,7756706,500000
3429,7756706,500000
3430,7756706,500000
3431,7756706,500000
3432,7756706,500000
3433,7756706,500000
3434,7756706,500000
3435,7756706,500000
3436,7756706,500000
3437,7756706,500000
3438,7756706,500000
3439,7756706,500000
3440,7756706,500000
3441,7756706,500000
3442,7756706,500000
3443,7756706,500000
3444,7756706,500000
3445,7756706,500000
3446,7756706,500000
3447,7756706,500000
3448,7756706,500000
3449,106787472,9000
3450,7756706,500000
3451,7756706,500000
3452,7756706,500000
3453,7756706,500000
3454,7756706,500000
3455,7756706,500000
3456,7756706,500000
3457,7756706,500000
3458,7756706,500000
3459,7756706,500000
3460,7756706,500000
3461,7756706,500000
3462,7756706,500000
3463,7756706,500000
3464,7756706,500000
3465,7756706,500000
3466,7756706,500000
3467,7756706,500000
3468,7756706,500000
3469,7756706,500000
3470,7756706,500000
3471,7756706,500000
3472,7756706,500000
3473,7756706,500000
3474,7756706,500000
3475,7756706,500000
3476,7756706,500000
3477,7756706,500000
3478,7756706,500000
3479,7756706,500000
3480,7756706,500000
3481,7756706,500000
3482,7756706,500000
3483,7756706,500000
3484,7756706,500000
3485,7756706,500000
3486,7756706,500000
3487,7756706,500000
3488,7756706,500000
3489,7756706,500000
3490,7756706,500000
3491,7756706,500000
3492,7756706,500000
3493,7756706,500000
3494,7756706,500000
3495,7756706,500000
3496,7756706,500000
3497,7756706,500000
3498,7756706,500000
3499,7756706,500000
3500,7756706,500000
3501,7756706,500000
3502,7756706,500000
3503,7756706,500000
3504,7756706,500000
3505,7756706,500000
3506,7756706,500000
3507,7756706,500000
3508,7756706,500000
3509,7756706,500000
3510,7756706,500000
3511,7756706,500000
3512,7756706,500000
3513,7756706,500000
3514,7756706,500000
3515,7756706,500000
3516,7756706,500000
3517,7756706,500000
3518,7756706,500000
3519,7756706,500000
3520,106787472,8410
3521,7756706,500000
3522,7756706,500000
3523,7756706,500000
3524,7756706,500000
3525,7756706,500000
3526,7756706,500000
3527,7756706,500000
3528,7756706,500000
3529,7756706,500000
3530,7756706,500000
3531,7756706,500000
3532,7756706,500000
3533,7756706,500000
3534,7756706,500000
3535,7756706,500000
3536,7756706,500000
3537,7756706,500000
3538,7756706,500000
3539,7756706,500000
3540,7756706,500000
3541,7756706,500000
3542,7756706,500000
3543,7756706,500000
3544,7756706,500000
3545,7756706,500000
3546,7756706,500000
3547,7756706,500000
3548,7756706,500000
3549,7756706,500000
3550,7756706,500000
3551,7756706,500000
3552,7756706,500000
3553,7756706,500000
3554,7756706,500000
3555,7756706,500000
3556,7756706,500000
3557,7756706,500000
3558,7756706,500000
3559,7756706,500000
3560,7756706,500000
3561,7756706,500000
3562,7756706,500000
3563,7756706,500000
3564,7756706,500000
3565,7756706,500000
3566,7756706,500000
3567,7756706,500000
3568,7756706,500000
3569,7756706,500000
3570,7756706,500000
3571,7756706,500000
3572,7756706,500000
3573,7756706,500000
3574,7756706,500000
3575,7756706,500000
3576,7756706,500000
3577,106787472,14360
3578,106787472,4790
3579,7756706,500000
3580,7756706,500000
3581,7756706,500000
3582,7756706,500000
3583,7756706,500000
3584,7756706,500000
3585,7756706,500000
3586,7756706,500000
3587,7756706,500000
3588,7756706,500000
3589,7756706,500000
3590,7756706,500000
3591,7756706,500000
3592,7756706,500000
3593,7756706,500000
3594,7756706,500000
3595,7756706,500000
3596,7756706,500000
3597,7756706,500000
3598,7756706,500000
3599,7756706,500000
3600,7756706,500000
3601,7756706,500000
3602,106787472,7830
3603,7756706,500000
3604,106787472,6090
3605,7756706,500000
3606,106787472,6820
3607,106787472,5510
3608,7756706,500000
3609,106787472,42630
3610,106787472,7100
3611,106787472,4640
3612,106787472,7680
3613,106787472,11750
3614,7756706,500000
3615,7756706,500000
3616,7756706,500000
3617,7756706,500000
3618,106787472,8990
3619,7756706,500000
3620,106787472,27570
3621,106787472,19870
3622,106787472,4500
3623,106787472,18710
3624,106787472,42340
3625,106787472,5370
3626,106787472,8270
3627,7756706,500000
3628,106787472,9570
3629,106787472,24220
3630,106787472,5530
3631,106787472,6240
3632,7756706,500000
3633,106787472,9860
3634,106787472,4500
3635,7756706,500000
3636,106787472,10440
3637,106787472,7980
3638,106787472,5220
3639,7756706,500000
3640,106787472,9150
3641,7756706,500000
3642,106787472,26830
3643,7756706,500000
3644,7756706,500000
3645,7756706,500000
3646,7756706,500000
3647,106787472,20590
3648,7756706,500000
3649,106787472,5520
3650,7756706,500000
3651,106787472,8120
3652,7756706,500000
3653,7756706,500000
3654,7756706,500000
3655,106787472,6380
3656,106787472,6380
3657,7756706,500000
3658,106787472,10300
3659,106787472,14930
3660,7756706,500000
3661,7756706,500000
3662,7756706,500000
3663,106787472,3050
3664,7756706,500000
3665,106787472,4790
3666,7756706,500000
3667,106787472,27880
3668,106787472,5650
3669,106787472,10150
3670,7756706,500000
3671,106787472,8850
3672,7756706,500000
3673,7756706,500000
3674,7756706,500000
3675,106787472,5220
3676,106787472,8120
3677,7756706,500000
3678,106787472,8410
3679,7756706,500000
3680,106787472,10000
3681,7756706,500000
3682,7756706,500000
3683,106787472,12050
3684,106787472,8410
3685,106787472,8120
3686,7756706,500000
3687,106787472,7100
3688,106787472,10440
3689,106787472,8990
3690,106787472,12470
3691,106787472,8270
3692,7756706,500000
3693,7756706,500000
3694,106787472,36390
3695,7756706,500000
3696,7756706,500000
3697,7756706,500000
3698,106787472,16090
3699,7756706,500000
3700,7756706,500000
3701,7756706,500000
3702,7756706,500000
3703,106787472,5810
3704,106787472,4790
3705,106787472,9720
3706,106787472,3050
3707,106787472,6530
3708,7756706,500000
3709,106787472,5220
3710,106787472,4820
3711,7756706,500000
3712,7756706,500000
3713,106787472,4930
3714,106787472,7540
3715,106787472,8280
3716,106787472,6960
3717,7756706,500000
3718,106787472,5800
3719,106787472,7830
3720,106787472,10150
3721,106787472,45390
3722,106787472,7400
3723,7756706,500000
3724,106787472,16090
3725,106787472,6090
3726,106787472,10150
3727,106787472,7400
3728,106787472,15950
3729,7756706,500000
3730,106787472,11170
3731,7756706,500000
3732,106787472,12470
3733,106787472,10580
3734,106787472,8120
3735,106787472,12030
3736,106787472,7540
3737,7756706,500000
3738,106787472,22770
3739,106787472,115170
3740,7756706,500000
3741,7756706,500000
3742,106787472,3770
3743,7756706,500000
3744,106787472,2900
3745,106787472,12070
3746,7756706,500000
3747,7756706,500000
3748,7756706,500000
3749,106787472,11890
3750,7756706,500000
3751,106787472,7830
3752,7756706,500000
3753,106787472,6670
3754,106787472,3910
3755,7756706,500000
3756,7756706,500000
3757,7756706,500000
3758,106787472,14640
3759,106787472,10000
3760,106787472,8700
3761,7756706,500000
3762,106787472,9720
3763,7756706,500000
3764,7756706,500000
3765,106787472,48140
3766,7756706,500000
3767,106787472,4350
3768,106787472,4640
3769,106787472,7540
3770,106787472,8270
3771,106787472,10300
3772,106787472,5220
3773,106787472,8700
3774,106787472,4640
3775,106787472,6850
3776,106787472,6960
3777,106787472,6390
3778,106787472,12620
3779,106787472,15550
3780,7756706,500000
3781,7756706,500000
3782,7756706,500000
3783,106787472,4680
3784,7756706,500000
3785,7756706,500000
3786,106787472,42490
3787,106787472,10470
3788,106787472,7540
3789,106787472,8700
3790,7756706,500000
3791,7756706,500000
3792,106787472,9860
3793,7756706,500000
3794,7756706,500000
3795,7756706,500000
3796,106787472,21890
3797,106787472,6240
3798,7756706,500000
3799,106787472,3050
3800,106787472,49310
3801,7756706,500000
3802,106787472,7400
3803,7756706,500000
3804,7756706,500000
3805,7756706,500000
3806,106787472,18270
3807,7756706,500000
3808,106787472,8570
3809,7756706,500000
3810,106787472,5950
3811,106787472,8550
3812,7756706,500000
3813,106787472,12030
3814,106787472,6960
3815,106787472,17540
3816,7756706,500000
3817,106787472,5510
3818,7756706,500000
3819,106787472,9860
3820,106787472,5080
3821,7756706,500000
3822,106787472,9570
3823,106787472,8140
3824,106787472,14640
3825,106787472,54380
3826,7756706,500000
3827,106787472,5950
3828,7756706,500000
3829,106787472,11030
3830,7756706,500000
3831,7756706,500000
3832,7756706,500000
3833,106787472,27990
3834,7756706,500000
3835,106787472,4360
3836,106787472,7540
3837,106787472,19280
3838,7756706,500000
3839,7756706,500000
3840,7756706,500000
3841,7756706,500000
3842,7756706,500000
3843,106787472,9570
3844,7756706,500000
3845,106787472,7980
3846,106787472,17690
3847,106787472,4790
3848,7756706,500000
3849,106787472,9430
3850,7756706,500000
3851,106787472,9570
3852,106787472,5650
3853,106787472,114840
3854,106787472,123400
3855,7756706,500000
3856,106787472,7690
3857,106787472,10300
3858,7756706,500000
3859,106787472,15660
3860,7756706,500000
3861,106787472,6530
3862,106787472,12330
3863,106787472,12030
3864,7756706,500000
3865,106787472,16530
3866,106787472,5650
3867,7756706,500000
3868,106787472,10300
3869,106787472,6240
3870,7756706,500000
3871,7756706,500000
3872,106787472,11020
3873,7756706,500000
3874,106787472,4930
3875,7756706,500000
3876,106787472,7980
3877,7756706,500000
3878,106787472,5510
3879,106787472,6090
3880,106787472,4930
3881,106787472,10750
3882,106787472,6120
3883,106787472,8550
3884,106787472,15950
3885,106787472,17110
3886,7756706,500000
3887,106787472,11750
3888,7756706,500000
3889,106787472,4200
3890,106787472,10580
3891,106787472,21030
3892,106787472,6260
3893,7756706,500000
3894,106787472,11890
3895,106787472,12620
3896,106787472,7680
3897,7756706,500000
3898,7756706,500000
3899,7756706,500000
3900,106787472,7680
3901,7756706,500000
3902,106787472,6670
3903,106787472,4060
3904,7756706,500000
3905,106787472,5650
3906,106787472,12330
3907,7756706,500000
3908,7756706,500000
3909,7756706,500000
3910,106787472,83090
3911,7756706,500000
3912,106787472,12770
3913,106787472,16530
3914,106787472,8010
3915,7756706,500000
3916,7756706,500000
3917,106787472,11750
3918,7756706,500000
3919,106787472,3340
3920,106787472,7680
3921,106787472,7100
3922,7756706,500000
3923,106787472,22910
3924,7756706,500000
3925,106787472,11020
3926,106787472,65850
3927,7756706,500000
3928,106787472,7280
3929,106787472,9460
3930,106787472,10020
3931,106787472,6380
3932,106787472,5950
3933,106787472,4790
3934,106787472,8410
3935,7756706,500000
3936,106787472,5370
3937,106787472,5650
3938,106787472,7540
3939,7756706,500000
3940,7756706,500000
3941,106787472,6380
3942,106787472,5220
3943,106787472,11020
3944,7756706,500000
3945,7756706,500000
3946,7756706,500000
3947,7756706,500000
3948,7756706,500000
3949,106787472,6250
3950,7756706,500000
3951,7756706,500000
3952,106787472,12330
3953,106787472,4930
3954,106787472,4790
3955,7756706,500000
3956,106787472,9430
3957,106787472,4940
3958,106787472,7830
3959,7756706,500000
3960,7756706,500000
3961,106787472,10300
3962,7756706,500000
3963,106787472,7400
3964,106787472,7540
3965,7756706,500000
3966,7756706,500000
3967,7756706,500000
3968,106787472,32800
3969,7756706,500000
3970,7756706,500000
3971,7756706,500000
3972,7756706,500000
3973,106787472,10440
3974,106787472,9430
3975,106787472,8700
3976,106787472,21610
3977,106787472,9430
3978,106787472,26680
3979,106787472,8850
3980,106787472,7680
3981,7756706,500000
3982,7756706,500000
3983,7756706,500000
3984,106787472,7550
3985,106787472,8700
3986,7756706,500000
3987,106787472,5510
3988,106787472,8990
3989,7756706,500000
3990,7756706,500000
3991,106787472,10300
3992,106787472,12060
3993,106787472,7110
3994,106787472,5080
3995,7756706,500000
3996,106787472,9130
3997,7756706,500000
3998,106787472,7400
3999,7756706,500000
4000,106787472,8700
4001,106787472,9860
4002,106787472,4790
4003,106787472,10460
4004,106787472,10730
4005,106787472,19870
4006,106787472,14640
4007,7756706,500000
4008,106787472,4640
4009,106787472,11600
4010,106787472,34080
4011,106787472,5650
4012,7756706,500000
4013,7756706,500000
4014,106787472,21460
4015,7756706,500000
4016,106787472,9430
4017,106787472,11910
4018,106787472,6240
4019,106787472,7840
4020,7756706,500000
4021,7756706,500000
4022,7756706,500000
4023,7756706,500000
4024,106787472,5510
4025,106787472,6410
4026,7756706,500000
4027,106787472,7250
4028,7756706,500000
4029,106787472,6960
4030,7756706,500000
4031,7756706,500000
4032,106787472,13780
4033,7756706,500000
4034,106787472,5370
4035,106787472,10580
4036,7756706,500000
4037,7756706,500000
4038,7756706,500000
4039,106787472,13480
4040,106787472,6400
4041,7756706,500000
4042,106787472,5220
4043,7756706,500000
4044,106787472,7830
4045,106787472,7400
4046,106787472,10300
4047,106787472,9130
4048,7756706,500000
4049,106787472,5800
4050,106787472,8410
4051,7756706,500000
4052,106787472,9430
4053,7756706,500000
4054,7756706,500000
4055,106787472,5240
4056,7756706,500000
4057,7756706,500000
4058,106787472,8850
4059,7756706,500000
4060,106787472,7250
4061,106787472,10150
4062,7756706,500000
4063,7756706,500000
4064,7756706,500000
4065,7756706,500000
4066,106787472,12620
4067,7756706,500000
4068,106787472,10300
4069,7756706,500000
4070,106787472,5370
4071,106787472,7250
4072,106787472,9720
4073,106787472,42050
4074,106787472,6380
4075,106787472,5650
4076,106787472,6670
4077,106787472,4640
4078,7756706,500000
4079,106787472,6090
4080,7756706,500000
4081,106787472,7540
4082,7756706,500000
4083,7756706,500000
4084,106787472,10150
4085,106787472,6820
4086,106787472,6380
4087,106787472,8550
4088,7756706,500000
4089,106787472,10000
4090,106787472,25380
4091,106787472,8410
4092,106787472,10170
4093,106787472,4510
4094,7756706,500000
4095,106787472,7250
4096,7756706,500000
4097,7756706,500000
4098,106787472,7250
4099,106787472,11890
4100,106787472,7100
4101,106787472,12360
4102,106787472,5220
4103,7756706,500000
4104,106787472,5090
4105,106787472,16820
4106,106787472,4930
4107,7756706,500000
4108,106787472,4300
4109,106787472,9280
4110,7756706,500000
4111,106787472,11020
4112,106787472,4640
4113,7756706,500000
4114,7756706,500000
4115,106787472,10300
4116,106787472,6530
4117,106787472,6240
4118,106787472,5650
4119,106787472,8700
4120,106787472,6240
4121,7756706,500000
4122,7756706,500000
4123,7756706,500000
4124,106787472,16820
4125,7756706,500000
4126,106787472,10150
4127,106787472,6670
4128,106787472,10000
4129,106787472,6530
4130,7756706,500000
4131,7756706,500000
4132,106787472,7540
4133,7756706,500000
4134,7756706,500000
4135,106787472,7980
4136,106787472,9860
4137,106787472,4930
4138,7756706,500000
4139,106787472,47270
4140,106787472,13340
4141,7756706,500000
4142,106787472,8000
4143,106787472,11890
4144,106787472,15380
4145,106787472,7100
4146,7756706,500000
4147,106787472,6960
4148,7756706,500000
4149,7756706,500000
4150,7756706,500000
4151,7756706,500000
4152,106787472,7680
4153,7756706,500000
4154,106787472,116000
4155,7756706,500000
4156,106787472,41910
4157,106787472,7830
4158,106787472,4930
4159,106787472,10180
4160,106787472,6530
4161,106787472,5220
4162,7756706,500000
4163,7756706,500000
4164,7756706,500000
4165,7756706,500000
4166,7756706,500000
4167,106787472,7400
4168,106787472,10000
4169,106787472,15680
4170,7756706,500000
4171,7756706,500000
4172,7756706,500000
4173,7756706,500000
4174,106787472,19300
4175,7756706,500000
4176,106787472,8420
4177,106787472,5510
4178,106787472,7830
4179,106787472,14790
4180,106787472,13780
4181,7756706,500000
4182,106787472,5950
4183,7756706,500000
4184,7756706,500000
4185,7756706,500000
4186,106787472,29580
4187,7756706,500000
4188,7756706,500000
4189,106787472,15520
4190,7756706,500000
4191,7756706,500000
4192,106787472,5990
4193,106787472,10730
4194,106787472,6530
4195,7756706,500000
4196,106787472,7400
4197,7756706,500000
4198,106787472,6530
4199,106787472,8410
4200,7756706,500000
4201,7756706,500000
4202,7756706,500000
4203,106787472,7250
4204,106787472,50310
4205,7756706,500000
4206,7756706,500000
4207,106787472,6090
4208,106787472,8700
4209,106787472,13920
4210,106787472,8850
4211,106787472,8850
4212,106787472,15950
4213,106787472,8410
4214,106787472,10310
4215,106787472,6240
4216,106787472,7540
4217,7756706,500000
4218,106787472,30450
4219,106787472,7400
4220,106787472,10000
4221,106787472,6240
4222,7756706,500000
4223,106787472,5230
4224,106787472,8850
4225,7756706,500000
4226,7756706,500000
4227,7756706,500000
4228,106787472,7540
4229,7756706,500000
4230,106787472,42920
4231,106787472,6090
4232,106787472,29730
4233,7756706,500000
4234,7756706,500000
4235,106787472,6820
4236,7756706,500000
4237,106787472,7260
4238,106787472,6530
4239,106787472,13480
4240,7756706,500000
4241,106787472,17110
4242,106787472,10580
4243,7756706,500000
4244,7756706,500000
4245,106787472,15830
4246,106787472,9860
4247,7756706,500000
4248,7756706,500000
4249,7756706,500000
4250,106787472,6090
4251,106787472,6970
4252,106787472,9130
4253,7756706,500000
4254,7756706,500000
4255,106787472,5390
4256,7756706,500000
4257,7756706,500000
4258,7756706,500000
4259,106787472,6960
4260,106787472,8990
4261,106787472,5950
4262,106787472,11020
4263,106787472,4930
4264,106787472,7250
4265,106787472,5800
4266,106787472,7830
4267,106787472,8550
4268,106787472,5650
4269,106787472,5660
4270,7756706,500000
4271,106787472,5510
4272,106787472,8410
4273,7756706,500000
4274,7756706,500000
4275,7756706,500000
4276,106787472,5950
4277,106787472,7410
4278,7756706,500000
4279,106787472,7100
4280,7756706,500000
4281,7756706,500000
4282,106787472,15960
4283,7756706,500000
4284,7756706,500000
4285,106787472,453130
4286,106787472,19720
4287,106787472,7830
4288,7756706,500000
4289,106787472,6240
4290,106787472,4930
4291,7756706,500000
4292,106787472,28560
4293,106787472,22940
4294,7756706,500000
4295,7756706,500000
4296,7756706,500000
4297,106787472,19870
4298,106787472,5220
4299,106787472,8990
4300,106787472,9130
4301,106787472,13480
4302,7756706,500000
4303,7756706,500000
4304,106787472,6530
4305,7756706,500000
4306,106787472,6530
4307,7756706,500000
4308,106787472,6530
4309,7756706,500000
4310,106787472,7680
4311,106787472,15080
4312,106787472,6670
4313,7756706,500000
4314,7756706,500000
4315,7756706,500000
4316,106787472,9300
4317,7756706,500000
4318,106787472,16090
4319,106787472,15080
4320,7756706,500000
4321,106787472,11460
4322,106787472,7720
4323,106787472,48000
4324,106787472,7400
4325,7756706,500000
4326,7756706,500000
4327,106787472,6380
4328,7756706,500000
4329,106787472,4790
4330,106787472,7680
4331,106787472,15660
4332,106787472,10580
4333,7756706,500000
4334,106787472,4790
4335,7756706,500000
4336,7756706,500000
4337,7756706,500000
4338,7756706,500000
4339,7756706,500000
4340,106787472,8280
4341,106787472,9720
4342,106787472,20170
4343,106787472,6380
4344,106787472,7980
4345,106787472,5650
4346,7756706,500000
4347,7756706,500000
4348,106787472,5090
4349,7756706,500000
4350,106787472,8610
4351,106787472,12180
4352,106787472,10000
4353,106787472,24360
4354,106787472,10910
4355,7756706,500000
4356,7756706,500000
4357,7756706,500000
4358,7756706,500000
4359,7756706,500000
4360,106787472,6090
4361,106787472,18130
4362,106787472,13340
4363,106787472,43950
4364,7756706,500000
4365,106787472,5950
4366,7756706,500000
4367,7756706,500000
4368,106787472,4060
4369,106787472,7980
4370,106787472,6470
4371,106787472,11750
4372,106787472,8700
4373,106787472,7540
4374,7756706,500000
4375,106787472,5950
4376,106787472,10730
4377,106787472,6090
4378,106787472,9860
4379,7756706,500000
4380,106787472,10150
4381,106787472,6530
4382,106787472,8850
4383,7756706,500000
4384,106787472,7540
4385,106787472,6090
4386,7756706,500000
4387,106787472,12030
4388,106787472,6530
4389,106787472,10300
4390,106787472,6670
4391,106787472,8700
4392,106787472,7540
4393,7756706,500000
4394,7756706,500000
4395,7756706,500000
4396,106787472,5220
4397,106787472,14790
4398,7756706,500000
4399,7756706,500000
4400,106787472,9150
4401,7756706,500000
4402,106787472,46400
4403,106787472,8560
4404,106787472,10730
4405,7756706,500000
4406,7756706,500000
4407,106787472,6100
4408,7756706,500000
4409,106787472,10000
4410,106787472,6240
4411,7756706,500000
4412,106787472,4930
4413,106787472,21460
4414,7756706,500000
4415,106787472,6530
4416,106787472,6090
4417,106787472,8550
4418,7756706,500000
4419,7756706,500000
4420,106787472,4350
4421,7756706,500000
4422,106787472,4930
4423,106787472,11890
4424,7756706,500000
4425,106787472,4790
4426,106787472,7830
4427,7756706,500000
4428,7756706,500000
4429,106787472,9430
4430,106787472,11020
4431,106787472,4790
4432,106787472,5370
4433,7756706,500000
4434,106787472,5220
4435,106787472,6260
4436,106787472,9720
4437,7756706,500000
4438,106787472,6670
4439,106787472,5800
4440,7756706,500000
4441,7756706,500000
4442,106787472,12030
4443,7756706,500000
4444,7756706,500000
4445,7756706,500000
4446,7756706,500000
4447,7756706,500000
4448,106787472,5510
4449,106787472,8600
4450,106787472,8120
4451,7756706,500000
4452,106787472,5370
4453,7756706,500000
4454,106787472,13340
4455,7756706,500000
4456,7756706,500000
4457,106787472,8550
4458,106787472,9860
4459,7756706,500000
4460,106787472,5220
4461,7756706,500000
4462,106787472,6530
4463,7756706,500000
4464,7756706,500000
4465,106787472,8850
4466,7756706,500000
4467,106787472,5950
4468,7756706,500000
4469,106787472,6240
4470,106787472,32190
4471,7756706,500000
4472,106787472,16380
4473,106787472,8700
4474,106787472,7680
4475,7756706,500000
4476,7756706,500000
4477,106787472,9570
4478,7756706,500000
4479,106787472,7840
4480,7756706,500000
4481,106787472,20010
4482,106787472,44810
4483,106787472,11890
4484,106787472,9280
4485,106787472,5650
4486,106787472,12130
4487,106787472,11900
4488,7756706,500000
4489,7756706,500000
4490,7756706,500000
4491,106787472,5800
4492,106787472,11750
4493,106787472,9720
4494,106787472,17830
4495,106787472,8410
4496,106787472,5650
4497,106787472,6670
4498,106787472,26400
4499,106787472,9570
4500,106787472,15230
4501,106787472,5080
4502,7756706,500000
4503,7756706,500000
4504,106787472,4350
4505,106787472,12030
4506,7756706,500000
4507,106787472,10740
4508,7756706,500000
4509,106787472,9150
4510,106787472,9000
4511,106787472,36120
4512,106787472,12760
4513,106787472,10000
4514,106787472,9430
4515,7756706,500000
4516,106787472,13500
4517,106787472,6530
4518,7756706,500000
4519,106787472,8120
4520,106787472,8850
4521,7756706,500000
4522,106787472,4790
4523,106787472,4930
4524,7756706,500000
4525,7756706,500000
4526,7756706,500000
4527,7756706,500000
4528,106787472,13920
4529,106787472,11310
4530,7756706,500000
4531,106787472,5220
4532,7756706,500000
4533,106787472,7830
4534,106787472,15080
4535,7756706,500000
4536,7756706,500000
4537,106787472,10580
4538,106787472,6390
4539,7756706,500000
4540,7756706,500000
4541,106787472,7540
4542,7756706,500000
4543,7756706,500000
4544,106787472,18130
4545,106787472,5950
4546,7756706,500000
4547,7756706,500000
4548,106787472,9590
4549,106787472,4930
4550,106787472,22910
4551,7756706,500000
4552,106787472,9470
4553,106787472,6820
4554,7756706,500000
4555,7756706,500000
4556,106787472,9430
4557,7756706,500000
4558,7756706,500000
4559,7756706,500000
4560,106787472,16380
4561,106787472,8990
4562,106787472,15660
4563,7756706,500000
4564,106787472,11310
4565,106787472,41180
4566,106787472,8130
4567,106787472,4790
4568,7756706,500000
4569,7756706,500000
4570,106787472,10580
4571,106787472,6960
4572,106787472,12330
4573,7756706,500000
4574,7756706,500000
4575,7756706,500000
4576,7756706,500000
4577,7756706,500000
4578,106787472,5810
4579,7756706,500000
4580,106787472,4500
4581,106787472,8270
4582,7756706,500000
4583,7756706,500000
4584,106787472,20160
4585,106787472,12620
4586,7756706,500000
4587,106787472,6680
4588,7756706,500000
4589,106787472,8990
4590,7756706,500000
4591,7756706,500000
4592,106787472,7540
4593,7756706,500000
4594,7756706,500000
4595,7756706,500000
4596,7756706,500000
4597,106787472,8850
4598,106787472,7100
4599,106787472,8270
4600,106787472,5800
4601,106787472,8120
4602,106787472,7680
4603,106787472,5370
4604,7756706,500000
4605,7756706,500000
4606,7756706,500000
4607,106787472,10150
4608,7756706,500000
4609,106787472,8560
4610,7756706,500000
4611,7756706,500000
4612,106787472,12470
4613,106787472,11460
4614,7756706,500000
4615,7756706,500000
4616,106787472,8850
4617,106787472,15230
4618,106787472,14500
4619,106787472,4640
4620,106787472,9130
4621,7756706,500000
4622,106787472,4930
4623,106787472,8550
4624,7756706,500000
4625,106787472,8850
4626,106787472,8430
4627,106787472,12330
4628,106787472,5650
4629,106787472,11020
4630,7756706,500000
4631,106787472,18710
4632,7756706,500000
4633,7756706,500000
4634,106787472,16530
4635,106787472,12620
4636,106787472,5950
4637,106787472,7540
4638,7756706,500000
4639,106787472,5370
4640,106787472,4790
4641,7756706,500000
4642,7756706,500000
4643,106787472,6260
4644,106787472,8270
4645,106787472,8700
4646,106787472,8120
4647,7756706,500000
4648,7756706,500000
4649,106787472,8410
4650,7756706,500000
4651,7756706,500000
4652,7756706,500000
4653,106787472,8270
4654,106787472,9630
4655,7756706,500000
4656,106787472,6670
4657,106787472,17110
4658,7756706,500000
4659,7756706,500000
4660,106787472,7250
4661,106787472,7100
4662,106787472,7400
4663,7756706,500000
4664,7756706,500000
4665,106787472,6820
4666,7756706,500000
4667,7756706,500000
4668,106787472,6970
4669,106787472,5800
4670,106787472,13480
4671,106787472,7250
4672,106787472,8850
4673,7756706,500000
4674,106787472,23060
4675,7756706,500000
4676,7756706,500000
4677,106787472,7540
4678,7756706,500000
4679,7756706,500000
4680,7756706,500000
4681,106787472,5510
4682,7756706,500000
4683,7756706,500000
4684,106787472,4500
4685,7756706,500000
4686,106787472,15950
4687,106787472,5510
4688,7756706,500000
4689,7756706,500000
4690,106787472,5950
4691,7756706,500000
4692,106787472,6240
4693,106787472,8700
4694,7756706,500000
4695,7756706,500000
4696,7756706,500000
4697,7756706,500000
4698,106787472,5510
4699,7756706,500000
4700,7756706,500000
4701,106787472,15370
4702,106787472,7400
4703,106787472,15520
4704,7756706,500000
4705,106787472,6680
4706,106787472,29580
4707,7756706,500000
4708,106787472,4200
4709,7756706,500000
4710,106787472,9860
4711,7756706,500000
4712,7756706,500000
4713,7756706,500000
4714,106787472,6380
4715,106787472,13630
4716,7756706,500000
4717,106787472,7980
4718,106787472,116430
4719,106787472,10480
4720,106787472,16530
4721,106787472,8120
4722,106787472,5800
4723,7756706,500000
4724,106787472,10880
4725,106787472,8550
4726,7756706,500000
4727,7756706,500000
4728,7756706,500000
4729,106787472,6380
4730,106787472,8410
4731,106787472,7850
4732,106787472,7400
4733,106787472,7300
4734,106787472,12180
4735,7756706,500000
4736,106787472,7990
4737,106787472,9860
4738,7756706,500000
4739,106787472,11600
4740,7756706,500000
4741,106787472,10150
4742,7756706,500000
4743,7756706,500000
4744,7756706,500000
4745,106787472,7730
4746,106787472,15520
4747,106787472,8710
4748,106787472,8700
4749,106787472,21460
4750,106787472,4500
4751,106787472,33350
4752,106787472,7830
4753,7756706,500000
4754,106787472,6530
4755,7756706,500000
4756,106787472,4500
4757,7756706,500000
4758,106787472,6960
4759,106787472,6100
4760,106787472,10000
4761,106787472,28290
4762,106787472,31480
4763,106787472,6240
4764,7756706,500000
4765,7756706,500000
4766,106787472,14070
4767,7756706,500000
4768,7756706,500000
4769,106787472,49880
4770,106787472,9570
4771,106787472,7830
4772,7756706,500000
4773,7756706,500000
4774,7756706,500000
4775,106787472,8850
4776,7756706,500000
4777,106787472,6090
4778,106787472,6390
4779,106787472,5220
4780,106787472,9130
4781,7756706,500000
4782,7756706,500000
4783,7756706,500000
4784,7756706,500000
4785,106787472,4930
4786,7756706,500000
4787,7756706,500000
4788,106787472,9720
4789,106787472,4790
4790,106787472,8700
4791,7756706,500000
4792,7756706,500000
4793,106787472,6820
4794,106787472,4940
4795,7756706,500000
4796,106787472,29870
4797,7756706,500000
4798,106787472,43940
4799,7756706,500000
4800,7756706,500000
4801,7756706,500000
4802,106787472,5370
4803,106787472,10460
4804,7756706,500000
4805,106787472,8550
4806,106787472,83380
4807,7756706,500000
4808,106787472,7980
4809,7756706,500000
4810,7756706,500000
4811,7756706,500000
4812,7756706,500000
4813,7756706,500000
4814,106787472,5800
4815,7756706,500000
4816,106787472,9570
4817,7756706,500000
4818,7756706,500000
4819,106787472,29290
4820,106787472,20910
4821,106787472,8850
4822,106787472,5220
4823,7756706,500000
4824,106787472,11030
4825,7756706,500000
4826,106787472,9280
4827,106787472,7250
4828,106787472,5800
4829,7756706,500000
4830,106787472,11750
4831,106787472,14210
4832,7756706,500000
4833,7756706,500000
4834,106787472,5950
4835,7756706,500000
4836,106787472,6530
4837,7756706,500000
4838,106787472,11460
4839,106787472,7540
4840,106787472,8120
4841,106787472,5370
4842,106787472,8460
4843,7756706,500000
4844,7756706,500000
4845,106787472,16240
4846,7756706,500000
4847,7756706,500000
4848,7756706,500000
4849,106787472,17980
4850,106787472,4060
4851,106787472,10300
4852,106787472,7690
4853,7756706,500000
4854,106787472,29290
4855,7756706,500000
4856,106787472,11750
4857,7756706,500000
4858,106787472,26830
4859,7756706,500000
4860,7756706,500000
4861,106787472,5950
4862,106787472,7100
4863,7756706,500000
4864,106787472,6670
4865,7756706,500000
4866,7756706,500000
4867,7756706,500000
4868,7756706,500000
4869,7756706,500000
4870,106787472,12470
4871,7756706,500000
4872,7756706,500000
4873,106787472,45530
4874,106787472,9130
4875,7756706,500000
4876,7756706,500000
4877,106787472,6380
4878,106787472,9280
4879,7756706,500000
4880,106787472,8000
4881,106787472,7400
4882,7756706,500000
4883,106787472,6820
4884,106787472,5650
4885,106787472,25380
4886,106787472,47130
4887,7756706,500000
4888,106787472,6710
4889,106787472,12180
4890,106787472,7680
4891,106787472,15370
4892,7756706,500000
4893,7756706,500000
4894,7756706,500000
4895,7756706,500000
4896,106787472,7980
4897,106787472,6550
4898,7756706,500000
4899,7756706,500000
4900,7756706,500000
4901,106787472,8550
4902,106787472,7400
4903,106787472,8550
4904,106787472,10000
4905,106787472,19580
4906,7756706,500000
4907,7756706,500000
4908,7756706,500000
4909,106787472,47850
4910,106787472,10300
4911,7756706,500000
4912,106787472,19870
4913,106787472,6820
4914,106787472,9570
4915,106787472,19870
4916,7756706,500000
4917,106787472,10880
4918,7756706,500000
4919,7756706,500000
4920,7756706,500000
4921,106787472,9860
4922,7756706,500000
4923,106787472,40160
4924,106787472,7540
4925,106787472,10730
4926,7756706,500000
4927,7756706,500000
4928,7756706,500000
4929,106787472,6960
4930,106787472,5370
4931,7756706,500000
4932,7756706,500000
4933,7756706,500000
4934,7756706,500000
4935,7756706,500000
4936,106787472,9720
4937,7756706,500000
4938,106787472,8120
4939,106787472,13780
4940,106787472,11460
4941,106787472,7400
4942,7756706,500000
4943,106787472,6960
4944,7756706,500000
4945,7756706,500000
4946,106787472,6240
4947,7756706,500000
4948,106787472,6830
4949,7756706,500000
4950,106787472,10880
4951,7756706,500000
4952,7756706,500000
4953,7756706,500000
4954,106787472,7540
4955,106787472,23060
4956,7756706,500000
4957,106787472,5400
4958,7756706,500000
4959,7756706,500000
4960,7756706,500000
4961,106787472,7980
4962,7756706,500000
4963,7756706,500000
4964,7756706,500000
4965,7756706,500000
4966,106787472,7400
4967,106787472,4930
4968,106787472,16820
4969,7756706,500000
4970,7756706,500000
4971,106787472,13050
4972,7756706,500000
4973,106787472,8550
4974,106787472,23200
4975,7756706,500000
4976,7756706,500000
4977,7756706,500000
4978,7756706,500000
4979,106787472,12330
4980,106787472,7100
4981,106787472,9280
4982,7756706,500000
4983,7756706,500000
4984,7756706,500000
4985,7756706,500000
4986,106787472,15520
4987,106787472,8270
4988,7756706,500000
4989,7756706,500000
4990,106787472,14930
4991,106787472,43060
4992,7756706,500000
4993,106787472,4500
4994,106787472,7680
4995,106787472,5510
4996,7756706,500000
4997,106787472,7680
4998,7756706,500000
4999,7756706,500000
5000,106787472,2610
5001,106787472,114260
5002,106787472,27410
5003,7756706,500000
5004,7756706,500000
5005,7756706,500000
5006,106787472,6670
5007,7756706,500000
5008,106787472,14640
5009,106787472,7830
5010,106787472,6240
5011,106787472,6960
5012,106787472,8130
5013,7756706,500000
5014,106787472,11480
5015,106787472,8120
5016,106787472,20440
5017,106787472,7680
5018,7756706,500000
5019,106787472,18850
5020,7756706,500000
5021,106787472,8120
5022,7756706,500000
5023,106787472,9130
5024,7756706,500000
5025,106787472,8270
5026,7756706,500000
5027,106787472,11030
5028,7756706,500000
5029,106787472,6680
5030,106787472,8850
5031,7756706,500000
5032,7756706,500000
5033,106787472,8850
5034,106787472,7540
5035,106787472,6670
5036,106787472,6380
5037,106787472,12030
5038,106787472,18130
5039,7756706,500000
5040,106787472,6530
5041,106787472,8120
5042,106787472,6970
5043,106787472,17540
5044,7756706,500000
5045,106787472,5370
5046,7756706,500000
5047,7756706,500000
5048,106787472,11890
5049,106787472,6680
5050,106787472,10730
5051,106787472,43210
5052,106787472,17980
5053,106787472,4350
5054,7756706,500000
5055,106787472,5510
5056,106787472,6240
5057,7756706,500000
5058,7756706,500000
5059,7756706,500000
5060,106787472,7540
5061,106787472,5670
5062,106787472,8700
5063,7756706,500000
5064,106787472,78470
5065,7756706,500000
5066,7756706,500000
5067,7756706,500000
5068,106787472,7840
5069,106787472,7400
5070,106787472,23930
5071,106787472,4640
5072,7756706,500000
5073,7756706,500000
5074,106787472,6530
5075,7756706,500000
5076,106787472,6670
5077,7756706,500000
5078,106787472,5800
5079,106787472,8410
5080,106787472,5950
5081,7756706,500000
5082,106787472,5080
5083,7756706,500000
5084,106787472,16530
5085,106787472,10580
5086,7756706,500000
5087,106787472,9280
5088,7756706,500000
5089,7756706,500000
5090,7756706,500000
5091,106787472,10730
5092,106787472,3910
5093,106787472,3910
5094,7756706,500000
5095,106787472,34550
5096,7756706,500000
5097,106787472,111940
5098,7756706,500000
5099,106787472,21610
5100,7756706,500000
5101,7756706,500000
5102,106787472,40180
5103,106787472,5370
5104,7756706,500000
5105,7756706,500000
5106,7756706,500000
5107,106787472,7720
5108,7756706,500000
5109,7756706,500000
5110,106787472,4500
5111,106787472,5950
5112,7756706,500000
5113,7756706,500000
5114,7756706,500000
5115,106787472,14500
5116,106787472,10300
5117,106787472,4930
5118,7756706,500000
5119,106787472,9130
5120,7756706,500000
5121,106787472,7980
5122,106787472,4500
5123,7756706,500000
5124,7756706,500000
5125,106787472,5510
5126,106787472,12470
5127,106787472,29290
5128,7756706,500000
5129,106787472,10890
5130,106787472,17690
5131,7756706,500000
5132,106787472,13340
5133,7756706,500000
5134,106787472,14930
5135,106787472,8990
5136,106787472,8410
5137,7756706,500000
5138,106787472,8270
5139,106787472,30890
5140,7756706,500000
5141,7756706,500000
5142,106787472,8560
5143,7756706,500000
5144,7756706,500000
5145,106787472,7720
5146,106787472,7100
5147,7756706,500000
5148,7756706,500000
5149,7756706,500000
5150,106787472,14500
5151,106787472,10300
5152,106787472,6820
5153,106787472,44080
5154,106787472,4640
5155,106787472,9860
5156,106787472,7980
5157,7756706,500000
5158,7756706,500000
5159,106787472,15950
5160,106787472,5510
5161,7756706,500000
5162,7756706,500000
5163,7756706,500000
5164,106787472,9130
5165,106787472,6880
5166,106787472,8120
5167,106787472,7830
5168,106787472,17830
5169,106787472,4350
5170,106787472,8410
5171,7756706,500000
5172,7756706,500000
5173,106787472,8850
5174,7756706,500000
5175,7756706,500000
5176,106787472,8700
5177,7756706,500000
5178,106787472,7180
5179,106787472,8410
5180,106787472,6670
5181,106787472,57420
5182,106787472,14640
5183,7756706,500000
5184,7756706,500000
5185,7756706,500000
5186,106787472,5950
5187,7756706,500000
5188,106787472,8140
5189,7756706,500000
5190,106787472,9130
5191,106787472,9860
5192,106787472,7540
5193,106787472,6820
5194,106787472,7100
5195,7756706,500000
5196,7756706,500000
5197,7756706,500000
5198,106787472,6960
5199,106787472,6400
5200,106787472,7280
5201,106787472,11790
5202,7756706,500000
5203,106787472,5370
5204,7756706,500000
5205,7756706,500000
5206,106787472,6240
5207,7756706,500000
5208,7756706,500000
5209,106787472,16680
5210,7756706,500000
5211,106787472,17110
5212,7756706,500000
5213,106787472,18710
5214,106787472,10920
5215,106787472,7860
5216,7756706,500000
5217,7756706,500000
5218,106787472,20440
5219,106787472,13050
5220,106787472,8270
5221,106787472,7550
5222,7756706,500000
5223,106787472,19580
5224,7756706,500000
5225,7756706,500000
5226,7756706,500000
5227,7756706,500000
5228,106787472,10580
5229,106787472,11750
5230,106787472,6820
5231,7756706,500000
5232,7756706,500000
5233,106787472,11890
5234,106787472,7980
5235,106787472,5800
5236,106787472,8700
5237,106787472,4940
5238,7756706,500000
5239,7756706,500000
5240,106787472,10730
5241,106787472,7570
5242,7756706,500000
5243,106787472,5950
5244,7756706,500000
5245,7756706,500000
5246,106787472,11600
5247,106787472,5220
5248,106787472,4790
5249,106787472,6960
5250,106787472,5220
5251,7756706,500000
5252,106787472,11170
5253,7756706,500000
5254,7756706,500000
5255,7756706,500000
5256,7756706,500000
5257,7756706,500000
5258,7756706,500000
5259,7756706,500000
5260,7756706,500000
5261,106787472,9430
5262,7756706,500000
5263,7756706,500000
5264,106787472,44660
5265,106787472,7540
5266,106787472,17540
5267,106787472,9280
5268,106787472,5230
5269,106787472,7100
5270,106787472,5250
5271,106787472,5510
5272,7756706,500000
5273,106787472,7550
5274,106787472,5950
5275,7756706,500000
5276,106787472,7540
5277,7756706,500000
5278,106787472,5510
5279,106787472,15680
5280,106787472,9130
5281,7756706,500000
5282,7756706,500000
5283,106787472,4350
5284,106787472,4930
5285,106787472,9720
5286,7756706,500000
5287,7756706,500000
5288,106787472,7100
5289,106787472,33930
5290,7756706,500000
5291,7756706,500000
5292,7756706,500000
5293,106787472,3910
5294,7756706,500000
5295,106787472,7400
5296,106787472,8300
5297,106787472,6240
5298,7756706,500000
5299,106787472,8850
5300,7756706,500000
5301,106787472,5510
5302,106787472,14210
5303,106787472,7680
5304,106787472,9590
5305,106787472,4940
5306,106787472,9280
5307,7756706,500000
5308,7756706,500000
5309,7756706,500000
5310,106787472,17980
5311,106787472,9570
5312,106787472,16680
5313,106787472,10440
5314,106787472,6090
5315,7756706,500000
5316,7756706,500000
5317,106787472,4500
5318,106787472,5810
5319,7756706,500000
5320,7756706,500000
5321,106787472,8120
5322,106787472,10580
5323,106787472,4200
5324,106787472,9130
5325,106787472,4790
5326,106787472,10580
5327,106787472,8120
5328,7756706,500000
5329,7756706,500000
5330,106787472,11750
5331,7756706,500000
5332,106787472,6380
5333,7756706,500000
5334,106787472,4930
5335,7756706,500000
5336,106787472,5220
5337,106787472,11680
5338,106787472,5650
5339,7756706,500000
5340,106787472,51620
5341,7756706,500000
5342,7756706,500000
5343,106787472,3630
5344,106787472,9180
5345,106787472,6960
5346,106787472,11170
5347,7756706,500000
5348,7756706,500000
5349,7756706,500000
5350,106787472,7680
5351,106787472,17540
5352,106787472,5370
5353,106787472,9130
5354,106787472,12470
5355,7756706,500000
5356,7756706,500000
5357,106787472,63220
5358,7756706,500000
5359,7756706,500000
5360,7756706,500000
5361,7756706,500000
5362,7756706,500000
5363,106787472,14070
5364,7756706,500000
5365,7756706,500000
5366,7756706,500000
5367,7756706,500000
5368,106787472,9430
5369,7756706,500000
5370,7756706,500000
5371,106787472,5950
5372,106787472,14500
5373,106787472,8420
5374,7756706,500000
5375,106787472,15520
5376,7756706,500000
5377,7756706,500000
5378,7756706,500000
5379,7756706,500000
5380,106787472,5080
5381,7756706,500000
5382,106787472,7400
5383,106787472,5370
5384,106787472,6090
5385,7756706,500000
5386,7756706,500000
5387,106787472,15080
5388,106787472,6240
5389,106787472,4790
5390,7756706,500000
5391,106787472,5810
5392,106787472,7100
5393,7756706,500000
5394,106787472,17400
5395,106787472,5650
5396,106787472,19040
5397,106787472,9860
5398,106787472,6530
5399,106787472,6240
5400,7756706,500000
5401,106787472,7250
5402,7756706,500000
5403,106787472,8120
5404,106787472,18420
5405,106787472,4930
5406,106787472,9860
5407,106787472,5890
5408,7756706,500000
5409,106787472,8120
5410,106787472,43360
5411,106787472,8850
5412,106787472,42060
5413,7756706,500000
5414,106787472,8700
5415,106787472,8710
5416,7756706,500000
5417,106787472,18850
5418,106787472,12030
5419,7756706,500000
5420,106787472,6530
5421,7756706,500000
5422,106787472,6530
5423,106787472,20300
5424,7756706,500000
5425,7756706,500000
5426,106787472,7980
5427,7756706,500000
5428,106787472,6530
5429,106787472,6670
5430,106787472,4790
5431,7756706,500000
5432,106787472,8870
5433,106787472,48290
5434,106787472,8270
5435,106787472,6960
5436,106787472,7250
5437,106787472,15950
5438,7756706,500000
5439,106787472,9860
5440,7756706,500000
5441,106787472,5370
5442,106787472,6670
5443,106787472,5220
5444,106787472,5230
5445,106787472,6670
5446,106787472,14220
5447,7756706,500000
5448,106787472,7100
5449,106787472,9570
5450,106787472,6960
5451,7756706,500000
5452,7756706,500000
5453,106787472,5950
5454,106787472,5800
5455,106787472,8120
5456,106787472,10440
5457,106787472,8550
5458,106787472,7540
5459,7756706,500000
5460,7756706,500000
5461,7756706,500000
5462,7756706,500000
5463,7756706,500000
5464,106787472,14210
5465,7756706,500000
5466,7756706,500000
5467,7756706,500000
5468,7756706,500000
5469,106787472,8700
5470,106787472,9720
5471,106787472,8120
5472,106787472,6530
5473,106787472,4060
5474,106787472,28710
5475,106787472,7980
5476,7756706,500000
5477,7756706,500000
5478,106787472,46980
5479,106787472,5660
5480,106787472,5800
5481,7756706,500000
5482,7756706,500000
5483,106787472,11750
5484,7756706,500000
5485,106787472,43650
5486,106787472,6980
5487,106787472,7400
5488,7756706,500000
5489,106787472,4350
5490,106787472,19280
5491,106787472,13780
5492,7756706,500000
5493,7756706,500000
5494,7756706,500000
5495,106787472,9720
5496,106787472,5510
5497,7756706,500000
5498,7756706,500000
5499,7756706,500000
5500,106787472,4060
5501,106787472,17690
5502,106787472,22480
5503,7756706,500000
5504,7756706,500000
5505,7756706,500000
5506,106787472,10450
5507,7756706,500000
5508,7756706,500000
5509,7756706,500000
5510,106787472,7830
5511,106787472,8570
5512,7756706,500000
5513,106787472,13630
5514,106787472,7400
5515,106787472,8700
5516,7756706,500000
5517,106787472,3630
5518,7756706,500000
5519,106787472,9280
5520,106787472,9720
5521,7756706,500000
5522,7756706,500000
5523,7756706,500000
5524,106787472,10440
5525,106787472,8560
5526,7756706,500000
5527,106787472,6820
5528,7756706,500000
5529,7756706,500000
5530,106787472,10580
5531,106787472,11170
5532,106787472,7120
5533,106787472,7270
5534,106787472,5820
5535,106787472,16680
5536,106787472,8850
5537,7756706,500000
5538,7756706,500000
5539,106787472,13480
5540,106787472,17110
5541,106787472,21040
5542,106787472,6960
5543,7756706,500000
5544,106787472,12620
5545,106787472,11310
5546,7756706,500000
5547,106787472,4940
5548,106787472,5510
5549,106787472,8740
5550,7756706,500000
5551,106787472,6240
5552,106787472,6090
5553,7756706,500000
5554,7756706,500000
5555,106787472,6670
5556,7756706,500000
5557,106787472,30740
5558,106787472,5800
5559,106787472,13190
5560,106787472,10440
5561,7756706,500000
5562,106787472,8700
5563,7756706,500000
5564,106787472,19870
5565,7756706,500000
5566,106787472,6090
5567,106787472,10730
5568,7756706,500000
5569,106787472,13050
5570,106787472,6390
5571,7756706,500000
5572,106787472,6820
5573,106787472,17400
5574,106787472,8850
5575,7756706,500000
5576,7756706,500000
5577,106787472,7680
5578,106787472,6820
5579,106787472,6090
5580,7756706,500000
5581,106787472,8700
5582,7756706,500000
5583,106787472,7540
5584,7756706,500000
5585,106787472,5370
5586,7756706,500000
5587,106787472,40600
5588,106787472,15230
5589,7756706,500000
5590,106787472,10000
5591,106787472,6380
5592,106787472,8850
5593,106787472,5510
5594,7756706,500000
5595,106787472,6960
5596,106787472,9130
5597,7756706,500000
5598,106787472,11020
5599,106787472,12620
5600,106787472,7680
5601,106787472,10880
5602,106787472,13790
5603,7756706,500000
5604,7756706,500000
5605,106787472,7540
5606,7756706,500000
5607,106787472,8120
5608,106787472,7680
5609,7756706,500000
5610,7756706,500000
5611,106787472,7100
5612,106787472,9130
5613,106787472,7560
5614,106787472,6530
5615,106787472,6960
5616,106787472,6970
5617,106787472,6380
5618,106787472,8280
5619,106787472,5080
5620,7756706,500000
5621,106787472,7680
5622,7756706,500000
5623,7756706,500000
5624,7756706,500000
5625,106787472,4060
5626,106787472,7110
5627,106787472,11750
5628,106787472,10880
5629,7756706,500000
5630,7756706,500000
5631,106787472,10610
5632,7756706,500000
5633,106787472,19720
5634,106787472,8850
5635,7756706,500000
5636,106787472,5240
5637,106787472,8730
5638,7756706,500000
5639,7756706,500000
5640,7756706,500000
5641,7756706,500000
5642,106787472,5950
5643,106787472,7400
5644,106787472,7250
5645,106787472,48860
5646,7756706,500000
5647,106787472,6690
5648,106787472,10300
5649,106787472,4060
5650,106787472,5510
5651,7756706,500000
5652,106787472,34080
5653,106787472,7540
5654,106787472,7540
5655,7756706,500000
5656,7756706,500000
5657,106787472,64810
5658,7756706,500000
5659,7756706,500000
5660,106787472,19870
5661,7756706,500000
5662,7756706,500000
5663,106787472,46110
5664,106787472,5800
5665,7756706,500000
5666,106787472,25960
5667,106787472,5660
5668,106787472,21750
5669,106787472,8420
5670,106787472,8270
5671,7756706,500000
5672,7756706,500000
5673,106787472,18850
5674,7756706,500000
5675,106787472,6840
5676,7756706,500000
5677,7756706,500000
5678,106787472,15370
5679,7756706,500000
5680,106787472,8410
5681,7756706,500000
5682,106787472,5220
5683,106787472,6090
5684,106787472,5810
5685,106787472,6380
5686,106787472,19580
5687,106787472,6090
5688,7756706,500000
5689,106787472,7840
5690,7756706,500000
5691,106787472,6380
5692,106787472,15660
5693,106787472,5510
5694,7756706,500000
5695,7756706,500000
5696,106787472,7540
5697,7756706,500000
5698,106787472,9130
5699,106787472,11310
5700,7756706,500000
5701,7756706,500000
5702,106787472,6820
5703,7756706,500000
5704,106787472,10730
5705,106787472,18130
5706,106787472,5820
5707,106787472,40310
5708,7756706,500000
5709,106787472,6390
5710,106787472,5650
5711,106787472,6690
5712,106787472,5960
5713,7756706,500000
5714,106787472,17400
5715,106787472,8850
5716,106787472,114550
5717,106787472,9570
5718,7756706,500000
5719,106787472,7540
5720,106787472,6820
5721,106787472,21620
5722,7756706,500000
5723,106787472,4790
5724,106787472,5220
5725,106787472,8120
5726,106787472,6400
5727,7756706,500000
5728,106787472,7100
5729,106787472,3910
5730,106787472,114700
5731,106787472,15810
5732,7756706,500000
5733,7756706,500000
5734,106787472,14500
5735,7756706,500000
5736,7756706,500000
5737,106787472,11750
5738,106787472,4680
5739,106787472,9280
5740,7756706,500000
5741,106787472,10880
5742,106787472,7400
5743,7756706,500000
5744,106787472,12620
5745,106787472,14790
5746,106787472,5370
5747,106787472,6820
5748,106787472,9280
5749,106787472,7540
5750,7756706,500000
5751,106787472,6820
5752,7756706,500000
5753,7756706,500000
5754,106787472,4930
5755,106787472,9280
5756,7756706,500000
5757,7756706,500000
5758,7756706,500000
5759,106787472,32040
5760,106787472,110350
5761,106787472,9280
5762,106787472,8850
5763,106787472,6240
5764,106787472,11460
5765,7756706,500000
5766,106787472,4200
5767,106787472,8700
5768,106787472,9280
5769,106787472,6970
5770,106787472,8550
5771,106787472,8270
5772,106787472,119190
5773,7756706,500000
5774,7756706,500000
5775,7756706,500000
5776,106787472,6240
5777,106787472,5960
5778,106787472,6820
5779,106787472,11460
5780,106787472,6670
5781,7756706,500000
5782,106787472,15660
5783,7756706,500000
5784,7756706,500000
5785,106787472,5220
5786,106787472,8990
5787,7756706,500000
5788,7756706,500000
5789,7756706,500000
5790,106787472,5950
5791,106787472,18100
5792,106787472,5200
5793,7756706,500000
5794,106787472,8850
5795,106787472,7980
5796,7756706,500000
5797,7756706,500000
5798,106787472,6100
5799,106787472,22040
5800,106787472,10760
5801,106787472,16240
5802,7756706,500000
5803,7756706,500000
5804,106787472,6970
5805,7756706,500000
5806,7756706,500000
5807,7756706,500000
5808,106787472,8270
5809,106787472,6090
5810,7756706,500000
5811,106787472,6240
5812,106787472,13920
5813,106787472,19290
5814,106787472,4500
5815,7756706,500000
5816,106787472,14210
5817,106787472,11890
5818,106787472,6380
5819,106787472,40900
5820,7756706,500000
5821,7756706,500000
5822,106787472,5950
5823,106787472,7980
5824,106787472,6670
5825,106787472,5800
5826,7756706,500000
5827,106787472,5800
5828,7756706,500000
5829,106787472,27840
5830,7756706,500000
5831,106787472,9280
5832,7756706,500000
5833,7756706,500000
5834,106787472,13190
5835,7756706,500000
5836,106787472,17400
5837,106787472,11890
5838,7756706,500000
5839,106787472,18850
5840,106787472,9860
5841,106787472,10160
5842,106787472,17830
5843,106787472,8550
5844,7756706,500000
5845,106787472,4500
5846,106787472,11600
5847,106787472,50170
5848,106787472,4940
5849,106787472,4930
5850,106787472,7250
5851,7756706,500000
5852,106787472,10600
5853,106787472,9860
5854,106787472,7680
5855,7756706,500000
5856,106787472,22190
5857,7756706,500000
5858,106787472,6670
5859,7756706,500000
5860,106787472,11170
5861,7756706,500000
5862,7756706,500000
5863,106787472,5650
5864,7756706,500000
5865,106787472,8270
5866,7756706,500000
5867,7756706,500000
5868,106787472,7540
5869,106787472,11170
5870,7756706,500000
5871,7756706,500000
5872,106787472,5380
5873,106787472,14360
5874,106787472,10580
5875,7756706,500000
5876,106787472,7400
5877,7756706,500000
5878,106787472,5950
5879,106787472,8850
5880,106787472,7540
5881,106787472,21030
5882,106787472,8270
5883,7756706,500000
5884,7756706,500000
5885,106787472,6680
5886,7756706,500000
5887,7756706,500000
5888,106787472,8410
5889,106787472,10730
5890,7756706,500000
5891,106787472,4790
5892,106787472,6380
5893,106787472,5370
5894,106787472,6090
5895,106787472,17120
5896,106787472,8120
5897,106787472,4790
5898,7756706,500000
5899,106787472,7250
5900,106787472,3630
5901,106787472,9430
5902,106787472,10730
5903,106787472,8120
5904,7756706,500000
5905,7756706,500000
5906,106787472,6110
5907,106787472,6960
5908,7756706,500000
5909,106787472,5800
5910,106787472,20740
5911,7756706,500000
5912,106787472,6670
5913,106787472,9870
5914,7756706,500000
5915,106787472,5370
5916,7756706,500000
5917,7756706,500000
5918,106787472,6960
5919,7756706,500000
5920,7756706,500000
5921,106787472,6090
5922,7756706,500000
5923,7756706,500000
5924,106787472,11750
5925,106787472,6240
5926,106787472,5220
5927,106787472,16240
5928,106787472,7680
5929,106787472,11170
5930,7756706,500000
5931,7756706,500000
5932,7756706,500000
5933,7756706,500000
5934,106787472,81350
5935,106787472,13340
5936,106787472,11750
5937,106787472,113120
5938,7756706,500000
5939,106787472,12180
5940,106787472,152680
5941,106787472,6700
5942,106787472,5370
5943,106787472,45680
5944,106787472,5510
5945,106787472,7100
5946,106787472,9570
5947,106787472,6530
5948,7756706,500000
5949,7756706,500000
5950,7756706,500000
5951,106787472,15810
5952,7756706,500000
5953,106787472,7100
5954,106787472,18420
5955,106787472,12760
5956,106787472,4790
5957,106787472,8850
5958,106787472,4500
5959,106787472,7680
5960,7756706,500000
5961,7756706,500000
5962,106787472,8270
5963,7756706,500000
5964,106787472,4990
5965,106787472,8850
5966,106787472,7830
5967,106787472,5510
5968,7756706,500000
5969,7756706,500000
5970,106787472,18990
5971,106787472,5800
5972,7756706,500000
5973,7756706,500000
5974,7756706,500000
5975,7756706,500000
5976,7756706,500000
5977,106787472,8550
5978,106787472,25380
5979,7756706,500000
5980,106787472,9870
5981,7756706,500000
5982,7756706,500000
5983,7756706,500000
5984,7756706,500000
5985,106787472,42050
5986,7756706,500000
5987,7756706,500000
5988,106787472,9720
5989,106787472,5240
5990,106787472,8000
5991,106787472,21460
5992,106787472,6240
5993,106787472,7410
5994,106787472,14500
5995,106787472,9000
5996,7756706,500000
5997,106787472,9740
5998,106787472,17690
5999,7756706,500000
6000,106787472,4930
6001,106787472,21610
6002,106787472,29870
6003,7756706,500000
6004,106787472,8030
6005,106787472,4790
6006,106787472,7680
6007,106787472,7830
6008,7756706,500000
6009,106787472,6960
6010,106787472,7540
6011,106787472,4520
6012,106787472,15810
6013,7756706,500000
6014,106787472,10150
6015,106787472,9130
6016,106787472,8120
6017,106787472,7100
6018,7756706,500000
6019,7756706,500000
6020,7756706,500000
6021,106787472,7680
6022,106787472,6380
6023,7756706,500000
6024,106787472,10000
6025,106787472,21170
6026,106787472,6820
6027,7756706,500000
6028,7756706,500000
6029,106787472,40170
6030,106787472,6960
6031,106787472,6090
6032,106787472,6960
6033,7756706,500000
6034,106787472,8550
6035,7756706,500000
6036,7756706,500000
6037,7756706,500000
6038,106787472,8850
6039,106787472,16690
6040,106787472,5800
6041,106787472,8270
6042,7756706,500000
6043,106787472,27560
6044,106787472,6960
6045,106787472,7830
6046,7756706,500000
6047,106787472,6670
6048,7756706,500000
6049,106787472,33210
6050,106787472,5650
6051,106787472,96720
6052,106787472,6380
6053,106787472,5510
6054,7756706,500000
6055,7756706,500000
6056,106787472,27110
6057,106787472,4930
6058,106787472,5370
6059,106787472,21030
6060,7756706,500000
6061,106787472,8700
6062,7756706,500000
6063,106787472,7400
6064,106787472,15660
6065,7756706,500000
6066,7756706,500000
6067,106787472,8550
6068,106787472,6670
6069,106787472,8550
6070,7756706,500000
6071,106787472,48580
6072,106787472,14830
6073,106787472,13050
6074,106787472,8410
6075,7756706,500000
6076,106787472,7250
6077,106787472,8120
6078,106787472,17980
6079,106787472,8860
6080,7756706,500000
6081,106787472,7100
6082,106787472,15080
6083,106787472,13920
6084,106787472,7400
6085,7756706,500000
6086,7756706,500000
6087,106787472,7120
6088,106787472,9720
6089,106787472,7540
6090,106787472,28280
6091,7756706,500000
6092,106787472,8990
6093,106787472,15950
6094,106787472,10580
6095,106787472,5650
6096,106787472,5860
6097,7756706,500000
6098,7756706,500000
6099,106787472,5800
6100,106787472,9720
6101,106787472,50610
6102,7756706,500000
6103,7756706,500000
6104,106787472,6090
6105,106787472,5950
6106,106787472,16970
6107,106787472,16680
6108,106787472,6670
6109,7756706,500000
6110,7756706,500000
6111,106787472,8120
6112,7756706,500000
6113,7756706,500000
6114,106787472,6820
6115,106787472,11600
6116,106787472,7540
6117,7756706,500000
6118,106787472,5370
6119,7756706,500000
6120,7756706,500000
6121,106787472,7540
6122,7756706,500000
6123,106787472,5660
6124,106787472,6240
6125,7756706,500000
6126,106787472,9000
6127,7756706,500000
6128,106787472,10180
6129,106787472,4640
6130,106787472,8120
6131,106787472,4790
6132,106787472,7980
6133,7756706,500000
6134,106787472,25810
6135,106787472,7980
6136,7756706,500000
6137,7756706,500000
6138,106787472,4790
6139,7756706,500000
6140,7756706,500000
6141,7756706,500000
6142,7756706,500000
6143,106787472,7680
6144,106787472,8120
6145,106787472,4930
6146,106787472,7540
6147,106787472,7980
6148,106787472,6820
6149,7756706,500000
6150,106787472,6380
6151,7756706,500000
6152,106787472,8120
6153,106787472,5960
6154,7756706,500000
6155,7756706,500000
6156,106787472,8270
6157,106787472,5530
6158,7756706,500000
6159,7756706,500000
6160,106787472,6970
6161,7756706,500000
6162,106787472,42050
6163,106787472,9590
6164,106787472,7250
6165,106787472,15950
6166,7756706,500000
6167,106787472,8120
6168,106787472,5510
6169,106787472,5080
6170,7756706,500000
6171,7756706,500000
6172,106787472,15820
6173,106787472,23930
6174,7756706,500000
6175,106787472,5370
6176,7756706,500000
6177,106787472,5370
6178,7756706,500000
6179,106787472,7400
6180,106787472,5370
6181,7756706,500000
6182,7756706,500000
6183,106787472,8550
6184,7756706,500000
6185,106787472,8990
6186,106787472,5510
6187,7756706,500000
6188,106787472,9130
6189,7756706,500000
6190,106787472,7540
6191,7756706,500000
6192,106787472,12030
6193,7756706,500000
6194,7756706,500000
6195,106787472,7980
6196,106787472,14210
6197,7756706,500000
6198,106787472,8270
6199,106787472,8270
6200,106787472,19580
6201,106787472,5650
6202,106787472,9280
6203,7756706,500000
6204,7756706,500000
6205,106787472,5800
6206,106787472,9720
6207,7756706,500000
6208,106787472,5650
6209,106787472,6380
6210,106787472,17690
6211,106787472,8120
6212,106787472,10030
6213,106787472,5540
6214,7756706,500000
6215,106787472,5510
6216,106787472,6820
6217,106787472,5080
6218,106787472,10170
6219,7756706,500000
6220,7756706,500000
6221,106787472,52930
6222,7756706,500000
6223,106787472,49450
6224,7756706,500000
6225,7756706,500000
6226,7756706,500000
6227,106787472,7100
6228,7756706,500000
6229,7756706,500000
6230,106787472,6540
6231,106787472,16380
6232,7756706,500000
6233,7756706,500000
6234,106787472,9430
6235,106787472,7100
6236,106787472,11600
6237,7756706,500000
6238,106787472,9880
6239,106787472,6240
6240,106787472,20300
6241,7756706,500000
6242,106787472,8550
6243,106787472,5080
6244,106787472,15410
6245,7756706,500000
6246,106787472,6240
6247,106787472,4790
6248,106787472,4070
6249,7756706,500000
6250,7756706,500000
6251,106787472,7850
6252,7756706,500000
6253,106787472,8270
6254,106787472,38280
6255,7756706,500000
6256,106787472,8000
6257,7756706,500000
6258,7756706,500000
6259,106787472,7260
6260,106787472,4350
6261,7756706,500000
6262,106787472,11320
6263,106787472,8550
6264,106787472,7400
6265,7756706,500000
6266,106787472,49300
6267,106787472,6820
6268,106787472,10000
6269,106787472,5650
6270,106787472,8990
6271,7756706,500000
6272,106787472,10460
6273,7756706,500000
6274,7756706,500000
6275,106787472,5080
6276,7756706,500000
6277,7756706,500000
6278,106787472,21750
6279,106787472,7680
6280,106787472,5950
6281,7756706,500000
6282,106787472,11310
6283,106787472,16850
6284,106787472,6530
6285,106787472,6090
6286,106787472,21600
6287,106787472,17830
6288,106787472,7400
6289,7756706,500000
6290,7756706,500000
6291,7756706,500000
6292,7756706,500000
6293,106787472,10580
6294,106787472,6090
6295,106787472,14640
6296,7756706,500000
6297,106787472,9430
6298,106787472,35240
6299,7756706,500000
6300,7756706,500000
6301,106787472,10470
6302,106787472,5950
6303,106787472,15820
6304,106787472,13050
6305,106787472,6670
6306,106787472,8850
6307,106787472,3480
6308,7756706,500000
6309,106787472,6380
6310,106787472,9860
6311,7756706,500000
6312,106787472,5950
6313,7756706,500000
6314,106787472,7410
6315,106787472,7100
6316,106787472,125130
6317,106787472,11020
6318,7756706,500000
6319,7756706,500000
6320,7756706,500000
6321,106787472,7250
6322,106787472,6540
6323,7756706,500000
6324,7756706,500000
6325,7756706,500000
6326,7756706,500000
6327,7756706,500000
6328,7756706,500000
6329,106787472,6960
6330,106787472,9570
6331,106787472,10150
6332,7756706,500000
6333,106787472,12330
6334,106787472,7980
6335,7756706,500000
6336,7756706,500000
6337,7756706,500000
6338,106787472,8850
6339,7756706,500000
6340,7756706,500000
6341,106787472,12200
6342,106787472,42920
6343,106787472,5510
6344,106787472,6620
6345,106787472,8700
6346,106787472,13340
6347,106787472,5080
6348,106787472,9130
6349,7756706,500000
6350,7756706,500000
6351,106787472,5370
6352,106787472,7550
6353,106787472,116000
6354,7756706,500000
6355,7756706,500000
6356,7756706,500000
6357,106787472,5220
6358,7756706,500000
6359,106787472,5220
6360,106787472,10600
6361,7756706,500000
6362,106787472,7250
6363,106787472,11050
6364,106787472,6130
6365,106787472,5510
6366,7756706,500000
6367,106787472,7540
6368,7756706,500000
6369,106787472,10150
6370,106787472,42340
6371,106787472,6390
6372,7756706,500000
6373,7756706,500000
6374,106787472,17260
6375,106787472,6960
6376,106787472,10460
6377,7756706,500000
6378,106787472,6380
6379,106787472,6960
6380,106787472,9430
6381,106787472,39730
6382,106787472,11020
6383,106787472,6670
6384,7756706,500000
6385,7756706,500000
6386,7756706,500000
6387,7756706,500000
6388,7756706,500000
6389,106787472,5220
6390,7756706,500000
6391,106787472,8700
6392,7756706,500000
6393,106787472,10880
6394,7756706,500000
6395,7756706,500000
6396,7756706,500000
6397,106787472,225040
6398,106787472,9130
6399,7756706,500000
6400,106787472,6110
6401,106787472,42540
6402,106787472,7850
6403,106787472,4790
6404,106787472,5950
6405,106787472,6680
6406,106787472,11890
6407,7756706,500000
6408,106787472,8990
6409,7756706,500000
6410,106787472,5100
6411,7756706,500000
6412,106787472,12930
6413,106787472,22330
6414,106787472,15520
6415,7756706,500000
6416,106787472,5370
6417,7756706,500000
6418,7756706,500000
6419,7756706,500000
6420,106787472,12330
6421,106787472,5950
6422,106787472,5950
6423,7756706,500000
6424,7756706,500000
6425,106787472,4790
6426,7756706,500000
6427,7756706,500000
6428,106787472,10150
6429,7756706,500000
6430,7756706,500000
6431,106787472,7830
6432,7756706,500000
6433,7756706,500000
6434,106787472,6960
6435,106787472,11020
6436,106787472,7400
6437,106787472,5700
6438,106787472,21460
6439,106787472,8130
6440,7756706,500000
6441,106787472,7980
6442,106787472,4640
6443,106787472,9430
6444,106787472,13340
6445,106787472,6380
6446,106787472,7260
6447,106787472,11600
6448,7756706,500000
6449,106787472,25380
6450,7756706,500000
6451,7756706,500000
6452,7756706,500000
6453,106787472,14360
6454,7756706,500000
6455,106787472,28280
6456,106787472,10440
6457,106787472,27110
6458,106787472,10300
6459,7756706,500000
6460,7756706,500000
6461,106787472,7400
6462,106787472,9570
6463,7756706,500000
6464,7756706,500000
6465,106787472,7980
6466,7756706,500000
6467,106787472,7540
6468,106787472,6960
6469,7756706,500000
6470,7756706,500000
6471,106787472,10440
6472,7756706,500000
6473,106787472,7540
6474,106787472,6380
6475,7756706,500000
6476,106787472,10300
6477,7756706,500000
6478,106787472,7830
6479,106787472,8270
6480,106787472,17400
6481,7756706,500000
6482,106787472,10760
6483,106787472,6690
6484,7756706,500000
6485,7756706,500000
6486,106787472,5820
6487,106787472,9570
6488,106787472,17420
6489,7756706,500000
6490,7756706,500000
6491,7756706,500000
6492,106787472,8130
6493,106787472,7680
6494,7756706,500000
6495,106787472,4790
6496,106787472,4930
6497,106787472,9430
6498,7756706,500000
6499,7756706,500000
6500,106787472,5080
6501,7756706,500000
6502,7756706,500000
6503,7756706,500000
6504,7756706,500000
6505,7756706,500000
6506,106787472,4200
6507,106787472,6240
6508,7756706,500000
6509,7756706,500000
6510,7756706,500000
6511,106787472,5510
6512,7756706,500000
6513,7756706,500000
6514,7756706,500000
6515,106787472,5520
6516,7756706,500000
6517,106787472,10150
6518,106787472,24360
6519,7756706,500000
6520,106787472,9430
6521,106787472,53500
6522,106787472,4930
6523,7756706,500000
6524,7756706,500000
6525,106787472,7100
6526,106787472,22620
6527,106787472,12910
6528,106787472,7750
6529,106787472,15520
6530,106787472,5950
6531,106787472,34360
6532,106787472,5080
6533,106787472,12490
6534,106787472,7540
6535,106787472,6380
6536,7756706,500000
6537,7756706,500000
6538,7756706,500000
6539,7756706,500000
6540,7756706,500000
6541,7756706,500000
6542,7756706,500000
6543,7756706,500000
6544,7756706,500000
6545,106787472,6240
6546,106787472,10150
6547,106787472,6240
6548,7756706,500000
6549,106787472,10730
6550,106787472,21070
6551,106787472,9290
6552,106787472,8100
6553,7756706,500000
6554,7756706,500000
6555,106787472,12180
6556,106787472,16970
6557,7756706,500000
6558,7756706,500000
6559,106787472,12030
6560,106787472,4930
6561,7756706,500000
6562,7756706,500000
6563,106787472,9280
6564,106787472,9280
6565,106787472,6820
6566,106787472,11340
6567,7756706,500000
6568,106787472,6670
6569,106787472,5220
6570,106787472,10000
6571,106787472,9720
6572,106787472,4500
6573,7756706,500000
6574,106787472,17400
6575,7756706,500000
6576,106787472,12620
6577,7756706,500000
6578,7756706,500000
6579,7756706,500000
6580,106787472,7710
6581,106787472,11600
6582,106787472,5970
6583,7756706,500000
6584,106787472,5800
6585,106787472,12180
6586,106787472,7540
6587,106787472,7880
6588,7756706,500000
6589,106787472,27550
6590,106787472,7540
6591,106787472,5800
6592,7756706,500000
6593,7756706,500000
6594,106787472,18420
6595,7756706,500000
6596,7756706,500000
6597,106787472,30010
6598,7756706,500000
6599,106787472,7540
6600,106787472,10880
6601,7756706,500000
6602,106787472,30740
6603,7756706,500000
6604,7756706,500000
6605,106787472,8320
6606,7756706,500000
6607,106787472,40770
6608,106787472,12180
6609,106787472,17540
6610,106787472,9290
6611,106787472,8990
6612,7756706,500000
6613,106787472,7590
6614,106787472,7400
6615,106787472,43210
6616,7756706,500000
6617,7756706,500000
6618,106787472,9340
6619,7756706,500000
6620,7756706,500000
6621,7756706,500000
6622,106787472,12030
6623,106787472,48290
6624,106787472,3190
6625,7756706,500000
6626,106787472,8270
6627,7756706,500000
6628,7756706,500000
6629,7756706,500000
6630,106787472,114310
6631,106787472,5080
6632,7756706,500000
6633,106787472,11910
6634,106787472,5950
6635,106787472,8550
6636,106787472,7540
6637,106787472,5220
6638,106787472,7830
6639,106787472,7250
6640,7756706,500000
6641,106787472,8410
6642,7756706,500000
6643,106787472,7550
6644,106787472,9430
6645,7756706,500000
6646,7756706,500000
6647,7756706,500000
6648,106787472,10730
6649,7756706,500000
6650,106787472,9130
6651,106787472,6090
6652,106787472,7400
6653,7756706,500000
6654,106787472,7690
6655,7756706,500000
6656,106787472,16530
6657,7756706,500000
6658,106787472,8850
6659,7756706,500000
6660,7756706,500000
6661,7756706,500000
6662,7756706,500000
6663,106787472,10150
6664,106787472,6090
6665,106787472,5370
6666,7756706,500000
6667,7756706,500000
6668,106787472,7120
6669,7756706,500000
6670,7756706,500000
6671,106787472,4350
6672,7756706,500000
6673,106787472,18710
6674,7756706,500000
6675,106787472,11170
6676,106787472,12330
6677,106787472,10580
6678,106787472,8790
6679,106787472,6240
6680,106787472,10440
6681,7756706,500000
6682,106787472,16240
6683,7756706,500000
6684,7756706,500000
6685,106787472,3650
6686,7756706,500000
6687,106787472,88600
6688,106787472,8120
6689,106787472,7250
6690,106787472,7570
6691,106787472,8410
6692,7756706,500000
6693,7756706,500000
6694,7756706,500000
6695,106787472,10880
6696,7756706,500000
6697,106787472,5080
6698,106787472,41470
6699,106787472,12620
6700,106787472,41610
6701,106787472,7540
6702,106787472,7140
6703,7756706,500000
6704,106787472,7540
6705,7756706,500000
6706,106787472,18130
6707,106787472,12480
6708,7756706,500000
6709,7756706,500000
6710,106787472,12470
6711,7756706,500000
6712,7756706,500000
6713,106787472,5220
6714,106787472,21890
6715,7756706,500000
6716,7756706,500000
6717,7756706,500000
6718,106787472,5650
6719,7756706,500000
6720,7756706,500000
6721,106787472,7170
6722,7756706,500000
6723,106787472,5800
6724,7756706,500000
6725,106787472,6240
6726,7756706,500000
6727,106787472,5800
6728,106787472,6380
6729,7756706,500000
6730,7756706,500000
6731,106787472,223030
6732,106787472,25090
6733,7756706,500000
6734,106787472,5080
6735,7756706,500000
6736,106787472,11020
6737,7756706,500000
6738,106787472,7250
6739,7756706,500000
6740,7756706,500000
6741,106787472,15370
6742,7756706,500000
6743,7756706,500000
6744,106787472,8270
6745,7756706,500000
6746,106787472,4790
6747,7756706,500000
6748,106787472,6100
6749,7756706,500000
6750,106787472,9280
6751,106787472,7250
6752,106787472,8410
6753,106787472,9130
6754,7756706,500000
6755,106787472,8120
6756,106787472,5510
6757,106787472,18710
6758,7756706,500000
6759,7756706,500000
6760,106787472,14200
6761,106787472,15080
6762,106787472,7400
6763,106787472,11460
6764,106787472,8120
6765,106787472,4790
6766,106787472,9140
6767,7756706,500000
6768,106787472,6420
6769,7756706,500000
6770,106787472,10440
6771,106787472,4790
6772,106787472,6960
6773,7756706,500000
6774,7756706,500000
6775,7756706,500000
6776,7756706,500000
6777,7756706,500000
6778,106787472,17690
6779,7756706,500000
6780,106787472,11310
6781,106787472,71920
6782,106787472,18710
6783,106787472,12470
6784,106787472,12180
6785,106787472,11750
6786,106787472,6380
6787,106787472,7830
6788,7756706,500000
6789,106787472,10150
6790,106787472,4790
6791,106787472,18570
6792,7756706,500000
6793,7756706,500000
6794,7756706,500000
6795,106787472,6530
6796,106787472,6090
6797,106787472,8120
6798,106787472,10320
6799,7756706,500000
6800,106787472,14640
6801,106787472,15370
6802,7756706,500000
6803,7756706,500000
6804,106787472,11600
6805,7756706,500000
6806,106787472,6090
6807,106787472,4930
6808,106787472,7400
6809,7756706,500000
6810,106787472,7540
6811,7756706,500000
6812,106787472,2900
6813,7756706,500000
6814,106787472,10190
6815,7756706,500000
6816,106787472,8850
6817,7756706,500000
6818,106787472,7110
6819,7756706,500000
6820,106787472,12030
6821,106787472,14070
6822,7756706,500000
6823,106787472,6700
6824,106787472,7250
6825,106787472,8570
6826,7756706,500000
6827,106787472,59310
6828,106787472,15810
6829,7756706,500000
6830,7756706,500000
6831,106787472,10150
6832,106787472,5230
6833,106787472,5080
6834,106787472,17420
6835,106787472,7400
6836,106787472,6380
6837,7756706,500000
6838,7756706,500000
6839,7756706,500000
6840,106787472,10300
6841,106787472,8550
6842,106787472,7980
6843,106787472,16680
6844,106787472,7310
6845,7756706,500000
6846,7756706,500000
6847,7756706,500000
6848,106787472,6670
6849,106787472,8270
6850,106787472,11600
6851,106787472,5370
6852,7756706,500000
6853,106787472,8430
6854,7756706,500000
6855,106787472,7540
6856,106787472,39780
6857,7756706,500000
6858,106787472,6820
6859,7756706,500000
6860,106787472,43210
6861,7756706,500000
6862,106787472,17610
6863,7756706,500000
6864,7756706,500000
6865,106787472,5220
6866,106787472,50900
6867,7756706,500000
6868,106787472,14070
6869,7756706,500000
6870,106787472,17260
6871,7756706,500000
6872,7756706,500000
6873,7756706,500000
6874,106787472,5800
6875,106787472,11170
6876,7756706,500000
6877,7756706,500000
6878,106787472,7980
6879,106787472,10580
6880,106787472,9130
6881,106787472,6530
6882,106787472,8550
6883,106787472,6380
6884,106787472,4930
6885,106787472,4930
6886,106787472,26680
6887,7756706,500000
6888,106787472,9280
6889,7756706,500000
6890,106787472,10730
6891,106787472,298560
6892,106787472,5220
6893,106787472,3940
6894,106787472,6090
6895,106787472,6960
6896,7756706,500000
6897,106787472,10730
6898,106787472,14070
6899,106787472,10440
6900,106787472,10610
6901,106787472,121650
6902,7756706,500000
6903,106787472,5080
6904,7756706,500000
6905,106787472,18850
6906,106787472,5080
6907,106787472,4640
6908,106787472,6960
6909,106787472,9720
6910,106787472,9280
6911,106787472,20740
6912,7756706,500000
6913,7756706,500000
6914,106787472,6670
6915,7756706,500000
6916,7756706,500000
6917,106787472,5510
6918,106787472,83090
6919,106787472,7100
6920,7756706,500000
6921,106787472,10150
6922,106787472,15970
6923,106787472,7980
6924,106787472,7250
6925,106787472,10440
6926,106787472,5220
6927,106787472,6820
6928,106787472,5950
6929,106787472,10580
6930,106787472,8270
6931,106787472,6090
6932,7756706,500000
6933,106787472,19280
6934,106787472,5370
6935,7756706,500000
6936,106787472,9580
6937,106787472,10580
6938,7756706,500000
6939,106787472,16090
6940,7756706,500000
6941,106787472,8180
6942,106787472,3770
6943,7756706,500000
6944,106787472,5650
6945,7756706,500000
6946,106787472,7830
6947,7756706,500000
6948,106787472,28280
6949,7756706,500000
6950,106787472,9860
6951,106787472,5370
6952,106787472,7680
6953,7756706,500000
6954,7756706,500000
6955,106787472,6960
6956,7756706,500000
6957,7756706,500000
6958,7756706,500000
6959,7756706,500000
6960,106787472,19870
6961,106787472,12620
6962,7756706,500000
6963,106787472,6960
6964,106787472,7400
6965,7756706,500000
6966,106787472,12620
6967,7756706,500000
6968,7756706,500000
6969,106787472,5370
6970,7756706,500000
6971,106787472,16090
6972,7756706,500000
6973,7756706,500000
6974,106787472,15520
6975,106787472,4790
6976,7756706,500000
6977,106787472,6820
6978,7756706,500000
6979,7756706,500000
6980,106787472,5800
6981,106787472,5510
6982,7756706,500000
6983,106787472,7100
6984,106787472,10440
6985,7756706,500000
6986,7756706,500000
6987,7756706,500000
6988,106787472,10510
6989,7756706,500000
6990,106787472,4660
6991,7756706,500000
6992,106787472,15370
6993,7756706,500000
6994,106787472,6820
6995,106787472,10730
6996,7756706,500000
6997,7756706,500000
6998,106787472,11020
6999,106787472,9430
7000,106787472,11020
7001,106787472,5800
7002,7756706,500000
7003,7756706,500000
7004,106787472,9580
7005,106787472,6670
7006,106787472,7550
7007,7756706,500000
7008,106787472,5510
7009,106787472,5670
7010,106787472,5370
7011,7756706,500000
7012,106787472,5950
7013,106787472,13920
7014,7756706,500000
7015,106787472,12660
7016,7756706,500000
7017,106787472,5800
7018,106787472,9130
7019,7756706,500000
7020,7756706,500000
7021,7756706,500000
7022,106787472,5230
7023,7756706,500000
7024,7756706,500000
7025,106787472,13090
7026,7756706,500000
7027,106787472,16530
7028,7756706,500000
7029,106787472,5520
7030,7756706,500000
7031,106787472,12330
7032,7756706,500000
7033,7756706,500000
7034,7756706,500000
7035,106787472,5510
7036,106787472,15080
7037,106787472,53090
7038,7756706,500000
7039,7756706,500000
7040,7756706,500000
7041,106787472,6530
7042,7756706,500000
7043,7756706,500000
7044,106787472,6960
7045,106787472,8320
7046,7756706,500000
7047,106787472,6670
7048,106787472,17430
7049,106787472,6820
7050,106787472,16530
7051,106787472,47410
7052,106787472,12470
7053,106787472,5380
7054,106787472,5370
7055,106787472,7540
7056,7756706,500000
7057,106787472,18990
7058,7756706,500000
7059,7756706,500000
7060,7756706,500000
7061,106787472,6830
7062,7756706,500000
7063,7756706,500000
7064,106787472,6960
7065,7756706,500000
7066,106787472,4500
7067,106787472,27030
7068,106787472,6820
7069,7756706,500000
7070,7756706,500000
7071,106787472,4790
7072,106787472,6960
7073,106787472,7710
7074,106787472,14210
7075,106787472,6380
7076,7756706,500000
7077,106787472,12910
7078,106787472,5800
7079,7756706,500000
7080,106787472,43360
7081,106787472,11030
7082,106787472,17990
7083,106787472,8060
7084,7756706,500000
7085,7756706,500000
7086,106787472,6380
7087,106787472,16530
7088,7756706,500000
7089,106787472,4060
7090,7756706,500000
7091,7756706,500000
7092,7756706,500000
7093,106787472,4650
7094,106787472,5670
7095,106787472,4930
7096,106787472,12030
7097,7756706,500000
7098,7756706,500000
7099,7756706,500000
7100,106787472,13190
7101,106787472,38140
7102,106787472,12620
7103,7756706,500000
7104,106787472,9860
7105,106787472,7100
7106,106787472,3770
7107,7756706,500000
7108,7756706,500000
7109,7756706,500000
7110,106787472,8120
7111,106787472,18270
7112,7756706,500000
7113,106787472,5800
7114,7756706,500000
7115,7756706,500000
7116,106787472,21460
7117,7756706,500000
7118,7756706,500000
7119,106787472,6380
7120,106787472,13930
7121,7756706,500000
7122,106787472,7680
7123,106787472,6240
7124,106787472,6960
7125,106787472,54810
7126,106787472,15810
7127,106787472,6710
7128,7756706,500000
7129,106787472,13630
7130,7756706,500000
7131,106787472,10300
7132,106787472,14930
7133,106787472,3640
7134,106787472,7400
7135,7756706,500000
7136,7756706,500000
7137,106787472,7130
7138,106787472,12470
7139,7756706,500000
7140,7756706,500000
7141,106787472,7830
7142,106787472,28280
7143,7756706,500000
7144,106787472,11170
7145,7756706,500000
7146,7756706,500000
7147,7756706,500000
7148,7756706,500000
7149,106787472,7100
7150,7756706,500000
7151,106787472,15230
7152,106787472,6380
7153,106787472,5510
7154,106787472,40910
7155,7756706,500000
7156,7756706,500000
7157,7756706,500000
7158,106787472,30010
7159,106787472,7540
7160,106787472,13340
7161,7756706,500000
7162,7756706,500000
7163,7756706,500000
7164,106787472,7980
7165,106787472,8120
7166,7756706,500000
7167,106787472,8120
7168,106787472,7990
7169,7756706,500000
7170,106787472,10320
7171,7756706,500000
7172,106787472,9890
7173,106787472,4930
7174,106787472,8270
7175,7756706,500000
7176,7756706,500000
7177,7756706,500000
7178,106787472,82650
7179,7756706,500000
7180,7756706,500000
7181,106787472,43790
7182,106787472,5220
7183,7756706,500000
7184,106787472,7980
7185,7756706,500000
7186,106787472,12770
7187,106787472,9430
7188,7756706,500000
7189,7756706,500000
7190,106787472,7100
7191,7756706,500000
7192,7756706,500000
7193,7756706,500000
7194,7756706,500000
7195,106787472,8410
7196,106787472,4060
7197,106787472,5370
7198,7756706,500000
7199,106787472,43500
7200,106787472,42490
7201,106787472,6670
7202,106787472,14360
7203,106787472,8650
7204,106787472,6380
7205,7756706,500000
7206,106787472,5090
7207,106787472,10000
7208,7756706,500000
7209,106787472,8550
7210,106787472,42050
7211,106787472,20880
7212,7756706,500000
7213,106787472,7980
7214,106787472,15530
7215,106787472,8410
7216,7756706,500000
7217,106787472,8990
7218,7756706,500000
7219,7756706,500000
7220,7756706,500000
7221,106787472,5800
7222,106787472,20440
7223,106787472,4790
7224,7756706,500000
7225,106787472,10900
7226,106787472,41930
7227,7756706,500000
7228,106787472,7540
7229,7756706,500000
7230,106787472,41610
7231,106787472,15950
7232,106787472,20010
7233,7756706,500000
7234,106787472,5800
7235,106787472,9860
7236,106787472,7450
7237,106787472,7250
7238,106787472,9430
7239,106787472,7430
7240,7756706,500000
7241,106787472,7100
7242,7756706,500000
7243,7756706,500000
7244,106787472,116620
7245,106787472,11460
7246,106787472,33640
7247,7756706,500000
7248,7756706,500000
7249,106787472,4640
7250,7756706,500000
7251,106787472,10440
7252,106787472,7100
7253,106787472,6190
7254,7756706,500000
7255,106787472,23780
7256,106787472,7830
7257,7756706,500000
7258,7756706,500000
7259,106787472,8280
7260,7756706,500000
7261,7756706,500000
7262,106787472,10440
7263,7756706,500000
7264,7756706,500000
7265,106787472,6580
7266,7756706,500000
7267,106787472,9890
7268,7756706,500000
7269,7756706,500000
7270,106787472,10580
7271,7756706,500000
7272,7756706,500000
7273,7756706,500000
7274,106787472,6530
7275,106787472,11460
7276,7756706,500000
7277,106787472,6820
7278,7756706,500000
7279,106787472,9860
7280,106787472,7100
7281,106787472,7100
7282,7756706,500000
7283,106787472,4350
7284,106787472,8450
7285,7756706,500000
7286,106787472,5370
7287,106787472,100200
7288,106787472,9570
7289,106787472,28420
7290,106787472,16240
7291,106787472,15230
7292,106787472,4500
7293,106787472,8270
7294,7756706,500000
7295,7756706,500000
7296,106787472,9130
7297,106787472,5510
7298,106787472,5370
7299,7756706,500000
7300,7756706,500000
7301,7756706,500000
7302,106787472,12490
7303,7756706,500000
7304,7756706,500000
7305,7756706,500000
7306,106787472,6820
7307,106787472,20170
7308,106787472,7980
7309,7756706,500000
7310,106787472,8750
7311,7756706,500000
7312,7756706,500000
7313,7756706,500000
7314,7756706,500000
7315,106787472,6670
7316,106787472,5950
7317,106787472,7540
7318,106787472,21170
7319,7756706,500000
7320,106787472,6990
7321,106787472,37990
7322,7756706,500000
7323,7756706,500000
7324,106787472,5370
7325,106787472,3480
7326,106787472,15370
7327,106787472,16530
7328,7756706,500000
7329,7756706,500000
7330,7756706,500000
7331,106787472,5800
7332,106787472,11020
7333,7756706,500000
7334,7756706,500000
7335,106787472,8410
7336,106787472,8700
7337,7756706,500000
7338,106787472,8120
7339,7756706,500000
7340,106787472,156020
7341,106787472,27410
7342,7756706,500000
7343,7756706,500000
7344,7756706,500000
7345,106787472,12030
7346,106787472,13630
7347,7756706,500000
7348,7756706,500000
7349,7756706,500000
7350,106787472,116430
7351,106787472,6820
7352,106787472,14790
7353,106787472,28600
7354,7756706,500000
7355,106787472,6240
7356,106787472,9460
7357,106787472,17550
7358,106787472,20740
7359,106787472,7680
7360,106787472,17110
7361,106787472,4640
7362,106787472,16240
7363,7756706,500000
7364,106787472,6390
7365,7756706,500000
7366,106787472,7980
7367,106787472,10580
7368,106787472,12620
7369,106787472,7100
7370,106787472,6100
7371,7756706,500000
7372,7756706,500000
7373,106787472,6090
7374,106787472,11610
7375,7756706,500000
7376,7756706,500000
7377,7756706,500000
7378,7756706,500000
7379,7756706,500000
7380,7756706,500000
7381,106787472,7250
7382,106787472,6960
7383,106787472,8120
7384,7756706,500000
7385,106787472,6690
7386,106787472,14500
7387,106787472,5650
7388,106787472,10440
7389,7756706,500000
7390,106787472,5650
7391,106787472,6820
7392,106787472,24070
7393,106787472,5370
7394,106787472,12620
7395,7756706,500000
7396,7756706,500000
7397,106787472,9280
7398,106787472,7400
7399,106787472,7400
7400,7756706,500000
7401,106787472,14990
7402,106787472,9010
7403,106787472,6580
7404,106787472,6240
7405,106787472,5950
7406,7756706,500000
7407,7756706,500000
7408,7756706,500000
7409,106787472,20440
7410,7756706,500000
7411,7756706,500000
7412,106787472,8700
7413,106787472,6240
7414,106787472,6380
7415,106787472,13480
7416,106787472,9280
7417,106787472,84390
7418,7756706,500000
7419,106787472,4500
7420,106787472,19720
7421,106787472,7980
7422,106787472,7400
7423,106787472,7250
7424,106787472,13780
7425,7756706,500000
7426,7756706,500000
7427,106787472,8990
7428,106787472,20880
7429,106787472,13780
7430,106787472,10300
7431,106787472,9720
7432,106787472,6100
7433,106787472,8410
7434,7756706,500000
7435,7756706,500000
7436,7756706,500000
7437,106787472,7680
7438,106787472,14210
7439,106787472,6960
7440,106787472,21360
7441,106787472,9280
7442,7756706,500000
7443,106787472,12910
7444,7756706,500000
7445,106787472,5650
7446,106787472,5800
7447,106787472,7700
7448,106787472,11020
7449,106787472,5220
7450,7756706,500000
7451,7756706,500000
7452,106787472,5650
7453,106787472,17830
7454,106787472,5370
7455,106787472,5650
7456,106787472,8850
7457,106787472,8700
7458,106787472,7400
7459,106787472,9130
7460,7756706,500000
7461,106787472,14080
7462,106787472,18730
7463,7756706,500000
7464,7756706,500000
7465,106787472,5370
7466,106787472,4350
7467,7756706,500000
7468,7756706,500000
7469,7756706,500000
7470,106787472,9860
7471,7756706,500000
7472,7756706,500000
7473,106787472,5650
7474,106787472,6240
7475,106787472,9590
7476,7756706,500000
7477,7756706,500000
7478,7756706,500000
7479,106787472,6960
7480,7756706,500000
7481,7756706,500000
7482,7756706,500000
7483,106787472,13780
7484,106787472,5370
7485,7756706,500000
7486,106787472,5220
7487,106787472,8280
7488,7756706,500000
7489,106787472,5510
7490,106787472,8550
7491,106787472,9130
7492,106787472,10880
7493,106787472,17540
7494,7756706,500000
7495,106787472,10000
7496,106787472,6820
7497,106787472,11890
7498,106787472,8120
7499,7756706,500000
7500,106787472,7830
7501,7756706,500000
7502,7756706,500000
7503,106787472,4640
7504,7756706,500000
7505,106787472,7830
7506,106787472,10150
7507,7756706,500000
7508,7756706,500000
7509,106787472,9430
7510,7756706,500000
7511,7756706,500000
7512,106787472,9860
7513,106787472,5650
7514,7756706,500000
7515,106787472,5220
7516,106787472,10000
7517,106787472,6820
7518,106787472,8700
7519,106787472,4350
7520,7756706,500000
7521,7756706,500000
7522,106787472,16380
7523,106787472,6240
7524,7756706,500000
7525,7756706,500000
7526,106787472,7980
7527,106787472,8420
7528,7756706,500000
7529,7756706,500000
7530,106787472,10890
7531,106787472,5650
7532,106787472,5370
7533,7756706,500000
7534,106787472,9430
7535,106787472,7830
7536,106787472,30160
7537,7756706,500000
7538,106787472,8700
7539,106787472,7830
7540,106787472,4790
7541,106787472,6820
7542,106787472,4640
7543,7756706,500000
7544,106787472,18280
7545,7756706,500000
7546,106787472,5080
7547,7756706,500000
7548,7756706,500000
7549,106787472,6960
7550,106787472,5950
7551,7756706,500000
7552,7756706,500000
7553,106787472,10150
7554,7756706,500000
7555,106787472,7980
7556,106787472,15660
7557,106787472,4060
7558,106787472,6090
7559,106787472,16250
7560,106787472,13780
7561,106787472,6530
7562,7756706,500000
7563,106787472,9130
7564,7756706,500000
7565,106787472,8410
7566,7756706,500000
7567,106787472,8990
7568,106787472,2760
7569,106787472,6530
7570,106787472,22620
7571,106787472,3770
7572,7756706,500000
7573,106787472,19280
7574,106787472,31460
7575,7756706,500000
7576,106787472,8990
7577,106787472,11310
7578,7756706,500000
7579,106787472,7980
7580,7756706,500000
7581,106787472,22040
7582,106787472,9860
7583,7756706,500000
7584,106787472,27260
7585,7756706,500000
7586,7756706,500000
7587,7756706,500000
7588,7756706,500000
7589,7756706,500000
7590,106787472,7250
7591,106787472,7980
7592,106787472,6670
7593,7756706,500000
7594,7756706,500000
7595,106787472,6530
7596,106787472,4060
7597,7756706,500000
7598,7756706,500000
7599,7756706,500000
7600,106787472,8550
7601,106787472,6670
7602,106787472,5510
7603,106787472,136730
7604,7756706,500000
7605,7756706,500000
7606,106787472,7710
7607,106787472,8560
7608,106787472,10310
7609,7756706,500000
7610,7756706,500000
7611,7756706,500000
7612,7756706,500000
7613,106787472,41470
7614,106787472,4790
7615,7756706,500000
7616,7756706,500000
7617,7756706,500000
7618,106787472,8120
7619,7756706,500000
7620,106787472,5080
7621,106787472,16980
7622,7756706,500000
7623,106787472,14640
7624,106787472,11890
7625,106787472,3770
7626,7756706,500000
7627,106787472,6380
7628,106787472,9430
7629,106787472,9290
7630,106787472,5650
7631,7756706,500000
7632,106787472,6380
7633,7756706,500000
7634,106787472,8580
7635,7756706,500000
7636,7756706,500000
7637,106787472,4200
7638,106787472,20740
7639,7756706,500000
7640,106787472,5950
7641,7756706,500000
7642,106787472,23340
7643,106787472,46400
7644,106787472,10000
7645,106787472,8120
7646,7756706,500000
7647,7756706,500000
7648,106787472,5800
7649,7756706,500000
7650,106787472,9570
7651,106787472,8990
7652,7756706,500000
7653,106787472,10000
7654,7756706,500000
7655,7756706,500000
7656,7756706,500000
7657,106787472,11460
7658,106787472,11330
7659,106787472,11750
7660,7756706,500000
7661,106787472,5650
7662,7756706,500000
7663,106787472,11890
7664,7756706,500000
7665,7756706,500000
7666,106787472,6240
7667,106787472,14640
7668,106787472,9860
7669,7756706,500000
7670,106787472,5950
7671,106787472,26550
7672,106787472,7710
7673,106787472,10280
7674,7756706,500000
7675,7756706,500000
7676,106787472,5220
7677,106787472,6530
7678,106787472,10880
7679,7756706,500000
7680,106787472,53210
7681,106787472,3910
7682,7756706,500000
7683,7756706,500000
7684,7756706,500000
7685,7756706,500000
7686,106787472,4940
7687,7756706,500000
7688,106787472,42920
7689,7756706,500000
7690,106787472,224890
7691,7756706,500000
7692,7756706,500000
7693,106787472,10730
7694,106787472,11020
7695,106787472,5370
7696,106787472,5950
7697,7756706,500000
7698,106787472,5670
7699,7756706,500000
7700,106787472,8130
7701,106787472,6670
7702,106787472,6670
7703,106787472,11750
7704,106787472,5220
7705,106787472,21030
7706,106787472,5650
7707,7756706,500000
7708,106787472,10580
7709,106787472,6090
7710,106787472,11170
7711,7756706,500000
7712,7756706,500000
7713,106787472,4640
7714,7756706,500000
7715,106787472,7680
7716,106787472,16240
7717,7756706,500000
7718,106787472,9280
7719,106787472,6960
7720,106787472,6980
7721,7756706,500000
7722,106787472,28280
7723,106787472,6830
7724,106787472,14210
7725,106787472,6820
7726,7756706,500000
7727,106787472,27260
7728,7756706,500000
7729,106787472,5080
7730,7756706,500000
7731,106787472,4790
7732,106787472,6820
7733,106787472,8990
7734,7756706,500000
7735,106787472,4930
7736,106787472,6670
7737,7756706,500000
7738,106787472,5510
7739,7756706,500000
7740,7756706,500000
7741,106787472,11170
7742,106787472,6090
7743,106787472,7540
7744,7756706,500000
7745,106787472,6390
7746,106787472,5950
7747,106787472,8410
7748,7756706,500000
7749,7756706,500000
7750,106787472,12470
7751,106787472,10730
7752,7756706,500000
7753,106787472,5510
7754,106787472,12330
7755,106787472,11310
7756,7756706,500000
7757,106787472,14790
7758,106787472,8990
7759,7756706,500000
7760,106787472,6670
7761,7756706,500000
7762,7756706,500000
7763,7756706,500000
7764,106787472,11310
7765,7756706,500000
7766,106787472,8410
7767,106787472,6530
7768,7756706,500000
7769,7756706,500000
7770,106787472,12480
7771,106787472,6090
7772,106787472,113830
7773,106787472,6670
7774,7756706,500000
7775,106787472,6400
7776,106787472,22620
7777,7756706,500000
7778,106787472,8990
7779,106787472,11020
7780,7756706,500000
7781,106787472,8000
7782,106787472,4930
7783,7756706,500000
7784,106787472,11460
7785,106787472,9720
7786,106787472,9610
7787,106787472,4500
7788,106787472,7830
7789,106787472,8270
7790,106787472,6530
7791,7756706,500000
7792,106787472,7830
7793,106787472,7100
7794,106787472,11020
7795,106787472,7530
7796,106787472,9280
7797,7756706,500000
7798,106787472,28010
7799,106787472,3340
7800,106787472,10150
7801,7756706,500000
7802,106787472,8410
7803,7756706,500000
7804,7756706,500000
7805,106787472,8270
7806,7756706,500000
7807,106787472,6380
7808,106787472,14930
7809,7756706,500000
7810,7756706,500000
7811,7756706,500000
7812,106787472,10300
7813,106787472,7680
7814,7756706,500000
7815,7756706,500000
7816,7756706,500000
7817,106787472,6970
7818,106787472,15660
7819,106787472,5970
7820,7756706,500000
7821,7756706,500000
7822,106787472,6670
7823,7756706,500000
7824,106787472,10000
7825,7756706,500000
7826,7756706,500000
7827,106787472,6670
7828,7756706,500000
7829,7756706,500000
7830,106787472,19140
7831,106787472,8270
7832,7756706,500000
7833,7756706,500000
7834,106787472,10010
7835,106787472,8120
7836,7756706,500000
7837,106787472,10580
7838,106787472,6970
7839,106787472,7980
7840,106787472,4060
7841,7756706,500000
7842,106787472,5090
7843,106787472,6820
7844,106787472,18130
7845,106787472,6820
7846,7756706,500000
7847,7756706,500000
7848,7756706,500000
7849,106787472,17540
7850,7756706,500000
7851,106787472,21890
7852,7756706,500000
7853,7756706,500000
7854,106787472,15520
7855,7756706,500000
7856,106787472,28280
7857,7756706,500000
7858,106787472,6240
7859,7756706,500000
7860,7756706,500000
7861,106787472,7290
7862,7756706,500000
7863,106787472,9430
7864,7756706,500000
7865,106787472,6670
7866,106787472,5080
7867,7756706,500000
7868,7756706,500000
7869,106787472,5960
7870,106787472,18850
7871,106787472,137600
7872,106787472,7100
7873,106787472,16820
7874,106787472,32190
7875,106787472,16680
7876,106787472,6820
7877,106787472,7760
7878,7756706,500000
7879,7756706,500000
7880,106787472,8990
7881,106787472,6090
7882,106787472,16240
7883,106787472,4640
7884,106787472,15230
7885,106787472,8270
7886,106787472,8270
7887,7756706,500000
7888,106787472,6240
7889,106787472,4060
7890,7756706,500000
7891,106787472,3630
7892,106787472,6240
7893,7756706,500000
7894,7756706,500000
7895,106787472,5400
7896,106787472,8120
7897,106787472,12470
7898,106787472,5830
7899,7756706,500000
7900,106787472,81930
7901,7756706,500000
7902,106787472,47850
7903,106787472,7680
7904,106787472,42050
7905,7756706,500000
7906,106787472,5370
7907,7756706,500000
7908,106787472,20440
7909,106787472,7100
7910,106787472,9720
7911,7756706,500000
7912,106787472,11460
7913,106787472,6530
7914,106787472,5800
7915,106787472,8550
7916,106787472,5800
7917,106787472,5220
7918,7756706,500000
7919,7756706,500000
7920,106787472,18560
7921,106787472,7270
7922,106787472,41040
7923,7756706,500000
7924,106787472,6530
7925,7756706,500000
7926,106787472,11890
7927,106787472,7400
7928,106787472,8700
7929,7756706,500000
7930,106787472,7570
7931,106787472,4950
7932,106787472,9720
7933,106787472,83230
7934,106787472,8410
7935,106787472,44270
7936,7756706,500000
7937,106787472,43360
7938,7756706,500000
7939,106787472,8410
7940,7756706,500000
7941,7756706,500000
7942,106787472,11890
7943,7756706,500000
7944,7756706,500000
7945,7756706,500000
7946,106787472,10150
7947,7756706,500000
7948,7756706,500000
7949,106787472,9430
7950,106787472,49740
7951,106787472,8410
7952,106787472,11310
7953,106787472,6680
7954,106787472,11600
7955,7756706,500000
7956,106787472,21030
7957,106787472,4790
7958,106787472,10730
7959,106787472,7560
7960,106787472,7100
7961,7756706,500000
7962,106787472,4790
7963,7756706,500000
7964,7756706,500000
7965,7756706,500000
7966,106787472,16820
7967,106787472,8270
7968,106787472,43790
7969,7756706,500000
7970,106787472,5520
7971,106787472,5220
7972,106787472,7250
7973,106787472,6960
7974,7756706,500000
7975,106787472,9720
7976,7756706,500000
7977,7756706,500000
7978,106787472,5370
7979,106787472,6240
7980,106787472,6090
7981,106787472,5220
7982,106787472,56410
7983,106787472,8270
7984,106787472,6670
7985,7756706,500000
7986,7756706,500000
7987,106787472,5950
7988,7756706,500000
7989,7756706,500000
7990,7756706,500000
7991,106787472,12760
7992,106787472,4060
7993,106787472,10580
7994,106787472,8270
7995,106787472,16680
7996,106787472,13630
7997,106787472,8990
7998,7756706,500000
7999,106787472,6240
8000,106787472,9570
8001,106787472,18420
8002,106787472,9430
8003,106787472,7540
8004,106787472,13780
8005,106787472,5080
8006,7756706,500000
8007,7756706,500000
8008,7756706,500000
8009,7756706,500000
8010,106787472,11600
8011,7756706,500000
8012,7756706,500000
8013,106787472,5520
8014,106787472,4360
8015,106787472,12760
8016,106787472,11890
8017,106787472,5220
8018,106787472,5370
8019,106787472,5510
8020,106787472,7540
8021,106787472,10300
8022,106787472,12180
8023,106787472,7250
8024,7756706,500000
8025,106787472,13340
8026,7756706,500000
8027,106787472,5370
8028,106787472,7540
8029,7756706,500000
8030,106787472,10000
8031,106787472,13780
8032,7756706,500000
8033,106787472,7100
8034,7756706,500000
8035,106787472,6670
8036,106787472,8850
8037,106787472,14370
8038,106787472,6680
8039,7756706,500000
8040,106787472,7100
8041,106787472,5220
8042,106787472,15370
8043,106787472,5370
8044,7756706,500000
8045,7756706,500000
8046,106787472,5090
8047,106787472,6670
8048,106787472,5650
8049,106787472,42050
8050,106787472,8120
8051,7756706,500000
8052,106787472,20160
8053,7756706,500000
8054,7756706,500000
8055,106787472,10580
8056,7756706,500000
8057,106787472,11170
8058,106787472,8550
8059,7756706,500000
8060,106787472,4060
8061,106787472,5650
8062,106787472,7920
8063,106787472,22620
8064,106787472,9570
8065,106787472,17690
8066,106787472,10900
8067,106787472,6960
8068,106787472,100050
8069,106787472,8850
8070,7756706,500000
8071,106787472,5370
8072,106787472,6960
8073,106787472,6090
8074,7756706,500000
8075,106787472,30890
8076,106787472,5090
8077,7756706,500000
8078,106787472,4930
8079,106787472,10580
8080,106787472,8410
8081,106787472,17830
8082,7756706,500000
8083,106787472,25960
8084,106787472,18990
8085,106787472,7980
8086,106787472,5800
8087,106787472,8550
8088,7756706,500000
8089,106787472,5650
8090,106787472,42780
8091,7756706,500000
8092,106787472,5370
8093,106787472,7540
8094,106787472,6960
8095,106787472,8120
8096,106787472,3910
8097,106787472,10000
8098,7756706,500000
8099,7756706,500000
8100,7756706,500000
8101,106787472,5820
8102,106787472,3770
8103,7756706,500000
8104,7756706,500000
8105,7756706,500000
8106,7756706,500000
8107,106787472,4790
8108,7756706,500000
8109,7756706,500000
8110,106787472,20360
8111,106787472,42340
8112,106787472,9240
8113,7756706,500000
8114,106787472,15380
8115,106787472,5510
8116,106787472,4790
8117,7756706,500000
8118,106787472,6090
8119,106787472,10180
8120,7756706,500000
8121,106787472,5370
8122,7756706,500000
8123,106787472,5650
8124,106787472,9450
8125,106787472,6540
8126,7756706,500000
8127,106787472,6090
8128,7756706,500000
8129,7756706,500000
8130,106787472,13780
8131,106787472,8410
8132,106787472,6670
8133,106787472,10170
8134,7756706,500000
8135,7756706,500000
8136,106787472,6380
8137,106787472,4930
8138,106787472,7400
8139,106787472,24950
8140,7756706,500000
8141,7756706,500000
8142,106787472,5510
8143,7756706,500000
8144,7756706,500000
8145,7756706,500000
8146,106787472,18710
8147,106787472,6820
8148,106787472,6250
8149,106787472,19280
8150,7756706,500000
8151,106787472,5080
8152,106787472,7540
8153,7756706,500000
8154,106787472,6530
8155,106787472,10300
8156,106787472,5800
8157,106787472,19580
8158,7756706,500000
8159,106787472,9570
8160,7756706,500000
8161,106787472,9860
8162,7756706,500000
8163,7756706,500000
8164,106787472,126150
8165,106787472,12030
8166,7756706,500000
8167,7756706,500000
8168,7756706,500000
8169,7756706,500000
8170,7756706,500000
8171,7756706,500000
8172,106787472,8990
8173,106787472,5080
8174,106787472,5510
8175,7756706,500000
8176,7756706,500000
8177,106787472,8120
8178,106787472,4070
8179,106787472,5380
8180,7756706,500000
8181,106787472,7980
8182,106787472,4930
8183,106787472,4790
8184,106787472,41760
8185,7756706,500000
8186,106787472,54810
8187,7756706,500000
8188,106787472,5510
8189,106787472,9130
8190,106787472,14800
8191,106787472,4500
8192,106787472,6090
8193,106787472,4930
8194,106787472,6090
8195,106787472,10580
8196,7756706,500000
8197,7756706,500000
8198,7756706,500000
8199,106787472,8700
8200,7756706,500000
8201,106787472,5650
8202,106787472,8850
8203,106787472,5230
8204,106787472,10300
8205,7756706,500000
8206,106787472,6130
8207,106787472,103680
8208,106787472,16530
8209,106787472,10750
8210,106787472,9130
8211,7756706,500000
8212,106787472,13480
8213,106787472,39150
8214,7756706,500000
8215,106787472,11310
8216,7756706,500000
8217,7756706,500000
8218,106787472,9430
8219,7756706,500000
8220,106787472,7400
8221,106787472,6240
8222,7756706,500000
8223,106787472,8550
8224,106787472,5510
8225,7756706,500000
8226,7756706,500000
8227,106787472,23500
8228,7756706,500000
8229,7756706,500000
8230,7756706,500000
8231,106787472,8700
8232,7756706,500000
8233,106787472,7400
8234,106787472,10620
8235,7756706,500000
8236,7756706,500000
8237,7756706,500000
8238,7756706,500000
8239,106787472,12910
8240,106787472,15370
8241,7756706,500000
8242,7756706,500000
8243,7756706,500000
8244,106787472,43060
8245,7756706,500000
8246,106787472,6120
8247,106787472,15290
8248,106787472,7410
8249,106787472,4070
8250,106787472,18850
8251,7756706,500000
8252,106787472,9280
8253,106787472,5080
8254,7756706,500000
8255,106787472,9280
8256,7756706,500000
8257,7756706,500000
8258,106787472,9440
8259,106787472,4500
8260,106787472,5370
8261,106787472,11600
8262,7756706,500000
8263,106787472,148920
8264,7756706,500000
8265,7756706,500000
8266,106787472,17260
8267,106787472,25520
8268,7756706,500000
8269,7756706,500000
8270,106787472,21610
8271,7756706,500000
8272,106787472,6240
8273,7756706,500000
8274,7756706,500000
8275,106787472,5800
8276,106787472,8550
8277,106787472,11750
8278,106787472,6240
8279,106787472,15550
8280,106787472,29140
8281,106787472,8700
8282,106787472,17260
8283,106787472,7260
8284,106787472,8850
8285,106787472,7260
8286,106787472,21610
8287,7756706,500000
8288,7756706,500000
8289,106787472,156330
8290,7756706,500000
8291,106787472,12330
8292,106787472,6380
8293,106787472,7980
8294,106787472,12180
8295,106787472,4200
8296,106787472,40180
8297,7756706,500000
8298,7756706,500000
8299,106787472,6960
8300,7756706,500000
8301,106787472,8550
8302,106787472,6820
8303,106787472,7400
8304,106787472,10000
8305,106787472,6820
8306,106787472,5800
8307,106787472,7270
8308,106787472,44660
8309,106787472,5810
8310,106787472,6240
8311,7756706,500000
8312,7756706,500000
8313,106787472,10300
8314,7756706,500000
8315,7756706,500000
8316,106787472,7550
8317,7756706,500000
8318,7756706,500000
8319,7756706,500000
8320,7756706,500000
8321,7756706,500000
8322,7756706,500000
8323,106787472,8850
8324,106787472,6380
8325,7756706,500000
8326,7756706,500000
8327,106787472,10440
8328,7756706,500000
8329,106787472,9580
8330,106787472,10440
8331,7756706,500000
8332,7756706,500000
8333,106787472,5510
8334,7756706,500000
8335,106787472,6960
8336,106787472,7110
8337,106787472,7980
8338,106787472,16970
8339,106787472,28130
8340,106787472,5370
8341,106787472,9740
8342,106787472,14930
8343,7756706,500000
8344,106787472,6860
8345,7756706,500000
8346,106787472,11310
8347,7756706,500000
8348,106787472,5690
8349,7756706,500000
8350,7756706,500000
8351,7756706,500000
8352,7756706,500000
8353,106787472,42490
8354,106787472,9720
8355,106787472,6250
8356,106787472,6380
8357,106787472,10310
8358,106787472,5650
8359,106787472,9290
8360,7756706,500000
8361,106787472,20630
8362,106787472,5120
8363,7756706,500000
8364,7756706,500000
8365,7756706,500000
8366,106787472,6820
8367,106787472,12030
8368,106787472,7830
8369,7756706,500000
8370,7756706,500000
8371,7756706,500000
8372,106787472,5650
8373,7756706,500000
8374,106787472,7830
8375,7756706,500000
8376,106787472,5950
8377,106787472,9130
8378,106787472,7100
8379,7756706,500000
8380,7756706,500000
8381,106787472,3910
8382,106787472,5650
8383,7756706,500000
8384,106787472,33380
8385,7756706,500000
8386,7756706,500000
8387,106787472,5950
8388,106787472,5220
8389,106787472,9610
8390,106787472,6380
8391,7756706,500000
8392,106787472,7100
8393,7756706,500000
8394,106787472,5240
8395,106787472,9580
8396,106787472,5650
8397,106787472,5090
8398,7756706,500000
8399,7756706,500000
8400,7756706,500000
8401,7756706,500000
8402,7756706,500000
8403,7756706,500000
8404,7756706,500000
8405,106787472,7830
8406,7756706,500000
8407,7756706,500000
8408,7756706,500000
8409,7756706,500000
8410,7756706,500000
8411,106787472,13340
8412,7756706,500000
8413,7756706,500000
8414,7756706,500000
8415,106787472,26100
8416,7756706,500000
8417,7756706,500000
8418,106787472,5950
8419,106787472,9470
8420,7756706,500000
8421,106787472,13340
8422,106787472,8550
8423,7756706,500000
8424,106787472,23780
8425,7756706,500000
8426,106787472,7830
8427,106787472,41910
8428,106787472,9280
8429,106787472,10730
8430,106787472,4800
8431,106787472,44370
8432,106787472,8570
8433,106787472,10150
8434,106787472,8270
8435,106787472,6380
8436,106787472,7100
8437,106787472,127750
8438,106787472,15810
8439,7756706,500000
8440,106787472,44680
8441,7756706,500000
8442,106787472,20300
8443,106787472,4930
8444,106787472,5220
8445,106787472,10880
8446,7756706,500000
8447,106787472,6670
8448,106787472,14930
8449,106787472,11020
8450,106787472,9280
8451,106787472,7540
8452,106787472,7830
8453,7756706,500000
8454,106787472,11750
8455,7756706,500000
8456,106787472,6090
8457,7756706,500000
8458,7756706,500000
8459,106787472,5220
8460,106787472,8700
8461,106787472,13370
8462,7756706,500000
8463,106787472,18850
8464,106787472,6820
8465,7756706,500000
8466,106787472,5370
8467,106787472,3770
8468,106787472,10000
8469,106787472,8860
8470,106787472,13190
8471,7756706,500000
8472,106787472,8270
8473,106787472,5510
8474,7756706,500000
8475,106787472,8270
8476,7756706,500000
8477,7756706,500000
8478,106787472,14210
8479,7756706,500000
8480,7756706,500000
8481,7756706,500000
8482,7756706,500000
8483,106787472,5520
8484,7756706,500000
8485,7756706,500000
8486,7756706,500000
8487,106787472,16240
8488,7756706,500000
8489,7756706,500000
8490,7756706,500000
8491,106787472,16820
8492,106787472,8270
8493,7756706,500000
8494,7756706,500000
8495,106787472,4930
8496,7756706,500000
8497,106787472,5800
8498,106787472,5820
8499,7756706,500000
8500,106787472,9150
8501,106787472,6380
8502,7756706,500000
8503,7756706,500000
8504,7756706,500000
8505,7756706,500000
8506,7756706,500000
8507,106787472,8720
8508,106787472,3910
8509,7756706,500000
8510,106787472,27990
8511,106787472,4640
8512,106787472,10750
8513,7756706,500000
8514,106787472,9280
8515,106787472,7400
8516,106787472,10030
8517,7756706,500000
8518,106787472,10930
8519,106787472,7400
8520,7756706,500000
8521,7756706,500000
8522,106787472,6670
8523,7756706,500000
8524,106787472,19870
8525,106787472,9570
8526,106787472,4640
8527,106787472,9430
8528,7756706,500000
8529,106787472,9570
8530,106787472,16820
8531,7756706,500000
8532,106787472,5370
8533,106787472,5220
8534,7756706,500000
8535,106787472,18130
8536,106787472,9430
8537,7756706,500000
8538,7756706,500000
8539,106787472,12500
8540,106787472,23780
8541,106787472,11890
8542,106787472,28280
8543,106787472,7100
8544,106787472,8850
8545,106787472,226630
8546,106787472,7540
8547,106787472,22770
8548,106787472,166900
8549,7756706,500000
8550,7756706,500000
8551,106787472,7250
8552,106787472,6670
8553,7756706,500000
8554,106787472,11310
8555,7756706,500000
8556,7756706,500000
8557,106787472,9860
8558,106787472,9720
8559,106787472,4790
8560,7756706,500000
8561,7756706,500000
8562,7756706,500000
8563,7756706,500000
8564,106787472,7830
8565,106787472,6670
8566,106787472,11760
8567,7756706,500000
8568,7756706,500000
8569,106787472,9430
8570,106787472,9130
8571,106787472,5080
8572,7756706,500000
8573,106787472,6670
8574,7756706,500000
8575,7756706,500000
8576,106787472,12030
8577,106787472,49490
8578,106787472,14930
8579,106787472,5510
8580,106787472,7540
8581,106787472,6380
8582,106787472,5220
8583,106787472,6380
8584,106787472,4640
8585,106787472,10300
8586,106787472,20010
8587,106787472,5800
8588,7756706,500000
8589,106787472,120200
8590,7756706,500000
8591,7756706,500000
8592,7756706,500000
8593,106787472,12910
8594,106787472,8270
8595,7756706,500000
8596,106787472,31610
8597,106787472,12030
8598,106787472,8700
8599,106787472,18560
8600,7756706,500000
8601,106787472,5950
8602,106787472,16570
8603,7756706,500000
8604,7756706,500000
8605,7756706,500000
8606,106787472,8410
8607,7756706,500000
8608,7756706,500000
8609,7756706,500000
8610,7756706,500000
8611,106787472,20310
8612,7756706,500000
8613,106787472,6090
8614,106787472,5670
8615,7756706,500000
8616,7756706,500000
8617,7756706,500000
8618,7756706,500000
8619,7756706,500000
8620,106787472,7250
8621,7756706,500000
8622,7756706,500000
8623,106787472,5370
8624,7756706,500000
8625,7756706,500000
8626,106787472,11020
8627,106787472,20300
8628,7756706,500000
8629,106787472,5660
8630,7756706,500000
8631,7756706,500000
8632,7756706,500000
8633,7756706,500000
8634,106787472,6530
8635,7756706,500000
8636,7756706,500000
8637,7756706,500000
8638,106787472,6670
8639,106787472,14500
8640,106787472,21750
8641,106787472,8120
8642,7756706,500000
8643,7756706,500000
8644,106787472,5510
8645,106787472,6240
8646,7756706,500000
8647,7756706,500000
8648,106787472,4500
8649,106787472,5230
8650,106787472,8990
8651,106787472,20590
8652,106787472,10000
8653,7756706,500000
8654,106787472,43650
8655,106787472,7980
8656,7756706,500000
8657,106787472,5370
8658,106787472,7830
8659,7756706,500000
8660,7756706,500000
8661,106787472,10150
8662,106787472,32340
8663,7756706,500000
8664,106787472,12820
8665,7756706,500000
8666,106787472,5220
8667,7756706,500000
8668,106787472,15810
8669,7756706,500000
8670,106787472,4210
8671,106787472,6090
8672,106787472,5080
8673,7756706,500000
8674,7756706,500000
8675,106787472,8990
8676,106787472,7410
8677,7756706,500000
8678,106787472,6820
8679,106787472,13920
8680,106787472,3480
8681,106787472,6670
8682,7756706,500000
8683,7756706,500000
8684,7756706,500000
8685,106787472,7400
8686,7756706,500000
8687,106787472,14070
8688,106787472,4350
8689,106787472,9130
8690,106787472,7250
8691,7756706,500000
8692,106787472,10000
8693,106787472,43940
8694,106787472,6670
8695,106787472,6820
8696,106787472,11460
8697,7756706,500000
8698,106787472,4790
8699,106787472,17690
8700,7756706,500000
8701,106787472,10150
8702,106787472,7440
8703,106787472,10300
8704,106787472,11620
8705,106787472,7540
8706,106787472,24650
8707,106787472,7830
8708,106787472,9720
8709,106787472,8410
8710,106787472,6820
8711,7756706,500000
8712,7756706,500000
8713,106787472,7260
8714,7756706,500000
8715,106787472,6090
8716,106787472,9860
8717,7756706,500000
8718,106787472,9280
8719,7756706,500000
8720,7756706,500000
8721,106787472,6380
8722,106787472,19870
8723,106787472,9280
8724,106787472,4640
8725,106787472,4640
8726,7756706,500000
8727,106787472,11170
8728,106787472,9720
8729,7756706,500000
8730,7756706,500000
8731,106787472,7830
8732,106787472,6240
8733,7756706,500000
8734,7756706,500000
8735,106787472,5800
8736,106787472,7680
8737,7756706,500000
8738,7756706,500000
8739,7756706,500000
8740,106787472,13190
8741,7756706,500000
8742,7756706,500000
8743,106787472,5370
8744,106787472,6960
8745,7756706,500000
8746,106787472,10040
8747,7756706,500000
8748,106787472,6530
8749,106787472,8990
8750,7756706,500000
8751,7756706,500000
8752,7756706,500000
8753,7756706,500000
8754,106787472,7540
8755,106787472,7830
8756,7756706,500000
8757,7756706,500000
8758,7756706,500000
8759,7756706,500000
8760,106787472,9130
8761,7756706,500000
8762,106787472,9280
8763,106787472,19870
8764,7756706,500000
8765,7756706,500000
8766,106787472,5950
8767,7756706,500000
8768,7756706,500000
8769,7756706,500000
8770,7756706,500000
8771,7756706,500000
8772,106787472,5800
8773,106787472,10300
8774,7756706,500000
8775,7756706,500000
8776,106787472,7400
8777,106787472,6670
8778,106787472,45680
8779,106787472,6530
8780,7756706,500000
8781,106787472,20160
8782,106787472,5550
8783,7756706,500000
8784,106787472,10150
8785,7756706,500000
8786,7756706,500000
8787,7756706,500000
8788,106787472,9130
8789,106787472,4350
8790,106787472,5510
8791,7756706,500000
8792,7756706,500000
8793,106787472,4790
8794,106787472,11310
8795,106787472,6960
8796,7756706,500000
8797,106787472,9430
8798,106787472,6240
8799,106787472,3790
8800,7756706,500000
8801,7756706,500000
8802,7756706,500000
8803,106787472,8120
8804,7756706,500000
8805,7756706,500000
8806,7756706,500000
8807,106787472,43010
8808,7756706,500000
8809,106787472,8700
8810,7756706,500000
8811,106787472,8270
8812,7756706,500000
8813,7756706,500000
8814,7756706,500000
8815,106787472,20590
8816,106787472,20300
8817,106787472,6670
8818,106787472,5950
8819,106787472,6240
8820,106787472,11310
8821,106787472,7250
8822,106787472,5520
8823,7756706,500000
8824,7756706,500000
8825,7756706,500000
8826,106787472,6240
8827,7756706,500000
8828,106787472,6380
8829,7756706,500000
8830,106787472,7680
8831,106787472,8270
8832,7756706,500000
8833,7756706,500000
8834,106787472,10730
8835,106787472,41760
8836,106787472,11890
8837,106787472,5370
8838,106787472,7860
8839,106787472,7130
8840,7756706,500000
8841,106787472,11020
8842,7756706,500000
8843,106787472,6240
8844,106787472,6530
8845,106787472,6820
8846,106787472,6960
8847,106787472,10000
8848,106787472,5230
8849,106787472,4640
8850,7756706,500000
8851,106787472,7100
8852,106787472,11170
8853,106787472,11050
8854,7756706,500000
8855,106787472,7400
8856,106787472,6090
8857,106787472,5650
8858,7756706,500000
8859,106787472,6240
8860,7756706,500000
8861,106787472,20160
8862,106787472,6960
8863,106787472,7270
8864,7756706,500000
8865,106787472,11780
8866,106787472,7400
8867,7756706,500000
8868,7756706,500000
8869,106787472,8410
8870,106787472,5080
8871,106787472,8700
8872,106787472,14500
8873,106787472,7830
8874,106787472,14070
8875,7756706,500000
8876,106787472,10580
8877,7756706,500000
8878,7756706,500000
8879,106787472,7830
8880,7756706,500000
8881,106787472,8850
8882,7756706,500000
8883,106787472,9280
8884,7756706,500000
8885,7756706,500000
8886,7756706,500000
8887,7756706,500000
8888,7756706,500000
8889,106787472,9860
8890,7756706,500000
8891,106787472,7270
8892,106787472,6240
8893,106787472,6240
8894,106787472,8410
8895,7756706,500000
8896,106787472,35090
8897,106787472,8270
8898,106787472,15390
8899,7756706,500000
8900,106787472,6380
8901,106787472,6530
8902,7756706,500000
8903,106787472,8700
8904,106787472,42630
8905,7756706,500000
8906,106787472,10580
8907,106787472,15370
8908,106787472,6960
8909,106787472,12910
8910,106787472,78740
8911,7756706,500000
8912,7756706,500000
8913,7756706,500000
8914,7756706,500000
8915,106787472,7250
8916,106787472,20880
8917,106787472,10000
8918,7756706,500000
8919,106787472,7680
8920,106787472,19720
8921,106787472,8120
8922,7756706,500000
8923,106787472,5080
8924,7756706,500000
8925,106787472,7980
8926,106787472,6530
8927,7756706,500000
8928,106787472,7680
8929,106787472,13480
8930,106787472,8700
8931,7756706,500000
8932,106787472,6670
8933,106787472,7100
8934,7756706,500000
8935,106787472,10450
8936,106787472,4640
8937,7756706,500000
8938,106787472,8550
8939,106787472,6670
8940,7756706,500000
8941,106787472,5510
8942,7756706,500000
8943,106787472,8210
8944,7756706,500000
8945,106787472,16380
8946,7756706,500000
8947,7756706,500000
8948,106787472,17990
8949,106787472,14210
8950,106787472,4500
8951,106787472,5950
8952,106787472,36560
8953,106787472,7400
8954,106787472,7270
8955,106787472,4950
8956,106787472,20300
8957,106787472,6090
8958,7756706,500000
8959,106787472,13340
8960,7756706,500000
8961,106787472,9860
8962,106787472,6670
8963,7756706,500000
8964,7756706,500000
8965,106787472,9280
8966,106787472,15810
8967,106787472,5510
8968,106787472,49300
8969,106787472,6820
8970,106787472,6670
8971,106787472,6530
8972,106787472,6380
8973,106787472,6240
8974,106787472,18560
8975,7756706,500000
8976,7756706,500000
8977,106787472,6960
8978,106787472,8410
8979,106787472,8550
8980,106787472,11310
8981,106787472,6960
8982,7756706,500000
8983,106787472,11770
8984,106787472,8990
8985,106787472,69600
8986,106787472,4500
8987,106787472,10880
8988,7756706,500000
8989,106787472,7250
8990,7756706,500000
8991,106787472,5800
8992,106787472,15370
8993,106787472,6820
8994,106787472,21030
8995,106787472,15080
8996,7756706,500000
8997,7756706,500000
8998,106787472,10480
8999,7756706,500000
9000,7756706,500000
9001,106787472,6670
9002,106787472,6980
9003,7756706,500000
9004,7756706,500000
9005,106787472,5800
9006,106787472,18990
9007,106787472,5650
9008,106787472,10880
9009,106787472,8120
9010,106787472,4790
9011,7756706,500000
9012,106787472,6840
9013,7756706,500000
9014,7756706,500000
9015,106787472,6380
9016,106787472,6670
9017,7756706,500000
9018,7756706,500000
9019,106787472,7980
9020,7756706,500000
9021,106787472,47130
9022,106787472,6240
9023,7756706,500000
9024,106787472,42340
9025,7756706,500000
9026,106787472,6670
9027,7756706,500000
9028,7756706,500000
9029,7756706,500000
9030,106787472,10580
9031,106787472,10730
9032,7756706,500000
9033,106787472,21460
9034,106787472,10300
9035,106787472,19140
9036,106787472,4790
9037,7756706,500000
9038,106787472,6960
9039,106787472,7680
9040,7756706,500000
9041,7756706,500000
9042,106787472,5220
9043,7756706,500000
9044,106787472,14500
9045,106787472,22040
9046,106787472,3910
9047,7756706,500000
9048,106787472,6240
9049,7756706,500000
9050,106787472,53800
9051,106787472,7250
9052,106787472,9430
9053,106787472,7250
9054,106787472,30160
9055,106787472,7680
9056,7756706,500000
9057,106787472,9720
9058,106787472,8290
9059,106787472,6530
9060,106787472,8850
9061,106787472,6670
9062,106787472,5650
9063,106787472,8990
9064,106787472,44510
9065,106787472,9450
9066,106787472,6240
9067,106787472,8120
9068,106787472,7680
9069,7756706,500000
9070,7756706,500000
9071,106787472,5080
9072,7756706,500000
9073,106787472,8850
9074,7756706,500000
9075,106787472,10580
9076,106787472,7400
9077,7756706,500000
9078,7756706,500000
9079,106787472,5650
9080,106787472,5950
9081,106787472,6670
9082,7756706,500000
9083,106787472,6380
9084,7756706,500000
9085,106787472,7540
9086,106787472,6380
9087,106787472,13490
9088,106787472,6820
9089,106787472,9430
9090,106787472,6680
9091,106787472,5950
9092,106787472,6670
9093,106787472,15080
9094,7756706,500000
9095,106787472,9440
9096,7756706,500000
9097,106787472,10150
9098,106787472,6380
9099,106787472,9280
9100,106787472,6960
9101,7756706,500000
9102,106787472,5650
9103,7756706,500000
9104,106787472,9860
9105,106787472,33490
9106,7756706,500000
9107,106787472,8700
9108,106787472,14500
9109,106787472,8280
9110,7756706,500000
9111,7756706,500000
9112,7756706,500000
9113,106787472,9720
9114,106787472,9010
9115,106787472,5800
9116,7756706,500000
9117,106787472,4930
9118,106787472,51480
9119,106787472,6670
9120,106787472,10480
9121,106787472,11600
9122,106787472,5800
9123,106787472,6670
9124,7756706,500000
9125,106787472,5540
9126,106787472,6670
9127,7756706,500000
9128,7756706,500000
9129,106787472,35380
9130,106787472,7980
9131,106787472,8270
9132,7756706,500000
9133,106787472,6530
9134,7756706,500000
9135,106787472,6530
9136,106787472,11170
9137,7756706,500000
9138,106787472,17830
9139,106787472,8410
9140,106787472,9130
9141,106787472,29590
9142,106787472,11020
9143,106787472,92950
9144,7756706,500000
9145,7756706,500000
9146,7756706,500000
9147,106787472,30310
9148,106787472,6820
9149,106787472,13780
9150,106787472,11620
9151,7756706,500000
9152,7756706,500000
9153,106787472,9740
9154,106787472,11170
9155,7756706,500000
9156,7756706,500000
9157,106787472,48860
9158,106787472,7550
9159,7756706,500000
9160,106787472,7400
9161,106787472,11020
9162,7756706,500000
9163,7756706,500000
9164,7756706,500000
9165,106787472,6960
9166,106787472,2630
9167,106787472,4500
9168,106787472,8990
9169,7756706,500000
9170,106787472,5080
9171,7756706,500000
9172,106787472,8550
9173,106787472,4930
9174,106787472,7680
9175,106787472,6240
9176,106787472,9130
9177,106787472,6140
9178,7756706,500000
9179,106787472,8450
9180,106787472,15990
9181,7756706,500000
9182,7756706,500000
9183,106787472,8940
9184,106787472,6090
9185,7756706,500000
9186,106787472,5370
9187,106787472,12330
9188,106787472,11020
9189,7756706,500000
9190,7756706,500000
9191,106787472,5400
9192,106787472,27840
9193,106787472,7980
9194,106787472,7400
9195,7756706,500000
9196,7756706,500000
9197,106787472,4350
9198,106787472,6820
9199,7756706,500000
9200,7756706,500000
9201,106787472,9430
9202,106787472,113550
9203,7756706,500000
9204,7756706,500000
9205,7756706,500000
9206,106787472,12470
9207,106787472,45680
9208,106787472,8160
9209,7756706,500000
9210,106787472,20740
9211,106787472,6240
9212,106787472,8120
9213,106787472,10590
9214,7756706,500000
9215,106787472,5950
9216,106787472,7250
9217,7756706,500000
9218,106787472,10730
9219,7756706,500000
9220,106787472,10000
9221,106787472,8270
9222,7756706,500000
9223,106787472,9130
9224,7756706,500000
9225,106787472,4350
9226,7756706,500000
9227,7756706,500000
9228,7756706,500000
9229,106787472,20880
9230,106787472,6380
9231,106787472,16240
9232,106787472,22350
9233,106787472,7250
9234,106787472,14070
9235,7756706,500000
9236,106787472,9430
9237,7756706,500000
9238,7756706,500000
9239,106787472,7980
9240,106787472,7410
9241,106787472,11170
9242,7756706,500000
9243,106787472,7710
9244,106787472,14960
9245,106787472,7680
9246,106787472,12480
9247,106787472,17540
9248,106787472,5950
9249,7756706,500000
9250,7756706,500000
9251,106787472,10740
9252,7756706,500000
9253,106787472,9290
9254,7756706,500000
9255,7756706,500000
9256,106787472,113680
9257,106787472,8240
9258,106787472,7400
9259,106787472,16380
9260,7756706,500000
9261,106787472,6260
9262,106787472,21030
9263,106787472,8560
9264,7756706,500000
9265,7756706,500000
9266,106787472,5370
9267,7756706,500000
9268,106787472,11750
9269,106787472,5650
9270,106787472,11600
9271,106787472,8990
9272,7756706,500000
9273,7756706,500000
9274,106787472,6240
9275,106787472,6960
9276,7756706,500000
9277,7756706,500000
9278,106787472,8290
9279,106787472,7400
9280,106787472,10150
9281,7756706,500000
9282,7756706,500000
9283,7756706,500000
9284,106787472,8120
9285,106787472,8990
9286,106787472,4790
9287,106787472,9430
9288,106787472,7400
9289,106787472,10150
9290,106787472,4930
9291,7756706,500000
9292,7756706,500000
9293,106787472,7540
9294,106787472,4790
9295,106787472,4650
9296,106787472,10300
9297,106787472,4200
9298,7756706,500000
9299,106787472,10150
9300,106787472,21480
9301,106787472,7690
9302,106787472,5370
9303,106787472,8550
9304,106787472,6170
9305,7756706,500000
9306,7756706,500000
9307,7756706,500000
9308,106787472,6670
9309,106787472,17400
9310,7756706,500000
9311,106787472,7400
9312,106787472,8120
9313,7756706,500000
9314,7756706,500000
9315,106787472,7540
9316,106787472,7680
9317,7756706,500000
9318,106787472,12910
9319,7756706,500000
9320,106787472,11890
9321,7756706,500000
9322,7756706,500000
9323,7756706,500000
9324,106787472,15660
9325,7756706,500000
9326,7756706,500000
9327,106787472,5650
9328,106787472,6090
9329,7756706,500000
9330,106787472,10920
9331,106787472,8270
9332,106787472,6090
9333,106787472,6670
9334,7756706,500000
9335,106787472,6820
9336,7756706,500000
9337,7756706,500000
9338,106787472,16970
9339,106787472,5950
9340,106787472,12330
9341,106787472,9860
9342,7756706,500000
9343,7756706,500000
9344,106787472,26540
9345,7756706,500000
9346,106787472,8850
9347,106787472,5800
9348,7756706,500000
9349,106787472,7410
9350,106787472,5220
9351,106787472,10000
9352,106787472,23780
9353,106787472,5370
9354,106787472,17400
9355,106787472,11170
9356,106787472,6090
9357,7756706,500000
9358,106787472,10730
9359,7756706,500000
9360,7756706,500000
9361,106787472,5220
9362,106787472,6090
9363,7756706,500000
9364,7756706,500000
9365,106787472,11890
9366,7756706,500000
9367,106787472,9570
9368,7756706,500000
9369,7756706,500000
9370,106787472,6820
9371,106787472,5800
9372,7756706,500000
9373,106787472,7980
9374,106787472,5950
9375,106787472,5370
9376,106787472,9280
9377,106787472,55100
9378,7756706,500000
9379,106787472,6670
9380,106787472,5570
9381,106787472,5080
9382,106787472,9720
9383,7756706,500000
9384,106787472,5650
9385,106787472,4790
9386,106787472,6110
9387,106787472,7540
9388,106787472,16970
9389,106787472,5820
9390,106787472,16680
9391,106787472,6100
9392,7756706,500000
9393,106787472,11750
9394,106787472,7100
9395,7756706,500000
9396,106787472,6530
9397,106787472,17260
9398,106787472,7260
9399,106787472,36830
9400,106787472,7680
9401,106787472,8550
9402,7756706,500000
9403,106787472,15370
9404,106787472,21170
9405,106787472,18990
9406,106787472,6090
9407,106787472,10880
9408,106787472,8170
9409,7756706,500000
9410,106787472,27110
9411,106787472,10890
9412,106787472,8850
9413,106787472,11040
9414,7756706,500000
9415,7756706,500000
9416,106787472,4790
9417,106787472,7250
9418,106787472,5220
9419,7756706,500000
9420,106787472,7540
9421,106787472,8120
9422,7756706,500000
9423,7756706,500000
9424,106787472,7400
9425,106787472,6550
9426,7756706,500000
9427,106787472,6240
9428,106787472,15520
9429,106787472,11170
9430,106787472,5520
9431,106787472,21750
9432,106787472,8700
9433,106787472,6380
9434,106787472,45530
9435,106787472,14660
9436,7756706,500000
9437,7756706,500000
9438,7756706,500000
9439,106787472,6670
9440,106787472,11310
9441,106787472,11170
9442,106787472,8150
9443,106787472,6240
9444,106787472,12910
9445,7756706,500000
9446,7756706,500000
9447,7756706,500000
9448,106787472,6380
9449,106787472,115570
9450,106787472,12470
9451,106787472,5220
9452,7756706,500000
9453,106787472,8270
9454,106787472,6890
9455,106787472,7680
9456,106787472,6530
9457,106787472,10150
9458,106787472,11460
9459,106787472,23930
9460,7756706,500000
9461,106787472,6090
9462,106787472,4500
9463,7756706,500000
9464,106787472,6380
9465,7756706,500000
9466,7756706,500000
9467,106787472,15810
9468,106787472,10760
9469,7756706,500000
9470,106787472,13480
9471,7756706,500000
9472,7756706,500000
9473,106787472,8120
9474,7756706,500000
9475,7756706,500000
9476,106787472,8700
9477,7756706,500000
9478,106787472,9150
9479,7756706,500000
9480,7756706,500000
9481,7756706,500000
9482,106787472,11600
9483,106787472,4640
9484,7756706,500000
9485,106787472,8550
9486,7756706,500000
9487,106787472,18710
9488,106787472,5510
9489,106787472,11320
9490,7756706,500000
9491,106787472,16550
9492,106787472,8850
9493,106787472,14640
9494,7756706,500000
9495,106787472,18420
9496,106787472,4500
9497,106787472,15670
9498,106787472,9130
9499,7756706,500000
9500,106787472,7680
9501,7756706,500000
9502,106787472,7680
9503,106787472,11310
9504,106787472,13340
9505,7756706,500000
9506,106787472,5080
9507,7756706,500000
9508,106787472,12760
9509,106787472,5820
9510,106787472,6390
9511,7756706,500000
9512,106787472,5220
9513,7756706,500000
9514,106787472,16140
9515,106787472,5230
9516,106787472,4500
9517,106787472,15370
9518,106787472,18560
9519,106787472,12030
9520,106787472,8880
9521,7756706,500000
9522,106787472,15370
9523,106787472,14500
9524,106787472,7100
9525,106787472,21750
9526,7756706,500000
9527,7756706,500000
9528,7756706,500000
9529,7756706,500000
9530,7756706,500000
9531,106787472,6820
9532,106787472,28860
9533,106787472,20740
9534,7756706,500000
9535,106787472,10730
9536,106787472,8990
9537,106787472,9280
9538,7756706,500000
9539,7756706,500000
9540,106787472,10300
9541,106787472,41760
9542,7756706,500000
9543,106787472,6090
9544,106787472,294780
9545,106787472,12470
9546,106787472,12330
9547,106787472,11020
9548,7756706,500000
9549,106787472,10150
9550,106787472,5650
9551,106787472,8410
9552,7756706,500000
9553,106787472,10650
9554,7756706,500000
9555,106787472,6960
9556,7756706,500000
9557,7756706,500000
9558,7756706,500000
9559,7756706,500000
9560,106787472,13780
9561,7756706,500000
9562,106787472,5220
9563,106787472,5080
9564,7756706,500000
9565,7756706,500000
9566,106787472,7250
9567,106787472,11750
9568,106787472,7830
9569,106787472,3770
9570,7756706,500000
9571,106787472,17690
9572,7756706,500000
9573,106787472,4790
9574,7756706,500000
9575,106787472,8850
9576,106787472,8990
9577,106787472,12470
9578,106787472,12470
9579,106787472,10880
9580,106787472,16090
9581,106787472,5950
9582,106787472,7980
9583,7756706,500000
9584,106787472,4640
9585,106787472,6670
9586,106787472,15080
9587,106787472,8550
9588,106787472,9430
9589,106787472,5080
9590,106787472,8120
9591,106787472,6960
9592,7756706,500000
9593,7756706,500000
9594,106787472,17690
9595,106787472,7270
9596,106787472,8700
9597,106787472,6670
9598,106787472,6670
9599,106787472,7290
9600,106787472,16530
9601,106787472,12760
9602,106787472,8990
9603,106787472,5950
9604,106787472,11170
9605,106787472,7400
9606,106787472,12330
9607,106787472,5510
9608,106787472,5510
9609,106787472,6670
9610,7756706,500000
9611,106787472,6670
9612,106787472,7100
9613,106787472,4640
9614,7756706,500000
9615,7756706,500000
9616,7756706,500000
9617,106787472,9720
9618,106787472,8120
9619,7756706,500000
9620,7756706,500000
9621,7756706,500000
9622,7756706,500000
9623,106787472,5800
9624,106787472,8990
9625,106787472,5950
9626,7756706,500000
9627,106787472,9860
9628,106787472,6700
9629,106787472,11310
9630,7756706,500000
9631,7756706,500000
9632,7756706,500000
9633,106787472,8550
9634,106787472,17690
9635,106787472,8410
9636,7756706,500000
9637,106787472,41040
9638,106787472,4930
9639,7756706,500000
9640,106787472,10580
9641,7756706,500000
9642,106787472,7400
9643,106787472,6530
9644,7756706,500000
9645,7756706,500000
9646,7756706,500000
9647,106787472,19870
9648,106787472,13920
9649,106787472,5260
9650,106787472,42050
9651,7756706,500000
9652,7756706,500000
9653,7756706,500000
9654,106787472,4350
9655,106787472,114280
9656,106787472,15520
9657,106787472,7400
9658,106787472,13500
9659,106787472,10150
9660,106787472,9130
9661,106787472,6820
9662,7756706,500000
9663,106787472,10740
9664,7756706,500000
9665,7756706,500000
9666,106787472,9130
9667,106787472,48580
9668,106787472,9720
9669,106787472,5950
9670,7756706,500000
9671,7756706,500000
9672,106787472,12330
9673,106787472,7540
9674,7756706,500000
9675,106787472,8270
9676,106787472,12760
9677,106787472,18710
9678,106787472,8000
9679,106787472,6100
9680,7756706,500000
9681,7756706,500000
9682,7756706,500000
9683,106787472,7680
9684,106787472,6090
9685,7756706,500000
9686,7756706,500000
9687,7756706,500000
9688,7756706,500000
9689,106787472,10300
9690,106787472,14070
9691,7756706,500000
9692,106787472,11600
9693,7756706,500000
9694,106787472,6530
9695,7756706,500000
9696,106787472,17690
9697,106787472,11890
9698,7756706,500000
9699,106787472,45240
9700,7756706,500000
9701,106787472,6090
9702,106787472,5080
9703,106787472,10590
9704,7756706,500000
9705,106787472,6530
9706,106787472,8120
9707,106787472,5220
9708,7756706,500000
9709,7756706,500000
9710,7756706,500000
9711,7756706,500000
9712,106787472,6530
9713,106787472,6670
9714,7756706,500000
9715,106787472,7100
9716,7756706,500000
9717,7756706,500000
9718,106787472,5820
9719,7756706,500000
9720,7756706,500000
9721,106787472,6820
9722,106787472,7830
9723,106787472,7100
9724,106787472,10300
9725,106787472,8270
9726,106787472,6090
9727,7756706,500000
9728,106787472,9050
9729,7756706,500000
9730,7756706,500000
9731,106787472,19140
9732,7756706,500000
9733,106787472,5800
9734,7756706,500000
9735,7756706,500000
9736,7756706,500000
9737,7756706,500000
9738,106787472,7980
9739,106787472,6530
9740,7756706,500000
9741,106787472,4790
9742,106787472,78300
9743,106787472,203000
9744,7756706,500000
9745,7756706,500000
9746,106787472,16240
9747,106787472,16090
9748,106787472,7690
9749,7756706,500000
9750,106787472,12330
9751,7756706,500000
9752,7756706,500000
9753,106787472,8120
9754,106787472,7830
9755,106787472,7250
9756,7756706,500000
9757,106787472,6090
9758,106787472,9130
9759,7756706,500000
9760,7756706,500000
9761,106787472,5370
9762,7756706,500000
9763,7756706,500000
9764,106787472,10600
9765,7756706,500000
9766,106787472,6240
9767,7756706,500000
9768,106787472,42780
9769,7756706,500000
9770,7756706,500000
9771,106787472,7550
9772,7756706,500000
9773,106787472,6530
9774,7756706,500000
9775,106787472,8990
9776,7756706,500000
9777,106787472,5950
9778,7756706,500000
9779,7756706,500000
9780,7756706,500000
9781,106787472,16680
9782,106787472,6970
9783,106787472,42780
9784,7756706,500000
9785,7756706,500000
9786,106787472,22770
9787,7756706,500000
9788,7756706,500000
9789,106787472,13780
9790,106787472,40740
9791,7756706,500000
9792,7756706,500000
9793,106787472,5800
9794,106787472,5080
9795,106787472,17400
9796,7756706,500000
9797,106787472,12760
9798,106787472,8550
9799,106787472,7400
9800,106787472,12180
9801,106787472,4060
9802,106787472,8990
9803,7756706,500000
9804,106787472,4200
9805,106787472,4930
9806,106787472,6960
9807,7756706,500000
9808,106787472,7250
9809,106787472,11600
9810,7756706,500000
9811,106787472,9500
9812,7756706,500000
9813,106787472,6380
9814,106787472,6240
9815,7756706,500000
9816,7756706,500000
9817,106787472,16680
9818,106787472,11470
9819,7756706,500000
9820,7756706,500000
9821,106787472,6820
9822,106787472,5800
9823,106787472,146450
9824,106787472,20160
9825,7756706,500000
9826,106787472,8150
9827,7756706,500000
9828,7756706,500000
9829,106787472,7540
9830,7756706,500000
9831,7756706,500000
9832,106787472,20590
9833,7756706,500000
9834,106787472,8410
9835,106787472,5110
9836,106787472,19280
9837,106787472,12910
9838,106787472,6100
9839,7756706,500000
9840,106787472,6380
9841,106787472,20440
9842,106787472,7680
9843,106787472,12330
9844,7756706,500000
9845,106787472,6670
9846,106787472,7250
9847,106787472,17830
9848,7756706,500000
9849,106787472,8410
9850,7756706,500000
9851,7756706,500000
9852,106787472,12910
9853,7756706,500000
9854,106787472,17690
9855,106787472,21030
9856,7756706,500000
9857,106787472,26540
9858,106787472,11600
9859,7756706,500000
9860,7756706,500000
9861,7756706,500000
9862,106787472,10150
9863,106787472,6090
9864,106787472,13920
9865,106787472,4500
9866,7756706,500000
9867,7756706,500000
9868,7756706,500000
9869,106787472,10580
9870,106787472,9280
9871,106787472,17700
9872,106787472,9880
9873,106787472,6530
9874,7756706,500000
9875,106787472,4500
9876,7756706,500000
9877,7756706,500000
9878,106787472,14790
9879,7756706,500000
9880,106787472,15950
9881,7756706,500000
9882,106787472,4790
9883,7756706,500000
9884,7756706,500000
9885,7756706,500000
9886,7756706,500000
9887,106787472,10440
9888,7756706,500000
9889,7756706,500000
9890,106787472,5370
9891,106787472,11840
9892,106787472,8120
9893,7756706,500000
9894,106787472,9720
9895,106787472,7980
9896,106787472,7400
9897,106787472,5650
9898,106787472,6530
9899,106787472,7100
9900,7756706,500000
9901,7756706,500000
9902,106787472,6380
9903,106787472,4930
9904,106787472,5950
9905,7756706,500000
9906,106787472,8120
9907,106787472,9310
9908,7756706,500000
9909,106787472,7250
9910,106787472,17690
9911,7756706,500000
9912,7756706,500000
9913,106787472,8410
9914,106787472,5080
9915,106787472,26100
9916,7756706,500000
9917,7756706,500000
9918,106787472,9570
9919,7756706,500000
9920,106787472,14640
9921,106787472,7550
9922,7756706,500000
9923,7756706,500000
9924,7756706,500000
9925,106787472,7540
9926,7756706,500000
9927,106787472,13600
9928,106787472,6390
9929,7756706,500000
9930,106787472,8420
9931,106787472,7400
9932,106787472,5080
9933,106787472,6670
9934,7756706,500000
9935,7756706,500000
9936,106787472,9320
9937,106787472,9720
9938,7756706,500000
9939,106787472,11600
9940,106787472,11170
9941,106787472,83810
9942,106787472,6670
9943,106787472,16240
9944,7756706,500000
9945,106787472,4960
9946,106787472,6090
9947,7756706,500000
9948,106787472,5080
9949,106787472,8710
9950,106787472,10040
9951,106787472,6380
9952,106787472,6670
9953,106787472,225770
9954,7756706,500000
9955,106787472,20880
9956,106787472,5510
9957,7756706,500000
9958,7756706,500000
9959,7756706,500000
9960,106787472,5650
9961,106787472,10150
9962,7756706,500000
9963,106787472,13920
9964,106787472,5220
9965,106787472,7990
9966,106787472,7710
9967,106787472,10000
9968,106787472,10170
9969,106787472,10880
9970,106787472,37120
9971,106787472,5370
9972,106787472,8700
9973,7756706,500000
9974,106787472,3630
9975,106787472,6670
9976,7756706,500000
9977,106787472,8700
9978,7756706,500000
9979,106787472,7250
9980,106787472,6960
9981,7756706,500000
9982,7756706,500000
9983,106787472,10470
9984,106787472,4500
9985,106787472,8410
9986,106787472,5510
9987,7756706,500000
9988,7756706,500000
9989,106787472,8270
9990,7756706,500000
9991,7756706,500000
9992,106787472,6820
9993,106787472,7680
9994,106787472,4370
9995,106787472,4060
9996,7756706,500000
9997,7756706,500000
9998,7756706,500000
9999,106787472,8120
10000,106787472,8620
10001,7756706,500000
10002,106787472,5950
10003,106787472,6670
10004,7756706,500000
10005,7756706,500000
10006,7756706,500000
10007,106787472,12470
10008,7756706,500000
10009,106787472,6090
10010,106787472,8270
10011,106787472,4790
10012,106787472,4790
10013,106787472,47270
10014,7756706,500000
10015,7756706,500000
10016,106787472,13340
10017,7756706,500000
10018,106787472,5980
10019,106787472,6110
10020,106787472,11460
10021,7756706,500000
10022,7756706,500000
10023,7756706,500000
10024,106787472,8550
10025,7756706,500000
10026,7756706,500000
10027,7756706,500000
10028,106787472,13630
10029,106787472,8550
10030,7756706,500000
10031,106787472,11020
10032,106787472,7100
10033,7756706,500000
10034,106787472,10730
10035,7756706,500000
10036,106787472,5950
10037,106787472,7540
10038,106787472,7120
10039,106787472,5370
10040,7756706,500000
10041,106787472,5800
10042,106787472,31460
10043,106787472,11600
10044,7756706,500000
10045,7756706,500000
10046,106787472,5650
10047,106787472,28710
10048,106787472,4940
10049,106787472,5950
10050,7756706,500000
10051,106787472,10580
10052,7756706,500000
10053,7756706,500000
10054,7756706,500000
10055,7756706,500000
10056,7756706,500000
10057,7756706,500000
10058,7756706,500000
10059,7756706,500000
10060,106787472,8120
10061,106787472,7250
10062,7756706,500000
10063,106787472,4640
10064,7756706,500000
10065,7756706,500000
10066,106787472,7400
10067,106787472,7980
10068,7756706,500000
10069,106787472,6530
10070,106787472,6240
10071,106787472,6820
10072,106787472,5370
10073,7756706,500000
10074,106787472,6090
10075,7756706,500000
10076,7756706,500000
10077,7756706,500000
10078,106787472,15520
10079,106787472,13050
10080,7756706,500000
10081,106787472,8550
10082,106787472,6090
10083,106787472,64380
10084,7756706,500000
10085,106787472,6860
10086,106787472,3910
10087,106787472,6240
10088,106787472,10440
10089,106787472,5950
10090,106787472,6670
10091,106787472,9720
10092,7756706,500000
10093,7756706,500000
10094,106787472,12480
10095,7756706,500000
10096,106787472,8550
10097,106787472,8120
10098,7756706,500000
10099,106787472,8860
10100,7756706,500000
10101,106787472,19430
10102,7756706,500000
10103,7756706,500000
10104,106787472,4350
10105,106787472,8550
10106,106787472,5220
10107,106787472,12620
10108,106787472,5370
10109,106787472,6240
10110,7756706,500000
10111,106787472,22190
10112,7756706,500000
10113,7756706,500000
10114,106787472,7250
10115,106787472,16820
10116,106787472,22620
10117,7756706,500000
10118,106787472,5080
10119,7756706,500000
10120,106787472,86280
10121,106787472,6670
10122,106787472,12470
10123,7756706,500000
10124,106787472,22480
10125,7756706,500000
10126,106787472,5080
10127,7756706,500000
10128,7756706,500000
10129,7756706,500000
10130,106787472,10440
10131,106787472,6380
10132,106787472,113100
10133,7756706,500000
10134,7756706,500000
10135,7756706,500000
10136,106787472,52490
10137,106787472,12620
10138,7756706,500000
10139,106787472,41330
10140,106787472,6530
10141,106787472,21610
10142,106787472,7980
10143,7756706,500000
10144,7756706,500000
10145,106787472,17590
10146,106787472,5220
10147,106787472,7250
10148,7756706,500000
10149,7756706,500000
10150,7756706,500000
10151,106787472,15080
10152,7756706,500000
10153,106787472,6820
10154,106787472,9570
10155,7756706,500000
10156,106787472,3630
10157,7756706,500000
10158,106787472,15370
10159,106787472,80760
10160,7756706,500000
10161,7756706,500000
10162,7756706,500000
10163,7756706,500000
10164,106787472,4930
10165,106787472,4350
10166,106787472,28430
10167,106787472,6380
10168,106787472,8270
10169,106787472,44080
10170,106787472,10440
10171,106787472,6380
10172,7756706,500000
10173,7756706,500000
10174,106787472,7550
10175,106787472,6380
10176,106787472,6240
10177,106787472,6530
10178,106787472,8410
10179,106787472,10730
10180,7756706,500000
10181,106787472,5520
10182,106787472,114400
10183,106787472,7830
10184,7756706,500000
10185,106787472,5650
10186,7756706,500000
10187,7756706,500000
10188,106787472,8430
10189,7756706,500000
10190,106787472,14790
10191,106787472,6090
10192,106787472,24790
10193,106787472,22620
10194,106787472,7250
10195,106787472,7540
10196,106787472,4370
10197,106787472,5510
10198,7756706,500000
10199,106787472,7680
10200,106787472,10150
10201,106787472,10440
10202,7756706,500000
10203,106787472,6820
10204,7756706,500000
10205,106787472,7100
10206,106787472,6380
10207,7756706,500000
10208,106787472,7400
10209,7756706,500000
10210,106787472,6820
10211,106787472,6670
10212,106787472,11460
10213,7756706,500000
10214,7756706,500000
10215,106787472,12030
10216,7756706,500000
10217,106787472,21890
10218,7756706,500000
10219,106787472,13480
10220,106787472,11460
10221,7756706,500000
10222,7756706,500000
10223,106787472,4790
10224,106787472,9280
10225,106787472,6960
10226,106787472,9130
10227,106787472,7680
10228,7756706,500000
10229,106787472,8850
10230,7756706,500000
10231,7756706,500000
10232,106787472,6380
10233,106787472,6670
10234,106787472,6090
10235,106787472,6960
10236,106787472,18560
10237,106787472,8700
10238,106787472,7400
10239,106787472,5660
10240,106787472,17830
10241,106787472,10000
10242,106787472,19430
10243,106787472,5220
10244,106787472,7250
10245,106787472,7100
10246,106787472,11020
10247,106787472,8410
10248,7756706,500000
10249,106787472,4950
10250,106787472,5650
10251,7756706,500000
10252,106787472,17830
10253,106787472,18990
10254,106787472,11600
10255,7756706,500000
10256,106787472,8120
10257,106787472,12030
10258,106787472,15660
10259,7756706,500000
10260,106787472,7100
10261,106787472,5220
10262,7756706,500000
10263,106787472,7680
10264,7756706,500000
10265,106787472,5220
10266,7756706,500000
10267,106787472,6820
10268,106787472,8120
10269,106787472,5950
10270,106787472,7250
10271,106787472,5080
10272,106787472,9860
10273,7756706,500000
10274,106787472,8410
10275,106787472,14500
10276,106787472,6750
10277,106787472,12620
10278,106787472,10880
10279,7756706,500000
10280,106787472,9130
10281,106787472,23200
10282,7756706,500000
10283,106787472,8560
10284,7756706,500000
10285,7756706,500000
10286,106787472,11890
10287,106787472,4930
10288,106787472,8550
10289,106787472,18710
10290,106787472,10440
10291,7756706,500000
10292,7756706,500000
10293,7756706,500000
10294,106787472,9870
10295,7756706,500000
10296,106787472,10000
10297,106787472,151820
10298,106787472,8850
10299,7756706,500000
10300,7756706,500000
10301,106787472,19000
10302,106787472,5660
10303,106787472,12620
10304,106787472,7680
10305,106787472,21610
10306,7756706,500000
10307,106787472,7100
10308,106787472,10300
10309,7756706,500000
10310,7756706,500000
10311,106787472,6670
10312,7756706,500000
10313,7756706,500000
10314,7756706,500000
10315,106787472,5650
10316,106787472,45260
10317,7756706,500000
10318,7756706,500000
10319,106787472,12030
10320,7756706,500000
10321,7756706,500000
10322,106787472,15230
10323,7756706,500000
10324,106787472,7250
10325,106787472,8270
10326,7756706,500000
10327,106787472,7250
10328,7756706,500000
10329,7756706,500000
10330,106787472,5800
10331,106787472,7250
10332,106787472,12760
10333,106787472,6670
10334,7756706,500000
10335,106787472,78740
10336,106787472,9430
10337,106787472,10300
10338,7756706,500000
10339,106787472,17110
10340,106787472,7400
10341,106787472,6670
10342,106787472,10310
10343,7756706,500000
10344,106787472,4930
10345,106787472,4500
10346,106787472,7980
10347,106787472,45100
10348,106787472,9570
10349,7756706,500000
10350,7756706,500000
10351,7756706,500000
10352,106787472,6960
10353,7756706,500000
10354,7756706,500000
10355,7756706,500000
10356,7756706,500000
10357,7756706,500000
10358,7756706,500000
10359,106787472,36390
10360,106787472,5800
10361,106787472,6090
10362,7756706,500000
10363,106787472,5220
10364,7756706,500000
10365,7756706,500000
10366,106787472,6090
10367,106787472,7540
10368,7756706,500000
10369,106787472,41910
10370,7756706,500000
10371,106787472,30010
10372,7756706,500000
10373,106787472,5120
10374,7756706,500000
10375,7756706,500000
10376,7756706,500000
10377,7756706,500000
10378,106787472,8120
10379,7756706,500000
10380,106787472,7830
10381,7756706,500000
10382,7756706,500000
10383,106787472,10440
10384,106787472,17840
10385,106787472,10730
10386,7756706,500000
10387,106787472,9430
10388,106787472,11460
10389,7756706,500000
10390,7756706,500000
10391,7756706,500000
10392,106787472,6820
10393,106787472,4060
10394,7756706,500000
10395,106787472,8120
10396,106787472,4930
10397,7756706,500000
10398,7756706,500000
10399,106787472,7540
10400,106787472,6530
10401,7756706,500000
10402,106787472,9720
10403,7756706,500000
10404,7756706,500000
10405,7756706,500000
10406,106787472,6100
10407,106787472,42920
10408,7756706,500000
10409,106787472,5370
10410,106787472,16380
10411,106787472,10730
10412,7756706,500000
10413,106787472,6530
10414,106787472,13190
10415,7756706,500000
10416,7756706,500000
10417,106787472,5800
10418,106787472,30970
10419,7756706,500000
10420,106787472,11190
10421,106787472,15950
10422,106787472,5510
10423,106787472,6530
10424,7756706,500000
10425,106787472,8270
10426,106787472,18270
10427,106787472,9430
10428,106787472,6960
10429,106787472,14070
10430,106787472,6820
10431,106787472,5810
10432,106787472,12620
10433,7756706,500000
10434,7756706,500000
10435,7756706,500000
10436,7756706,500000
10437,106787472,9570
10438,7756706,500000
10439,7756706,500000
10440,7756706,500000
10441,7756706,500000
10442,7756706,500000
10443,106787472,8410
10444,106787472,8700
10445,106787472,17120
10446,106787472,5680
10447,7756706,500000
10448,106787472,5650
10449,106787472,7680
10450,106787472,8550
10451,7756706,500000
10452,106787472,8550
10453,106787472,5510
10454,106787472,6960
10455,7756706,500000
10456,106787472,6110
10457,7756706,500000
10458,7756706,500000
10459,106787472,8550
10460,106787472,7830
10461,106787472,12760
10462,106787472,10300
10463,7756706,500000
10464,106787472,8550
10465,106787472,15370
10466,106787472,12080
10467,106787472,5950
10468,7756706,500000
10469,7756706,500000
10470,106787472,9570
10471,106787472,13930
10472,7756706,500000
10473,106787472,8990
10474,106787472,5840
10475,106787472,8270
10476,7756706,500000
10477,106787472,10500
10478,106787472,6670
10479,7756706,500000
10480,7756706,500000
10481,7756706,500000
10482,7756706,500000
10483,7756706,500000
10484,7756706,500000
10485,106787472,25960
10486,106787472,5380
10487,7756706,500000
10488,106787472,22480
10489,7756706,500000
10490,7756706,500000
10491,106787472,43360
10492,106787472,25090
10493,7756706,500000
10494,106787472,8270
10495,106787472,8140
10496,106787472,8710
10497,106787472,6240
10498,106787472,5510
10499,7756706,500000
10500,106787472,10440
10501,106787472,5800
10502,106787472,23060
10503,106787472,11040
10504,106787472,11170
10505,7756706,500000
10506,106787472,12330
10507,106787472,9140
10508,7756706,500000
10509,7756706,500000
10510,106787472,12760
10511,106787472,19020
10512,7756706,500000
10513,7756706,500000
10514,7756706,500000
10515,7756706,500000
10516,106787472,21460
10517,7756706,500000
10518,7756706,500000
10519,106787472,33060
10520,7756706,500000
10521,106787472,13640
10522,7756706,500000
10523,7756706,500000
10524,7756706,500000
10525,106787472,4790
10526,106787472,5650
10527,106787472,6930
10528,7756706,500000
10529,106787472,7830
10530,106787472,15520
10531,7756706,500000
10532,7756706,500000
10533,106787472,12620
10534,106787472,15230
10535,7756706,500000
10536,106787472,8140
10537,106787472,13480
10538,7756706,500000
10539,106787472,4790
10540,106787472,12620
10541,7756706,500000
10542,106787472,5800
10543,106787472,8270
10544,7756706,500000
10545,106787472,22190
10546,106787472,8390
10547,7756706,500000
10548,106787472,5680
10549,106787472,18590
10550,7756706,500000
10551,106787472,7400
10552,7756706,500000
10553,106787472,25380
10554,106787472,9430
10555,106787472,31460
10556,7756706,500000
10557,106787472,44370
10558,106787472,9430
10559,106787472,9290
10560,7756706,500000
10561,106787472,81050
10562,7756706,500000
10563,106787472,10000
10564,106787472,7100
10565,7756706,500000
10566,106787472,3770
10567,106787472,8850
10568,7756706,500000
10569,7756706,500000
10570,106787472,8550
10571,106787472,7400
10572,106787472,6820
10573,7756706,500000
10574,106787472,6390
10575,7756706,500000
10576,106787472,5370
10577,106787472,9860
10578,7756706,500000
10579,106787472,15230
10580,106787472,6820
10581,7756706,500000
10582,106787472,3630
10583,7756706,500000
10584,106787472,6380
10585,106787472,6670
10586,106787472,118750
10587,7756706,500000
10588,106787472,12620
10589,106787472,16680
10590,106787472,5370
10591,7756706,500000
10592,106787472,6240
10593,7756706,500000
10594,7756706,500000
10595,106787472,19280
10596,7756706,500000
10597,106787472,7400
10598,106787472,5800
10599,106787472,10580
10600,7756706,500000
10601,106787472,8270
10602,106787472,19430
10603,7756706,500000
10604,7756706,500000
10605,106787472,23060
10606,106787472,5220
10607,7756706,500000
10608,106787472,6820
10609,7756706,500000
10610,106787472,7680
10611,106787472,18420
10612,7756706,500000
10613,106787472,4640
10614,106787472,8850
10615,106787472,42050
10616,106787472,9570
10617,7756706,500000
10618,106787472,6530
10619,7756706,500000
10620,7756706,500000
10621,106787472,12180
10622,7756706,500000
10623,7756706,500000
10624,106787472,20160
10625,7756706,500000
10626,7756706,500000
10627,106787472,4200
10628,7756706,500000
10629,7756706,500000
10630,7756706,500000
10631,106787472,15820
10632,106787472,6530
10633,7756706,500000
10634,7756706,500000
10635,106787472,7980
10636,7756706,500000
10637,106787472,16240
10638,106787472,24450
10639,106787472,9280
10640,7756706,500000
10641,7756706,500000
10642,106787472,5650
10643,106787472,6330
10644,106787472,5950
10645,7756706,500000
10646,7756706,500000
10647,7756706,500000
10648,7756706,500000
10649,106787472,11310
10650,106787472,7980
10651,106787472,5370
10652,7756706,500000
10653,106787472,18270
10654,106787472,5650
10655,106787472,3910
10656,106787472,13780
10657,7756706,500000
10658,106787472,7250
10659,106787472,41470
10660,7756706,500000
10661,106787472,10440
10662,7756706,500000
10663,106787472,6240
10664,7756706,500000
10665,7756706,500000
10666,106787472,7680
10667,7756706,500000
10668,7756706,500000
10669,106787472,7400
10670,7756706,500000
10671,7756706,500000
10672,106787472,6830
10673,7756706,500000
10674,7756706,500000
10675,106787472,3190
10676,106787472,18270
10677,106787472,41760
10678,7756706,500000
10679,106787472,7100
10680,7756706,500000
10681,7756706,500000
10682,7756706,500000
10683,7756706,500000
10684,106787472,15660
10685,7756706,500000
10686,106787472,8700
10687,106787472,8550
10688,106787472,5520
10689,7756706,500000
10690,106787472,3340
10691,106787472,12030
10692,106787472,11020
10693,106787472,7540
10694,7756706,500000
10695,106787472,11310
10696,106787472,12470
10697,106787472,4380
10698,7756706,500000
10699,106787472,9860
10700,106787472,7830
10701,106787472,6530
10702,106787472,10580
10703,106787472,5650
10704,7756706,500000
10705,106787472,14790
10706,7756706,500000
10707,7756706,500000
10708,7756706,500000
10709,7756706,500000
10710,106787472,22480
10711,7756706,500000
10712,106787472,5800
10713,106787472,12180
10714,7756706,500000
10715,106787472,6960
10716,7756706,500000
10717,7756706,500000
10718,7756706,500000
10719,106787472,9860
10720,106787472,11600
10721,106787472,6670
10722,106787472,5370
10723,106787472,6960
10724,7756706,500000
10725,7756706,500000
10726,7756706,500000
10727,106787472,7540
10728,7756706,500000
10729,106787472,5950
10730,7756706,500000
10731,106787472,10030
10732,106787472,17110
10733,106787472,4790
10734,7756706,500000
10735,106787472,4790
10736,7756706,500000
10737,106787472,5220
10738,106787472,8550
10739,106787472,8550
10740,106787472,8990
10741,7756706,500000
10742,7756706,500000
10743,106787472,10730
10744,106787472,8270
10745,106787472,8490
10746,7756706,500000
10747,106787472,45240
10748,106787472,6820
10749,106787472,7990
10750,106787472,5080
10751,106787472,6390
10752,106787472,5650
10753,106787472,10440
10754,106787472,7680
10755,7756706,500000
10756,106787472,18990
10757,7756706,500000
10758,7756706,500000
10759,7756706,500000
10760,106787472,5650
10761,106787472,4790
10762,7756706,500000
10763,106787472,4810
10764,106787472,9020
10765,7756706,500000
10766,7756706,500000
10767,106787472,8410
10768,7756706,500000
10769,106787472,7100
10770,7756706,500000
10771,106787472,14640
10772,7756706,500000
10773,106787472,13630
10774,106787472,15520
10775,7756706,500000
10776,7756706,500000
10777,7756706,500000
10778,106787472,5950
10779,106787472,7690
10780,106787472,7860
10781,106787472,8410
10782,7756706,500000
10783,106787472,125570
10784,106787472,7680
10785,106787472,5800
10786,106787472,5510
10787,106787472,18990
10788,106787472,11170
10789,106787472,7110
10790,106787472,9130
10791,106787472,2320
10792,7756706,500000
10793,106787472,223880
10794,7756706,500000
10795,106787472,4200
10796,106787472,13190
10797,7756706,500000
10798,106787472,5800
10799,106787472,6240
10800,106787472,6530
10801,106787472,8300
10802,7756706,500000
10803,7756706,500000
10804,106787472,6380
10805,106787472,11460
10806,106787472,11020
10807,7756706,500000
10808,106787472,5080
10809,7756706,500000
10810,106787472,15370
10811,106787472,4060
10812,106787472,14070
10813,106787472,40600
10814,7756706,500000
10815,106787472,7590
10816,106787472,8270
10817,106787472,6960
10818,106787472,9720
10819,106787472,9430
10820,106787472,7980
10821,7756706,500000
10822,106787472,11890
10823,106787472,8120
10824,106787472,6530
10825,106787472,8550
10826,106787472,9720
10827,106787472,7540
10828,106787472,6090
10829,106787472,8270
10830,106787472,12760
10831,106787472,5080
10832,106787472,4500
10833,106787472,11890
10834,7756706,500000
10835,7756706,500000
10836,106787472,6100
10837,106787472,5950
10838,106787472,12920
10839,7756706,500000
10840,7756706,500000
10841,106787472,5800
10842,106787472,10000
10843,7756706,500000
10844,106787472,6820
10845,106787472,21250
10846,7756706,500000
10847,106787472,7980
10848,106787472,9290
10849,106787472,7870
10850,7756706,500000
10851,106787472,7550
10852,106787472,12040
10853,106787472,28280
10854,106787472,7400
10855,7756706,500000
10856,106787472,6380
10857,7756706,500000
10858,106787472,5080
10859,7756706,500000
10860,106787472,16530
10861,7756706,500000
10862,7756706,500000
10863,106787472,10000
10864,106787472,7110
10865,106787472,10440
10866,7756706,500000
10867,7756706,500000
10868,106787472,12030
10869,7756706,500000
10870,106787472,5800
10871,106787472,9860
10872,106787472,5650
10873,106787472,8410
10874,106787472,5080
10875,106787472,5800
10876,7756706,500000
10877,7756706,500000
10878,106787472,49300
10879,106787472,8120
10880,106787472,24790
10881,106787472,6380
10882,106787472,7980
10883,106787472,5800
10884,106787472,5670
10885,7756706,500000
10886,7756706,500000
10887,106787472,21460
10888,7756706,500000
10889,7756706,500000
10890,106787472,10440
10891,7756706,500000
10892,7756706,500000
10893,106787472,6240
10894,7756706,500000
10895,7756706,500000
10896,7756706,500000
10897,7756706,500000
10898,7756706,500000
10899,106787472,11020
10900,7756706,500000
10901,106787472,9280
10902,106787472,6380
10903,106787472,9870
10904,7756706,500000
10905,106787472,22340
10906,106787472,22330
10907,106787472,10300
10908,7756706,500000
10909,106787472,7400
10910,7756706,500000
10911,7756706,500000
10912,106787472,6090
10913,106787472,6970
10914,7756706,500000
10915,106787472,14640
10916,106787472,7680
10917,7756706,500000
10918,7756706,500000
10919,106787472,5650
10920,7756706,500000
10921,106787472,15370
10922,106787472,7980
10923,7756706,500000
10924,106787472,46690
10925,106787472,8850
10926,106787472,4060
10927,7756706,500000
10928,106787472,6960
10929,106787472,5370
10930,7756706,500000
10931,7756706,500000
10932,7756706,500000
10933,106787472,13190
10934,106787472,10300
10935,106787472,25380
10936,106787472,14640
10937,7756706,500000
10938,106787472,27110
10939,7756706,500000
10940,106787472,8130
10941,106787472,3190
10942,106787472,4350
10943,7756706,500000
10944,7756706,500000
10945,106787472,9440
10946,7756706,500000
10947,106787472,16680
10948,106787472,6960
10949,106787472,6120
10950,106787472,5530
10951,106787472,28140
10952,106787472,6670
10953,106787472,8120
10954,106787472,9720
10955,7756706,500000
10956,7756706,500000
10957,106787472,4790
10958,106787472,11890
10959,106787472,14070
10960,106787472,3480
10961,7756706,500000
10962,106787472,6530
10963,106787472,11460
10964,106787472,5950
10965,7756706,500000
10966,106787472,10000
10967,106787472,6380
10968,106787472,43210
10969,106787472,7110
10970,7756706,500000
10971,7756706,500000
10972,7756706,500000
10973,106787472,5800
10974,7756706,500000
10975,7756706,500000
10976,106787472,12180
10977,7756706,500000
10978,106787472,8700
10979,7756706,500000
10980,106787472,7400
10981,106787472,7540
10982,106787472,17690
10983,106787472,6960
10984,106787472,7400
10985,106787472,6090
10986,7756706,500000
10987,7756706,500000
10988,106787472,5220
10989,7756706,500000
10990,106787472,5370
10991,106787472,6530
10992,106787472,6090
10993,106787472,5800
10994,106787472,9570
10995,106787472,12620
10996,106787472,43650
10997,7756706,500000
10998,106787472,19280
10999,106787472,18420
11000,7756706,500000
11001,7756706,500000
11002,7756706,500000
11003,106787472,8270
11004,106787472,6240
11005,106787472,78300
11006,106787472,29000
11007,7756706,500000
11008,7756706,500000
11009,7756706,500000
11010,106787472,6960
11011,7756706,500000
11012,106787472,9720
11013,106787472,4350
11014,106787472,10000
11015,106787472,6530
11016,7756706,500000
11017,106787472,14360
11018,7756706,500000
11019,7756706,500000
11020,7756706,500000
11021,106787472,9290
11022,106787472,5650
11023,106787472,12910
11024,106787472,4790
11025,106787472,13500
11026,7756706,500000
11027,106787472,11330
11028,7756706,500000
11029,7756706,500000
11030,7756706,500000
11031,7756706,500000
11032,106787472,6090
11033,7756706,500000
11034,106787472,3910
11035,106787472,5230
11036,106787472,7270
11037,7756706,500000
11038,106787472,4500
11039,106787472,7100
11040,106787472,11750
11041,106787472,9280
11042,7756706,500000
11043,106787472,3340
11044,106787472,11310
11045,7756706,500000
11046,106787472,6820
11047,7756706,500000
11048,7756706,500000
11049,7756706,500000
11050,7756706,500000
11051,106787472,63650
11052,7756706,500000
11053,106787472,5530
11054,106787472,10300
11055,106787472,6530
11056,106787472,6090
11057,7756706,500000
11058,106787472,10580
11059,7756706,500000
11060,7756706,500000
11061,106787472,7830
11062,7756706,500000
11063,7756706,500000
11064,106787472,7540
11065,106787472,12620
11066,106787472,7680
11067,106787472,15520
11068,106787472,9140
11069,106787472,7980
11070,7756706,500000
11071,106787472,48310
11072,7756706,500000
11073,7756706,500000
11074,106787472,11460
11075,106787472,7980
11076,7756706,500000
11077,106787472,13340
11078,7756706,500000
11079,7756706,500000
11080,7756706,500000
11081,106787472,9720
11082,7756706,500000
11083,106787472,10300
11084,106787472,8850
11085,106787472,9280
11086,106787472,13630
11087,106787472,6820
11088,106787472,10150
11089,7756706,500000
11090,106787472,16530
11091,106787472,9720
11092,7756706,500000
11093,7756706,500000
11094,7756706,500000
11095,106787472,58890
11096,106787472,6530
11097,106787472,15370
11098,106787472,115130
11099,7756706,500000
11100,7756706,500000
11101,106787472,7400
11102,106787472,8850
11103,106787472,5950
11104,7756706,500000
11105,106787472,17690
11106,106787472,8130
11107,7756706,500000
11108,106787472,4200
11109,7756706,500000
11110,106787472,4510
11111,7756706,500000
11112,106787472,5650
11113,7756706,500000
11114,106787472,5530
11115,7756706,500000
11116,106787472,6380
11117,106787472,7680
11118,7756706,500000
11119,7756706,500000
11120,106787472,6380
11121,106787472,12920
11122,106787472,13340
11123,106787472,6380
11124,7756706,500000
11125,106787472,14210
11126,106787472,25090
11127,106787472,8120
11128,7756706,500000
11129,7756706,500000
11130,7756706,500000
11131,106787472,18710
11132,106787472,11630
11133,106787472,8850
11134,106787472,79310
11135,7756706,500000
11136,106787472,5220
11137,7756706,500000
11138,106787472,14640
11139,7756706,500000
11140,106787472,8000
11141,7756706,500000
11142,7756706,500000
11143,106787472,4350
11144,106787472,7830
11145,106787472,8120
11146,106787472,6380
11147,106787472,6240
11148,7756706,500000
11149,106787472,3910
11150,106787472,7980
11151,7756706,500000
11152,106787472,11470
11153,7756706,500000
11154,7756706,500000
11155,106787472,8700
11156,106787472,5650
11157,7756706,500000
11158,7756706,500000
11159,7756706,500000
11160,106787472,7100
11161,106787472,4930
11162,7756706,500000
11163,106787472,10000
11164,106787472,11600
11165,106787472,9140
11166,7756706,500000
11167,7756706,500000
11168,106787472,15230
11169,7756706,500000
11170,106787472,12760
11171,106787472,8120
11172,7756706,500000
11173,7756706,500000
11174,106787472,5080
11175,7756706,500000
11176,106787472,47270
11177,106787472,14070
11178,106787472,6380
11179,106787472,5220
11180,106787472,8270
11181,7756706,500000
11182,7756706,500000
11183,7756706,500000
11184,7756706,500000
11185,106787472,4390
11186,106787472,7980
11187,106787472,7980
11188,106787472,4930
11189,106787472,43060
11190,106787472,5370
11191,106787472,6960
11192,7756706,500000
11193,106787472,13780
11194,106787472,9280
11195,7756706,500000
11196,7756706,500000
11197,106787472,5800
11198,106787472,12760
11199,7756706,500000
11200,7756706,500000
11201,106787472,6960
11202,7756706,500000
11203,7756706,500000
11204,7756706,500000
11205,106787472,10580
11206,106787472,5220
11207,106787472,6530
11208,106787472,7680
11209,106787472,13480
11210,106787472,6820
11211,106787472,21490
11212,106787472,14640
11213,106787472,6240
11214,7756706,500000
11215,7756706,500000
11216,7756706,500000
11217,7756706,500000
11218,7756706,500000
11219,106787472,5080
11220,106787472,4930
11221,7756706,500000
11222,7756706,500000
11223,106787472,6680
11224,106787472,6240
11225,106787472,29580
11226,7756706,500000
11227,106787472,5220
11228,7756706,500000
11229,7756706,500000
11230,106787472,12330
11231,7756706,500000
11232,7756706,500000
11233,106787472,3630
11234,106787472,44370
11235,106787472,21320
11236,106787472,5080
11237,7756706,500000
11238,106787472,16380
11239,106787472,4810
11240,106787472,5510
11241,7756706,500000
11242,7756706,500000
11243,106787472,6530
11244,106787472,4930
11245,7756706,500000
11246,106787472,7540
11247,7756706,500000
11248,106787472,16090
11249,7756706,500000
11250,7756706,500000
11251,7756706,500000
11252,106787472,13210
11253,7756706,500000
11254,106787472,9570
11255,106787472,6820
11256,7756706,500000
11257,106787472,16530
11258,7756706,500000
11259,7756706,500000
11260,7756706,500000
11261,7756706,500000
11262,7756706,500000
11263,7756706,500000
11264,106787472,10150
11265,106787472,5510
11266,7756706,500000
11267,106787472,11170
11268,7756706,500000
11269,7756706,500000
11270,106787472,5220
11271,7756706,500000
11272,106787472,4640
11273,7756706,500000
11274,106787472,8550
11275,106787472,5510
11276,7756706,500000
11277,7756706,500000
11278,106787472,4060
11279,106787472,13480
11280,106787472,6860
11281,7756706,500000
11282,7756706,500000
11283,106787472,11460
11284,106787472,4790
11285,106787472,116910
11286,7756706,500000
11287,106787472,12180
11288,106787472,13920
11289,106787472,10000
11290,106787472,5650
11291,106787472,19280
11292,106787472,8550
11293,7756706,500000
11294,106787472,7100
11295,106787472,7980
11296,7756706,500000
11297,7756706,500000
11298,106787472,16680
11299,7756706,500000
11300,106787472,6820
11301,106787472,7700
11302,106787472,6960
11303,7756706,500000
11304,106787472,26830
11305,106787472,7250
11306,106787472,7980
11307,106787472,5080
11308,7756706,500000
11309,7756706,500000
11310,7756706,500000
11311,7756706,500000
11312,7756706,500000
11313,106787472,11600
11314,106787472,6530
11315,106787472,5510
11316,7756706,500000
11317,7756706,500000
11318,106787472,13340
11319,106787472,8700
11320,106787472,80330
11321,106787472,6960
11322,7756706,500000
11323,106787472,114700
11324,7756706,500000
11325,106787472,9860
11326,7756706,500000
11327,106787472,10440
11328,106787472,15950
11329,106787472,4500
11330,106787472,30750
11331,7756706,500000
11332,106787472,6820
11333,7756706,500000
11334,7756706,500000
11335,106787472,32980
11336,7756706,500000
11337,7756706,500000
11338,106787472,15010
11339,106787472,13630
11340,7756706,500000
11341,7756706,500000
11342,7756706,500000
11343,106787472,81080
11344,106787472,5520
11345,106787472,5950
11346,106787472,9910
11347,7756706,500000
11348,7756706,500000
11349,7756706,500000
11350,106787472,6670
11351,7756706,500000
11352,106787472,7250
11353,106787472,6960
11354,106787472,7120
11355,106787472,8410
11356,7756706,500000
11357,106787472,6240
11358,7756706,500000
11359,106787472,8990
11360,106787472,9430
11361,106787472,7680
11362,7756706,500000
11363,7756706,500000
11364,106787472,42940
11365,106787472,8270
11366,106787472,9130
11367,106787472,10300
11368,7756706,500000
11369,7756706,500000
11370,106787472,9050
11371,7756706,500000
11372,7756706,500000
11373,106787472,6410
11374,106787472,6380
11375,106787472,6960
11376,106787472,7540
11377,106787472,15960
11378,7756706,500000
11379,7756706,500000
11380,7756706,500000
11381,106787472,35240
11382,106787472,10440
11383,7756706,500000
11384,106787472,6110
11385,106787472,8410
11386,106787472,4790
11387,106787472,6970
11388,7756706,500000
11389,106787472,8700
11390,7756706,500000
11391,7756706,500000
11392,106787472,7250
11393,7756706,500000
11394,106787472,6530
11395,106787472,7100
11396,106787472,6820
11397,7756706,500000
11398,106787472,5220
11399,7756706,500000
11400,106787472,8120
11401,106787472,12910
11402,106787472,6820
11403,7756706,500000
11404,106787472,5510
11405,106787472,4200
11406,106787472,11600
11407,106787472,7830
11408,106787472,6960
11409,106787472,6670
11410,106787472,10730
11411,106787472,6090
11412,7756706,500000
11413,7756705,500000
11414,7756705,500000
11415,106787472,7680
11416,106787472,9430
11417,7756705,500000
11418,7756705,500000
11419,106787472,11460
11420,106787472,14640
11421,7756705,500000
11422,7756705,500000
11423,7756705,500000
11424,7756705,500000
11425,106787472,20160
11426,106787472,10440
11427,7756705,500000
11428,106787472,6240
11429,7756705,500000
11430,7756705,500000
11431,106787472,24940
11432,106787472,6090
11433,7756705,500000
11434,106787472,9130
11435,106787472,5370
11436,7756705,500000
11437,106787472,10300
11438,7756705,500000
11439,106787472,6380
11440,106787472,19870
11441,7756705,500000
11442,106787472,6530
11443,106787472,15230
11444,106787472,7830
11445,106787472,9860
11446,106787472,23640
11447,7756705,500000
11448,106787472,6380
11449,7756705,500000
11450,7756705,500000
11451,7756705,500000
11452,106787472,8120
11453,106787472,12760
11454,106787472,6090
11455,7756705,500000
11456,106787472,16090
11457,7756705,500000
11458,106787472,11750
11459,106787472,5950
11460,106787472,9280
11461,106787472,7100
11462,106787472,23340
11463,106787472,14660
11464,106787472,7980
11465,106787472,8550
11466,7756705,500000
11467,106787472,12910
11468,106787472,18270
11469,106787472,5390
11470,7756705,500000
11471,106787472,6390
11472,7756705,500000
11473,106787472,4790
11474,7756705,500000
11475,7756705,500000
11476,106787472,9720
11477,7756705,500000
11478,106787472,6530
11479,7756705,500000
11480,7756705,500000
11481,106787472,6380
11482,106787472,6960
11483,106787472,11760
11484,7756705,500000
11485,106787472,118350
11486,106787472,11760
11487,7756705,500000
11488,106787472,6820
11489,7756705,500000
11490,7756705,500000
11491,106787472,7250
11492,7756705,500000
11493,106787472,8730
11494,7756705,500000
11495,7756705,500000
11496,7756705,500000
11497,106787472,10450
11498,7756705,500000
11499,106787472,7100
11500,106787472,4640
11501,106787472,15080
11502,106787472,9860
11503,106787472,11600
11504,7756705,500000
11505,7756705,500000
11506,7756705,500000
11507,7756705,500000
11508,7756705,500000
11509,7756705,500000
11510,7756705,500000
11511,7756705,500000
11512,106787472,4360
11513,106787472,13340
11514,106787472,13340
11515,7756705,500000
11516,7756705,500000
11517,7756705,500000
11518,106787472,9570
11519,7756705,500000
11520,106787472,12030
11521,7756705,500000
11522,7756705,500000
11523,7756705,500000
11524,106787472,7980
11525,7756705,500000
11526,7756705,500000
11527,7756705,500000
11528,106787472,11170
11529,106787472,149640
11530,7756705,500000
11531,7756705,500000
11532,106787472,6820
11533,106787472,223590
11534,7756705,500000
11535,106787472,10000
11536,106787472,7980
11537,106787472,11170
11538,7756705,500000
11539,106787472,10000
11540,106787472,8270
11541,7756705,500000
11542,7756705,500000
11543,106787472,8850
11544,106787472,19140
11545,7756705,500000
11546,106787472,10730
11547,106787472,9520
11548,106787472,3190
11549,106787472,9430
11550,7756705,500000
11551,106787472,5510
11552,7756705,500000
11553,106787472,5080
11554,7756705,500000
11555,7756705,500000
11556,106787472,28860
11557,106787472,42230
11558,106787472,11310
11559,7756705,500000
11560,106787472,14960
11561,7756705,500000
11562,106787472,5510
11563,106787472,4790
11564,7756705,500000
11565,106787472,16240
11566,106787472,6240
11567,106787472,5800
11568,106787472,8120
11569,7756705,500000
11570,106787472,15370
11571,7756705,500000
11572,106787472,7400
11573,106787472,7100
11574,106787472,20300
11575,7756705,500000
11576,106787472,20460
11577,106787472,9860
11578,106787472,7250
11579,106787472,17980
11580,7756705,500000
11581,7756705,500000
11582,7756705,500000
11583,7756705,500000
11584,106787472,11750
11585,7756705,500000
11586,106787472,12340
11587,106787472,16530
11588,7756705,500000
11589,106787472,14360
11590,7756705,500000
11591,106787472,7830
11592,106787472,6820
11593,106787472,7400
11594,106787472,9280
11595,106787472,5650
11596,106787472,4790
11597,7756705,500000
11598,106787472,16090
11599,7756705,500000
11600,7756705,500000
11601,106787472,11310
11602,7756705,500000
11603,7756705,500000
11604,106787472,11750
11605,106787472,6090
11606,106787472,118030
11607,106787472,9130
11608,7756705,500000
11609,7756705,500000
11610,106787472,9860
11611,106787472,21750
11612,106787472,7830
11613,106787472,6960
11614,106787472,26390
11615,7756705,500000
11616,7756705,500000
11617,106787472,3650
11618,7756705,500000
11619,106787472,5650
11620,106787472,9870
11621,7756705,500000
11622,106787472,22790
11623,106787472,4930
11624,7756705,500000
11625,7756705,500000
11626,7756705,500000
11627,106787472,5650
11628,106787472,7100
11629,106787472,4500
11630,106787472,7830
11631,106787472,13060
11632,7756705,500000
11633,7756705,500000
11634,106787472,13050
11635,106787472,6820
11636,106787472,41040
11637,7756705,500000
11638,106787472,24940
11639,106787472,9860
11640,106787472,10880
11641,106787472,19140
11642,106787472,5800
11643,106787472,6960
11644,106787472,8010
11645,7756705,500000
11646,7756705,500000
11647,7756705,500000
11648,106787472,7980
11649,7756705,500000
11650,106787472,9430
11651,106787472,9570
11652,106787472,11020
11653,7756705,500000
11654,7756705,500000
11655,106787472,5950
11656,106787472,4930
11657,106787472,9620
11658,7756705,500000
11659,106787472,5950
11660,106787472,10580
11661,106787472,8550
11662,106787472,10150
11663,7756705,500000
11664,106787472,6820
11665,106787472,44230
11666,106787472,9860
11667,7756705,500000
11668,106787472,11610
11669,7756705,500000
11670,106787472,7680
11671,106787472,7980
11672,106787472,7100
11673,7756705,500000
11674,7756705,500000
11675,7756705,500000
11676,7756705,500000
11677,106787472,8990
11678,7756705,500000
11679,106787472,5390
11680,106787472,15230
11681,7756705,500000
11682,106787472,33210
11683,7756705,500000
11684,106787472,16240
11685,7756705,500000
11686,7756705,500000
11687,106787472,9130
11688,7756705,500000
11689,106787472,7250
11690,106787472,10300
11691,106787472,6440
11692,106787472,15520
11693,106787472,15820
11694,106787472,5950
11695,106787472,8990
11696,106787472,5510
11697,106787472,5950
11698,7756705,500000
11699,106787472,10440
11700,106787472,5370
11701,106787472,9020
11702,106787472,3910
11703,7756705,500000
11704,106787472,45390
11705,7756705,500000
11706,106787472,5800
11707,106787472,8140
11708,7756705,500000
11709,7756705,500000
11710,106787472,8410
11711,106787472,5220
11712,106787472,47560
11713,7756705,500000
11714,106787472,114410
11715,7756705,500000
11716,7756705,500000
11717,7756705,500000
11718,7756705,500000
11719,7756705,500000
11720,7756705,500000
11721,106787472,20590
11722,106787472,4640
11723,7756705,500000
11724,106787472,12470
11725,106787472,5370
11726,7756705,500000
11727,106787472,8560
11728,106787472,7540
11729,106787472,16240
11730,7756705,500000
11731,106787472,6820
11732,7756705,500000
11733,106787472,5220
11734,7756705,500000
11735,7756705,500000
11736,106787472,15080
11737,106787472,5650
11738,106787472,21170
11739,106787472,4500
11740,7756705,500000
11741,7756705,500000
11742,106787472,7250
11743,7756705,500000
11744,106787472,4090
11745,106787472,10000
11746,7756705,500000
11747,106787472,7260
11748,106787472,10000
11749,106787472,6820
11750,7756705,500000
11751,106787472,11020
11752,7756705,500000
11753,7756705,500000
11754,106787472,7540
11755,7756705,500000
11756,106787472,10440
11757,106787472,18130
11758,7756705,500000
11759,7756705,500000
11760,106787472,7400
11761,106787472,114400
11762,7756705,500000
11763,106787472,7830
11764,7756705,500000
11765,106787472,11020
11766,106787472,6090
11767,7756705,500000
11768,7756705,500000
11769,106787472,7680
11770,7756705,500000
11771,7756705,500000
11772,7756705,500000
11773,106787472,8700
11774,7756705,500000
11775,106787472,6670
11776,106787472,11460
11777,7756705,500000
11778,7756705,500000
11779,7756705,500000
11780,106787472,12330
11781,106787472,9430
11782,106787472,6110
11783,106787472,10010
11784,106787472,13340
11785,7756705,500000
11786,106787472,8550
11787,7756705,500000
11788,106787472,5220
11789,7756705,500000
11790,106787472,8270
11791,106787472,18990
11792,106787472,5080
11793,7756705,500000
11794,106787472,7400
11795,7756705,500000
11796,106787472,7680
11797,7756705,500000
11798,106787472,11170
11799,106787472,8700
11800,106787472,5950
11801,106787472,114840
11802,106787472,20010
11803,7756705,500000
11804,106787472,9720
11805,106787472,5230
11806,106787472,43650
11807,106787472,8270
11808,7756705,500000
11809,7756705,500000
11810,7756705,500000
11811,106787472,14360
11812,7756705,500000
11813,7756705,500000
11814,106787472,8410
11815,106787472,8270
11816,7756705,500000
11817,106787472,5650
11818,7756705,500000
11819,7756705,500000
11820,106787472,4790
11821,106787472,7540
11822,106787472,8410
11823,7756705,500000
11824,7756705,500000
11825,106787472,16090
11826,7756705,500000
11827,106787472,7830
11828,106787472,17120
11829,7756705,500000
11830,106787472,7100
11831,7756705,500000
11832,7756705,500000
11833,7756705,500000
11834,7756705,500000
11835,106787472,10580
11836,106787472,11600
11837,106787472,8700
11838,7756705,500000
11839,7756705,500000
11840,7756705,500000
11841,106787472,6820
11842,7756705,500000
11843,7756705,500000
11844,106787472,9130
11845,7756705,500000
11846,106787472,13630
11847,106787472,8730
11848,106787472,11030
11849,106787472,9280
11850,7756705,500000
11851,7756705,500000
11852,106787472,11460
11853,7756705,500000
11854,106787472,7830
11855,7756705,500000
11856,106787472,9430
11857,7756705,500000
11858,106787472,7680
11859,106787472,9570
11860,106787472,4350
11861,106787472,8270
11862,106787472,12470
11863,106787472,12920
11864,7756705,500000
11865,7756705,500000
11866,7756705,500000
11867,106787472,7980
11868,7756705,500000
11869,7756705,500000
11870,106787472,7400
11871,106787472,6380
11872,106787472,13480
11873,106787472,10750
11874,7756705,500000
11875,7756705,500000
11876,7756705,500000
11877,106787472,8990
11878,106787472,8410
11879,106787472,17420
11880,106787472,7680
11881,106787472,21750
11882,106787472,5370
11883,106787472,8700
11884,106787472,7830
11885,7756705,500000
11886,7756705,500000
11887,106787472,13050
11888,7756705,500000
11889,106787472,16820
11890,106787472,7990
11891,7756705,500000
11892,106787472,10580
11893,7756705,500000
11894,106787472,7250
11895,7756705,500000
11896,106787472,48860
11897,106787472,5080
11898,106787472,21750
11899,106787472,10000
11900,106787472,8120
11901,106787472,9280
11902,106787472,42340
11903,106787472,4640
11904,106787472,9170
11905,7756705,500000
11906,7756705,500000
11907,106787472,7680
11908,106787472,9580
11909,7756705,500000
11910,106787472,7400
11911,7756705,500000
11912,106787472,9280
11913,7756705,500000
11914,106787472,13190
11915,7756705,500000
11916,7756705,500000
11917,7756705,500000
11918,106787472,5800
11919,7756705,500000
11920,106787472,4360
11921,106787472,4790
11922,7756705,500000
11923,106787472,7540
11924,106787472,21780
11925,106787472,7540
11926,106787472,16380
11927,106787472,24220
11928,106787472,6670
11929,106787472,7830
11930,106787472,11170
11931,106787472,6820
11932,106787472,8730
11933,106787472,12180
11934,106787472,11310
11935,106787472,6960
11936,7756705,500000
11937,106787472,9130
11938,7756705,500000
11939,7756705,500000
11940,106787472,16090
11941,106787472,8270
11942,106787472,9280
11943,106787472,9860
11944,106787472,6380
11945,106787472,6970
11946,7756705,500000
11947,106787472,18710
11948,7756705,500000
11949,7756705,500000
11950,106787472,8700
11951,106787472,5960
11952,106787472,26830
11953,106787472,6960
11954,106787472,9570
11955,7756705,500000
11956,7756705,500000
11957,7756705,500000
11958,7756705,500000
11959,106787472,7680
11960,7756705,500000
11961,7756705,500000
11962,7756705,500000
11963,106787472,5960
11964,7756705,500000
11965,106787472,4060
11966,7756705,500000
11967,106787472,10880
11968,7756705,500000
11969,106787472,10150
11970,7756705,500000
11971,106787472,11460
11972,7756705,500000
11973,7756705,500000
11974,7756705,500000
11975,106787472,5220
11976,106787472,12620
11977,106787472,9130
11978,7756705,500000
11979,106787472,17540
11980,106787472,8700
11981,106787472,8850
11982,106787472,7540
11983,7756705,500000
11984,106787472,6240
11985,106787472,9920
11986,7756705,500000
11987,106787472,6240
11988,7756705,500000
11989,7756705,500000
11990,106787472,5510
11991,7756705,500000
11992,7756705,500000
11993,7756705,500000
11994,7756705,500000
11995,106787472,16970
11996,106787472,8700
11997,106787472,8990
11998,7756705,500000
11999,7756705,500000
12000,7756705,500000
12001,7756705,500000
12002,7756705,500000
12003,7756705,500000
12004,106787472,10440
12005,7756705,500000
12006,7756705,500000
12007,106787472,18990
12008,106787472,5800
12009,106787472,5510
12010,7756705,500000
12011,106787472,7400
12012,106787472,7540
12013,106787472,16250
12014,7756705,500000
12015,106787472,8850
12016,7756705,500000
12017,106787472,83950
12018,106787472,21460
12019,106787472,7680
12020,7756705,500000
12021,7756705,500000
12022,7756705,500000
12023,106787472,6960
12024,7756705,500000
12025,7756705,500000
12026,106787472,9720
12027,106787472,8850
12028,7756705,500000
12029,106787472,42340
12030,106787472,19720
12031,106787472,7850
12032,7756705,500000
12033,106787472,13500
12034,106787472,14070
12035,7756705,500000
12036,7756705,500000
12037,7756705,500000
12038,7756705,500000
12039,106787472,11310
12040,7756705,500000
12041,106787472,10730
12042,106787472,17260
12043,106787472,12470
12044,7756705,500000
12045,7756705,500000
12046,106787472,7540
12047,106787472,8120
12048,7756705,500000
12049,7756705,500000
12050,106787472,7100
12051,7756705,500000
12052,7756705,500000
12053,106787472,13780
12054,7756705,500000
12055,106787472,5510
12056,106787472,9130
12057,106787472,5080
12058,7756705,500000
12059,106787472,6240
12060,7756705,500000
12061,7756705,500000
12062,7756705,500000
12063,7756705,500000
12064,7756705,500000
12065,106787472,7400
12066,106787472,5800
12067,106787472,9570
12068,7756705,500000
12069,7756705,500000
12070,7756705,500000
12071,7756705,500000
12072,7756705,500000
12073,7756705,500000
12074,7756705,500000
12075,7756705,500000
12076,106787472,15080
12077,106787472,9430
12078,106787472,8700
12079,7756705,500000
12080,106787472,52780
12081,106787472,9130
12082,106787472,6960
12083,7756705,500000
12084,7756705,500000
12085,7756705,500000
12086,106787472,6240
12087,106787472,7400
12088,7756705,500000
12089,7756705,500000
12090,7756705,500000
12091,106787472,5650
12092,106787472,9130
12093,106787472,8550
12094,106787472,12330
12095,106787472,5220
12096,106787472,6820
12097,106787472,9130
12098,7756705,500000
12099,7756705,500000
12100,106787472,4810
12101,7756705,500000
12102,106787472,7250
12103,106787472,8280
12104,106787472,4200
12105,106787472,9570
12106,7756705,500000
12107,7756705,500000
12108,106787472,8120
12109,7756705,500000
12110,106787472,11490
12111,106787472,7260
12112,7756705,500000
12113,106787472,9570
12114,7756705,500000
12115,106787472,9430
12116,106787472,5370
12117,106787472,3930
12118,7756705,500000
12119,106787472,8850
12120,106787472,6530
12121,106787472,6100
12122,106787472,9730
12123,106787472,6960
12124,106787472,11030
12125,7756705,500000
12126,7756705,500000
12127,106787472,15370
12128,106787472,15380
12129,106787472,4500
12130,7756705,500000
12131,106787472,6240
12132,7756705,500000
12133,7756705,500000
12134,7756705,500000
12135,106787472,7400
12136,106787472,7540
12137,106787472,13050
12138,106787472,5690
12139,7756705,500000
12140,106787472,128760
12141,7756705,500000
12142,7756705,500000
12143,106787472,8550
12144,106787472,6820
12145,7756705,500000
12146,106787472,7100
12147,106787472,8270
12148,106787472,5510
12149,7756705,500000
12150,106787472,16820
12151,7756705,500000
12152,106787472,12910
12153,106787472,14790
12154,7756705,500000
12155,106787472,9130
12156,106787472,6400
12157,106787472,43500
12158,106787472,8700
12159,106787472,7270
12160,106787472,6820
12161,7756705,500000
12162,106787472,9040
12163,106787472,4960
12164,7756705,500000
12165,106787472,5230
12166,106787472,6670
12167,7756705,500000
12168,7756705,500000
12169,106787472,8990
12170,106787472,5510
12171,106787472,14670
12172,106787472,10580
12173,106787472,14090
12174,7756705,500000
12175,7756705,500000
12176,106787472,7250
12177,106787472,15080
12178,106787472,9280
12179,106787472,4790
12180,106787472,8710
12181,106787472,10000
12182,7756705,500000
12183,106787472,16820
12184,7756705,500000
12185,106787472,6410
12186,106787472,17260
12187,7756705,500000
12188,7756705,500000
12189,106787472,4640
12190,106787472,7100
12191,106787472,8270
12192,106787472,7100
12193,7756705,500000
12194,7756705,500000
12195,7756705,500000
12196,7756705,500000
12197,7756705,500000
12198,106787472,9570
12199,106787472,5080
12200,7756705,500000
12201,106787472,9070
12202,106787472,4500
12203,7756705,500000
12204,7756705,500000
12205,7756705,500000
12206,106787472,6380
12207,106787472,27690
12208,7756705,500000
12209,7756705,500000
12210,106787472,9430
12211,106787472,27410
12212,106787472,5800
12213,7756705,500000
12214,7756705,500000
12215,106787472,6530
12216,106787472,4640
12217,106787472,16380
12218,106787472,7260
12219,106787472,10150
12220,7756705,500000
12221,106787472,26830
12222,106787472,15810
12223,106787472,7680
12224,7756705,500000
12225,7756705,500000
12226,106787472,30490
12227,7756705,500000
12228,7756705,500000
12229,106787472,7540
12230,106787472,19720
12231,7756705,500000
12232,106787472,7490
12233,7756705,500000
12234,106787472,8550
12235,7756705,500000
12236,106787472,14210
12237,7756705,500000
12238,7756705,500000
12239,106787472,8410
12240,7756705,500000
12241,106787472,10150
12242,106787472,15950
12243,106787472,6960
12244,7756705,500000
12245,7756705,500000
12246,7756705,500000
12247,106787472,6530
12248,7756705,500000
12249,106787472,7980
12250,106787472,10580
12251,106787472,6670
12252,7756705,500000
12253,106787472,4060
12254,7756705,500000
12255,106787472,7540
12256,106787472,7400
12257,7756705,500000
12258,7756705,500000
12259,7756705,500000
12260,7756705,500000
12261,7756705,500000
12262,106787472,17980
12263,7756705,500000
12264,7756705,500000
12265,106787472,37840
12266,106787472,5220
12267,106787472,7400
12268,7756705,500000
12269,106787472,5510
12270,7756705,500000
12271,7756705,500000
12272,106787472,6240
12273,106787472,5650
12274,7756705,500000
12275,7756705,500000
12276,106787472,4790
12277,106787472,123830
12278,106787472,9720
12279,106787472,13630
12280,7756705,500000
12281,7756705,500000
12282,7756705,500000
12283,106787472,15370
12284,7756705,500000
12285,106787472,6530
12286,106787472,7100
12287,106787472,16820
12288,7756705,500000
12289,106787472,7540
12290,106787472,12620
12291,106787472,4790
12292,7756705,500000
12293,106787472,7100
12294,7756705,500000
12295,106787472,10890
12296,7756705,500000
12297,7756705,500000
12298,106787472,11890
12299,7756705,500000
12300,106787472,6960
12301,106787472,6090
12302,106787472,4790
12303,106787472,6820
12304,7756705,500000
12305,106787472,8410
12306,7756705,500000
12307,106787472,4060
12308,106787472,21170
12309,106787472,14790
12310,7756705,500000
12311,7756705,500000
12312,106787472,11310
12313,7756705,500000
12314,106787472,7400
12315,106787472,9130
12316,7756705,500000
12317,7756705,500000
12318,106787472,10150
12319,106787472,179220
12320,7756705,500000
12321,7756705,500000
12322,106787472,17580
12323,106787472,9430
12324,7756705,500000
12325,7756705,500000
12326,106787472,17690
12327,106787472,4930
12328,7756705,500000
12329,7756705,500000
12330,7756705,500000
12331,106787472,12180
12332,7756705,500000
12333,7756705,500000
12334,106787472,9430
12335,7756705,500000
12336,7756705,500000
12337,7756705,500000
12338,106787472,6380
12339,106787472,10880
12340,106787472,5950
12341,7756705,500000
12342,7756705,500000
12343,106787472,6670
12344,106787472,8420
12345,106787472,11890
12346,106787472,18990
12347,106787472,6090
12348,106787472,4060
12349,106787472,12470
12350,106787472,3630
12351,7756705,500000
12352,106787472,5080
12353,7756705,500000
12354,7756705,500000
12355,106787472,4950
12356,106787472,14930
12357,106787472,11890
12358,106787472,18850
12359,7756705,500000
12360,7756705,500000
12361,106787472,6960
12362,7756705,500000
12363,106787472,49450
12364,7756705,500000
12365,7756705,500000
12366,7756705,500000
12367,106787472,6970
12368,7756705,500000
12369,7756705,500000
12370,106787472,6530
12371,7756705,500000
12372,106787472,5650
12373,106787472,8850
12374,106787472,6090
12375,106787472,6240
12376,106787472,11460
12377,106787472,9430
12378,7756705,500000
12379,106787472,11020
12380,7756705,500000
12381,7756705,500000
12382,7756705,500000
12383,106787472,8120
12384,7756705,500000
12385,106787472,5950
12386,106787472,9130
12387,7756705,500000
12388,106787472,8270
12389,7756705,500000
12390,106787472,13480
12391,106787472,8550
12392,106787472,10880
12393,7756705,500000
12394,7756705,500000
12395,106787472,5220
12396,106787472,6380
12397,7756705,500000
12398,106787472,18710
12399,106787472,8550
12400,106787472,4790
12401,106787472,34230
12402,106787472,15230
12403,7756705,500000
12404,106787472,7980
12405,106787472,7100
12406,106787472,6090
12407,7756705,500000
12408,7756705,500000
12409,106787472,6960
12410,106787472,5650
12411,106787472,16680
12412,7756705,500000
12413,7756705,500000
12414,7756705,500000
12415,106787472,7830
12416,106787472,7830
12417,106787472,11600
12418,106787472,7840
12419,106787472,8410
12420,106787472,14370
12421,7756705,500000
12422,106787472,11170
12423,106787472,16820
12424,106787472,11900
12425,7756705,500000
12426,106787472,7990
12427,7756705,500000
12428,106787472,6960
12429,106787472,7400
12430,106787472,5800
12431,7756705,500000
12432,106787472,6380
12433,7756705,500000
12434,106787472,11460
12435,7756705,500000
12436,106787472,5650
12437,106787472,17420
12438,7756705,500000
12439,7756705,500000
12440,106787472,10000
12441,106787472,9430
12442,7756705,500000
12443,106787472,6240
12444,7756705,500000
12445,7756705,500000
12446,106787472,24220
12447,106787472,20160
12448,106787472,5370
12449,7756705,500000
12450,106787472,9580
12451,7756705,500000
12452,106787472,8270
12453,106787472,52200
12454,106787472,16380
12455,106787472,9430
12456,106787472,4060
12457,106787472,10880
12458,106787472,7540
12459,106787472,5510
12460,106787472,7830
12461,106787472,6090
12462,106787472,8560
12463,7756705,500000
12464,7756705,500000
12465,7756705,500000
12466,106787472,5220
12467,7756705,500000
12468,106787472,5510
12469,7756705,500000
12470,7756705,500000
12471,106787472,10300
12472,106787472,6240
12473,7756705,500000
12474,106787472,30030
12475,106787472,19870
12476,106787472,5370
12477,7756705,500000
12478,106787472,7980
12479,7756705,500000
12480,7756705,500000
12481,106787472,23490
12482,106787472,9570
12483,106787472,6670
12484,106787472,11910
12485,7756705,500000
12486,106787472,10150
12487,7756705,500000
12488,7756705,500000
12489,7756705,500000
12490,106787472,19720
12491,106787472,8550
12492,7756705,500000
12493,7756705,500000
12494,106787472,5660
12495,7756705,500000
12496,106787472,9130
12497,106787472,6670
12498,106787472,7260
12499,106787472,6970
12500,106787472,6240
12501,106787472,15950
12502,106787472,6670
12503,106787472,6240
12504,106787472,9860
12505,106787472,9860
12506,106787472,7250
12507,7756705,500000
12508,7756705,500000
12509,106787472,9130
12510,106787472,16090
12511,106787472,13190
12512,106787472,17980
12513,7756705,500000
12514,7756705,500000
12515,106787472,17280
12516,7756705,500000
12517,106787472,4930
12518,7756705,500000
12519,106787472,5510
12520,7756705,500000
12521,106787472,10320
12522,7756705,500000
12523,7756705,500000
12524,106787472,18130
12525,106787472,12180
12526,7756705,500000
12527,106787472,5650
12528,106787472,5370
12529,7756705,500000
12530,7756705,500000
12531,7756705,500000
12532,106787472,8410
12533,7756705,500000
12534,106787472,5650
12535,106787472,8460
12536,106787472,11310
12537,106787472,6530
12538,106787472,7680
12539,106787472,19140
12540,7756705,500000
12541,106787472,7400
12542,7756705,500000
12543,106787472,8270
12544,106787472,7540
12545,106787472,7830
12546,106787472,5800
12547,106787472,6960
12548,106787472,11170
12549,7756705,500000
12550,106787472,7540
12551,7756705,500000
12552,106787472,6380
12553,7756705,500000
12554,106787472,5080
12555,106787472,7980
12556,106787472,6530
12557,106787472,15520
12558,106787472,4930
12559,106787472,4500
12560,106787472,15950
12561,106787472,8550
12562,106787472,7980
12563,106787472,8280
12564,106787472,7680
12565,7756705,500000
12566,7756705,500000
12567,7756705,500000
12568,7756705,500000
12569,106787472,23780
12570,106787472,4790
12571,106787472,6820
12572,7756705,500000
12573,7756705,500000
12574,106787472,7400
12575,106787472,13480
12576,106787472,6530
12577,106787472,7550
12578,106787472,5950
12579,106787472,4350
12580,7756705,500000
12581,106787472,6240
12582,106787472,5810
12583,106787472,21460
12584,106787472,6820
12585,106787472,6820
12586,7756705,500000
12587,106787472,7100
12588,106787472,4200
12589,7756705,500000
12590,106787472,22910
12591,7756705,500000
12592,106787472,6710
12593,106787472,8120
12594,106787472,31030
12595,106787472,14220
12596,106787472,7830
12597,106787472,13630
12598,106787472,6820
12599,7756705,500000
12600,106787472,11460
12601,106787472,6960
12602,7756705,500000
12603,7756705,500000
12604,106787472,18270
12605,106787472,4940
12606,106787472,7830
12607,106787472,5660
12608,7756705,500000
12609,106787472,14360
12610,7756705,500000
12611,106787472,31180
12612,7756705,500000
12613,106787472,4350
12614,7756705,500000
12615,7756705,500000
12616,106787472,6960
12617,106787472,10300
12618,106787472,12910
12619,106787472,9280
12620,7756705,500000
12621,106787472,16820
12622,106787472,85160
12623,7756705,500000
12624,7756705,500000
12625,106787472,10150
12626,106787472,40740
12627,106787472,8550
12628,106787472,5220
12629,7756705,500000
12630,106787472,18990
12631,7756705,500000
12632,106787472,11020
12633,106787472,10580
12634,106787472,13070
12635,7756705,500000
12636,106787472,18850
12637,7756705,500000
12638,106787472,6820
12639,106787472,15810
12640,106787472,7100
12641,106787472,7400
12642,106787472,4930
12643,7756705,500000
12644,106787472,5800
12645,7756705,500000
12646,7756705,500000
12647,7756705,500000
12648,106787472,6830
12649,106787472,17540
12650,106787472,8120
12651,106787472,3480
12652,7756705,500000
12653,106787472,8700
12654,7756705,500000
12655,106787472,8140
12656,7756705,500000
12657,106787472,9590
12658,106787472,8700
12659,106787472,8550
12660,106787472,12620
12661,106787472,15810
12662,106787472,4640
12663,106787472,8120
12664,106787472,6530
12665,106787472,47560
12666,106787472,10450
12667,106787472,10170
12668,7756705,500000
12669,106787472,18850
12670,7756705,500000
12671,106787472,6960
12672,7756705,500000
12673,106787472,5800
12674,106787472,16090
12675,7756705,500000
12676,7756705,500000
12677,106787472,10150
12678,106787472,6090
12679,106787472,8410
12680,106787472,8850
12681,7756705,500000
12682,106787472,21170
12683,106787472,5510
12684,7756705,500000
12685,7756705,500000
12686,106787472,7540
12687,7756705,500000
12688,106787472,7270
12689,7756705,500000
12690,106787472,7690
12691,7756705,500000
12692,106787472,8410
12693,7756705,500000
12694,106787472,8420
12695,7756705,500000
12696,106787472,15660
12697,106787472,7680
12698,7756705,500000
12699,7756705,500000
12700,106787472,23340
12701,7756705,500000
12702,106787472,5650
12703,7756705,500000
12704,7756705,500000
12705,106787472,9570
12706,7756705,500000
12707,106787472,6530
12708,106787472,5510
12709,106787472,5800
12710,106787472,10440
12711,106787472,6820
12712,106787472,7980
12713,106787472,30010
12714,7756705,500000
12715,106787472,4790
12716,7756705,500000
12717,106787472,7700
12718,7756705,500000
12719,106787472,46690
12720,106787472,48580
12721,106787472,7250
12722,7756705,500000
12723,106787472,18420
12724,106787472,6530
12725,106787472,45390
12726,106787472,4500
12727,7756705,500000
12728,7756705,500000
12729,7756705,500000
12730,106787472,7540
12731,106787472,8270
12732,106787472,7840
12733,106787472,29140
12734,106787472,4060
12735,7756705,500000
12736,7756705,500000
12737,106787472,7980
12738,106787472,42920
12739,106787472,13340
12740,7756705,500000
12741,106787472,6980
12742,106787472,6530
12743,106787472,19280
12744,7756705,500000
12745,106787472,27550
12746,7756705,500000
12747,106787472,7400
12748,106787472,7250
12749,106787472,17400
12750,7756705,500000
12751,106787472,4650
12752,106787472,22350
12753,7756705,500000
12754,7756705,500000
12755,7756705,500000
12756,106787472,7680
12757,7756705,500000
12758,106787472,7540
12759,7756705,500000
12760,106787472,21610
12761,7756705,500000
12762,7756705,500000
12763,7756705,500000
12764,7756705,500000
12765,7756705,500000
12766,106787472,5650
12767,106787472,8410
12768,106787472,8850
12769,106787472,8130
12770,106787472,5370
12771,106787472,9130
12772,106787472,12180
12773,106787472,6530
12774,106787472,15370
12775,7756705,500000
12776,106787472,12620
12777,7756705,500000
12778,7756705,500000
12779,106787472,12330
12780,106787472,16530
12781,106787472,6380
12782,106787472,5650
12783,7756705,500000
12784,106787472,11940
12785,106787472,8270
12786,106787472,10300
12787,106787472,7540
12788,106787472,5370
12789,7756705,500000
12790,106787472,5810
12791,106787472,5670
12792,106787472,8410
12793,106787472,19720
12794,7756705,500000
12795,106787472,7680
12796,106787472,12910
12797,7756705,500000
12798,106787472,7100
12799,106787472,16680
12800,7756705,500000
12801,7756705,500000
12802,106787472,9130
12803,7756705,500000
12804,7756705,500000
12805,7756705,500000
12806,7756705,500000
12807,106787472,11750
12808,106787472,4660
12809,106787472,10440
12810,106787472,11460
12811,7756705,500000
12812,7756705,500000
12813,106787472,11460
12814,106787472,45390
12815,106787472,6680
12816,7756705,500000
12817,7756705,500000
12818,7756705,500000
12819,106787472,18130
12820,106787472,5510
12821,7756705,500000
12822,106787472,9860
12823,7756705,500000
12824,106787472,8990
12825,106787472,9720
12826,7756705,500000
12827,106787472,7540
12828,106787472,5650
12829,106787472,10580
12830,7756705,500000
12831,106787472,4790
12832,106787472,10000
12833,106787472,9720
12834,7756705,500000
12835,7756705,500000
12836,106787472,10300
12837,7756705,500000
12838,106787472,7400
12839,106787472,5510
12840,106787472,6240
12841,7756705,500000
12842,106787472,9860
12843,106787472,81930
12844,7756705,500000
12845,106787472,18130
12846,106787472,16240
12847,7756705,500000
12848,7756705,500000
12849,7756705,500000
12850,7756705,500000
12851,106787472,9130
12852,106787472,5800
12853,7756705,500000
12854,7756705,500000
12855,7756705,500000
12856,106787472,6120
12857,106787472,4870
12858,7756705,500000
12859,106787472,7980
12860,106787472,10300
12861,7756705,500000
12862,106787472,8990
12863,106787472,3630
12864,106787472,9430
12865,106787472,7280
12866,7756705,500000
12867,106787472,7400
12868,106787472,7100
12869,7756705,500000
12870,7756705,500000
12871,7756705,500000
12872,106787472,10060
12873,106787472,4640
12874,7756705,500000
12875,106787472,9300
12876,106787472,10440
12877,7756705,500000
12878,106787472,16820
12879,7756705,500000
12880,106787472,15810
12881,106787472,5680
12882,106787472,12030
12883,7756705,500000
12884,7756705,500000
12885,106787472,6820
12886,106787472,12470
12887,106787472,7680
12888,106787472,5510
12889,7756705,500000
12890,7756705,500000
12891,106787472,11310
12892,106787472,5650
12893,106787472,6960
12894,106787472,6090
12895,7756705,500000
12896,7756705,500000
12897,106787472,6380
12898,106787472,10050
12899,7756705,500000
12900,106787472,222150
12901,7756705,500000
12902,106787472,7980
12903,7756705,500000
12904,106787472,6590
12905,106787472,48430
12906,106787472,5370
12907,106787472,13630
12908,7756705,500000
12909,7756705,500000
12910,7756705,500000
12911,106787472,5960
12912,7756705,500000
12913,106787472,4790
12914,106787472,7100
12915,106787472,8280
12916,106787472,17830
12917,106787472,8410
12918,106787472,46130
12919,106787472,5080
12920,7756705,500000
12921,106787472,4530
12922,106787472,12340
12923,106787472,8410
12924,106787472,9570
12925,106787472,6960
12926,106787472,6820
12927,106787472,8120
12928,7756705,500000
12929,106787472,6820
12930,106787472,9860
12931,106787472,6380
12932,106787472,6240
12933,7756705,500000
12934,106787472,7400
12935,106787472,21610
12936,106787472,7540
12937,7756705,500000
12938,106787472,15080
12939,106787472,14070
12940,106787472,7850
12941,106787472,7680
12942,7756705,500000
12943,7756705,500000
12944,106787472,7980
12945,106787472,61770
12946,106787472,6980
12947,7756705,500000
12948,106787472,11170
12949,7756705,500000
12950,7756705,500000
12951,7756705,500000
12952,7756705,500000
12953,106787472,11020
12954,106787472,8550
12955,7756705,500000
12956,7756705,500000
12957,7756705,500000
12958,106787472,14220
12959,106787472,7400
12960,7756705,500000
12961,106787472,7100
12962,106787472,15230
12963,7756705,500000
12964,7756705,500000
12965,106787472,10440
12966,7756705,500000
12967,7756705,500000
12968,106787472,12180
12969,7756705,500000
12970,106787472,6960
12971,106787472,3780
12972,7756705,500000
12973,106787472,16090
12974,106787472,6610
12975,106787472,5950
12976,106787472,9430
12977,106787472,48060
12978,106787472,6960
12979,106787472,8120
12980,106787472,14790
12981,7756705,500000
12982,106787472,8990
12983,106787472,6540
12984,7756705,500000
12985,106787472,11890
12986,106787472,4500
12987,7756705,500000
12988,106787472,225330
12989,7756705,500000
12990,106787472,4360
12991,7756705,500000
12992,106787472,12910
12993,106787472,46260
12994,106787472,4790
12995,7756705,500000
12996,7756705,500000
12997,106787472,6670
12998,106787472,6270
12999,106787472,10600
13000,7756705,500000
13001,7756705,500000
13002,7756705,500000
13003,7756705,500000
13004,106787472,15950
13005,106787472,7400
13006,106787472,7400
13007,7756705,500000
13008,7756705,500000
13009,106787472,221710
13010,106787472,6820
13011,106787472,6820
13012,7756705,500000
13013,106787472,13630
13014,106787472,12330
13015,7756705,500000
13016,106787472,7400
13017,106787472,9300
13018,106787472,13190
13019,7756705,500000
13020,7756705,500000
13021,7756705,500000
13022,106787472,6820
13023,106787472,13500
13024,106787472,27550
13025,106787472,7980
13026,7756705,500000
13027,106787472,8270
13028,106787472,5370
13029,106787472,12180
13030,106787472,18850
13031,7756705,500000
13032,106787472,6830
13033,7756705,500000
13034,106787472,5510
13035,106787472,49740
13036,106787472,9720
13037,106787472,5510
13038,7756705,500000
13039,7756705,500000
13040,106787472,18270
13041,106787472,4930
13042,106787472,6090
13043,106787472,6380
13044,7756705,500000
13045,7756705,500000
13046,7756705,500000
13047,106787472,6090
13048,7756705,500000
13049,106787472,15810
13050,7756705,500000
13051,7756705,500000
13052,106787472,5650
13053,106787472,6820
13054,7756705,500000
13055,106787472,17540
13056,106787472,8860
13057,7756705,500000
13058,106787472,4420
13059,7756705,500000
13060,7756705,500000
13061,106787472,11600
13062,106787472,11460
13063,7756705,500000
13064,7756705,500000
13065,7756705,500000
13066,106787472,15520
13067,106787472,8550
13068,106787472,10590
13069,7756705,500000
13070,106787472,8120
13071,7756705,500000
13072,7756705,500000
13073,106787472,13630
13074,106787472,30010
13075,106787472,7100
13076,7756705,500000
13077,7756705,500000
13078,106787472,9290
13079,106787472,15230
13080,7756705,500000
13081,7756705,500000
13082,106787472,7100
13083,7756705,500000
13084,106787472,13050
13085,106787472,7100
13086,106787472,6850
13087,7756705,500000
13088,106787472,5080
13089,7756705,500000
13090,7756705,500000
13091,7756705,500000
13092,7756705,500000
13093,7756705,500000
13094,106787472,6820
13095,7756705,500000
13096,106787472,5800
13097,7756705,500000
13098,7756705,500000
13099,106787472,11320
13100,7756705,500000
13101,106787472,6100
13102,106787472,6980
13103,106787472,13820
13104,7756705,500000
13105,7756705,500000
13106,106787472,10150
13107,106787472,12330
13108,7756705,500000
13109,7756705,500000
13110,106787472,6090
13111,7756705,500000
13112,106787472,7100
13113,106787472,9720
13114,7756705,500000
13115,7756705,500000
13116,106787472,11020
13117,106787472,11170
13118,106787472,13920
13119,106787472,44660
13120,7756705,500000
13121,106787472,7980
13122,7756705,500000
13123,106787472,8700
13124,106787472,42200
13125,106787472,7680
13126,7756705,500000
13127,106787472,11600
13128,106787472,5650
13129,106787472,4930
13130,106787472,9280
13131,106787472,10730
13132,106787472,5510
13133,106787472,8410
13134,106787472,16820
13135,7756705,500000
13136,106787472,5510
13137,106787472,16560
13138,106787472,4300
13139,106787472,5080
13140,106787472,8120
13141,106787472,9720
13142,7756705,500000
13143,7756705,500000
13144,106787472,9720
13145,7756705,500000
13146,106787472,10880
13147,106787472,15660
13148,7756705,500000
13149,106787472,4930
13150,7756705,500000
13151,7756705,500000
13152,106787472,5800
13153,106787472,6550
13154,7756705,500000
13155,106787472,10740
13156,106787472,36110
13157,106787472,8850
13158,7756705,500000
13159,7756705,500000
13160,7756705,500000
13161,106787472,79310
13162,106787472,4790
13163,106787472,7680
13164,7756705,500000
13165,7756705,500000
13166,106787472,8440
13167,106787472,17260
13168,106787472,10000
13169,106787472,8140
13170,106787472,118180
13171,7756705,500000
13172,106787472,23200
13173,7756705,500000
13174,7756705,500000
13175,7756705,500000
13176,7756705,500000
13177,7756705,500000
13178,106787472,10730
13179,7756705,500000
13180,106787472,7400
13181,7756705,500000
13182,106787472,12030
13183,7756705,500000
13184,106787472,12510
13185,106787472,8410
13186,106787472,11600
13187,7756705,500000
13188,7756705,500000
13189,106787472,5220
13190,7756705,500000
13191,7756705,500000
13192,7756705,500000
13193,106787472,8550
13194,106787472,32340
13195,106787472,5080
13196,106787472,7680
13197,106787472,41180
13198,7756705,500000
13199,7756705,500000
13200,7756705,500000
13201,106787472,47710
13202,106787472,8120
13203,106787472,6380
13204,106787472,5220
13205,106787472,12180
13206,106787472,7540
13207,106787472,14360
13208,106787472,79460
13209,106787472,12760
13210,106787472,10000
13211,106787472,7030
13212,7756705,500000
13213,106787472,12760
13214,106787472,5980
13215,106787472,8270
13216,106787472,15530
13217,106787472,11020
13218,106787472,6530
13219,7756705,500000
13220,7756705,500000
13221,106787472,12030
13222,7756705,500000
13223,106787472,6530
13224,106787472,7980
13225,106787472,6090
13226,106787472,10730
13227,7756705,500000
13228,106787472,7830
13229,106787472,10000
13230,106787472,7540
13231,7756705,500000
13232,7756705,500000
13233,106787472,118910
13234,106787472,114120
13235,106787472,6380
13236,7756705,500000
13237,7756705,500000
13238,7756705,500000
13239,106787472,6670
13240,106787472,6090
13241,106787472,7680
13242,7756705,500000
13243,7756705,500000
13244,7756705,500000
13245,106787472,7260
13246,7756705,500000
13247,106787472,19010
13248,106787472,6380
13249,106787472,6250
13250,106787472,7250
13251,7756705,500000
13252,7756705,500000
13253,106787472,15370
13254,7756705,500000
13255,106787472,7290
13256,7756705,500000
13257,7756705,500000
13258,106787472,6090
13259,106787472,22620
13260,7756705,500000
13261,7756705,500000
13262,7756705,500000
13263,7756705,500000
13264,7756705,500000
13265,106787472,7680
13266,7756705,500000
13267,7756705,500000
13268,106787472,44660
13269,106787472,4350
13270,106787472,14070
13271,106787472,15810
13272,7756705,500000
13273,106787472,6530
13274,7756705,500000
13275,106787472,4940
13276,7756705,500000
13277,7756705,500000
13278,106787472,7830
13279,106787472,7540
13280,7756705,500000
13281,7756705,500000
13282,106787472,8850
13283,106787472,7100
13284,7756705,500000
13285,106787472,11890
13286,106787472,6530
13287,106787472,14940
13288,106787472,12180
13289,106787472,11170
13290,106787472,10440
13291,7756705,500000
13292,7756705,500000
13293,7756705,500000
13294,106787472,15370
13295,7756705,500000
13296,106787472,5220
13297,106787472,13780
13298,106787472,6960
13299,106787472,14070
13300,7756705,500000
13301,7756705,500000
13302,106787472,7680
13303,7756705,500000
13304,106787472,14210
13305,7756705,500000
13306,7756705,500000
13307,106787472,6240
13308,106787472,18130
13309,7756705,500000
13310,106787472,17540
13311,106787472,10150
13312,7756705,500000
13313,106787472,5950
13314,106787472,28560
13315,106787472,9720
13316,106787472,26390
13317,7756705,500000
13318,106787472,8550
13319,106787472,5520
13320,106787472,10740
13321,106787472,11600
13322,7756705,500000
13323,106787472,7680
13324,7756705,500000
13325,7756705,500000
13326,7756705,500000
13327,106787472,5220
13328,106787472,7100
13329,106787472,9720
13330,106787472,47410
13331,106787472,4790
13332,106787472,6240
13333,7756705,500000
13334,7756705,500000
13335,7756705,500000
13336,106787472,9280
13337,7756705,500000
13338,7756705,500000
13339,7756705,500000
13340,7756705,500000
13341,106787472,10300
13342,7756705,500000
13343,106787472,4950
13344,106787472,5080
13345,106787472,65100
13346,106787472,16970
13347,106787472,11750
13348,7756705,500000
13349,106787472,14360
13350,7756705,500000
13351,106787472,6380
13352,106787472,4790
13353,7756705,500000
13354,106787472,7830
13355,7756705,500000
13356,106787472,6420
13357,7756705,500000
13358,7756705,500000
13359,106787472,5090
13360,106787472,225040
13361,106787472,6380
13362,7756705,500000
13363,7756705,500000
13364,106787472,7680
13365,106787472,14930
13366,106787472,9280
13367,7756705,500000
13368,7756705,500000
13369,7756705,500000
13370,7756705,500000
13371,7756705,500000
13372,106787472,6380
13373,106787472,8990
13374,106787472,62960
13375,106787472,5960
13376,7756705,500000
13377,106787472,8120
13378,7756705,500000
13379,106787472,6530
13380,7756705,500000
13381,7756705,500000
13382,106787472,11020
13383,106787472,25380
13384,106787472,16380
13385,106787472,10580
13386,106787472,6670
13387,106787472,7830
13388,106787472,9130
13389,106787472,7140
13390,106787472,9290
13391,106787472,10150
13392,7756705,500000
13393,106787472,6090
13394,106787472,7980
13395,106787472,17410
13396,7756705,500000
13397,106787472,18990
13398,7756705,500000
13399,106787472,5670
13400,106787472,15810
13401,106787472,6670
13402,106787472,7540
13403,106787472,11750
13404,106787472,8120
13405,7756705,500000
13406,106787472,7100
13407,7756705,500000
13408,106787472,5820
13409,106787472,14360
13410,106787472,8700
13411,7756705,500000
13412,106787472,16680
13413,7756705,500000
13414,106787472,11600
13415,7756705,500000
13416,7756705,500000
13417,106787472,9860
13418,7756705,500000
13419,106787472,10730
13420,106787472,7860
13421,106787472,6390
13422,7756705,500000
13423,106787472,8990
13424,7756705,500000
13425,106787472,8410
13426,106787472,8410
13427,106787472,8550
13428,106787472,14360
13429,7756705,500000
13430,106787472,4640
13431,106787472,8710
13432,106787472,7830
13433,7756705,500000
13434,106787472,5220
13435,106787472,6960
13436,7756705,500000
13437,106787472,86420
13438,106787472,5370
13439,106787472,10580
13440,106787472,9280
13441,106787472,6090
13442,106787472,11910
13443,106787472,8120
13444,106787472,5950
13445,106787472,5670
13446,7756705,500000
13447,106787472,7250
13448,106787472,8550
13449,7756705,500000
13450,106787472,10440
13451,106787472,5650
13452,106787472,13340
13453,106787472,9280
13454,106787472,5650
13455,7756705,500000
13456,106787472,7870
13457,106787472,19010
13458,7756705,500000
13459,106787472,7400
13460,106787472,15840
13461,106787472,6380
13462,7756705,500000
13463,106787472,11020
13464,7756705,500000
13465,7756705,500000
13466,106787472,6670
13467,106787472,9280
13468,106787472,9440
13469,106787472,8270
13470,106787472,9720
13471,7756705,500000
13472,106787472,14360
13473,106787472,9280
13474,106787472,14380
13475,106787472,9130
13476,106787472,6090
13477,106787472,6380
13478,106787472,8700
13479,7756705,500000
13480,7756705,500000
13481,106787472,10000
13482,7756705,500000
13483,106787472,9430
13484,106787472,20590
13485,106787472,7980
13486,106787472,7400
13487,7756705,500000
13488,106787472,8410
13489,7756705,500000
13490,106787472,7830
13491,7756705,500000
13492,106787472,5690
13493,7756705,500000
13494,106787472,10580
13495,7756705,500000
13496,106787472,5510
13497,7756705,500000
13498,7756705,500000
13499,106787472,5510
13500,106787472,6820
13501,7756705,500000
13502,106787472,8570
13503,106787472,10880
13504,7756705,500000
13505,106787472,22330
13506,106787472,4790
13507,106787472,5220
13508,106787472,43790
13509,106787472,7100
13510,7756705,500000
13511,7756705,500000
13512,106787472,5380
13513,7756705,500000
13514,7756705,500000
13515,106787472,12330
13516,7756705,500000
13517,7756705,500000
13518,106787472,6380
13519,106787472,7710
13520,7756705,500000
13521,106787472,6840
13522,7756705,500000
13523,106787472,10440
13524,106787472,7830
13525,106787472,32630
13526,106787472,4350
13527,7756705,500000
13528,106787472,7680
13529,7756705,500000
13530,7756705,500000
13531,7756705,500000
13532,7756705,500000
13533,7756705,500000
13534,106787472,5400
13535,106787472,8550
13536,106787472,16680
13537,7756705,500000
13538,106787472,32630
13539,106787472,5370
13540,106787472,9880
13541,106787472,8740
13542,106787472,8850
13543,7756705,500000
13544,106787472,12640
13545,7756705,500000
13546,7756705,500000
13547,106787472,14500
13548,7756705,500000
13549,106787472,18850
13550,7756705,500000
13551,7756705,500000
13552,106787472,7560
13553,106787472,13480
13554,7756705,500000
13555,106787472,7680
13556,7756705,500000
13557,106787472,4500
13558,7756705,500000
13559,7756705,500000
13560,106787472,7550
13561,7756705,500000
13562,106787472,6240
13563,106787472,7830
13564,106787472,12030
13565,7756705,500000
13566,106787472,8010
13567,106787472,26680
13568,106787472,8270
13569,7756705,500000
13570,106787472,12910
13571,106787472,4640
13572,7756705,500000
13573,7756705,500000
13574,7756705,500000
13575,106787472,9720
13576,7756705,500000
13577,7756705,500000
13578,7756705,500000
13579,7756705,500000
13580,106787472,4640
13581,106787472,7250
13582,106787472,3910
13583,106787472,13780
13584,7756705,500000
13585,106787472,6530
13586,7756705,500000
13587,106787472,7680
13588,106787472,5080
13589,106787472,4500
13590,7756705,500000
13591,7756705,500000
13592,106787472,10880
13593,106787472,11600
13594,106787472,13190
13595,106787472,338580
13596,106787472,8120
13597,106787472,6530
13598,106787472,5220
13599,7756705,500000
13600,106787472,17540
13601,7756705,500000
13602,106787472,5220
13603,7756705,500000
13604,106787472,8700
13605,106787472,28560
13606,106787472,4640
13607,7756705,500000
13608,106787472,13050
13609,7756705,500000
13610,106787472,6090
13611,106787472,7400
13612,106787472,4500
13613,106787472,8550
13614,7756705,500000
13615,106787472,6380
13616,7756705,500000
13617,7756705,500000
13618,106787472,15810
13619,7756705,500000
13620,7756705,500000
13621,106787472,6960
13622,7756705,500000
13623,106787472,6240
13624,7756705,500000
13625,7756705,500000
13626,7756705,500000
13627,7756705,500000
13628,106787472,4060
13629,7756705,500000
13630,7756705,500000
13631,106787472,6960
13632,106787472,5510
13633,7756705,500000
13634,106787472,18420
13635,7756705,500000
13636,106787472,16240
13637,7756705,500000
13638,7756705,500000
13639,106787472,9280
13640,106787472,19430
13641,106787472,9130
13642,106787472,4060
13643,106787472,7100
13644,7756705,500000
13645,7756705,500000
13646,106787472,4930
13647,106787472,5800
13648,7756705,500000
13649,106787472,10150
13650,106787472,8990
13651,106787472,7250
13652,7756705,500000
13653,106787472,7400
13654,106787472,11310
13655,106787472,7100
13656,7756705,500000
13657,7756705,500000
13658,106787472,53220
13659,106787472,16680
13660,7756705,500000
13661,7756705,500000
13662,106787472,6120
13663,106787472,44810
13664,106787472,5370
13665,7756705,500000
13666,106787472,12030
13667,106787472,19430
13668,106787472,6670
13669,106787472,14210
13670,106787472,13650
13671,106787472,6960
13672,106787472,5510
13673,106787472,6530
13674,7756705,500000
13675,106787472,6100
13676,106787472,53500
13677,7756705,500000
13678,7756705,500000
13679,106787472,45680
13680,106787472,5220
13681,106787472,6380
13682,7756705,500000
13683,106787472,5510
13684,106787472,6240
13685,106787472,6380
13686,106787472,4930
13687,7756705,500000
13688,7756705,500000
13689,106787472,7400
13690,7756705,500000
13691,7756705,500000
13692,106787472,6670
13693,106787472,15370
13694,106787472,7250
13695,7756705,500000
13696,106787472,5080
13697,7756705,500000
13698,106787472,6240
13699,7756705,500000
13700,7756705,500000
13701,106787472,6820
13702,106787472,9860
13703,7756705,500000
13704,106787472,8130
13705,7756705,500000
13706,106787472,4930
13707,106787472,223440
13708,7756705,500000
13709,106787472,8120
13710,106787472,28130
13711,106787472,4930
13712,7756705,500000
13713,106787472,9580
13714,106787472,16680
13715,106787472,7250
13716,7756705,500000
13717,7756705,500000
13718,7756705,500000
13719,106787472,10150
13720,106787472,11750
13721,106787472,7690
13722,7756705,500000
13723,106787472,7100
13724,106787472,6980
13725,106787472,10440
13726,106787472,70610
13727,106787472,5370
13728,106787472,17400
13729,106787472,6090
13730,106787472,8270
13731,7756705,500000
13732,106787472,4930
13733,106787472,10580
13734,7756705,500000
13735,7756705,500000
13736,7756705,500000
13737,7756705,500000
13738,106787472,6430
13739,106787472,12180
13740,106787472,9720
13741,7756705,500000
13742,7756705,500000
13743,106787472,8130
13744,7756705,500000
13745,106787472,11460
13746,106787472,15230
13747,106787472,8410
13748,7756705,500000
13749,106787472,10770
13750,106787472,53500
13751,106787472,7410
13752,106787472,11750
13753,7756705,500000
13754,106787472,4350
13755,7756705,500000
13756,106787472,77430
13757,106787472,9720
13758,7756705,500000
13759,7756705,500000
13760,106787472,5220
13761,106787472,7830
13762,106787472,5080
13763,106787472,6380
13764,7756705,500000
13765,7756705,500000
13766,106787472,11310
13767,106787472,7100
13768,106787472,10440
13769,106787472,16290
13770,7756705,500000
13771,106787472,17690
13772,106787472,5650
13773,7756705,500000
13774,106787472,11600
13775,7756705,500000
13776,7756705,500000
13777,106787472,6530
13778,106787472,11170
13779,106787472,7400
13780,106787472,5950
13781,7756705,500000
13782,106787472,5520
13783,7756705,500000
13784,106787472,9570
13785,106787472,5650
13786,7756705,500000
13787,106787472,11020
13788,7756705,500000
13789,7756705,500000
13790,106787472,10880
13791,106787472,8850
13792,7756705,500000
13793,7756705,500000
13794,7756705,500000
13795,106787472,5950
13796,106787472,8410
13797,106787472,4650
13798,106787472,6240
13799,7756705,500000
13800,106787472,7270
13801,106787472,7870
13802,106787472,6090
13803,7756705,500000
13804,106787472,5800
13805,106787472,12180
13806,106787472,3630
13807,106787472,6530
13808,106787472,7250
13809,7756705,500000
13810,7756705,500000
13811,106787472,16380
13812,106787472,5650
13813,7756705,500000
13814,106787472,11750
13815,106787472,12760
13816,106787472,16240
13817,106787472,8410
13818,106787472,15370
13819,106787472,9720
13820,106787472,15520
13821,7756705,500000
13822,106787472,4930
13823,106787472,14360
13824,7756705,500000
13825,7756705,500000
13826,7756705,500000
13827,7756705,500000
13828,7756705,500000
13829,7756705,500000
13830,7756705,500000
13831,106787472,13060
13832,7756705,500000
13833,106787472,8120
13834,106787472,7110
13835,106787472,8850
13836,106787472,114840
13837,7756705,500000
13838,106787472,8270
13839,106787472,15810
13840,7756705,500000
13841,7756705,500000
13842,106787472,11030
13843,106787472,5650
13844,106787472,41180
13845,106787472,13480
13846,7756705,500000
13847,7756705,500000
13848,7756705,500000
13849,7756705,500000
13850,7756705,500000
13851,106787472,10440
13852,106787472,5520
13853,106787472,6540
13854,106787472,12030
13855,7756705,500000
13856,106787472,7830
13857,7756705,500000
13858,7756705,500000
13859,7756705,500000
13860,106787472,8850
13861,106787472,6960
13862,7756705,500000
13863,106787472,6380
13864,106787472,6820
13865,106787472,8850
13866,106787472,4930
13867,7756705,500000
13868,7756705,500000
13869,106787472,11170
13870,7756705,500000
13871,7756705,500000
13872,106787472,8990
13873,7756705,500000
13874,7756705,500000
13875,106787472,6670
13876,7756705,500000
13877,106787472,5950
13878,106787472,7830
13879,106787472,8700
13880,7756705,500000
13881,106787472,6110
13882,7756705,500000
13883,106787472,6820
13884,106787472,42780
13885,7756705,500000
13886,7756705,500000
13887,7756705,500000
13888,7756705,500000
13889,7756705,500000
13890,7756705,500000
13891,106787472,7540
13892,7756705,500000
13893,106787472,6820
13894,7756705,500000
13895,7756705,500000
13896,7756705,500000
13897,106787472,7540
13898,7756705,500000
13899,7756705,500000
13900,106787472,5660
13901,106787472,10150
13902,106787472,5510
13903,106787472,6280
13904,7756705,500000
13905,106787472,8850
13906,7756705,500000
13907,106787472,6530
13908,7756705,500000
13909,7756705,500000
13910,7756705,500000
13911,7756705,500000
13912,106787472,6530
13913,106787472,5950
13914,106787472,6670
13915,106787472,9570
13916,106787472,6820
13917,7756705,500000
13918,7756705,500000
13919,106787472,11640
13920,106787472,6240
13921,106787472,114400
13922,106787472,6380
13923,106787472,12620
13924,7756705,500000
13925,106787472,6670
13926,106787472,7980
13927,106787472,8410
13928,106787472,14950
13929,7756705,500000
13930,106787472,16970
13931,7756705,500000
13932,106787472,8550
13933,7756705,500000
13934,106787472,14930
13935,106787472,6960
13936,7756705,500000
13937,106787472,5810
13938,7756705,500000
13939,106787472,4950
13940,106787472,4800
13941,106787472,6820
13942,7756705,500000
13943,106787472,47020
13944,106787472,6380
13945,106787472,9980
13946,7756705,500000
13947,106787472,3910
13948,106787472,9430
13949,7756705,500000
13950,7756705,500000
13951,106787472,6530
13952,7756705,500000
13953,106787472,9750
13954,106787472,6820
13955,7756705,500000
13956,7756705,500000
13957,106787472,7100
13958,7756705,500000
13959,7756705,500000
13960,7756705,500000
13961,7756705,500000
13962,106787472,54380
13963,106787472,4640
13964,7756705,500000
13965,7756705,500000
13966,106787472,20010
13967,106787472,13200
13968,7756705,500000
13969,7756705,500000
13970,106787472,7400
13971,7756705,500000
13972,7756705,500000
13973,7756705,500000
13974,7756705,500000
13975,7756705,500000
13976,7756705,500000
13977,7756705,500000
13978,7756705,500000
13979,7756705,500000
13980,7756705,500000
13981,106787472,5240
13982,106787472,12470
13983,7756705,500000
13984,106787472,17690
13985,106787472,5370
13986,106787472,10000
13987,106787472,7540
13988,7756705,500000
13989,7756705,500000
13990,7756705,500000
13991,106787472,5230
13992,7756705,500000
13993,106787472,8270
13994,7756705,500000
13995,7756705,500000
13996,106787472,9000
13997,106787472,13340
13998,7756705,500000
13999,7756705,500000
14000,106787472,11490
14001,7756705,500000
14002,106787472,9130
14003,106787472,8120
14004,7756705,500000
14005,7756705,500000
14006,7756705,500000
14007,106787472,8990
14008,7756705,500000
14009,7756705,500000
14010,106787472,13190
14011,7756705,500000
14012,106787472,9440
14013,7756705,500000
14014,106787472,6670
14015,106787472,8850
14016,106787472,8270
14017,106787472,8710
14018,7756705,500000
14019,106787472,16530
14020,7756705,500000
14021,106787472,5370
14022,106787472,7370
14023,106787472,9280
14024,7756705,500000
14025,7756705,500000
14026,7756705,500000
14027,7756705,500000
14028,7756705,500000
14029,106787472,4640
14030,106787472,10880
14031,7756705,500000
14032,7756705,500000
14033,106787472,7250
14034,7756705,500000
14035,7756705,500000
14036,7756705,500000
14037,106787472,6530
14038,106787472,9860
14039,106787472,5510
14040,106787472,16970
14041,106787472,6380
14042,7756705,500000
14043,7756705,500000
14044,7756705,500000
14045,7756705,500000
14046,106787472,5080
14047,106787472,13050
14048,106787472,10440
14049,7756705,500000
14050,7756705,500000
14051,106787472,44960
14052,7756705,500000
14053,7756705,500000
14054,7756705,500000
14055,106787472,5950
14056,106787472,7130
14057,7756705,500000
14058,106787472,17110
14059,7756705,500000
14060,7756705,500000
14061,106787472,5650
14062,7756705,500000
14063,106787472,8850
14064,7756705,500000
14065,7756705,500000
14066,106787472,6090
14067,106787472,8990
14068,106787472,8700
14069,106787472,7980
14070,106787472,10880
14071,7756705,500000
14072,106787472,7120
14073,7756705,500000
14074,106787472,7400
14075,106787472,11020
14076,106787472,9570
14077,106787472,14930
14078,106787472,7980
14079,7756705,500000
14080,106787472,6090
14081,106787472,10440
14082,7756705,500000
14083,7756705,500000
14084,7756705,500000
14085,106787472,10900
14086,7756705,500000
14087,106787472,9720
14088,106787472,12080
14089,7756705,500000
14090,106787472,41910
14091,7756705,500000
14092,106787472,11890
14093,106787472,8990
14094,7756705,500000
14095,106787472,11460
14096,106787472,12620
14097,106787472,12470
14098,106787472,6960
14099,106787472,42340
14100,7756705,500000
14101,7756705,500000
14102,106787472,9570
14103,7756705,500000
14104,106787472,23200
14105,106787472,6960
14106,7756705,500000
14107,106787472,6530
14108,7756705,500000
14109,106787472,11170
14110,106787472,9720
14111,106787472,44660
14112,106787472,6670
14113,106787472,6820
14114,106787472,5510
14115,106787472,13340
14116,106787472,18710
14117,106787472,3770
14118,106787472,11460
14119,7756705,500000
14120,106787472,4790
14121,106787472,6980
14122,106787472,13920
14123,7756705,500000
14124,7756705,500000
14125,106787472,10580
14126,106787472,11900
14127,7756705,500000
14128,7756705,500000
14129,106787472,8410
14130,7756705,500000
14131,7756705,500000
14132,7756705,500000
14133,106787472,8270
14134,106787472,15560
14135,106787472,15080
14136,7756705,500000
14137,7756705,500000
14138,106787472,8270
14139,106787472,7980
14140,106787472,5370
14141,106787472,4350
14142,7756705,500000
14143,106787472,9430
14144,106787472,5220
14145,106787472,12180
14146,106787472,9130
14147,7756705,500000
14148,7756705,500000
14149,106787472,6380
14150,106787472,12620
14151,7756705,500000
14152,7756705,500000
14153,7756705,500000
14154,106787472,5080
14155,106787472,6960
14156,106787472,6820
14157,7756705,500000
14158,7756705,500000
14159,106787472,17110
14160,106787472,3630
14161,106787472,8120
14162,106787472,4930
14163,106787472,18420
14164,7756705,500000
14165,106787472,7680
14166,106787472,8740
14167,106787472,4930
14168,106787472,6820
14169,7756705,500000
14170,106787472,19280
14171,106787472,7250
14172,7756705,500000
14173,106787472,5510
14174,106787472,9430
14175,7756705,500000
14176,106787472,11020
14177,7756705,500000
14178,106787472,8880
14179,106787472,7980
14180,7756705,500000
14181,106787472,9590
14182,106787472,8550
14183,106787472,8850
14184,106787472,10150
14185,106787472,12760
14186,106787472,10880
14187,106787472,6830
14188,106787472,4230
14189,106787472,4930
14190,7756705,500000
14191,7756705,500000
14192,7756705,500000
14193,7756705,500000
14194,106787472,43500
14195,7756705,500000
14196,7756705,500000
14197,7756705,500000
14198,7756705,500000
14199,106787472,6530
14200,106787472,18420
14201,106787472,7830
14202,106787472,22620
14203,106787472,8120
14204,7756705,500000
14205,106787472,16380
14206,106787472,5220
14207,106787472,7540
14208,106787472,9130
14209,7756705,500000
14210,7756705,500000
14211,7756705,500000
14212,7756705,500000
14213,106787472,19470
14214,7756705,500000
14215,7756705,500000
14216,106787472,444140
14217,106787472,6670
14218,7756705,500000
14219,106787472,5510
14220,106787472,6960
14221,7756705,500000
14222,7756705,500000
14223,106787472,18130
14224,106787472,19300
14225,106787472,10300
14226,7756705,500000
14227,106787472,4350
14228,106787472,7400
14229,106787472,11170
14230,7756705,500000
14231,7756705,500000
14232,106787472,12060
14233,7756705,500000
14234,106787472,16970
14235,7756705,500000
14236,106787472,116450
14237,106787472,9430
14238,106787472,11750
14239,7756705,500000
14240,106787472,8700
14241,7756705,500000
14242,7756705,500000
14243,106787472,11890
14244,7756705,500000
14245,7756705,500000
14246,106787472,5690
14247,106787472,7250
14248,106787472,15080
14249,106787472,11310
14250,106787472,7400
14251,7756705,500000
14252,7756705,500000
14253,7756705,500000
14254,7756705,500000
14255,7756705,500000
14256,106787472,13780
14257,106787472,8270
14258,7756705,500000
14259,7756705,500000
14260,106787472,4790
14261,7756705,500000
14262,7756705,500000
14263,106787472,9860
14264,7756705,500000
14265,106787472,18850
14266,106787472,7680
14267,7756705,500000
14268,106787472,6670
14269,106787472,7680
14270,106787472,13340
14271,106787472,8700
14272,7756705,500000
14273,7756705,500000
14274,106787472,6530
14275,7756705,500000
14276,106787472,11040
14277,106787472,11020
14278,106787472,5510
14279,106787472,6530
14280,106787472,11040
14281,7756705,500000
14282,7756705,500000
14283,7756705,500000
14284,106787472,19580
14285,106787472,6390
14286,7756705,500000
14287,106787472,6240
14288,106787472,9130
14289,7756705,500000
14290,106787472,10000
14291,106787472,8610
14292,7756705,500000
14293,106787472,17160
14294,106787472,5800
14295,7756705,500000
14296,106787472,9280
14297,7756705,500000
14298,7756705,500000
14299,106787472,13680
14300,106787472,10730
14301,7756705,500000
14302,7756705,500000
14303,7756705,500000
14304,106787472,20160
14305,7756705,500000
14306,7756705,500000
14307,7756705,500000
14308,106787472,7400
14309,7756705,500000
14310,7756705,500000
14311,106787472,12470
14312,106787472,12330
14313,7756705,500000
14314,106787472,20160
14315,7756705,500000
14316,106787472,14500
14317,7756705,500000
14318,7756705,500000
14319,106787472,17980
14320,106787472,6670
14321,106787472,46260
14322,7756705,500000
14323,106787472,7540
14324,106787472,5510
14325,106787472,10480
14326,7756705,500000
14327,7756705,500000
14328,106787472,16090
14329,106787472,40620
14330,106787472,4500
14331,106787472,7100
14332,106787472,14230
14333,7756705,500000
14334,106787472,6240
14335,7756705,500000
14336,106787472,7250
14337,7756705,500000
14338,7756705,500000
14339,7756705,500000
14340,106787472,6670
14341,106787472,4350
14342,7756705,500000
14343,7756705,500000
14344,106787472,7540
14345,106787472,6380
14346,106787472,10580
14347,7756705,500000
14348,106787472,9430
14349,106787472,8410
14350,106787472,12030
14351,7756705,500000
14352,106787472,5520
14353,7756705,500000
14354,106787472,13050
14355,106787472,6240
14356,7756705,500000
14357,7756705,500000
14358,106787472,6240
14359,106787472,5080
14360,106787472,16530
14361,106787472,16400
14362,7756705,500000
14363,106787472,7250
14364,106787472,4930
14365,7756705,500000
14366,106787472,8730
14367,7756705,500000
14368,7756705,500000
14369,106787472,44510
14370,106787472,13210
14371,7756705,500000
14372,7756705,500000
14373,7756705,500000
14374,7756705,500000
14375,7756705,500000
14376,106787472,41470
14377,106787472,11020
14378,106787472,46260
14379,106787472,11460
14380,7756705,500000
14381,106787472,8270
14382,7756705,500000
14383,106787472,5950
14384,7756705,500000
14385,106787472,8990
14386,106787472,11170
14387,106787472,10440
14388,106787472,7100
14389,106787472,15520
14390,7756705,500000
14391,7756705,500000
14392,106787472,10730
14393,106787472,16680
14394,106787472,21170
14395,7756705,500000
14396,7756705,500000
14397,106787472,5800
14398,106787472,7250
14399,106787472,8850
14400,106787472,3910
14401,7756705,500000
14402,106787472,10150
14403,7756705,500000
14404,7756705,500000
14405,7756705,500000
14406,106787472,9430
14407,106787472,6820
14408,7756705,500000
14409,106787472,15370
14410,106787472,6670
14411,7756705,500000
14412,7756705,500000
14413,106787472,19720
14414,106787472,22480
14415,106787472,17830
14416,7756705,500000
14417,106787472,5650
14418,106787472,5510
14419,106787472,12760
14420,7756705,500000
14421,7756705,500000
14422,7756705,500000
14423,7756705,500000
14424,7756705,500000
14425,7756705,500000
14426,7756705,500000
14427,7756705,500000
14428,106787472,15370
14429,106787472,5950
14430,7756705,500000
14431,106787472,24510
14432,7756705,500000
14433,7756705,500000
14434,106787472,12040
14435,106787472,7980
14436,106787472,10880
14437,106787472,42200
14438,106787472,11620
14439,106787472,48580
14440,106787472,12030
14441,106787472,5110
14442,106787472,17830
14443,7756705,500000
14444,106787472,4930
14445,106787472,6090
14446,106787472,10880
14447,106787472,10600
14448,7756705,500000
14449,106787472,5950
14450,7756705,500000
14451,106787472,11460
14452,106787472,5510
14453,7756705,500000
14454,106787472,9280
14455,106787472,21170
14456,106787472,8990
14457,7756705,500000
14458,106787472,14360
14459,106787472,12030
14460,106787472,5800
14461,7756705,500000
14462,106787472,4640
14463,106787472,16970
14464,106787472,19020
14465,7756705,500000
14466,7756705,500000
14467,106787472,10300
14468,7756705,500000
14469,106787472,9430
14470,7756705,500000
14471,7756705,500000
14472,106787472,4500
14473,106787472,5510
14474,7756705,500000
14475,7756705,500000
14476,106787472,6530
14477,7756705,500000
14478,106787472,5370
14479,106787472,5080
14480,106787472,5650
14481,7756705,500000
14482,106787472,7720
14483,106787472,6090
14484,106787472,45390
14485,106787472,8850
14486,7756705,500000
14487,106787472,7540
14488,106787472,6670
14489,106787472,5370
14490,7756705,500000
14491,106787472,10440
14492,7756705,500000
14493,7756705,500000
14494,7756705,500000
14495,106787472,9000
14496,106787472,19280
14497,7756705,500000
14498,7756705,500000
14499,7756705,500000
14500,106787472,11890
14501,7756705,500000
14502,7756705,500000
14503,106787472,5800
14504,106787472,7990
14505,7756705,500000
14506,106787472,8410
14507,106787472,8850
14508,106787472,7540
14509,106787472,5650
14510,106787472,7540
14511,7756705,500000
14512,7756705,500000
14513,106787472,6240
14514,106787472,4930
14515,106787472,8270
14516,7756705,500000
14517,106787472,8270
14518,106787472,6670
14519,7756705,500000
14520,7756705,500000
14521,106787472,125280
14522,106787472,9730
14523,106787472,7400
14524,7756705,500000
14525,106787472,5800
14526,106787472,10650
14527,7756705,500000
14528,106787472,7250
14529,7756705,500000
14530,7756705,500000
14531,106787472,8270
14532,7756705,500000
14533,106787472,15110
14534,7756705,500000
14535,7756705,500000
14536,106787472,9580
14537,7756705,500000
14538,106787472,4790
14539,106787472,13510
14540,7756705,500000
14541,7756705,500000
14542,106787472,10150
14543,106787472,13480
14544,106787472,10300
14545,106787472,9720
14546,7756705,500000
14547,106787472,4930
14548,106787472,15240
14549,7756705,500000
14550,7756705,500000
14551,106787472,15660
14552,7756705,500000
14553,7756705,500000
14554,106787472,8550
14555,7756705,500000
14556,106787472,28560
14557,7756705,500000
14558,106787472,6820
14559,106787472,6530
14560,106787472,4070
14561,106787472,8270
14562,7756705,500000
14563,7756705,500000
14564,106787472,9570
14565,106787472,4930
14566,106787472,4640
14567,106787472,28860
14568,106787472,10150
14569,106787472,6090
14570,106787472,8700
14571,7756705,500000
14572,7756705,500000
14573,106787472,6090
14574,7756705,500000
14575,106787472,10440
14576,7756705,500000
14577,106787472,11890
14578,106787472,8270
14579,106787472,16390
14580,7756705,500000
14581,106787472,10730
14582,7756705,500000
14583,106787472,17830
14584,106787472,6090
14585,7756705,500000
14586,106787472,15950
14587,106787472,5370
14588,7756705,500000
14589,106787472,11600
14590,106787472,7980
14591,106787472,4500
14592,7756705,500000
14593,106787472,6090
14594,7756705,500000
14595,106787472,18270
14596,7756705,500000
14597,7756705,500000
14598,106787472,8990
14599,106787472,5510
14600,7756705,500000
14601,7756705,500000
14602,106787472,9280
14603,106787472,9720
14604,7756705,500000
14605,7756705,500000
14606,7756705,500000
14607,106787472,7400
14608,7756705,500000
14609,7756705,500000
14610,106787472,14070
14611,106787472,21890
14612,7756705,500000
14613,106787472,9130
14614,7756705,500000
14615,7756705,500000
14616,106787472,22330
14617,106787472,6380
14618,106787472,22770
14619,106787472,9720
14620,106787472,15520
14621,106787472,6380
14622,7756705,500000
14623,7756705,500000
14624,106787472,11600
14625,106787472,6960
14626,7756705,500000
14627,7756705,500000
14628,106787472,15370
14629,106787472,8700
14630,106787472,8120
14631,7756705,500000
14632,106787472,19430
14633,106787472,22190
14634,7756705,500000
14635,7756705,500000
14636,7756705,500000
14637,106787472,7400
14638,106787472,14210
14639,106787472,57850
14640,7756705,500000
14641,106787472,6390
14642,106787472,22620
14643,106787472,16680
14644,106787472,26970
14645,106787472,29000
14646,7756705,500000
14647,7756705,500000
14648,106787472,9720
14649,106787472,9280
14650,106787472,42340
14651,106787472,6820
14652,106787472,10150
14653,106787472,10300
14654,7756705,500000
14655,106787472,10000
14656,7756705,500000
14657,7756705,500000
14658,7756705,500000
14659,7756705,500000
14660,106787472,7250
14661,106787472,17980
14662,106787472,15390
14663,106787472,4930
14664,106787472,4350
14665,7756705,500000
14666,106787472,11170
14667,106787472,13780
14668,7756705,500000
14669,106787472,6670
14670,106787472,5220
14671,106787472,12030
14672,106787472,7100
14673,106787472,19870
14674,106787472,8410
14675,106787472,9430
14676,7756705,500000
14677,7756705,500000
14678,7756705,500000
14679,7756705,500000
14680,106787472,9720
14681,106787472,17260
14682,106787472,11460
14683,106787472,4500
14684,7756705,500000
14685,7756705,500000
14686,106787472,8550
14687,106787472,5370
14688,106787472,7260
14689,106787472,8700
14690,7756705,500000
14691,106787472,7830
14692,106787472,7100
14693,106787472,6090
14694,7756705,500000
14695,106787472,7540
14696,106787472,5370
14697,106787472,6090
14698,7756705,500000
14699,7756705,500000
14700,106787472,7830
14701,106787472,10000
14702,106787472,9290
14703,106787472,30590
14704,106787472,5800
14705,7756705,500000
14706,106787472,4640
14707,106787472,7560
14708,7756705,500000
14709,106787472,6380
14710,7756705,500000
14711,106787472,5510
14712,106787472,115280
14713,7756705,500000
14714,106787472,11040
14715,106787472,5800
14716,7756705,500000
14717,106787472,5080
14718,106787472,8990
14719,106787472,7400
14720,7756705,500000
14721,7756705,500000
14722,106787472,7560
14723,106787472,12180
14724,106787472,5950
14725,7756705,500000
14726,106787472,5080
14727,106787472,21030
14728,7756705,500000
14729,7756705,500000
14730,106787472,5510
14731,7756705,500000
14732,106787472,5080
14733,7756705,500000
14734,106787472,6960
14735,106787472,7980
14736,106787472,3770
14737,7756705,500000
14738,106787472,12180
14739,106787472,10150
14740,106787472,16250
14741,7756705,500000
14742,106787472,5520
14743,106787472,46400
14744,7756705,500000
14745,106787472,8270
14746,7756705,500000
14747,7756705,500000
14748,106787472,43790
14749,7756705,500000
14750,106787472,14500
14751,7756705,500000
14752,106787472,8120
14753,106787472,16530
14754,7756705,500000
14755,106787472,5370
14756,106787472,5650
14757,7756705,500000
14758,7756705,500000
14759,7756705,500000
14760,7756705,500000
14761,106787472,5520
14762,7756705,500000
14763,7756705,500000
14764,7756705,500000
14765,7756705,500000
14766,106787472,4930
14767,106787472,10300
14768,106787472,6960
14769,7756705,500000
14770,7756705,500000
14771,7756705,500000
14772,106787472,6960
14773,106787472,6820
14774,106787472,8990
14775,106787472,11600
14776,7756705,500000
14777,106787472,4930
14778,7756705,500000
14779,106787472,6960
14780,106787472,12180
14781,7756705,500000
14782,106787472,9720
14783,106787472,7590
14784,106787472,11460
14785,7756705,500000
14786,106787472,10300
14787,7756705,500000
14788,106787472,8270
14789,7756705,500000
14790,106787472,11620
14791,106787472,5220
14792,7756705,500000
14793,7756705,500000
14794,106787472,5800
14795,106787472,6960
14796,106787472,17540
14797,106787472,8410
14798,7756705,500000
14799,106787472,14950
14800,106787472,48290
14801,106787472,7540
14802,106787472,11310
14803,106787472,10000
14804,106787472,11170
14805,7756705,500000
14806,7756705,500000
14807,7756705,500000
14808,106787472,16420
14809,7756705,500000
14810,7756705,500000
14811,106787472,22040
14812,106787472,9720
14813,106787472,9280
14814,106787472,6240
14815,106787472,18990
14816,106787472,4790
14817,106787472,8850
14818,106787472,9280
14819,7756705,500000
14820,106787472,7250
14821,106787472,10000
14822,7756705,500000
14823,7756705,500000
14824,7756705,500000
14825,106787472,27110
14826,106787472,10730
14827,7756705,500000
14828,106787472,15230
14829,106787472,45460
14830,7756705,500000
14831,106787472,22050
14832,106787472,8550
14833,7756705,500000
14834,7756705,500000
14835,106787472,7980
14836,106787472,4930
14837,106787472,8160
14838,106787472,6530
14839,106787472,10730
14840,106787472,5510
14841,7756705,500000
14842,106787472,13340
14843,7756705,500000
14844,106787472,7250
14845,106787472,8270
14846,106787472,5950
14847,106787472,8550
14848,106787472,11750
14849,7756705,500000
14850,7756705,500000
14851,7756705,500000
14852,106787472,5800
14853,7756705,500000
14854,7756705,500000
14855,106787472,6250
14856,7756705,500000
14857,106787472,4640
14858,106787472,7120
14859,106787472,14360
14860,7756705,500000
14861,7756705,500000
14862,7756705,500000
14863,106787472,6380
14864,106787472,18270
14865,106787472,10440
14866,7756705,500000
14867,106787472,5650
14868,106787472,9570
14869,106787472,7680
14870,7756705,500000
14871,7756705,500000
14872,106787472,6960
14873,106787472,15810
14874,7756705,500000
14875,106787472,18710
14876,106787472,8270
14877,106787472,8120
14878,106787472,4500
14879,7756705,500000
14880,106787472,7400
14881,106787472,10300
14882,7756705,500000
14883,106787472,9280
14884,106787472,33490
14885,7756705,500000
14886,7756705,500000
14887,106787472,17690
14888,7756705,500000
14889,106787472,8850
14890,106787472,10160
14891,7756705,500000
14892,106787472,20300
14893,106787472,20880
14894,106787472,8550
14895,106787472,31610
14896,106787472,9280
14897,7756705,500000
14898,106787472,6960
14899,106787472,11460
14900,7756705,500000
14901,7756705,500000
14902,7756705,500000
14903,106787472,5080
14904,7756705,500000
14905,106787472,5800
14906,106787472,11180
14907,106787472,19430
14908,7756705,500000
14909,106787472,17260
14910,106787472,4790
14911,7756705,500000
14912,106787472,5370
14913,106787472,5650
14914,106787472,11750
14915,106787472,6380
14916,106787472,16680
14917,106787472,9570
14918,106787472,6240
14919,106787472,7250
14920,106787472,12620
14921,106787472,7860
14922,7756705,500000
14923,7756705,500000
14924,106787472,9430
14925,106787472,7540
14926,106787472,9280
14927,106787472,6960
14928,7756705,500000
14929,106787472,5950
14930,7756705,500000
14931,106787472,8120
14932,106787472,18130
14933,7756705,500000
14934,106787472,8270
14935,7756705,500000
14936,106787472,8700
14937,7756705,500000
14938,7756705,500000
14939,106787472,6090
14940,7756705,500000
14941,106787472,12620
14942,106787472,15950
14943,7756705,500000
14944,7756705,500000
14945,7756705,500000
14946,7756705,500000
14947,106787472,8270
14948,106787472,17540
14949,106787472,7100
14950,7756705,500000
14951,106787472,6380
14952,106787472,8570
14953,106787472,6960
14954,106787472,10150
14955,106787472,5950
14956,106787472,5370
14957,106787472,5650
14958,7756705,500000
14959,7756705,500000
14960,7756705,500000
14961,106787472,7250
14962,106787472,10300
14963,7756705,500000
14964,106787472,9130
14965,106787472,20740
14966,106787472,11890
14967,106787472,6530
14968,7756705,500000
14969,7756705,500000
14970,7756705,500000
14971,106787472,36690
14972,106787472,14930
14973,7756705,500000
14974,7756705,500000
14975,106787472,16820
14976,106787472,8270
14977,7756705,500000
14978,7756705,500000
14979,7756705,500000
14980,106787472,15660
14981,7756705,500000
14982,106787472,7830
14983,7756705,500000
14984,7756705,500000
14985,106787472,8150
14986,7756705,500000
14987,106787472,9430
14988,106787472,6820
14989,106787472,6960
14990,106787472,23780
14991,7756705,500000
14992,106787472,7540
14993,106787472,15520
14994,7756705,500000
14995,106787472,11170
14996,106787472,18850
14997,106787472,23930
14998,7756705,500000
14999,7756705,500000
15000,7756705,500000
15001,7756705,500000
15002,106787472,6820
15003,7756705,500000
15004,7756705,500000
15005,106787472,17830
15006,7756705,500000
15007,106787472,49010
15008,106787472,44090
15009,106787472,6090
15010,7756705,500000
15011,106787472,9130
15012,106787472,11650
15013,106787472,8850
15014,7756705,500000
15015,7756705,500000
15016,106787472,6380
15017,106787472,8120
15018,7756705,500000
15019,7756705,500000
15020,7756705,500000
15021,106787472,8270
15022,106787472,23210
15023,7756705,500000
15024,106787472,16250
15025,7756705,500000
15026,106787472,4640
15027,106787472,117300
15028,106787472,11750
15029,106787472,8270
15030,106787472,14930
15031,106787472,6090
15032,106787472,8710
15033,106787472,8120
15034,106787472,9140
15035,7756705,500000
15036,7756705,500000
15037,7756705,500000
15038,106787472,15810
15039,7756705,500000
15040,106787472,5220
15041,7756705,500000
15042,106787472,5390
15043,7756705,500000
15044,106787472,4640
15045,106787472,8270
15046,106787472,5950
15047,106787472,5800
15048,7756705,500000
15049,106787472,6670
15050,106787472,4790
15051,106787472,8590
15052,106787472,10000
15053,7756705,500000
15054,7756705,500000
15055,106787472,43210
15056,106787472,3910
15057,106787472,11020
15058,7756705,500000
15059,106787472,16970
15060,7756705,500000
15061,7756705,500000
15062,106787472,8550
15063,106787472,6380
15064,7756705,500000
15065,106787472,113970
15066,106787472,11310
15067,106787472,5950
15068,7756705,500000
15069,106787472,7700
15070,106787472,6820
15071,7756705,500000
15072,106787472,6240
15073,7756705,500000
15074,7756705,500000
15075,7756705,500000
15076,7756705,500000
15077,106787472,116730
15078,106787472,8850
15079,106787472,3910
15080,106787472,9570
15081,106787472,4500
15082,7756705,500000
15083,7756705,500000
15084,106787472,41910
15085,106787472,6820
15086,7756705,500000
15087,7756705,500000
15088,106787472,8990
15089,106787472,5800
15090,106787472,4790
15091,106787472,16530
15092,106787472,6380
15093,7756705,500000
15094,106787472,13780
15095,7756705,500000
15096,106787472,51620
15097,7756705,500000
15098,7756705,500000
15099,7756705,500000
15100,7756705,500000
15101,7756705,500000
15102,106787472,5220
15103,106787472,5510
15104,106787472,11890
15105,106787472,6960
15106,7756705,500000
15107,106787472,6090
15108,106787472,6820
15109,106787472,6820
15110,7756705,500000
15111,106787472,7270
15112,106787472,5080
15113,106787472,5390
15114,106787472,10730
15115,106787472,8550
15116,106787472,25960
15117,106787472,12760
15118,7756705,500000
15119,7756705,500000
15120,106787472,6260
15121,7756705,500000
15122,7756705,500000
15123,106787472,5510
15124,7756705,500000
15125,106787472,9130
15126,106787472,10440
15127,106787472,8120
15128,7756705,500000
15129,7756705,500000
15130,7756705,500000
15131,7756705,500000
15132,7756705,500000
15133,106787472,8410
15134,7756705,500000
15135,7756705,500000
15136,106787472,21030
15137,106787472,7980
15138,7756705,500000
15139,106787472,6090
15140,106787472,8850
15141,7756705,500000
15142,106787472,14930
15143,7756705,500000
15144,106787472,13630
15145,106787472,9280
15146,7756705,500000
15147,7756705,500000
15148,7756705,500000
15149,106787472,6670
15150,106787472,6960
15151,106787472,9140
15152,7756705,500000
15153,106787472,10000
15154,7756705,500000
15155,106787472,80040
15156,106787472,19290
15157,106787472,8990
15158,7756705,500000
15159,106787472,7250
15160,106787472,44810
15161,106787472,8700
15162,106787472,7850
15163,106787472,114400
15164,7756705,500000
15165,106787472,7680
15166,106787472,8850
15167,106787472,5800
15168,106787472,10730
15169,106787472,6820
15170,106787472,6380
15171,7756705,500000
15172,7756705,500000
15173,106787472,6820
15174,7756705,500000
15175,7756705,500000
15176,7756705,500000
15177,7756705,500000
15178,106787472,8550
15179,7756705,500000
15180,106787472,5250
15181,106787472,6380
15182,106787472,7400
15183,106787472,13480
15184,7756705,500000
15185,7756705,500000
15186,106787472,8850
15187,7756705,500000
15188,7756705,500000
15189,106787472,7680
15190,106787472,7400
15191,106787472,8420
15192,106787472,16240
15193,7756705,500000
15194,7756705,500000
15195,106787472,5650
15196,106787472,7400
15197,106787472,9000
15198,7756705,500000
15199,106787472,12190
15200,106787472,5820
15201,7756705,500000
15202,106787472,4350
15203,106787472,4950
15204,106787472,5650
15205,106787472,6670
15206,7756705,500000
15207,7756705,500000
15208,106787472,30160
15209,106787472,9280
15210,7756705,500000
15211,7756705,500000
15212,106787472,6960
15213,7756705,500000
15214,106787472,9860
15215,106787472,6530
15216,106787472,5080
15217,106787472,45830
15218,7756705,500000
15219,106787472,8990
15220,106787472,12180
15221,7756705,500000
15222,106787472,27550
15223,7756705,500000
15224,106787472,6670
15225,106787472,7400
15226,106787472,24940
15227,7756705,500000
15228,106787472,8430
15229,106787472,6090
15230,106787472,6530
15231,106787472,15660
15232,106787472,57280
15233,7756705,500000
15234,7756705,500000
15235,7756705,500000
15236,106787472,7400
15237,106787472,10000
15238,7756705,500000
15239,7756705,500000
15240,106787472,11610
15241,106787472,8270
15242,106787472,8550
15243,7756705,500000
15244,7756705,500000
15245,7756705,500000
15246,106787472,8550
15247,106787472,10300
15248,106787472,8990
15249,7756705,500000
15250,7756705,500000
15251,106787472,7850
15252,7756705,500000
15253,7756705,500000
15254,106787472,10580
15255,7756705,500000
15256,7756705,500000
15257,7756705,500000
15258,7756705,500000
15259,106787472,9000
15260,106787472,15080
15261,106787472,9570
15262,106787472,16970
15263,106787472,10150
15264,106787472,6820
15265,106787472,18270
15266,106787472,6530
15267,106787472,5080
15268,7756705,500000
15269,106787472,4940
15270,106787472,8550
15271,106787472,5950
15272,106787472,48860
15273,7756705,500000
15274,106787472,17980
15275,106787472,15950
15276,7756705,500000
15277,7756705,500000
15278,7756705,500000
15279,7756705,500000
15280,106787472,10300
15281,7756705,500000
15282,7756705,500000
15283,7756705,500000
15284,106787472,5950
15285,106787472,9130
15286,7756705,500000
15287,106787472,20020
15288,7756705,500000
15289,106787472,4060
15290,7756705,500000
15291,7756705,500000
15292,7756705,500000
15293,106787472,7550
15294,7756705,500000
15295,106787472,8270
15296,7756705,500000
15297,106787472,5510
15298,7756705,500000
15299,106787472,6380
15300,106787472,5800
15301,7756705,500000
15302,106787472,6530
15303,7756705,500000
15304,106787472,8410
15305,7756705,500000
15306,106787472,6240
15307,106787472,4640
15308,7756705,500000
15309,106787472,7680
15310,7756705,500000
15311,106787472,9720
15312,7756705,500000
15313,7756705,500000
15314,7756705,500000
15315,7756705,500000
15316,106787472,6390
15317,106787472,9570
15318,7756705,500000
15319,7756705,500000
15320,7756705,500000
15321,7756705,500000
15322,106787472,18850
15323,106787472,21170
15324,106787472,9570
15325,7756705,500000
15326,7756705,500000
15327,106787472,7400
15328,7756705,500000
15329,106787472,13480
15330,7756705,500000
15331,7756705,500000
15332,106787472,6670
15333,106787472,24370
15334,106787472,4790
15335,106787472,4790
15336,106787472,6690
15337,106787472,12050
15338,106787472,5960
15339,106787472,6670
15340,7756705,500000
15341,106787472,4700
15342,7756705,500000
15343,106787472,15950
15344,106787472,4790
15345,106787472,6670
15346,106787472,6240
15347,106787472,7830
15348,7756705,500000
15349,106787472,8120
15350,106787472,6430
15351,106787472,42630
15352,7756705,500000
15353,106787472,8560
15354,7756705,500000
15355,7756705,500000
15356,106787472,11170
15357,106787472,7680
15358,106787472,6960
15359,106787472,8410
15360,7756705,500000
15361,7756705,500000
15362,106787472,12330
15363,106787472,8120
15364,7756705,500000
15365,106787472,31460
15366,106787472,10780
15367,7756705,500000
15368,7756705,500000
15369,106787472,9300
15370,7756705,500000
15371,106787472,8990
15372,7756705,500000
15373,106787472,9570
15374,7756705,500000
15375,106787472,7250
15376,106787472,6820
15377,7756705,500000
15378,106787472,6670
15379,106787472,6380
15380,7756705,500000
15381,7756705,500000
15382,7756705,500000
15383,106787472,8700
15384,106787472,8700
15385,106787472,16240
15386,7756705,500000
15387,7756705,500000
15388,7756705,500000
15389,7756705,500000
15390,106787472,5220
15391,7756705,500000
15392,7756705,500000
15393,7756705,500000
15394,106787472,21610
15395,7756705,500000
15396,106787472,8550
15397,7756705,500000
15398,106787472,6530
15399,106787472,14640
15400,106787472,4930
15401,7756705,500000
15402,106787472,21750
15403,106787472,13190
15404,106787472,14500
15405,106787472,7980
15406,106787472,8270
15407,7756705,500000
15408,106787472,21170
15409,7756705,500000
15410,7756705,500000
15411,106787472,7250
15412,106787472,4790
15413,106787472,8410
15414,106787472,5800
15415,106787472,8550
15416,7756705,500000
15417,106787472,6090
15418,106787472,13980
15419,106787472,22040
15420,106787472,5220
15421,106787472,6530
15422,7756705,500000
15423,7756705,500000
15424,7756705,500000
15425,106787472,10440
15426,7756705,500000
15427,106787472,8270
15428,106787472,10580
15429,7756705,500000
15430,106787472,89180
15431,106787472,16240
15432,106787472,8140
15433,7756705,500000
15434,106787472,9280
15435,106787472,18850
15436,106787472,13480
15437,106787472,6670
15438,106787472,6820
15439,7756705,500000
15440,7756705,500000
15441,7756705,500000
15442,7756705,500000
15443,7756705,500000
15444,7756705,500000
15445,7756705,500000
15446,7756705,500000
15447,7756705,500000
15448,7756705,500000
15449,7756705,500000
15450,106787472,15250
15451,106787472,4790
15452,106787472,12030
15453,106787472,5950
15454,106787472,7400
15455,106787472,6240
15456,106787472,5950
15457,106787472,15370
15458,7756705,500000
15459,106787472,10000
15460,7756705,500000
15461,7756705,500000
15462,106787472,4640
15463,106787472,8850
15464,106787472,7980
15465,106787472,7400
15466,7756705,500000
15467,7756705,500000
15468,7756705,500000
15469,7756705,500000
15470,106787472,5240
15471,7756705,500000
15472,106787472,13340
15473,7756705,500000
15474,106787472,7830
15475,7756705,500000
15476,7756705,500000
15477,106787472,6820
15478,7756705,500000
15479,106787472,5950
15480,106787472,14930
15481,106787472,5370
15482,7756705,500000
15483,106787472,13780
15484,106787472,118610
15485,106787472,4500
15486,7756705,500000
15487,106787472,6090
15488,7756705,500000
15489,106787472,43060
15490,106787472,8270
15491,106787472,9590
15492,7756705,500000
15493,7756705,500000
15494,7756705,500000
15495,106787472,81200
15496,106787472,12760
15497,7756705,500000
15498,7756705,500000
15499,106787472,8550
15500,106787472,7130
15501,106787472,42490
15502,106787472,10150
15503,106787472,6400
15504,7756705,500000
15505,7756705,500000
15506,7756705,500000
15507,106787472,6240
15508,106787472,7400
15509,106787472,4790
15510,106787472,10250
15511,7756705,500000
15512,106787472,9280
15513,106787472,7400
15514,106787472,77000
15515,106787472,6380
15516,7756705,500000
15517,7756705,500000
15518,7756705,500000
15519,106787472,18420
15520,106787472,7400
15521,106787472,17540
15522,7756705,500000
15523,106787472,10000
15524,7756705,500000
15525,106787472,13480
15526,106787472,9130
15527,7756705,500000
15528,106787472,41040
15529,7756705,500000
15530,7756705,500000
15531,7756705,500000
15532,106787472,5800
15533,7756705,500000
15534,106787472,11600
15535,7756705,500000
15536,106787472,5950
15537,7756705,500000
15538,7756705,500000
15539,106787472,9730
15540,106787472,43940
15541,106787472,7540
15542,106787472,9280
15543,106787472,8130
15544,7756705,500000
15545,106787472,6530
15546,106787472,10000
15547,106787472,8700
15548,106787472,9280
15549,7756705,500000
15550,7756705,500000
15551,106787472,9570
15552,106787472,10580
15553,106787472,8850
15554,106787472,8550
15555,106787472,8270
15556,106787472,14390
15557,7756705,500000
15558,106787472,14500
15559,106787472,4930
15560,106787472,4350
15561,7756705,500000
15562,7756705,500000
15563,106787472,9570
15564,106787472,7250
15565,106787472,115570
15566,106787472,7540
15567,7756705,500000
15568,7756705,500000
15569,7756705,500000
15570,106787472,19280
15571,7756705,500000
15572,7756705,500000
15573,7756705,500000
15574,106787472,11890
15575,7756705,500000
15576,7756705,500000
15577,7756705,500000
15578,106787472,5080
15579,106787472,5510
15580,106787472,12470
15581,106787472,5090
15582,106787472,6960
15583,7756705,500000
15584,106787472,4060
15585,106787472,11460
15586,7756705,500000
15587,106787472,23200
15588,7756705,500000
15589,7756705,500000
15590,106787472,18420
15591,106787472,9150
15592,106787472,6820
15593,106787472,8270
15594,7756705,500000
15595,106787472,5510
15596,106787472,6670
15597,106787472,17300
15598,106787472,4500
15599,7756705,500000
15600,7756705,500000
15601,106787472,11460
15602,7756705,500000
15603,7756705,500000
15604,7756705,500000
15605,106787472,9860
15606,106787472,12490
15607,7756705,500000
15608,106787472,17690
15609,106787472,17130
15610,106787472,119920
15611,106787472,6530
15612,106787472,6380
15613,7756705,500000
15614,7756705,500000
15615,106787472,16090
15616,106787472,6380
15617,7756705,500000
15618,7756705,500000
15619,106787472,9570
15620,7756705,500000
15621,106787472,7400
15622,106787472,5800
15623,106787472,5650
15624,7756705,500000
15625,106787472,6090
15626,106787472,14790
15627,106787472,6090
15628,7756705,500000
15629,106787472,24070
15630,106787472,7830
15631,7756705,500000
15632,7756705,500000
15633,106787472,17400
15634,7756705,500000
15635,7756705,500000
15636,106787472,5830
15637,106787472,13340
15638,106787472,42050
15639,106787472,5950
15640,106787472,6240
15641,106787472,4660
15642,7756705,500000
15643,106787472,6240
15644,106787472,7100
15645,106787472,11750
15646,7756705,500000
15647,106787472,6090
15648,106787472,5370
15649,106787472,12330
15650,106787472,20010
15651,106787472,14360
15652,106787472,81490
15653,106787472,7540
15654,7756705,500000
15655,7756705,500000
15656,106787472,20010
15657,7756705,500000
15658,7756705,500000
15659,7756705,500000
15660,106787472,10300
15661,7756705,500000
15662,106787472,28560
15663,106787472,6820
15664,106787472,6240
15665,106787472,19580
15666,7756705,500000
15667,7756705,500000
15668,106787472,5950
15669,7756705,500000
15670,7756705,500000
15671,7756705,500000
15672,106787472,7680
15673,106787472,13640
15674,106787472,7100
15675,7756705,500000
15676,7756705,500000
15677,7756705,500000
15678,7756705,500000
15679,106787472,7250
15680,7756705,500000
15681,106787472,8850
15682,7756705,500000
15683,7756705,500000
15684,7756705,500000
15685,106787472,12350
15686,7756705,500000
15687,106787472,15660
15688,106787472,9130
15689,7756705,500000
15690,106787472,8120
15691,7756705,500000
15692,106787472,16240
15693,7756705,500000
15694,106787472,9000
15695,7756705,500000
15696,7756705,500000
15697,106787472,8410
15698,106787472,6820
15699,106787472,10440
15700,106787472,8550
15701,106787472,10000
15702,7756705,500000
15703,7756705,500000
15704,106787472,5370
15705,106787472,15520
15706,7756705,500000
15707,106787472,5220
15708,106787472,8120
15709,7756705,500000
15710,106787472,6380
15711,106787472,8120
15712,7756705,500000
15713,106787472,12470
15714,106787472,29290
15715,106787472,33350
15716,7756705,500000
15717,106787472,9000
15718,106787472,8990
15719,106787472,8410
15720,106787472,7100
15721,7756705,500000
15722,7756705,500000
15723,106787472,7420
15724,106787472,8550
15725,106787472,5370
15726,106787472,6260
15727,106787472,44370
15728,106787472,9720
15729,106787472,6110
15730,7756705,500000
15731,7756705,500000
15732,106787472,6820
15733,106787472,8120
15734,106787472,8270
15735,106787472,15520
15736,7756705,500000
15737,106787472,7100
15738,106787472,6670
15739,7756705,500000
15740,7756705,500000
15741,7756705,500000
15742,7756705,500000
15743,7756705,500000
15744,7756705,500000
15745,106787472,11170
15746,7756705,500000
15747,7756705,500000
15748,106787472,10150
15749,7756705,500000
15750,106787472,4060
15751,7756705,500000
15752,106787472,8130
15753,106787472,9570
15754,106787472,4640
15755,7756705,500000
15756,106787472,8120
15757,7756705,500000
15758,106787472,5370
15759,7756705,500000
15760,7756705,500000
15761,106787472,6530
15762,106787472,6670
15763,7756705,500000
15764,7756705,500000
15765,106787472,9570
15766,7756705,500000
15767,106787472,7830
15768,106787472,10180
15769,106787472,4640
15770,106787472,6240
15771,7756705,500000
15772,106787472,10440
15773,106787472,7830
15774,7756705,500000
15775,7756705,500000
15776,106787472,6530
15777,7756705,500000
15778,106787472,17690
15779,106787472,5950
15780,106787472,12620
15781,7756705,500000
15782,106787472,10330
15783,106787472,4350
15784,106787472,9720
15785,7756705,500000
15786,7756705,500000
15787,7756705,500000
15788,106787472,7830
15789,7756705,500000
15790,7756705,500000
15791,106787472,8120
15792,106787472,10580
15793,106787472,7680
15794,106787472,13920
15795,106787472,6670
15796,106787472,5250
15797,106787472,45390
15798,7756705,500000
15799,7756705,500000
15800,7756705,500000
15801,106787472,12470
15802,106787472,4930
15803,106787472,7250
15804,106787472,4930
15805,106787472,13790
15806,106787472,7730
15807,106787472,16680
15808,106787472,7680
15809,7756705,500000
15810,7756705,500000
15811,7756705,500000
15812,7756705,500000
15813,7756705,500000
15814,7756705,500000
15815,7756705,500000
15816,7756705,500000
15817,106787472,14070
15818,106787472,7100
15819,7756705,500000
15820,106787472,6960
15821,7756705,500000
15822,106787472,19280
15823,106787472,4350
15824,7756705,500000
15825,106787472,22480
15826,7756705,500000
15827,7756705,500000
15828,106787472,6530
15829,7756705,500000
15830,7756705,500000
15831,7756705,500000
15832,7756705,500000
15833,106787472,7100
15834,7756705,500000
15835,7756705,500000
15836,106787472,35110
15837,7756705,500000
15838,7756705,500000
15839,106787472,17110
15840,106787472,30160
15841,106787472,6670
15842,106787472,8270
15843,7756705,500000
15844,106787472,18850
15845,7756705,500000
15846,106787472,6240
15847,7756705,500000
15848,7756705,500000
15849,7756705,500000
15850,106787472,4930
15851,106787472,10740
15852,7756705,500000
15853,7756705,500000
15854,7756705,500000
15855,106787472,4930
15856,7756705,500000
15857,106787472,13340
15858,7756705,500000
15859,7756705,500000
15860,106787472,5080
15861,7756705,500000
15862,106787472,8580
15863,7756705,500000
15864,106787472,13630
15865,7756705,500000
15866,106787472,11890
15867,7756705,500000
15868,106787472,6690
15869,7756705,500000
15870,106787472,11900
15871,106787472,7540
15872,7756705,500000
15873,7756705,500000
15874,106787472,8990
15875,7756705,500000
15876,7756705,500000
15877,106787472,5370
15878,7756705,500000
15879,106787472,8700
15880,106787472,5800
15881,7756705,500000
15882,106787472,17400
15883,106787472,11020
15884,7756705,500000
15885,106787472,4950
15886,106787472,5680
15887,106787472,5620
15888,106787472,7870
15889,106787472,7830
15890,106787472,8700
15891,106787472,13210
15892,7756705,500000
15893,106787472,10000
15894,7756705,500000
15895,7756705,500000
15896,7756705,500000
15897,106787472,5960
15898,106787472,10150
15899,106787472,7400
15900,106787472,7250
15901,7756705,500000
15902,106787472,8120
15903,106787472,5650
15904,106787472,4640
15905,7756705,500000
15906,7756705,500000
15907,7756705,500000
15908,106787472,8900
15909,106787472,8410
15910,106787472,4820
15911,7756705,500000
15912,106787472,6820
15913,7756705,500000
15914,106787472,6530
15915,106787472,20440
15916,106787472,5080
15917,106787472,15520
15918,106787472,6820
15919,106787472,9310
15920,106787472,6960
15921,106787472,6960
15922,106787472,5800
15923,106787472,5370
15924,7756705,500000
15925,106787472,12620
15926,106787472,10300
15927,7756705,500000
15928,106787472,8550
15929,106787472,16820
15930,106787472,7540
15931,7756705,500000
15932,106787472,12910
15933,106787472,36300
15934,106787472,6240
15935,106787472,8120
15936,106787472,27270
15937,106787472,10440
15938,7756705,500000
15939,106787472,7270
15940,106787472,10440
15941,106787472,5510
15942,106787472,4790
15943,7756705,500000
15944,7756705,500000
15945,106787472,4790
15946,106787472,9720
15947,7756705,500000
15948,7756705,500000
15949,7756705,500000
15950,106787472,5370
15951,106787472,5510
15952,106787472,114120
15953,106787472,21030
15954,106787472,8550
15955,106787472,11180
15956,106787472,6530
15957,106787472,5080
15958,106787472,8550
15959,106787472,6380
15960,7756705,500000
15961,106787472,4350
15962,106787472,17980
15963,7756705,500000
15964,7756705,500000
15965,7756705,500000
15966,106787472,9280
15967,106787472,5650
15968,7756705,500000
15969,7756705,500000
15970,106787472,18560
15971,7756705,500000
15972,7756705,500000
15973,106787472,7250
15974,106787472,12400
15975,7756705,500000
15976,106787472,6670
15977,7756705,500000
15978,7756705,500000
15979,106787472,11170
15980,7756705,500000
15981,106787472,4500
15982,106787472,5800
15983,106787472,6380
15984,106787472,7540
15985,106787472,9570
15986,7756705,500000
15987,7756705,500000
15988,7756705,500000
15989,7756705,500000
15990,7756705,500000
15991,7756705,500000
15992,106787472,7830
15993,7756705,500000
15994,106787472,8850
15995,106787472,3480
15996,106787472,6240
15997,106787472,9450
15998,106787472,27840
15999,106787472,6960
16000,106787472,7100
16001,106787472,5370
16002,106787472,10880
16003,106787472,9130
16004,7756705,500000
16005,7756705,500000
16006,7756705,500000
16007,7756705,500000
16008,106787472,7100
16009,7756705,500000
16010,106787472,17540
16011,7756705,500000
16012,106787472,7250
16013,106787472,6240
16014,106787472,6090
16015,106787472,5750
16016,106787472,11170
16017,106787472,8550
16018,7756705,500000
16019,106787472,10150
16020,7756705,500000
16021,106787472,6090
16022,106787472,5220
16023,106787472,18710
16024,7756705,500000
16025,106787472,5950
16026,106787472,5510
16027,106787472,4960
16028,7756705,500000
16029,106787472,17110
16030,106787472,8410
16031,7756705,500000
16032,106787472,13050
16033,106787472,23200
16034,106787472,13630
16035,106787472,11310
16036,7756705,500000
16037,106787472,8850
16038,106787472,15810
16039,106787472,15530
16040,7756705,500000
16041,106787472,5510
16042,106787472,7980
16043,106787472,7100
16044,106787472,3630
16045,106787472,18270
16046,106787472,15230
16047,106787472,8850
16048,7756705,500000
16049,7756705,500000
16050,106787472,22630
16051,106787472,10300
16052,106787472,11170
16053,7756705,500000
16054,7756705,500000
16055,7756705,500000
16056,7756705,500000
16057,7756705,500000
16058,106787472,5950
16059,106787472,8700
16060,7756705,500000
16061,106787472,6820
16062,7756705,500000
16063,7756705,500000
16064,7756705,500000
16065,7756705,500000
16066,106787472,16380
16067,106787472,5800
16068,106787472,6820
16069,7756705,500000
16070,106787472,9130
16071,7756705,500000
16072,106787472,22920
16073,106787472,19280
16074,7756705,500000
16075,106787472,4790
16076,106787472,41330
16077,106787472,17400
16078,106787472,5670
16079,7756705,500000
16080,106787472,9590
16081,7756705,500000
16082,106787472,19140
16083,106787472,5370
16084,106787472,11750
16085,106787472,5950
16086,106787472,24360
16087,106787472,7400
16088,7756705,500000
16089,106787472,9290
16090,106787472,8120
16091,106787472,5220
16092,106787472,9720
16093,106787472,8120
16094,106787472,4790
16095,7756705,500000
16096,7756705,500000
16097,106787472,19030
16098,7756705,500000
16099,7756705,500000
16100,7756705,500000
16101,106787472,7680
16102,7756705,500000
16103,7756705,500000
16104,106787472,9430
16105,106787472,11460
16106,106787472,28150
16107,106787472,14210
16108,106787472,7680
16109,106787472,5080
16110,106787472,6530
16111,106787472,8410
16112,7756705,500000
16113,106787472,4060
16114,106787472,7250
16115,7756705,500000
16116,7756705,500000
16117,7756705,500000
16118,106787472,11170
16119,7756705,500000
16120,106787472,41330
16121,7756705,500000
16122,106787472,4790
16123,106787472,17400
16124,7756705,500000
16125,7756705,500000
16126,106787472,7540
16127,106787472,7420
16128,7756705,500000
16129,106787472,13200
16130,106787472,44080
16131,7756705,500000
16132,106787472,9430
16133,106787472,6390
16134,106787472,8270
16135,106787472,7680
16136,7756705,500000
16137,7756705,500000
16138,106787472,8850
16139,7756705,500000
16140,106787472,8990
16141,106787472,5950
16142,7756705,500000
16143,106787472,12760
16144,106787472,46550
16145,7756705,500000
16146,7756705,500000
16147,106787472,4930
16148,7756705,500000
16149,7756705,500000
16150,106787472,6380
16151,7756705,500000
16152,106787472,42200
16153,7756705,500000
16154,7756705,500000
16155,7756705,500000
16156,106787472,7100
16157,106787472,11750
16158,106787472,5950
16159,106787472,4640
16160,106787472,6090
16161,7756705,500000
16162,106787472,16850
16163,7756705,500000
16164,106787472,6250
16165,106787472,10730
16166,7756705,500000
16167,7756705,500000
16168,106787472,5080
16169,106787472,8990
16170,7756705,500000
16171,7756705,500000
16172,7756705,500000
16173,106787472,10880
16174,7756705,500000
16175,106787472,6090
16176,106787472,7260
16177,106787472,9130
16178,106787472,13300
16179,106787472,4940
16180,106787472,5510
16181,106787472,9860
16182,7756705,500000
16183,7756705,500000
16184,7756705,500000
16185,7756705,500000
16186,7756705,500000
16187,106787472,16250
16188,7756705,500000
16189,7756705,500000
16190,106787472,7250
16191,7756705,500000
16192,7756705,500000
16193,7756705,500000
16194,7756705,500000
16195,106787472,6090
16196,7756705,500000
16197,106787472,6530
16198,106787472,10880
16199,7756705,500000
16200,106787472,16970
16201,7756705,500000
16202,7756705,500000
16203,7756705,500000
16204,106787472,11030
16205,106787472,8700
16206,7756705,500000
16207,7756705,500000
16208,7756705,500000
16209,7756705,500000
16210,106787472,10730
16211,7756705,500000
16212,106787472,6100
16213,7756705,500000
16214,106787472,15950
16215,106787472,5520
16216,7756705,500000
16217,7756705,500000
16218,7756705,500000
16219,106787472,4790
16220,7756705,500000
16221,7756705,500000
16222,7756705,500000
16223,106787472,5220
16224,106787472,6090
16225,7756705,500000
16226,106787472,6670
16227,106787472,15660
16228,7756705,500000
16229,106787472,7980
16230,7756705,500000
16231,106787472,5080
16232,106787472,9860
16233,106787472,14370
16234,106787472,9280
16235,106787472,8270
16236,7756705,500000
16237,7756705,500000
16238,7756705,500000
16239,7756705,500000
16240,106787472,23430
16241,106787472,7830
16242,7756705,500000
16243,106787472,4640
16244,106787472,9130
16245,106787472,8550
16246,106787472,4350
16247,7756705,500000
16248,106787472,16540
16249,7756705,500000
16250,106787472,6380
16251,106787472,7250
16252,106787472,7940
16253,106787472,15680
16254,7756705,500000
16255,7756705,500000
16256,7756705,500000
16257,106787472,5510
16258,7756705,500000
16259,7756705,500000
16260,7756705,500000
16261,106787472,4060
16262,106787472,3910
16263,7756705,500000
16264,106787472,6670
16265,106787472,6530
16266,7756705,500000
16267,106787472,10150
16268,106787472,8710
16269,7756705,500000
16270,7756705,500000
16271,106787472,8120
16272,106787472,8990
16273,7756705,500000
16274,106787472,5650
16275,7756705,500000
16276,106787472,12030
16277,7756705,500000
16278,106787472,7400
16279,106787472,4640
16280,106787472,8270
16281,106787472,6670
16282,106787472,6090
16283,7756705,500000
16284,106787472,24650
16285,106787472,7830
16286,7756705,500000
16287,7756705,500000
16288,106787472,57420
16289,106787472,6530
16290,7756705,500000
16291,7756705,500000
16292,106787472,116430
16293,106787472,11170
16294,106787472,8850
16295,7756705,500000
16296,106787472,7980
16297,7756705,500000
16298,106787472,8990
16299,106787472,5370
16300,106787472,4350
16301,106787472,12180
16302,106787472,7540
16303,7756705,500000
16304,106787472,6240
16305,106787472,8270
16306,7756705,500000
16307,106787472,8850
16308,106787472,4940
16309,7756705,500000
16310,7756705,500000
16311,7756705,500000
16312,106787472,5830
16313,7756705,500000
16314,7756705,500000
16315,106787472,7140
16316,106787472,6820
16317,106787472,5080
16318,106787472,5510
16319,106787472,4930
16320,7756705,500000
16321,7756705,500000
16322,106787472,5080
16323,106787472,15810
16324,106787472,5800
16325,7756705,500000
16326,106787472,12470
16327,106787472,15950
16328,106787472,7100
16329,106787472,15240
16330,106787472,5220
16331,7756705,500000
16332,106787472,3910
16333,7756705,500000
16334,106787472,6530
16335,106787472,10150
16336,106787472,5650
16337,7756705,500000
16338,7756705,500000
16339,7756705,500000
16340,7756705,500000
16341,7756705,500000
16342,106787472,6530
16343,106787472,10880
16344,106787472,10300
16345,106787472,7680
16346,106787472,5220
16347,7756705,500000
16348,7756705,500000
16349,7756705,500000
16350,106787472,7550
16351,106787472,7100
16352,7756705,500000
16353,7756705,500000
16354,7756705,500000
16355,106787472,5430
16356,7756705,500000
16357,106787472,30890
16358,7756705,500000
16359,7756705,500000
16360,106787472,5800
16361,106787472,8700
16362,7756705,500000
16363,106787472,7420
16364,106787472,9430
16365,106787472,13630
16366,106787472,8710
16367,106787472,15660
16368,106787472,4070
16369,106787472,6680
16370,106787472,42340
16371,106787472,9720
16372,106787472,7830
16373,7756705,500000
16374,7756705,500000
16375,106787472,8410
16376,106787472,6570
16377,7756705,500000
16378,7756705,500000
16379,7756705,500000
16380,106787472,7250
16381,106787472,16410
16382,106787472,5800
16383,7756705,500000
16384,7756705,500000
16385,7756705,500000
16386,106787472,4640
16387,106787472,5220
16388,7756705,500000
16389,7756705,500000
16390,7756705,500000
16391,7756705,500000
16392,7756705,500000
16393,7756705,500000
16394,7756705,500000
16395,7756705,500000
16396,106787472,5800
16397,106787472,8420
16398,7756705,500000
16399,106787472,6380
16400,106787472,7150
16401,7756705,500000
16402,106787472,11170
16403,106787472,5510
16404,7756705,500000
16405,106787472,11170
16406,106787472,5510
16407,7756705,500000
16408,7756705,500000
16409,7756705,500000
16410,7756705,500000
16411,7756705,500000
16412,106787472,10580
16413,106787472,7250
16414,106787472,8120
16415,7756705,500000
16416,106787472,19580
16417,106787472,12030
16418,7756705,500000
16419,106787472,6820
16420,7756705,500000
16421,106787472,7470
16422,106787472,13190
16423,7756705,500000
16424,7756705,500000
16425,106787472,6530
16426,7756705,500000
16427,106787472,7110
16428,106787472,5370
16429,7756705,500000
16430,7756705,500000
16431,106787472,4940
16432,106787472,8710
16433,106787472,10730
16434,106787472,4200
16435,106787472,78300
16436,106787472,8990
16437,106787472,5370
16438,106787472,19280
16439,7756705,500000
16440,7756705,500000
16441,106787472,21170
16442,7756705,500000
16443,106787472,6090
16444,106787472,10730
16445,106787472,11220
16446,106787472,5950
16447,106787472,6240
16448,7756705,500000
16449,7756705,500000
16450,7756705,500000
16451,7756705,500000
16452,7756705,500000
16453,106787472,5080
16454,106787472,11460
16455,106787472,15370
16456,106787472,4500
16457,7756705,500000
16458,106787472,7550
16459,7756705,500000
16460,106787472,41910
16461,106787472,16380
16462,7756705,500000
16463,106787472,14210
16464,7756705,500000
16465,7756705,500000
16466,106787472,9860
16467,106787472,6380
16468,106787472,7680
16469,7756705,500000
16470,7756705,500000
16471,7756705,500000
16472,7756705,500000
16473,106787472,18710
16474,106787472,5220
16475,106787472,19870
16476,7756705,500000
16477,106787472,10150
16478,106787472,14930
16479,106787472,8880
16480,7756705,500000
16481,106787472,16820
16482,7756705,500000
16483,7756705,500000
16484,106787472,12030
16485,7756705,500000
16486,7756705,500000
16487,106787472,17110
16488,106787472,8270
16489,106787472,10440
16490,7756705,500000
16491,106787472,7250
16492,106787472,7540
16493,106787472,45240
16494,106787472,6530
16495,106787472,5220
16496,7756705,500000
16497,106787472,4200
16498,106787472,5220
16499,106787472,5220
16500,106787472,14930
16501,106787472,8700
16502,106787472,8700
16503,106787472,18560
16504,7756705,500000
16505,7756705,500000
16506,7756705,500000
16507,106787472,12760
16508,106787472,11020
16509,7756705,500000
16510,106787472,5800
16511,7756705,500000
16512,7756705,500000
16513,106787472,10730
16514,7756705,500000
16515,7756705,500000
16516,106787472,8850
16517,106787472,6090
16518,106787472,4500
16519,7756705,500000
16520,106787472,7830
16521,7756705,500000
16522,106787472,6670
16523,7756705,500000
16524,106787472,43500
16525,7756705,500000
16526,7756705,500000
16527,7756705,500000
16528,7756705,500000
16529,7756705,500000
16530,106787472,6240
16531,7756705,500000
16532,106787472,5080
16533,106787472,115420
16534,106787472,14210
16535,106787472,6530
16536,7756705,500000
16537,106787472,50900
16538,106787472,24070
16539,106787472,6820
16540,7756705,500000
16541,106787472,6380
16542,7756705,500000
16543,7756705,500000
16544,106787472,9600
16545,106787472,7830
16546,106787472,10730
16547,106787472,12180
16548,106787472,7250
16549,7756705,500000
16550,106787472,7540
16551,106787472,6960
16552,106787472,9470
16553,106787472,9860
16554,106787472,7550
16555,7756705,500000
16556,106787472,7680
16557,106787472,6090
16558,106787472,16240
16559,7756705,500000
16560,106787472,7680
16561,106787472,6090
16562,106787472,8700
16563,7756705,500000
16564,106787472,4640
16565,7756705,500000
16566,7756705,500000
16567,106787472,8450
16568,7756705,500000
16569,106787472,9430
16570,106787472,7980
16571,106787472,6100
16572,106787472,6960
16573,106787472,9570
16574,106787472,14790
16575,7756705,500000
16576,7756705,500000
16577,7756705,500000
16578,7756705,500000
16579,106787472,10440
16580,106787472,7250
16581,106787472,10740
16582,7756705,500000
16583,106787472,11490
16584,106787472,26100
16585,7756705,500000
16586,106787472,5080
16587,106787472,7980
16588,7756705,500000
16589,106787472,12270
16590,106787472,4790
16591,106787472,6820
16592,106787472,9130
16593,106787472,68880
16594,7756705,500000
16595,7756705,500000
16596,106787472,19720
16597,7756705,500000
16598,7756705,500000
16599,106787472,13790
16600,106787472,7830
16601,106787472,6670
16602,106787472,8550
16603,7756705,500000
16604,106787472,20440
16605,106787472,5800
16606,7756705,500000
16607,106787472,12420
16608,7756705,500000
16609,106787472,5080
16610,7756705,500000
16611,7756705,500000
16612,7756705,500000
16613,106787472,6380
16614,7756705,500000
16615,7756705,500000
16616,106787472,7680
16617,106787472,29440
16618,106787472,12820
16619,106787472,10150
16620,106787472,6820
16621,106787472,10300
16622,106787472,9130
16623,106787472,42490
16624,106787472,4520
16625,7756705,500000
16626,7756705,500000
16627,106787472,229400
16628,106787472,19010
16629,7756705,500000
16630,106787472,7830
16631,106787472,10730
16632,7756705,500000
16633,106787472,46840
16634,7756705,500000
16635,7756705,500000
16636,106787472,6380
16637,7756705,500000
16638,106787472,6240
16639,106787472,5080
16640,7756705,500000
16641,106787472,14930
16642,106787472,4350
16643,106787472,6380
16644,106787472,8550
16645,106787472,7250
16646,7756705,500000
16647,7756705,500000
16648,106787472,6670
16649,106787472,5950
16650,106787472,6670
16651,7756705,500000
16652,106787472,6380
16653,106787472,41470
16654,106787472,18710
16655,7756705,500000
16656,7756705,500000
16657,106787472,4790
16658,7756705,500000
16659,7756705,500000
16660,106787472,13780
16661,106787472,8550
16662,7756705,500000
16663,7756705,500000
16664,106787472,6960
16665,7756705,500000
16666,106787472,8160
16667,7756705,500000
16668,106787472,8410
16669,106787472,6820
16670,106787472,5370
16671,7756705,500000
16672,106787472,11600
16673,7756705,500000
16674,7756705,500000
16675,106787472,9280
16676,7756705,500000
16677,106787472,7250
16678,106787472,15520
16679,106787472,7540
16680,7756705,500000
16681,7756705,500000
16682,106787472,43210
16683,106787472,9290
16684,7756705,500000
16685,106787472,4350
16686,7756705,500000
16687,106787472,136730
16688,106787472,10880
16689,7756705,500000
16690,106787472,8990
16691,7756705,500000
16692,7756705,500000
16693,7756705,500000
16694,106787472,4350
16695,7756705,500000
16696,106787472,23060
16697,7756705,500000
16698,106787472,7590
16699,7756705,500000
16700,7756705,500000
16701,106787472,11310
16702,106787472,6380
16703,106787472,5510
16704,106787472,8990
16705,7756705,500000
16706,106787472,7980
16707,106787472,4940
16708,106787472,7680
16709,106787472,5080
16710,7756705,500000
16711,106787472,5810
16712,106787472,9570
16713,7756705,500000
16714,7756705,500000
16715,106787472,9130
16716,106787472,11460
16717,7756705,500000
16718,106787472,5080
16719,7756705,500000
16720,106787472,2460
16721,106787472,7540
16722,7756705,500000
16723,7756705,500000
16724,106787472,8410
16725,106787472,3770
16726,106787472,10150
16727,106787472,11890
16728,7756705,500000
16729,7756705,500000
16730,7756705,500000
16731,7756705,500000
16732,7756705,500000
16733,7756705,500000
16734,7756705,500000
16735,7756705,500000
16736,7756705,500000
16737,7756705,500000
16738,7756705,500000
16739,106787472,6100
16740,106787472,10730
16741,7756705,500000
16742,106787472,7250
16743,106787472,5520
16744,7756705,500000
16745,106787472,17980
16746,7756705,500000
16747,106787472,8410
16748,106787472,8120
16749,106787472,15520
16750,106787472,8120
16751,106787472,10730
16752,106787472,6240
16753,7756705,500000
16754,106787472,9140
16755,7756705,500000
16756,7756705,500000
16757,106787472,12910
16758,7756705,500000
16759,7756705,500000
16760,106787472,5220
16761,106787472,5800
16762,106787472,5800
16763,7756705,500000
16764,106787472,10440
16765,106787472,8300
16766,7756705,500000
16767,106787472,19280
16768,106787472,13340
16769,106787472,7690
16770,7756705,500000
16771,106787472,5220
16772,7756705,500000
16773,106787472,6530
16774,106787472,37120
16775,106787472,18420
16776,7756705,500000
16777,106787472,8700
16778,106787472,14930
16779,7756705,500000
16780,106787472,6530
16781,106787472,7830
16782,7756705,500000
16783,106787472,16250
16784,106787472,5370
16785,7756705,500000
16786,7756705,500000
16787,106787472,7100
16788,7756705,500000
16789,106787472,6820
16790,106787472,8120
16791,106787472,9160
16792,7756705,500000
16793,7756705,500000
16794,7756705,500000
16795,106787472,4790
16796,7756705,500000
16797,106787472,9280
16798,106787472,6530
16799,106787472,6960
16800,106787472,8850
16801,7756705,500000
16802,7756705,500000
16803,7756705,500000
16804,106787472,6380
16805,7756705,500000
16806,7756705,500000
16807,106787472,8270
16808,106787472,12330
16809,106787472,4350
16810,106787472,10580
16811,106787472,7850
16812,106787472,11600
16813,7756705,500000
16814,106787472,6100
16815,106787472,9130
16816,106787472,13190
16817,106787472,13340
16818,7756705,500000
16819,7756705,500000
16820,106787472,9720
16821,106787472,16240
16822,7756705,500000
16823,7756705,500000
16824,106787472,14210
16825,7756705,500000
16826,7756705,500000
16827,106787472,6240
16828,7756705,500000
16829,106787472,9430
16830,106787472,4350
16831,106787472,10300
16832,106787472,5510
16833,106787472,3910
16834,106787472,7540
16835,7756705,500000
16836,7756705,500000
16837,106787472,3630
16838,106787472,6240
16839,106787472,8990
16840,106787472,4790
16841,7756705,500000
16842,7756705,500000
16843,106787472,6960
16844,106787472,15080
16845,106787472,11600
16846,106787472,25810
16847,106787472,5240
16848,106787472,7250
16849,7756705,500000
16850,106787472,10300
16851,106787472,7980
16852,106787472,6530
16853,106787472,19720
16854,106787472,25230
16855,106787472,7540
16856,7756705,500000
16857,106787472,7830
16858,106787472,16680
16859,7756705,500000
16860,106787472,8270
16861,106787472,41760
16862,106787472,7250
16863,7756705,500000
16864,7756705,500000
16865,106787472,9280
16866,106787472,6670
16867,106787472,9720
16868,7756705,500000
16869,7756705,500000
16870,106787472,6670
16871,7756705,500000
16872,106787472,8700
16873,106787472,8990
16874,106787472,119770
16875,7756705,500000
16876,106787472,6970
16877,106787472,7400
16878,106787472,11750
16879,106787472,5080
16880,106787472,45390
16881,106787472,7260
16882,106787472,7540
16883,106787472,5950
16884,7756705,500000
16885,106787472,9280
16886,7756705,500000
16887,7756705,500000
16888,7756705,500000
16889,7756705,500000
16890,106787472,15230
16891,106787472,14220
16892,7756705,500000
16893,7756705,500000
16894,7756705,500000
16895,106787472,5950
16896,106787472,7250
16897,106787472,6410
16898,106787472,14500
16899,7756705,500000
16900,106787472,37410
16901,106787472,30750
16902,7756705,500000
16903,106787472,9570
16904,7756705,500000
16905,7756705,500000
16906,106787472,5370
16907,106787472,9720
16908,106787472,15080
16909,106787472,6670
16910,106787472,6390
16911,106787472,7980
16912,7756705,500000
16913,106787472,10000
16914,106787472,6240
16915,106787472,5650
16916,7756705,500000
16917,7756705,500000
16918,7756705,500000
16919,106787472,6670
16920,106787472,8270
16921,106787472,7250
16922,7756705,500000
16923,7756705,500000
16924,106787472,8020
16925,7756705,500000
16926,106787472,5080
16927,106787472,204170
16928,106787472,8700
16929,106787472,8700
16930,106787472,9570
16931,7756705,500000
16932,7756705,500000
16933,106787472,12760
16934,7756705,500000
16935,106787472,11620
16936,7756705,500000
16937,7756705,500000
16938,7756705,500000
16939,106787472,7680
16940,7756705,500000
16941,7756705,500000
16942,106787472,6670
16943,106787472,9720
16944,106787472,18560
16945,7756705,500000
16946,7756705,500000
16947,106787472,8720
16948,106787472,14500
16949,106787472,8550
16950,106787472,7840
16951,106787472,5650
16952,106787472,7400
16953,106787472,6820
16954,106787472,8990
16955,106787472,6670
16956,106787472,7100
16957,106787472,17270
16958,7756705,500000
16959,106787472,19280
16960,106787472,6380
16961,7756705,500000
16962,106787472,6670
16963,7756705,500000
16964,106787472,6090
16965,7756705,500000
16966,106787472,8990
16967,7756705,500000
16968,7756705,500000
16969,7756705,500000
16970,106787472,6240
16971,106787472,9570
16972,106787472,27690
16973,7756705,500000
16974,7756705,500000
16975,7756705,500000
16976,7756705,500000
16977,7756705,500000
16978,7756705,500000
16979,7756705,500000
16980,106787472,4350
16981,7756705,500000
16982,106787472,6380
16983,106787472,16880
16984,7756705,500000
16985,7756705,500000
16986,106787472,13630
16987,7756705,500000
16988,106787472,3770
16989,7756705,500000
16990,7756705,500000
16991,106787472,5220
16992,106787472,5950
16993,106787472,5510
16994,7756705,500000
16995,7756705,500000
16996,7756705,500000
16997,106787472,16530
16998,106787472,4500
16999,106787472,10000
17000,106787472,8270
17001,106787472,6960
17002,7756705,500000
17003,106787472,5950
17004,7756705,500000
17005,106787472,7100
17006,7756705,500000
17007,106787472,25960
17008,106787472,6670
17009,106787472,7540
17010,106787472,9430
17011,106787472,4200
17012,106787472,7540
17013,7756705,500000
17014,7756705,500000
17015,106787472,7990
17016,106787472,9870
17017,106787472,11610
17018,106787472,6960
17019,7756705,500000
17020,7756705,500000
17021,106787472,9430
17022,7756705,500000
17023,7756705,500000
17024,106787472,6090
17025,106787472,5800
17026,106787472,6380
17027,106787472,11020
17028,7756705,500000
17029,106787472,6960
17030,106787472,6960
17031,7756705,500000
17032,7756705,500000
17033,7756705,500000
17034,106787472,6670
17035,7756705,500000
17036,7756705,500000
17037,106787472,16530
17038,106787472,10580
17039,7756705,500000
17040,7756705,500000
17041,106787472,4790
17042,106787472,9570
17043,106787472,14070
17044,106787472,10730
17045,7756705,500000
17046,7756705,500000
17047,7756705,500000
17048,7756705,500000
17049,106787472,10580
17050,106787472,6670
17051,106787472,8700
17052,106787472,12910
17053,106787472,9720
17054,106787472,3340
17055,106787472,7540
17056,106787472,8270
17057,106787472,11020
17058,7756705,500000
17059,7756705,500000
17060,106787472,6820
17061,7756705,500000
17062,7756705,500000
17063,7756705,500000
17064,106787472,5080
17065,7756705,500000
17066,7756705,500000
17067,106787472,7540
17068,106787472,40020
17069,7756705,500000
17070,7756705,500000
17071,7756705,500000
17072,7756705,500000
17073,7756705,500000
17074,106787472,6090
17075,106787472,15520
17076,106787472,8410
17077,106787472,8850
17078,106787472,11170
17079,7756705,500000
17080,106787472,9570
17081,106787472,115710
17082,106787472,7100
17083,7756705,500000
17084,106787472,9860
17085,106787472,6430
17086,106787472,8270
17087,7756705,500000
17088,106787472,9130
17089,7756705,500000
17090,7756705,500000
17091,106787472,7250
17092,7756705,500000
17093,7756705,500000
17094,7756705,500000
17095,7756705,500000
17096,106787472,12470
17097,106787472,30450
17098,7756705,500000
17099,7756705,500000
17100,7756705,500000
17101,106787472,7250
17102,7756705,500000
17103,106787472,10060
17104,106787472,7550
17105,7756705,500000
17106,106787472,12760
17107,106787472,6960
17108,106787472,9570
17109,106787472,35090
17110,106787472,79460
17111,106787472,6960
17112,7756705,500000
17113,106787472,6270
17114,7756705,500000
17115,106787472,7830
17116,7756705,500000
17117,106787472,10880
17118,106787472,8700
17119,106787472,9720
17120,106787472,9720
17121,7756705,500000
17122,7756705,500000
17123,106787472,4200
17124,106787472,6090
17125,7756705,500000
17126,106787472,20470
17127,106787472,7100
17128,106787472,113530
17129,106787472,5370
17130,7756705,500000
17131,7756705,500000
17132,106787472,11600
17133,106787472,6240
17134,106787472,5370
17135,106787472,41180
17136,106787472,6960
17137,7756705,500000
17138,106787472,6260
17139,7756705,500000
17140,7756705,500000
17141,7756705,500000
17142,7756705,500000
17143,106787472,7450
17144,106787472,4500
17145,7756705,500000
17146,106787472,4500
17147,7756705,500000
17148,7756705,500000
17149,7756705,500000
17150,7756705,500000
17151,106787472,8550
17152,7756705,500000
17153,106787472,10300
17154,106787472,8700
17155,106787472,7400
17156,7756705,500000
17157,106787472,9140
17158,7756705,500000
17159,7756705,500000
17160,7756705,500000
17161,106787472,12030
17162,106787472,9720
17163,7756705,500000
17164,7756705,500000
17165,106787472,6960
17166,106787472,7100
17167,106787472,5370
17168,106787472,8550
17169,7756705,500000
17170,7756705,500000
17171,7756705,500000
17172,7756705,500000
17173,7756705,500000
17174,7756705,500000
17175,7756705,500000
17176,7756705,500000
17177,106787472,16380
17178,106787472,29000
17179,7756705,500000
17180,106787472,4260
17181,106787472,4640
17182,7756705,500000
17183,7756705,500000
17184,7756705,500000
17185,7756705,500000
17186,7756705,500000
17187,7756705,500000
17188,106787472,7250
17189,7756705,500000
17190,106787472,10730
17191,106787472,9290
17192,7756705,500000
17193,106787472,18420
17194,106787472,3910
17195,106787472,5370
17196,7756705,500000
17197,106787472,4640
17198,106787472,5510
17199,7756705,500000
17200,106787472,5800
17201,7756705,500000
17202,7756705,500000
17203,7756705,500000
17204,106787472,6100
17205,106787472,5950
17206,7756705,500000
17207,7756705,500000
17208,106787472,4200
17209,106787472,5510
17210,7756705,500000
17211,106787472,5220
17212,106787472,5960
17213,7756705,500000
17214,7756705,500000
17215,7756705,500000
17216,106787472,12330
17217,106787472,12770
17218,106787472,5950
17219,106787472,6890
17220,106787472,68000
17221,106787472,5520
17222,7756705,500000
17223,7756705,500000
17224,106787472,6820
17225,106787472,5760
17226,7756705,500000
17227,7756705,500000
17228,106787472,14220
17229,106787472,9570
17230,7756705,500000
17231,7756705,500000
17232,106787472,14640
17233,106787472,6240
17234,106787472,6960
17235,7756705,500000
17236,7756705,500000
17237,106787472,7100
17238,106787472,15950
17239,106787472,12470
17240,106787472,17110
17241,7756705,500000
17242,106787472,6820
17243,7756705,500000
17244,106787472,11600
17245,7756705,500000
17246,7756705,500000
17247,106787472,17830
17248,7756705,500000
17249,7756705,500000
17250,106787472,12330
17251,106787472,16970
17252,7756705,500000
17253,106787472,8700
17254,7756705,500000
17255,106787472,11750
17256,7756705,500000
17257,106787472,11890
17258,106787472,7250
17259,7756705,500000
17260,7756705,500000
17261,106787472,10460
17262,106787472,44380
17263,106787472,8990
17264,106787472,8410
17265,106787472,8860
17266,106787472,7250
17267,106787472,9720
17268,106787472,7100
17269,106787472,4200
17270,106787472,11020
17271,106787472,43060
17272,7756705,500000
17273,7756705,500000
17274,106787472,5550
17275,106787472,10150
17276,106787472,7830
17277,106787472,9130
17278,106787472,5950
17279,106787472,8410
17280,106787472,122960
17281,106787472,9570
17282,7756705,500000
17283,7756705,500000
17284,106787472,6240
17285,106787472,9430
17286,106787472,8990
17287,7756705,500000
17288,7756705,500000
17289,106787472,31180
17290,106787472,11310
17291,106787472,6090
17292,106787472,8550
17293,106787472,7100
17294,106787472,11310
17295,7756705,500000
17296,7756705,500000
17297,106787472,5510
17298,106787472,5280
17299,7756705,500000
17300,7756705,500000
17301,7756705,500000
17302,106787472,5950
17303,106787472,7680
17304,106787472,8580
17305,7756705,500000
17306,106787472,11170
17307,7756705,500000
17308,7756705,500000
17309,7756705,500000
17310,106787472,40740
17311,106787472,6240
17312,7756705,500000
17313,106787472,11170
17314,7756705,500000
17315,106787472,19870
17316,106787472,6240
17317,106787472,6530
17318,7756705,500000
17319,106787472,7420
17320,106787472,21030
17321,7756705,500000
17322,7756705,500000
17323,106787472,9130
17324,106787472,4360
17325,106787472,5950
17326,7756705,500000
17327,106787472,10880
17328,7756705,500000
17329,7756705,500000
17330,106787472,8410
17331,106787472,8430
17332,7756705,500000
17333,7756705,500000
17334,106787472,5510
17335,106787472,4350
17336,7756705,500000
17337,7756705,500000
17338,106787472,20300
17339,106787472,6240
17340,106787472,9000
17341,106787472,6530
17342,106787472,6140
17343,7756705,500000
17344,106787472,10000
17345,106787472,6380
17346,106787472,8710
17347,106787472,4790
17348,106787472,9430
17349,106787472,9430
17350,106787472,48000
17351,7756705,500000
17352,106787472,14640
17353,106787472,77580
17354,106787472,8550
17355,106787472,6380
17356,106787472,4060
17357,7756705,500000
17358,106787472,10580
17359,7756705,500000
17360,106787472,6960
17361,7756705,500000
17362,106787472,6820
17363,7756705,500000
17364,106787472,12330
17365,106787472,8850
17366,106787472,10770
17367,106787472,8270
17368,7756705,500000
17369,7756705,500000
17370,7756705,500000
17371,106787472,14640
17372,106787472,8990
17373,106787472,11360
17374,7756705,500000
17375,7756705,500000
17376,7756705,500000
17377,7756705,500000
17378,7756705,500000
17379,7756705,500000
17380,106787472,5370
17381,106787472,6240
17382,7756705,500000
17383,106787472,15660
17384,7756705,500000
17385,106787472,6820
17386,7756705,500000
17387,7756705,500000
17388,106787472,3630
17389,7756705,500000
17390,106787472,7250
17391,106787472,7980
17392,106787472,14360
17393,106787472,10500
17394,106787472,25090
17395,106787472,6100
17396,106787472,17400
17397,7756705,500000
17398,7756705,500000
17399,106787472,5650
17400,7756705,500000
17401,7756705,500000
17402,7756705,500000
17403,106787472,11030
17404,106787472,7020
17405,7756705,500000
17406,7756705,500000
17407,7756705,500000
17408,106787472,6820
17409,7756705,500000
17410,7756705,500000
17411,106787472,9280
17412,7756705,500000
17413,106787472,23490
17414,106787472,11020
17415,106787472,11750
17416,106787472,6960
17417,7756705,500000
17418,106787472,8270
17419,106787472,3910
17420,106787472,7830
17421,106787472,15080
17422,106787472,4930
17423,7756705,500000
17424,7756705,500000
17425,7756705,500000
17426,106787472,4500
17427,7756705,500000
17428,106787472,5800
17429,7756705,500000
17430,106787472,6390
17431,7756705,500000
17432,7756705,500000
17433,7756705,500000
17434,7756705,500000
17435,106787472,6380
17436,106787472,7300
17437,7756705,500000
17438,7756705,500000
17439,106787472,7540
17440,106787472,8990
17441,7756705,500000
17442,7756705,500000
17443,7756705,500000
17444,7756705,500000
17445,106787472,4200
17446,106787472,14790
17447,7756705,500000
17448,7756705,500000
17449,106787472,19280
17450,106787472,6090
17451,7756705,500000
17452,7756705,500000
17453,106787472,117300
17454,106787472,7980
17455,106787472,7140
17456,7756705,500000
17457,106787472,6240
17458,106787472,8270
17459,106787472,5660
17460,106787472,3480
17461,7756705,500000
17462,7756705,500000
17463,106787471,11320
17464,7756705,500000
17465,106787471,116000
17466,7756705,500000
17467,106787471,17690
17468,106787471,5950
17469,106787471,4200
17470,106787471,6670
17471,106787471,7680
17472,106787471,5810
17473,106787471,7560
17474,106787471,12620
17475,7756705,500000
17476,106787471,90630
17477,7756705,500000
17478,106787471,7250
17479,7756705,500000
17480,106787471,7830
17481,106787471,13190
17482,106787471,14640
17483,106787471,9310
17484,7756705,500000
17485,7756705,500000
17486,7756705,500000
17487,106787471,7100
17488,7756705,500000
17489,106787471,13340
17490,106787471,15660
17491,106787471,11890
17492,7756705,500000
17493,7756705,500000
17494,106787471,12760
17495,7756705,500000
17496,106787471,8570
17497,106787471,8990
17498,106787471,7540
17499,7756705,500000
17500,106787471,8450
17501,106787471,7250
17502,7756705,500000
17503,106787471,7400
17504,106787471,8990
17505,7756705,500000
17506,106787471,4930
17507,7756705,500000
17508,106787471,8430
17509,7756705,500000
17510,106787471,34360
17511,106787471,7680
17512,106787471,3340
17513,106787471,10300
17514,7756705,500000
17515,7756705,500000
17516,106787471,6670
17517,7756705,500000
17518,106787471,5800
17519,7756705,500000
17520,106787471,6380
17521,106787471,6960
17522,106787471,26970
17523,106787471,6090
17524,7756705,500000
17525,7756705,500000
17526,106787471,28420
17527,7756705,500000
17528,106787471,10730
17529,7756705,500000
17530,106787471,9570
17531,7756705,500000
17532,7756705,500000
17533,106787471,9570
17534,106787471,5950
17535,7756705,500000
17536,7756705,500000
17537,106787471,7540
17538,106787471,18130
17539,106787471,8700
17540,7756705,500000
17541,106787471,6240
17542,106787471,8410
17543,106787471,18990
17544,7756705,500000
17545,106787471,12760
17546,106787471,5370
17547,7756705,500000
17548,7756705,500000
17549,7756705,500000
17550,7756705,500000
17551,106787471,4500
17552,7756705,500000
17553,106787471,15370
17554,7756705,500000
17555,106787471,6380
17556,106787471,7280
17557,106787471,6820
17558,106787471,21500
17559,7756705,500000
17560,7756705,500000
17561,106787471,8990
17562,7756705,500000
17563,106787471,6670
17564,7756705,500000
17565,106787471,12330
17566,106787471,6240
17567,106787471,4640
17568,106787471,8120
17569,7756705,500000
17570,7756705,500000
17571,106787471,17690
17572,106787471,41620
17573,106787471,12030
17574,7756705,500000
17575,106787471,10150
17576,106787471,8120
17577,7756705,500000
17578,7756705,500000
17579,106787471,9720
17580,106787471,3630
17581,106787471,3630
17582,7756705,500000
17583,106787471,49010
17584,106787471,6380
17585,106787471,24940
17586,106787471,21610
17587,106787471,78590
17588,106787471,9580
17589,106787471,21610
17590,7756705,500000
17591,106787471,8120
17592,106787471,4500
17593,7756705,500000
17594,106787471,12330
17595,7756705,500000
17596,106787471,9720
17597,106787471,3480
17598,106787471,11020
17599,7756705,500000
17600,106787471,45390
17601,106787471,6090
17602,7756705,500000
17603,106787471,7400
17604,106787471,5650
17605,7756705,500000
17606,106787471,5370
17607,7756705,500000
17608,7756705,500000
17609,106787471,18270
17610,7756705,500000
17611,7756705,500000
17612,7756705,500000
17613,7756705,500000
17614,7756705,500000
17615,7756705,500000
17616,106787471,9430
17617,106787471,30590
17618,106787471,6960
17619,106787471,8270
17620,7756705,500000
17621,7756705,500000
17622,106787471,9870
17623,106787471,7540
17624,7756705,500000
17625,7756705,500000
17626,106787471,3690
17627,106787471,8550
17628,106787471,9280
17629,106787471,9280
17630,7756705,500000
17631,106787471,3910
17632,106787471,26830
17633,7756705,500000
17634,106787471,9730
17635,7756705,500000
17636,106787471,8630
17637,7756705,500000
17638,106787471,5650
17639,106787471,8700
17640,7756705,500000
17641,106787471,15810
17642,7756705,500000
17643,106787471,7680
17644,106787471,5220
17645,7756705,500000
17646,7756705,500000
17647,7756705,500000
17648,106787471,9130
17649,106787471,8120
17650,7756705,500000
17651,106787471,10440
17652,106787471,6960
17653,106787471,16530
17654,7756705,500000
17655,7756705,500000
17656,106787471,7830
17657,106787471,8120
17658,106787471,5080
17659,106787471,5370
17660,7756705,500000
17661,106787471,5370
17662,7756705,500000
17663,106787471,8550
17664,7756705,500000
17665,7756705,500000
17666,106787471,8270
17667,7756705,500000
17668,7756705,500000
17669,106787471,81640
17670,106787471,5510
17671,7756705,500000
17672,106787471,18560
17673,106787471,5080
17674,106787471,3910
17675,7756705,500000
17676,106787471,11170
17677,106787471,4500
17678,106787471,5800
17679,7756705,500000
17680,106787471,14360
17681,7756705,500000
17682,7756705,500000
17683,106787471,11890
17684,7756705,500000
17685,7756705,500000
17686,106787471,21030
17687,7756705,500000
17688,7756705,500000
17689,7756705,500000
17690,7756705,500000
17691,106787471,6750
17692,106787471,10300
17693,106787471,16240
17694,7756705,500000
17695,106787471,6090
17696,106787471,16530
17697,106787471,8990
17698,106787471,14070
17699,7756705,500000
17700,106787471,7980
17701,7756705,500000
17702,106787471,23490
17703,106787471,6820
17704,7756705,500000
17705,7756705,500000
17706,7756705,500000
17707,7756705,500000
17708,7756705,500000
17709,106787471,5800
17710,106787471,12030
17711,7756705,500000
17712,7756705,500000
17713,106787471,6090
17714,106787471,11460
17715,106787471,9720
17716,106787471,7830
17717,106787471,7400
17718,7756705,500000
17719,106787471,5950
17720,106787471,8120
17721,7756705,500000
17722,106787471,5510
17723,106787471,41910
17724,106787471,11890
17725,106787471,8570
17726,7756705,500000
17727,7756705,500000
17728,106787471,6670
17729,106787471,3780
17730,106787471,6670
17731,106787471,8410
17732,106787471,8270
17733,106787471,7120
17734,106787471,7400
17735,7756705,500000
17736,7756705,500000
17737,106787471,10180
17738,106787471,8420
17739,106787471,11490
17740,7756705,500000
17741,106787471,6820
17742,7756705,500000
17743,106787471,6690
17744,7756705,500000
17745,106787471,11750
17746,7756705,500000
17747,7756705,500000
17748,7756705,500000
17749,106787471,88320
17750,106787471,5370
17751,7756705,500000
17752,7756705,500000
17753,106787471,9430
17754,106787471,10000
17755,7756705,500000
17756,106787471,10440
17757,106787471,6090
17758,106787471,7980
17759,106787471,6090
17760,106787471,7680
17761,7756705,500000
17762,7756705,500000
17763,7756705,500000
17764,7756705,500000
17765,7756705,500000
17766,7756705,500000
17767,7756705,500000
17768,7756705,500000
17769,106787471,6090
17770,7756705,500000
17771,106787471,15370
17772,7756705,500000
17773,106787471,8120
17774,106787471,9860
17775,7756705,500000
17776,7756705,500000
17777,106787471,7830
17778,106787471,10180
17779,7756705,500000
17780,106787471,9130
17781,7756705,500000
17782,7756705,500000
17783,7756705,500000
17784,106787471,5080
17785,106787471,10300
17786,106787471,20600
17787,7756705,500000
17788,7756705,500000
17789,106787471,8550
17790,7756705,500000
17791,7756705,500000
17792,7756705,500000
17793,106787471,5800
17794,7756705,500000
17795,106787471,7410
17796,106787471,8430
17797,106787471,18990
17798,106787471,10150
17799,7756705,500000
17800,106787471,5510
17801,7756705,500000
17802,7756705,500000
17803,106787471,8550
17804,106787471,4350
17805,7756705,500000
17806,7756705,500000
17807,106787471,8270
17808,7756705,500000
17809,106787471,7830
17810,7756705,500000
17811,106787471,7980
17812,106787471,5950
17813,106787471,8120
17814,7756705,500000
17815,106787471,5220
17816,106787471,10580
17817,7756705,500000
17818,7756705,500000
17819,7756705,500000
17820,106787471,12470
17821,106787471,80910
17822,106787471,18420
17823,106787471,6960
17824,7756705,500000
17825,7756705,500000
17826,106787471,12640
17827,106787471,5370
17828,106787471,10300
17829,7756705,500000
17830,106787471,11460
17831,106787471,7260
17832,106787471,8120
17833,106787471,8550
17834,106787471,11310
17835,106787471,6530
17836,7756705,500000
17837,106787471,9130
17838,7756705,500000
17839,106787471,10000
17840,106787471,9860
17841,106787471,8280
17842,106787471,17980
17843,7756705,500000
17844,7756705,500000
17845,106787471,5800
17846,106787471,11170
17847,7756705,500000
17848,7756705,500000
17849,106787471,7540
17850,106787471,11600
17851,106787471,19430
17852,106787471,6380
17853,106787471,15520
17854,106787471,9900
17855,106787471,11750
17856,106787471,11020
17857,106787471,5510
17858,106787471,5670
17859,106787471,7540
17860,106787471,8990
17861,7756705,500000
17862,106787471,5220
17863,7756705,500000
17864,106787471,8850
17865,7756705,500000
17866,7756705,500000
17867,106787471,5980
17868,7756705,500000
17869,7756705,500000
17870,7756705,500000
17871,7756705,500000
17872,106787471,14500
17873,106787471,3630
17874,7756705,500000
17875,7756705,500000
17876,7756705,500000
17877,7756705,500000
17878,106787471,9580
17879,7756705,500000
17880,106787471,41760
17881,7756705,500000
17882,7756705,500000
17883,7756705,500000
17884,106787471,7830
17885,106787471,6570
17886,106787471,5800
17887,106787471,6380
17888,7756705,500000
17889,106787471,18850
17890,106787471,10890
17891,106787471,6530
17892,7756705,500000
17893,106787471,7400
17894,106787471,11750
17895,106787471,9720
17896,7756705,500000
17897,106787471,8440
17898,106787471,12030
17899,106787471,11310
17900,106787471,16090
17901,7756705,500000
17902,106787471,16090
17903,106787471,5370
17904,106787471,6540
17905,7756705,500000
17906,106787471,10000
17907,7756705,500000
17908,106787471,8410
17909,7756705,500000
17910,106787471,11310
17911,106787471,10150
17912,7756705,500000
17913,106787471,7830
17914,106787471,7830
17915,7756705,500000
17916,106787471,17830
17917,7756705,500000
17918,106787471,4060
17919,106787471,3480
17920,7756705,500000
17921,106787471,7980
17922,106787471,6690
17923,106787471,5650
17924,106787471,5800
17925,7756705,500000
17926,106787471,9590
17927,106787471,7850
17928,106787471,30740
17929,7756705,500000
17930,106787471,6240
17931,106787471,17690
17932,106787471,7680
17933,106787471,6090
17934,106787471,11460
17935,106787471,9860
17936,106787471,4350
17937,7756705,500000
17938,106787471,4790
17939,106787471,7100
17940,106787471,4360
17941,106787471,6690
17942,7756705,500000
17943,106787471,8850
17944,7756705,500000
17945,106787471,9280
17946,7756705,500000
17947,7756705,500000
17948,106787471,26100
17949,7756705,500000
17950,106787471,12030
17951,106787471,11750
17952,7756705,500000
17953,106787471,42200
17954,106787471,8340
17955,106787471,7400
17956,106787471,6820
17957,106787471,9750
17958,7756705,500000
17959,7756705,500000
17960,7756705,500000
17961,106787471,31630
17962,106787471,13920
17963,106787471,159230
17964,106787471,15090
17965,106787471,10580
17966,106787471,6820
17967,106787471,41760
17968,106787471,8850
17969,106787471,12620
17970,7756705,500000
17971,7756705,500000
17972,7756705,500000
17973,106787471,13780
17974,7756705,500000
17975,106787471,6380
17976,7756705,500000
17977,7756705,500000
17978,106787471,7100
17979,7756705,500000
17980,7756705,500000
17981,7756705,500000
17982,106787471,13640
17983,106787471,9860
17984,7756705,500000
17985,7756705,500000
17986,7756705,500000
17987,106787471,6260
17988,106787471,16820
17989,7756705,500000
17990,106787471,5650
17991,106787471,7100
17992,106787471,10460
17993,106787471,18990
17994,7756705,500000
17995,106787471,6240
17996,7756705,500000
17997,7756705,500000
17998,7756705,500000
17999,106787471,6380
18000,7756705,500000
