1,1610,500000
2,1610,500000
3,1610,500000
4,1610,500000
5,1610,500000
6,1610,500000
7,1610,500000
8,1610,500000
9,1610,500000
10,1610,500000
11,1610,500000
12,1610,500000
13,1610,500000
14,1610,500000
15,1610,500000
16,1610,500000
17,1610,500000
18,1610,500000
19,1610,500000
20,1610,500000
21,1610,500000
22,1610,500000
23,1610,500000
24,1610,500000
25,1610,500000
26,1610,500000
27,1610,500000
28,1610,500000
29,1610,500000
30,1610,500000
31,1610,500000
32,1610,500000
33,1610,500000
34,1610,500000
35,1610,500000
36,1610,500000
37,1610,500000
38,1610,500000
39,1610,500000
40,1610,500000
41,1610,500000
42,1610,500000
43,1610,500000
44,1610,500000
45,1610,500000
46,1610,500000
47,1610,500000
48,1610,500000
49,1610,500000
50,1610,500000
51,1610,500000
52,1610,500000
53,1610,500000
54,1610,500000
55,1610,500000
56,1610,500000
57,1610,500000
58,1610,500000
59,1610,500000
60,1610,500000
61,1610,500000
62,1610,500000
63,1610,500000
64,1610,500000
65,1610,500000
66,1610,500000
67,1610,500000
68,1610,500000
69,1610,500000
70,1610,500000
71,1610,500000
72,1610,500000
73,1610,500000
74,1610,500000
75,1610,500000
76,1610,500000
77,1610,500000
78,1610,500000
79,1610,500000
80,1610,500000
81,1610,500000
82,1610,500000
83,1610,500000
84,1610,500000
85,1610,500000
86,1610,500000
87,1610,500000
88,1610,500000
89,1610,500000
90,1610,500000
91,1610,500000
92,1610,500000
93,1610,500000
94,1610,500000
95,1610,500000
96,1610,500000
97,1610,500000
98,1610,500000
99,1610,500000
100,1610,500000
101,1610,500000
102,1610,500000
103,1610,500000
104,1610,500000
105,1610,500000
106,1610,500000
107,1610,500000
108,1610,500000
109,1610,500000
110,1610,500000
111,1610,500000
112,1610,500000
113,1610,500000
114,1610,500000
115,1610,500000
116,1610,500000
117,1610,500000
118,1610,500000
119,1610,500000
120,1610,500000
121,1610,500000
122,1610,500000
123,1610,500000
124,1610,500000
125,1610,500000
126,1610,500000
127,1610,500000
128,1610,500000
129,1610,500000
130,1610,500000
131,1610,500000
132,1610,500000
133,1610,500000
134,1610,500000
135,1610,500000
136,1610,500000
137,1610,500000
138,1610,500000
139,1610,500000
140,1610,500000
141,1610,500000
142,1610,500000
143,1610,500000
144,1610,500000
145,1610,500000
146,1610,500000
147,1610,500000
148,1610,500000
149,1610,500000
150,1610,500000
151,1610,500000
152,1610,500000
153,1610,500000
154,1610,500000
155,1610,500000
156,1610,500000
157,1610,500000
158,1610,500000
159,1610,500000
160,1610,500000
161,1610,500000
162,1610,500000
163,1610,500000
164,1610,500000
165,1610,500000
166,1610,500000
167,1610,500000
168,1610,500000
169,1610,500000
170,1610,500000
171,1610,500000
172,1610,500000
173,1610,500000
174,1610,500000
175,1610,500000
176,1610,500000
177,1610,500000
178,1610,500000
179,1610,500000
180,1610,500000
181,1610,500000
182,1610,500000
183,1610,500000
184,1610,500000
185,1610,500000
186,1610,500000
187,1610,500000
188,1610,500000
189,1610,500000
190,1610,500000
191,1610,500000
192,1610,500000
193,1610,500000
194,1610,500000
195,1610,500000
196,1610,500000
197,1610,500000
198,1610,500000
199,1610,500000
200,1610,500000
201,1610,500000
202,1610,500000
203,1610,500000
204,1610,500000
205,1610,500000
206,1610,500000
207,1610,500000
208,1610,500000
209,1610,500000
210,1610,500000
211,1610,500000
212,1610,500000
213,1610,500000
214,1610,500000
215,1610,500000
216,1610,500000
217,1610,500000
218,1610,500000
219,1610,500000
220,1610,500000
221,1610,500000
222,1610,500000
223,1610,500000
224,1610,500000
225,1610,500000
226,1610,500000
227,1610,500000
228,1610,500000
229,1610,500000
230,1610,500000
231,1610,500000
232,1610,500000
233,1610,500000
234,1610,500000
235,1610,500000
236,1610,500000
237,1610,500000
238,1610,500000
239,1610,500000
240,1610,500000
241,1610,500000
242,1610,500000
243,1610,500000
244,1610,500000
245,1610,500000
246,1610,500000
247,1610,500000
248,1610,500000
249,1610,500000
250,1610,500000
251,1610,500000
252,1610,500000
253,1610,500000
254,1610,500000
255,1610,500000
256,1610,500000
257,1610,500000
258,1610,500000
259,1610,500000
260,1610,500000
261,1610,500000
262,1610,500000
263,1610,500000
264,1610,500000
265,1610,500000
266,1610,500000
267,1610,500000
268,1610,500000
269,1610,500000
270,1610,500000
271,1610,500000
272,1610,500000
273,1610,500000
274,1610,500000
275,1610,500000
276,1610,500000
277,1610,500000
278,1610,500000
279,1610,500000
280,1610,500000
281,1610,500000
282,1610,500000
283,1610,500000
284,1610,500000
285,1610,500000
286,1610,500000
287,1610,500000
288,1610,500000
289,1610,500000
290,1610,500000
291,1610,500000
292,1610,500000
293,1610,500000
294,1610,500000
295,1610,500000
296,1610,500000
297,1610,500000
298,1610,500000
299,1610,500000
300,1610,500000
301,1610,500000
302,1610,500000
303,1610,500000
304,1610,500000
305,1610,500000
306,1610,500000
307,1610,500000
308,1610,500000
309,1610,500000
310,1610,500000
311,1610,500000
312,1610,500000
313,1610,500000
314,1610,500000
315,1610,500000
316,1610,500000
317,1610,500000
318,1610,500000
319,1610,500000
320,1610,500000
321,1610,500000
322,1610,500000
323,1610,500000
324,1610,500000
325,1610,500000
326,1610,500000
327,1610,500000
328,1610,500000
329,1610,500000
330,1610,500000
331,1610,500000
332,1610,500000
333,1610,500000
334,1610,500000
335,1610,500000
336,1610,500000
337,1610,500000
338,1610,500000
339,1610,500000
340,1610,500000
341,1610,500000
342,1610,500000
343,1610,500000
344,1610,500000
345,1610,500000
346,1610,500000
347,1610,500000
348,1610,500000
349,1610,500000
350,1610,500000
351,1610,500000
352,1610,500000
353,1610,500000
354,1610,500000
355,1610,500000
356,1610,500000
357,1610,500000
358,1610,500000
359,1610,500000
360,1610,500000
361,1610,500000
362,1610,500000
363,1610,500000
364,1610,500000
365,1610,500000
366,1610,500000
367,1610,500000
368,1610,500000
369,1610,500000
370,1610,500000
371,1610,500000
372,1610,500000
373,1610,500000
374,1610,500000
375,1610,500000
376,1610,500000
377,1610,500000
378,1610,500000
379,1610,500000
380,1610,500000
381,1610,500000
382,1610,500000
383,1610,500000
384,1610,500000
385,1610,500000
386,1610,500000
387,1610,500000
388,1610,500000
389,1610,500000
390,1610,500000
391,1610,500000
392,1610,500000
393,1610,500000
394,1610,500000
395,1610,500000
396,1610,500000
397,1610,500000
398,1610,500000
399,1610,500000
400,1610,500000
401,1610,500000
402,1610,500000
403,1610,500000
404,1610,500000
405,1610,500000
406,1610,500000
407,1610,500000
408,1610,500000
409,1610,500000
410,1610,500000
411,1610,500000
412,1610,500000
413,1610,500000
414,1610,500000
415,1610,500000
416,1610,500000
417,1610,500000
418,1610,500000
419,1610,500000
420,1610,500000
421,1610,500000
422,1610,500000
423,1610,500000
424,1610,500000
425,1610,500000
426,1610,500000
427,1610,500000
428,1610,500000
429,1610,500000
430,1610,500000
431,1610,500000
432,1610,500000
433,1610,500000
434,1610,500000
435,1610,500000
436,1610,500000
437,1610,500000
438,1610,500000
439,1610,500000
440,1610,500000
441,1610,500000
442,1610,500000
443,1610,500000
444,1610,500000
445,1610,500000
446,1610,500000
447,1610,500000
448,1610,500000
449,1610,500000
450,1610,500000
451,1610,500000
452,1610,500000
453,1610,500000
454,1610,500000
455,1610,500000
456,1610,500000
457,1610,500000
458,1610,500000
459,1610,500000
460,1610,500000
461,1610,500000
462,1610,500000
463,1610,500000
464,1610,500000
465,1610,500000
466,1063998,19970
467,1610,500000
468,1610,500000
469,1610,500000
470,1610,500000
471,1610,500000
472,1610,500000
473,1610,500000
474,1610,500000
475,1610,500000
476,1610,500000
477,1610,500000
478,1610,500000
479,1610,500000
480,1610,500000
481,1610,500000
482,1610,500000
483,1610,500000
484,1610,500000
485,1610,500000
486,1610,500000
487,1610,500000
488,1610,500000
489,1610,500000
490,1610,500000
491,1610,500000
492,1610,500000
493,1063998,8630
494,1610,500000
495,1610,500000
496,1610,500000
497,1610,500000
498,1610,500000
499,1610,500000
500,1610,500000
501,1610,500000
502,1610,500000
503,1610,500000
504,1610,500000
505,1610,500000
506,1610,500000
507,1610,500000
508,1610,500000
509,1610,500000
510,1610,500000
511,1610,500000
512,1610,500000
513,1610,500000
514,1610,500000
515,1610,500000
516,1610,500000
517,1610,500000
518,1610,500000
519,1610,500000
520,1610,500000
521,1610,500000
522,1610,500000
523,1610,500000
524,1610,500000
525,1610,500000
526,1610,500000
527,1610,500000
528,1610,500000
529,1610,500000
530,1610,500000
531,1610,500000
532,1610,500000
533,1610,500000
534,1610,500000
535,1610,500000
536,1610,500000
537,1610,500000
538,1610,500000
539,1610,500000
540,1610,500000
541,1610,500000
542,1610,500000
543,1610,500000
544,1610,500000
545,1610,500000
546,1610,500000
547,1610,500000
548,1610,500000
549,1610,500000
550,1610,500000
551,1610,500000
552,1610,500000
553,1610,500000
554,1610,500000
555,1610,500000
556,1610,500000
557,1610,500000
558,1610,500000
559,1610,500000
560,1610,500000
561,1610,500000
562,1610,500000
563,1610,500000
564,1610,500000
565,1610,500000
566,1610,500000
567,1610,500000
568,1610,500000
569,1610,500000
570,1610,500000
571,1610,500000
572,1610,500000
573,1610,500000
574,1610,500000
575,1610,500000
576,1610,500000
577,1610,500000
578,1610,500000
579,1610,500000
580,1610,500000
581,1610,500000
582,1610,500000
583,1610,500000
584,1610,500000
585,1610,500000
586,1610,500000
587,1610,500000
588,1610,500000
589,1610,500000
590,1610,500000
591,1610,500000
592,1610,500000
593,1610,500000
594,1610,500000
595,1610,500000
596,1610,500000
597,1610,500000
598,1610,500000
599,1610,500000
600,1063998,10990
601,1610,500000
602,1610,500000
603,1610,500000
604,1610,500000
605,1610,500000
606,1610,500000
607,1610,500000
608,1610,500000
609,1610,500000
610,1610,500000
611,1610,500000
612,1610,500000
613,1610,500000
614,1610,500000
615,1610,500000
616,1610,500000
617,1610,500000
618,1610,500000
619,1610,500000
620,1610,500000
621,1610,500000
622,1610,500000
623,1610,500000
624,1610,500000
625,1610,500000
626,1610,500000
627,1610,500000
628,1610,500000
629,1610,500000
630,1610,500000
631,1610,500000
632,1610,500000
633,1610,500000
634,1610,500000
635,1610,500000
636,1610,500000
637,1610,500000
638,1610,500000
639,1610,500000
640,1610,500000
641,1610,500000
642,1610,500000
643,1610,500000
644,1610,500000
645,1610,500000
646,1610,500000
647,1610,500000
648,1610,500000
649,1610,500000
650,1610,500000
651,1610,500000
652,1610,500000
653,1610,500000
654,1610,500000
655,1610,500000
656,1610,500000
657,1610,500000
658,1610,500000
659,1610,500000
660,1610,500000
661,1610,500000
662,1610,500000
663,1610,500000
664,1610,500000
665,1610,500000
666,1610,500000
667,1610,500000
668,1610,500000
669,1610,500000
670,1610,500000
671,1610,500000
672,1610,500000
673,1610,500000
674,1610,500000
675,1610,500000
676,1610,500000
677,1610,500000
678,1610,500000
679,1610,500000
680,1610,500000
681,1610,500000
682,1610,500000
683,1610,500000
684,1610,500000
685,1610,500000
686,1610,500000
687,1610,500000
688,1610,500000
689,1610,500000
690,1610,500000
691,1610,500000
692,1610,500000
693,1610,500000
694,1610,500000
695,1610,500000
696,1610,500000
697,1610,500000
698,1610,500000
699,1610,500000
700,1610,500000
701,1610,500000
702,1610,500000
703,1610,500000
704,1610,500000
705,1610,500000
706,1610,500000
707,1610,500000
708,1610,500000
709,1610,500000
710,1610,500000
711,1610,500000
712,1610,500000
713,1610,500000
714,1610,500000
715,1610,500000
716,1610,500000
717,1610,500000
718,1610,500000
719,1610,500000
720,1610,500000
721,1610,500000
722,1610,500000
723,1610,500000
724,1610,500000
725,1610,500000
726,1610,500000
727,1610,500000
728,1610,500000
729,1610,500000
730,1610,500000
731,1610,500000
732,1610,500000
733,1610,500000
734,1610,500000
735,1610,500000
736,1610,500000
737,1610,500000
738,1610,500000
739,1610,500000
740,1610,500000
741,1610,500000
742,1610,500000
743,1610,500000
744,1610,500000
745,1610,500000
746,1610,500000
747,1610,500000
748,1610,500000
749,1610,500000
750,1610,500000
751,1610,500000
752,1610,500000
753,1610,500000
754,1610,500000
755,1610,500000
756,1610,500000
757,1610,500000
758,1610,500000
759,1610,500000
760,1610,500000
761,1610,500000
762,1610,500000
763,1610,500000
764,1610,500000
765,1610,500000
766,1610,500000
767,1610,500000
768,1610,500000
769,1610,500000
770,1610,500000
771,1610,500000
772,1610,500000
773,1610,500000
774,1610,500000
775,1610,500000
776,1610,500000
777,1610,500000
778,1610,500000
779,1610,500000
780,1610,500000
781,1610,500000
782,1610,500000
783,1610,500000
784,1610,500000
785,1610,500000
786,1610,500000
787,1610,500000
788,1610,500000
789,1610,500000
790,1610,500000
791,1610,500000
792,1610,500000
793,1610,500000
794,1610,500000
795,1610,500000
796,1610,500000
797,1610,500000
798,1610,500000
799,1610,500000
800,1610,500000
801,1610,500000
802,1063998,8290
803,1610,500000
804,1610,500000
805,1063998,11590
806,1610,500000
807,1063998,6830
808,1610,500000
809,1063998,14290
810,1063998,36940
811,1610,500000
812,1610,500000
813,1610,500000
814,1610,500000
815,1063998,19360
816,1063998,11540
817,1063998,7500
818,1610,500000
819,1610,500000
820,1063998,10360
821,1610,500000
822,1063998,14530
823,1610,500000
824,1063998,6780
825,1063998,9060
826,1610,500000
827,1610,500000
828,1610,500000
829,1610,500000
830,1610,500000
831,1610,500000
832,1610,500000
833,1610,500000
834,1063998,6800
835,1610,500000
836,1610,500000
837,1063998,15720
838,1063998,8420
839,1063998,4100
840,1610,500000
841,1610,500000
842,1610,500000
843,1063998,11820
844,1610,500000
845,1610,500000
846,1610,500000
847,1063998,10350
848,1063998,10630
849,1063998,7000
850,1610,500000
851,1610,500000
852,1610,500000
853,1610,500000
854,1063998,10400
855,1610,500000
856,1063998,7160
857,1063998,6920
858,1610,500000
859,1063998,9170
860,1610,500000
861,1063998,8940
862,1610,500000
863,1610,500000
864,1610,500000
865,1610,500000
866,1610,500000
867,1063998,12280
868,1063998,6690
869,1610,500000
870,1610,500000
871,1063998,8660
872,1610,500000
873,1610,500000
874,1063998,29800
875,1063998,8630
876,1063998,15070
877,1610,500000
878,1610,500000
879,1610,500000
880,1610,500000
881,1610,500000
882,1610,500000
883,1610,500000
884,1610,500000
885,1063998,7110
886,1063998,12780
887,1063998,9430
888,1610,500000
889,1610,500000
890,1610,500000
891,1610,500000
892,1610,500000
893,1063998,7350
894,1610,500000
895,1610,500000
896,1610,500000
897,1610,500000
898,1610,500000
899,1063998,7100
900,1610,500000
901,1610,500000
902,1610,500000
903,1610,500000
904,1610,500000
905,1063998,8250
906,1063998,8880
907,1063998,17550
908,1063998,14810
909,1610,500000
910,1610,500000
911,1610,500000
912,1610,500000
913,1610,500000
914,1610,500000
915,1610,500000
916,1063998,11250
917,1610,500000
918,1063998,5220
919,1610,500000
920,1063998,9490
921,1610,500000
922,1063998,9420
923,1610,500000
924,1063998,9480
925,1610,500000
926,1063998,11560
927,1063998,8180
928,1063998,7050
929,1063998,16040
930,1063998,7100
931,1610,500000
932,1063998,9690
933,1610,500000
934,1610,500000
935,1610,500000
936,1610,500000
937,1610,500000
938,1610,500000
939,1063998,6870
940,1063998,9590
941,1610,500000
942,1063998,8220
943,1063998,8760
944,1610,500000
945,1063998,9720
946,1063998,7200
947,1610,500000
948,1610,500000
949,1063998,29900
950,1063998,8510
951,1610,500000
952,1063998,56670
953,1063998,11570
954,1610,500000
955,1610,500000
956,1610,500000
957,1063998,4300
958,1610,500000
959,1610,500000
960,1063998,7590
961,1610,500000
962,1063998,9320
963,1610,500000
964,1610,500000
965,1610,500000
966,1063998,6890
967,1610,500000
968,1063998,5520
969,1063998,3110
970,1610,500000
971,1610,500000
972,1610,500000
973,1610,500000
974,1063998,33420
975,1610,500000
976,1063998,5600
977,1610,500000
978,1610,500000
979,1610,500000
980,1610,500000
981,1610,500000
982,1063998,8230
983,1063998,10450
984,1610,500000
985,1610,500000
986,1610,500000
987,1610,500000
988,1063998,7480
989,1063998,9170
990,1610,500000
991,1610,500000
992,1610,500000
993,1063998,10820
994,1610,500000
995,1610,500000
996,1063998,5500
997,1063998,10600
998,1610,500000
999,1610,500000
1000,1610,500000
1001,1063998,7710
1002,1063998,8200
1003,1610,500000
1004,1063998,7050
1005,1063998,8980
1006,1063998,8400
1007,1610,500000
1008,1610,500000
1009,1610,500000
1010,1063998,8060
1011,1063998,15430
1012,1063998,9210
1013,1063998,9680
1014,1610,500000
1015,1063998,33900
1016,1610,500000
1017,1063998,16940
1018,1610,500000
1019,1610,500000
1020,1610,500000
1021,1063998,10700
1022,1063998,8430
1023,1610,500000
1024,1610,500000
1025,1610,500000
1026,1610,500000
1027,1063998,13170
1028,1063998,8150
1029,1610,500000
1030,1610,500000
1031,1063998,8800
1032,1063998,17030
1033,1063998,9580
1034,1063998,7980
1035,1610,500000
1036,1610,500000
1037,1063998,15230
1038,1610,500000
1039,1610,500000
1040,1063998,9150
1041,1610,500000
1042,1610,500000
1043,1610,500000
1044,1063998,6500
1045,1610,500000
1046,1063998,6830
1047,1610,500000
1048,1610,500000
1049,1063998,9340
1050,1610,500000
1051,1063998,11570
1052,1063998,8140
1053,1063998,9000
1054,1610,500000
1055,1610,500000
1056,1610,500000
1057,1610,500000
1058,1610,500000
1059,1063998,7450
1060,1610,500000
1061,1610,500000
1062,1063998,8170
1063,1063998,8860
1064,1063998,3400
1065,1610,500000
1066,1063998,8040
1067,1610,500000
1068,1610,500000
1069,1063998,9140
1070,1610,500000
1071,1063998,13090
1072,1063998,3700
1073,1063998,11270
1074,1610,500000
1075,1610,500000
1076,1063998,15440
1077,1610,500000
1078,1063998,12600
1079,1063998,3700
1080,1610,500000
1081,1063998,5370
1082,1610,500000
1083,1063998,11360
1084,1610,500000
1085,1610,500000
1086,1063998,9160
1087,1063998,8320
1088,1063998,8410
1089,1063998,9250
1090,1063998,6730
1091,1063998,6680
1092,1063998,9060
1093,1610,500000
1094,1610,500000
1095,1063998,6530
1096,1610,500000
1097,1610,500000
1098,1063998,5300
1099,1063998,8110
1100,1063998,7470
1101,1610,500000
1102,1063998,15670
1103,1610,500000
1104,1063998,8000
1105,1610,500000
1106,1610,500000
1107,1610,500000
1108,1610,500000
1109,1063998,7790
1110,1610,500000
1111,1063998,8110
1112,1063998,12200
1113,1610,500000
1114,1063998,15330
1115,1063998,12560
1116,1610,500000
1117,1063998,29900
1118,1610,500000
1119,1063998,14270
1120,1610,500000
1121,1063998,8220
1122,1063998,9220
1123,1063998,8100
1124,1063998,8960
1125,1610,500000
1126,1610,500000
1127,1063998,10440
1128,1063998,23350
1129,1610,500000
1130,1610,500000
1131,1610,500000
1132,1610,500000
1133,1063998,13570
1134,1063998,7500
1135,1063998,5770
1136,1063998,33290
1137,1610,500000
1138,1063998,10800
1139,1610,500000
1140,1063998,8700
1141,1063998,6800
1142,1063998,8920
1143,1063998,5300
1144,1610,500000
1145,1610,500000
1146,1063998,15800
1147,1063998,6820
1148,1063998,6520
1149,1610,500000
1150,1063998,5500
1151,1610,500000
1152,1063998,12400
1153,1610,500000
1154,1063998,3900
1155,1610,500000
1156,1610,500000
1157,1063998,11570
1158,1063998,8630
1159,1063998,6070
1160,1610,500000
1161,1610,500000
1162,1610,500000
1163,1063998,7100
1164,1063998,5160
1165,1063998,14440
1166,1063998,5600
1167,1610,500000
1168,1063998,6520
1169,1610,500000
1170,1063998,9920
1171,1610,500000
1172,1610,500000
1173,1610,500000
1174,1610,500000
1175,1610,500000
1176,1610,500000
1177,1610,500000
1178,1063998,8330
1179,1063998,4300
1180,1063998,5360
1181,1063998,21500
1182,1063998,6570
1183,1610,500000
1184,1610,500000
1185,1063998,10380
1186,1610,500000
1187,1610,500000
1188,1610,500000
1189,1063998,6430
1190,1063998,3430
1191,1063998,6600
1192,1063998,35290
1193,1610,500000
1194,1610,500000
1195,1063998,10180
1196,1063998,5400
1197,1063998,9090
1198,1610,500000
1199,1610,500000
1200,1063998,8610
1201,1610,500000
1202,1063998,10300
1203,1063998,35130
1204,1063998,8900
1205,1610,500000
1206,1610,500000
1207,1063998,5590
1208,1610,500000
1209,1610,500000
1210,1063998,15220
1211,1610,500000
1212,1610,500000
1213,1063998,6900
1214,1610,500000
1215,1610,500000
1216,1063998,7500
1217,1610,500000
1218,1610,500000
1219,1063998,9370
1220,1063998,7620
1221,1610,500000
1222,1063998,6360
1223,1610,500000
1224,1063998,8990
1225,1610,500000
1226,1610,500000
1227,1610,500000
1228,1610,500000
1229,1610,500000
1230,1610,500000
1231,1610,500000
1232,1610,500000
1233,1610,500000
1234,1063998,12040
1235,1063998,19920
1236,1063998,7790
1237,1063998,9490
1238,1063998,9540
1239,1610,500000
1240,1063998,4500
1241,1610,500000
1242,1063998,15660
1243,1610,500000
1244,1610,500000
1245,1610,500000
1246,1063998,5900
1247,1610,500000
1248,1063998,7980
1249,1063998,12850
1250,1063998,8380
1251,1610,500000
1252,1063998,12300
1253,1610,500000
1254,1610,500000
1255,1610,500000
1256,1610,500000
1257,1610,500000
1258,1610,500000
1259,1610,500000
1260,1610,500000
1261,1610,500000
1262,1063998,8370
1263,1063998,6600
1264,1063998,33620
1265,1063998,34290
1266,1610,500000
1267,1610,500000
1268,1063998,8430
1269,1610,500000
1270,1610,500000
1271,1063998,8140
1272,1063998,7850
1273,1063998,6720
1274,1063998,6100
1275,1063998,9460
1276,1063998,23130
1277,1063998,5770
1278,1610,500000
1279,1610,500000
1280,1063998,12500
1281,1610,500000
1282,1063998,10810
1283,1063998,4500
1284,1610,500000
1285,1610,500000
1286,1063998,7020
1287,1610,500000
1288,1063998,5960
1289,1610,500000
1290,1063998,58920
1291,1063998,10200
1292,1610,500000
1293,1610,500000
1294,1063998,16810
1295,1063998,11640
1296,1610,500000
1297,1610,500000
1298,1610,500000
1299,1063998,83710
1300,1063998,7730
1301,1610,500000
1302,1610,500000
1303,1610,500000
1304,1610,500000
1305,1610,500000
1306,1063998,21500
1307,1063998,11560
1308,1610,500000
1309,1610,500000
1310,1610,500000
1311,1063998,6770
1312,1610,500000
1313,1063998,8260
1314,1610,500000
1315,1610,500000
1316,1063998,10020
1317,1610,500000
1318,1610,500000
1319,1610,500000
1320,1610,500000
1321,1610,500000
1322,1063998,4900
1323,1063998,10320
1324,1063998,11820
1325,1063998,3200
1326,1610,500000
1327,1610,500000
1328,1610,500000
1329,1610,500000
1330,1610,500000
1331,1610,500000
1332,1610,500000
1333,1610,500000
1334,1610,500000
1335,1610,500000
1336,1063998,13130
1337,1610,500000
1338,1063998,17660
1339,1610,500000
1340,1610,500000
1341,1610,500000
1342,1610,500000
1343,1063998,6970
1344,1610,500000
1345,1610,500000
1346,1063998,8330
1347,1610,500000
1348,1610,500000
1349,1610,500000
1350,1610,500000
1351,1610,500000
1352,1610,500000
1353,1610,500000
1354,1610,500000
1355,1063998,8300
1356,1610,500000
1357,1610,500000
1358,1610,500000
1359,1063998,9320
1360,1063998,7670
1361,1610,500000
1362,1610,500000
1363,1063998,11370
1364,1610,500000
1365,1063998,6780
1366,1610,500000
1367,1063998,7230
1368,1610,500000
1369,1610,500000
1370,1610,500000
1371,1610,500000
1372,1063998,9480
1373,1610,500000
1374,1063998,11590
1375,1610,500000
1376,1063998,7990
1377,1610,500000
1378,1063998,7650
1379,1610,500000
1380,1610,500000
1381,1610,500000
1382,1610,500000
1383,1610,500000
1384,1610,500000
1385,1610,500000
1386,1063998,7900
1387,1610,500000
1388,1610,500000
1389,1610,500000
1390,1610,500000
1391,1063998,8830
1392,1063998,10600
1393,1610,500000
1394,1610,500000
1395,1063998,8220
1396,1063998,8190
1397,1063998,9940
1398,1610,500000
1399,1063998,12330
1400,1063998,11430
1401,1610,500000
1402,1063998,15090
1403,1610,500000
1404,1063998,10920
1405,1610,500000
1406,1610,500000
1407,1610,500000
1408,1610,500000
1409,1610,500000
1410,1063998,7300
1411,1610,500000
1412,1610,500000
1413,1063998,10170
1414,1063998,6700
1415,1610,500000
1416,1610,500000
1417,1610,500000
1418,1063998,6220
1419,1610,500000
1420,1610,500000
1421,1610,500000
1422,1610,500000
1423,1063998,16750
1424,1063998,7850
1425,1063998,16200
1426,1063998,14020
1427,1610,500000
1428,1063998,8420
1429,1063998,7570
1430,1610,500000
1431,1610,500000
1432,1063998,7870
1433,1063998,13720
1434,1610,500000
1435,1610,500000
1436,1610,500000
1437,1063998,8930
1438,1610,500000
1439,1610,500000
1440,1063998,3000
1441,1063998,14680
1442,1063998,8350
1443,1610,500000
1444,1610,500000
1445,1063998,5550
1446,1610,500000
1447,1610,500000
1448,1063998,10650
1449,1063998,8530
1450,1063998,10480
1451,1610,500000
1452,1063998,7610
1453,1610,500000
1454,1610,500000
1455,1610,500000
1456,1610,500000
1457,1610,500000
1458,1063998,8940
1459,1063998,12850
1460,1610,500000
1461,1610,500000
1462,1610,500000
1463,1610,500000
1464,1063998,12600
1465,1610,500000
1466,1063998,14200
1467,1610,500000
1468,1063998,8900
1469,1610,500000
1470,1610,500000
1471,1063998,10510
1472,1610,500000
1473,1063998,13320
1474,1610,500000
1475,1063998,11980
1476,1610,500000
1477,1063998,8090
1478,1063998,13740
1479,1063998,16730
1480,1063998,6780
1481,1063998,10940
1482,1610,500000
1483,1063998,21600
1484,1610,500000
1485,1063998,6650
1486,1610,500000
1487,1063998,7330
1488,1610,500000
1489,1610,500000
1490,1063998,7180
1491,1610,500000
1492,1610,500000
1493,1610,500000
1494,1063998,5510
1495,1610,500000
1496,1063998,14570
1497,1063998,6690
1498,1610,500000
1499,1610,500000
1500,1610,500000
1501,1063998,14710
1502,1063998,9010
1503,1610,500000
1504,1063998,8320
1505,1063998,28130
1506,1610,500000
1507,1063998,8390
1508,1063998,9250
1509,1610,500000
1510,1063998,6610
1511,1610,500000
1512,1610,500000
1513,1063998,6970
1514,1063998,9620
1515,1610,500000
1516,1063998,9160
1517,1063998,6290
1518,1610,500000
1519,1610,500000
1520,1063998,15700
1521,1063998,8800
1522,1610,500000
1523,1063998,15900
1524,1610,500000
1525,1610,500000
1526,1063998,9080
1527,1063998,11750
1528,1063998,7340
1529,1610,500000
1530,1063998,8720
1531,1063998,15780
1532,1610,500000
1533,1063998,7170
1534,1063998,9570
1535,1063998,7140
1536,1610,500000
1537,1063998,7340
1538,1063998,4960
1539,1063998,6240
1540,1063998,7280
1541,1063998,6860
1542,1063998,3800
1543,1610,500000
1544,1063998,16060
1545,1063998,9640
1546,1063998,7860
1547,1610,500000
1548,1063998,10680
1549,1610,500000
1550,1610,500000
1551,1610,500000
1552,1063998,9450
1553,1610,500000
1554,1063998,5400
1555,1610,500000
1556,1063998,6500
1557,1610,500000
1558,1610,500000
1559,1063998,4710
1560,1610,500000
1561,1063998,6780
1562,1610,500000
1563,1063998,9620
1564,1610,500000
1565,1610,500000
1566,1610,500000
1567,1063998,8190
1568,1063998,7420
1569,1610,500000
1570,1063998,7560
1571,1063998,8010
1572,1610,500000
1573,1063998,15900
1574,1610,500000
1575,1063998,6600
1576,1610,500000
1577,1610,500000
1578,1610,500000
1579,1063998,10040
1580,1610,500000
1581,1610,500000
1582,1063998,5600
1583,1610,500000
1584,1610,500000
1585,1610,500000
1586,1610,500000
1587,1610,500000
1588,1063998,8500
1589,1610,500000
1590,1610,500000
1591,1063998,7030
1592,1610,500000
1593,1063998,8800
1594,1610,500000
1595,1610,500000
1596,1063998,5700
1597,1063998,8150
1598,1610,500000
1599,1063998,33000
1600,1063998,8500
1601,1063998,9850
1602,1063998,10970
1603,1063998,12060
1604,1063998,5840
1605,1610,500000
1606,1063998,10220
1607,1610,500000
1608,1063998,4800
1609,1610,500000
1610,1063998,14110
1611,1610,500000
1612,1063998,7100
1613,1063998,12500
1614,1063998,6940
1615,1610,500000
1616,1063998,11060
1617,1610,500000
1618,1610,500000
1619,1610,500000
1620,1610,500000
1621,1610,500000
1622,1063998,4530
1623,1063998,31230
1624,1610,500000
1625,1063998,9560
1626,1610,500000
1627,1063998,6410
1628,1063998,9500
1629,1610,500000
1630,1610,500000
1631,1063998,7100
1632,1610,500000
1633,1063998,6840
1634,1063998,7310
1635,1610,500000
1636,1610,500000
1637,1063998,15020
1638,1063998,6480
1639,1610,500000
1640,1610,500000
1641,1063998,9710
1642,1063998,8830
1643,1063998,8530
1644,1063998,4000
1645,1610,500000
1646,1063998,8670
1647,1063998,13950
1648,1610,500000
1649,1610,500000
1650,1063998,6690
1651,1063998,6800
1652,1610,500000
1653,1063998,11590
1654,1610,500000
1655,1610,500000
1656,1610,500000
1657,1610,500000
1658,1610,500000
1659,1610,500000
1660,1610,500000
1661,1610,500000
1662,1610,500000
1663,1610,500000
1664,1610,500000
1665,1063998,9060
1666,1063998,16660
1667,1610,500000
1668,1610,500000
1669,1610,500000
1670,1610,500000
1671,1063998,12200
1672,1610,500000
1673,1063998,5520
1674,1610,500000
1675,1610,500000
1676,1610,500000
1677,1610,500000
1678,1610,500000
1679,1610,500000
1680,1610,500000
1681,1610,500000
1682,1063998,4700
1683,1063998,6400
1684,1610,500000
1685,1610,500000
1686,1610,500000
1687,1610,500000
1688,1063998,8240
1689,1063998,7730
1690,1610,500000
1691,1063998,8210
1692,1063998,7220
1693,1063998,6470
1694,1610,500000
1695,1063998,10150
1696,1063998,7000
1697,1610,500000
1698,1063998,13130
1699,1610,500000
1700,1610,500000
1701,1063998,8890
1702,1063998,7890
1703,1063998,7420
1704,1063998,13320
1705,1063998,6130
1706,1610,500000
1707,1063998,3400
1708,1610,500000
1709,1610,500000
1710,1610,500000
1711,1610,500000
1712,1610,500000
1713,1610,500000
1714,1063998,24520
1715,1610,500000
1716,1610,500000
1717,1610,500000
1718,1610,500000
1719,1063998,30550
1720,1063998,16780
1721,1063998,14780
1722,1063998,11830
1723,1610,500000
1724,1610,500000
1725,1063998,9400
1726,1063998,6650
1727,1610,500000
1728,1610,500000
1729,1610,500000
1730,1610,500000
1731,1063998,4500
1732,1610,500000
1733,1063998,9340
1734,1610,500000
1735,1063998,6200
1736,1610,500000
1737,1610,500000
1738,1610,500000
1739,1063998,5400
1740,1610,500000
1741,1610,500000
1742,1610,500000
1743,1063998,8300
1744,1063998,34000
1745,1610,500000
1746,1610,500000
1747,1063998,7580
1748,1610,500000
1749,1610,500000
1750,1610,500000
1751,1063998,7850
1752,1063998,13650
1753,1610,500000
1754,1063998,6490
1755,1610,500000
1756,1610,500000
1757,1610,500000
1758,1063998,5340
1759,1063998,20940
1760,1063998,8260
1761,1610,500000
1762,1610,500000
1763,1610,500000
1764,1063998,8620
1765,1063998,15230
1766,1610,500000
1767,1610,500000
1768,1063998,5000
1769,1063998,14490
1770,1610,500000
1771,1610,500000
1772,1610,500000
1773,1610,500000
1774,1063998,5300
1775,1610,500000
1776,1063998,8090
1777,1063998,9550
1778,1610,500000
1779,1610,500000
1780,1063998,11260
1781,1610,500000
1782,1063998,8350
1783,1063998,14300
1784,1610,500000
1785,1063998,5940
1786,1063998,11210
1787,1610,500000
1788,1063998,12000
1789,1063998,6940
1790,1063998,10070
1791,1063998,8370
1792,1063998,15780
1793,1063998,7590
1794,1610,500000
1795,1610,500000
1796,1063998,15290
1797,1610,500000
1798,1610,500000
1799,1063998,6850
1800,1610,500000
1801,1063998,14850
1802,1610,500000
1803,1610,500000
1804,1610,500000
1805,1610,500000
1806,1063998,6520
1807,1610,500000
1808,1610,500000
1809,1063998,6150
1810,1610,500000
1811,1063998,7500
1812,1610,500000
1813,1610,500000
1814,1063998,9160
1815,1610,500000
1816,1063998,10290
1817,1610,500000
1818,1610,500000
1819,1063998,14070
1820,1610,500000
1821,1610,500000
1822,1063998,9320
1823,1610,500000
1824,1610,500000
1825,1063998,7290
1826,1063998,8670
1827,1063998,8200
1828,1063998,12800
1829,1063998,83590
1830,1063998,13010
1831,1063998,7590
1832,1610,500000
1833,1610,500000
1834,1610,500000
1835,1610,500000
1836,1063998,5900
1837,1063998,54900
1838,1610,500000
1839,1063998,9290
1840,1063998,10010
1841,1610,500000
1842,1063998,9570
1843,1063998,38860
1844,1610,500000
1845,1610,500000
1846,1610,500000
1847,1610,500000
1848,1610,500000
1849,1063998,13020
1850,1610,500000
1851,1610,500000
1852,1063998,6040
1853,1610,500000
1854,1610,500000
1855,1063998,25140
1856,1610,500000
1857,1063998,8930
1858,1610,500000
1859,1610,500000
1860,1610,500000
1861,1063998,12570
1862,1063998,12460
1863,1610,500000
1864,1063998,6600
1865,1063998,3400
1866,1610,500000
1867,1063998,4900
1868,1610,500000
1869,1063998,9790
1870,1610,500000
1871,1063998,4990
1872,1063998,7960
1873,1610,500000
1874,1063998,5200
1875,1063998,24640
1876,1610,500000
1877,1610,500000
1878,1063998,7160
1879,1063998,14580
1880,1063998,4800
1881,1063998,14900
1882,1610,500000
1883,1610,500000
1884,1063998,6090
1885,1610,500000
1886,1610,500000
1887,1610,500000
1888,1610,500000
1889,1063998,9530
1890,1063998,5450
1891,1610,500000
1892,1063998,7450
1893,1610,500000
1894,1063998,4900
1895,1610,500000
1896,1063998,8040
1897,1610,500000
1898,1610,500000
1899,1063998,14100
1900,1610,500000
1901,1063998,10520
1902,1610,500000
1903,1063998,6610
1904,1610,500000
1905,1063998,10570
1906,1610,500000
1907,1610,500000
1908,1063998,79900
1909,1063998,9600
1910,1610,500000
1911,1610,500000
1912,1610,500000
1913,1063998,7480
1914,1063998,7410
1915,1063998,9910
1916,1610,500000
1917,1610,500000
1918,1610,500000
1919,1610,500000
1920,1063998,9100
1921,1063998,10220
1922,1063998,17460
1923,1610,500000
1924,1610,500000
1925,1610,500000
1926,1063998,6030
1927,1063998,6430
1928,1610,500000
1929,1610,500000
1930,1063998,7320
1931,1063998,8690
1932,1610,500000
1933,1063998,7990
1934,1063998,6440
1935,1063998,11330
1936,1610,500000
1937,1063998,82700
1938,1610,500000
1939,1610,500000
1940,1610,500000
1941,1610,500000
1942,1610,500000
1943,1610,500000
1944,1063998,11580
1945,1063998,5780
1946,1610,500000
1947,1063998,10720
1948,1063998,6740
1949,1610,500000
1950,1610,500000
1951,1063998,16030
1952,1610,500000
1953,1610,500000
1954,1063998,11040
1955,1610,500000
1956,1063998,7240
1957,1610,500000
1958,1610,500000
1959,1610,500000
1960,1610,500000
1961,1610,500000
1962,1063998,8010
1963,1610,500000
1964,1063998,6500
1965,1063998,16050
1966,1610,500000
1967,1063998,10030
1968,1610,500000
1969,1063998,5060
1970,1063998,6800
1971,1063998,10890
1972,1063998,8350
1973,1610,500000
1974,1610,500000
1975,1610,500000
1976,1063998,3400
1977,1610,500000
1978,1063998,9070
1979,1063998,8000
1980,1610,500000
1981,1610,500000
1982,1610,500000
1983,1063998,7660
1984,1063998,4100
1985,1063998,12250
1986,1610,500000
1987,1063998,20750
1988,1610,500000
1989,1610,500000
1990,1063998,7300
1991,1063998,14820
1992,1610,500000
1993,1610,500000
1994,1610,500000
1995,1063998,3200
1996,1063998,9730
1997,1610,500000
1998,1610,500000
1999,1063998,7330
2000,1063998,8700
2001,1610,500000
2002,1610,500000
2003,1610,500000
2004,1063998,22950
2005,1063998,7480
2006,1063998,6710
2007,1063998,20110
2008,1063998,8850
2009,1063998,6250
2010,1610,500000
2011,1610,500000
2012,1610,500000
2013,1063998,11830
2014,1063998,4400
2015,1610,500000
2016,1063998,5820
2017,1610,500000
2018,1610,500000
2019,1610,500000
2020,1063998,4900
2021,1610,500000
2022,1063998,10350
2023,1610,500000
2024,1610,500000
2025,1610,500000
2026,1063998,15330
2027,1063998,15850
2028,1063998,24000
2029,1063998,5200
2030,1610,500000
2031,1063998,6300
2032,1610,500000
2033,1610,500000
2034,1610,500000
2035,1610,500000
2036,1610,500000
2037,1063998,16430
2038,1610,500000
2039,1610,500000
2040,1610,500000
2041,1610,500000
2042,1610,500000
2043,1610,500000
2044,1610,500000
2045,1063998,6830
2046,1610,500000
2047,1610,500000
2048,1610,500000
2049,1063998,33090
2050,1063998,9800
2051,1610,500000
2052,1610,500000
2053,1610,500000
2054,1063998,9710
2055,1610,500000
2056,1610,500000
2057,1610,500000
2058,1610,500000
2059,1610,500000
2060,1610,500000
2061,1610,500000
2062,1610,500000
2063,1610,500000
2064,1063998,6120
2065,1063998,6870
2066,1063998,13700
2067,1063998,7740
2068,1063998,6320
2069,1063998,9090
2070,1063998,14100
2071,1610,500000
2072,1063998,34860
2073,1063998,6180
2074,1610,500000
2075,1610,500000
2076,1063998,16920
2077,1063998,11840
2078,1063998,9100
2079,1063998,10380
2080,1063998,10470
2081,1063998,8590
2082,1610,500000
2083,1063998,9990
2084,1610,500000
2085,1610,500000
2086,1063998,11420
2087,1063998,8980
2088,1063998,17620
2089,1063998,7220
2090,1610,500000
2091,1063998,5880
2092,1610,500000
2093,1610,500000
2094,1063998,6740
2095,1063998,12800
2096,1063998,30670
2097,1610,500000
2098,1610,500000
2099,1063998,12290
2100,1610,500000
2101,1610,500000
2102,1610,500000
2103,1610,500000
2104,1610,500000
2105,1063998,11590
2106,1063998,21200
2107,1610,500000
2108,1610,500000
2109,1610,500000
2110,1063998,3800
2111,1610,500000
2112,1063998,12590
2113,1063998,15600
2114,1610,500000
2115,1063998,4980
2116,1063998,11480
2117,1063998,6780
2118,1063998,8690
2119,1610,500000
2120,1063998,8000
2121,1610,500000
2122,1063998,9820
2123,1063998,11480
2124,1610,500000
2125,1610,500000
2126,1610,500000
2127,1610,500000
2128,1610,500000
2129,1063998,9150
2130,1063998,3900
2131,1063998,12490
2132,1610,500000
2133,1610,500000
2134,1610,500000
2135,1610,500000
2136,1610,500000
2137,1610,500000
2138,1063998,7420
2139,1610,500000
2140,1610,500000
2141,1063998,8320
2142,1063998,6170
2143,1610,500000
2144,1610,500000
2145,1063998,9300
2146,1610,500000
2147,1063998,9970
2148,1610,500000
2149,1063998,8150
2150,1610,500000
2151,1063998,10930
2152,1610,500000
2153,1063998,8170
2154,1063998,17160
2155,1063998,5540
2156,1063998,14510
2157,1063998,6830
2158,1610,500000
2159,1063998,7530
2160,1610,500000
2161,1610,500000
2162,1063998,6380
2163,1610,500000
2164,1063998,7700
2165,1610,500000
2166,1063998,13890
2167,1063998,9770
2168,1610,500000
2169,1610,500000
2170,1610,500000
2171,1063998,7130
2172,1610,500000
2173,1610,500000
2174,1610,500000
2175,1610,500000
2176,1610,500000
2177,1063998,6990
2178,1610,500000
2179,1610,500000
2180,1063998,58340
2181,1063998,13300
2182,1063998,9310
2183,1610,500000
2184,1063998,8130
2185,1610,500000
2186,1063998,6220
2187,1063998,10000
2188,1610,500000
2189,1610,500000
2190,1063998,28940
2191,1610,500000
2192,1610,500000
2193,1063998,4200
2194,1610,500000
2195,1610,500000
2196,1063998,11240
2197,1063998,9890
2198,1610,500000
2199,1063998,6980
2200,1610,500000
2201,1610,500000
2202,1610,500000
2203,1610,500000
2204,1610,500000
2205,1610,500000
2206,1610,500000
2207,1610,500000
2208,1063998,9700
2209,1610,500000
2210,1610,500000
2211,1610,500000
2212,1063998,18430
2213,1063998,7200
2214,1610,500000
2215,1610,500000
2216,1610,500000
2217,1063998,10290
2218,1063998,14900
2219,1063998,7260
2220,1610,500000
2221,1610,500000
2222,1610,500000
2223,1610,500000
2224,1610,500000
2225,1610,500000
2226,1610,500000
2227,1610,500000
2228,1610,500000
2229,1610,500000
2230,1610,500000
2231,1610,500000
2232,1610,500000
2233,1610,500000
2234,1610,500000
2235,1610,500000
2236,1063998,6600
2237,1610,500000
2238,1610,500000
2239,1063998,6810
2240,1063998,13230
2241,1610,500000
2242,1063998,9840
2243,1610,500000
2244,1063998,7700
2245,1063998,7390
2246,1063998,9580
2247,1610,500000
2248,1063998,7370
2249,1610,500000
2250,1610,500000
2251,1063998,11400
2252,1610,500000
2253,1610,500000
2254,1610,500000
2255,1610,500000
2256,1063998,7570
2257,1063998,8050
2258,1063998,19280
2259,1063998,10200
2260,1063998,6870
2261,1063998,22210
2262,1610,500000
2263,1063998,9350
2264,1610,500000
2265,1610,500000
2266,1610,500000
2267,1063998,7680
2268,1610,500000
2269,1610,500000
2270,1063998,10550
2271,1063998,7800
2272,1063998,4600
2273,1610,500000
2274,1610,500000
2275,1610,500000
2276,1610,500000
2277,1063998,6840
2278,1063998,3800
2279,1063998,8950
2280,1063998,10630
2281,1063998,11320
2282,1063998,7160
2283,1063998,11120
2284,1063998,9440
2285,1610,500000
2286,1063998,10000
2287,1610,500000
2288,1610,500000
2289,1610,500000
2290,1063998,8490
2291,1610,500000
2292,1610,500000
2293,1063998,8800
2294,1063998,7400
2295,1063998,8610
2296,1063998,17960
2297,1610,500000
2298,1063998,8770
2299,1063998,7490
2300,1063998,8640
2301,1063998,12270
2302,1063998,38860
2303,1610,500000
2304,1063998,24230
2305,1610,500000
2306,1063998,7600
2307,1610,500000
2308,1610,500000
2309,1063998,6800
2310,1610,500000
2311,1063998,16600
2312,1610,500000
2313,1610,500000
2314,1610,500000
2315,1610,500000
2316,1063998,15300
2317,1063998,7980
2318,1610,500000
2319,1063998,6480
2320,1610,500000
2321,1063998,9310
2322,1610,500000
2323,1610,500000
2324,1610,500000
2325,1610,500000
2326,1063998,3300
2327,1063998,11150
2328,1063998,8390
2329,1610,500000
2330,1063998,4600
2331,1610,500000
2332,1610,500000
2333,1063998,8750
2334,1063998,3300
2335,1610,500000
2336,1610,500000
2337,1063998,9380
2338,1610,500000
2339,1063998,8390
2340,1063998,10710
2341,1610,500000
2342,1610,500000
2343,1610,500000
2344,1063998,8410
2345,1610,500000
2346,1610,500000
2347,1610,500000
2348,1063998,7600
2349,1610,500000
2350,1610,500000
2351,1063998,9650
2352,1063998,6510
2353,1610,500000
2354,1063998,8810
2355,1610,500000
2356,1610,500000
2357,1610,500000
2358,1610,500000
2359,1610,500000
2360,1610,500000
2361,1610,500000
2362,1610,500000
2363,1610,500000
2364,1063998,13780
2365,1063998,5560
2366,1063998,9890
2367,1610,500000
2368,1063998,6810
2369,1610,500000
2370,1063998,8180
2371,1610,500000
2372,1610,500000
2373,1063998,19010
2374,1610,500000
2375,1063998,8490
2376,1610,500000
2377,1063998,4330
2378,1063998,11700
2379,1610,500000
2380,1610,500000
2381,1063998,7850
2382,1610,500000
2383,1610,500000
2384,1610,500000
2385,1610,500000
2386,1063998,5340
2387,1610,500000
2388,1610,500000
2389,1610,500000
2390,1610,500000
2391,1063998,8740
2392,1063998,12060
2393,1610,500000
2394,1063998,11970
2395,1063998,8460
2396,1610,500000
2397,1063998,6320
2398,1063998,9400
2399,1063998,8230
2400,1610,500000
2401,1610,500000
2402,1063998,6070
2403,1610,500000
2404,1063998,4000
2405,1063998,9210
2406,1610,500000
2407,1063998,10660
2408,1063998,10020
2409,1063998,7740
2410,1063998,7640
2411,1610,500000
2412,1610,500000
2413,1610,500000
2414,1063998,10150
2415,1063998,14170
2416,1610,500000
2417,1610,500000
2418,1063998,13250
2419,1610,500000
2420,1610,500000
2421,1610,500000
2422,1610,500000
2423,1063998,4610
2424,1610,500000
2425,1610,500000
2426,1063998,6950
2427,1610,500000
2428,1063998,7060
2429,1610,500000
2430,1063998,9500
2431,1063998,7920
2432,1610,500000
2433,1610,500000
2434,1063998,7490
2435,1063998,7090
2436,1610,500000
2437,1063998,11180
2438,1610,500000
2439,1610,500000
2440,1610,500000
2441,1063998,6730
2442,1063998,8320
2443,1063998,6100
2444,1610,500000
2445,1063998,18610
2446,1610,500000
2447,1063998,10740
2448,1610,500000
2449,1610,500000
2450,1063998,7000
2451,1063998,6850
2452,1610,500000
2453,1610,500000
2454,1610,500000
2455,1063998,5500
2456,1063998,9580
2457,1610,500000
2458,1610,500000
2459,1063998,6450
2460,1610,500000
2461,1610,500000
2462,1610,500000
2463,1610,500000
2464,1610,500000
2465,1610,500000
2466,1610,500000
2467,1063998,12690
2468,1063998,6790
2469,1610,500000
2470,1063998,5280
2471,1063998,7360
2472,1063998,9790
2473,1610,500000
2474,1610,500000
2475,1610,500000
2476,1610,500000
2477,1610,500000
2478,1063998,8500
2479,1063998,6650
2480,1610,500000
2481,1063998,3700
2482,1610,500000
2483,1063998,5500
2484,1610,500000
2485,1610,500000
2486,1063998,10150
2487,1610,500000
2488,1610,500000
2489,1610,500000
2490,1610,500000
2491,1610,500000
2492,1063998,315950
2493,1610,500000
2494,1063998,8900
2495,1610,500000
2496,1063998,31290
2497,1610,500000
2498,1610,500000
2499,1063998,11350
2500,1063998,9600
2501,1610,500000
2502,1063998,8800
2503,1063998,5100
2504,1610,500000
2505,1610,500000
2506,1063998,5920
2507,1063998,9200
2508,1610,500000
2509,1063998,18240
2510,1610,500000
2511,1610,500000
2512,1610,500000
2513,1610,500000
2514,1610,500000
2515,1063998,16940
2516,1610,500000
2517,1063998,8470
2518,1063998,7330
2519,1063998,4800
2520,1610,500000
2521,1610,500000
2522,1610,500000
2523,1610,500000
2524,1063998,6880
2525,1610,500000
2526,1063998,9310
2527,1610,500000
2528,1610,500000
2529,1063998,4600
2530,1610,500000
2531,1610,500000
2532,1610,500000
2533,1063998,14450
2534,1063998,3800
2535,1063998,56400
2536,1610,500000
2537,1063998,5730
2538,1610,500000
2539,1063998,7270
2540,1063998,6490
2541,1063998,5830
2542,1063998,8370
2543,1063998,5530
2544,1610,500000
2545,1610,500000
2546,1063998,5710
2547,1063998,6790
2548,1063998,6830
2549,1610,500000
2550,1063998,5710
2551,1063998,7260
2552,1610,500000
2553,1063998,15330
2554,1063998,16040
2555,1063998,6870
2556,1610,500000
2557,1063998,5700
2558,1610,500000
2559,1610,500000
2560,1610,500000
2561,1610,500000
2562,1610,500000
2563,1063998,7710
2564,1610,500000
2565,1610,500000
2566,1063998,11940
2567,1610,500000
2568,1063998,31380
2569,1610,500000
2570,1063998,10820
2571,1063998,5380
2572,1610,500000
2573,1610,500000
2574,1610,500000
2575,1063998,5850
2576,1063998,4900
2577,1063998,6890
2578,1063998,32090
2579,1610,500000
2580,1610,500000
2581,1610,500000
2582,1610,500000
2583,1610,500000
2584,1063998,5610
2585,1063998,6330
2586,1610,500000
2587,1063998,5880
2588,1063998,6600
2589,1063998,7610
2590,1610,500000
2591,1610,500000
2592,1063998,6920
2593,1063998,7680
2594,1063998,5950
2595,1063998,18230
2596,1610,500000
2597,1063998,8680
2598,1063998,10080
2599,1610,500000
2600,1063998,6990
2601,1610,500000
2602,1063998,11970
2603,1610,500000
2604,1610,500000
2605,1063998,5100
2606,1610,500000
2607,1063998,7940
2608,1610,500000
2609,1063998,6870
2610,1063998,5820
2611,1610,500000
2612,1610,500000
2613,1610,500000
2614,1063998,5400
2615,1610,500000
2616,1063998,6520
2617,1610,500000
2618,1063998,7800
2619,1610,500000
2620,1610,500000
2621,1610,500000
2622,1063998,35380
2623,1610,500000
2624,1063998,5600
2625,1610,500000
2626,1063998,13300
2627,1063998,9540
2628,1610,500000
2629,1610,500000
2630,1610,500000
2631,1610,500000
2632,1063998,9040
2633,1610,500000
2634,1063998,6660
2635,1063998,6960
2636,1063998,19000
2637,1610,500000
2638,1063998,9980
2639,1610,500000
2640,1063998,6580
2641,1063998,10200
2642,1063998,7030
2643,1610,500000
2644,1610,500000
2645,1610,500000
2646,1063998,9980
2647,1063998,6930
2648,1063998,19200
2649,1610,500000
2650,1063998,16800
2651,1610,500000
2652,1063998,11410
2653,1610,500000
2654,1610,500000
2655,1610,500000
2656,1610,500000
2657,1063998,6520
2658,1610,500000
2659,1610,500000
2660,1610,500000
2661,1610,500000
2662,1063998,9780
2663,1063998,8510
2664,1610,500000
2665,1063998,5300
2666,1610,500000
2667,1610,500000
2668,1610,500000
2669,1610,500000
2670,1610,500000
2671,1063998,11520
2672,1610,500000
2673,1610,500000
2674,1063998,8540
2675,1610,500000
2676,1610,500000
2677,1610,500000
2678,1610,500000
2679,1063998,9390
2680,1610,500000
2681,1610,500000
2682,1610,500000
2683,1610,500000
2684,1610,500000
2685,1063998,6000
2686,1610,500000
2687,1610,500000
2688,1610,500000
2689,1063998,4800
2690,1610,500000
2691,1610,500000
2692,1610,500000
2693,1063998,31310
2694,1610,500000
2695,1063998,14470
2696,1063998,6540
2697,1063998,7010
2698,1610,500000
2699,1063998,11020
2700,1063998,7120
2701,1063998,16380
2702,1610,500000
2703,1063998,6810
2704,1063998,8060
2705,1063998,9980
2706,1610,500000
2707,1610,500000
2708,1063998,8930
2709,1063998,8100
2710,1063998,8760
2711,1610,500000
2712,1610,500000
2713,1063998,7200
2714,1063998,8500
2715,1610,500000
2716,1610,500000
2717,1063998,10500
2718,1610,500000
2719,1063998,6910
2720,1610,500000
2721,1063998,10750
2722,1610,500000
2723,1063998,10580
2724,1610,500000
2725,1063998,17580
2726,1610,500000
2727,1610,500000
2728,1063998,20680
2729,1063998,11380
2730,1610,500000
2731,1063998,7000
2732,1063998,8810
2733,1610,500000
2734,1610,500000
2735,1610,500000
2736,1610,500000
2737,1063998,13480
2738,1610,500000
2739,1610,500000
2740,1610,500000
2741,1610,500000
2742,1610,500000
2743,1610,500000
2744,1610,500000
2745,1063998,12320
2746,1063998,5430
2747,1063998,9130
2748,1063998,5590
2749,1063998,6020
2750,1610,500000
2751,1610,500000
2752,1063998,8030
2753,1610,500000
2754,1063998,8100
2755,1063998,12800
2756,1063998,7200
2757,1063998,7100
2758,1610,500000
2759,1063998,10560
2760,1063998,6430
2761,1063998,8220
2762,1610,500000
2763,1063998,6390
2764,1063998,8120
2765,1610,500000
2766,1610,500000
2767,1063998,10290
2768,1610,500000
2769,1610,500000
2770,1063998,7280
2771,1610,500000
2772,1610,500000
2773,1063998,6770
2774,1610,500000
2775,1610,500000
2776,1063998,9980
2777,1610,500000
2778,1063998,7120
2779,1610,500000
2780,1610,500000
2781,1610,500000
2782,1610,500000
2783,1610,500000
2784,1063998,11740
2785,1610,500000
2786,1063998,13090
2787,1063998,6830
2788,1610,500000
2789,1610,500000
2790,1063998,7790
2791,1610,500000
2792,1610,500000
2793,1063998,4740
2794,1610,500000
2795,1063998,7830
2796,1063998,7410
2797,1063998,7270
2798,1063998,10210
2799,1063998,5730
2800,1063998,8750
2801,1063998,6800
2802,1063998,8030
2803,1610,500000
2804,1063998,6240
2805,1063998,11550
2806,1063998,7810
2807,1063998,8960
2808,1610,500000
2809,1610,500000
2810,1610,500000
2811,1610,500000
2812,1063998,6660
2813,1063998,7850
2814,1610,500000
2815,1063998,7890
2816,1610,500000
2817,1610,500000
2818,1063998,8870
2819,1610,500000
2820,1610,500000
2821,1063998,5000
2822,1063998,5930
2823,1610,500000
2824,1610,500000
2825,1610,500000
2826,1063998,6360
2827,1610,500000
2828,1610,500000
2829,1610,500000
2830,1610,500000
2831,1610,500000
2832,1610,500000
2833,1610,500000
2834,1610,500000
2835,1063998,9660
2836,1610,500000
2837,1063998,10270
2838,1610,500000
2839,1063998,5720
2840,1063998,7390
2841,1063998,3600
2842,1610,500000
2843,1610,500000
2844,1610,500000
2845,1063998,5500
2846,1610,500000
2847,1063998,11070
2848,1610,500000
2849,1610,500000
2850,1063998,14090
2851,1610,500000
2852,1063998,5000
2853,1063998,11840
2854,1610,500000
2855,1063998,6190
2856,1063998,13720
2857,1610,500000
2858,1610,500000
2859,1610,500000
2860,1610,500000
2861,1063998,12270
2862,1610,500000
2863,1610,500000
2864,1063998,7960
2865,1610,500000
2866,1063998,10340
2867,1610,500000
2868,1063998,19130
2869,1063998,8860
2870,1063998,13200
2871,1063998,7350
2872,1610,500000
2873,1610,500000
2874,1063998,16430
2875,1610,500000
2876,1063998,10060
2877,1610,500000
2878,1063998,9300
2879,1610,500000
2880,1610,500000
2881,1610,500000
2882,1610,500000
2883,1610,500000
2884,1610,500000
2885,1063998,11540
2886,1063998,9470
2887,1063998,10090
2888,1063998,10590
2889,1063998,13420
2890,1063998,7420
2891,1610,500000
2892,1610,500000
2893,1610,500000
2894,1063998,8730
2895,1610,500000
2896,1063998,12750
2897,1610,500000
2898,1063998,5270
2899,1610,500000
2900,1610,500000
2901,1610,500000
2902,1063998,6480
2903,1610,500000
2904,1610,500000
2905,1063998,5500
2906,1063998,7300
2907,1610,500000
2908,1610,500000
2909,1063998,10660
2910,1063998,12560
2911,1610,500000
2912,1063998,5500
2913,1063998,8360
2914,1610,500000
2915,1063998,11830
2916,1063998,6160
2917,1610,500000
2918,1610,500000
2919,1063998,6310
2920,1610,500000
2921,1063998,7520
2922,1610,500000
2923,1610,500000
2924,1610,500000
2925,1610,500000
2926,1610,500000
2927,1610,500000
2928,1610,500000
2929,1063998,8380
2930,1610,500000
2931,1063998,7130
2932,1063998,10850
2933,1610,500000
2934,1063998,14750
2935,1610,500000
2936,1610,500000
2937,1610,500000
2938,1063998,5480
2939,1063998,4700
2940,1063998,8340
2941,1063998,8920
2942,1610,500000
2943,1610,500000
2944,1610,500000
2945,1063998,8870
2946,1610,500000
2947,1610,500000
2948,1063998,5200
2949,1610,500000
2950,1610,500000
2951,1063998,7890
2952,1063998,11150
2953,1610,500000
2954,1610,500000
2955,1063998,26900
2956,1063998,8340
2957,1610,500000
2958,1063998,6130
2959,1610,500000
2960,1610,500000
2961,1063998,4600
2962,1610,500000
2963,1610,500000
2964,1063998,8720
2965,1063998,10400
2966,1610,500000
2967,1610,500000
2968,1610,500000
2969,1610,500000
2970,1610,500000
2971,1610,500000
2972,1063998,9570
2973,1063998,14070
2974,1063998,20280
2975,1610,500000
2976,1063998,13180
2977,1610,500000
2978,1610,500000
2979,1610,500000
2980,1063998,6370
2981,1610,500000
2982,1063998,12600
2983,1610,500000
2984,1610,500000
2985,1063998,5120
2986,1610,500000
2987,1063998,21910
2988,1610,500000
2989,1063998,11410
2990,1610,500000
2991,1610,500000
2992,1063998,23530
2993,1610,500000
2994,1610,500000
2995,1063998,17050
2996,1610,500000
2997,1063998,8200
2998,1063998,7770
2999,1610,500000
3000,1063998,5520
3001,1610,500000
3002,1063998,8830
3003,1063998,10680
3004,1610,500000
3005,1610,500000
3006,1610,500000
3007,1063998,7320
3008,1063998,10840
3009,1610,500000
3010,1610,500000
3011,1063998,10090
3012,1610,500000
3013,1610,500000
3014,1063998,7020
3015,1063998,6880
3016,1063998,6600
3017,1063998,7810
3018,1610,500000
3019,1063998,7740
3020,1063998,6010
3021,1063998,6220
3022,1610,500000
3023,1063998,10720
3024,1610,500000
3025,1063998,7240
3026,1610,500000
3027,1610,500000
3028,1063998,3600
3029,1610,500000
3030,1610,500000
3031,1610,500000
3032,1063998,5590
3033,1610,500000
3034,1610,500000
3035,1063998,9710
3036,1610,500000
3037,1063998,5990
3038,1610,500000
3039,1063998,18330
3040,1063998,8090
3041,1610,500000
3042,1063998,14050
3043,1610,500000
3044,1063998,7900
3045,1610,500000
3046,1063998,6800
3047,1063998,11750
3048,1610,500000
3049,1610,500000
3050,1610,500000
3051,1610,500000
3052,1610,500000
3053,1063998,9590
3054,1610,500000
3055,1610,500000
3056,1063998,6420
3057,1063998,13640
3058,1063998,8270
3059,1610,500000
3060,1610,500000
3061,1610,500000
3062,1610,500000
3063,1610,500000
3064,1610,500000
3065,1063998,5910
3066,1610,500000
3067,1610,500000
3068,1610,500000
3069,1610,500000
3070,1610,500000
3071,1063998,6930
3072,1610,500000
3073,1610,500000
3074,1063998,10250
3075,1063998,22590
3076,1610,500000
3077,1610,500000
3078,1610,500000
3079,1610,500000
3080,1063998,11100
3081,1610,500000
3082,1063998,9070
3083,1610,500000
3084,1610,500000
3085,1063998,7290
3086,1610,500000
3087,1063998,6780
3088,1610,500000
3089,1610,500000
3090,1063998,4400
3091,1610,500000
3092,1063998,26870
3093,1610,500000
3094,1063998,31200
3095,1610,500000
3096,1610,500000
3097,1610,500000
3098,1063998,9020
3099,1610,500000
3100,1610,500000
3101,1610,500000
3102,1063998,5820
3103,1610,500000
3104,1063998,9800
3105,1063998,12250
3106,1610,500000
3107,1610,500000
3108,1063998,9000
3109,1063998,7940
3110,1063998,158190
3111,1610,500000
3112,1610,500000
3113,1610,500000
3114,1063998,8570
3115,1610,500000
3116,1063998,8020
3117,1610,500000
3118,1610,500000
3119,1063998,9010
3120,1063998,9610
3121,1063998,7530
3122,1063998,8540
3123,1063998,12730
3124,1063998,8550
3125,1063998,8160
3126,1610,500000
3127,1063998,7910
3128,1610,500000
3129,1610,500000
3130,1610,500000
3131,1610,500000
3132,1063998,6520
3133,1063998,7520
3134,1610,500000
3135,1610,500000
3136,1063998,8860
3137,1063998,9630
3138,1610,500000
3139,1610,500000
3140,1610,500000
3141,1610,500000
3142,1610,500000
3143,1610,500000
3144,1063998,9070
3145,1063998,27440
3146,1610,500000
3147,1063998,3300
3148,1610,500000
3149,1063998,7680
3150,1063998,12500
3151,1610,500000
3152,1610,500000
3153,1610,500000
3154,1610,500000
3155,1063998,14140
3156,1063998,5570
3157,1063998,23320
3158,1610,500000
3159,1610,500000
3160,1063998,23280
3161,1610,500000
3162,1063998,6300
3163,1063998,8220
3164,1063998,7180
3165,1610,500000
3166,1610,500000
3167,1063998,6950
3168,1610,500000
3169,1063998,4270
3170,1610,500000
3171,1063998,7140
3172,1610,500000
3173,1063998,9480
3174,1063998,13560
3175,1063998,16360
3176,1610,500000
3177,1610,500000
3178,1063998,7620
3179,1063998,12100
3180,1063998,4600
3181,1610,500000
3182,1063998,9690
3183,1610,500000
3184,1610,500000
3185,1610,500000
3186,1063998,6970
3187,1610,500000
3188,1063998,14550
3189,1063998,3300
3190,1063998,7690
3191,1063998,6000
3192,1610,500000
3193,1063998,8350
3194,1063998,13520
3195,1610,500000
3196,1063998,8970
3197,1610,500000
3198,1610,500000
3199,1610,500000
3200,1610,500000
3201,1063998,5400
3202,1063998,30370
3203,1610,500000
3204,1610,500000
3205,1610,500000
3206,1063998,8810
3207,1610,500000
3208,1610,500000
3209,1610,500000
3210,1610,500000
3211,1063998,7370
3212,1063998,8050
3213,1063998,10850
3214,1610,500000
3215,1063998,8250
3216,1063998,7750
3217,1610,500000
3218,1063998,15300
3219,1063998,13260
3220,1610,500000
3221,1610,500000
3222,1063998,10760
3223,1610,500000
3224,1610,500000
3225,1610,500000
3226,1063998,12700
3227,1610,500000
3228,1063998,8790
3229,1063998,7680
3230,1610,500000
3231,1063998,8630
3232,1063998,7490
3233,1610,500000
3234,1610,500000
3235,1063998,10800
3236,1063998,8190
3237,1063998,9070
3238,1063998,8420
3239,1063998,10180
3240,1063998,7400
3241,1063998,12550
3242,1610,500000
3243,1063998,6950
3244,1610,500000
3245,1063998,9610
3246,1063998,7980
3247,1063998,6430
3248,1610,500000
3249,1063998,32530
3250,1610,500000
3251,1610,500000
3252,1610,500000
3253,1063998,9830
3254,1063998,10020
3255,1063998,7630
3256,1063998,6920
3257,1063998,5510
3258,1610,500000
3259,1063998,17110
3260,1610,500000
3261,1610,500000
3262,1610,500000
3263,1063998,34880
3264,1610,500000
3265,1063998,7520
3266,1610,500000
3267,1610,500000
3268,1063998,12250
3269,1063998,9130
3270,1610,500000
3271,1063998,5820
3272,1610,500000
3273,1063998,30700
3274,1063998,7760
3275,1063998,10520
3276,1610,500000
3277,1610,500000
3278,1063998,6380
3279,1610,500000
3280,1610,500000
3281,1610,500000
3282,1063998,12050
3283,1610,500000
3284,1610,500000
3285,1063998,8500
3286,1063998,8510
3287,1063998,9230
3288,1610,500000
3289,1610,500000
3290,1063998,3200
3291,1063998,5890
3292,1063998,30580
3293,1063998,32390
3294,1610,500000
3295,1610,500000
3296,1063998,17580
3297,1063998,7690
3298,1610,500000
3299,1610,500000
3300,1610,500000
3301,1063998,5370
3302,1063998,7950
3303,1610,500000
3304,1610,500000
3305,1063998,8250
3306,1063998,7200
3307,1063998,8750
3308,1063998,7310
3309,1610,500000
3310,1610,500000
3311,1610,500000
3312,1063998,62540
3313,1610,500000
3314,1610,500000
3315,1610,500000
3316,1610,500000
3317,1610,500000
3318,1063998,5060
3319,1063998,17810
3320,1063998,9850
3321,1063998,11190
3322,1063998,8600
3323,1063998,5930
3324,1063998,7200
3325,1610,500000
3326,1063998,7770
3327,1610,500000
3328,1063998,7270
3329,1610,500000
3330,1063998,61100
3331,1610,500000
3332,1610,500000
3333,1610,500000
3334,1063998,7650
3335,1063998,11500
3336,1610,500000
3337,1610,500000
3338,1063998,31730
3339,1063998,10070
3340,1610,500000
3341,1610,500000
3342,1610,500000
3343,1610,500000
3344,1063998,10360
3345,1063998,15670
3346,1063998,9480
3347,1063998,7120
3348,1063998,7300
3349,1610,500000
3350,1063998,16350
3351,1610,500000
3352,1063998,8170
3353,1063998,10270
3354,1063998,3600
3355,1063998,8600
3356,1610,500000
3357,1063998,8630
3358,1063998,9010
3359,1610,500000
3360,1063998,8070
3361,1610,500000
3362,1610,500000
3363,1063998,7390
3364,1063998,8650
3365,1610,500000
3366,1610,500000
3367,1610,500000
3368,1610,500000
3369,1610,500000
3370,1063998,6360
3371,1063998,9850
3372,1063998,5120
3373,1610,500000
3374,1610,500000
3375,1610,500000
3376,1063998,12580
3377,1063998,8520
3378,1610,500000
3379,1063998,7420
3380,1063998,5930
3381,1610,500000
3382,1063998,6000
3383,1610,500000
3384,1063998,26800
3385,1063998,14880
3386,1063998,10820
3387,1063998,11440
3388,1063998,7600
3389,1063998,8820
3390,1610,500000
3391,1063998,5510
3392,1063998,4100
3393,1610,500000
3394,1610,500000
3395,1610,500000
3396,1610,500000
3397,1063998,5970
3398,1063998,8910
3399,1610,500000
3400,1063998,6670
3401,1063998,7700
3402,1063998,5500
3403,1063998,31330
3404,1063998,11050
3405,1063998,13520
3406,1063998,17440
3407,1610,500000
3408,1063998,11020
3409,1610,500000
3410,1063998,7900
3411,1063998,7560
3412,1063998,6990
3413,1610,500000
3414,1063998,4830
3415,1063998,20950
3416,1610,500000
3417,1063998,10880
3418,1063998,7600
3419,1610,500000
3420,1610,500000
3421,1063998,6400
3422,1610,500000
3423,1063998,7630
3424,1063998,9800
3425,1063998,9680
3426,1063998,6200
3427,1063998,11470
3428,1610,500000
3429,1610,500000
3430,1063998,10290
3431,1610,500000
3432,1063998,9570
3433,1063998,4760
3434,1063998,7300
3435,1063998,11590
3436,1063998,13080
3437,1610,500000
3438,1063998,11470
3439,1610,500000
3440,1063998,6650
3441,1610,500000
3442,1063998,8200
3443,1063998,4390
3444,1610,500000
3445,1063998,8330
3446,1610,500000
3447,1610,500000
3448,1610,500000
3449,1610,500000
3450,1610,500000
3451,1610,500000
3452,1610,500000
3453,1063998,8700
3454,1063998,3200
3455,1610,500000
3456,1063998,8260
3457,1610,500000
3458,1610,500000
3459,1610,500000
3460,1610,500000
3461,1610,500000
3462,1610,500000
3463,1610,500000
3464,1610,500000
3465,1063998,8190
3466,1610,500000
3467,1610,500000
3468,1063998,9580
3469,1063998,14430
3470,1610,500000
3471,1610,500000
3472,1063998,12560
3473,1610,500000
3474,1610,500000
3475,1063998,7830
3476,1610,500000
3477,1610,500000
3478,1610,500000
3479,1610,500000
3480,1610,500000
3481,1063998,12150
3482,1610,500000
3483,1610,500000
3484,1610,500000
3485,1610,500000
3486,1063998,14730
3487,1063998,5920
3488,1610,500000
3489,1610,500000
3490,1063998,9740
3491,1063998,2900
3492,1063998,5910
3493,1610,500000
3494,1610,500000
3495,1610,500000
3496,1063998,7310
3497,1610,500000
3498,1063998,9060
3499,1610,500000
3500,1610,500000
3501,1063998,10000
3502,1063998,10490
3503,1063998,4400
3504,1063998,9520
3505,1610,500000
3506,1063998,5100
3507,1063998,28300
3508,1610,500000
3509,1610,500000
3510,1610,500000
3511,1610,500000
3512,1063998,57700
3513,1610,500000
3514,1610,500000
3515,1063998,6590
3516,1610,500000
3517,1610,500000
3518,1610,500000
3519,1610,500000
3520,1610,500000
3521,1063998,9210
3522,1063998,5200
3523,1610,500000
3524,1063998,10680
3525,1610,500000
3526,1610,500000
3527,1610,500000
3528,1610,500000
3529,1610,500000
3530,1610,500000
3531,1610,500000
3532,1063998,5000
3533,1610,500000
3534,1610,500000
3535,1610,500000
3536,1610,500000
3537,1063998,11420
3538,1063998,6170
3539,1063998,13920
3540,1610,500000
3541,1610,500000
3542,1063998,8680
3543,1610,500000
3544,1063998,14860
3545,1063998,10700
3546,1610,500000
3547,1063998,5600
3548,1610,500000
3549,1610,500000
3550,1610,500000
3551,1063998,5820
3552,1610,500000
3553,1610,500000
3554,1610,500000
3555,1610,500000
3556,1610,500000
3557,1610,500000
3558,1610,500000
3559,1610,500000
3560,1063998,11130
3561,1063998,3100
3562,1610,500000
3563,1063998,8010
3564,1063998,9800
3565,1063998,10220
3566,1610,500000
3567,1063998,15860
3568,1610,500000
3569,1610,500000
3570,1063998,7130
3571,1610,500000
3572,1063998,8500
3573,1610,500000
3574,1063998,15790
3575,1063998,78200
3576,1610,500000
3577,1610,500000
3578,1063998,20550
3579,1063998,16050
3580,1063998,9680
3581,1063998,8340
3582,1610,500000
3583,1610,500000
3584,1063998,34780
3585,1063998,13000
3586,1063998,10290
3587,1063998,7600
3588,1063998,7130
3589,1063998,4600
3590,1063998,10810
3591,1063998,9000
3592,1610,500000
3593,1063998,13820
3594,1610,500000
3595,1063998,8020
3596,1063998,4400
3597,1063998,11300
3598,1063998,34400
3599,1063998,10090
3600,1610,500000
3601,1610,500000
3602,1063998,30060
3603,1610,500000
3604,1610,500000
3605,1063998,14610
3606,1610,500000
3607,1610,500000
3608,1610,500000
3609,1610,500000
3610,1610,500000
3611,1063998,6780
3612,1063998,9260
3613,1610,500000
3614,1063998,7980
3615,1063998,7020
3616,1610,500000
3617,1610,500000
3618,1610,500000
3619,1610,500000
3620,1063998,16140
3621,1063998,8310
3622,1063998,8310
3623,1610,500000
3624,1610,500000
3625,1610,500000
3626,1063998,7300
3627,1610,500000
3628,1610,500000
3629,1610,500000
3630,1063998,11960
3631,1610,500000
3632,1610,500000
3633,1610,500000
3634,1610,500000
3635,1610,500000
3636,1063998,18280
3637,1610,500000
3638,1610,500000
3639,1610,500000
3640,1610,500000
3641,1610,500000
3642,1610,500000
3643,1610,500000
3644,1063998,20600
3645,1610,500000
3646,1063998,5830
3647,1063998,6330
3648,1063998,7230
3649,1063998,17850
3650,1610,500000
3651,1610,500000
3652,1610,500000
3653,1063998,9220
3654,1610,500000
3655,1610,500000
3656,1610,500000
3657,1610,500000
3658,1063998,8560
3659,1063998,9200
3660,1610,500000
3661,1610,500000
3662,1610,500000
3663,1610,500000
3664,1610,500000
3665,1063998,23940
3666,1063998,8050
3667,1063998,7590
3668,1610,500000
3669,1610,500000
3670,1063998,9300
3671,1063998,7490
3672,1610,500000
3673,1610,500000
3674,1610,500000
3675,1610,500000
3676,1063998,9460
3677,1063998,9200
3678,1063998,10760
3679,1063998,6770
3680,1610,500000
3681,1610,500000
3682,1063998,11980
3683,1610,500000
3684,1610,500000
3685,1063998,7870
3686,1610,500000
3687,1610,500000
3688,1063998,7320
3689,1063998,12430
3690,1063998,6030
3691,1610,500000
3692,1610,500000
3693,1063998,21250
3694,1610,500000
3695,1063998,9140
3696,1063998,9100
3697,1610,500000
3698,1063998,9260
3699,1610,500000
3700,1063998,9140
3701,1610,500000
3702,1063998,6440
3703,1610,500000
3704,1610,500000
3705,1610,500000
3706,1610,500000
3707,1063998,9300
3708,1610,500000
3709,1610,500000
3710,1063998,6520
3711,1610,500000
3712,1610,500000
3713,1610,500000
3714,1610,500000
3715,1063998,6660
3716,1610,500000
3717,1610,500000
3718,1063998,8630
3719,1063998,15870
3720,1063998,30900
3721,1610,500000
3722,1610,500000
3723,1063998,7150
3724,1063998,6480
3725,1610,500000
3726,1063998,22830
3727,1063998,32250
3728,1610,500000
3729,1610,500000
3730,1063998,5550
3731,1610,500000
3732,1610,500000
3733,1063998,7120
3734,1610,500000
3735,1610,500000
3736,1610,500000
3737,1610,500000
3738,1063998,19070
3739,1610,500000
3740,1610,500000
3741,1610,500000
3742,1063998,11040
3743,1610,500000
3744,1063998,8370
3745,1063998,10290
3746,1063998,38070
3747,1063998,7470
3748,1610,500000
3749,1063998,9390
3750,1063998,67420
3751,1063998,8190
3752,1610,500000
3753,1610,500000
3754,1610,500000
3755,1610,500000
3756,1063998,13570
3757,1610,500000
3758,1610,500000
3759,1610,500000
3760,1610,500000
3761,1610,500000
3762,1063998,8230
3763,1610,500000
3764,1610,500000
3765,1063998,5400
3766,1063998,15260
3767,1610,500000
3768,1063998,12020
3769,1610,500000
3770,1610,500000
3771,1610,500000
3772,1063998,7630
3773,1610,500000
3774,1063998,10700
3775,1063998,7770
3776,1610,500000
3777,1610,500000
3778,1610,500000
3779,1610,500000
3780,1063998,36870
3781,1063998,11830
3782,1063998,11610
3783,1610,500000
3784,1063998,9520
3785,1063998,8670
3786,1610,500000
3787,1610,500000
3788,1063998,11410
3789,1063998,22460
3790,1063998,8100
3791,1610,500000
3792,1610,500000
3793,1063998,7500
3794,1610,500000
3795,1610,500000
3796,1610,500000
3797,1063998,6830
3798,1610,500000
3799,1610,500000
3800,1610,500000
3801,1610,500000
3802,1610,500000
3803,1063998,13630
3804,1610,500000
3805,1610,500000
3806,1063998,6730
3807,1063998,3200
3808,1063998,8310
3809,1063998,22430
3810,1610,500000
3811,1610,500000
3812,1063998,12390
3813,1610,500000
3814,1063998,8520
3815,1610,500000
3816,1063998,58410
3817,1063998,7710
3818,1610,500000
3819,1610,500000
3820,1063998,9200
3821,1063998,8050
3822,1610,500000
3823,1063998,8890
3824,1063998,17010
3825,1610,500000
3826,1610,500000
3827,1063998,7970
3828,1610,500000
3829,1610,500000
3830,1610,500000
3831,1063998,6700
3832,1063998,4900
3833,1610,500000
3834,1610,500000
3835,1063998,4800
3836,1063998,11490
3837,1610,500000
3838,1063998,6180
3839,1610,500000
3840,1063998,16850
3841,1610,500000
3842,1610,500000
3843,1063998,15230
3844,1063998,9480
3845,1610,500000
3846,1610,500000
3847,1610,500000
3848,1063998,8570
3849,1610,500000
3850,1063998,13680
3851,1610,500000
3852,1063998,7640
3853,1610,500000
3854,1063998,8280
3855,1610,500000
3856,1610,500000
3857,1610,500000
3858,1610,500000
3859,1063998,14980
3860,1063998,9500
3861,1063998,16590
3862,1610,500000
3863,1063998,14010
3864,1610,500000
3865,1063998,6770
3866,1610,500000
3867,1610,500000
3868,1610,500000
3869,1063998,8880
3870,1610,500000
3871,1610,500000
3872,1610,500000
3873,1610,500000
3874,1063998,8690
3875,1610,500000
3876,1063998,6560
3877,1063998,3900
3878,1063998,8290
3879,1063998,16260
3880,1063998,19100
3881,1610,500000
3882,1610,500000
3883,1063998,3900
3884,1063998,13920
3885,1063998,9470
3886,1063998,10100
3887,1063998,9340
3888,1063998,31490
3889,1610,500000
3890,1063998,11780
3891,1063998,9950
3892,1610,500000
3893,1063998,5980
3894,1610,500000
3895,1610,500000
3896,1610,500000
3897,1063998,9080
3898,1610,500000
3899,1610,500000
3900,1063998,10170
3901,1610,500000
3902,1063998,67000
3903,1063998,8250
3904,1610,500000
3905,1063998,6480
3906,1610,500000
3907,1610,500000
3908,1063998,5100
3909,1063998,9850
3910,1063998,8460
3911,1610,500000
3912,1610,500000
3913,1610,500000
3914,1063998,17380
3915,1610,500000
3916,1610,500000
3917,1610,500000
3918,1610,500000
3919,1063998,6700
3920,1610,500000
3921,1610,500000
3922,1063998,10400
3923,1610,500000
3924,1610,500000
3925,1610,500000
3926,1063998,5500
3927,1063998,7620
3928,1610,500000
3929,1063998,5000
3930,1063998,16890
3931,1610,500000
3932,1610,500000
3933,1063998,4300
3934,1063998,8230
3935,1610,500000
3936,1063998,10200
3937,1610,500000
3938,1610,500000
3939,1063998,10080
3940,1610,500000
3941,1610,500000
3942,1610,500000
3943,1610,500000
3944,1610,500000
3945,1610,500000
3946,1063998,19740
3947,1610,500000
3948,1063998,11000
3949,1610,500000
3950,1063998,8350
3951,1610,500000
3952,1610,500000
3953,1610,500000
3954,1063998,11170
3955,1063998,10590
3956,1063998,8910
3957,1610,500000
3958,1063998,12800
3959,1063998,14060
3960,1063998,10710
3961,1063998,5000
3962,1610,500000
3963,1063998,8790
3964,1610,500000
3965,1610,500000
3966,1063998,10410
3967,1610,500000
3968,1063998,5530
3969,1063998,11730
3970,1610,500000
3971,1610,500000
3972,1063998,6300
3973,1610,500000
3974,1610,500000
3975,1610,500000
3976,1063998,16950
3977,1063998,3700
3978,1063998,14850
3979,1610,500000
3980,1063998,23770
3981,1610,500000
3982,1610,500000
3983,1610,500000
3984,1063998,17920
3985,1063998,7280
3986,1610,500000
3987,1610,500000
3988,1610,500000
3989,1063998,5370
3990,1610,500000
3991,1610,500000
3992,1063998,8410
3993,1063998,7910
3994,1610,500000
3995,1610,500000
3996,1063998,6220
3997,1063998,9100
3998,1610,500000
3999,1610,500000
4000,1063998,11120
4001,1610,500000
4002,1610,500000
4003,1063998,17440
4004,1610,500000
4005,1610,500000
4006,1610,500000
4007,1610,500000
4008,1063998,6130
4009,1063998,12080
4010,1063998,4100
4011,1610,500000
4012,1063998,8150
4013,1610,500000
4014,1610,500000
4015,1610,500000
4016,1063998,11180
4017,1610,500000
4018,1063998,9240
4019,1063998,15000
4020,1063998,12590
4021,1063998,7860
4022,1610,500000
4023,1063998,8590
4024,1610,500000
4025,1063998,6940
4026,1063998,8080
4027,1610,500000
4028,1610,500000
4029,1610,500000
4030,1063998,10240
4031,1063998,6020
4032,1610,500000
4033,1610,500000
4034,1063998,6730
4035,1063998,9520
4036,1610,500000
4037,1063998,7600
4038,1610,500000
4039,1610,500000
4040,1063998,9440
4041,1610,500000
4042,1063998,6830
4043,1610,500000
4044,1610,500000
4045,1610,500000
4046,1610,500000
4047,1610,500000
4048,1610,500000
4049,1063998,10460
4050,1063998,10070
4051,1610,500000
4052,1610,500000
4053,1610,500000
4054,1610,500000
4055,1610,500000
4056,1063998,9960
4057,1610,500000
4058,1063998,9870
4059,1610,500000
4060,1610,500000
4061,1610,500000
4062,1610,500000
4063,1610,500000
4064,1063998,19310
4065,1063998,10120
4066,1610,500000
4067,1063998,42260
4068,1063998,11200
4069,1063998,10610
4070,1610,500000
4071,1063998,7430
4072,1063998,16590
4073,1610,500000
4074,1063998,10670
4075,1610,500000
4076,1610,500000
4077,1610,500000
4078,1610,500000
4079,1610,500000
4080,1063998,5100
4081,1610,500000
4082,1063998,13050
4083,1063998,7640
4084,1610,500000
4085,1610,500000
4086,1063998,8360
4087,1063998,13680
4088,1063998,11200
4089,1610,500000
4090,1063998,10340
4091,1610,500000
4092,1610,500000
4093,1063998,8650
4094,1063998,14030
4095,1063998,6330
4096,1063998,5260
4097,1063998,7680
4098,1063998,12630
4099,1610,500000
4100,1610,500000
4101,1063998,6290
4102,1610,500000
4103,1610,500000
4104,1063998,7630
4105,1063998,9600
4106,1063998,8730
4107,1610,500000
4108,1063998,12110
4109,1610,500000
4110,1063998,10220
4111,1063998,7270
4112,1063998,7880
4113,1063998,7920
4114,1610,500000
4115,1610,500000
4116,1063998,10310
4117,1063998,12080
4118,1610,500000
4119,1610,500000
4120,1063998,19700
4121,1063998,7620
4122,1610,500000
4123,1610,500000
4124,1610,500000
4125,1063998,6400
4126,1610,500000
4127,1063998,6400
4128,1610,500000
4129,1610,500000
4130,1610,500000
4131,1610,500000
4132,1063998,7880
4133,1063998,14130
4134,1063998,38540
4135,1063998,7090
4136,1610,500000
4137,1610,500000
4138,1610,500000
4139,1063998,6360
4140,1063998,16240
4141,1610,500000
4142,1610,500000
4143,1610,500000
4144,1063998,3400
4145,1063998,8120
4146,1063998,5900
4147,1610,500000
4148,1063998,11250
4149,1063998,118130
4150,1063998,9570
4151,1610,500000
4152,1610,500000
4153,1610,500000
4154,1610,500000
4155,1063998,6930
4156,1063998,11360
4157,1610,500000
4158,1610,500000
4159,1063998,6100
4160,1063998,7990
4161,1063998,13140
4162,1063998,13350
4163,1610,500000
4164,1610,500000
4165,1610,500000
4166,1063998,16000
4167,1063998,8320
4168,1610,500000
4169,1610,500000
4170,1063998,7730
4171,1063998,6980
4172,1610,500000
4173,1610,500000
4174,1610,500000
4175,1063998,8400
4176,1610,500000
4177,1063998,14800
4178,1610,500000
4179,1610,500000
4180,1610,500000
4181,1063998,7150
4182,1610,500000
4183,1063998,7200
4184,1063998,6780
4185,1063998,33240
4186,1063998,15800
4187,1063998,12580
4188,1063998,8090
4189,1063998,8890
4190,1610,500000
4191,1063998,36170
4192,1063998,10920
4193,1063998,5540
4194,1063998,27260
4195,1063998,9120
4196,1063998,14690
4197,1063998,9980
4198,1610,500000
4199,1610,500000
4200,1610,500000
4201,1063998,12200
4202,1063998,6350
4203,1610,500000
4204,1063998,16650
4205,1610,500000
4206,1610,500000
4207,1063998,9300
4208,1610,500000
4209,1610,500000
4210,1610,500000
4211,1063998,11680
4212,1063998,8220
4213,1063998,4200
4214,1063998,7000
4215,1610,500000
4216,1063998,6920
4217,1063998,4760
4218,1063998,7770
4219,1610,500000
4220,1610,500000
4221,1063998,20970
4222,1063998,8580
4223,1063998,7450
4224,1610,500000
4225,1610,500000
4226,1610,500000
4227,1063998,35000
4228,1063998,4600
4229,1610,500000
4230,1610,500000
4231,1063998,21380
4232,1610,500000
4233,1063998,61150
4234,1610,500000
4235,1063998,12870
4236,1610,500000
4237,1610,500000
4238,1063998,3000
4239,1610,500000
4240,1063998,4300
4241,1063998,7550
4242,1063998,8190
4243,1063998,10660
4244,1610,500000
4245,1063998,23710
4246,1610,500000
4247,1063998,5110
4248,1063998,4630
4249,1063998,8240
4250,1610,500000
4251,1610,500000
4252,1610,500000
4253,1063998,5900
4254,1063998,6400
4255,1610,500000
4256,1063998,10780
4257,1610,500000
4258,1610,500000
4259,1610,500000
4260,1063998,6740
4261,1063998,8290
4262,1610,500000
4263,1610,500000
4264,1610,500000
4265,1610,500000
4266,1063998,6660
4267,1610,500000
4268,1063998,7830
4269,1063998,6400
4270,1063998,8480
4271,1063998,8150
4272,1610,500000
4273,1610,500000
4274,1610,500000
4275,1063998,6700
4276,1063998,5990
4277,1610,500000
4278,1610,500000
4279,1063998,11840
4280,1063998,16440
4281,1063998,6360
4282,1063998,7880
4283,1063998,5820
4284,1610,500000
4285,1610,500000
4286,1063998,8380
4287,1610,500000
4288,1063998,7670
4289,1063998,8830
4290,1610,500000
4291,1610,500000
4292,1610,500000
4293,1610,500000
4294,1610,500000
4295,1063998,12250
4296,1610,500000
4297,1063998,14250
4298,1610,500000
4299,1063998,5200
4300,1610,500000
4301,1610,500000
4302,1610,500000
4303,1063998,3800
4304,1610,500000
4305,1063998,7110
4306,1063998,8060
4307,1063998,20110
4308,1063998,7130
4309,1610,500000
4310,1610,500000
4311,1063998,9270
4312,1063998,31600
4313,1610,500000
4314,1063998,6320
4315,1610,500000
4316,1610,500000
4317,1610,500000
4318,1610,500000
4319,1610,500000
4320,1063998,15080
4321,1610,500000
4322,1610,500000
4323,1063998,6430
4324,1063998,8940
4325,1610,500000
4326,1610,500000
4327,1610,500000
4328,1063998,9870
4329,1063998,5750
4330,1063998,9160
4331,1063998,8540
4332,1063998,13400
4333,1063998,8950
4334,1063998,6320
4335,1610,500000
4336,1610,500000
4337,1063998,6270
4338,1610,500000
4339,1610,500000
4340,1610,500000
4341,1610,500000
4342,1610,500000
4343,1063998,9010
4344,1610,500000
4345,1610,500000
4346,1610,500000
4347,1063998,13110
4348,1610,500000
4349,1063998,4500
4350,1063998,8740
4351,1610,500000
4352,1063998,7920
4353,1063998,3200
4354,1610,500000
4355,1063998,8360
4356,1610,500000
4357,1063998,4000
4358,1063998,7000
4359,1063998,8580
4360,1610,500000
4361,1610,500000
4362,1063998,7350
4363,1063998,12260
4364,1063998,16600
4365,1610,500000
4366,1063998,20160
4367,1063998,9200
4368,1063998,7840
4369,1063998,16590
4370,1063998,10100
4371,1610,500000
4372,1610,500000
4373,1610,500000
4374,1610,500000
4375,1610,500000
4376,1063998,9230
4377,1063998,7960
4378,1610,500000
4379,1063998,5400
4380,1063998,8550
4381,1610,500000
4382,1063998,8390
4383,1063998,7810
4384,1610,500000
4385,1610,500000
4386,1610,500000
4387,1610,500000
4388,1063998,15020
4389,1610,500000
4390,1063998,10830
4391,1063998,8860
4392,1610,500000
4393,1610,500000
4394,1610,500000
4395,1063998,7850
4396,1610,500000
4397,1610,500000
4398,1063998,3700
4399,1610,500000
4400,1610,500000
4401,1610,500000
4402,1610,500000
4403,1610,500000
4404,1610,500000
4405,1610,500000
4406,1063998,10800
4407,1610,500000
4408,1063998,12700
4409,1063998,9560
4410,1063998,7730
4411,1063998,81290
4412,1063998,14200
4413,1063998,18650
4414,1063998,8580
4415,1063998,14830
4416,1610,500000
4417,1063998,7280
4418,1610,500000
4419,1063998,12240
4420,1610,500000
4421,1610,500000
4422,1063998,6740
4423,1610,500000
4424,1610,500000
4425,1063998,7250
4426,1063998,6590
4427,1610,500000
4428,1610,500000
4429,1063998,33640
4430,1063998,9490
4431,1610,500000
4432,1610,500000
4433,1063998,30470
4434,1610,500000
4435,1610,500000
4436,1063998,13320
4437,1610,500000
4438,1063998,10300
4439,1063998,8570
4440,1610,500000
4441,1063998,3960
4442,1063998,5700
4443,1063998,9150
4444,1063998,6600
4445,1063998,10660
4446,1610,500000
4447,1063998,7690
4448,1610,500000
4449,1063998,9610
4450,1063998,16030
4451,1610,500000
4452,1063998,9120
4453,1610,500000
4454,1610,500000
4455,1610,500000
4456,1063998,10840
4457,1063998,29600
4458,1063998,7900
4459,1063998,10870
4460,1063998,7410
4461,1610,500000
4462,1610,500000
4463,1063998,9900
4464,1610,500000
4465,1063998,9260
4466,1610,500000
4467,1610,500000
4468,1610,500000
4469,1610,500000
4470,1063998,8760
4471,1063998,45940
4472,1610,500000
4473,1063998,14090
4474,1610,500000
4475,1610,500000
4476,1063998,13010
4477,1063998,7140
4478,1063998,8420
4479,1610,500000
4480,1063998,5100
4481,1610,500000
4482,1610,500000
4483,1063998,4000
4484,1610,500000
4485,1610,500000
4486,1063998,9800
4487,1610,500000
4488,1063998,8180
4489,1063998,5800
4490,1063998,8900
4491,1610,500000
4492,1610,500000
4493,1610,500000
4494,1610,500000
4495,1610,500000
4496,1610,500000
4497,1610,500000
4498,1610,500000
4499,1610,500000
4500,1063998,11480
4501,1063998,9990
4502,1063998,8220
4503,1063998,6640
4504,1610,500000
4505,1063998,17360
4506,1063998,7210
4507,1610,500000
4508,1610,500000
4509,1063998,6270
4510,1063998,6900
4511,1610,500000
4512,1610,500000
4513,1063998,8600
4514,1063998,9680
4515,1063998,8540
4516,1063998,6480
4517,1063998,8370
4518,1063998,7700
4519,1063998,4400
4520,1063998,12080
4521,1610,500000
4522,1610,500000
4523,1063998,5600
4524,1063998,5720
4525,1610,500000
4526,1063998,6410
4527,1610,500000
4528,1063998,9300
4529,1610,500000
4530,1610,500000
4531,1610,500000
4532,1063998,9880
4533,1063998,6650
4534,1063998,7860
4535,1610,500000
4536,1063998,6340
4537,1063998,3500
4538,1063998,4300
4539,1063998,10350
4540,1063998,8600
4541,1063998,9370
4542,1063998,13100
4543,1063998,9190
4544,1063998,18510
4545,1610,500000
4546,1063998,3200
4547,1063998,7800
4548,1610,500000
4549,1610,500000
4550,1610,500000
4551,1063998,9510
4552,1063998,9680
4553,1063998,10510
4554,1610,500000
4555,1610,500000
4556,1610,500000
4557,1610,500000
4558,1063998,12700
4559,1063998,24430
4560,1610,500000
4561,1610,500000
4562,1610,500000
4563,1063998,6910
4564,1063998,14610
4565,1063998,3400
4566,1610,500000
4567,1063998,16100
4568,1610,500000
4569,1610,500000
4570,1063998,10080
4571,1063998,7630
4572,1063998,6500
4573,1610,500000
4574,1610,500000
4575,1610,500000
4576,1063998,15650
4577,1063998,7750
4578,1610,500000
4579,1063998,16680
4580,1610,500000
4581,1610,500000
4582,1610,500000
4583,1063998,17650
4584,1063998,6080
4585,1610,500000
4586,1610,500000
4587,1063998,4700
4588,1610,500000
4589,1610,500000
4590,1063998,9210
4591,1063998,14360
4592,1610,500000
4593,1063998,7560
4594,1063998,7730
4595,1063998,9230
4596,1610,500000
4597,1610,500000
4598,1063998,18680
4599,1610,500000
4600,1063998,8610
4601,1610,500000
4602,1063998,7200
4603,1610,500000
4604,1063998,38230
4605,1610,500000
4606,1610,500000
4607,1610,500000
4608,1610,500000
4609,1063998,9800
4610,1063998,16850
4611,1610,500000
4612,1610,500000
4613,1063998,3610
4614,1063998,5920
4615,1610,500000
4616,1063998,16940
4617,1063998,6500
4618,1610,500000
4619,1610,500000
4620,1063998,12400
4621,1610,500000
4622,1610,500000
4623,1063998,7160
4624,1610,500000
4625,1610,500000
4626,1063998,12390
4627,1063998,7040
4628,1610,500000
4629,1063998,14120
4630,1063998,8620
4631,1610,500000
4632,1610,500000
4633,1610,500000
4634,1063998,26440
4635,1610,500000
4636,1610,500000
4637,1063998,6400
4638,1610,500000
4639,1610,500000
4640,1063998,9520
4641,1610,500000
4642,1610,500000
4643,1063998,9800
4644,1610,500000
4645,1063998,9050
4646,1610,500000
4647,1063998,7340
4648,1063998,6380
4649,1610,500000
4650,1063998,9660
4651,1063998,8970
4652,1063998,13540
4653,1063998,14540
4654,1610,500000
4655,1063998,13000
4656,1063998,9410
4657,1063998,9350
4658,1063998,8920
4659,1610,500000
4660,1610,500000
4661,1063998,8360
4662,1610,500000
4663,1063998,8010
4664,1610,500000
4665,1063998,8460
4666,1063998,10610
4667,1063998,27900
4668,1610,500000
4669,1610,500000
4670,1610,500000
4671,1063998,9400
4672,1610,500000
4673,1063998,4500
4674,1063998,6520
4675,1610,500000
4676,1063998,19860
4677,1063998,8770
4678,1063998,10220
4679,1610,500000
4680,1063998,10330
4681,1610,500000
4682,1610,500000
4683,1063998,12440
4684,1610,500000
4685,1063998,6400
4686,1063998,8600
4687,1063998,9440
4688,1063998,8160
4689,1610,500000
4690,1063998,6450
4691,1610,500000
4692,1610,500000
4693,1610,500000
4694,1063998,9290
4695,1610,500000
4696,1610,500000
4697,1063998,8870
4698,1610,500000
4699,1610,500000
4700,1610,500000
4701,1610,500000
4702,1610,500000
4703,1610,500000
4704,1063998,10560
4705,1063998,7500
4706,1063998,38490
4707,1610,500000
4708,1063998,6070
4709,1063998,8790
4710,1063998,6560
4711,1610,500000
4712,1610,500000
4713,1610,500000
4714,1610,500000
4715,1610,500000
4716,1063998,7510
4717,1610,500000
4718,1610,500000
4719,1063998,6760
4720,1610,500000
4721,1610,500000
4722,1063998,2900
4723,1063998,32290
4724,1063998,7630
4725,1610,500000
4726,1610,500000
4727,1610,500000
4728,1610,500000
4729,1610,500000
4730,1063998,18880
4731,1610,500000
4732,1610,500000
4733,1063998,7000
4734,1610,500000
4735,1063998,8340
4736,1063998,34730
4737,1063998,9140
4738,1610,500000
4739,1610,500000
4740,1063998,6100
4741,1063998,6840
4742,1063998,10780
4743,1063998,17360
4744,1063998,13330
4745,1610,500000
4746,1610,500000
4747,1610,500000
4748,1610,500000
4749,1610,500000
4750,1610,500000
4751,1610,500000
4752,1610,500000
4753,1063998,8600
4754,1610,500000
4755,1610,500000
4756,1610,500000
4757,1610,500000
4758,1063998,6630
4759,1610,500000
4760,1063998,6950
4761,1063998,9080
4762,1610,500000
4763,1610,500000
4764,1063998,12850
4765,1610,500000
4766,1610,500000
4767,1063998,7340
4768,1610,500000
4769,1610,500000
4770,1610,500000
4771,1610,500000
4772,1610,500000
4773,1610,500000
4774,1063998,9640
4775,1063998,8870
4776,1610,500000
4777,1610,500000
4778,1063998,7560
4779,1063998,7390
4780,1063998,7440
4781,1610,500000
4782,1610,500000
4783,1610,500000
4784,1610,500000
4785,1063998,8630
4786,1610,500000
4787,1610,500000
4788,1610,500000
4789,1610,500000
4790,1610,500000
4791,1610,500000
4792,1063998,7420
4793,1063998,6120
4794,1610,500000
4795,1063998,8500
4796,1063998,8600
4797,1063998,6730
4798,1610,500000
4799,1063998,6920
4800,1610,500000
4801,1063998,5030
4802,1610,500000
4803,1063998,5760
4804,1610,500000
4805,1610,500000
4806,1610,500000
4807,1610,500000
4808,1610,500000
4809,1063998,7380
4810,1063998,8580
4811,1610,500000
4812,1610,500000
4813,1610,500000
4814,1063998,8900
4815,1063998,91160
4816,1610,500000
4817,1610,500000
4818,1610,500000
4819,1610,500000
4820,1610,500000
4821,1063998,7720
4822,1063998,11550
4823,1610,500000
4824,1063998,5950
4825,1610,500000
4826,1063998,3900
4827,1063998,12060
4828,1610,500000
4829,1063998,9530
4830,1063998,10510
4831,1610,500000
4832,1063998,8760
4833,1063998,8280
4834,1610,500000
4835,1063998,9370
4836,1063998,9580
4837,1063998,4290
4838,1610,500000
4839,1610,500000
4840,1610,500000
4841,1063998,9590
4842,1063998,7640
4843,1610,500000
4844,1610,500000
4845,1610,500000
4846,1610,500000
4847,1063998,10540
4848,1610,500000
4849,1063998,8920
4850,1610,500000
4851,1063998,9330
4852,1610,500000
4853,1610,500000
4854,1610,500000
4855,1063998,6140
4856,1063998,6030
4857,1610,500000
4858,1063998,7760
4859,1610,500000
4860,1063998,5550
4861,1063998,13750
4862,1063998,11170
4863,1610,500000
4864,1610,500000
4865,1063998,7410
4866,1063998,11720
4867,1610,500000
4868,1063998,7170
4869,1063998,6690
4870,1610,500000
4871,1610,500000
4872,1063998,7860
4873,1063998,7300
4874,1610,500000
4875,1610,500000
4876,1610,500000
4877,1063998,30980
4878,1610,500000
4879,1063998,9740
4880,1063998,15990
4881,1063998,6330
4882,1610,500000
4883,1610,500000
4884,1063998,11270
4885,1063998,10720
4886,1063998,7360
4887,1610,500000
4888,1610,500000
4889,1063998,3400
4890,1610,500000
4891,1610,500000
4892,1063998,8300
4893,1063998,6440
4894,1063998,9850
4895,1063998,9240
4896,1063998,14290
4897,1610,500000
4898,1610,500000
4899,1610,500000
4900,1610,500000
4901,1610,500000
4902,1610,500000
4903,1063998,3200
4904,1063998,9040
4905,1610,500000
4906,1610,500000
4907,1063998,11800
4908,1610,500000
4909,1610,500000
4910,1063998,7570
4911,1063998,7000
4912,1063998,22680
4913,1610,500000
4914,1610,500000
4915,1610,500000
4916,1610,500000
4917,1610,500000
4918,1063998,13400
4919,1063998,35990
4920,1063998,10130
4921,1610,500000
4922,1610,500000
4923,1063998,23760
4924,1063998,5600
4925,1063998,11410
4926,1610,500000
4927,1610,500000
4928,1610,500000
4929,1063998,7670
4930,1063998,10750
4931,1610,500000
4932,1610,500000
4933,1063998,8840
4934,1610,500000
4935,1610,500000
4936,1063998,6170
4937,1610,500000
4938,1610,500000
4939,1063998,6810
4940,1610,500000
4941,1610,500000
4942,1063998,7550
4943,1063998,7610
4944,1610,500000
4945,1063998,23330
4946,1610,500000
4947,1610,500000
4948,1610,500000
4949,1063998,13260
4950,1063998,8120
4951,1610,500000
4952,1610,500000
4953,1063998,9570
4954,1610,500000
4955,1610,500000
4956,1063998,5840
4957,1610,500000
4958,1063998,6990
4959,1063998,6540
4960,1063998,6920
4961,1610,500000
4962,1063998,3500
4963,1610,500000
4964,1063998,13110
4965,1063998,21850
4966,1610,500000
4967,1610,500000
4968,1063998,7460
4969,1063998,9650
4970,1063998,5690
4971,1610,500000
4972,1610,500000
4973,1063998,12110
4974,1063998,3500
4975,1610,500000
4976,1063998,8400
4977,1063998,8170
4978,1610,500000
4979,1063998,9510
4980,1610,500000
4981,1610,500000
4982,1063998,6000
4983,1610,500000
4984,1063998,8050
4985,1610,500000
4986,1063998,5410
4987,1610,500000
4988,1063998,9230
4989,1063998,14810
4990,1063998,15180
4991,1610,500000
4992,1610,500000
4993,1610,500000
4994,1610,500000
4995,1063998,6380
4996,1610,500000
4997,1063998,9090
4998,1610,500000
4999,1610,500000
5000,1610,500000
5001,1063998,6710
5002,1063998,6400
5003,1063998,6800
5004,1610,500000
5005,1610,500000
5006,1610,500000
5007,1063998,8400
5008,1610,500000
5009,1610,500000
5010,1063998,14960
5011,1063998,18440
5012,1610,500000
5013,1610,500000
5014,1610,500000
5015,1063998,8000
5016,1610,500000
5017,1610,500000
5018,1610,500000
5019,1610,500000
5020,1063998,40660
5021,1063998,57720
5022,1063998,11580
5023,1063998,6100
5024,1610,500000
5025,1063998,37450
5026,1063998,16900
5027,1610,500000
5028,1063998,11780
5029,1610,500000
5030,1610,500000
5031,1610,500000
5032,1610,500000
5033,1610,500000
5034,1063998,6700
5035,1610,500000
5036,1610,500000
5037,1063998,7620
5038,1063998,7180
5039,1063998,12640
5040,1610,500000
5041,1063998,6620
5042,1610,500000
5043,1610,500000
5044,1063998,14160
5045,1610,500000
5046,1610,500000
5047,1610,500000
5048,1610,500000
5049,1610,500000
5050,1610,500000
5051,1610,500000
5052,1063998,9280
5053,1610,500000
5054,1610,500000
5055,1610,500000
5056,1610,500000
5057,1610,500000
5058,1063998,19740
5059,1063998,10870
5060,1063998,5150
5061,1610,500000
5062,1063998,8830
5063,1610,500000
5064,1610,500000
5065,1610,500000
5066,1610,500000
5067,1610,500000
5068,1063998,10680
5069,1610,500000
5070,1063998,10370
5071,1063998,8400
5072,1610,500000
5073,1063998,10900
5074,1610,500000
5075,1610,500000
5076,1063998,7810
5077,1610,500000
5078,1063998,11510
5079,1063998,11600
5080,1610,500000
5081,1610,500000
5082,1610,500000
5083,1063998,5570
5084,1610,500000
5085,1610,500000
5086,1610,500000
5087,1063998,5430
5088,1610,500000
5089,1610,500000
5090,1610,500000
5091,1063998,18380
5092,1610,500000
5093,1063998,7640
5094,1610,500000
5095,1063998,14150
5096,1063998,10330
5097,1610,500000
5098,1063998,5300
5099,1063998,6210
5100,1063998,8630
5101,1063998,5900
5102,1063998,8860
5103,1063998,8530
5104,1610,500000
5105,1063998,6140
5106,1610,500000
5107,1063998,7310
5108,1063998,6800
5109,1610,500000
5110,1063998,6640
5111,1063998,9350
5112,1610,500000
5113,1610,500000
5114,1063998,9970
5115,1610,500000
5116,1610,500000
5117,1610,500000
5118,1063998,6860
5119,1610,500000
5120,1063998,8000
5121,1063998,6980
5122,1063998,8470
5123,1610,500000
5124,1063998,6200
5125,1063998,5300
5126,1610,500000
5127,1063998,3700
5128,1063998,6800
5129,1610,500000
5130,1610,500000
5131,1063998,8890
5132,1063998,3000
5133,1610,500000
5134,1610,500000
5135,1610,500000
5136,1610,500000
5137,1610,500000
5138,1063998,10830
5139,1063998,7190
5140,1063998,7860
5141,1610,500000
5142,1063998,12800
5143,1063998,9580
5144,1610,500000
5145,1610,500000
5146,1610,500000
5147,1610,500000
5148,1610,500000
5149,1610,500000
5150,1063998,6740
5151,1610,500000
5152,1610,500000
5153,1063998,8610
5154,1063998,3600
5155,1610,500000
5156,1063998,5300
5157,1063998,14320
5158,1063998,9460
5159,1063998,10310
5160,1610,500000
5161,1063998,8440
5162,1610,500000
5163,1610,500000
5164,1610,500000
5165,1610,500000
5166,1063998,8860
5167,1063998,8850
5168,1063998,17170
5169,1610,500000
5170,1610,500000
5171,1063998,3600
5172,1610,500000
5173,1063998,4100
5174,1610,500000
5175,1610,500000
5176,1610,500000
5177,1610,500000
5178,1063998,18050
5179,1063998,129170
5180,1063998,8630
5181,1610,500000
5182,1610,500000
5183,1610,500000
5184,1063998,13750
5185,1610,500000
5186,1610,500000
5187,1610,500000
5188,1610,500000
5189,1063998,8910
5190,1610,500000
5191,1063998,6200
5192,1610,500000
5193,1610,500000
5194,1610,500000
5195,1610,500000
5196,1610,500000
5197,1063998,4810
5198,1063998,4200
5199,1063998,8340
5200,1063998,8090
5201,1610,500000
5202,1063998,15570
5203,1610,500000
5204,1610,500000
5205,1063998,6000
5206,1063998,8220
5207,1610,500000
5208,1063998,17920
5209,1610,500000
5210,1063998,8070
5211,1610,500000
5212,1063998,5480
5213,1063998,6360
5214,1610,500000
5215,1063998,14070
5216,1063998,17870
5217,1610,500000
5218,1610,500000
5219,1610,500000
5220,1610,500000
5221,1610,500000
5222,1610,500000
5223,1063998,7320
5224,1063998,10540
5225,1063998,9720
5226,1063998,4600
5227,1610,500000
5228,1610,500000
5229,1063998,15740
5230,1063998,7660
5231,1610,500000
5232,1063998,11650
5233,1063998,9470
5234,1063998,16230
5235,1063998,8380
5236,1063998,9810
5237,1063998,7620
5238,1610,500000
5239,1063998,6700
5240,1063998,6100
5241,1610,500000
5242,1063998,4800
5243,1610,500000
5244,1063998,22350
5245,1610,500000
5246,1610,500000
5247,1063998,6920
5248,1063998,4600
5249,1063998,10620
5250,1063998,7640
5251,1610,500000
5252,1610,500000
5253,1610,500000
5254,1610,500000
5255,1610,500000
5256,1063998,305430
5257,1063998,7910
5258,1610,500000
5259,1063998,4840
5260,1610,500000
5261,1063998,6890
5262,1610,500000
5263,1063998,9130
5264,1610,500000
5265,1610,500000
5266,1610,500000
5267,1610,500000
5268,1063998,14440
5269,1610,500000
5270,1610,500000
5271,1063998,10050
5272,1063998,5670
5273,1610,500000
5274,1610,500000
5275,1610,500000
5276,1610,500000
5277,1610,500000
5278,1063998,10020
5279,1063998,11230
5280,1610,500000
5281,1063998,7560
5282,1063998,14590
5283,1063998,4700
5284,1610,500000
5285,1063998,5500
5286,1610,500000
5287,1610,500000
5288,1610,500000
5289,1610,500000
5290,1610,500000
5291,1610,500000
5292,1610,500000
5293,1063998,9830
5294,1610,500000
5295,1063998,8860
5296,1610,500000
5297,1063998,8950
5298,1063998,26130
5299,1063998,8190
5300,1063998,5760
5301,1610,500000
5302,1063998,6340
5303,1610,500000
5304,1063998,5890
5305,1063998,6470
5306,1610,500000
5307,1063998,22240
5308,1063998,12770
5309,1063998,13170
5310,1063998,6280
5311,1063998,7670
5312,1610,500000
5313,1610,500000
5314,1610,500000
5315,1610,500000
5316,1063998,9260
5317,1610,500000
5318,1063998,7750
5319,1063998,2700
5320,1063998,11100
5321,1063998,63350
5322,1610,500000
5323,1063998,8210
5324,1063998,9030
5325,1063998,11620
5326,1610,500000
5327,1063998,8860
5328,1610,500000
5329,1610,500000
5330,1063998,7340
5331,1063998,8140
5332,1063998,10400
5333,1063998,15540
5334,1063998,3600
5335,1610,500000
5336,1610,500000
5337,1063998,16650
5338,1610,500000
5339,1063998,7210
5340,1610,500000
5341,1063998,6050
5342,1063998,18800
5343,1063998,60550
5344,1063998,9500
5345,1063998,9310
5346,1063998,5500
5347,1063998,7400
5348,1610,500000
5349,1610,500000
5350,1610,500000
5351,1610,500000
5352,1610,500000
5353,1063998,7790
5354,1610,500000
5355,1610,500000
5356,1610,500000
5357,1610,500000
5358,1063998,14760
5359,1063998,4000
5360,1063998,6840
5361,1063998,5300
5362,1610,500000
5363,1610,500000
5364,1063998,3100
5365,1610,500000
5366,1610,500000
5367,1063998,21580
5368,1610,500000
5369,1610,500000
5370,1610,500000
5371,1610,500000
5372,1610,500000
5373,1063998,13880
5374,1610,500000
5375,1610,500000
5376,1063998,7090
5377,1063998,4600
5378,1063998,6440
5379,1063998,7080
5380,1063998,78800
5381,1063998,7150
5382,1063998,5540
5383,1610,500000
5384,1610,500000
5385,1063998,7740
5386,1063998,9970
5387,1063998,7650
5388,1610,500000
5389,1063998,5100
5390,1063998,9880
5391,1610,500000
5392,1610,500000
5393,1610,500000
5394,1063998,158410
5395,1063998,14410
5396,1063998,12390
5397,1063998,18060
5398,1610,500000
5399,1063998,6310
5400,1610,500000
5401,1063998,6210
5402,1063998,12100
5403,1063998,4300
5404,1610,500000
5405,1610,500000
5406,1063998,15950
5407,1063998,6420
5408,1610,500000
5409,1610,500000
5410,1610,500000
5411,1610,500000
5412,1063998,6420
5413,1610,500000
5414,1063998,6500
5415,1610,500000
5416,1610,500000
5417,1610,500000
5418,1063998,12110
5419,1063998,8370
5420,1610,500000
5421,1063998,36790
5422,1063998,8540
5423,1063998,7560
5424,1063998,7630
5425,1063998,7920
5426,1063998,33660
5427,1063998,15300
5428,1063998,9370
5429,1063998,6680
5430,1610,500000
5431,1610,500000
5432,1063998,6300
5433,1610,500000
5434,1063998,6730
5435,1610,500000
5436,1063998,10870
5437,1610,500000
5438,1063998,10080
5439,1610,500000
5440,1610,500000
5441,1610,500000
5442,1610,500000
5443,1063998,9900
5444,1610,500000
5445,1063998,10340
5446,1610,500000
5447,1063998,9070
5448,1063998,7470
5449,1063998,8900
5450,1610,500000
5451,1063998,26110
5452,1610,500000
5453,1063998,16520
5454,1063998,5400
5455,1063998,8300
5456,1610,500000
5457,1063998,10740
5458,1063998,8000
5459,1610,500000
5460,1610,500000
5461,1610,500000
5462,1610,500000
5463,1610,500000
5464,1610,500000
5465,1610,500000
5466,1063998,5340
5467,1610,500000
5468,1610,500000
5469,1063998,6860
5470,1610,500000
5471,1063998,5280
5472,1610,500000
5473,1063998,7500
5474,1610,500000
5475,1063998,8980
5476,1063998,10540
5477,1063998,6610
5478,1610,500000
5479,1063998,7480
5480,1063998,5200
5481,1610,500000
5482,1610,500000
5483,1610,500000
5484,1610,500000
5485,1610,500000
5486,1063998,8200
5487,1610,500000
5488,1610,500000
5489,1610,500000
5490,1610,500000
5491,1063998,4440
5492,1610,500000
5493,1610,500000
5494,1063998,8070
5495,1063998,6010
5496,1610,500000
5497,1610,500000
5498,1610,500000
5499,1610,500000
5500,1610,500000
5501,1063998,15330
5502,1063998,10360
5503,1610,500000
5504,1063998,8200
5505,1610,500000
5506,1063998,9980
5507,1063998,13450
5508,1063998,8970
5509,1063998,7440
5510,1063998,14700
5511,1610,500000
5512,1063998,8710
5513,1063998,16010
5514,1610,500000
5515,1063998,12000
5516,1063998,10410
5517,1610,500000
5518,1610,500000
5519,1063998,12610
5520,1063998,13390
5521,1063998,8720
5522,1610,500000
5523,1063998,31680
5524,1063998,6930
5525,1610,500000
5526,1063998,12210
5527,1610,500000
5528,1610,500000
5529,1063998,8830
5530,1610,500000
5531,1610,500000
5532,1063998,10400
5533,1610,500000
5534,1063998,87140
5535,1610,500000
5536,1610,500000
5537,1063998,4640
5538,1063998,8760
5539,1063998,4900
5540,1610,500000
5541,1610,500000
5542,1610,500000
5543,1610,500000
5544,1610,500000
5545,1063998,9860
5546,1610,500000
5547,1063998,10050
5548,1610,500000
5549,1610,500000
5550,1063998,6060
5551,1610,500000
5552,1610,500000
5553,1610,500000
5554,1610,500000
5555,1063998,5600
5556,1610,500000
5557,1063998,13870
5558,1063998,5100
5559,1063998,10490
5560,1063998,7900
5561,1063998,6470
5562,1063998,11670
5563,1063998,34530
5564,1610,500000
5565,1610,500000
5566,1610,500000
5567,1610,500000
5568,1063998,12610
5569,1610,500000
5570,1063998,6110
5571,1063998,7900
5572,1610,500000
5573,1610,500000
5574,1063998,8640
5575,1063998,8660
5576,1610,500000
5577,1063998,16280
5578,1610,500000
5579,1063998,7210
5580,1610,500000
5581,1610,500000
5582,1610,500000
5583,1610,500000
5584,1063998,5590
5585,1063998,10370
5586,1063998,9430
5587,1063998,6730
5588,1610,500000
5589,1063998,12930
5590,1610,500000
5591,1063998,9930
5592,1610,500000
5593,1063998,9980
5594,1063998,9280
5595,1610,500000
5596,1610,500000
5597,1063998,3600
5598,1063998,38520
5599,1610,500000
5600,1610,500000
5601,1063998,13320
5602,1063998,9030
5603,1063998,13160
5604,1063998,6100
5605,1063998,6610
5606,1610,500000
5607,1063998,5670
5608,1063998,5300
5609,1610,500000
5610,1063998,6690
5611,1063998,21250
5612,1610,500000
5613,1063998,4100
5614,1610,500000
5615,1063998,11420
5616,1610,500000
5617,1610,500000
5618,1610,500000
5619,1610,500000
5620,1610,500000
5621,1610,500000
5622,1610,500000
5623,1610,500000
5624,1610,500000
5625,1610,500000
5626,1063998,158050
5627,1063998,8770
5628,1610,500000
5629,1610,500000
5630,1063998,6430
5631,1063998,10900
5632,1610,500000
5633,1063998,8340
5634,1610,500000
5635,1063998,9230
5636,1063998,7010
5637,1610,500000
5638,1063998,5490
5639,1610,500000
5640,1610,500000
5641,1063998,24190
5642,1063998,5800
5643,1063998,7140
5644,1063998,14460
5645,1610,500000
5646,1063998,7200
5647,1610,500000
5648,1063998,8070
5649,1610,500000
5650,1063998,7130
5651,1610,500000
5652,1063998,12460
5653,1063998,7260
5654,1610,500000
5655,1063998,6520
5656,1063998,11460
5657,1063998,13400
5658,1610,500000
5659,1610,500000
5660,1063998,6250
5661,1610,500000
5662,1610,500000
5663,1063998,9320
5664,1610,500000
5665,1063998,5150
5666,1063998,7820
5667,1063998,7740
5668,1063998,4800
5669,1610,500000
5670,1610,500000
5671,1063998,9100
5672,1063998,14360
5673,1063998,14280
5674,1063998,3310
5675,1063998,7100
5676,1610,500000
5677,1063998,8060
5678,1610,500000
5679,1610,500000
5680,1063998,10210
5681,1063998,4800
5682,1063998,9030
5683,1063998,108350
5684,1063998,14260
5685,1610,500000
5686,1610,500000
5687,1063998,10830
5688,1610,500000
5689,1063998,31160
5690,1610,500000
5691,1063998,6170
5692,1610,500000
5693,1063998,8310
5694,1610,500000
5695,1063998,5840
5696,1610,500000
5697,1610,500000
5698,1063998,13490
5699,1610,500000
5700,1610,500000
5701,1610,500000
5702,1063998,13120
5703,1063998,8650
5704,1610,500000
5705,1610,500000
5706,1610,500000
5707,1063998,12380
5708,1610,500000
5709,1610,500000
5710,1610,500000
5711,1063998,7590
5712,1610,500000
5713,1610,500000
5714,1063998,7230
5715,1610,500000
5716,1063998,7310
5717,1610,500000
5718,1063998,7830
5719,1610,500000
5720,1063998,9880
5721,1063998,14260
5722,1063998,3300
5723,1063998,11730
5724,1063998,10050
5725,1063998,14350
5726,1610,500000
5727,1610,500000
5728,1063998,6930
5729,1063998,8430
5730,1610,500000
5731,1063998,6680
5732,1063998,8660
5733,1063998,6830
5734,1063998,7990
5735,1063998,15600
5736,1063998,6730
5737,1063998,7680
5738,1610,500000
5739,1610,500000
5740,1610,500000
5741,1063998,7690
5742,1610,500000
5743,1610,500000
5744,1063998,12600
5745,1610,500000
5746,1063998,8130
5747,1610,500000
5748,1063998,9620
5749,1610,500000
5750,1063998,7110
5751,1610,500000
5752,1063998,13050
5753,1610,500000
5754,1610,500000
5755,1063998,7570
5756,1063998,7720
5757,1063998,10740
5758,1063998,8830
5759,1610,500000
5760,1063998,4300
5761,1610,500000
5762,1610,500000
5763,1063998,9710
5764,1063998,8740
5765,1610,500000
5766,1063998,8640
5767,1610,500000
5768,1063998,5550
5769,1610,500000
5770,1063998,10210
5771,1063998,8600
5772,1610,500000
5773,1610,500000
5774,1610,500000
5775,1610,500000
5776,1063998,7800
5777,1610,500000
5778,1610,500000
5779,1063998,10790
5780,1610,500000
5781,1610,500000
5782,1063998,5600
5783,1610,500000
5784,1610,500000
5785,1610,500000
5786,1063998,8120
5787,1610,500000
5788,1610,500000
5789,1610,500000
5790,1063998,7600
5791,1063998,7300
5792,1610,500000
5793,1063998,10170
5794,1610,500000
5795,1063998,6100
5796,1063998,9880
5797,1063998,7480
5798,1610,500000
5799,1610,500000
5800,1610,500000
5801,1610,500000
5802,1063998,12290
5803,1063998,7270
5804,1610,500000
5805,1063998,11050
5806,1610,500000
5807,1610,500000
5808,1610,500000
5809,1063998,9680
5810,1610,500000
5811,1063998,7720
5812,1063998,5730
5813,1063998,12100
5814,1610,500000
5815,1063998,7270
5816,1610,500000
5817,1610,500000
5818,1610,500000
5819,1610,500000
5820,1610,500000
5821,1610,500000
5822,1610,500000
5823,1063998,8990
5824,1610,500000
5825,1610,500000
5826,1610,500000
5827,1610,500000
5828,1610,500000
5829,1610,500000
5830,1063998,16100
5831,1063998,8170
5832,1063998,8980
5833,1610,500000
5834,1610,500000
5835,1610,500000
5836,1063998,6200
5837,1063998,10190
5838,1063998,24260
5839,1063998,14930
5840,1610,500000
5841,1063998,11500
5842,1063998,9980
5843,1063998,11390
5844,1063998,7520
5845,1063998,30690
5846,1610,500000
5847,1610,500000
5848,1063998,8480
5849,1610,500000
5850,1063998,11760
5851,1610,500000
5852,1610,500000
5853,1063998,7500
5854,1063998,7800
5855,1610,500000
5856,1610,500000
5857,1610,500000
5858,1063998,7160
5859,1063998,5860
5860,1063998,6940
5861,1063998,5380
5862,1610,500000
5863,1610,500000
5864,1610,500000
5865,1063998,8100
5866,1610,500000
5867,1610,500000
5868,1063998,5520
5869,1610,500000
5870,1610,500000
5871,1610,500000
5872,1610,500000
5873,1063998,80970
5874,1610,500000
5875,1610,500000
5876,1610,500000
5877,1610,500000
5878,1610,500000
5879,1610,500000
5880,1610,500000
5881,1063998,10000
5882,1063998,6530
5883,1063998,12900
5884,1063998,7820
5885,1610,500000
5886,1610,500000
5887,1063998,12920
5888,1063998,10400
5889,1610,500000
5890,1063998,8600
5891,1063998,6250
5892,1610,500000
5893,1610,500000
5894,1610,500000
5895,1610,500000
5896,1610,500000
5897,1610,500000
5898,1610,500000
5899,1063998,32760
5900,1610,500000
5901,1063998,6800
5902,1610,500000
5903,1610,500000
5904,1610,500000
5905,1063998,10610
5906,1063998,80300
5907,1063998,7460
5908,1063998,8050
5909,1063998,8170
5910,1610,500000
5911,1610,500000
5912,1610,500000
5913,1063998,5950
5914,1610,500000
5915,1063998,9000
5916,1610,500000
5917,1063998,6460
5918,1610,500000
5919,1063998,30900
5920,1063998,5080
5921,1063998,6780
5922,1063998,9000
5923,1063998,5420
5924,1610,500000
5925,1063998,3400
5926,1063998,34590
5927,1610,500000
5928,1610,500000
5929,1063998,8030
5930,1610,500000
5931,1063998,4200
5932,1610,500000
5933,1063998,5840
5934,1610,500000
5935,1063998,5360
5936,1063998,5900
5937,1063998,6600
5938,1610,500000
5939,1610,500000
5940,1610,500000
5941,1063998,8630
5942,1610,500000
5943,1610,500000
5944,1063998,16540
5945,1610,500000
5946,1610,500000
5947,1063998,37620
5948,1063998,4900
5949,1063998,8100
5950,1610,500000
5951,1063998,19540
5952,1063998,6800
5953,1610,500000
5954,1610,500000
5955,1610,500000
5956,1063998,8980
5957,1063998,11200
5958,1610,500000
5959,1063998,6330
5960,1610,500000
5961,1610,500000
5962,1063998,8300
5963,1063998,11680
5964,1610,500000
5965,1063998,17340
5966,1063998,11430
5967,1063998,10000
5968,1610,500000
5969,1610,500000
5970,1610,500000
5971,1610,500000
5972,1610,500000
5973,1610,500000
5974,1063998,7600
5975,1063998,8150
5976,1063998,14860
5977,1610,500000
5978,1063998,13350
5979,1610,500000
5980,1610,500000
5981,1610,500000
5982,1610,500000
5983,1610,500000
5984,1610,500000
5985,1063998,6250
5986,1063998,7120
5987,1063998,2610
5988,1610,500000
5989,1610,500000
5990,1610,500000
5991,1610,500000
5992,1063998,9030
5993,1610,500000
5994,1610,500000
5995,1063998,5080
5996,1610,500000
5997,1063998,11860
5998,1063998,9100
5999,1063998,7960
6000,1610,500000
6001,1610,500000
6002,1063998,7980
6003,1610,500000
6004,1063998,8240
6005,1610,500000
6006,1063998,5700
6007,1610,500000
6008,1063998,8670
6009,1610,500000
6010,1610,500000
6011,1063998,15350
6012,1610,500000
6013,1063998,10940
6014,1063998,8310
6015,1063998,13050
6016,1063998,31160
6017,1063998,8180
6018,1610,500000
6019,1610,500000
6020,1610,500000
6021,1063998,7120
6022,1610,500000
6023,1610,500000
6024,1610,500000
6025,1610,500000
6026,1610,500000
6027,1063998,13250
6028,1063998,7050
6029,1610,500000
6030,1063998,6700
6031,1610,500000
6032,1610,500000
6033,1610,500000
6034,1610,500000
6035,1610,500000
6036,1063998,13030
6037,1063998,13590
6038,1063998,8620
6039,1063998,6130
6040,1610,500000
6041,1063998,16390
6042,1610,500000
6043,1610,500000
6044,1610,500000
6045,1610,500000
6046,1610,500000
6047,1610,500000
6048,1610,500000
6049,1063998,11680
6050,1610,500000
6051,1063998,13660
6052,1063998,6030
6053,1610,500000
6054,1610,500000
6055,1610,500000
6056,1063998,8490
6057,1610,500000
6058,1610,500000
6059,1063998,43700
6060,1063998,16850
6061,1610,500000
6062,1610,500000
6063,1063998,5140
6064,1610,500000
6065,1610,500000
6066,1610,500000
6067,1610,500000
6068,1063998,7710
6069,1063998,8050
6070,1610,500000
6071,1063998,7080
6072,1610,500000
6073,1063998,9230
6074,1610,500000
6075,1063998,5800
6076,1610,500000
6077,1610,500000
6078,1063998,12030
6079,1063998,9650
6080,1063998,12400
6081,1063998,18270
6082,1063998,7150
6083,1610,500000
6084,1063998,8720
6085,1063998,9040
6086,1610,500000
6087,1063998,9790
6088,1063998,7890
6089,1610,500000
6090,1063998,9080
6091,1063998,6700
6092,1063998,8530
6093,1610,500000
6094,1610,500000
6095,1610,500000
6096,1610,500000
6097,1610,500000
6098,1610,500000
6099,1063998,10460
6100,1063998,9710
6101,1610,500000
6102,1063998,107240
6103,1063998,10700
6104,1063998,9240
6105,1610,500000
6106,1063998,9670
6107,1063998,5000
6108,1063998,7470
6109,1063998,9910
6110,1063998,12950
6111,1063998,9020
6112,1610,500000
6113,1610,500000
6114,1063998,19350
6115,1610,500000
6116,1610,500000
6117,1610,500000
6118,1063998,11970
6119,1063998,11290
6120,1063998,8160
6121,1063998,5410
6122,1063998,5760
6123,1063998,10050
6124,1063998,24480
6125,1610,500000
6126,1610,500000
6127,1063998,14800
6128,1063998,8300
6129,1063998,9850
6130,1610,500000
6131,1063998,81450
6132,1610,500000
6133,1063998,11000
6134,1610,500000
6135,1610,500000
6136,1063998,9370
6137,1063998,5400
6138,1063998,9140
6139,1063998,7010
6140,1063998,10100
6141,1610,500000
6142,1610,500000
6143,1063998,8680
6144,1063998,14540
6145,1610,500000
6146,1063998,8420
6147,1610,500000
6148,1610,500000
6149,1610,500000
6150,1610,500000
6151,1063998,16780
6152,1610,500000
6153,1063998,7650
6154,1610,500000
6155,1610,500000
6156,1063998,9260
6157,1063998,7340
6158,1063998,30700
6159,1610,500000
6160,1063998,14310
6161,1610,500000
6162,1063998,10290
6163,1063998,8070
6164,1063998,4900
6165,1063998,5570
6166,1063998,7630
6167,1610,500000
6168,1063998,12550
6169,1063998,6520
6170,1610,500000
6171,1610,500000
6172,1063998,14010
6173,1063998,9830
6174,1610,500000
6175,1610,500000
6176,1063998,5530
6177,1610,500000
6178,1610,500000
6179,1610,500000
6180,1063998,5600
6181,1610,500000
6182,1610,500000
6183,1610,500000
6184,1063998,9660
6185,1610,500000
6186,1063998,12200
6187,1063998,12820
6188,1063998,6340
6189,1063998,10090
6190,1610,500000
6191,1610,500000
6192,1063998,13530
6193,1610,500000
6194,1610,500000
6195,1063998,5340
6196,1063998,5400
6197,1063998,14530
6198,1610,500000
6199,1063998,5580
6200,1610,500000
6201,1610,500000
6202,1610,500000
6203,1610,500000
6204,1063998,6830
6205,1063998,7540
6206,1610,500000
6207,1610,500000
6208,1063998,4200
6209,1063998,16420
6210,1063998,13440
6211,1063998,14580
6212,1063998,9880
6213,1610,500000
6214,1063998,14590
6215,1063998,6470
6216,1610,500000
6217,1063998,5960
6218,1610,500000
6219,1610,500000
6220,1063998,85360
6221,1610,500000
6222,1063998,11020
6223,1610,500000
6224,1063998,7070
6225,1610,500000
6226,1063998,6810
6227,1063998,8100
6228,1610,500000
6229,1063998,7770
6230,1610,500000
6231,1610,500000
6232,1610,500000
6233,1610,500000
6234,1063998,11680
6235,1610,500000
6236,1063998,8100
6237,1063998,16440
6238,1063998,5100
6239,1063998,6790
6240,1063998,14390
6241,1610,500000
6242,1063998,5220
6243,1610,500000
6244,1610,500000
6245,1063998,4700
6246,1610,500000
6247,1610,500000
6248,1610,500000
6249,1610,500000
6250,1610,500000
6251,1610,500000
6252,1063998,7570
6253,1063998,7000
6254,1610,500000
6255,1063998,6660
6256,1610,500000
6257,1063998,5090
6258,1610,500000
6259,1063998,6380
6260,1063998,6470
6261,1063998,5300
6262,1610,500000
6263,1063998,5740
6264,1063998,8340
6265,1063998,10800
6266,1063998,8720
6267,1063998,6790
6268,1610,500000
6269,1610,500000
6270,1610,500000
6271,1610,500000
6272,1610,500000
6273,1063998,8110
6274,1063998,8650
6275,1063998,8620
6276,1610,500000
6277,1063998,7160
6278,1610,500000
6279,1063998,15010
6280,1063998,34710
6281,1610,500000
6282,1063998,5400
6283,1063998,9710
6284,1610,500000
6285,1610,500000
6286,1610,500000
6287,1063998,7650
6288,1610,500000
6289,1610,500000
6290,1610,500000
6291,1610,500000
6292,1063998,15240
6293,1063998,9930
6294,1063998,8890
6295,1063998,9210
6296,1610,500000
6297,1610,500000
6298,1063998,15000
6299,1610,500000
6300,1610,500000
6301,1610,500000
6302,1063998,14990
6303,1063998,12500
6304,1063998,12510
6305,1610,500000
6306,1610,500000
6307,1610,500000
6308,1610,500000
6309,1063998,7800
6310,1063998,13850
6311,1063998,10600
6312,1610,500000
6313,1610,500000
6314,1063998,7290
6315,1610,500000
6316,1610,500000
6317,1063998,8520
6318,1610,500000
6319,1610,500000
6320,1610,500000
6321,1063998,6610
6322,1063998,8350
6323,1610,500000
6324,1063998,4100
6325,1063998,8580
6326,1610,500000
6327,1063998,6370
6328,1063998,13370
6329,1610,500000
6330,1063998,8100
6331,1063998,5610
6332,1610,500000
6333,1063998,7800
6334,1063998,8340
6335,1610,500000
6336,1063998,5000
6337,1063998,9470
6338,1063998,7660
6339,1063998,6540
6340,1063998,13580
6341,1610,500000
6342,1063998,6370
6343,1610,500000
6344,1063998,9660
6345,1063998,6150
6346,1063998,10310
6347,1063998,8580
6348,1610,500000
6349,1063998,8060
6350,1610,500000
6351,1610,500000
6352,1063998,7720
6353,1063998,8860
6354,1610,500000
6355,1610,500000
6356,1063998,7860
6357,1063998,7520
6358,1610,500000
6359,1063998,5100
6360,1063998,8820
6361,1063998,11900
6362,1063998,9650
6363,1610,500000
6364,1610,500000
6365,1610,500000
6366,1610,500000
6367,1610,500000
6368,1610,500000
6369,1063998,10440
6370,1063998,5980
6371,1063998,9810
6372,1610,500000
6373,1063998,7900
6374,1610,500000
6375,1610,500000
6376,1610,500000
6377,1610,500000
6378,1610,500000
6379,1610,500000
6380,1610,500000
6381,1063998,10960
6382,1610,500000
6383,1063998,7760
6384,1063998,8920
6385,1610,500000
6386,1610,500000
6387,1610,500000
6388,1063998,12130
6389,1610,500000
6390,1610,500000
6391,1610,500000
6392,1063998,11930
6393,1610,500000
6394,1063998,5900
6395,1063998,9790
6396,1610,500000
6397,1610,500000
6398,1610,500000
6399,1610,500000
6400,1063998,7300
6401,1610,500000
6402,1610,500000
6403,1610,500000
6404,1610,500000
6405,1610,500000
6406,1063998,11510
6407,1610,500000
6408,1063998,6130
6409,1063998,8610
6410,1610,500000
6411,1610,500000
6412,1063998,11110
6413,1610,500000
6414,1063998,7230
6415,1063998,10220
6416,1610,500000
6417,1610,500000
6418,1063998,5900
6419,1610,500000
6420,1063998,6210
6421,1063998,12300
6422,1063998,9040
6423,1610,500000
6424,1610,500000
6425,1063998,4400
6426,1063998,8230
6427,1610,500000
6428,1610,500000
6429,1063998,7400
6430,1063998,7380
6431,1063998,6410
6432,1610,500000
6433,1063998,6970
6434,1063998,7050
6435,1063998,11390
6436,1610,500000
6437,1063998,8120
6438,1610,500000
6439,1610,500000
6440,1610,500000
6441,1063998,9570
6442,1063998,32940
6443,1063998,10320
6444,1610,500000
6445,1063998,7760
6446,1610,500000
6447,1610,500000
6448,1063998,4500
6449,1610,500000
6450,1063998,7060
6451,1063998,14320
6452,1610,500000
6453,1610,500000
6454,1610,500000
6455,1610,500000
6456,1063998,4200
6457,1610,500000
6458,1610,500000
6459,1610,500000
6460,1063998,7260
6461,1610,500000
6462,1063998,29890
6463,1063998,5600
6464,1063998,39700
6465,1063998,14820
6466,1063998,11550
6467,1610,500000
6468,1610,500000
6469,1063998,8350
6470,1610,500000
6471,1610,500000
6472,1063998,11100
6473,1063998,14700
6474,1063998,13960
6475,1610,500000
6476,1063998,32740
6477,1610,500000
6478,1610,500000
6479,1063998,5730
6480,1063998,16000
6481,1610,500000
6482,1063998,11500
6483,1063998,12930
6484,1610,500000
6485,1063998,6660
6486,1063998,31910
6487,1610,500000
6488,1610,500000
6489,1063998,8930
6490,1063998,10710
6491,1063998,13120
6492,1063998,6510
6493,1063998,6100
6494,1610,500000
6495,1063998,7670
6496,1063998,5660
6497,1063998,7860
6498,1063998,7470
6499,1063998,112700
6500,1610,500000
6501,1063998,4800
6502,1063998,9370
6503,1610,500000
6504,1063998,7640
6505,1610,500000
6506,1610,500000
6507,1063998,6820
6508,1063998,7380
6509,1610,500000
6510,1063998,5500
6511,1063998,8740
6512,1610,500000
6513,1610,500000
6514,1610,500000
6515,1610,500000
6516,1610,500000
6517,1063998,9840
6518,1610,500000
6519,1610,500000
6520,1063998,8180
6521,1610,500000
6522,1610,500000
6523,1610,500000
6524,1063998,32690
6525,1610,500000
6526,1063998,7400
6527,1063998,11890
6528,1610,500000
6529,1610,500000
6530,1063998,13970
6531,1610,500000
6532,1610,500000
6533,1610,500000
6534,1063998,8850
6535,1063998,9160
6536,1610,500000
6537,1610,500000
6538,1063998,8940
6539,1063998,30950
6540,1610,500000
6541,1063998,9850
6542,1063998,12450
6543,1063998,17960
6544,1610,500000
6545,1063998,9000
6546,1063998,13810
6547,1063998,12710
6548,1610,500000
6549,1063998,5770
6550,1063998,35270
6551,1610,500000
6552,1063997,34370
6553,1610,500000
6554,1063997,4750
6555,1063997,7540
6556,1063997,16500
6557,1063997,13760
6558,1610,500000
6559,1610,500000
6560,1610,500000
6561,1063997,12570
6562,1610,500000
6563,1610,500000
6564,1610,500000
6565,1063997,82930
6566,1063997,5800
6567,1610,500000
6568,1610,500000
6569,1610,500000
6570,1610,500000
6571,1063997,6070
6572,1063997,11560
6573,1063997,8630
6574,1063997,13880
6575,1063997,5330
6576,1610,500000
6577,1610,500000
6578,1610,500000
6579,1063997,7170
6580,1610,500000
6581,1063997,24130
6582,1610,500000
6583,1610,500000
6584,1063997,14720
6585,1063997,7680
6586,1610,500000
6587,1610,500000
6588,1610,500000
6589,1063997,15210
6590,1063997,10650
6591,1063997,6700
6592,1610,500000
6593,1610,500000
6594,1063997,9410
6595,1063997,9020
6596,1063997,6900
6597,1610,500000
6598,1610,500000
6599,1610,500000
6600,1610,500000
6601,1610,500000
6602,1610,500000
6603,1610,500000
6604,1063997,13160
6605,1063997,10070
6606,1610,500000
6607,1610,500000
6608,1610,500000
6609,1610,500000
6610,1063997,9830
6611,1610,500000
6612,1063997,7350
6613,1610,500000
6614,1610,500000
6615,1610,500000
6616,1610,500000
6617,1610,500000
6618,1063997,14380
6619,1610,500000
6620,1063997,10920
6621,1610,500000
6622,1610,500000
6623,1610,500000
6624,1610,500000
6625,1063997,4800
6626,1610,500000
6627,1610,500000
6628,1063997,8350
6629,1610,500000
6630,1610,500000
6631,1063997,6360
6632,1063997,8540
6633,1063997,7400
6634,1063997,8470
6635,1610,500000
6636,1063997,7920
6637,1610,500000
6638,1610,500000
6639,1063997,16380
6640,1610,500000
6641,1610,500000
6642,1063997,10610
6643,1063997,10450
6644,1610,500000
6645,1063997,10600
6646,1063997,6190
6647,1610,500000
6648,1063997,10620
6649,1610,500000
6650,1610,500000
6651,1063997,8280
6652,1610,500000
6653,1063997,8440
6654,1610,500000
6655,1610,500000
6656,1063997,3500
6657,1063997,14990
6658,1610,500000
6659,1063997,8160
6660,1610,500000
6661,1610,500000
6662,1610,500000
6663,1610,500000
6664,1063997,7720
6665,1610,500000
6666,1063997,8750
6667,1610,500000
6668,1063997,11730
6669,1610,500000
6670,1610,500000
6671,1610,500000
6672,1610,500000
6673,1063997,12530
6674,1610,500000
6675,1063997,9130
6676,1063997,8940
6677,1610,500000
6678,1610,500000
6679,1610,500000
6680,1610,500000
6681,1063997,7670
6682,1610,500000
6683,1063997,10290
6684,1610,500000
6685,1610,500000
6686,1063997,9390
6687,1610,500000
6688,1610,500000
6689,1610,500000
6690,1610,500000
6691,1610,500000
6692,1063997,4900
6693,1063997,7200
6694,1063997,10000
6695,1063997,6430
6696,1610,500000
6697,1063997,27800
6698,1063997,8000
6699,1610,500000
6700,1063997,8450
6701,1610,500000
6702,1063997,7200
6703,1063997,8500
6704,1610,500000
6705,1610,500000
6706,1610,500000
6707,1610,500000
6708,1063997,10970
6709,1610,500000
6710,1063997,8350
6711,1610,500000
6712,1063997,8080
6713,1610,500000
6714,1063997,6350
6715,1063997,107130
6716,1063997,7800
6717,1610,500000
6718,1063997,10070
6719,1063997,7050
6720,1063997,8690
6721,1610,500000
6722,1063997,9980
6723,1063997,7210
6724,1610,500000
6725,1610,500000
6726,1063997,5950
6727,1610,500000
6728,1063997,5520
6729,1610,500000
6730,1610,500000
6731,1610,500000
6732,1610,500000
6733,1063997,9770
6734,1610,500000
6735,1610,500000
6736,1063997,8820
6737,1610,500000
6738,1063997,13200
6739,1063997,9410
6740,1610,500000
6741,1063997,9750
6742,1063997,21580
6743,1063997,8460
6744,1063997,8830
6745,1063997,6500
6746,1063997,10220
6747,1063997,5600
6748,1063997,5540
6749,1610,500000
6750,1610,500000
6751,1610,500000
6752,1610,500000
6753,1610,500000
6754,1063997,7050
6755,1610,500000
6756,1063997,5840
6757,1610,500000
6758,1610,500000
6759,1063997,4600
6760,1063997,6710
6761,1610,500000
6762,1610,500000
6763,1063997,7400
6764,1610,500000
6765,1063997,7590
6766,1063997,9820
6767,1610,500000
6768,1610,500000
6769,1610,500000
6770,1610,500000
6771,1063997,7820
6772,1063997,8480
6773,1610,500000
6774,1610,500000
6775,1610,500000
6776,1610,500000
6777,1063997,8550
6778,1063997,7020
6779,1610,500000
6780,1610,500000
6781,1063997,6570
6782,1610,500000
6783,1610,500000
6784,1610,500000
6785,1610,500000
6786,1063997,17330
6787,1063997,6070
6788,1610,500000
6789,1610,500000
6790,1610,500000
6791,1610,500000
6792,1610,500000
6793,1063997,22480
6794,1063997,8560
6795,1063997,24150
6796,1063997,7490
6797,1610,500000
6798,1063997,13050
6799,1063997,6740
6800,1610,500000
6801,1610,500000
6802,1610,500000
6803,1610,500000
6804,1610,500000
6805,1610,500000
6806,1063997,5310
6807,1610,500000
6808,1610,500000
6809,1610,500000
6810,1063997,11490
6811,1610,500000
6812,1063997,7800
6813,1063997,8530
6814,1610,500000
6815,1063997,5490
6816,1610,500000
6817,1063997,22200
6818,1063997,11600
6819,1610,500000
6820,1610,500000
6821,1063997,10240
6822,1610,500000
6823,1063997,6690
6824,1610,500000
6825,1610,500000
6826,1063997,10970
6827,1610,500000
6828,1610,500000
6829,1063997,12040
6830,1063997,3700
6831,1610,500000
6832,1063997,6450
6833,1610,500000
6834,1610,500000
6835,1063997,9860
6836,1610,500000
6837,1610,500000
6838,1063997,7470
6839,1063997,8920
6840,1063997,6670
6841,1610,500000
6842,1610,500000
6843,1063997,10500
6844,1063997,10900
6845,1063997,3100
6846,1610,500000
6847,1063997,4900
6848,1610,500000
6849,1063997,13100
6850,1610,500000
6851,1610,500000
6852,1063997,8440
6853,1063997,7930
6854,1610,500000
6855,1063997,11100
6856,1063997,7860
6857,1063997,7720
6858,1610,500000
6859,1610,500000
6860,1610,500000
6861,1063997,9210
6862,1610,500000
6863,1063997,9910
6864,1610,500000
6865,1610,500000
6866,1063997,6610
6867,1610,500000
6868,1610,500000
6869,1063997,9470
6870,1063997,11340
6871,1063997,5000
6872,1610,500000
6873,1063997,8610
6874,1063997,10360
6875,1610,500000
6876,1063997,12690
6877,1063997,13590
6878,1063997,6250
6879,1063997,15420
6880,1063997,7620
6881,1063997,11210
6882,1063997,6800
6883,1063997,14400
6884,1610,500000
6885,1610,500000
6886,1610,500000
6887,1610,500000
6888,1063997,6970
6889,1610,500000
6890,1610,500000
6891,1063997,7680
6892,1610,500000
6893,1063997,11750
6894,1063997,8050
6895,1610,500000
6896,1063997,6320
6897,1610,500000
6898,1610,500000
6899,1610,500000
6900,1610,500000
6901,1063997,12240
6902,1610,500000
6903,1610,500000
6904,1610,500000
6905,1610,500000
6906,1063997,5610
6907,1610,500000
6908,1063997,32810
6909,1610,500000
6910,1610,500000
6911,1610,500000
6912,1063997,8870
6913,1063997,6190
6914,1063997,18930
6915,1063997,7470
6916,1063997,11050
6917,1610,500000
6918,1610,500000
6919,1063997,5740
6920,1063997,6600
6921,1063997,11300
6922,1063997,7530
6923,1610,500000
6924,1610,500000
6925,1610,500000
6926,1063997,6210
6927,1063997,4700
6928,1610,500000
6929,1610,500000
6930,1063997,9030
6931,1063997,4800
6932,1610,500000
6933,1610,500000
6934,1610,500000
6935,1610,500000
6936,1610,500000
6937,1610,500000
6938,1063997,4500
6939,1610,500000
6940,1063997,6550
6941,1610,500000
6942,1063997,10790
6943,1063997,10890
6944,1063997,6600
6945,1610,500000
6946,1063997,22960
6947,1610,500000
6948,1610,500000
6949,1610,500000
6950,1063997,4700
6951,1063997,32660
6952,1610,500000
6953,1610,500000
6954,1063997,7490
6955,1610,500000
6956,1610,500000
6957,1610,500000
6958,1610,500000
6959,1063997,7500
6960,1063997,83620
6961,1610,500000
6962,1063997,9400
6963,1063997,14990
6964,1610,500000
6965,1610,500000
6966,1610,500000
6967,1063997,9610
6968,1610,500000
6969,1610,500000
6970,1063997,20000
6971,1063997,8800
6972,1063997,5080
6973,1610,500000
6974,1063997,8190
6975,1610,500000
6976,1610,500000
6977,1063997,13130
6978,1063997,5790
6979,1610,500000
6980,1063997,8340
6981,1610,500000
6982,1610,500000
6983,1063997,11600
6984,1610,500000
6985,1610,500000
6986,1610,500000
6987,1063997,39680
6988,1610,500000
6989,1063997,6640
6990,1063997,16390
6991,1610,500000
6992,1610,500000
6993,1063997,13720
6994,1063997,7320
6995,1610,500000
6996,1063997,8240
6997,1610,500000
6998,1063997,7900
6999,1063997,8670
7000,1063997,8210
7001,1063997,12410
7002,1063997,6380
7003,1063997,15900
7004,1610,500000
7005,1063997,7850
7006,1610,500000
7007,1610,500000
7008,1063997,9770
7009,1063997,7910
7010,1610,500000
7011,1063997,5890
7012,1063997,13050
7013,1610,500000
7014,1610,500000
7015,1063997,5830
7016,1610,500000
7017,1610,500000
7018,1610,500000
7019,1063997,8350
7020,1610,500000
7021,1610,500000
7022,1610,500000
7023,1063997,9600
7024,1610,500000
7025,1063997,17560
7026,1063997,6610
7027,1610,500000
7028,1610,500000
7029,1063997,7620
7030,1610,500000
7031,1063997,14050
7032,1610,500000
7033,1610,500000
7034,1063997,6670
7035,1063997,4750
7036,1063997,3900
7037,1063997,7330
7038,1063997,8920
7039,1063997,6500
7040,1063997,5320
7041,1610,500000
7042,1610,500000
7043,1610,500000
7044,1610,500000
7045,1610,500000
7046,1063997,9170
7047,1063997,8140
7048,1063997,30530
7049,1063997,6490
7050,1063997,12590
7051,1063997,6680
7052,1063997,10820
7053,1610,500000
7054,1063997,11600
7055,1063997,6300
7056,1063997,12050
7057,1610,500000
7058,1610,500000
7059,1063997,5570
7060,1063997,7640
7061,1610,500000
7062,1610,500000
7063,1610,500000
7064,1063997,8400
7065,1063997,8480
7066,1063997,7700
7067,1610,500000
7068,1610,500000
7069,1063997,12530
7070,1063997,16300
7071,1063997,30530
7072,1610,500000
7073,1063997,16140
7074,1063997,15320
7075,1610,500000
7076,1610,500000
7077,1610,500000
7078,1610,500000
7079,1063997,8010
7080,1610,500000
7081,1063997,7650
7082,1610,500000
7083,1610,500000
7084,1610,500000
7085,1610,500000
7086,1610,500000
7087,1610,500000
7088,1063997,7760
7089,1063997,5910
7090,1610,500000
7091,1610,500000
7092,1063997,10620
7093,1063997,10480
7094,1610,500000
7095,1610,500000
7096,1063997,7580
7097,1610,500000
7098,1610,500000
7099,1063997,14800
7100,1063997,7920
7101,1610,500000
7102,1063997,6760
7103,1063997,6820
7104,1610,500000
7105,1063997,7280
7106,1610,500000
7107,1063997,9700
7108,1063997,3700
7109,1063997,5810
7110,1610,500000
7111,1610,500000
7112,1610,500000
7113,1610,500000
7114,1610,500000
7115,1610,500000
7116,1063997,4110
7117,1063997,12320
7118,1063997,5360
7119,1610,500000
7120,1610,500000
7121,1610,500000
7122,1610,500000
7123,1610,500000
7124,1610,500000
7125,1063997,5410
7126,1610,500000
7127,1063997,8290
7128,1063997,14100
7129,1063997,6030
7130,1063997,7350
7131,1610,500000
7132,1063997,90540
7133,1063997,4200
7134,1063997,16820
7135,1063997,8750
7136,1610,500000
7137,1063997,13860
7138,1610,500000
7139,1610,500000
7140,1610,500000
7141,1610,500000
7142,1063997,4400
7143,1610,500000
7144,1063997,19190
7145,1063997,9120
7146,1610,500000
7147,1610,500000
7148,1610,500000
7149,1610,500000
7150,1063997,4710
7151,1610,500000
7152,1610,500000
7153,1063997,9190
7154,1610,500000
7155,1063997,4500
7156,1063997,4000
7157,1063997,7760
7158,1610,500000
7159,1610,500000
7160,1063997,12090
7161,1610,500000
7162,1063997,13600
7163,1063997,32090
7164,1610,500000
7165,1610,500000
7166,1610,500000
7167,1610,500000
7168,1063997,5400
7169,1610,500000
7170,1610,500000
7171,1610,500000
7172,1063997,7140
7173,1610,500000
7174,1610,500000
7175,1063997,8060
7176,1063997,11830
7177,1610,500000
7178,1610,500000
7179,1610,500000
7180,1063997,8440
7181,1063997,9470
7182,1610,500000
7183,1610,500000
7184,1063997,12110
7185,1610,500000
7186,1063997,6950
7187,1610,500000
7188,1610,500000
7189,1063997,4500
7190,1063997,18680
7191,1063997,9920
7192,1063997,15440
7193,1610,500000
7194,1063997,8380
7195,1063997,7690
7196,1610,500000
7197,1610,500000
7198,1610,500000
7199,1063997,8250
7200,1063997,11700
7201,1610,500000
7202,1063997,8130
7203,1063997,7270
7204,1610,500000
7205,1610,500000
7206,1610,500000
7207,1610,500000
7208,1063997,5100
7209,1610,500000
7210,1063997,9060
7211,1610,500000
7212,1610,500000
7213,1610,500000
7214,1610,500000
7215,1610,500000
7216,1063997,8460
7217,1610,500000
7218,1063997,5560
7219,1610,500000
7220,1063997,16000
7221,1610,500000
7222,1610,500000
7223,1063997,10380
7224,1063997,6380
7225,1610,500000
7226,1063997,7980
7227,1063997,3600
7228,1610,500000
7229,1610,500000
7230,1610,500000
7231,1610,500000
7232,1063997,32300
7233,1063997,30610
7234,1610,500000
7235,1610,500000
7236,1063997,10790
7237,1610,500000
7238,1610,500000
7239,1610,500000
7240,1063997,11470
7241,1610,500000
7242,1610,500000
7243,1063997,9240
7244,1610,500000
7245,1063997,24730
7246,1063997,13090
7247,1063997,39710
7248,1610,500000
7249,1610,500000
7250,1610,500000
7251,1610,500000
7252,1063997,6400
7253,1063997,8670
7254,1610,500000
7255,1063997,6950
7256,1610,500000
7257,1063997,5700
7258,1610,500000
7259,1610,500000
7260,1610,500000
7261,1610,500000
7262,1063997,5050
7263,1063997,14850
7264,1610,500000
7265,1063997,9040
7266,1610,500000
7267,1063997,11010
7268,1063997,6580
7269,1063997,6340
7270,1610,500000
7271,1610,500000
7272,1610,500000
7273,1063997,7370
7274,1063997,16010
7275,1610,500000
7276,1063997,8810
7277,1063997,4660
7278,1610,500000
7279,1063997,8800
7280,1610,500000
7281,1610,500000
7282,1610,500000
7283,1610,500000
7284,1610,500000
7285,1610,500000
7286,1063997,81450
7287,1063997,10040
7288,1063997,11370
7289,1610,500000
7290,1610,500000
7291,1063997,8900
7292,1610,500000
7293,1610,500000
7294,1610,500000
7295,1063997,8590
7296,1610,500000
7297,1610,500000
7298,1063997,7180
7299,1610,500000
7300,1063997,8200
7301,1610,500000
7302,1610,500000
7303,1063997,6070
7304,1610,500000
7305,1063997,8670
7306,1063997,9340
7307,1610,500000
7308,1063997,4700
7309,1063997,7210
7310,1063997,5400
7311,1063997,6900
7312,1610,500000
7313,1063997,6940
7314,1063997,7140
7315,1610,500000
7316,1063997,6400
7317,1063997,6210
7318,1610,500000
7319,1063997,3500
7320,1063997,8120
7321,1063997,47150
7322,1610,500000
7323,1063997,8000
7324,1063997,7790
7325,1063997,8390
7326,1063997,29900
7327,1610,500000
7328,1610,500000
7329,1063997,9600
7330,1610,500000
7331,1610,500000
7332,1063997,6700
7333,1063997,15090
7334,1063997,6790
7335,1610,500000
7336,1610,500000
7337,1610,500000
7338,1610,500000
7339,1063997,15010
7340,1063997,7870
7341,1610,500000
7342,1063997,10180
7343,1610,500000
7344,1063997,6960
7345,1610,500000
7346,1063997,17080
7347,1063997,20290
7348,1063997,37220
7349,1610,500000
7350,1063997,5340
7351,1063997,16420
7352,1610,500000
7353,1610,500000
7354,1063997,11370
7355,1610,500000
7356,1063997,5600
7357,1063997,7200
7358,1610,500000
7359,1610,500000
7360,1610,500000
7361,1610,500000
7362,1610,500000
7363,1063997,9900
7364,1063997,35330
7365,1610,500000
7366,1610,500000
7367,1063997,6160
7368,1610,500000
7369,1610,500000
7370,1610,500000
7371,1610,500000
7372,1610,500000
7373,1610,500000
7374,1063997,8270
7375,1063997,7460
7376,1063997,9490
7377,1063997,14900
7378,1063997,8180
7379,1063997,11200
7380,1063997,3200
7381,1063997,9130
7382,1063997,5920
7383,1063997,5500
7384,1063997,5350
7385,1063997,7260
7386,1610,500000
7387,1610,500000
7388,1063997,10590
7389,1063997,8540
7390,1063997,6890
7391,1063997,6140
7392,1063997,9110
7393,1063997,12870
7394,1063997,14870
7395,1610,500000
7396,1610,500000
7397,1063997,6700
7398,1063997,7120
7399,1063997,5070
7400,1610,500000
7401,1610,500000
7402,1063997,6930
7403,1610,500000
7404,1063997,11730
7405,1610,500000
7406,1610,500000
7407,1610,500000
7408,1610,500000
7409,1063997,8800
7410,1063997,14230
7411,1063997,7490
7412,1063997,8010
7413,1063997,6620
7414,1063997,8530
7415,1063997,15740
7416,1063997,7350
7417,1610,500000
7418,1063997,12800
7419,1063997,34860
7420,1063997,9960
7421,1610,500000
7422,1610,500000
7423,1610,500000
7424,1063997,21120
7425,1063997,30390
7426,1610,500000
7427,1063997,8470
7428,1610,500000
7429,1063997,9240
7430,1610,500000
7431,1610,500000
7432,1063997,6660
7433,1610,500000
7434,1610,500000
7435,1610,500000
7436,1063997,14330
7437,1610,500000
7438,1610,500000
7439,1063997,11050
7440,1063997,6710
7441,1063997,5720
7442,1610,500000
7443,1063997,16340
7444,1610,500000
7445,1610,500000
7446,1610,500000
7447,1610,500000
7448,1610,500000
7449,1063997,6140
7450,1063997,13430
7451,1610,500000
7452,1610,500000
7453,1063997,5790
7454,1063997,11080
7455,1610,500000
7456,1610,500000
7457,1610,500000
7458,1063997,109980
7459,1610,500000
7460,1610,500000
7461,1063997,8050
7462,1610,500000
7463,1610,500000
7464,1610,500000
7465,1063997,6410
7466,1063997,12460
7467,1610,500000
7468,1610,500000
7469,1610,500000
7470,1063997,5700
7471,1610,500000
7472,1610,500000
7473,1063997,10690
7474,1063997,11590
7475,1610,500000
7476,1610,500000
7477,1063997,12310
7478,1063997,6460
7479,1610,500000
7480,1063997,8640
7481,1063997,16400
7482,1063997,10770
7483,1063997,6940
7484,1063997,3500
7485,1610,500000
7486,1063997,11080
7487,1610,500000
7488,1063997,17150
7489,1063997,7040
7490,1610,500000
7491,1610,500000
7492,1610,500000
7493,1610,500000
7494,1063997,5500
7495,1063997,6250
7496,1610,500000
7497,1610,500000
7498,1063997,6310
7499,1610,500000
7500,1063997,8820
7501,1610,500000
7502,1063997,9820
7503,1063997,7990
7504,1610,500000
7505,1063997,8180
7506,1610,500000
7507,1063997,11200
7508,1063997,10600
7509,1610,500000
7510,1610,500000
7511,1610,500000
7512,1610,500000
7513,1610,500000
7514,1610,500000
7515,1610,500000
7516,1610,500000
7517,1063997,7450
7518,1063997,14940
7519,1063997,8930
7520,1610,500000
7521,1063997,12300
7522,1063997,9210
7523,1610,500000
7524,1063997,6870
7525,1063997,5380
7526,1610,500000
7527,1610,500000
7528,1610,500000
7529,1610,500000
7530,1063997,7650
7531,1610,500000
7532,1610,500000
7533,1063997,9970
7534,1063997,165060
7535,1610,500000
7536,1063997,10890
7537,1610,500000
7538,1610,500000
7539,1610,500000
7540,1610,500000
7541,1610,500000
7542,1610,500000
7543,1063997,6400
7544,1610,500000
7545,1063997,8830
7546,1063997,10270
7547,1063997,11280
7548,1063997,11180
7549,1063997,9540
7550,1610,500000
7551,1063997,13020
7552,1610,500000
7553,1063997,4640
7554,1063997,10000
7555,1063997,11280
7556,1610,500000
7557,1063997,4500
7558,1063997,7190
7559,1063997,8230
7560,1063997,7670
7561,1610,500000
7562,1063997,15140
7563,1063997,7890
7564,1063997,7280
7565,1063997,6380
7566,1063997,15000
7567,1063997,30630
7568,1610,500000
7569,1063997,15170
7570,1063997,7920
7571,1610,500000
7572,1610,500000
7573,1063997,6880
7574,1063997,4500
7575,1063997,12500
7576,1063997,9240
7577,1610,500000
7578,1063997,33550
7579,1063997,10100
7580,1610,500000
7581,1610,500000
7582,1063997,8900
7583,1610,500000
7584,1063997,2900
7585,1610,500000
7586,1610,500000
7587,1609,500000
7588,1609,500000
7589,1063997,8790
7590,1609,500000
7591,1609,500000
7592,1609,500000
7593,1063997,7250
7594,1063997,12040
7595,1063997,7520
7596,1609,500000
7597,1609,500000
7598,1609,500000
7599,1609,500000
7600,1609,500000
7601,1063997,11010
7602,1609,500000
7603,1063997,9300
7604,1063997,9470
7605,1063997,28720
7606,1063997,37100
7607,1063997,8590
7608,1609,500000
7609,1063997,5510
7610,1063997,6850
7611,1063997,8030
7612,1063997,7670
7613,1609,500000
7614,1609,500000
7615,1609,500000
7616,1609,500000
7617,1063997,5500
7618,1063997,24870
7619,1609,500000
7620,1063997,7050
7621,1609,500000
7622,1609,500000
7623,1063997,5720
7624,1063997,4200
7625,1063997,4500
7626,1063997,10360
7627,1609,500000
7628,1609,500000
7629,1609,500000
7630,1609,500000
7631,1609,500000
7632,1063997,20770
7633,1063997,7590
7634,1609,500000
7635,1063997,10430
7636,1609,500000
7637,1063997,6820
7638,1063997,4400
7639,1063997,10150
7640,1609,500000
7641,1063997,10700
7642,1609,500000
7643,1609,500000
7644,1063997,8190
7645,1609,500000
7646,1063997,6430
7647,1609,500000
7648,1063997,8840
7649,1609,500000
7650,1063997,20650
7651,1609,500000
7652,1063997,7780
7653,1609,500000
7654,1063997,7200
7655,1609,500000
7656,1063997,6450
7657,1609,500000
7658,1063997,8510
7659,1609,500000
7660,1063997,8380
7661,1063997,5050
7662,1609,500000
7663,1609,500000
7664,1063997,10890
7665,1609,500000
7666,1609,500000
7667,1063997,25300
7668,1609,500000
7669,1609,500000
7670,1063997,7790
7671,1609,500000
7672,1063997,14880
7673,1609,500000
7674,1609,500000
7675,1609,500000
7676,1063997,18800
7677,1063997,8990
7678,1609,500000
7679,1609,500000
7680,1609,500000
7681,1609,500000
7682,1609,500000
7683,1609,500000
7684,1063997,9960
7685,1609,500000
7686,1063997,6560
7687,1063997,7570
7688,1609,500000
7689,1609,500000
7690,1609,500000
7691,1063997,6110
7692,1609,500000
7693,1063997,6750
7694,1063997,6200
7695,1063997,6570
7696,1063997,12420
7697,1063997,11610
7698,1063997,4000
7699,1063997,15470
7700,1063997,6300
7701,1063997,16240
7702,1609,500000
7703,1063997,4000
7704,1609,500000
7705,1063997,10400
7706,1063997,11500
7707,1609,500000
7708,1609,500000
7709,1063997,8800
7710,1609,500000
7711,1609,500000
7712,1063997,10260
7713,1609,500000
7714,1609,500000
7715,1609,500000
7716,1063997,8800
7717,1609,500000
7718,1609,500000
7719,1609,500000
7720,1609,500000
7721,1609,500000
7722,1609,500000
7723,1609,500000
7724,1609,500000
7725,1063997,8750
7726,1063997,11820
7727,1609,500000
7728,1063997,6800
7729,1609,500000
7730,1063997,6100
7731,1609,500000
7732,1609,500000
7733,1609,500000
7734,1063997,17510
7735,1063997,9020
7736,1609,500000
7737,1063997,8160
7738,1063997,8020
7739,1609,500000
7740,1063997,6100
7741,1609,500000
7742,1609,500000
7743,1609,500000
7744,1609,500000
7745,1063997,6230
7746,1609,500000
7747,1609,500000
7748,1609,500000
7749,1609,500000
7750,1063997,8240
7751,1609,500000
7752,1063997,8100
7753,1609,500000
7754,1063997,13660
7755,1609,500000
7756,1609,500000
7757,1609,500000
7758,1609,500000
7759,1063997,5650
7760,1609,500000
7761,1063997,14190
7762,1609,500000
7763,1609,500000
7764,1063997,14590
7765,1063997,8510
7766,1609,500000
7767,1609,500000
7768,1609,500000
7769,1609,500000
7770,1063997,10700
7771,1063997,10180
7772,1609,500000
7773,1609,500000
7774,1609,500000
7775,1063997,10200
7776,1063997,4500
7777,1609,500000
7778,1609,500000
7779,1609,500000
7780,1063997,14580
7781,1609,500000
7782,1063997,14480
7783,1609,500000
7784,1609,500000
7785,1609,500000
7786,1063997,10900
7787,1063997,13200
7788,1609,500000
7789,1609,500000
7790,1063997,13130
7791,1063997,15650
7792,1609,500000
7793,1063997,5230
7794,1063997,6310
7795,1063997,8720
7796,1063997,13400
7797,1063997,8120
7798,1609,500000
7799,1609,500000
7800,1063997,35190
7801,1609,500000
7802,1063997,9280
7803,1609,500000
7804,1609,500000
7805,1063997,8800
7806,1609,500000
7807,1063997,8940
7808,1063997,4000
7809,1063997,8400
7810,1063997,5780
7811,1609,500000
7812,1609,500000
7813,1063997,12750
7814,1063997,16600
7815,1609,500000
7816,1609,500000
7817,1063997,11270
7818,1063997,17650
7819,1609,500000
7820,1609,500000
7821,1609,500000
7822,1609,500000
7823,1609,500000
7824,1609,500000
7825,1063997,8710
7826,1063997,5100
7827,1063997,7700
7828,1063997,11020
7829,1609,500000
7830,1063997,5560
7831,1609,500000
7832,1063997,6600
7833,1063997,11510
7834,1609,500000
7835,1063997,8260
7836,1609,500000
7837,1063997,8240
7838,1609,500000
7839,1063997,5880
7840,1609,500000
7841,1609,500000
7842,1063997,12010
7843,1609,500000
7844,1609,500000
7845,1609,500000
7846,1609,500000
7847,1609,500000
7848,1063997,6940
7849,1063997,8090
7850,1063997,6360
7851,1063997,8110
7852,1609,500000
7853,1063997,10580
7854,1609,500000
7855,1063997,12670
7856,1609,500000
7857,1063997,9530
7858,1063997,4940
7859,1063997,32560
7860,1609,500000
7861,1609,500000
7862,1063997,8740
7863,1063997,9620
7864,1609,500000
7865,1609,500000
7866,1063997,56730
7867,1063997,9040
7868,1609,500000
7869,1063997,8210
7870,1609,500000
7871,1609,500000
7872,1609,500000
7873,1063997,7830
7874,1609,500000
7875,1063997,5860
7876,1609,500000
7877,1063997,6790
7878,1609,500000
7879,1609,500000
7880,1609,500000
7881,1609,500000
7882,1609,500000
7883,1063997,11740
7884,1063997,8850
7885,1609,500000
7886,1063997,20850
7887,1609,500000
7888,1063997,26750
7889,1063997,7920
7890,1609,500000
7891,1063997,6600
7892,1609,500000
7893,1609,500000
7894,1609,500000
7895,1063997,3400
7896,1609,500000
7897,1063997,13310
7898,1609,500000
7899,1609,500000
7900,1063997,7330
7901,1063997,6400
7902,1609,500000
7903,1609,500000
7904,1063997,6880
7905,1063997,9050
7906,1609,500000
7907,1063997,8450
7908,1063997,6700
7909,1063997,14280
7910,1063997,4900
7911,1609,500000
7912,1609,500000
7913,1063997,7830
7914,1609,500000
7915,1063997,6880
7916,1609,500000
7917,1609,500000
7918,1063997,13740
7919,1063997,7000
7920,1609,500000
7921,1609,500000
7922,1063997,14020
7923,1609,500000
7924,1609,500000
7925,1609,500000
7926,1063997,7020
7927,1609,500000
7928,1609,500000
7929,1609,500000
7930,1609,500000
7931,1063997,60590
7932,1063997,14080
7933,1063997,6310
7934,1063997,11820
7935,1063997,7420
7936,1609,500000
7937,1609,500000
7938,1609,500000
7939,1609,500000
7940,1609,500000
7941,1063997,9800
7942,1063997,6300
7943,1609,500000
7944,1063997,24570
7945,1063997,6990
7946,1609,500000
7947,1609,500000
7948,1609,500000
7949,1063997,14400
7950,1609,500000
7951,1609,500000
7952,1063997,10680
7953,1063997,7200
7954,1609,500000
7955,1609,500000
7956,1609,500000
7957,1063997,6430
7958,1063997,9310
7959,1063997,7790
7960,1063997,10170
7961,1063997,6200
7962,1609,500000
7963,1609,500000
7964,1609,500000
7965,1063997,13180
7966,1063997,4100
7967,1609,500000
7968,1609,500000
7969,1609,500000
7970,1063997,6930
7971,1063997,7730
7972,1609,500000
7973,1063997,6880
7974,1063997,5930
7975,1063997,6680
7976,1609,500000
7977,1063997,5820
7978,1609,500000
7979,1063997,8240
7980,1609,500000
7981,1609,500000
7982,1063997,8250
7983,1609,500000
7984,1609,500000
7985,1609,500000
7986,1609,500000
7987,1609,500000
7988,1063997,9870
7989,1609,500000
7990,1609,500000
7991,1609,500000
7992,1063997,11290
7993,1609,500000
7994,1609,500000
7995,1063997,7690
7996,1609,500000
7997,1063997,9000
7998,1609,500000
7999,1609,500000
8000,1609,500000
8001,1609,500000
8002,1063997,8520
8003,1609,500000
8004,1063997,6580
8005,1063997,6650
8006,1063997,6100
8007,1063997,211790
8008,1063997,11230
8009,1609,500000
8010,1063997,56640
8011,1609,500000
8012,1063997,7990
8013,1609,500000
8014,1063997,4700
8015,1609,500000
8016,1063997,7410
8017,1063997,8100
8018,1063997,155190
8019,1063997,38050
8020,1609,500000
8021,1609,500000
8022,1609,500000
8023,1063997,8400
8024,1609,500000
8025,1609,500000
8026,1609,500000
8027,1609,500000
8028,1609,500000
8029,1609,500000
8030,1609,500000
8031,1609,500000
8032,1063997,11520
8033,1063997,7590
8034,1609,500000
8035,1063997,8710
8036,1609,500000
8037,1063997,12930
8038,1609,500000
8039,1609,500000
8040,1063997,9670
8041,1063997,5920
8042,1609,500000
8043,1063997,7230
8044,1609,500000
8045,1063997,19820
8046,1063997,12700
8047,1609,500000
8048,1063997,9550
8049,1063997,9940
8050,1609,500000
8051,1063997,7260
8052,1609,500000
8053,1609,500000
8054,1063997,6690
8055,1609,500000
8056,1609,500000
8057,1609,500000
8058,1063997,5230
8059,1063997,7510
8060,1609,500000
8061,1609,500000
8062,1609,500000
8063,1609,500000
8064,1609,500000
8065,1609,500000
8066,1609,500000
8067,1609,500000
8068,1063997,10660
8069,1609,500000
8070,1063997,8090
8071,1609,500000
8072,1063997,6210
8073,1609,500000
8074,1609,500000
8075,1609,500000
8076,1063997,19350
8077,1609,500000
8078,1609,500000
8079,1063997,12030
8080,1063997,7340
8081,1609,500000
8082,1063997,8820
8083,1609,500000
8084,1609,500000
8085,1063997,5990
8086,1609,500000
8087,1609,500000
8088,1063997,10650
8089,1609,500000
8090,1609,500000
8091,1063997,7690
8092,1063997,22760
8093,1609,500000
8094,1609,500000
8095,1609,500000
8096,1063997,6440
8097,1063997,6640
8098,1609,500000
8099,1063997,10950
8100,1609,500000
8101,1609,500000
8102,1063997,8680
8103,1609,500000
8104,1609,500000
8105,1063997,7500
8106,1609,500000
8107,1609,500000
8108,1609,500000
8109,1063997,3800
8110,1063997,9910
8111,1609,500000
8112,1609,500000
8113,1063997,3900
8114,1609,500000
8115,1609,500000
8116,1609,500000
8117,1609,500000
8118,1063997,5100
8119,1609,500000
8120,1063997,31420
8121,1609,500000
8122,1063997,10900
8123,1063997,7210
8124,1609,500000
8125,1063997,10920
8126,1609,500000
8127,1609,500000
8128,1063997,35700
8129,1609,500000
8130,1609,500000
8131,1609,500000
8132,1063997,6150
8133,1063997,14790
8134,1063997,8950
8135,1063997,6910
8136,1063997,109170
8137,1609,500000
8138,1609,500000
8139,1063997,9110
8140,1609,500000
8141,1063997,10190
8142,1609,500000
8143,1063997,10310
8144,1609,500000
8145,1609,500000
8146,1609,500000
8147,1063997,3900
8148,1609,500000
8149,1063997,14650
8150,1063997,16410
8151,1063997,7260
8152,1063997,7810
8153,1609,500000
8154,1609,500000
8155,1063997,4600
8156,1063997,8440
8157,1063997,8590
8158,1609,500000
8159,1063997,15520
8160,1063997,7030
8161,1609,500000
8162,1063997,8500
8163,1063997,6840
8164,1063997,4300
8165,1609,500000
8166,1609,500000
8167,1609,500000
8168,1609,500000
8169,1609,500000
8170,1609,500000
8171,1609,500000
8172,1063997,6500
8173,1063997,7500
8174,1609,500000
8175,1609,500000
8176,1609,500000
8177,1063997,17400
8178,1063997,5210
8179,1063997,18910
8180,1063997,13560
8181,1609,500000
8182,1063997,5580
8183,1609,500000
8184,1609,500000
8185,1609,500000
8186,1063997,8500
8187,1609,500000
8188,1609,500000
8189,1063997,6760
8190,1609,500000
8191,1063997,8030
8192,1063997,10170
8193,1063997,8810
8194,1609,500000
8195,1063997,7870
8196,1063997,8320
8197,1609,500000
8198,1063997,13660
8199,1609,500000
8200,1063997,5150
8201,1609,500000
8202,1063997,11590
8203,1063997,13180
8204,1609,500000
8205,1063997,12500
8206,1609,500000
8207,1063997,13290
8208,1063997,7730
8209,1609,500000
8210,1609,500000
8211,1063997,5540
8212,1609,500000
8213,1063997,10080
8214,1063997,7570
8215,1609,500000
8216,1609,500000
8217,1609,500000
8218,1609,500000
8219,1063997,8220
8220,1063997,6130
8221,1609,500000
8222,1063997,10700
8223,1609,500000
8224,1063997,31520
8225,1609,500000
8226,1609,500000
8227,1609,500000
8228,1063997,11960
8229,1063997,8080
8230,1609,500000
8231,1609,500000
8232,1609,500000
8233,1063997,8680
8234,1063997,13950
8235,1609,500000
8236,1063997,8230
8237,1063997,6760
8238,1063997,10020
8239,1609,500000
8240,1609,500000
8241,1063997,13100
8242,1063997,30980
8243,1609,500000
8244,1063997,9090
8245,1063997,12810
8246,1063997,4100
8247,1063997,9410
8248,1609,500000
8249,1063997,7210
8250,1609,500000
8251,1063997,17070
8252,1609,500000
8253,1063997,6380
8254,1609,500000
8255,1063997,5910
8256,1063997,9040
8257,1063997,6950
8258,1063997,8390
8259,1609,500000
8260,1609,500000
8261,1609,500000
8262,1063997,5500
8263,1063997,7890
8264,1609,500000
8265,1063997,11660
8266,1609,500000
8267,1609,500000
8268,1063997,75160
8269,1063997,33860
8270,1063997,6940
8271,1609,500000
8272,1063997,30460
8273,1609,500000
8274,1063997,12520
8275,1063997,8340
8276,1609,500000
8277,1609,500000
8278,1063997,10430
8279,1609,500000
8280,1609,500000
8281,1609,500000
8282,1609,500000
8283,1609,500000
8284,1609,500000
8285,1609,500000
8286,1609,500000
8287,1609,500000
8288,1063997,56730
8289,1609,500000
8290,1609,500000
8291,1609,500000
8292,1609,500000
8293,1609,500000
8294,1063997,4800
8295,1063997,5780
8296,1063997,6960
8297,1063997,9910
8298,1609,500000
8299,1609,500000
8300,1063997,5290
8301,1063997,5700
8302,1063997,9110
8303,1063997,10470
8304,1063997,6400
8305,1063997,5710
8306,1063997,5130
8307,1609,500000
8308,1063997,5890
8309,1063997,10560
8310,1609,500000
8311,1063997,6110
8312,1063997,8100
8313,1609,500000
8314,1063997,5640
8315,1609,500000
8316,1609,500000
8317,1609,500000
8318,1063997,8640
8319,1063997,12420
8320,1063997,22180
8321,1609,500000
8322,1609,500000
8323,1609,500000
8324,1609,500000
8325,1609,500000
8326,1609,500000
8327,1063997,6160
8328,1609,500000
8329,1063997,10670
8330,1609,500000
8331,1063997,8710
8332,1063997,8090
8333,1609,500000
8334,1609,500000
8335,1609,500000
8336,1063997,5920
8337,1609,500000
8338,1063997,14530
8339,1609,500000
8340,1609,500000
8341,1063997,9080
8342,1063997,9180
8343,1063997,7380
8344,1609,500000
8345,1063997,6540
8346,1063997,7170
8347,1063997,8630
8348,1609,500000
8349,1063997,19890
8350,1609,500000
8351,1063997,8920
8352,1609,500000
8353,1609,500000
8354,1609,500000
8355,1063997,8200
8356,1609,500000
8357,1609,500000
8358,1063997,7980
8359,1609,500000
8360,1063997,7990
8361,1609,500000
8362,1609,500000
8363,1063997,6990
8364,1609,500000
8365,1609,500000
8366,1063997,32590
8367,1063997,9230
8368,1063997,3200
8369,1609,500000
8370,1609,500000
8371,1063997,12050
8372,1063997,6790
8373,1063997,8250
8374,1609,500000
8375,1063997,6920
8376,1609,500000
8377,1063997,3700
8378,1609,500000
8379,1609,500000
8380,1609,500000
8381,1609,500000
8382,1609,500000
8383,1609,500000
8384,1063997,7100
8385,1063997,11510
8386,1063997,10800
8387,1063997,23100
8388,1063997,15570
8389,1609,500000
8390,1609,500000
8391,1063997,11700
8392,1609,500000
8393,1609,500000
8394,1609,500000
8395,1063997,9320
8396,1063997,6290
8397,1063997,7810
8398,1609,500000
8399,1609,500000
8400,1063997,6500
8401,1609,500000
8402,1609,500000
8403,1063997,5200
8404,1609,500000
8405,1609,500000
8406,1609,500000
8407,1609,500000
8408,1063997,24140
8409,1609,500000
8410,1609,500000
8411,1063997,5030
8412,1609,500000
8413,1609,500000
8414,1063997,6570
8415,1609,500000
8416,1063997,8030
8417,1063997,10900
8418,1063997,12620
8419,1063997,24990
8420,1063997,6860
8421,1063997,13470
8422,1063997,7680
8423,1609,500000
8424,1609,500000
8425,1609,500000
8426,1609,500000
8427,1063997,10440
8428,1609,500000
8429,1609,500000
8430,1609,500000
8431,1063997,3810
8432,1063997,8700
8433,1063997,5600
8434,1063997,4800
8435,1063997,4900
8436,1609,500000
8437,1609,500000
8438,1609,500000
8439,1609,500000
8440,1063997,4760
8441,1609,500000
8442,1609,500000
8443,1609,500000
8444,1063997,8760
8445,1609,500000
8446,1063997,16360
8447,1063997,14320
8448,1609,500000
8449,1609,500000
8450,1063997,7700
8451,1609,500000
8452,1063997,8110
8453,1063997,7390
8454,1609,500000
8455,1063997,8950
8456,1609,500000
8457,1609,500000
8458,1609,500000
8459,1063997,9610
8460,1609,500000
8461,1609,500000
8462,1063997,5400
8463,1063997,8390
8464,1609,500000
8465,1609,500000
8466,1609,500000
8467,1063997,6690
8468,1063997,12480
8469,1609,500000
8470,1609,500000
8471,1609,500000
8472,1609,500000
8473,1063997,12360
8474,1609,500000
8475,1609,500000
8476,1609,500000
8477,1063997,6060
8478,1063997,5110
8479,1609,500000
8480,1063997,7100
8481,1609,500000
8482,1609,500000
8483,1063997,11980
8484,1609,500000
8485,1609,500000
8486,1609,500000
8487,1063997,4110
8488,1063997,5680
8489,1063997,9900
8490,1609,500000
8491,1063997,10170
8492,1063997,6810
8493,1063997,8040
8494,1609,500000
8495,1609,500000
8496,1609,500000
8497,1609,500000
8498,1063997,8520
8499,1063997,35950
8500,1609,500000
8501,1609,500000
8502,1609,500000
8503,1609,500000
8504,1063997,9280
8505,1063997,8450
8506,1609,500000
8507,1609,500000
8508,1609,500000
8509,1609,500000
8510,1609,500000
8511,1609,500000
8512,1609,500000
8513,1063997,5390
8514,1609,500000
8515,1063997,6100
8516,1609,500000
8517,1063997,5000
8518,1609,500000
8519,1063997,14880
8520,1609,500000
8521,1609,500000
8522,1609,500000
8523,1609,500000
8524,1609,500000
8525,1609,500000
8526,1609,500000
8527,1609,500000
8528,1609,500000
8529,1609,500000
8530,1063997,5290
8531,1063997,6970
8532,1063997,10690
8533,1609,500000
8534,1063997,6560
8535,1063997,8320
8536,1609,500000
8537,1609,500000
8538,1609,500000
8539,1609,500000
8540,1609,500000
8541,1063997,7650
8542,1609,500000
8543,1609,500000
8544,1609,500000
8545,1609,500000
8546,1063997,6420
8547,1609,500000
8548,1609,500000
8549,1609,500000
8550,1609,500000
8551,1609,500000
8552,1609,500000
8553,1609,500000
8554,1063997,8430
8555,1063997,9450
8556,1063997,6920
8557,1609,500000
8558,1063997,11880
8559,1063997,7230
8560,1609,500000
8561,1609,500000
8562,1063997,3300
8563,1063997,5710
8564,1063997,6230
8565,1609,500000
8566,1063997,14970
8567,1063997,5900
8568,1609,500000
8569,1609,500000
8570,1063997,9500
8571,1609,500000
8572,1609,500000
8573,1063997,9500
8574,1063997,8410
8575,1609,500000
8576,1609,500000
8577,1609,500000
8578,1063997,56540
8579,1609,500000
8580,1609,500000
8581,1609,500000
8582,1609,500000
8583,1063997,10310
8584,1609,500000
8585,1063997,8780
8586,1063997,6310
8587,1063997,3800
8588,1063997,7010
8589,1063997,5380
8590,1609,500000
8591,1063997,10300
8592,1063997,20630
8593,1609,500000
8594,1609,500000
8595,1063997,14460
8596,1063997,5740
8597,1063997,14460
8598,1609,500000
8599,1609,500000
8600,1063997,4980
8601,1609,500000
8602,1063997,8730
8603,1063997,8500
8604,1063997,6050
8605,1609,500000
8606,1063997,11880
8607,1609,500000
8608,1063997,9120
8609,1609,500000
8610,1063997,11950
8611,1609,500000
8612,1063997,7110
8613,1063997,9670
8614,1609,500000
8615,1609,500000
8616,1063997,82690
8617,1063997,9590
8618,1609,500000
8619,1063997,7990
8620,1609,500000
8621,1609,500000
8622,1063997,12200
8623,1063997,20130
8624,1609,500000
8625,1063997,6840
8626,1063997,9610
8627,1063997,17520
8628,1063997,9400
8629,1063997,5420
8630,1063997,9540
8631,1063997,11080
8632,1063997,15810
8633,1609,500000
8634,1063997,5010
8635,1063997,12090
8636,1063997,11510
8637,1609,500000
8638,1063997,11810
8639,1609,500000
8640,1609,500000
8641,1609,500000
8642,1609,500000
8643,1609,500000
8644,1063997,6340
8645,1063997,7490
8646,1063997,12020
8647,1609,500000
8648,1609,500000
8649,1609,500000
8650,1609,500000
8651,1063997,9430
8652,1609,500000
8653,1063997,9210
8654,1609,500000
8655,1609,500000
8656,1063997,8810
8657,1063997,7250
8658,1063997,12790
8659,1609,500000
8660,1609,500000
8661,1609,500000
8662,1063997,6710
8663,1609,500000
8664,1063997,5340
8665,1609,500000
8666,1609,500000
8667,1609,500000
8668,1063997,9600
8669,1609,500000
8670,1063997,7170
8671,1609,500000
8672,1063997,9610
8673,1609,500000
8674,1063997,8340
8675,1609,500000
8676,1063997,11300
8677,1609,500000
8678,1063997,30770
8679,1063997,11270
8680,1609,500000
8681,1609,500000
8682,1609,500000
8683,1609,500000
8684,1063997,7050
8685,1609,500000
8686,1609,500000
8687,1609,500000
8688,1609,500000
8689,1609,500000
8690,1609,500000
8691,1609,500000
8692,1609,500000
8693,1609,500000
8694,1609,500000
8695,1063997,8740
8696,1609,500000
8697,1063997,30120
8698,1609,500000
8699,1063997,8300
8700,1609,500000
8701,1063997,13880
8702,1063997,6970
8703,1609,500000
8704,1609,500000
8705,1609,500000
8706,1609,500000
8707,1609,500000
8708,1609,500000
8709,1063997,13330
8710,1609,500000
8711,1063997,10230
8712,1609,500000
8713,1609,500000
8714,1609,500000
8715,1609,500000
8716,1063997,10380
8717,1609,500000
8718,1609,500000
8719,1063997,8320
8720,1609,500000
8721,1609,500000
8722,1063997,8410
8723,1063997,5920
8724,1609,500000
8725,1609,500000
8726,1609,500000
8727,1609,500000
8728,1609,500000
8729,1609,500000
8730,1063997,37710
8731,1609,500000
8732,1063997,8120
8733,1609,500000
8734,1063997,5100
8735,1609,500000
8736,1609,500000
8737,1609,500000
8738,1609,500000
8739,1609,500000
8740,1609,500000
8741,1063997,10950
8742,1609,500000
8743,1063997,6690
8744,1063997,7150
8745,1609,500000
8746,1609,500000
8747,1063997,5200
8748,1063997,8250
8749,1609,500000
8750,1063997,4500
8751,1063997,8830
8752,1609,500000
8753,1063997,9250
8754,1063997,10040
8755,1609,500000
8756,1609,500000
8757,1063997,3200
8758,1609,500000
8759,1609,500000
8760,1063997,6000
8761,1609,500000
8762,1609,500000
8763,1063997,10430
8764,1609,500000
8765,1063997,4300
8766,1063997,5920
8767,1063997,6150
8768,1609,500000
8769,1609,500000
8770,1063997,13650
8771,1609,500000
8772,1609,500000
8773,1609,500000
8774,1609,500000
8775,1063997,10370
8776,1609,500000
8777,1063997,30910
8778,1063997,14200
8779,1609,500000
8780,1063997,13880
8781,1609,500000
8782,1609,500000
8783,1063997,11690
8784,1609,500000
8785,1063997,9390
8786,1063997,11940
8787,1609,500000
8788,1609,500000
8789,1609,500000
8790,1063997,8930
8791,1063997,9090
8792,1063997,7260
8793,1609,500000
8794,1063997,6470
8795,1609,500000
8796,1063997,4800
8797,1609,500000
8798,1063997,10600
8799,1063997,8670
8800,1063997,6530
8801,11274443,210
8802,11274443,290
8803,11274443,200
8804,11274443,200
8805,1063997,21450
8806,11274443,200
8807,11274443,150
8808,11274443,200
8809,1609,500000
8810,11274443,110
8811,19065777,670
8812,19065777,600
8813,1063997,7350
8814,11274443,320
8815,11274443,260
8816,11274443,480
8817,11274443,260
8818,11274443,480
8819,11274443,320
8820,1063997,6010
8821,1609,500000
8822,19065777,840
8823,1609,500000
8824,11274443,200
8825,19065777,670
8826,1063997,8210
8827,1609,500000
8828,11274443,110
8829,11274443,290
8830,1063997,13870
8831,11274443,210
8832,11274443,400
8833,11274443,290
8834,11274443,480
8835,1063997,31880
8836,11274443,320
8837,1063997,9000
8838,1609,500000
8839,1609,500000
8840,1063997,8050
8841,1609,500000
8842,1609,500000
8843,11274443,150
8844,11274443,480
8845,1609,500000
8846,11274443,150
8847,1609,500000
8848,1063997,19510
8849,19065777,840
8850,1609,500000
8851,19065777,670
8852,19065777,1050
8853,1063997,7200
8854,1063997,9800
8855,1063997,7850
8856,11274443,480
8857,11274443,290
8858,11274443,200
8859,11274443,290
8860,11274443,320
8861,1609,500000
8862,11274443,150
8863,11274443,210
8864,11274443,380
8865,19065777,840
8866,19065777,740
8867,11274443,490
8868,1609,500000
8869,11274443,380
8870,19065777,600
8871,1609,500000
8872,11274443,210
8873,11274443,260
8874,11274443,260
8875,11274443,400
8876,19065777,530
8877,1063997,6360
8878,1609,500000
8879,11274443,290
8880,19065777,530
8881,11274443,480
8882,1609,500000
8883,1063997,10150
8884,1609,500000
8885,11274443,110
8886,11274443,200
8887,19065777,750
8888,1609,500000
8889,1609,500000
8890,1609,500000
8891,19065777,540
8892,11274443,290
8893,11274443,480
8894,11274443,290
8895,1609,500000
8896,19065777,610
8897,11274443,110
8898,1609,500000
8899,11274443,410
8900,11274443,320
8901,1609,500000
8902,1063997,4960
8903,11274443,380
8904,11274443,320
8905,1609,500000
8906,11274443,400
8907,1609,500000
8908,11274443,400
8909,1609,500000
8910,19065777,530
8911,11274443,260
8912,19065777,670
8913,19065777,600
8914,11274443,480
8915,11274443,320
8916,1609,500000
8917,19065777,530
8918,11274443,400
8919,11274443,260
8920,11274443,380
8921,1063997,14130
8922,1063997,13070
8923,11274443,400
8924,19065777,600
8925,1609,500000
8926,11274443,150
8927,11274443,400
8928,11274443,400
8929,11274443,270
8930,11274443,330
8931,19065777,1050
8932,1063997,5450
8933,1609,500000
8934,11274443,400
8935,11274443,260
8936,11274443,210
8937,11274443,380
8938,19065777,840
8939,1609,500000
8940,1063997,8450
8941,19065777,530
8942,11274443,200
8943,11274443,400
8944,11274443,290
8945,19065777,840
8946,11274443,200
8947,1609,500000
8948,11274443,150
8949,1063997,10100
8950,11274443,290
8951,1063997,9760
8952,1063997,15830
8953,11274443,400
8954,1609,500000
8955,11274443,380
8956,11274443,480
8957,19065777,690
8958,11274443,480
8959,11274443,290
8960,11274443,260
8961,11274443,380
8962,11274443,290
8963,1063997,5890
8964,11274443,320
8965,11274443,320
8966,1063997,7180
8967,1063997,16640
8968,1609,500000
8969,11274443,400
8970,1609,500000
8971,11274443,320
8972,19065777,500
8973,19065777,530
8974,11274443,210
8975,1063997,10220
8976,11274443,380
8977,19065777,840
8978,19065777,840
8979,19065777,600
8980,11274443,290
8981,19065777,530
8982,1063997,9020
8983,19065777,670
8984,1063997,7280
8985,1063997,15780
8986,19065777,520
8987,11274443,200
8988,11274443,200
8989,1609,500000
8990,11274443,380
8991,1063997,8300
8992,1063997,20710
8993,1063997,12100
8994,19065777,840
8995,1063997,6480
8996,19065777,530
8997,11274443,300
8998,11274443,220
8999,1063997,10700
9000,1063997,5000
9001,1609,500000
9002,1063997,6160
9003,19065777,530
9004,19065777,840
9005,1063997,14570
9006,1063997,7410
9007,1609,500000
9008,1609,500000
9009,19065777,670
9010,11274443,380
9011,19065777,610
9012,1609,500000
9013,1063997,8590
9014,19065777,670
9015,11274443,480
9016,11274443,110
9017,11274443,260
9018,1063997,10650
9019,11274443,290
9020,19065777,670
9021,11274443,260
9022,19065777,610
9023,1063997,5780
9024,11274443,320
9025,1063997,23550
9026,1609,500000
9027,1609,500000
9028,11274443,220
9029,11274443,330
9030,1063997,10800
9031,11274443,290
9032,1063997,9180
9033,11274443,200
9034,1063997,6710
9035,1609,500000
9036,1063997,12470
9037,11274443,260
9038,1063997,7810
9039,19065777,690
9040,11274443,400
9041,11274443,260
9042,1609,500000
9043,19065777,530
9044,1609,500000
9045,1063997,8270
9046,19065777,610
9047,1609,500000
9048,11274443,260
9049,1063997,15210
9050,19065777,840
9051,11274443,290
9052,1609,500000
9053,1609,500000
9054,1609,500000
9055,1609,500000
9056,11274443,110
9057,1609,500000
9058,11274443,150
9059,1609,500000
9060,11274443,320
9061,11274443,260
9062,1063997,9740
9063,1609,500000
9064,11274443,110
9065,19065777,600
9066,11274443,210
9067,1609,500000
9068,11274443,210
9069,1063997,8420
9070,19065777,670
9071,1609,500000
9072,1063997,10570
9073,19065777,610
9074,11274443,200
9075,1609,500000
9076,1609,500000
9077,19065777,840
9078,11274443,450
9079,11274443,400
9080,1609,500000
9081,1609,500000
9082,19065777,600
9083,11274443,480
9084,19065777,600
9085,11274443,260
9086,1063997,6050
9087,19065777,840
9088,1609,500000
9089,11274443,480
9090,1609,500000
9091,11274443,260
9092,11274443,260
9093,11274443,260
9094,11274443,320
9095,11274443,110
9096,19065777,840
9097,11274443,150
9098,1063997,7470
9099,1609,500000
9100,1063997,5650
9101,11274443,480
9102,11274443,150
9103,11274443,400
9104,1063997,58290
9105,11274443,200
9106,1609,500000
9107,11274443,260
9108,1609,500000
9109,11274443,290
9110,1609,500000
9111,11274443,290
9112,1609,500000
9113,1609,500000
9114,11274443,320
9115,1609,500000
9116,11274443,290
9117,11274443,210
9118,11274443,260
9119,11274443,320
9120,19065777,600
9121,19065777,500
9122,11274443,320
9123,1609,500000
9124,11274443,200
9125,19065777,670
9126,1063997,12220
9127,11274443,260
9128,11274443,210
9129,1063997,18260
9130,19065777,670
9131,11274443,380
9132,19065777,600
9133,11274443,320
9134,1609,500000
9135,19065777,670
9136,11274443,210
9137,1063997,15610
9138,1063997,5960
9139,19065777,840
9140,1063997,7790
9141,1063997,11680
9142,1063997,6570
9143,1609,500000
9144,11274443,260
9145,11274443,320
9146,1609,500000
9147,11274443,300
9148,19065777,620
9149,11274443,110
9150,1063997,6320
9151,1609,500000
9152,19065777,600
9153,11274443,200
9154,19065777,530
9155,1609,500000
9156,1609,500000
9157,11274443,220
9158,11274443,110
9159,11274443,320
9160,19065777,600
9161,1609,500000
9162,1063997,38100
9163,11274443,280
9164,1063997,14120
9165,11274443,120
9166,11274443,110
9167,11274443,260
9168,1063997,7050
9169,1609,500000
9170,1063997,9490
9171,11274443,290
9172,1609,500000
9173,11274443,220
9174,1063997,12340
9175,1063997,5940
9176,1063997,6320
9177,19065777,750
9178,19065777,840
9179,1609,500000
9180,1063997,6160
9181,1609,500000
9182,11274443,320
9183,1063997,9780
9184,1063997,13990
9185,11274443,480
9186,19065777,670
9187,19065777,840
9188,11274443,480
9189,11274443,200
9190,19065777,750
9191,1609,500000
9192,11274443,340
9193,11274443,480
9194,11274443,290
9195,19065777,670
9196,11274443,480
9197,19065777,600
9198,11274443,290
9199,11274443,200
9200,19065777,1140
9201,1063997,5200
9202,19065777,840
9203,19065777,530
9204,1609,500000
9205,11274443,400
9206,1609,500000
9207,11274443,200
9208,11274443,210
9209,1063997,7100
9210,1063997,10060
9211,11274443,150
9212,1609,500000
9213,19065777,670
9214,1063997,16550
9215,11274443,400
9216,19065777,530
9217,1609,500000
9218,1609,500000
9219,11274443,290
9220,1609,500000
9221,1609,500000
9222,19065777,840
9223,1609,500000
9224,1063997,8510
9225,11274443,320
9226,11274443,150
9227,11274443,300
9228,1609,500000
9229,1609,500000
9230,11274443,290
9231,19065777,530
9232,1063997,8720
9233,1063997,12240
9234,11274443,400
9235,19065777,840
9236,1063997,7780
9237,11274443,260
9238,1063997,8190
9239,11274443,290
9240,1063997,6780
9241,11274443,420
9242,1063997,24190
9243,1609,500000
9244,11274443,260
9245,11274443,260
9246,11274443,150
9247,1609,500000
9248,1063997,7250
9249,1063997,5970
9250,1609,500000
9251,11274443,160
9252,1063997,6680
9253,1609,500000
9254,11274443,160
9255,1609,500000
9256,11274443,290
9257,11274443,400
9258,11274443,400
9259,1063997,10380
9260,1609,500000
9261,1063997,13330
9262,11274443,260
9263,19065777,630
9264,11274443,110
9265,1609,500000
9266,11274443,110
9267,19065777,840
9268,1609,500000
9269,11274443,290
9270,1609,500000
9271,19065777,600
9272,1063997,6130
9273,11274443,320
9274,1609,500000
9275,1609,500000
9276,11274443,400
9277,1609,500000
9278,11274443,380
9279,1063997,9100
9280,11274443,200
9281,1063997,4760
9282,11274443,400
9283,1063997,11340
9284,1609,500000
9285,19065777,600
9286,19065777,600
9287,1609,500000
9288,11274443,400
9289,11274443,110
9290,1063997,10520
9291,19065777,840
9292,1609,500000
9293,19065777,530
9294,19065777,530
9295,11274443,200
9296,11274443,310
9297,11274443,480
9298,11274443,270
9299,11274443,290
9300,11274443,200
9301,1063997,9300
9302,1609,500000
9303,11274443,400
9304,19065777,840
9305,1063997,6450
9306,1609,500000
9307,11274443,480
9308,11274443,480
9309,11274443,380
9310,1063997,26420
9311,11274443,340
9312,1063997,37250
9313,11274443,380
9314,11274443,480
9315,11274443,150
9316,19065777,840
9317,19065777,530
9318,1063997,11890
9319,19065777,840
9320,11274443,210
9321,11274443,320
9322,11274443,260
9323,1609,500000
9324,11274443,400
9325,11274443,200
9326,1609,500000
9327,1063997,11110
9328,19065777,560
9329,1609,500000
9330,1609,500000
9331,11274443,260
9332,1063997,6630
9333,1609,500000
9334,19065777,540
9335,11274443,480
9336,1609,500000
9337,1063997,9150
9338,11274443,400
9339,11274443,210
9340,11274443,200
9341,19065777,760
9342,19065777,670
9343,1609,500000
9344,1063997,34920
9345,19065777,550
9346,19065777,600
9347,1063997,13360
9348,1609,500000
9349,1609,500000
9350,11274443,320
9351,11274443,260
9352,11274443,260
9353,11274443,320
9354,11274443,380
9355,19065777,530
9356,19065777,600
9357,11274443,320
9358,1063997,14450
9359,1063997,11540
9360,11274443,260
9361,1609,500000
9362,1609,500000
9363,1609,500000
9364,1609,500000
9365,19065777,840
9366,19065777,840
9367,11274443,400
9368,11274443,400
9369,11274443,380
9370,19065777,600
9371,11274443,380
9372,1609,500000
9373,19065777,530
9374,19065777,600
9375,19065777,840
9376,11274443,400
9377,1609,500000
9378,11274443,290
9379,11274443,260
9380,19065777,530
9381,11274443,110
9382,11274443,400
9383,11274443,260
9384,19065777,750
9385,1609,500000
9386,1609,500000
9387,19065777,620
9388,1609,500000
9389,11274443,210
9390,1063997,7260
9391,19065777,750
9392,1063997,28640
9393,11274443,260
9394,1609,500000
9395,19065777,600
9396,1609,500000
9397,1063997,8100
9398,11274443,290
9399,11274443,290
9400,11274443,210
9401,1609,500000
9402,11274443,200
9403,19065777,600
9404,11274443,400
9405,19065777,840
9406,11274443,110
9407,1609,500000
9408,11274443,110
9409,1063997,7950
9410,1063997,7250
9411,1609,500000
9412,11274443,260
9413,19065777,620
9414,11274443,290
9415,1063997,6950
9416,1609,500000
9417,19065777,530
9418,1609,500000
9419,11274443,290
9420,19065777,600
9421,11274443,260
9422,1609,500000
9423,11274443,400
9424,11274443,200
9425,19065777,690
9426,11274443,200
9427,1609,500000
9428,11274443,320
9429,19065777,620
9430,11274443,400
9431,11274443,400
9432,11274443,120
9433,1063997,6420
9434,1609,500000
9435,11274443,320
9436,19065777,530
9437,11274443,120
9438,11274443,380
9439,1609,500000
9440,1063997,31600
9441,11274443,200
9442,1063997,7270
9443,1609,500000
9444,1609,500000
9445,1609,500000
9446,1609,500000
9447,1063997,9430
9448,1609,500000
9449,11274443,290
9450,11274443,290
9451,1609,500000
9452,11274443,480
9453,11274443,290
9454,11274443,110
9455,11274443,200
9456,11274443,150
9457,11274443,150
9458,1609,500000
9459,1063997,5700
9460,11274443,290
9461,1609,500000
9462,11274443,430
9463,19065777,620
9464,1609,500000
9465,11274443,480
9466,11274443,380
9467,11274443,380
9468,1063997,8970
9469,19065777,750
9470,11274443,290
9471,19065777,670
9472,19065777,530
9473,1609,500000
9474,11274443,320
9475,11274443,160
9476,1609,500000
9477,1609,500000
9478,1063997,9850
9479,1609,500000
9480,1063997,13910
9481,1609,500000
9482,19065777,670
9483,19065777,670
9484,11274443,150
9485,1063997,6330
9486,1609,500000
9487,1609,500000
9488,19065777,670
9489,11274443,210
9490,11274443,480
9491,11274443,290
9492,11274443,210
9493,11274443,400
9494,11274443,260
9495,11274443,290
9496,19065777,600
9497,11274443,290
9498,19065777,530
9499,11274443,480
9500,19065777,600
9501,11274443,290
9502,1063997,10060
9503,1609,500000
9504,1609,500000
9505,1609,500000
9506,11274443,480
9507,1063997,6680
9508,1609,500000
9509,1063997,6640
9510,1063997,10310
9511,11274443,110
9512,11274443,200
9513,11274443,200
9514,19065777,1050
9515,11274443,290
9516,1063997,31650
9517,11274443,290
9518,11274443,480
9519,1609,500000
9520,11274443,150
9521,11274443,290
9522,19065777,850
9523,1063997,7340
9524,1063997,9580
9525,11274443,420
9526,11274443,200
9527,1063997,7290
9528,19065777,530
9529,1609,500000
9530,19065777,600
9531,11274443,480
9532,1063997,6980
9533,1609,500000
9534,19065777,530
9535,11274443,380
9536,19065777,530
9537,11274443,320
9538,1063997,7780
9539,19065777,530
9540,1609,500000
9541,19065777,670
9542,11274443,150
9543,11274443,380
9544,1609,500000
9545,1063997,9690
9546,19065777,840
9547,1063997,6600
9548,1063997,9820
9549,19065777,1050
9550,1063997,8830
9551,1609,500000
9552,11274443,310
9553,19065777,840
9554,1609,500000
9555,1609,500000
9556,1609,500000
9557,1063997,5440
9558,1609,500000
9559,1609,500000
9560,11274443,150
9561,1063997,5360
9562,11274443,400
9563,1063997,8040
9564,1063997,38090
9565,1609,500000
9566,1063997,9650
9567,11274443,400
9568,11274443,380
9569,11274443,380
9570,19065777,530
9571,19065777,850
9572,11274443,400
9573,19065777,600
9574,11274443,110
9575,11274443,200
9576,1609,500000
9577,11274443,400
9578,1609,500000
9579,1609,500000
9580,11274443,220
9581,11274443,320
9582,1063997,14340
9583,19065777,670
9584,19065777,600
9585,19065777,840
9586,1609,500000
9587,11274443,290
9588,11274443,150
9589,11274443,150
9590,1609,500000
9591,19065777,1050
9592,1609,500000
9593,1063997,7350
9594,1609,500000
9595,1063997,8210
9596,1063997,35300
9597,1609,500000
9598,1063997,8040
9599,11274443,210
9600,11274443,260
9601,1063997,8090
9602,1063997,12240
9603,19065777,670
9604,11274443,200
9605,1063997,4330
9606,19065777,530
9607,11274443,400
9608,1609,500000
9609,1063997,10620
9610,19065777,670
9611,11274443,260
9612,1609,500000
9613,1609,500000
9614,1063997,38030
9615,19065777,600
9616,1063997,12450
9617,19065777,840
9618,1063997,7260
9619,11274443,320
9620,1063997,9610
9621,19065777,840
9622,19065777,1310
9623,11274443,290
9624,1063997,12270
9625,11274443,400
9626,1063997,14180
9627,11274443,290
9628,11274443,480
9629,1609,500000
9630,1063997,14680
9631,11274443,290
9632,1063997,6150
9633,19065777,840
9634,1063997,9030
9635,11274443,290
9636,19065777,670
9637,11274443,320
9638,11274443,400
9639,19065777,1050
9640,19065777,670
9641,11274443,290
9642,1609,500000
9643,1063997,11120
9644,11274443,280
9645,1063997,19690
9646,11274443,380
9647,1609,500000
9648,11274443,480
9649,11274443,260
9650,1063997,12490
9651,1609,500000
9652,11274443,320
9653,1063997,6190
9654,11274443,320
9655,1609,500000
9656,19065777,690
9657,11274443,290
9658,19065777,670
9659,1609,500000
9660,1063997,6580
9661,19065777,600
9662,11274443,290
9663,11274443,480
9664,19065777,840
9665,19065777,530
9666,1063997,7650
9667,1063997,7100
9668,11274443,290
9669,11274443,200
9670,11274443,380
9671,11274443,400
9672,1609,500000
9673,11274443,320
9674,11274443,380
9675,19065777,670
9676,1609,500000
9677,11274443,290
9678,1063997,9910
9679,11274443,210
9680,1063997,14900
9681,1063997,9380
9682,1063997,8990
9683,19065777,530
9684,1063997,19320
9685,11274443,400
9686,19065777,840
9687,11274443,210
9688,11274443,110
9689,11274443,260
9690,11274443,400
9691,11274443,260
9692,19065777,530
9693,19065777,610
9694,11274443,400
9695,11274443,260
9696,19065777,840
9697,1063997,6280
9698,11274443,190
9699,1609,500000
9700,1063997,13380
9701,11274443,290
9702,19065777,840
9703,1063997,9190
9704,11274443,400
9705,1609,500000
9706,11274443,400
9707,19065777,670
9708,11274443,260
9709,1609,500000
9710,11274443,110
9711,11274443,200
9712,11274443,480
9713,1609,500000
9714,1609,500000
9715,19065777,1300
9716,11274443,330
9717,11274443,380
9718,1063997,10420
9719,1609,500000
9720,11274443,480
9721,1609,500000
9722,1063997,8250
9723,1609,500000
9724,1063997,8140
9725,1609,500000
9726,1609,500000
9727,1609,500000
9728,1609,500000
9729,11274443,200
9730,11274443,380
9731,1609,500000
9732,1609,500000
9733,1609,500000
9734,11274443,290
9735,11274443,210
9736,11274443,290
9737,1609,500000
9738,19065777,530
9739,1063997,13880
9740,11274443,110
9741,1063997,8630
9742,19065777,600
9743,1063997,7120
9744,1609,500000
9745,11274443,260
9746,1609,500000
9747,11274443,380
9748,11274443,110
9749,19065777,610
9750,11274443,260
9751,1063997,7810
9752,1609,500000
9753,11274443,110
9754,11274443,110
9755,19065777,840
9756,1063997,11210
9757,1063997,11270
9758,19065777,840
9759,11274443,110
9760,1063997,17000
9761,19065777,670
9762,11274443,150
9763,11274443,380
9764,1063997,9640
9765,11274443,290
9766,1063997,12990
9767,19065777,550
9768,11274443,290
9769,11274443,110
9770,1063997,22490
9771,11274443,210
9772,11274443,150
9773,1063997,8870
9774,19065777,670
9775,1609,500000
9776,1063997,34440
9777,11274443,290
9778,1609,500000
9779,1063997,8080
9780,11274443,380
9781,11274443,210
9782,1063997,5980
9783,1609,500000
9784,19065777,840
9785,1063997,7810
9786,11274443,400
9787,11274443,320
9788,1609,500000
9789,1609,500000
9790,1609,500000
9791,11274443,260
9792,1063997,11540
9793,19065777,750
9794,19065777,870
9795,11274443,480
9796,11274443,400
9797,1063997,13410
9798,19065777,840
9799,19065777,530
9800,1609,500000
9801,1063997,7080
9802,19065777,840
9803,1609,500000
9804,11274443,110
9805,11274443,290
9806,11274443,320
9807,11274443,400
9808,11274443,480
9809,1063997,31370
9810,1609,500000
9811,1063997,7870
9812,1063997,7290
9813,19065777,530
9814,11274443,260
9815,1063997,8470
9816,19065777,670
9817,19065777,670
9818,1063997,6110
9819,19065777,670
9820,19065777,530
9821,11274443,400
9822,1063997,8150
9823,11274443,260
9824,1063997,7050
9825,11274443,320
9826,1063997,9940
9827,11274443,380
9828,1063997,11780
9829,1609,500000
9830,11274443,380
9831,11274443,210
9832,11274443,320
9833,11274443,210
9834,19065777,840
9835,1609,500000
9836,1063997,11890
9837,11274443,380
9838,11274443,290
9839,11274443,150
9840,1063997,10140
9841,1609,500000
9842,1063997,9020
9843,1063997,6450
9844,1063997,32160
9845,1063997,9220
9846,1609,500000
9847,1063997,10320
9848,11274443,260
9849,19065777,1050
9850,19065777,600
9851,1609,500000
9852,1063997,10120
9853,11274443,380
9854,11274443,480
9855,1063997,12740
9856,1609,500000
9857,11274443,380
9858,11274443,200
9859,19065777,670
9860,19065777,600
9861,1063997,7100
9862,11274443,400
9863,11274443,290
9864,11274443,410
9865,1063997,12450
9866,1609,500000
9867,1609,500000
9868,1063997,7780
9869,19065777,840
9870,19065777,600
9871,11274443,480
9872,19065777,670
9873,11274443,320
9874,11274443,260
9875,1609,500000
9876,1609,500000
9877,1609,500000
9878,1609,500000
9879,11274443,410
9880,1063997,9930
9881,11274443,380
9882,11274443,200
9883,19065777,840
9884,1609,500000
9885,11274443,150
9886,19065777,530
9887,1063997,6660
9888,11274443,120
9889,11274443,310
9890,11274443,200
9891,1063997,7340
9892,19065777,530
9893,1063997,6200
9894,1063997,6780
9895,1063997,11790
9896,11274443,400
9897,11274443,320
9898,1063997,9250
9899,19065777,770
9900,11274443,380
9901,19065777,600
9902,1609,500000
9903,1609,500000
9904,11274443,380
9905,1609,500000
9906,1063997,6570
9907,1063997,14010
9908,1063997,7820
9909,11274443,110
9910,19065777,530
9911,11274443,290
9912,1063997,5690
9913,19065777,600
9914,11274443,290
9915,19065777,530
9916,1609,500000
9917,11274443,400
9918,11274443,290
9919,1609,500000
9920,1063997,7520
9921,1609,500000
9922,11274443,290
9923,1063997,6710
9924,1609,500000
9925,1063997,5430
9926,1063997,7310
9927,19065777,600
9928,11274443,290
9929,1609,500000
9930,11274443,330
9931,11274443,320
9932,1609,500000
9933,1063997,5710
9934,11274443,400
9935,11274443,400
9936,1609,500000
9937,1609,500000
9938,19065777,680
9939,1609,500000
9940,19065777,670
9941,19065777,530
9942,1063997,17890
9943,1609,500000
9944,1063997,10480
9945,1063997,7440
9946,1609,500000
9947,1609,500000
9948,11274443,320
9949,1063997,6230
9950,11274443,320
9951,1063997,13750
9952,1063997,10770
9953,19065777,670
9954,1063997,9500
9955,11274443,220
9956,1609,500000
9957,1609,500000
9958,11274443,320
9959,19065777,600
9960,1609,500000
9961,11274443,290
9962,1609,500000
9963,1063997,10820
9964,1609,500000
9965,11274443,210
9966,1063997,8420
9967,1609,500000
9968,11274443,120
9969,1063997,12060
9970,11274443,150
9971,11274443,290
9972,19065777,530
9973,1063997,18510
9974,1063997,12010
9975,19065777,670
9976,1609,500000
9977,1063997,7520
9978,11274443,200
9979,1063997,10830
9980,19065777,670
9981,11274443,200
9982,1063997,7450
9983,11274443,290
9984,19065777,500
9985,1609,500000
9986,11274443,150
9987,1609,500000
9988,1063997,12680
9989,11274443,150
9990,1609,500000
9991,1609,500000
9992,1609,500000
9993,11274443,480
9994,1063997,13440
9995,11274443,290
9996,11274443,260
9997,11274443,290
9998,1063997,22030
9999,1609,500000
10000,11274443,200
10001,1609,500000
10002,11274443,480
10003,1063997,11390
10004,19065777,600
10005,19065777,600
10006,11274443,410
10007,11274443,110
10008,1063997,6350
10009,1609,500000
10010,11274443,200
10011,11274443,200
10012,11274443,260
10013,11274443,290
10014,11274443,210
10015,1063997,9280
10016,11274443,400
10017,19065777,600
10018,1063997,55080
10019,1609,500000
10020,11274443,200
10021,1609,500000
10022,1063997,8300
10023,1063997,8720
10024,19065777,1050
10025,1063997,9600
10026,11274443,260
10027,1063997,8970
10028,19065777,840
10029,1063997,8580
10030,1609,500000
10031,1063997,12610
10032,1609,500000
10033,1063997,11430
10034,11274443,270
10035,1609,500000
10036,11274443,290
10037,11274443,400
10038,1063997,30940
10039,1609,500000
10040,11274443,390
10041,1063997,7320
10042,1063997,7330
10043,1063997,9880
10044,19065777,840
10045,1609,500000
10046,1609,500000
10047,19065777,600
10048,1063997,13910
10049,19065777,530
10050,19065777,600
10051,11274443,320
10052,11274443,200
10053,1063997,9080
10054,11274443,260
10055,11274443,260
10056,1609,500000
10057,11274443,150
10058,11274443,290
10059,11274443,290
10060,1609,500000
10061,11274443,400
10062,11274443,220
10063,11274443,290
10064,19065777,600
10065,11274443,290
10066,1063997,5660
10067,1609,500000
10068,19065777,530
10069,1609,500000
10070,11274443,110
10071,11274443,290
10072,1063997,17230
10073,11274443,290
10074,1609,500000
10075,1063997,52410
10076,1609,500000
10077,11274443,150
10078,11274443,260
10079,11274443,200
10080,1063997,7930
10081,1609,500000
10082,11274443,400
10083,19065777,670
10084,1609,500000
10085,19065777,530
10086,11274443,400
10087,1063997,13760
10088,11274443,290
10089,1609,500000
10090,1063997,12690
10091,11274443,480
10092,19065777,670
10093,11274443,480
10094,19065777,670
10095,19065777,600
10096,11274443,290
10097,1609,500000
10098,1609,500000
10099,19065777,770
10100,11274443,290
10101,19065777,600
10102,1063997,11980
10103,1063997,6310
10104,11274443,420
10105,19065777,840
10106,1063997,5020
10107,1609,500000
10108,19065777,680
10109,19065777,840
10110,11274443,320
10111,11274443,260
10112,1063997,7510
10113,1609,500000
10114,1609,500000
10115,1063997,7240
10116,1609,500000
10117,1063997,13120
10118,1609,500000
10119,11274443,200
10120,11274443,200
10121,1063997,8250
10122,1609,500000
10123,11274443,400
10124,1609,500000
10125,1063997,9530
10126,1063997,10470
10127,19065777,510
10128,19065777,670
10129,11274443,110
10130,11274443,210
10131,11274443,380
10132,19065777,840
10133,11274443,210
10134,1609,500000
10135,1609,500000
10136,1063997,7010
10137,11274443,290
10138,11274443,380
10139,19065777,670
10140,1609,500000
10141,1063997,11960
10142,11274443,210
10143,11274443,320
10144,19065777,540
10145,1609,500000
10146,11274443,400
10147,1063997,6180
10148,11274443,150
10149,11274443,320
10150,19065777,840
10151,11274443,380
10152,11274443,410
10153,19065777,550
10154,1609,500000
10155,11274443,480
10156,11274443,480
10157,1609,500000
10158,1063997,14210
10159,11274443,380
10160,11274443,400
10161,11274443,260
10162,1609,500000
10163,1063997,8540
10164,19065777,530
10165,11274443,320
10166,1609,500000
10167,19065777,530
10168,11274443,390
10169,11274443,380
10170,11274443,330
10171,1609,500000
10172,1609,500000
10173,11274443,160
10174,11274443,410
10175,1063997,5630
10176,1609,500000
10177,1609,500000
10178,1063997,7840
10179,1609,500000
10180,11274443,290
10181,11274443,290
10182,11274443,150
10183,11274443,390
10184,19065777,750
10185,11274443,380
10186,11274443,380
10187,11274443,210
10188,11274443,290
10189,1063997,8490
10190,11274443,200
10191,1609,500000
10192,19065777,750
10193,11274443,410
10194,1609,500000
10195,11274443,400
10196,19065777,670
10197,1063997,6740
10198,1609,500000
10199,11274443,210
10200,11274443,290
10201,19065777,530
10202,11274443,110
10203,1609,500000
10204,1063997,9670
10205,1609,500000
10206,19065777,670
10207,11274443,260
10208,1063997,17630
10209,11274443,400
10210,1609,500000
10211,1063997,7910
10212,1609,500000
10213,11274443,260
10214,19065777,530
10215,11274443,290
10216,1063997,4900
10217,19065777,840
10218,19065777,850
10219,1609,500000
10220,19065777,840
10221,19065777,670
10222,19065777,500
10223,1063997,7780
10224,1063997,5400
10225,11274443,260
10226,1063997,17330
10227,11274443,110
10228,1609,500000
10229,1609,500000
10230,1063997,10230
10231,11274443,380
10232,1063997,17120
10233,11274443,380
10234,1609,500000
10235,1609,500000
10236,1609,500000
10237,19065777,600
10238,1609,500000
10239,19065777,600
10240,1609,500000
10241,11274443,400
10242,11274443,260
10243,11274443,290
10244,11274443,150
10245,1063997,7650
10246,19065777,530
10247,11274443,480
10248,1063997,8430
10249,11274443,290
10250,19065777,670
10251,19065777,670
10252,11274443,400
10253,1063997,9130
10254,11274443,200
10255,1609,500000
10256,1609,500000
10257,19065777,530
10258,1609,500000
10259,11274443,380
10260,1609,500000
10261,19065777,670
10262,1609,500000
10263,11274443,320
10264,1609,500000
10265,1609,500000
10266,1063997,6260
10267,1609,500000
10268,1609,500000
10269,19065777,840
10270,11274443,320
10271,19065777,600
10272,1063997,6350
10273,19065777,840
10274,1063997,15660
10275,1063997,81600
10276,11274443,260
10277,1063997,10170
10278,19065777,750
10279,1609,500000
10280,11274443,200
10281,19065777,530
10282,1063997,7000
10283,1063997,9370
10284,1063997,9600
10285,11274443,200
10286,1609,500000
10287,1063997,7050
10288,1609,500000
10289,1063997,9680
10290,1609,500000
10291,1063997,7570
10292,19065777,670
10293,19065777,600
10294,1609,500000
10295,11274443,400
10296,11274443,260
10297,1063997,11830
10298,11274443,260
10299,11274443,400
10300,11274443,200
10301,1609,500000
10302,19065777,600
10303,1609,500000
10304,1063997,11050
10305,11274443,200
10306,11274443,260
10307,11274443,260
10308,11274443,200
10309,11274443,490
10310,1063997,5930
10311,11274443,110
10312,11274443,380
10313,11274443,480
10314,1063997,5890
10315,1063997,8610
10316,11274443,290
10317,1609,500000
10318,11274443,400
10319,19065777,530
10320,11274443,380
10321,1609,500000
10322,11274443,420
10323,11274443,290
10324,1063997,10230
10325,1063997,20350
10326,1609,500000
10327,11274443,380
10328,1609,500000
10329,19065777,510
10330,11274443,110
10331,11274443,290
10332,1063997,8880
10333,1063997,11110
10334,1063997,5950
10335,11274443,200
10336,19065777,1140
10337,11274443,200
10338,1063997,7770
10339,11274443,290
10340,1063997,5210
10341,19065777,530
10342,1609,500000
10343,11274443,290
10344,1609,500000
10345,11274443,200
10346,1609,500000
10347,11274443,200
10348,11274443,400
10349,19065777,600
10350,19065777,600
10351,11274443,150
10352,1609,500000
10353,1609,500000
10354,11274443,320
10355,11274443,210
10356,19065777,670
10357,1063997,16180
10358,11274443,130
10359,19065777,530
10360,19065777,750
10361,11274443,310
10362,11274443,320
10363,19065777,840
10364,11274443,480
10365,11274443,260
10366,1063997,8840
10367,1063997,27570
10368,11274443,200
10369,11274443,320
10370,11274443,290
10371,1609,500000
10372,11274443,110
10373,1063997,12180
10374,11274443,220
10375,19065777,750
10376,1609,500000
10377,1063997,6920
10378,11274443,400
10379,1609,500000
10380,1609,500000
10381,1609,500000
10382,19065777,930
10383,11274443,380
10384,19065777,530
10385,11274443,400
10386,1063997,59040
10387,1063997,81530
10388,11274443,380
10389,19065777,750
10390,1063997,13520
10391,11274443,290
10392,1609,500000
10393,1609,500000
10394,1063997,6940
10395,1609,500000
10396,1063997,6210
10397,11274443,210
10398,19065777,600
10399,11274443,200
10400,11274443,290
10401,11274443,260
10402,1063997,6030
10403,19065777,840
10404,1609,500000
10405,11274443,400
10406,11274443,320
10407,11274443,480
10408,11274443,320
10409,1609,500000
10410,19065777,740
10411,19065777,530
10412,1609,500000
10413,11274443,210
10414,11274443,400
10415,11274443,400
10416,19065777,530
10417,1609,500000
10418,11274443,200
10419,1609,500000
10420,1063997,12040
10421,11274443,230
10422,19065777,530
10423,1063997,6010
10424,11274443,210
10425,19065777,840
10426,1063997,7900
10427,11274443,260
10428,1609,500000
10429,1609,500000
10430,11274443,260
10431,19065777,670
10432,11274443,320
10433,1609,500000
10434,1063997,39020
10435,11274443,400
10436,11274443,150
10437,11274443,380
10438,19065777,670
10439,11274443,400
10440,11274443,290
10441,1609,500000
10442,1609,500000
10443,11274443,200
10444,11274443,290
10445,11274443,400
10446,19065777,540
10447,11274443,260
10448,11274443,200
10449,11274443,150
10450,1609,500000
10451,1063997,8730
10452,1063997,9970
10453,19065777,620
10454,1609,500000
10455,1063997,81720
10456,11274443,210
10457,1609,500000
10458,1063997,9410
10459,11274443,200
10460,1609,500000
10461,11274443,260
10462,1063997,6780
10463,1063997,9680
10464,11274443,290
10465,11274443,200
10466,1063997,7640
10467,1609,500000
10468,1609,500000
10469,1609,500000
10470,19065777,840
10471,1609,500000
10472,11274443,380
10473,1609,500000
10474,11274443,150
10475,1609,500000
10476,19065777,600
10477,11274443,380
10478,11274443,320
10479,11274443,290
10480,11274443,290
10481,19065777,840
10482,19065777,670
10483,1609,500000
10484,1609,500000
10485,1609,500000
10486,11274443,290
10487,11274443,200
10488,1063997,9020
10489,11274443,320
10490,11274443,260
10491,1609,500000
10492,19065777,670
10493,1609,500000
10494,11274443,200
10495,19065777,530
10496,1063997,14520
10497,11274443,400
10498,19065777,600
10499,1609,500000
10500,19065777,530
10501,1609,500000
10502,11274443,150
10503,11274443,290
10504,1609,500000
10505,19065777,600
10506,11274443,260
10507,1063997,6020
10508,1063997,9140
10509,19065777,600
10510,11274443,150
10511,1609,500000
10512,1609,500000
10513,11274443,110
10514,11274443,210
10515,19065777,600
10516,1063997,9180
10517,1063997,8760
10518,19065777,670
10519,19065777,600
10520,11274443,480
10521,1609,500000
10522,11274443,380
10523,1063997,7010
10524,1609,500000
10525,1063997,26220
10526,11274443,320
10527,11274443,320
10528,11274443,320
10529,11274443,400
10530,1609,500000
10531,1063997,31440
10532,11274443,290
10533,1609,500000
10534,1063997,9350
10535,1063997,8820
10536,11274443,380
10537,11274443,410
10538,1609,500000
10539,11274443,380
10540,11274443,290
10541,11274443,400
10542,1609,500000
10543,1063997,6520
10544,1063997,10620
10545,11274443,380
10546,11274443,110
10547,1063997,7670
10548,1063997,8740
10549,19065777,670
10550,1063997,5910
10551,11274443,290
10552,1063997,12280
10553,1609,500000
10554,11274443,400
10555,19065777,750
10556,1063997,32160
10557,11274443,210
10558,11274443,110
10559,19065777,500
10560,1609,500000
10561,11274443,410
10562,11274443,320
10563,1609,500000
10564,1063997,8440
10565,1063997,11140
10566,1063997,9540
10567,1063997,11980
10568,11274443,200
10569,1609,500000
10570,1063997,7130
10571,1609,500000
10572,19065777,600
10573,1609,500000
10574,11274443,480
10575,19065777,530
10576,19065777,1050
10577,11274443,150
10578,1609,500000
10579,1063997,9010
10580,1063997,15010
10581,11274443,210
10582,1609,500000
10583,1609,500000
10584,1609,500000
10585,1609,500000
10586,11274443,400
10587,1063997,10500
10588,19065777,840
10589,11274443,260
10590,1609,500000
10591,11274443,260
10592,1609,500000
10593,1063997,16140
10594,1609,500000
10595,11274443,290
10596,19065777,840
10597,19065777,600
10598,1609,500000
10599,11274443,200
10600,11274443,380
10601,19065777,670
10602,1063997,6070
10603,11274443,340
10604,11274443,210
10605,11274443,290
10606,11274443,200
10607,19065777,670
10608,19065777,750
10609,19065777,840
10610,19065777,670
10611,11274443,400
10612,11274443,290
10613,11274443,200
10614,1609,500000
10615,11274443,400
10616,11274443,200
10617,1063997,8730
10618,1609,500000
10619,19065777,700
10620,1609,500000
10621,11274443,380
10622,11274443,210
10623,19065777,840
10624,19065777,680
10625,1063997,6830
10626,19065777,600
10627,1063997,7890
10628,1609,500000
10629,19065777,840
10630,1609,500000
10631,1063997,8100
10632,1063997,81220
10633,1063997,85160
10634,11274443,180
10635,1609,500000
10636,11274443,320
10637,11274443,320
10638,1609,500000
10639,11274443,290
10640,11274443,380
10641,1609,500000
10642,11274443,290
10643,11274443,290
10644,11274443,220
10645,11274443,260
10646,11274443,320
10647,11274443,320
10648,1609,500000
10649,11274443,400
10650,1063997,7200
10651,11274443,200
10652,1063997,6260
10653,1063997,21870
10654,1609,500000
10655,1609,500000
10656,11274443,290
10657,19065777,610
10658,1609,500000
10659,19065777,750
10660,1609,500000
10661,19065777,500
10662,11274443,330
10663,1063997,6380
10664,1063997,5690
10665,11274443,220
10666,1609,500000
10667,19065777,840
10668,1609,500000
10669,1609,500000
10670,1063997,8190
10671,11274443,380
10672,11274443,400
10673,11274443,480
10674,11274443,320
10675,11274443,200
10676,1063997,17540
10677,19065777,600
10678,1063997,7510
10679,11274443,320
10680,11274443,200
10681,1063997,6350
10682,1609,500000
10683,11274443,290
10684,11274443,400
10685,11274443,150
10686,1063997,8700
10687,1609,500000
10688,11274443,480
10689,11274443,480
10690,1063997,7640
10691,1609,500000
10692,11274443,380
10693,1609,500000
10694,1609,500000
10695,1063997,9390
10696,1609,500000
10697,1609,500000
10698,11274443,210
10699,19065777,530
10700,1063997,7580
10701,1609,500000
10702,11274443,260
10703,11274443,260
10704,1063997,7370
10705,11274443,290
10706,1609,500000
10707,19065777,750
10708,1609,500000
10709,1063997,31630
10710,1609,500000
10711,1063997,13280
10712,19065777,1050
10713,1609,500000
10714,1609,500000
10715,1063997,16350
10716,1609,500000
10717,11274443,260
10718,11274443,150
10719,1609,500000
10720,1063997,7860
10721,11274443,300
10722,19065777,670
10723,11274443,400
10724,1063997,13570
10725,1609,500000
10726,11274443,290
10727,11274443,330
10728,11274443,480
10729,11274443,380
10730,19065777,670
10731,11274443,290
10732,1609,500000
10733,11274443,320
10734,1063997,7860
10735,11274443,260
10736,11274443,260
10737,1609,500000
10738,11274443,350
10739,19065777,530
10740,11274443,400
10741,11274443,380
10742,1063997,5870
10743,1609,500000
10744,1063997,8390
10745,11274443,200
10746,11274443,260
10747,19065777,600
10748,1609,500000
10749,11274443,210
10750,11274443,390
10751,11274443,320
10752,11274443,150
10753,11274443,400
10754,1609,500000
10755,1063997,56130
10756,11274443,320
10757,1063997,80570
10758,19065777,530
10759,1609,500000
10760,11274443,380
10761,1609,500000
10762,1609,500000
10763,11274443,210
10764,11274443,200
10765,11274443,300
10766,11274443,150
10767,11274443,380
10768,11274443,380
10769,1063997,13350
10770,11274443,480
10771,1609,500000
10772,19065777,600
10773,1063997,8030
10774,19065777,530
10775,1063997,9180
10776,11274443,480
10777,1063997,7150
10778,1609,500000
10779,1609,500000
10780,19065777,750
10781,11274443,400
10782,1063997,8730
10783,1609,500000
10784,1063997,9600
10785,19065777,670
10786,11274443,210
10787,1063997,11900
10788,19065777,840
10789,1063997,7570
10790,19065777,840
10791,11274443,480
10792,19065777,600
10793,11274443,210
10794,19065777,600
10795,1063997,6930
10796,19065777,530
10797,19065777,510
10798,11274443,240
10799,11274443,210
10800,19065777,500
10801,11274443,380
10802,1063997,5680
10803,19065777,530
10804,11274443,400
10805,1609,500000
10806,11274443,260
10807,11274443,210
10808,11274443,320
10809,19065777,1050
10810,11274443,200
10811,1063997,13930
10812,19065777,670
10813,19065777,600
10814,11274443,270
10815,1609,500000
10816,1609,500000
10817,1609,500000
10818,11274443,400
10819,1063997,37340
10820,19065777,840
10821,19065777,530
10822,11274443,260
10823,1063997,6910
10824,1609,500000
10825,1063997,11490
10826,1609,500000
10827,19065777,670
10828,1063997,11760
10829,11274443,260
10830,1063997,10100
10831,19065777,840
10832,1609,500000
10833,11274443,290
10834,11274443,150
10835,11274443,200
10836,1063997,15690
10837,11274443,160
10838,11274443,150
10839,1609,500000
10840,19065777,670
10841,1609,500000
10842,1063997,7940
10843,11274443,300
10844,1609,500000
10845,1609,500000
10846,1609,500000
10847,19065777,530
10848,11274443,110
10849,19065777,840
10850,1063997,7290
10851,1609,500000
10852,1609,500000
10853,1609,500000
10854,11274443,480
10855,1609,500000
10856,11274443,220
10857,1609,500000
10858,19065777,600
10859,1063997,7400
10860,1063997,11810
10861,11274443,480
10862,1063997,7190
10863,11274443,290
10864,19065777,670
10865,11274443,380
10866,1063997,6090
10867,1609,500000
10868,11274443,320
10869,1609,500000
10870,1063997,8600
10871,1609,500000
10872,1063997,9630
10873,11274443,220
10874,1063997,7370
10875,1609,500000
10876,1063997,14970
10877,11274443,400
10878,1609,500000
10879,1063997,8440
10880,11274443,290
10881,1063997,28720
10882,1609,500000
10883,1609,500000
10884,1063997,12790
10885,19065777,670
10886,19065777,750
10887,11274443,380
10888,19065777,840
10889,19065777,600
10890,19065777,680
10891,19065777,530
10892,11274443,290
10893,1609,500000
10894,1063997,8470
10895,1609,500000
10896,11274443,310
10897,11274443,400
10898,19065777,840
10899,19065777,840
10900,1063997,34030
10901,1609,500000
10902,19065777,670
10903,1063997,7400
10904,1063997,18880
10905,19065777,670
10906,1609,500000
10907,1609,500000
10908,11274443,480
10909,1609,500000
10910,1609,500000
10911,11274443,260
10912,1063997,8080
10913,1063997,5590
10914,1063997,6510
10915,11274443,210
10916,1063997,33580
10917,1609,500000
10918,11274443,290
10919,19065777,840
10920,11274443,290
10921,11274443,110
10922,1609,500000
10923,1609,500000
10924,1609,500000
10925,11274443,260
10926,1609,500000
10927,19065777,600
10928,1063997,14020
10929,11274443,200
10930,1063997,10850
10931,1609,500000
10932,11274443,260
10933,1063997,10350
10934,1063997,29920
10935,11274443,480
10936,1609,500000
10937,11274443,480
10938,19065777,600
10939,19065777,840
10940,19065777,840
10941,11274443,200
10942,11274443,120
10943,11274443,380
10944,19065777,600
10945,1063997,8670
10946,11274443,480
10947,11274443,320
10948,19065777,900
10949,11274443,330
10950,11274443,310
10951,1063997,5750
10952,11274443,290
10953,11274443,290
10954,11274443,260
10955,11274443,210
10956,19065777,840
10957,11274443,320
10958,1609,500000
10959,11274443,320
10960,11274443,320
10961,1609,500000
10962,11274443,150
10963,1609,500000
10964,1609,500000
10965,11274443,270
10966,11274443,160
10967,11274443,260
10968,11274443,400
10969,11274443,210
10970,11274443,280
10971,1063997,7550
10972,11274443,210
10973,1609,500000
10974,11274443,130
10975,1063997,12160
10976,1609,500000
10977,11274443,320
10978,11274443,200
10979,1063997,8560
10980,11274443,260
10981,11274443,380
10982,19065777,600
10983,11274443,330
10984,1609,500000
10985,19065777,530
10986,19065777,670
10987,11274443,110
10988,1063997,12400
10989,1609,500000
10990,11274443,400
10991,11274443,380
10992,1063997,5370
10993,1063997,12310
10994,19065777,930
10995,1609,500000
10996,1063997,9220
10997,11274443,210
10998,1063997,14320
10999,19065777,750
11000,11274443,320
11001,19065777,750
11002,11274443,480
11003,19065777,670
11004,19065777,840
11005,11274443,320
11006,1609,500000
11007,11274443,480
11008,19065777,670
11009,19065777,840
11010,1063997,9490
11011,11274443,110
11012,1063997,30950
11013,1609,500000
11014,1609,500000
11015,11274443,220
11016,1609,500000
11017,11274443,210
11018,1063997,10490
11019,11274443,320
11020,11274443,480
11021,1609,500000
11022,1063997,15860
11023,19065777,600
11024,1063997,6160
11025,11274443,200
11026,19065777,840
11027,11274443,200
11028,1609,500000
11029,1063997,6310
11030,19065777,840
11031,1063997,7540
11032,11274443,320
11033,11274443,110
11034,1063997,57350
11035,1063997,8590
11036,19065777,530
11037,1063997,7800
11038,11274443,400
11039,19065777,530
11040,19065777,670
11041,11274443,150
11042,19065777,690
11043,1063997,7280
11044,1063997,6310
11045,19065777,600
11046,11274443,290
11047,11274443,320
11048,19065777,570
11049,11274443,200
11050,1609,500000
11051,19065777,530
11052,11274443,400
11053,11274443,150
11054,1063997,12010
11055,11274443,260
11056,1609,500000
11057,11274443,290
11058,1609,500000
11059,1609,500000
11060,11274443,150
11061,1609,500000
11062,19065777,500
11063,11274443,380
11064,1063997,9650
11065,11274443,400
11066,19065777,1600
11067,11274443,290
11068,19065777,720
11069,11274443,400
11070,11274443,480
11071,1063997,5840
11072,11274443,290
11073,19065777,840
11074,19065777,530
11075,1609,500000
11076,19065777,530
11077,11274443,320
11078,19065777,600
11079,1063997,13710
11080,11274443,320
11081,1063997,8740
11082,11274443,380
11083,11274443,150
11084,11274443,380
11085,1609,500000
11086,1063997,9930
11087,11274443,380
11088,11274443,200
11089,11274443,380
11090,11274443,320
11091,1063997,9050
11092,1609,500000
11093,1609,500000
11094,19065777,840
11095,11274443,320
11096,19065777,530
11097,11274443,480
11098,11274443,110
11099,11274443,480
11100,11274443,320
11101,1063997,10440
11102,11274443,150
11103,11274443,290
11104,1609,500000
11105,1063997,8690
11106,11274443,290
11107,11274443,380
11108,11274443,320
11109,11274443,200
11110,11274443,380
11111,11274443,110
11112,19065777,680
11113,1063997,10220
11114,1063997,7310
11115,19065777,1050
11116,1063997,7290
11117,11274443,480
11118,11274443,340
11119,19065777,840
11120,11274443,110
11121,11274443,400
11122,19065777,670
11123,19065777,530
11124,1609,500000
11125,19065777,600
11126,11274443,400
11127,11274443,230
11128,11274443,210
11129,19065777,670
11130,1609,500000
11131,11274443,400
11132,11274443,480
11133,1063997,10730
11134,1609,500000
11135,1609,500000
11136,1063997,9330
11137,1063997,14760
11138,11274443,110
11139,19065777,750
11140,1609,500000
11141,1063997,20300
11142,19065777,500
11143,1063997,5750
11144,1063997,11330
11145,11274443,110
11146,1609,500000
11147,1609,500000
11148,11274443,380
11149,1609,500000
11150,19065777,530
11151,1609,500000
11152,11274443,320
11153,11274443,400
11154,1609,500000
11155,1609,500000
11156,19065777,670
11157,1063997,32470
11158,1609,500000
11159,11274443,150
11160,1609,500000
11161,11274443,200
11162,19065777,750
11163,11274443,290
11164,11274443,210
11165,11274443,320
11166,11274443,480
11167,1063997,5890
11168,1609,500000
11169,1063997,7430
11170,11274443,210
11171,1609,500000
11172,11274443,260
11173,11274443,260
11174,11274443,260
11175,19065777,750
11176,11274443,200
11177,19065777,840
11178,11274443,400
11179,19065777,670
11180,1609,500000
11181,19065777,530
11182,19065777,530
11183,11274443,480
11184,1609,500000
11185,1609,500000
11186,11274443,290
11187,11274443,400
11188,19065777,600
11189,1063997,7820
11190,19065777,850
11191,11274443,480
11192,11274443,290
11193,1063997,90670
11194,1609,500000
11195,11274443,320
11196,1609,500000
11197,1609,500000
11198,1609,500000
11199,1063997,7900
11200,1063997,9600
11201,1063997,6490
11202,11274443,290
11203,11274443,260
11204,11274443,110
11205,11274443,200
11206,1063997,15450
11207,11274443,480
11208,11274443,110
11209,1063997,5140
11210,11274443,400
11211,11274443,320
11212,11274443,480
11213,11274443,380
11214,11274443,290
11215,11274443,150
11216,19065777,610
11217,1063997,16300
11218,11274443,290
11219,11274443,110
11220,11274443,290
11221,11274443,320
11222,1063997,32550
11223,1609,500000
11224,11274443,290
11225,1063997,10950
11226,19065777,670
11227,19065777,840
11228,1609,500000
11229,1063997,6110
11230,11274443,400
11231,1609,500000
11232,1063997,10940
11233,11274443,480
11234,11274443,260
11235,19065777,840
11236,11274443,200
11237,11274443,210
11238,1063997,8820
11239,11274443,320
11240,1063997,11110
11241,19065777,530
11242,1609,500000
11243,11274443,290
11244,1609,500000
11245,11274443,200
11246,19065777,840
11247,11274443,110
11248,11274443,200
11249,11274443,260
11250,19065777,530
11251,1063997,9450
11252,19065777,600
11253,11274443,260
11254,11274443,210
11255,11274443,380
11256,19065777,840
11257,11274443,320
11258,1609,500000
11259,1063997,5710
11260,1063997,6380
11261,11274443,380
11262,11274443,210
11263,1609,500000
11264,1063997,10870
11265,1609,500000
11266,1609,500000
11267,1063997,9140
11268,11274443,320
11269,11274443,290
11270,1609,500000
11271,19065777,600
11272,1609,500000
11273,1609,500000
11274,1609,500000
11275,11274443,280
11276,11274443,400
11277,1609,500000
11278,1609,500000
11279,11274443,200
11280,1609,500000
11281,1063997,7450
11282,1063997,9390
11283,11274443,160
11284,11274443,400
11285,19065777,600
11286,1609,500000
11287,1609,500000
11288,11274443,260
11289,1063997,10750
11290,11274443,200
11291,1063997,12850
11292,1063997,7530
11293,1609,500000
11294,11274443,380
11295,19065777,670
11296,19065777,840
11297,11274443,400
11298,11274443,410
11299,19065777,840
11300,11274443,380
11301,1609,500000
11302,1609,500000
11303,1063997,32960
11304,1609,500000
11305,1063997,7840
11306,11274443,260
11307,1609,500000
11308,1063997,10340
11309,1063997,15630
11310,11274443,150
11311,19065777,610
11312,11274443,270
11313,19065777,530
11314,19065777,840
11315,11274443,210
11316,11274443,110
11317,19065777,750
11318,19065777,600
11319,11274443,290
11320,1063997,6010
11321,11274443,290
11322,11274443,380
11323,19065777,840
11324,11274443,480
11325,1063997,11540
11326,1063997,7690
11327,11274443,420
11328,19065777,840
11329,11274443,400
11330,11274443,320
11331,19065777,500
11332,11274443,290
11333,1063997,8300
11334,11274443,490
11335,11274443,260
11336,1063997,23660
11337,1609,500000
11338,11274443,210
11339,11274443,150
11340,11274443,210
11341,11274443,150
11342,11274443,200
11343,1063997,15500
11344,11274443,290
11345,1609,500000
11346,1609,500000
11347,11274443,400
11348,1063997,6140
11349,1609,500000
11350,1609,500000
11351,1063997,5220
11352,1063997,7140
11353,1063997,7320
11354,11274443,290
11355,1609,500000
11356,11274443,290
11357,19065777,600
11358,11274443,210
11359,19065777,600
11360,11274443,200
11361,1063997,10670
11362,19065777,670
11363,11274443,400
11364,19065777,600
11365,1609,500000
11366,1609,500000
11367,19065777,840
11368,19065777,530
11369,11274443,290
11370,19065777,530
11371,11274443,290
11372,1609,500000
11373,11274443,400
11374,11274443,400
11375,19065777,670
11376,11274443,320
11377,1609,500000
11378,11274443,320
11379,1609,500000
11380,1063997,9180
11381,1609,500000
11382,11274443,150
11383,1063997,6250
11384,1609,500000
11385,1063997,8640
11386,11274443,480
11387,1609,500000
11388,11274443,290
11389,1063997,19050
11390,11274443,290
11391,1609,500000
11392,11274443,260
11393,11274443,380
11394,1609,500000
11395,19065777,670
11396,11274443,320
11397,11274443,150
11398,1063997,14780
11399,19065777,750
11400,1063997,15430
11401,1063997,9720
11402,1609,500000
11403,1609,500000
11404,11274443,290
11405,11274443,380
11406,1609,500000
11407,11274443,390
11408,1063997,12980
11409,1063997,36420
11410,11274443,110
11411,1063997,9120
11412,11274443,320
11413,1609,500000
11414,19065777,670
11415,19065777,840
11416,1609,500000
11417,11274443,290
11418,11274443,290
11419,1609,500000
11420,11274443,400
11421,1063997,6480
11422,1063997,6460
11423,11274443,260
11424,1609,500000
11425,11274443,400
11426,1609,500000
11427,11274443,400
11428,1063997,10520
11429,1609,500000
11430,11274443,320
11431,1063997,7960
11432,19065777,670
11433,19065777,670
11434,1063997,17430
11435,1063997,8550
11436,11274443,340
11437,1609,500000
11438,1609,500000
11439,11274443,150
11440,11274443,480
11441,1063997,7610
11442,1609,500000
11443,1063997,8760
11444,19065777,1050
11445,1609,500000
11446,11274443,400
11447,11274443,210
11448,1063997,8000
11449,1609,500000
11450,11274443,150
11451,11274443,300
11452,1063997,5990
11453,1609,500000
11454,19065777,840
11455,11274443,290
11456,11274443,320
11457,11274443,380
11458,11274443,290
11459,11274443,200
11460,1063997,7130
11461,1063997,18150
11462,1063997,7780
11463,19065777,670
11464,11274443,380
11465,19065777,530
11466,11274443,320
11467,19065777,750
11468,1063997,6870
11469,19065777,600
11470,1063997,6000
11471,1063997,10650
11472,1063997,6770
11473,19065777,1050
11474,11274443,200
11475,1609,500000
11476,11274443,200
11477,11274443,320
11478,11274443,320
11479,19065777,750
11480,1063997,33990
11481,11274443,290
11482,1609,500000
11483,1609,500000
11484,1609,500000
11485,11274443,290
11486,1609,500000
11487,1609,500000
11488,1063997,6280
11489,1063997,13500
11490,11274443,150
11491,1609,500000
11492,11274443,260
11493,19065777,840
11494,1063997,10260
11495,1063997,8870
11496,19065777,530
11497,11274443,260
11498,11274443,300
11499,1609,500000
11500,1609,500000
11501,11274443,150
11502,11274443,290
11503,1609,500000
11504,11274443,480
11505,11274443,150
11506,11274443,200
11507,1609,500000
11508,11274443,400
11509,11274443,260
11510,1063997,6800
11511,11274443,380
11512,19065777,840
11513,1609,500000
11514,19065777,670
11515,11274443,290
11516,19065777,680
11517,19065777,530
11518,19065777,750
11519,11274443,380
11520,11274443,290
11521,19065777,670
11522,11274443,400
11523,1609,500000
11524,19065777,530
11525,1609,500000
11526,1063997,6300
11527,11274443,290
11528,11274443,480
11529,19065777,600
11530,11274443,290
11531,11274443,290
11532,1609,500000
11533,11274443,330
11534,19065777,670
11535,11274443,380
11536,11274443,400
11537,1063997,7280
11538,19065777,600
11539,11274443,110
11540,11274443,300
11541,19065777,840
11542,19065777,680
11543,1063997,8960
11544,1609,500000
11545,19065777,860
11546,11274443,380
11547,1063997,6840
11548,11274443,200
11549,19065777,620
11550,11274443,480
11551,1609,500000
11552,19065777,600
11553,1063997,5280
11554,19065777,930
11555,11274443,150
11556,19065777,860
11557,1063997,7770
11558,1063997,14430
11559,11274443,400
11560,11274443,380
11561,1063997,8040
11562,19065777,530
11563,1609,500000
11564,1609,500000
11565,1609,500000
11566,19065777,530
11567,11274443,400
11568,11274443,150
11569,1063997,6950
11570,19065777,530
11571,1063997,7260
11572,19065777,670
11573,11274443,110
11574,19065777,860
11575,1609,500000
11576,11274443,390
11577,11274443,150
11578,11274443,290
11579,1609,500000
11580,11274443,480
11581,19065777,760
11582,1609,500000
11583,11274443,480
11584,1609,500000
11585,1609,500000
11586,19065777,600
11587,19065777,500
11588,19065777,850
11589,1609,500000
11590,11274443,200
11591,11274443,210
11592,19065777,670
11593,19065777,610
11594,1063997,159840
11595,1063997,8270
11596,11274443,150
11597,19065777,840
11598,11274443,300
11599,1063997,7020
11600,11274443,110
11601,1609,500000
11602,1063997,5680
11603,1063997,12460
11604,1063997,7200
11605,19065777,750
11606,11274443,260
11607,11274443,200
11608,1609,500000
11609,19065777,600
11610,19065777,600
11611,1063997,11770
11612,11274443,320
11613,11274443,110
11614,19065777,900
11615,1609,500000
11616,19065777,530
11617,1609,500000
11618,1063997,55090
11619,11274443,150
11620,11274443,400
11621,1609,500000
11622,1063997,5850
11623,11274443,380
11624,1063997,9570
11625,11274443,270
11626,1063997,34910
11627,1609,500000
11628,11274443,210
11629,1063997,7040
11630,11274443,320
11631,11274443,190
11632,11274443,380
11633,1063997,8800
11634,19065777,860
11635,1609,500000
11636,1609,500000
11637,1609,500000
11638,1063997,11760
11639,11274443,320
11640,19065777,530
11641,1609,500000
11642,11274443,150
11643,11274443,140
11644,1609,500000
11645,11274443,320
11646,11274443,380
11647,1609,500000
11648,11274443,400
11649,11274443,400
11650,11274443,400
11651,1609,500000
11652,1063997,7540
11653,19065777,670
11654,19065777,1050
11655,1063997,8630
11656,11274443,380
11657,11274443,340
11658,19065777,530
11659,11274443,290
11660,19065777,670
11661,1609,500000
11662,11274443,260
11663,19065777,540
11664,11274443,320
11665,11274443,200
11666,1063997,10580
11667,1609,500000
11668,11274443,120
11669,1609,500000
11670,11274443,400
11671,1063997,8850
11672,1063997,42970
11673,11274443,200
11674,1063997,8760
11675,1063997,7330
11676,19065777,1300
11677,11274443,200
11678,19065777,530
11679,19065777,670
11680,1609,500000
11681,19065777,670
11682,1609,500000
11683,19065777,530
11684,19065777,520
11685,1609,500000
11686,1063997,8220
11687,11274443,210
11688,1063997,11790
11689,11274443,260
11690,1609,500000
11691,1609,500000
11692,11274443,200
11693,11274443,200
11694,11274443,480
11695,11274443,480
11696,1609,500000
11697,11274443,320
11698,1063997,8910
11699,1609,500000
11700,11274443,200
11701,19065777,680
11702,11274443,380
11703,1063997,11230
11704,19065777,510
11705,1063997,6080
11706,1063997,7080
11707,19065777,840
11708,1609,500000
11709,1063997,7230
11710,11274443,320
11711,19065777,790
11712,11274443,480
11713,1063997,6090
11714,11274443,150
11715,1609,500000
11716,19065777,530
11717,19065777,600
11718,1609,500000
11719,1063997,7970
11720,11274443,320
11721,11274443,380
11722,19065777,530
11723,11274443,200
11724,11274443,400
11725,11274443,300
11726,19065777,750
11727,11274443,260
11728,1063997,6570
11729,19065777,670
11730,11274443,210
11731,19065777,670
11732,19065777,540
11733,11274443,110
11734,11274443,420
11735,11274443,150
11736,11274443,380
11737,1063997,8410
11738,1609,500000
11739,1063997,9890
11740,11274443,110
11741,11274443,220
11742,19065777,610
11743,1609,500000
11744,11274443,480
11745,1609,500000
11746,19065777,840
11747,1609,500000
11748,11274443,200
11749,19065777,530
11750,11274443,320
11751,11274443,330
11752,1609,500000
11753,11274443,480
11754,1063997,6970
11755,11274443,200
11756,1609,500000
11757,11274443,380
11758,11274443,110
11759,1609,500000
11760,1063997,7270
11761,19065777,840
11762,11274443,480
11763,19065777,530
11764,1609,500000
11765,11274443,210
11766,19065777,530
11767,19065777,840
11768,1609,500000
11769,19065777,750
11770,1609,500000
11771,11274443,400
11772,1063997,5380
11773,1609,500000
11774,1063997,8290
11775,19065777,680
11776,11274443,280
11777,11274443,290
11778,11274443,380
11779,1609,500000
11780,11274443,350
11781,11274443,150
11782,11274443,260
11783,1609,500000
11784,19065777,840
11785,11274443,210
11786,1609,500000
11787,11274443,290
11788,19065777,670
11789,1609,500000
11790,11274443,290
11791,1063997,7520
11792,19065777,600
11793,1063997,5430
11794,19065777,670
11795,11274443,260
11796,1609,500000
11797,11274443,480
11798,11274443,380
11799,1609,500000
11800,1063997,38390
11801,11274443,380
11802,19065777,540
11803,19065777,1050
11804,11274443,270
11805,11274443,480
11806,1063997,8720
11807,1609,500000
11808,1609,500000
11809,19065777,670
11810,11274443,480
11811,19065777,530
11812,11274443,320
11813,19065777,600
11814,1063997,8270
11815,11274443,290
11816,1609,500000
11817,1063997,7320
11818,1609,500000
11819,1063997,11060
11820,11274443,380
11821,1609,500000
11822,11274443,200
11823,11274443,210
11824,19065777,840
11825,19065777,670
11826,19065777,690
11827,19065777,840
11828,11274443,490
11829,11274443,220
11830,1609,500000
11831,11274443,140
11832,1609,500000
11833,19065777,750
11834,19065777,680
11835,11274443,290
11836,11274443,220
11837,1609,500000
11838,19065777,850
11839,1063997,6420
11840,1609,500000
11841,11274443,380
11842,1609,500000
11843,11274443,380
11844,11274443,220
11845,11274443,200
11846,11274443,420
11847,1063997,19990
11848,11274443,320
11849,11274443,480
11850,1063997,5990
11851,1063997,6650
11852,1063997,9900
11853,11274443,110
11854,11274443,320
11855,1063997,9090
11856,1609,500000
11857,1609,500000
11858,11274443,310
11859,11274443,410
11860,11274443,290
11861,11274443,290
11862,1063997,8960
11863,1063997,11820
11864,11274443,110
11865,19065777,840
11866,11274443,260
11867,1063997,7380
11868,11274443,480
11869,1609,500000
11870,1609,500000
11871,11274443,110
11872,19065777,530
11873,1063997,7780
11874,11274443,200
11875,1609,500000
11876,1609,500000
11877,1063997,16020
11878,11274443,400
11879,11274443,260
11880,19065777,600
11881,1063997,7250
11882,19065777,610
11883,19065777,670
11884,11274443,260
11885,1063997,7730
11886,11274443,290
11887,11274443,290
11888,11274443,400
11889,1063997,13500
11890,11274443,150
11891,11274443,260
11892,11274443,200
11893,11274443,480
11894,11274443,480
11895,11274443,210
11896,1063997,5850
11897,11274443,380
11898,11274443,150
11899,11274443,210
11900,1063997,8070
11901,1063997,8210
11902,11274443,380
11903,19065777,840
11904,1063997,6890
11905,11274443,200
11906,11274443,150
11907,1063997,6010
11908,11274443,480
11909,11274443,400
11910,1609,500000
11911,19065777,670
11912,11274443,260
11913,1609,500000
11914,1609,500000
11915,1063997,8070
11916,1609,500000
11917,11274443,400
11918,19065777,770
11919,1609,500000
11920,11274443,200
11921,1609,500000
11922,11274443,380
11923,19065777,670
11924,19065777,680
11925,1609,500000
11926,1609,500000
11927,1609,500000
11928,1063997,10230
11929,19065777,1050
11930,11274443,210
11931,1063997,7270
11932,19065777,750
11933,19065777,840
11934,11274443,110
11935,11274443,400
11936,1063997,8710
11937,1609,500000
11938,19065777,1070
11939,11274443,200
11940,11274443,290
11941,19065777,660
11942,11274443,260
11943,11274443,380
11944,11274443,290
11945,11274443,380
11946,1609,500000
11947,11274443,210
11948,11274443,290
11949,11274443,380
11950,1609,500000
11951,11274443,320
11952,1063997,9700
11953,19065777,530
11954,11274443,150
11955,19065777,670
11956,19065777,840
11957,11274443,210
11958,19065777,530
11959,1609,500000
11960,11274443,320
11961,1609,500000
11962,11274443,200
11963,19065777,600
11964,11274443,400
11965,1063997,81840
11966,19065777,840
11967,1063997,10840
11968,11274443,110
11969,19065777,930
11970,19065777,530
11971,11274443,480
11972,1609,500000
11973,11274443,290
11974,19065777,620
11975,1063997,6560
11976,11274443,150
11977,11274443,480
11978,11274443,410
11979,11274443,480
11980,11274443,210
11981,1609,500000
11982,11274443,130
11983,19065777,750
11984,1609,500000
11985,11274443,150
11986,11274443,320
11987,1063997,7840
11988,1609,500000
11989,19065777,610
11990,19065777,670
11991,11274443,150
11992,11274443,400
11993,19065777,840
11994,11274443,480
11995,11274443,260
11996,11274443,290
11997,11274443,380
11998,11274443,380
11999,1609,500000
12000,11274443,410
12001,11274443,210
12002,1609,500000
12003,1609,500000
12004,11274443,480
12005,1063997,7330
12006,11274443,380
12007,19065777,670
12008,11274443,150
12009,19065777,600
12010,11274443,130
12011,1609,500000
12012,1063997,7370
12013,11274443,410
12014,11274443,110
12015,11274443,320
12016,19065777,530
12017,1609,500000
12018,19065777,840
12019,1063997,7270
12020,19065777,600
12021,19065777,840
12022,11274443,400
12023,1063997,11260
12024,19065777,670
12025,19065777,600
12026,11274443,480
12027,11274443,320
12028,1609,500000
12029,11274443,290
12030,19065777,530
12031,11274443,110
12032,1609,500000
12033,11274443,170
12034,19065777,530
12035,19065777,600
12036,1609,500000
12037,1609,500000
12038,19065777,670
12039,11274443,380
12040,11274443,290
12041,19065777,600
12042,1609,500000
12043,1609,500000
12044,1609,500000
12045,11274443,290
12046,19065777,750
12047,11274443,420
12048,1063997,10190
12049,11274443,120
12050,11274443,400
12051,1609,500000
12052,1609,500000
12053,19065777,670
12054,19065777,670
12055,11274443,200
12056,11274443,380
12057,11274443,260
12058,11274443,290
12059,1609,500000
12060,1609,500000
12061,19065777,600
12062,1063997,8160
12063,11274443,260
12064,19065777,840
12065,11274443,110
12066,19065777,680
12067,11274443,320
12068,11274443,210
12069,11274443,400
12070,1063997,10020
12071,19065777,530
12072,1609,500000
12073,1609,500000
12074,1609,500000
12075,1063997,6210
12076,19065777,600
12077,1063997,22740
12078,1063997,5900
12079,11274443,260
12080,11274443,400
12081,1063997,8420
12082,11274443,320
12083,1609,500000
12084,11274443,290
12085,1063997,8160
12086,19065777,750
12087,11274443,400
12088,11274443,290
12089,1609,500000
12090,1609,500000
12091,19065777,670
12092,19065777,600
12093,19065777,600
12094,11274443,320
12095,11274443,480
12096,1063997,8430
12097,1063997,9880
12098,11274443,260
12099,11274443,210
12100,19065777,840
12101,11274443,480
12102,11274443,480
12103,11274443,320
12104,1063997,17210
12105,1063997,5280
12106,11274443,400
12107,11274443,400
12108,11274443,480
12109,19065777,530
12110,19065777,530
12111,1609,500000
12112,11274443,480
12113,19065777,600
12114,11274443,380
12115,1063997,30620
12116,1063997,8870
12117,11274443,150
12118,1609,500000
12119,11274443,200
12120,11274443,380
12121,1063997,15590
12122,11274443,400
12123,19065777,670
12124,19065777,770
12125,1063997,9190
12126,19065777,750
12127,1609,500000
12128,19065777,610
12129,11274443,150
12130,19065777,670
12131,1063997,6070
12132,11274443,200
12133,11274443,480
12134,1609,500000
12135,1609,500000
12136,1609,500000
12137,1063997,7240
12138,1063997,7730
12139,19065777,840
12140,1609,500000
12141,1063997,10080
12142,1609,500000
12143,1063997,11310
12144,1609,500000
12145,19065777,670
12146,1609,500000
12147,11274443,480
12148,19065777,530
12149,11274443,380
12150,11274443,380
12151,11274443,290
12152,1063997,13400
12153,19065777,670
12154,19065777,840
12155,1609,500000
12156,11274443,480
12157,19065777,1050
12158,1609,500000
12159,1609,500000
12160,19065777,670
12161,1063997,9800
12162,1609,500000
12163,11274443,260
12164,1609,500000
12165,19065777,530
12166,11274443,400
12167,1063997,12630
12168,1609,500000
12169,11274443,320
12170,19065777,530
12171,1609,500000
12172,1609,500000
12173,11274443,150
12174,1063997,8250
12175,1063997,11000
12176,1609,500000
12177,11274443,290
12178,1609,500000
12179,19065777,1060
12180,1609,500000
12181,11274443,200
12182,11274443,110
12183,1609,500000
12184,1063997,84230
12185,19065777,670
12186,1609,500000
12187,1063997,7710
12188,1063997,6300
12189,11274443,400
12190,11274443,110
12191,11274443,380
12192,11274443,290
12193,1609,500000
12194,1609,500000
12195,1609,500000
12196,19065777,530
12197,1609,500000
12198,11274443,400
12199,1609,500000
12200,1063997,12520
12201,19065777,1050
12202,11274443,260
12203,19065777,1050
12204,1063997,11870
12205,19065777,670
12206,1609,500000
12207,11274443,320
12208,11274443,290
12209,11274443,290
12210,11274443,110
12211,1609,500000
12212,1063997,5690
12213,1063997,9890
12214,1609,500000
12215,11274443,200
12216,1609,500000
12217,1063997,13510
12218,11274443,260
12219,11274443,380
12220,11274443,260
12221,1063997,7360
12222,11274443,110
12223,19065777,600
12224,11274443,480
12225,1609,500000
12226,19065777,840
12227,11274443,150
12228,11274443,290
12229,19065777,1110
12230,1063997,5810
12231,11274443,200
12232,11274443,210
12233,11274443,310
12234,1063997,10600
12235,1063997,8470
12236,11274443,320
12237,11274443,270
12238,1609,500000
12239,11274443,380
12240,1063997,9410
12241,11274443,320
12242,1063997,6820
12243,19065777,630
12244,1609,500000
12245,1063997,6420
12246,1063997,19570
12247,1063997,7450
12248,11274443,320
12249,1063997,7270
12250,1063997,8790
12251,11274443,290
12252,11274443,200
12253,1063997,8270
12254,1609,500000
12255,11274443,290
12256,1609,500000
12257,1063997,8450
12258,11274443,480
12259,1063997,16360
12260,19065777,600
12261,1609,500000
12262,11274443,320
12263,1063997,4790
12264,11274443,400
12265,19065777,1950
12266,11274443,380
12267,11274443,230
12268,11274443,290
12269,1609,500000
12270,1609,500000
12271,1609,500000
12272,1063997,10710
12273,19065777,530
12274,1063997,20940
12275,1609,500000
12276,1063997,6180
12277,11274443,110
12278,11274443,200
12279,1609,500000
12280,1609,500000
12281,11274443,410
12282,11274443,210
12283,11274443,290
12284,1063997,57990
12285,11274443,400
12286,19065777,670
12287,19065777,670
12288,1063997,11270
12289,11274443,480
12290,19065777,620
12291,11274443,480
12292,11274443,230
12293,11274443,310
12294,1063997,7100
12295,1609,500000
12296,1609,500000
12297,19065777,840
12298,1609,500000
12299,1609,500000
12300,11274443,290
12301,1609,500000
12302,11274443,260
12303,1609,500000
12304,11274443,150
12305,11274443,150
12306,11274443,200
12307,11274443,110
12308,11274443,480
12309,11274443,150
12310,19065777,530
12311,11274443,260
12312,19065777,840
12313,1609,500000
12314,1063997,7960
12315,1609,500000
12316,11274443,210
12317,19065777,530
12318,19065777,620
12319,1609,500000
12320,1609,500000
12321,1063997,8740
12322,11274443,290
12323,19065777,670
12324,11274443,480
12325,11274443,400
12326,11274443,150
12327,1609,500000
12328,11274443,480
12329,19065777,530
12330,1063997,15520
12331,1609,500000
12332,1609,500000
12333,1063997,31650
12334,1063997,7570
12335,11274443,400
12336,1609,500000
12337,1063997,5420
12338,11274443,400
12339,1063997,10970
12340,19065777,670
12341,19065777,610
12342,11274443,260
12343,11274443,290
12344,1063997,31580
12345,11274443,400
12346,11274443,480
12347,1609,500000
12348,11274443,300
12349,11274443,200
12350,11274443,330
12351,11274443,400
12352,19065777,850
12353,1609,500000
12354,11274443,150
12355,1609,500000
12356,11274443,380
12357,11274443,150
12358,11274443,270
12359,11274443,290
12360,1609,500000
12361,1063997,8220
12362,1063997,8200
12363,11274443,320
12364,19065777,670
12365,11274443,210
12366,11274443,320
12367,19065777,600
12368,11274443,260
12369,19065777,840
12370,1063997,8300
12371,1063997,9530
12372,1609,500000
12373,11274443,400
12374,11274443,290
12375,1063997,4320
12376,19065777,500
12377,11274443,260
12378,11274443,150
12379,1609,500000
12380,1609,500000
12381,1609,500000
12382,11274443,400
12383,11274443,380
12384,1609,500000
12385,19065777,620
12386,11274443,270
12387,19065777,530
12388,19065777,840
12389,1063997,8590
12390,1063997,30140
12391,1609,500000
12392,11274443,380
12393,1609,500000
12394,1609,500000
12395,11274443,200
12396,1063997,6560
12397,11274443,200
12398,11274443,290
12399,11274443,260
12400,19065777,530
12401,11274443,400
12402,1063997,9660
12403,19065777,690
12404,1063997,8220
12405,11274443,260
12406,11274443,380
12407,11274443,110
12408,19065777,710
12409,11274443,290
12410,1609,500000
12411,19065777,670
12412,19065777,600
12413,1063997,6610
12414,11274443,210
12415,1609,500000
12416,1063997,9770
12417,11274443,480
12418,11274443,290
12419,1609,500000
12420,1063997,9030
12421,19065777,530
12422,11274443,150
12423,11274443,110
12424,11274443,380
12425,11274443,480
12426,11274443,260
12427,11274443,380
12428,11274443,400
12429,1063997,13630
12430,1063997,14070
12431,1063997,7980
12432,1609,500000
12433,11274443,400
12434,11274443,200
12435,11274443,320
12436,11274443,110
12437,11274443,290
12438,1609,500000
12439,19065777,750
12440,1609,500000
12441,1063997,8630
12442,1063997,9760
12443,19065777,600
12444,1609,500000
12445,1609,500000
12446,1063997,10940
12447,1063997,8130
12448,1609,500000
12449,19065777,840
12450,11274443,290
12451,1609,500000
12452,11274443,260
12453,11274443,480
12454,1609,500000
12455,19065777,600
12456,11274443,110
12457,19065777,530
12458,1609,500000
12459,11274443,210
12460,1063997,8390
12461,11274443,150
12462,11274443,260
12463,1063997,10320
12464,1063997,8800
12465,19065777,670
12466,11274443,210
12467,19065777,670
12468,1609,500000
12469,1609,500000
12470,11274443,200
12471,1609,500000
12472,11274443,400
12473,11274443,150
12474,11274443,380
12475,1063997,5740
12476,11274443,340
12477,11274443,400
12478,11274443,320
12479,11274443,400
12480,1063997,12040
12481,1063997,7580
12482,1609,500000
12483,19065777,600
12484,1063997,15920
12485,1609,500000
12486,1063997,7680
12487,1609,500000
12488,11274443,480
12489,1063997,19510
12490,1063997,9180
12491,19065777,840
12492,1609,500000
12493,11274443,480
12494,11274443,400
12495,11274443,290
12496,19065777,610
12497,11274443,290
12498,11274443,150
12499,1609,500000
12500,1609,500000
12501,1063997,16710
12502,11274443,400
12503,11274443,260
12504,1063997,7760
12505,11274443,150
12506,11274443,480
12507,1609,500000
12508,1609,500000
12509,11274443,210
12510,1063997,8160
12511,11274443,400
12512,11274443,110
12513,11274443,480
12514,1063997,12840
12515,1063997,10140
12516,1609,500000
12517,1609,500000
12518,19065776,670
12519,11274443,400
12520,1609,500000
12521,11274443,110
12522,11274443,150
12523,1063997,7840
12524,1609,500000
12525,11274443,200
12526,19065776,930
12527,1063997,7640
12528,11274443,480
12529,19065776,930
12530,11274443,320
12531,1063997,8400
12532,11274443,260
12533,1609,500000
12534,11274443,290
12535,1609,500000
12536,1063997,13090
12537,11274443,240
12538,11274443,290
12539,11274443,300
12540,11274443,210
12541,11274443,290
12542,1609,500000
12543,11274443,290
12544,1063997,9470
12545,11274443,270
12546,1609,500000
12547,11274443,260
12548,1063997,6780
12549,11274443,400
12550,19065776,670
12551,19065776,750
12552,1063997,9550
12553,11274443,290
12554,19065776,1050
12555,11274443,380
12556,19065776,670
12557,19065776,860
12558,1063997,8630
12559,11274443,290
12560,11274443,380
12561,19065776,500
12562,1063997,24180
12563,11274443,300
12564,19065776,630
12565,1609,500000
12566,11274443,110
12567,1609,500000
12568,1063997,9550
12569,19065776,600
12570,1609,500000
12571,11274443,320
12572,19065776,680
12573,11274443,380
12574,1609,500000
12575,1609,500000
12576,11274443,260
12577,19065776,500
12578,11274443,420
12579,1063997,5600
12580,11274443,400
12581,11274443,400
12582,1609,500000
12583,11274443,390
12584,1063997,11330
12585,1609,500000
12586,11274443,420
12587,19065776,530
12588,19065776,600
12589,1609,500000
12590,1609,500000
12591,1063997,9430
12592,11274443,260
12593,11274443,400
12594,11274443,480
12595,11274443,320
12596,1609,500000
12597,1063997,8710
12598,1609,500000
12599,1609,500000
12600,11274443,400
12601,11274443,150
12602,11274443,260
12603,11274443,380
12604,19065776,600
12605,11274443,400
12606,11274443,200
12607,11274443,110
12608,19065776,600
12609,19065776,750
12610,1609,500000
12611,11274443,400
12612,1609,500000
12613,1063997,5370
12614,11274443,380
12615,19065776,530
12616,19065776,530
12617,1609,500000
12618,11274443,480
12619,19065776,670
12620,11274443,150
12621,1063997,26810
12622,11274443,110
12623,1609,500000
12624,19065776,600
12625,1609,500000
12626,1609,500000
12627,19065776,600
12628,11274443,290
12629,19065776,600
12630,19065776,840
12631,11274443,150
12632,11274443,210
12633,1063997,18740
12634,11274443,400
12635,1609,500000
12636,19065776,670
12637,11274443,380
12638,1063997,17370
12639,1063997,10500
12640,1609,500000
12641,19065776,530
12642,1609,500000
12643,11274443,210
12644,11274443,320
12645,11274443,260
12646,1063997,7770
12647,1609,500000
12648,1609,500000
12649,11274443,110
12650,1063997,15100
12651,1063997,8920
12652,11274443,480
12653,1609,500000
12654,19065776,530
12655,1063997,8730
12656,11274443,110
12657,1063997,8240
12658,1609,500000
12659,11274443,480
12660,1063997,35690
12661,11274443,290
12662,1609,500000
12663,19065776,600
12664,11274443,400
12665,19065776,840
12666,11274443,260
12667,1063997,19470
12668,1609,500000
12669,11274443,200
12670,19065776,870
12671,1609,500000
12672,19065776,840
12673,11274443,380
12674,11274443,210
12675,1609,500000
12676,11274443,260
12677,1063997,8130
12678,11274443,390
12679,11274443,320
12680,1609,500000
12681,19065776,840
12682,1063997,10540
12683,11274443,260
12684,1609,500000
12685,1609,500000
12686,11274443,380
12687,19065776,850
12688,1609,500000
12689,11274443,110
12690,11274443,260
12691,11274443,150
12692,19065776,530
12693,1609,500000
12694,1063997,6970
12695,1609,500000
12696,1063997,13360
12697,11274443,290
12698,1063997,7950
12699,1609,500000
12700,19065776,1070
12701,11274443,110
12702,1063997,11240
12703,1609,500000
12704,1609,500000
12705,19065776,610
12706,1609,500000
12707,1063997,7150
12708,1063997,14660
12709,11274443,380
12710,11274443,260
12711,1609,500000
12712,1063997,12750
12713,1609,500000
12714,11274443,110
12715,11274443,200
12716,11274443,400
12717,11274443,400
12718,11274443,290
12719,1609,500000
12720,11274443,400
12721,1063997,14070
12722,1609,500000
12723,1063997,11450
12724,19065776,840
12725,19065776,600
12726,1063997,6300
12727,19065776,840
12728,19065776,530
12729,11274443,210
12730,11274443,290
12731,1609,500000
12732,19065776,670
12733,19065776,670
12734,11274443,260
12735,11274443,210
12736,11274443,480
12737,1609,500000
12738,11274443,110
12739,11274443,210
12740,1063997,13250
12741,1609,500000
12742,11274443,320
12743,1063997,6770
12744,11274443,380
12745,11274443,200
12746,1609,500000
12747,1609,500000
12748,11274443,320
12749,1609,500000
12750,1063997,7100
12751,11274443,380
12752,11274443,380
12753,11274443,150
12754,19065776,840
12755,1063997,8730
12756,1063997,7050
12757,11274443,290
12758,11274443,320
12759,1063997,8670
12760,19065776,670
12761,11274443,320
12762,1609,500000
12763,1609,500000
12764,1609,500000
12765,1063997,8250
12766,1609,500000
12767,1063997,26780
12768,19065776,600
12769,11274443,260
12770,1609,500000
12771,19065776,600
12772,19065776,750
12773,1609,500000
12774,11274443,300
12775,19065776,530
12776,1063997,42720
12777,1063997,13050
12778,1609,500000
12779,11274443,290
12780,11274443,290
12781,11274443,210
12782,1063997,12790
12783,1063997,10440
12784,11274443,480
12785,1609,500000
12786,11274443,380
12787,1063997,8300
12788,11274443,200
12789,19065776,530
12790,11274443,290
12791,11274443,400
12792,19065776,530
12793,1063997,5990
12794,1609,500000
12795,1063997,7190
12796,11274443,260
12797,11274443,210
12798,1063997,6530
12799,1609,500000
12800,11274443,210
12801,11274443,10
12802,11274443,10
12803,11274443,30
12804,11274443,60
12805,11274443,70
12806,11274443,20
12807,11274443,30
12808,11274443,30
12809,1063997,8850
12810,11274443,10
12811,1609,500000
12812,11274443,40
12813,11274443,10
12814,11274443,30
12815,11274443,10
12816,11274443,10
12817,11274443,20
12818,11274443,20
12819,11274443,20
12820,11274443,10
12821,11274443,20
12822,11274443,30
12823,11274443,20
12824,1063997,8440
12825,11274443,60
12826,11274443,60
12827,11274443,20
12828,11274443,30
12829,11274443,10
12830,11274443,20
12831,11274443,30
12832,11274443,110
12833,11274443,40
12834,11274443,30
12835,11274443,10
12836,11274443,20
12837,11274443,20
12838,11274443,80
12839,11274443,50
12840,11274443,130
12841,11274443,20
12842,11274443,20
12843,11274443,10
12844,11274443,50
12845,11274443,30
12846,11274443,110
12847,1609,500000
12848,11274443,90
12849,11274443,30
12850,11274443,30
12851,11274443,80
12852,11274443,10
12853,11274443,70
12854,11274443,20
12855,11274443,30
12856,11274443,120
12857,11274443,10
12858,11274443,30
12859,11274443,30
12860,11274443,30
12861,11274443,30
12862,11274443,40
12863,11274443,110
12864,1063997,8560
12865,11274443,10
12866,1609,500000
12867,11274443,90
12868,1063997,7880
12869,11274443,30
12870,11274443,20
12871,11274443,20
12872,1063997,6820
12873,1063997,20760
12874,11274443,40
12875,11274443,20
12876,11274443,20
12877,11274443,30
12878,11274443,10
12879,11274443,60
12880,11274443,10
12881,11274443,20
12882,11274443,30
12883,11274443,50
12884,11274443,10
12885,11274443,10
12886,11274443,50
12887,11274443,10
12888,1063997,11440
12889,11274443,20
12890,11274443,10
12891,11274443,30
12892,11274443,80
12893,11274443,10
12894,11274443,20
12895,11274443,10
12896,11274443,110
12897,11274443,20
12898,11274443,210
12899,11274443,30
12900,11274443,30
12901,11274443,10
12902,11274443,20
12903,11274443,10
12904,11274443,50
12905,11274443,150
12906,11274443,40
12907,11274443,30
12908,1063997,8330
12909,11274443,10
12910,1609,500000
12911,11274443,50
12912,11274443,30
12913,1609,500000
12914,11274443,30
12915,11274443,40
12916,11274443,50
12917,11274443,20
12918,11274443,60
12919,11274443,10
12920,11274443,30
12921,11274443,10
12922,11274443,20
12923,1609,500000
12924,11274443,10
12925,11274443,20
12926,11274443,70
12927,1063997,6530
12928,11274443,20
12929,11274443,10
12930,11274443,50
12931,11274443,20
12932,11274443,20
12933,11274443,70
12934,11274443,70
12935,11274443,20
12936,11274443,20
12937,11274443,30
12938,1609,500000
12939,11274443,10
12940,11274443,50
12941,11274443,10
12942,85985806,0
12943,11274443,20
12944,11274443,10
12945,11274443,20
12946,1609,500000
12947,11274443,30
12948,11274443,50
12949,11274443,60
12950,11274443,10
12951,1063997,9970
12952,11274443,10
12953,1063997,5690
12954,11274443,10
12955,11274443,30
12956,85985806,0
12957,11274443,20
12958,11274443,20
12959,11274443,10
12960,11274443,20
12961,11274443,40
12962,11274443,50
12963,11274443,20
12964,11274443,20
12965,11274443,30
12966,11274443,10
12967,11274443,10
12968,11274443,10
12969,11274443,50
12970,11274443,60
12971,85985806,0
12972,11274443,30
12973,11274443,40
12974,11274443,150
12975,11274443,10
12976,11274443,10
12977,11274443,40
12978,11274443,40
12979,11274443,20
12980,11274443,20
12981,11274443,20
12982,11274443,10
12983,1609,500000
12984,11274443,20
12985,1609,500000
12986,1063997,8290
12987,11274443,10
12988,11274443,10
12989,11274443,10
12990,11274443,60
12991,11274443,30
12992,11274443,80
12993,11274443,30
12994,1063997,32640
12995,11274443,40
12996,85985806,0
12997,11274443,20
12998,11274443,40
12999,11274443,10
13000,11274443,60
13001,11274443,70
13002,11274443,10
13003,11274443,50
13004,85985806,0
13005,11274443,20
13006,11274443,110
13007,11274443,10
13008,11274443,10
13009,11274443,30
13010,11274443,10
13011,11274443,20
13012,11274443,30
13013,11274443,10
13014,11274443,20
13015,1609,500000
13016,11274443,90
13017,1609,500000
13018,11274443,40
13019,11274443,30
13020,1063997,16990
13021,11274443,20
13022,11274443,50
13023,11274443,10
13024,11274443,30
13025,11274443,30
13026,11274443,20
13027,11274443,10
13028,11274443,20
13029,11274443,30
13030,1063997,7450
13031,1063997,5890
13032,11274443,10
13033,11274443,10
13034,11274443,30
13035,11274443,30
13036,11274443,10
13037,11274443,20
13038,11274443,40
13039,11274443,40
13040,11274443,70
13041,11274443,30
13042,1063997,5200
13043,1609,500000
13044,11274443,10
13045,11274443,10
13046,11274443,20
13047,11274443,110
13048,11274443,10
13049,11274443,60
13050,11274443,40
13051,11274443,10
13052,11274443,30
13053,11274443,10
13054,11274443,20
13055,11274443,60
13056,11274443,50
13057,11274443,40
13058,11274443,20
13059,11274443,10
13060,11274443,10
13061,11274443,110
13062,11274443,10
13063,11274443,20
13064,11274443,20
13065,85985806,0
13066,11274443,20
13067,11274443,220
13068,11274443,80
13069,11274443,40
13070,11274443,20
13071,11274443,30
13072,11274443,30
13073,11274443,30
13074,11274443,40
13075,11274443,10
13076,11274443,90
13077,11274443,20
13078,11274443,70
13079,11274443,40
13080,11274443,10
13081,11274443,10
13082,11274443,20
13083,1609,500000
13084,11274443,20
13085,11274443,30
13086,11274443,30
13087,11274443,50
13088,11274443,10
13089,11274443,80
13090,1063997,7350
13091,11274443,50
13092,11274443,30
13093,11274443,20
13094,11274443,30
13095,11274443,10
13096,11274443,30
13097,11274443,60
13098,11274443,10
13099,11274443,20
13100,11274443,20
13101,11274443,60
13102,11274443,10
13103,11274443,20
13104,11274443,50
13105,11274443,150
13106,11274443,20
13107,11274443,40
13108,11274443,10
13109,11274443,20
13110,11274443,10
13111,11274443,20
13112,11274443,10
13113,11274443,40
13114,11274443,10
13115,11274443,30
13116,11274443,20
13117,11274443,20
13118,11274443,20
13119,11274443,30
13120,11274443,20
13121,1063997,5100
13122,1609,500000
13123,11274443,20
13124,11274443,30
13125,11274443,30
13126,11274443,20
13127,11274443,40
13128,11274443,30
13129,11274443,40
13130,11274443,40
13131,11274443,10
13132,11274443,50
13133,1609,500000
13134,11274443,20
13135,11274443,10
13136,11274443,10
13137,1609,500000
13138,11274443,10
13139,11274443,50
13140,11274443,20
13141,11274443,30
13142,11274443,10
13143,11274443,10
13144,11274443,30
13145,1609,500000
13146,1609,500000
13147,11274443,80
13148,1609,500000
13149,1063997,9080
13150,11274443,40
13151,11274443,30
13152,11274443,20
13153,1609,500000
13154,11274443,30
13155,11274443,50
13156,11274443,40
13157,11274443,60
13158,11274443,50
13159,11274443,60
13160,11274443,80
13161,11274443,10
13162,11274443,30
13163,11274443,40
13164,11274443,60
13165,11274443,20
13166,11274443,40
13167,11274443,20
13168,11274443,40
13169,11274443,10
13170,11274443,10
13171,11274443,20
13172,1609,500000
13173,85985806,0
13174,11274443,30
13175,11274443,20
13176,11274443,30
13177,11274443,10
13178,11274443,20
13179,11274443,20
13180,11274443,10
13181,1063997,53390
13182,11274443,70
13183,11274443,20
13184,11274443,40
13185,11274443,50
13186,11274443,20
13187,1063997,14600
13188,11274443,30
13189,11274443,40
13190,11274443,10
13191,11274443,50
13192,85985806,0
13193,11274443,150
13194,11274443,20
13195,11274443,30
13196,11274443,30
13197,11274443,60
13198,11274443,10
13199,11274443,10
13200,11274443,20
13201,11274443,20
13202,11274443,30
13203,11274443,80
13204,85985806,0
13205,11274443,90
13206,11274443,20
13207,1063997,10430
13208,11274443,50
13209,11274443,90
13210,11274443,20
13211,11274443,50
13212,1609,500000
13213,11274443,40
13214,11274443,10
13215,1063997,10830
13216,11274443,30
13217,11274443,60
13218,11274443,10
13219,85985806,0
13220,11274443,10
13221,85985806,0
13222,11274443,10
13223,11274443,20
13224,11274443,40
13225,11274443,30
13226,11274443,20
13227,1609,500000
13228,11274443,10
13229,11274443,20
13230,11274443,30
13231,11274443,10
13232,1063997,9360
13233,11274443,20
13234,11274443,30
13235,11274443,20
13236,11274443,30
13237,11274443,40
13238,11274443,40
13239,11274443,10
13240,11274443,30
13241,11274443,40
13242,11274443,60
13243,11274443,30
13244,11274443,40
13245,11274443,10
13246,11274443,10
13247,11274443,50
13248,11274443,10
13249,11274443,10
13250,11274443,20
13251,11274443,30
13252,11274443,50
13253,11274443,30
13254,11274443,40
13255,1063997,8230
13256,11274443,90
13257,11274443,20
13258,11274443,30
13259,11274443,20
13260,11274443,30
13261,11274443,60
13262,11274443,30
13263,1609,500000
13264,11274443,70
13265,11274443,20
13266,11274443,40
13267,11274443,40
13268,11274443,10
13269,11274443,10
13270,11274443,30
13271,11274443,30
13272,11274443,10
13273,11274443,60
13274,11274443,40
13275,11274443,50
13276,11274443,20
13277,11274443,30
13278,11274443,40
13279,11274443,40
13280,1609,500000
13281,1063997,8290
13282,1609,500000
13283,11274443,20
13284,1609,500000
13285,11274443,10
13286,11274443,10
13287,11274443,30
13288,11274443,10
13289,11274443,30
13290,11274443,60
13291,11274443,50
13292,85985806,0
13293,11274443,20
13294,11274443,30
13295,11274443,10
13296,11274443,20
13297,85985806,0
13298,85985806,0
13299,11274443,30
13300,11274443,50
13301,11274443,30
13302,11274443,40
13303,11274443,30
13304,11274443,60
13305,11274443,30
13306,11274443,20
13307,11274443,70
13308,11274443,30
13309,11274443,30
13310,11274443,30
13311,1063997,7680
13312,11274443,30
13313,11274443,10
13314,11274443,40
13315,11274443,30
13316,11274443,150
13317,11274443,30
13318,11274443,20
13319,11274443,10
13320,11274443,50
13321,11274443,50
13322,11274443,10
13323,11274443,10
13324,11274443,30
13325,11274443,20
13326,11274443,30
13327,11274443,40
13328,11274443,40
13329,11274443,40
13330,11274443,80
13331,11274443,60
13332,1609,500000
13333,11274443,40
13334,11274443,30
13335,11274443,10
13336,11274443,40
13337,11274443,40
13338,11274443,30
13339,11274443,10
13340,11274443,10
13341,11274443,20
13342,11274443,40
13343,11274443,40
13344,1063997,10880
13345,1609,500000
13346,11274443,40
13347,11274443,10
13348,11274443,40
13349,11274443,90
13350,1063997,5450
13351,1609,500000
13352,11274443,70
13353,11274443,10
13354,11274443,20
13355,11274443,70
13356,11274443,40
13357,11274443,80
13358,11274443,20
13359,11274443,80
13360,11274443,80
13361,11274443,20
13362,11274443,30
13363,11274443,10
13364,11274443,30
13365,11274443,110
13366,11274443,30
13367,11274443,20
13368,11274443,200
13369,11274443,60
13370,11274443,70
13371,11274443,50
13372,1063997,4430
13373,11274443,80
13374,11274443,10
13375,11274443,30
13376,11274443,20
13377,11274443,40
13378,11274443,30
13379,11274443,160
13380,1609,500000
13381,11274443,30
13382,11274443,20
13383,11274443,20
13384,11274443,10
13385,11274443,60
13386,11274443,20
13387,11274443,10
13388,11274443,80
13389,11274443,20
13390,11274443,30
13391,11274443,20
13392,11274443,70
13393,11274443,50
13394,11274443,30
13395,11274443,10
13396,11274443,10
13397,11274443,20
13398,11274443,20
13399,11274443,20
13400,1063997,7290
13401,11274443,20
13402,11274443,40
13403,1609,500000
13404,11274443,20
13405,11274443,20
13406,11274443,80
13407,11274443,10
13408,1609,500000
13409,11274443,30
13410,11274443,10
13411,11274443,20
13412,11274443,20
13413,1063997,6510
13414,1609,500000
13415,11274443,10
13416,11274443,10
13417,11274443,20
13418,11274443,10
13419,11274443,20
13420,11274443,10
13421,11274443,90
13422,11274443,20
13423,11274443,30
13424,11274443,70
13425,11274443,20
13426,11274443,10
13427,11274443,30
13428,11274443,50
13429,1063997,9690
13430,11274443,50
13431,11274443,50
13432,1063997,8830
13433,11274443,50
13434,11274443,120
13435,11274443,10
13436,11274443,20
13437,11274443,40
13438,11274443,60
13439,11274443,40
13440,11274443,20
13441,11274443,20
13442,11274443,20
13443,11274443,50
13444,11274443,20
13445,11274443,20
13446,11274443,20
13447,11274443,10
13448,11274443,30
13449,1063997,6000
13450,11274443,30
13451,1609,500000
13452,11274443,60
13453,11274443,20
13454,1063997,10620
13455,11274443,10
13456,11274443,50
13457,11274443,30
13458,11274443,20
13459,11274443,60
13460,1609,500000
13461,11274443,30
13462,11274443,40
13463,11274443,50
13464,11274443,30
13465,1609,500000
13466,11274443,80
13467,11274443,30
13468,11274443,30
13469,11274443,20
13470,11274443,10
13471,1609,500000
13472,1063997,7650
13473,11274443,10
13474,11274443,90
13475,11274443,80
13476,11274443,20
13477,11274443,150
13478,11274443,20
13479,11274443,30
13480,11274443,10
13481,11274443,120
13482,11274443,20
13483,11274443,80
13484,11274443,80
13485,11274443,30
13486,11274443,40
13487,11274443,30
13488,85985806,0
13489,11274443,20
13490,11274443,20
13491,1609,500000
13492,11274443,40
13493,11274443,30
13494,11274443,10
13495,11274443,40
13496,11274443,30
13497,11274443,60
13498,11274443,30
13499,11274443,20
13500,11274443,20
13501,11274443,20
13502,1063997,13830
13503,11274443,10
13504,1609,500000
13505,11274443,150
13506,11274443,110
13507,11274443,30
13508,11274443,110
13509,11274443,30
13510,11274443,50
13511,11274443,70
13512,11274443,40
13513,11274443,60
13514,1609,500000
13515,11274443,10
13516,1609,500000
13517,11274443,150
13518,11274443,60
13519,11274443,10
13520,11274443,20
13521,11274443,10
13522,11274443,50
13523,11274443,80
13524,11274443,150
13525,1063997,8760
13526,1609,500000
13527,11274443,10
13528,11274443,10
13529,1609,500000
13530,1063997,6370
13531,11274443,80
13532,11274443,100
13533,11274443,10
13534,11274443,30
13535,11274443,30
13536,1609,500000
13537,11274443,110
13538,11274443,50
13539,11274443,80
13540,11274443,160
13541,11274443,20
13542,11274443,10
13543,11274443,10
13544,11274443,30
13545,11274443,30
13546,1609,500000
13547,11274443,30
13548,85985806,0
13549,11274443,10
13550,11274443,10
13551,11274443,20
13552,1063997,6190
13553,11274443,10
13554,11274443,10
13555,11274443,10
13556,1063997,13440
13557,11274443,30
13558,11274443,30
13559,11274443,120
13560,11274443,20
13561,11274443,150
13562,1063997,7410
13563,1609,500000
13564,11274443,10
13565,1609,500000
13566,85985806,0
13567,11274443,150
13568,11274443,20
13569,1063997,8580
13570,11274443,30
13571,11274443,10
13572,11274443,10
13573,11274443,70
13574,11274443,110
13575,11274443,10
13576,11274443,20
13577,11274443,10
13578,1609,500000
13579,11274443,20
13580,11274443,40
13581,1609,500000
13582,1063997,6630
13583,11274443,20
13584,11274443,30
13585,11274443,60
13586,11274443,30
13587,85985806,0
13588,1063997,8060
13589,11274443,30
13590,11274443,20
13591,11274443,70
13592,11274443,10
13593,11274443,10
13594,85985806,0
13595,11274443,60
13596,11274443,50
13597,11274443,10
13598,11274443,10
13599,11274443,20
13600,11274443,10
13601,11274443,30
13602,11274443,30
13603,11274443,50
13604,11274443,40
13605,11274443,30
13606,11274443,10
13607,11274443,20
13608,11274443,60
13609,11274443,100
13610,11274443,30
13611,11274443,50
13612,1609,500000
13613,11274443,20
13614,11274443,20
13615,11274443,20
13616,11274443,40
13617,1063997,8400
13618,11274443,20
13619,11274443,30
13620,11274443,10
13621,11274443,20
13622,11274443,10
13623,11274443,60
13624,11274443,20
13625,1609,500000
13626,1609,500000
13627,11274443,50
13628,11274443,20
13629,11274443,40
13630,11274443,20
13631,11274443,50
13632,11274443,20
13633,11274443,290
13634,11274443,40
13635,11274443,60
13636,11274443,50
13637,11274443,10
13638,11274443,50
13639,1063997,80850
13640,11274443,110
13641,11274443,10
13642,11274443,80
13643,11274443,20
13644,11274443,20
13645,1063997,10960
13646,11274443,10
13647,1609,500000
13648,1063997,6630
13649,11274443,20
13650,11274443,20
13651,11274443,20
13652,11274443,10
13653,1609,500000
13654,11274443,10
13655,11274443,10
13656,11274443,40
13657,11274443,20
13658,11274443,80
13659,11274443,20
13660,11274443,10
13661,11274443,20
13662,11274443,10
13663,11274443,20
13664,11274443,10
13665,11274443,10
13666,11274443,90
13667,1609,500000
13668,11274443,20
13669,11274443,10
13670,11274443,20
13671,11274443,50
13672,85985806,0
13673,11274443,40
13674,11274443,30
13675,11274443,110
13676,11274443,40
13677,11274443,10
13678,11274443,20
13679,11274443,110
13680,11274443,10
13681,11274443,10
13682,11274443,30
13683,11274443,20
13684,11274443,20
13685,11274443,10
13686,11274443,20
13687,11274443,10
13688,11274443,40
13689,11274443,30
13690,1609,500000
13691,11274443,40
13692,11274443,20
13693,11274443,10
13694,11274443,30
13695,1063997,13000
13696,1063997,8840
13697,11274443,40
13698,1609,500000
13699,1063997,6620
13700,11274443,80
13701,11274443,50
13702,11274443,10
13703,11274443,50
13704,11274443,70
13705,11274443,20
13706,11274443,30
13707,1609,500000
13708,11274443,30
13709,11274443,30
13710,11274443,40
13711,11274443,70
13712,11274443,10
13713,11274443,40
13714,11274443,40
13715,11274443,10
13716,11274443,10
13717,11274443,30
13718,11274443,20
13719,11274443,30
13720,11274443,110
13721,11274443,10
13722,11274443,20
13723,11274443,130
13724,11274443,20
13725,85985806,0
13726,11274443,110
13727,11274443,20
13728,11274443,10
13729,11274443,20
13730,11274443,30
13731,11274443,10
13732,11274443,50
13733,11274443,20
13734,1063997,12080
13735,1063997,8390
13736,11274443,10
13737,11274443,10
13738,11274443,20
13739,11274443,40
13740,11274443,60
13741,11274443,20
13742,11274443,20
13743,11274443,10
13744,11274443,10
13745,11274443,20
13746,11274443,20
13747,11274443,20
13748,11274443,30
13749,11274443,60
13750,11274443,40
13751,11274443,20
13752,11274443,20
13753,11274443,60
13754,11274443,30
13755,11274443,30
13756,11274443,70
13757,11274443,10
13758,11274443,20
13759,11274443,80
13760,11274443,60
13761,11274443,80
13762,1063997,8150
13763,11274443,40
13764,1063997,7680
13765,11274443,10
13766,11274443,20
13767,1609,500000
13768,11274443,40
13769,11274443,40
13770,11274443,40
13771,11274443,10
13772,11274443,20
13773,1609,500000
13774,11274443,40
13775,11274443,30
13776,1609,500000
13777,11274443,40
13778,11274443,40
13779,11274443,70
13780,11274443,40
13781,11274443,10
13782,1609,500000
13783,11274443,40
13784,11274443,30
13785,11274443,10
13786,1063997,9270
13787,11274443,30
13788,11274443,10
13789,11274443,10
13790,11274443,30
13791,11274443,10
13792,11274443,40
13793,11274443,80
13794,1609,500000
13795,11274443,20
13796,11274443,50
13797,11274443,30
13798,11274443,20
13799,1609,500000
13800,11274443,10
13801,11274443,20
13802,11274443,20
13803,1063997,14680
13804,11274443,50
13805,11274443,20
13806,11274443,40
13807,1063997,38710
13808,11274443,50
13809,11274443,20
13810,11274443,10
13811,11274443,10
13812,11274443,10
13813,11274443,20
13814,11274443,20
13815,11274443,40
13816,1609,500000
13817,11274443,30
13818,11274443,10
13819,1063997,6790
13820,11274443,150
13821,11274443,50
13822,11274443,20
13823,11274443,20
13824,11274443,20
13825,11274443,70
13826,11274443,30
13827,1063997,6820
13828,11274443,10
13829,11274443,20
13830,1063997,8360
13831,11274443,70
13832,11274443,20
13833,1609,500000
13834,11274443,30
13835,11274443,40
13836,11274443,70
13837,11274443,20
13838,11274443,20
13839,11274443,20
13840,11274443,10
13841,1609,500000
13842,11274443,70
13843,11274443,50
13844,1609,500000
13845,11274443,30
13846,11274443,30
13847,11274443,10
13848,11274443,20
13849,11274443,20
13850,11274443,110
13851,11274443,40
13852,1063997,15630
13853,11274443,40
13854,11274443,10
13855,11274443,20
13856,11274443,150
13857,11274443,20
13858,11274443,10
13859,11274443,10
13860,11274443,20
13861,1609,500000
13862,11274443,10
13863,1609,500000
13864,11274443,10
13865,1609,500000
13866,11274443,40
13867,11274443,20
13868,11274443,30
13869,11274443,10
13870,11274443,10
13871,11274443,30
13872,11274443,20
13873,11274443,20
13874,11274443,10
13875,11274443,70
13876,11274443,30
13877,11274443,70
13878,11274443,30
13879,11274443,100
13880,11274443,10
13881,1063997,5810
13882,1063997,13910
13883,11274443,40
13884,11274443,10
13885,11274443,40
13886,11274443,10
13887,11274443,50
13888,11274443,20
13889,11274443,60
13890,11274443,10
13891,11274443,150
13892,11274443,60
13893,11274443,60
13894,1609,500000
13895,11274443,10
13896,1063997,6320
13897,11274443,30
13898,11274443,10
13899,11274443,70
13900,11274443,10
13901,11274443,40
13902,11274443,10
13903,11274443,40
13904,11274443,20
13905,11274443,70
13906,1609,500000
13907,11274443,40
13908,11274443,40
13909,1063997,13550
13910,11274443,80
13911,11274443,40
13912,1063997,10420
13913,11274443,50
13914,85985806,0
13915,11274443,40
13916,11274443,10
13917,1609,500000
13918,11274443,10
13919,11274443,20
13920,11274443,110
13921,11274443,20
13922,11274443,70
13923,11274443,10
13924,11274443,150
13925,11274443,20
13926,11274443,20
13927,11274443,10
13928,11274443,60
13929,11274443,20
13930,1609,500000
13931,11274443,80
13932,11274443,20
13933,11274443,50
13934,11274443,30
13935,1063997,11430
13936,11274443,10
13937,11274443,10
13938,11274443,20
13939,11274443,30
13940,11274443,150
13941,11274443,40
13942,11274443,80
13943,11274443,150
13944,11274443,30
13945,11274443,10
13946,11274443,40
13947,11274443,10
13948,11274443,10
13949,11274443,50
13950,11274443,150
13951,1063997,13780
13952,11274443,20
13953,11274443,40
13954,11274443,30
13955,11274443,50
13956,1609,500000
13957,85985806,0
13958,11274443,20
13959,85985806,0
13960,11274443,30
13961,11274443,20
13962,11274443,20
13963,11274443,20
13964,11274443,20
13965,11274443,50
13966,11274443,50
13967,11274443,10
13968,11274443,70
13969,11274443,20
13970,11274443,20
13971,11274443,10
13972,11274443,10
13973,11274443,10
13974,11274443,20
13975,11274443,30
13976,11274443,10
13977,11274443,10
13978,11274443,20
13979,11274443,20
13980,11274443,80
13981,11274443,80
13982,11274443,20
13983,11274443,10
13984,1609,500000
13985,1063997,41140
13986,11274443,30
13987,11274443,10
13988,11274443,30
13989,11274443,40
13990,11274443,30
13991,11274443,70
13992,1063997,6890
13993,1063997,7370
13994,11274443,10
13995,11274443,40
13996,11274443,30
13997,11274443,20
13998,11274443,20
13999,11274443,30
14000,11274443,80
14001,11274443,10
14002,1609,500000
14003,11274443,40
14004,11274443,10
14005,11274443,40
14006,11274443,210
14007,11274443,30
14008,11274443,30
14009,11274443,10
14010,11274443,10
14011,11274443,30
14012,1609,500000
14013,11274443,20
14014,1609,500000
14015,11274443,20
14016,11274443,20
14017,11274443,30
14018,1063997,12110
14019,1609,500000
14020,11274443,20
14021,1063997,12660
14022,11274443,30
14023,11274443,40
14024,11274443,20
14025,11274443,160
14026,11274443,80
14027,11274443,60
14028,11274443,10
14029,11274443,10
14030,11274443,10
14031,1609,500000
14032,11274443,60
14033,11274443,20
14034,11274443,10
14035,11274443,30
14036,11274443,30
14037,11274443,10
14038,11274443,30
14039,1063997,6670
14040,11274443,50
14041,11274443,20
14042,11274443,20
14043,11274443,10
14044,1609,500000
14045,11274443,20
14046,11274443,20
14047,11274443,20
14048,11274443,10
14049,11274443,10
14050,85985806,0
14051,11274443,40
14052,1063997,7780
14053,11274443,60
14054,1063997,57390
14055,11274443,50
14056,1063997,10220
14057,11274443,50
14058,11274443,80
14059,11274443,20
14060,11274443,20
14061,1063997,6640
14062,11274443,40
14063,11274443,20
14064,11274443,150
14065,11274443,30
14066,11274443,40
14067,11274443,30
14068,11274443,80
14069,11274443,20
14070,11274443,10
14071,11274443,20
14072,11274443,10
14073,1609,500000
14074,11274443,40
14075,11274443,10
14076,11274443,10
14077,1063997,7180
14078,11274443,20
14079,11274443,30
14080,11274443,10
14081,11274443,30
14082,11274443,20
14083,11274443,40
14084,11274443,20
14085,11274443,30
14086,11274443,10
14087,11274443,10
14088,11274443,30
14089,11274443,10
14090,11274443,20
14091,11274443,60
14092,11274443,20
14093,11274443,30
14094,11274443,10
14095,11274443,20
14096,11274443,60
14097,11274443,20
14098,1609,500000
14099,11274443,20
14100,11274443,80
14101,11274443,20
14102,11274443,60
14103,11274443,120
14104,11274443,150
14105,11274443,40
14106,11274443,10
14107,11274443,20
14108,11274443,30
14109,11274443,40
14110,1063997,7190
14111,11274443,10
14112,11274443,10
14113,11274443,50
14114,11274443,30
14115,11274443,10
14116,11274443,10
14117,1609,500000
14118,11274443,70
14119,11274443,10
14120,11274443,30
14121,11274443,20
14122,11274443,10
14123,11274443,60
14124,11274443,10
14125,11274443,30
14126,11274443,50
14127,11274443,30
14128,11274443,10
14129,11274443,40
14130,11274443,10
14131,11274443,70
14132,1609,500000
14133,11274443,40
14134,11274443,20
14135,11274443,40
14136,11274443,20
14137,11274443,90
14138,11274443,10
14139,11274443,30
14140,1609,500000
14141,11274443,30
14142,11274443,30
14143,11274443,10
14144,11274443,60
14145,11274443,110
14146,1063997,4870
14147,11274443,40
14148,11274443,60
14149,1609,500000
14150,11274443,10
14151,11274443,30
14152,1063997,5500
14153,11274443,20
14154,85985806,0
14155,11274443,20
14156,11274443,10
14157,11274443,10
14158,11274443,10
14159,11274443,30
14160,11274443,20
14161,11274443,40
14162,11274443,30
14163,11274443,30
14164,11274443,90
14165,11274443,10
14166,1063997,12780
14167,11274443,20
14168,11274443,30
14169,11274443,30
14170,11274443,30
14171,1063997,12490
14172,11274443,80
14173,11274443,20
14174,11274443,30
14175,11274443,10
14176,11274443,20
14177,11274443,30
14178,1609,500000
14179,11274443,40
14180,11274443,50
14181,11274443,20
14182,11274443,10
14183,11274443,10
14184,11274443,40
14185,11274443,10
14186,11274443,10
14187,11274443,50
14188,11274443,10
14189,11274443,40
14190,11274443,20
14191,1063997,12350
14192,11274443,20
14193,1609,500000
14194,11274443,10
14195,85985806,0
14196,11274443,20
14197,1609,500000
14198,11274443,20
14199,11274443,10
14200,11274443,30
14201,11274443,10
14202,11274443,30
14203,11274443,10
14204,11274443,30
14205,11274443,10
14206,11274443,40
14207,1063997,15840
14208,11274443,80
14209,11274443,50
14210,11274443,70
14211,11274443,30
14212,11274443,10
14213,11274443,50
14214,11274443,30
14215,11274443,60
14216,11274443,30
14217,11274443,20
14218,1609,500000
14219,11274443,20
14220,1063997,9000
14221,11274443,40
14222,1609,500000
14223,11274443,10
14224,11274443,30
14225,11274443,60
14226,11274443,10
14227,11274443,10
14228,11274443,10
14229,11274443,10
14230,11274443,10
14231,11274443,20
14232,11274443,10
14233,11274443,30
14234,11274443,10
14235,11274443,30
14236,11274443,30
14237,11274443,30
14238,11274443,40
14239,11274443,90
14240,11274443,10
14241,11274443,90
14242,11274443,30
14243,11274443,50
14244,11274443,40
14245,11274443,10
14246,11274443,10
14247,1063997,11540
14248,11274443,20
14249,1063997,6780
14250,11274443,10
14251,11274443,10
14252,11274443,30
14253,11274443,10
14254,11274443,20
14255,11274443,20
14256,11274443,30
14257,11274443,10
14258,11274443,50
14259,11274443,10
14260,11274443,10
14261,11274443,40
14262,1609,500000
14263,11274443,30
14264,1609,500000
14265,11274443,30
14266,11274443,30
14267,11274443,30
14268,11274443,10
14269,11274443,10
14270,11274443,60
14271,1063997,4910
14272,11274443,50
14273,11274443,10
14274,11274443,20
14275,11274443,20
14276,11274443,70
14277,11274443,10
14278,11274443,10
14279,11274443,10
14280,11274443,10
14281,11274443,30
14282,11274443,30
14283,11274443,70
14284,11274443,30
14285,1609,500000
14286,11274443,40
14287,11274443,30
14288,11274443,40
14289,85985806,0
14290,11274443,70
14291,11274443,40
14292,11274443,30
14293,11274443,30
14294,11274443,10
14295,11274443,40
14296,11274443,50
14297,11274443,10
14298,11274443,10
14299,11274443,20
14300,11274443,40
14301,11274443,30
14302,11274443,50
14303,11274443,10
14304,11274443,10
14305,11274443,40
14306,11274443,50
14307,11274443,40
14308,11274443,30
14309,11274443,60
14310,11274443,20
14311,11274443,20
14312,11274443,30
14313,11274443,50
14314,11274443,10
14315,11274443,30
14316,11274443,10
14317,11274443,20
14318,11274443,150
14319,11274443,40
14320,11274443,30
14321,11274443,30
14322,11274443,10
14323,11274443,10
14324,11274443,20
14325,11274443,10
14326,11274443,30
14327,11274443,10
14328,11274443,20
14329,11274443,20
14330,11274443,20
14331,11274443,70
14332,11274443,20
14333,11274443,10
14334,11274443,20
14335,11274443,20
14336,11274443,30
14337,11274443,50
14338,11274443,30
14339,11274443,20
14340,11274443,10
14341,11274443,60
14342,11274443,150
14343,11274443,40
14344,11274443,20
14345,11274443,30
14346,11274443,10
14347,11274443,20
14348,11274443,30
14349,11274443,30
14350,11274443,20
14351,11274443,40
14352,11274443,30
14353,11274443,110
14354,11274443,10
14355,11274443,30
14356,11274443,10
14357,11274443,10
14358,1609,500000
14359,11274443,50
14360,11274443,20
14361,11274443,20
14362,11274443,70
14363,1609,500000
14364,1609,500000
14365,11274443,30
14366,11274443,10
14367,11274443,40
14368,11274443,30
14369,11274443,30
14370,11274443,80
14371,11274443,10
14372,11274443,20
14373,11274443,10
14374,11274443,40
14375,11274443,10
14376,11274443,20
14377,11274443,20
14378,11274443,20
14379,11274443,10
14380,11274443,10
14381,11274443,30
14382,1609,500000
14383,11274443,60
14384,11274443,50
14385,11274443,60
14386,11274443,10
14387,11274443,110
14388,11274443,20
14389,11274443,30
14390,11274443,20
14391,11274443,20
14392,11274443,70
14393,1609,500000
14394,11274443,20
14395,85985806,0
14396,11274443,20
14397,11274443,30
14398,11274443,20
14399,1609,500000
14400,11274443,120
14401,11274443,30
14402,11274443,10
14403,11274443,20
14404,11274443,110
14405,11274443,50
14406,11274443,110
14407,11274443,30
14408,11274443,10
14409,11274443,40
14410,11274443,70
14411,11274443,30
14412,11274443,10
14413,11274443,60
14414,11274443,20
14415,11274443,20
14416,11274443,20
14417,11274443,10
14418,11274443,70
14419,11274443,20
14420,11274443,20
14421,11274443,30
14422,11274443,10
14423,11274443,30
14424,11274443,10
14425,1063997,8460
14426,1063997,8360
14427,85985806,0
14428,11274443,10
14429,11274443,40
14430,1063997,7970
14431,1063997,9150
14432,11274443,30
14433,11274443,160
14434,11274443,30
14435,11274443,10
14436,11274443,20
14437,11274443,20
14438,11274443,20
14439,11274443,20
14440,11274443,10
14441,11274443,20
14442,11274443,40
14443,11274443,20
14444,11274443,10
14445,1063997,7030
14446,11274443,30
14447,11274443,20
14448,11274443,10
14449,11274443,40
14450,11274443,50
14451,11274443,40
14452,11274443,30
14453,11274443,20
14454,11274443,30
14455,1609,500000
14456,11274443,20
14457,11274443,80
14458,11274443,20
14459,11274443,10
14460,11274443,10
14461,11274443,20
14462,11274443,70
14463,11274443,10
14464,11274443,40
14465,11274443,50
14466,11274443,10
14467,11274443,30
14468,11274443,30
14469,11274443,150
14470,1609,500000
14471,11274443,10
14472,11274443,80
14473,11274443,40
14474,11274443,20
14475,11274443,20
14476,11274443,20
14477,11274443,10
14478,11274443,80
14479,11274443,30
14480,1063997,10600
14481,11274443,20
14482,11274443,10
14483,11274443,80
14484,11274443,50
14485,11274443,110
14486,11274443,30
14487,11274443,10
14488,11274443,20
14489,11274443,30
14490,11274443,30
14491,11274443,20
14492,11274443,10
14493,11274443,10
14494,11274443,10
14495,1609,500000
14496,11274443,40
14497,11274443,30
14498,11274443,30
14499,11274443,30
14500,11274443,20
14501,11274443,10
14502,11274443,40
14503,11274443,30
14504,11274443,10
14505,1609,500000
14506,11274443,10
14507,11274443,30
14508,11274443,30
14509,11274443,10
14510,11274443,30
14511,1609,500000
14512,11274443,10
14513,11274443,30
14514,11274443,60
14515,11274443,20
14516,11274443,10
14517,11274443,10
14518,11274443,10
14519,11274443,10
14520,11274443,30
14521,11274443,40
14522,11274443,10
14523,11274443,50
14524,11274443,20
14525,1063997,5940
14526,11274443,20
14527,11274443,40
14528,11274443,20
14529,11274443,70
14530,11274443,60
14531,1063997,11330
14532,11274443,10
14533,11274443,20
14534,11274443,20
14535,1063997,6140
14536,11274443,10
14537,11274443,20
14538,11274443,20
14539,11274443,30
14540,11274443,20
14541,11274443,10
14542,11274443,80
14543,11274443,10
14544,11274443,50
14545,11274443,10
14546,11274443,20
14547,11274443,70
14548,11274443,30
14549,11274443,60
14550,11274443,150
14551,11274443,30
14552,11274443,40
14553,11274443,150
14554,11274443,40
14555,11274443,40
14556,1609,500000
14557,1609,500000
14558,1609,500000
14559,11274443,10
14560,1063997,9010
14561,11274443,40
14562,11274443,210
14563,11274443,40
14564,11274443,10
14565,11274443,50
14566,11274443,30
14567,11274443,150
14568,1609,500000
14569,11274443,10
14570,1609,500000
14571,11274443,110
14572,11274443,40
14573,11274443,40
14574,11274443,20
14575,11274443,20
14576,11274443,30
14577,11274443,30
14578,1609,500000
14579,11274443,70
14580,11274443,30
14581,1063997,7930
14582,11274443,30
14583,11274443,10
14584,11274443,10
14585,11274443,10
14586,11274443,20
14587,11274443,50
14588,11274443,40
14589,11274443,20
14590,11274443,150
14591,11274443,60
14592,11274443,20
14593,11274443,70
14594,11274443,50
14595,11274443,20
14596,11274443,50
14597,11274443,30
14598,11274443,30
14599,11274443,10
14600,1609,500000
14601,1609,500000
14602,11274443,50
14603,11274443,10
14604,1063997,6620
14605,11274443,10
14606,11274443,40
14607,11274443,30
14608,11274443,10
14609,11274443,30
14610,11274443,20
14611,11274443,30
14612,11274443,30
14613,11274443,60
14614,11274443,60
14615,11274443,50
14616,11274443,30
14617,11274443,10
14618,11274443,30
14619,11274443,50
14620,11274443,30
14621,11274443,80
14622,11274443,30
14623,11274443,20
14624,11274443,20
14625,85985806,0
14626,11274443,20
14627,11274443,10
14628,11274443,10
14629,11274443,10
14630,11274443,20
14631,11274443,20
14632,11274443,40
14633,11274443,40
14634,11274443,50
14635,11274443,80
14636,1063997,11620
14637,11274443,20
14638,11274443,10
14639,11274443,10
14640,11274443,30
14641,11274443,10
14642,11274443,40
14643,11274443,30
14644,11274443,50
14645,11274443,150
14646,11274443,30
14647,11274443,20
14648,11274443,40
14649,11274443,20
14650,11274443,40
14651,11274443,20
14652,11274443,10
14653,11274443,20
14654,11274443,10
14655,11274443,10
14656,11274443,10
14657,11274443,20
14658,11274443,30
14659,11274443,40
14660,11274443,30
14661,11274443,70
14662,11274443,40
14663,11274443,70
14664,11274443,40
14665,11274443,20
14666,11274443,10
14667,11274443,10
14668,11274443,10
14669,11274443,70
14670,11274443,40
14671,11274443,30
14672,11274443,30
14673,11274443,30
14674,11274443,50
14675,11274443,30
14676,11274443,40
14677,1063997,6990
14678,11274443,40
14679,11274443,40
14680,11274443,110
14681,11274443,110
14682,11274443,50
14683,11274443,30
14684,11274443,20
14685,11274443,50
14686,11274443,30
14687,11274443,40
14688,11274443,10
14689,11274443,30
14690,11274443,40
14691,11274443,80
14692,11274443,30
14693,11274443,10
14694,11274443,40
14695,11274443,10
14696,11274443,30
14697,11274443,20
14698,11274443,10
14699,11274443,20
14700,1609,500000
14701,11274443,10
14702,11274443,10
14703,11274443,10
14704,11274443,110
14705,11274443,80
14706,11274443,20
14707,11274443,30
14708,11274443,30
14709,11274443,10
14710,1063997,8530
14711,11274443,10
14712,11274443,100
14713,11274443,30
14714,11274443,40
14715,11274443,10
14716,11274443,30
14717,11274443,40
14718,11274443,30
14719,1063997,14220
14720,11274443,10
14721,11274443,10
14722,11274443,30
14723,11274443,60
14724,11274443,20
14725,11274443,150
14726,11274443,60
14727,11274443,40
14728,1609,500000
14729,11274443,20
14730,11274443,20
14731,11274443,40
14732,11274443,30
14733,11274443,20
14734,11274443,110
14735,11274443,30
14736,11274443,50
14737,11274443,40
14738,1609,500000
14739,1609,500000
14740,11274443,20
14741,85985806,0
14742,11274443,30
14743,11274443,20
14744,11274443,30
14745,11274443,80
14746,11274443,30
14747,11274443,20
14748,11274443,10
14749,11274443,30
14750,11274443,30
14751,11274443,30
14752,11274443,10
14753,11274443,30
14754,11274443,10
14755,1609,500000
14756,11274443,30
14757,11274443,40
14758,11274443,30
14759,11274443,20
14760,11274443,50
14761,11274443,170
14762,11274443,20
14763,11274443,20
14764,11274443,30
14765,11274443,30
14766,11274443,30
14767,11274443,150
14768,11274443,50
14769,11274443,30
14770,11274443,10
14771,11274443,50
14772,11274443,10
14773,11274443,40
14774,11274443,20
14775,11274443,30
14776,1063997,8250
14777,11274443,50
14778,11274443,30
14779,11274443,10
14780,11274443,40
14781,11274443,30
14782,11274443,40
14783,11274443,30
14784,11274443,10
14785,11274443,10
14786,1609,500000
14787,11274443,20
14788,11274443,10
14789,11274443,10
14790,11274443,20
14791,11274443,20
14792,11274443,150
14793,11274443,10
14794,11274443,10
14795,11274443,10
14796,11274443,30
14797,11274443,20
14798,1063997,5490
14799,11274443,80
14800,11274443,10
14801,11274443,20
14802,11274443,10
14803,11274443,30
14804,1063997,7430
14805,11274443,10
14806,11274443,20
14807,11274443,80
14808,11274443,50
14809,11274443,20
14810,11274443,30
14811,11274443,30
14812,11274443,10
14813,11274443,30
14814,11274443,30
14815,11274443,50
14816,11274443,30
14817,11274443,110
14818,11274443,20
14819,11274443,20
14820,11274443,150
14821,11274443,10
14822,11274443,40
14823,11274443,40
14824,11274443,20
14825,85985806,0
14826,11274443,30
14827,11274443,30
14828,11274443,150
14829,1609,500000
14830,11274443,40
14831,85985806,0
14832,11274443,80
14833,11274443,30
14834,11274443,50
14835,11274443,30
14836,11274443,60
14837,11274443,30
14838,11274443,10
14839,11274443,30
14840,1609,500000
14841,11274443,60
14842,11274443,40
14843,85985806,0
14844,11274443,80
14845,1063997,9010
14846,1063997,8780
14847,11274443,30
14848,11274443,20
14849,1063997,9760
14850,11274443,10
14851,11274443,20
14852,11274443,20
14853,11274443,80
14854,11274443,50
14855,11274443,10
14856,11274443,10
14857,11274443,10
14858,1063997,8640
14859,11274443,30
14860,11274443,50
14861,11274443,10
14862,11274443,50
14863,11274443,40
14864,11274443,20
14865,11274443,80
14866,11274443,40
14867,11274443,80
14868,11274443,40
14869,11274443,30
14870,11274443,10
14871,11274443,10
14872,11274443,20
14873,11274443,20
14874,11274443,30
14875,11274443,40
14876,11274443,10
14877,11274443,10
14878,11274443,20
14879,11274443,30
14880,11274443,10
14881,11274443,60
14882,11274443,30
14883,11274443,20
14884,11274443,50
14885,11274443,40
14886,11274443,20
14887,1609,500000
14888,11274443,30
14889,11274443,10
14890,11274443,30
14891,1063997,34240
14892,11274443,10
14893,11274443,10
14894,11274443,20
14895,11274443,10
14896,11274443,30
14897,11274443,30
14898,11274443,50
14899,11274443,30
14900,11274443,20
14901,11274443,30
14902,11274443,20
14903,11274443,20
14904,11274443,10
14905,11274443,40
14906,1609,500000
14907,11274443,50
14908,11274443,30
14909,11274443,20
14910,11274443,10
14911,11274443,40
14912,11274443,10
14913,11274443,30
14914,11274443,40
14915,11274443,30
14916,11274443,40
14917,11274443,40
14918,1063997,9590
14919,11274443,20
14920,11274443,40
14921,11274443,50
14922,11274443,30
14923,11274443,20
14924,11274443,30
14925,11274443,30
14926,11274443,20
14927,1609,500000
14928,11274443,10
14929,11274443,20
14930,11274443,50
14931,11274443,30
14932,11274443,20
14933,11274443,30
14934,11274443,20
14935,1609,500000
14936,11274443,10
14937,11274443,20
14938,11274443,40
14939,11274443,10
14940,1063997,5500
14941,11274443,10
14942,11274443,60
14943,11274443,30
14944,11274443,20
14945,11274443,10
14946,11274443,10
14947,11274443,20
14948,11274443,20
14949,11274443,40
14950,11274443,60
14951,11274443,20
14952,11274443,40
14953,11274443,10
14954,1063997,12810
14955,11274443,20
14956,11274443,20
14957,11274443,30
14958,1609,500000
14959,11274443,10
14960,11274443,20
14961,11274443,30
14962,1609,500000
14963,11274443,30
14964,11274443,150
14965,1609,500000
14966,11274443,10
14967,85985806,0
14968,11274443,10
14969,11274443,40
14970,11274443,20
14971,1609,500000
14972,11274443,20
14973,11274443,40
14974,11274443,20
14975,11274443,40
14976,11274443,50
14977,11274443,10
14978,11274443,40
14979,11274443,50
14980,11274443,20
14981,11274443,20
14982,11274443,40
14983,11274443,10
14984,11274443,30
14985,11274443,30
14986,11274443,50
14987,1063997,22380
14988,11274443,60
14989,11274443,30
14990,11274443,90
14991,1609,500000
14992,11274443,30
14993,11274443,20
14994,11274443,40
14995,1609,500000
14996,11274443,20
14997,11274443,80
14998,11274443,30
14999,11274443,30
15000,1063997,9930
15001,11274443,70
15002,11274443,20
15003,11274443,30
15004,1609,500000
15005,11274443,70
15006,11274443,20
15007,11274443,30
15008,11274443,20
15009,11274443,10
15010,1609,500000
15011,1063997,9290
15012,11274443,20
15013,11274443,20
15014,11274443,20
15015,11274443,10
15016,11274443,30
15017,11274443,30
15018,11274443,10
15019,11274443,20
15020,11274443,110
15021,11274443,40
15022,11274443,40
15023,11274443,30
15024,11274443,60
15025,11274443,30
15026,11274443,10
15027,11274443,10
15028,11274443,60
15029,85985806,0
15030,11274443,20
15031,11274443,30
15032,11274443,30
15033,11274443,10
15034,11274443,10
15035,11274443,40
15036,11274443,30
15037,1063997,5600
15038,11274443,20
15039,1063997,8230
15040,11274443,70
15041,11274443,80
15042,1609,500000
15043,85985806,0
15044,11274443,40
15045,11274443,20
15046,11274443,30
15047,11274443,20
15048,11274443,30
15049,11274443,50
15050,11274443,10
15051,11274443,40
15052,11274443,40
15053,11274443,80
15054,11274443,10
15055,1063997,7830
15056,11274443,10
15057,11274443,20
15058,11274443,40
15059,1063997,7350
15060,85985806,0
15061,11274443,10
15062,11274443,20
15063,11274443,30
15064,11274443,10
15065,11274443,10
15066,11274443,70
15067,11274443,30
15068,11274443,20
15069,11274443,20
15070,11274443,10
15071,11274443,30
15072,11274443,40
15073,11274443,40
15074,11274443,30
15075,11274443,20
15076,1063997,8660
15077,11274443,40
15078,1063997,5380
15079,1609,500000
15080,11274443,70
15081,11274443,20
15082,11274443,110
15083,11274443,10
15084,11274443,10
15085,1063997,6080
15086,11274443,20
15087,11274443,80
15088,11274443,20
15089,11274443,30
15090,11274443,30
15091,1063997,5870
15092,11274443,30
15093,11274443,10
15094,11274443,30
15095,11274443,10
15096,1609,500000
15097,11274443,10
15098,1063997,21330
15099,11274443,10
15100,11274443,10
15101,11274443,20
15102,11274443,30
15103,1609,500000
15104,11274443,80
15105,11274443,30
15106,11274443,30
15107,11274443,40
15108,11274443,10
15109,11274443,40
15110,11274443,80
15111,11274443,30
15112,11274443,20
15113,11274443,60
15114,11274443,30
15115,11274443,30
15116,1609,500000
15117,1063997,11980
15118,11274443,40
15119,11274443,30
15120,11274443,20
15121,11274443,30
15122,11274443,20
15123,11274443,30
15124,11274443,70
15125,11274443,20
15126,11274443,20
15127,1609,500000
15128,11274443,60
15129,11274443,40
15130,11274443,20
15131,11274443,30
15132,11274443,60
15133,11274443,20
15134,11274443,70
15135,1609,500000
15136,1609,500000
15137,11274443,20
15138,85985806,0
15139,1063997,16090
15140,11274443,30
15141,1609,500000
15142,11274443,40
15143,11274443,30
15144,11274443,10
15145,11274443,110
15146,11274443,20
15147,11274443,20
15148,11274443,20
15149,11274443,40
15150,11274443,30
15151,11274443,10
15152,11274443,50
15153,11274443,40
15154,11274443,20
15155,11274443,80
15156,11274443,80
15157,11274443,30
15158,11274443,40
15159,11274443,20
15160,11274443,20
15161,11274443,40
15162,1063997,6210
15163,11274443,40
15164,11274443,30
15165,11274443,20
15166,11274443,20
15167,11274443,30
15168,11274443,20
15169,11274443,10
15170,1063997,5890
15171,11274443,30
15172,11274443,40
15173,11274443,10
15174,11274443,50
15175,11274443,10
15176,11274443,30
15177,11274443,10
15178,1063997,4750
15179,11274443,30
15180,11274443,30
15181,11274443,20
15182,11274443,20
15183,11274443,30
15184,11274443,10
15185,11274443,20
15186,11274443,10
15187,11274443,30
15188,11274443,10
15189,11274443,20
15190,11274443,60
15191,11274443,20
15192,1063997,6900
15193,1609,500000
15194,11274443,10
15195,1609,500000
15196,11274443,10
15197,1063997,7830
15198,11274443,50
15199,1063997,7900
15200,11274443,10
15201,11274443,20
15202,11274443,30
15203,11274443,30
15204,11274443,10
15205,11274443,20
15206,11274443,40
15207,11274443,10
15208,11274443,20
15209,11274443,10
15210,11274443,10
15211,11274443,10
15212,11274443,30
15213,11274443,10
15214,11274443,20
15215,11274443,20
15216,11274443,40
15217,11274443,30
15218,11274443,50
15219,11274443,30
15220,11274443,20
15221,11274443,10
15222,11274443,60
15223,11274443,20
15224,11274443,90
15225,11274443,100
15226,11274443,60
15227,11274443,20
15228,11274443,20
15229,1063997,7940
15230,11274443,30
15231,11274443,20
15232,11274443,20
15233,11274443,30
15234,11274443,20
15235,11274443,20
15236,11274443,20
15237,11274443,20
15238,11274443,20
15239,11274443,20
15240,11274443,20
15241,11274443,10
15242,11274443,20
15243,11274443,10
15244,11274443,10
15245,11274443,10
15246,11274443,10
15247,11274443,10
15248,11274443,40
15249,11274443,10
15250,11274443,20
15251,11274443,10
15252,11274443,40
15253,11274443,80
15254,11274443,20
15255,11274443,30
15256,11274443,90
15257,11274443,20
15258,11274443,60
15259,11274443,40
15260,85985806,0
15261,1609,500000
15262,11274443,40
15263,11274443,30
15264,11274443,80
15265,11274443,30
15266,1609,500000
15267,1063997,6810
15268,11274443,10
15269,11274443,10
15270,11274443,10
15271,11274443,30
15272,11274443,150
15273,11274443,10
15274,11274443,30
15275,11274443,60
15276,11274443,10
15277,11274443,10
15278,11274443,10
15279,11274443,20
15280,11274443,60
15281,11274443,10
15282,11274443,60
15283,11274443,10
15284,11274443,30
15285,11274443,30
15286,11274443,10
15287,11274443,10
15288,11274443,30
15289,11274443,20
15290,11274443,20
15291,11274443,20
15292,11274443,10
15293,11274443,10
15294,11274443,80
15295,1609,500000
15296,11274443,30
15297,1609,500000
15298,11274443,30
15299,11274443,30
15300,11274443,70
15301,11274443,40
15302,11274443,10
15303,11274443,40
15304,1063997,8770
15305,11274443,10
15306,11274443,40
15307,11274443,40
15308,11274443,10
15309,11274443,40
15310,11274443,20
15311,11274443,60
15312,1609,500000
15313,11274443,30
15314,11274443,80
15315,11274443,30
15316,11274443,10
15317,11274443,20
15318,11274443,10
15319,11274443,10
15320,11274443,20
15321,11274443,30
15322,11274443,30
15323,11274443,20
15324,11274443,30
15325,11274443,10
15326,11274443,10
15327,1063997,8270
15328,11274443,30
15329,11274443,20
15330,11274443,10
15331,11274443,20
15332,11274443,30
15333,11274443,20
15334,11274443,20
15335,11274443,20
15336,11274443,30
15337,11274443,20
15338,1063997,34170
15339,11274443,20
15340,85985806,0
15341,11274443,40
15342,1063997,8130
15343,1063997,9620
15344,11274443,30
15345,11274443,10
15346,11274443,20
15347,11274443,30
15348,11274443,20
15349,11274443,60
15350,11274443,30
15351,11274443,10
15352,11274443,20
15353,11274443,10
15354,11274443,10
15355,11274443,20
15356,1609,500000
15357,11274443,150
15358,11274443,40
15359,11274443,20
15360,11274443,30
15361,11274443,20
15362,11274443,10
15363,11274443,30
15364,11274443,30
15365,11274443,20
15366,11274443,20
15367,11274443,30
15368,11274443,40
15369,11274443,10
15370,11274443,40
15371,11274443,30
15372,11274443,10
15373,11274443,10
15374,11274443,90
15375,11274443,10
15376,11274443,30
15377,85985806,0
15378,11274443,10
15379,11274443,70
15380,1609,500000
15381,11274443,20
15382,11274443,10
15383,11274443,10
15384,11274443,10
15385,11274443,30
15386,11274443,30
15387,11274443,10
15388,11274443,10
15389,11274443,60
15390,11274443,30
15391,11274443,20
15392,11274443,10
15393,11274443,10
15394,11274443,40
15395,11274443,20
15396,11274443,10
15397,11274443,40
15398,11274443,30
15399,11274443,20
15400,11274443,10
15401,11274443,40
15402,1609,500000
15403,11274443,20
15404,11274443,20
15405,11274443,20
15406,11274443,40
15407,1063997,10470
15408,11274443,20
15409,11274443,30
15410,11274443,10
15411,11274443,30
15412,11274443,30
15413,11274443,30
15414,11274443,80
15415,11274443,30
15416,11274443,10
15417,11274443,20
15418,11274443,40
15419,11274443,90
15420,11274443,40
15421,11274443,30
15422,11274443,20
15423,11274443,30
15424,11274443,30
15425,11274443,10
15426,11274443,40
15427,11274443,40
15428,11274443,60
15429,11274443,20
15430,11274443,90
15431,11274443,20
15432,11274443,10
15433,11274443,20
15434,11274443,40
15435,11274443,50
15436,11274443,20
15437,11274443,110
15438,11274443,110
15439,11274443,10
15440,11274443,10
15441,11274443,60
15442,11274443,20
15443,11274443,40
15444,11274443,50
15445,1609,500000
15446,11274443,40
15447,11274443,10
15448,11274443,20
15449,11274443,190
15450,11274443,40
15451,11274443,20
15452,85985806,0
15453,11274443,10
15454,11274443,30
15455,11274443,30
15456,11274443,20
15457,11274443,20
15458,1609,500000
15459,11274443,30
15460,11274443,10
15461,11274443,40
15462,11274443,110
15463,11274443,40
15464,11274443,10
15465,11274443,50
15466,11274443,10
15467,1063997,5670
15468,11274443,10
15469,11274443,110
15470,1063997,7560
15471,11274443,50
15472,11274443,40
15473,11274443,10
15474,11274443,20
15475,1609,500000
15476,11274443,10
15477,11274443,10
15478,11274443,30
15479,11274443,60
15480,11274443,10
15481,11274443,40
15482,11274443,20
15483,11274443,20
15484,11274443,30
15485,11274443,30
15486,11274443,20
15487,11274443,10
15488,11274443,40
15489,11274443,30
15490,11274443,40
15491,11274443,150
15492,11274443,30
15493,11274443,20
15494,1609,500000
15495,11274443,10
15496,11274443,20
15497,11274443,10
15498,11274443,30
15499,11274443,30
15500,1609,500000
15501,11274443,40
15502,11274443,20
15503,11274443,20
15504,11274443,30
15505,11274443,40
15506,1063997,8890
15507,11274443,30
15508,11274443,30
15509,11274443,70
15510,11274443,50
15511,11274443,30
15512,11274443,30
15513,11274443,150
15514,1063997,16950
15515,11274443,50
15516,11274443,20
15517,11274443,110
15518,11274443,40
15519,11274443,20
15520,11274443,30
15521,11274443,20
15522,11274443,10
15523,11274443,40
15524,11274443,150
15525,11274443,10
15526,11274443,40
15527,11274443,60
15528,11274443,10
15529,1063997,16400
15530,11274443,80
15531,11274443,40
15532,11274443,10
15533,11274443,40
15534,1063997,5500
15535,11274443,20
15536,11274443,150
15537,11274443,30
15538,11274443,70
15539,11274443,60
15540,11274443,30
15541,11274443,20
15542,11274443,150
15543,1063997,6690
15544,11274443,30
15545,11274443,10
15546,11274443,20
15547,11274443,40
15548,11274443,30
15549,11274443,40
15550,11274443,60
15551,11274443,10
15552,11274443,60
15553,11274443,30
15554,11274443,10
15555,11274443,40
15556,11274443,20
15557,11274443,20
15558,11274443,30
15559,11274443,60
15560,11274443,10
15561,1609,500000
15562,11274443,40
15563,11274443,40
15564,11274443,40
15565,11274443,80
15566,11274443,30
15567,11274443,10
15568,11274443,50
15569,11274443,20
15570,11274443,30
15571,11274443,40
15572,11274443,40
15573,11274443,30
15574,11274443,20
15575,11274443,20
15576,11274443,20
15577,1063997,8990
15578,11274443,30
15579,11274443,20
15580,11274443,20
15581,1063997,14200
15582,11274443,30
15583,11274443,40
15584,11274443,20
15585,11274443,40
15586,11274443,20
15587,11274443,20
15588,11274443,90
15589,11274443,40
15590,11274443,30
15591,11274443,20
15592,11274443,110
15593,11274443,80
15594,1609,500000
15595,11274443,40
15596,11274443,10
15597,11274443,30
15598,11274443,50
15599,11274443,40
15600,11274443,60
15601,11274443,20
15602,1063997,6810
15603,11274443,20
15604,11274443,60
15605,11274443,10
15606,1609,500000
15607,11274443,20
15608,11274443,30
15609,1609,500000
15610,1609,500000
15611,11274443,20
15612,11274443,40
15613,11274443,10
15614,11274443,40
15615,11274443,70
15616,11274443,80
15617,11274443,50
15618,11274443,20
15619,11274443,10
15620,11274443,10
15621,11274443,20
15622,11274443,30
15623,11274443,10
15624,11274443,10
15625,11274443,10
15626,1063997,18890
15627,11274443,60
15628,11274443,20
15629,11274443,60
15630,11274443,40
15631,11274443,20
15632,11274443,40
15633,11274443,50
15634,11274443,10
15635,11274443,40
15636,1609,500000
15637,11274443,10
15638,11274443,10
15639,11274443,30
15640,1063997,9700
15641,11274443,60
15642,11274443,60
15643,11274443,110
15644,85985806,0
15645,11274443,40
15646,11274443,20
15647,11274443,20
15648,1609,500000
15649,11274443,30
15650,11274443,60
15651,11274443,50
15652,11274443,40
15653,11274443,80
15654,11274443,10
15655,11274443,30
15656,11274443,10
15657,11274443,40
15658,11274443,160
15659,85985806,0
15660,11274443,20
15661,11274443,40
15662,11274443,60
15663,11274443,30
15664,11274443,60
15665,11274443,10
15666,1609,500000
15667,11274443,30
15668,11274443,30
15669,11274443,10
15670,11274443,30
15671,11274443,30
15672,1063997,7740
15673,11274443,80
15674,11274443,40
15675,11274443,60
15676,11274443,20
15677,11274443,20
15678,1063997,4580
15679,11274443,30
15680,11274443,30
15681,11274443,30
15682,11274443,10
15683,11274443,10
15684,11274443,20
15685,11274443,20
15686,11274443,30
15687,11274443,10
15688,11274443,30
15689,11274443,10
15690,11274443,30
15691,11274443,10
15692,11274443,60
15693,11274443,30
15694,11274443,40
15695,11274443,20
15696,11274443,30
15697,11274443,20
15698,1063997,5730
15699,11274443,40
15700,11274443,10
15701,11274443,20
15702,11274443,60
15703,11274443,20
15704,11274443,50
15705,11274443,50
15706,11274443,210
15707,11274443,110
15708,11274443,20
15709,11274443,60
15710,11274443,30
15711,11274443,40
15712,11274443,30
15713,11274443,20
15714,11274443,10
15715,11274443,10
15716,11274443,40
15717,11274443,10
15718,11274443,60
15719,11274443,30
15720,11274443,50
15721,11274443,20
15722,11274443,50
15723,11274443,10
15724,11274443,10
15725,11274443,30
15726,11274443,10
15727,11274443,30
15728,11274443,50
15729,85985806,0
15730,11274443,30
15731,11274443,20
15732,11274443,20
15733,85985806,0
15734,11274443,30
15735,11274443,20
15736,85985806,0
15737,11274443,30
15738,11274443,30
15739,11274443,50
15740,11274443,20
15741,1609,500000
15742,11274443,20
15743,11274443,20
15744,11274443,10
15745,11274443,30
15746,11274443,20
15747,11274443,30
15748,11274443,20
15749,11274443,50
15750,11274443,20
15751,11274443,30
15752,1063997,15750
15753,11274443,150
15754,11274443,20
15755,11274443,30
15756,11274443,150
15757,11274443,40
15758,11274443,20
15759,1609,500000
15760,11274443,20
15761,11274443,20
15762,11274443,30
15763,1609,500000
15764,11274443,30
15765,11274443,30
15766,1609,500000
15767,11274443,20
15768,11274443,30
15769,11274443,40
15770,11274443,40
15771,85985806,0
15772,11274443,10
15773,11274443,110
15774,11274443,60
15775,11274443,50
15776,1609,500000
15777,11274443,20
15778,11274443,30
15779,11274443,10
15780,11274443,30
15781,11274443,30
15782,11274443,80
15783,11274443,10
15784,11274443,30
15785,11274443,20
15786,11274443,10
15787,11274443,30
15788,11274443,120
15789,11274443,40
15790,11274443,220
15791,11274443,30
15792,11274443,20
15793,11274443,20
15794,11274443,10
15795,11274443,20
15796,11274443,30
15797,11274443,50
15798,11274443,10
15799,11274443,20
15800,1609,500000
15801,11274443,50
15802,11274443,30
15803,1063997,9560
15804,11274443,20
15805,11274443,30
15806,11274443,30
15807,11274443,40
15808,11274443,10
15809,11274443,40
15810,11274443,20
15811,11274443,40
15812,11274443,20
15813,11274443,20
15814,11274443,40
15815,11274443,10
15816,11274443,60
15817,11274443,20
15818,11274443,50
15819,1063997,6790
15820,11274443,40
15821,11274443,90
15822,11274443,110
15823,11274443,20
15824,11274443,150
15825,11274443,30
15826,11274443,20
15827,1063997,8110
15828,11274443,60
15829,1609,500000
15830,11274443,10
15831,1609,500000
15832,11274443,60
15833,1609,500000
15834,85985806,0
15835,11274443,10
15836,11274443,90
15837,11274443,30
15838,11274443,50
15839,11274443,50
15840,85985806,0
15841,11274443,60
15842,11274443,30
15843,11274443,20
15844,11274443,30
15845,11274443,80
15846,11274443,30
15847,11274443,20
15848,11274443,40
15849,11274443,10
15850,11274443,40
15851,11274443,10
15852,1609,500000
15853,11274443,30
15854,11274443,20
15855,11274443,30
15856,11274443,20
15857,1609,500000
15858,11274443,10
15859,11274443,40
15860,11274443,60
15861,11274443,20
15862,11274443,30
15863,11274443,70
15864,11274443,40
15865,11274443,110
15866,11274443,40
15867,11274443,40
15868,11274443,70
15869,11274443,20
15870,11274443,110
15871,11274443,20
15872,11274443,10
15873,11274443,60
15874,11274443,10
15875,11274443,30
15876,11274443,80
15877,11274443,30
15878,11274443,10
15879,11274443,20
15880,11274443,70
15881,11274443,20
15882,11274443,10
15883,11274443,60
15884,11274443,20
15885,11274443,50
15886,11274443,70
15887,11274443,90
15888,11274443,10
15889,85985806,0
15890,1063997,5990
15891,11274443,150
15892,11274443,10
15893,11274443,20
15894,11274443,30
15895,11274443,40
15896,11274443,20
15897,11274443,210
15898,11274443,10
15899,11274443,30
15900,11274443,10
15901,11274443,80
15902,11274443,20
15903,11274443,40
15904,11274443,10
15905,1609,500000
15906,11274443,30
15907,11274443,60
15908,11274443,90
15909,11274443,60
15910,11274443,150
15911,11274443,60
15912,11274443,10
15913,11274443,50
15914,1063997,5920
15915,11274443,20
15916,11274443,40
15917,11274443,10
15918,11274443,30
15919,11274443,60
15920,11274443,40
15921,11274443,20
15922,11274443,30
15923,11274443,40
15924,85985806,0
15925,11274443,90
15926,11274443,30
15927,11274443,10
15928,11274443,30
15929,11274443,80
15930,11274443,20
15931,11274443,20
15932,11274443,20
15933,11274443,10
15934,1063997,10420
15935,11274443,40
15936,11274443,30
15937,11274443,20
15938,11274443,20
15939,11274443,20
15940,11274443,40
15941,11274443,40
15942,11274443,20
15943,11274443,10
15944,11274443,30
15945,11274443,30
15946,11274443,10
15947,11274443,30
15948,11274443,20
15949,11274443,40
15950,11274443,10
15951,1063997,11450
15952,11274443,40
15953,11274443,40
15954,11274443,60
15955,11274443,20
15956,11274443,20
15957,11274443,50
15958,11274443,30
15959,11274443,10
15960,1063997,7340
15961,11274443,40
15962,11274443,10
15963,11274443,30
15964,11274443,30
15965,11274443,30
15966,11274443,20
15967,11274443,40
15968,11274443,50
15969,85985806,0
15970,11274443,10
15971,11274443,20
15972,11274443,80
15973,1609,500000
15974,11274443,50
15975,11274443,30
15976,11274443,40
15977,11274443,10
15978,1063997,6500
15979,11274443,60
15980,11274443,20
15981,11274443,50
15982,85985806,0
15983,11274443,10
15984,85985806,0
15985,11274443,10
15986,11274443,10
15987,1609,500000
15988,11274443,40
15989,11274443,20
15990,11274443,50
15991,11274443,20
15992,11274443,20
15993,11274443,50
15994,11274443,40
15995,11274443,10
15996,1063997,6470
15997,11274443,30
15998,11274443,30
15999,1609,500000
16000,11274443,40
16001,11274443,90
16002,11274443,40
16003,11274443,20
16004,1063997,14550
16005,1063997,14430
16006,11274443,90
16007,11274443,40
16008,11274443,20
16009,11274443,40
16010,11274443,40
16011,11274443,10
16012,11274443,10
16013,11274443,30
16014,11274443,30
16015,11274443,20
16016,1063997,7380
16017,1609,500000
16018,1063997,11410
16019,11274443,30
16020,11274443,150
16021,11274443,20
16022,11274443,70
16023,11274443,60
16024,11274443,30
16025,11274443,20
16026,11274443,30
16027,11274443,30
16028,1609,500000
16029,1063997,10650
16030,11274443,10
16031,11274443,150
16032,11274443,10
16033,11274443,20
16034,11274443,20
16035,11274443,20
16036,11274443,90
16037,11274443,10
16038,11274443,20
16039,11274443,20
16040,11274443,10
16041,11274443,20
16042,85985806,0
16043,11274443,50
16044,11274443,150
16045,11274443,10
16046,11274443,80
16047,1609,500000
16048,11274443,20
16049,1609,500000
16050,11274443,30
16051,11274443,30
16052,11274443,30
16053,11274443,20
16054,11274443,10
16055,11274443,20
16056,1609,500000
16057,11274443,40
16058,1063997,6760
16059,1609,500000
16060,11274443,30
16061,11274443,50
16062,11274443,10
16063,11274443,20
16064,11274443,20
16065,11274443,20
16066,11274443,60
16067,11274443,30
16068,85985806,0
16069,11274443,20
16070,11274443,20
16071,11274443,10
16072,11274443,20
16073,11274443,110
16074,11274443,20
16075,11274443,10
16076,11274443,10
16077,11274443,10
16078,11274443,50
16079,11274443,10
16080,11274443,80
16081,11274443,40
16082,1063997,6820
16083,11274443,50
16084,11274443,20
16085,11274443,60
16086,11274443,20
16087,11274443,10
16088,11274443,20
16089,11274443,20
16090,11274443,30
16091,11274443,20
16092,11274443,10
16093,11274443,20
16094,1063997,7290
16095,11274443,30
16096,11274443,20
16097,11274443,20
16098,11274443,30
16099,11274443,30
16100,11274443,210
16101,11274443,30
16102,11274443,10
16103,11274443,20
16104,11274443,10
16105,11274443,20
16106,11274443,40
16107,11274443,30
16108,11274443,10
16109,11274443,60
16110,1609,500000
16111,11274443,10
16112,11274443,10
16113,11274443,60
16114,11274443,30
16115,11274443,10
16116,11274443,30
16117,11274443,20
16118,11274443,60
16119,11274443,10
16120,11274443,10
16121,11274443,10
16122,11274443,40
16123,1609,500000
16124,11274443,20
16125,11274443,10
16126,11274443,50
16127,11274443,20
16128,11274443,10
16129,11274443,40
16130,11274443,40
16131,11274443,50
16132,11274443,30
16133,11274443,10
16134,11274443,10
16135,11274443,40
16136,11274443,10
16137,1063997,10580
16138,11274443,30
16139,11274443,40
16140,11274443,10
16141,11274443,30
16142,1063997,15320
16143,11274443,10
16144,11274443,10
16145,11274443,20
16146,11274443,30
16147,11274443,40
16148,1063997,6640
16149,11274443,20
16150,1063997,12460
16151,11274443,10
16152,11274443,10
16153,11274443,20
16154,11274443,20
16155,11274443,60
16156,11274443,20
16157,11274443,10
16158,1609,500000
16159,11274443,10
16160,11274443,40
16161,11274443,20
16162,11274443,70
16163,11274443,40
16164,11274443,20
16165,1609,500000
16166,11274443,10
16167,1063997,8040
16168,11274443,30
16169,11274443,20
16170,11274443,30
16171,11274443,50
16172,1609,500000
16173,11274443,40
16174,11274443,50
16175,1609,500000
16176,11274443,10
16177,11274443,20
16178,1609,500000
16179,11274443,10
16180,1063997,8930
16181,1063997,7070
16182,11274443,20
16183,11274443,110
16184,11274443,30
16185,1063997,7820
16186,11274443,50
16187,11274443,30
16188,11274443,30
16189,1609,500000
16190,1609,500000
16191,11274443,20
16192,1609,500000
16193,11274443,30
16194,11274443,10
16195,1609,500000
16196,11274443,30
16197,11274443,10
16198,11274443,20
16199,11274443,80
16200,11274443,30
16201,11274443,30
16202,11274443,10
16203,11274443,10
16204,11274443,30
16205,1063997,6620
16206,11274443,80
16207,1609,500000
16208,11274443,10
16209,11274443,20
16210,11274443,40
16211,1063997,8430
16212,11274443,20
16213,11274443,80
16214,11274443,220
16215,11274443,60
16216,11274443,210
16217,11274443,10
16218,11274443,40
16219,11274443,80
16220,85985806,0
16221,11274443,110
16222,11274443,10
16223,11274443,110
16224,11274443,20
16225,11274443,10
16226,1609,500000
16227,11274443,150
16228,11274443,20
16229,11274443,10
16230,11274443,90
16231,11274443,40
16232,11274443,60
16233,1063997,18590
16234,11274443,10
16235,11274443,30
16236,11274443,40
16237,11274443,10
16238,11274443,20
16239,11274443,20
16240,11274443,50
16241,11274443,40
16242,1063997,7170
16243,11274443,50
16244,11274443,40
16245,11274443,10
16246,11274443,10
16247,11274443,10
16248,11274443,40
16249,11274443,30
16250,11274443,20
16251,11274443,10
16252,11274443,60
16253,11274443,30
16254,1609,500000
16255,11274443,20
16256,11274443,30
16257,11274443,40
16258,11274443,50
16259,11274443,50
16260,11274443,30
16261,11274443,30
16262,11274443,10
16263,11274443,20
16264,85985806,0
16265,11274443,20
16266,11274443,10
16267,11274443,50
16268,11274443,40
16269,11274443,20
16270,11274443,10
16271,11274443,20
16272,11274443,20
16273,11274443,10
16274,11274443,30
16275,11274443,40
16276,11274443,60
16277,1609,500000
16278,11274443,50
16279,11274443,20
16280,1063997,8690
16281,11274443,10
16282,11274443,20
16283,11274443,30
16284,11274443,20
16285,11274443,20
16286,11274443,10
16287,11274443,10
16288,11274443,30
16289,11274443,10
16290,1609,500000
16291,11274443,30
16292,11274443,20
16293,11274443,150
16294,1063997,27130
16295,11274443,30
16296,11274443,10
16297,11274443,10
16298,11274443,10
16299,11274443,90
16300,1609,500000
16301,11274443,10
16302,11274443,20
16303,11274443,40
16304,11274443,20
16305,11274443,30
16306,11274443,30
16307,11274443,30
16308,11274443,170
16309,1063997,16860
16310,11274443,20
16311,11274443,10
16312,11274443,10
16313,11274443,80
16314,11274443,40
16315,11274443,150
16316,11274443,20
16317,11274443,10
16318,11274443,20
16319,11274443,70
16320,1063997,36600
16321,11274443,20
16322,1609,500000
16323,11274443,10
16324,11274443,20
16325,11274443,20
16326,11274443,30
16327,11274443,150
16328,11274443,20
16329,11274443,10
16330,11274443,10
16331,11274443,10
16332,11274443,40
16333,11274443,30
16334,1063997,23680
16335,11274443,50
16336,1609,500000
16337,11274443,80
16338,11274443,100
16339,11274443,30
16340,11274443,100
16341,11274443,40
16342,11274443,30
16343,1063997,6840
16344,11274443,20
16345,11274443,10
16346,11274443,10
16347,1063997,22420
16348,11274443,30
16349,11274443,20
16350,11274443,110
16351,11274443,10
16352,11274443,10
16353,11274443,210
16354,85985806,0
16355,11274443,40
16356,1063997,8190
16357,11274443,80
16358,11274443,20
16359,11274443,30
16360,11274443,40
16361,11274443,20
16362,11274443,50
16363,11274443,20
16364,11274443,20
16365,11274443,30
16366,11274443,70
16367,11274443,10
16368,11274443,80
16369,11274443,10
16370,11274443,10
16371,11274443,10
16372,11274443,60
16373,11274443,20
16374,11274443,30
16375,11274443,10
16376,11274443,10
16377,11274443,10
16378,11274443,50
16379,11274443,20
16380,11274443,30
16381,1609,500000
16382,11274443,40
16383,1609,500000
16384,11274443,80
16385,11274443,10
16386,85985806,0
16387,11274443,10
16388,11274443,20
16389,11274443,40
16390,11274443,30
16391,11274443,50
16392,11274443,50
16393,11274443,20
16394,11274443,10
16395,11274443,20
16396,11274443,10
16397,11274443,20
16398,11274443,20
16399,11274443,30
16400,11274443,20
16401,11274443,20
16402,11274443,90
16403,11274443,10
16404,11274443,110
16405,11274443,40
16406,85985806,0
16407,11274443,10
16408,11274443,60
16409,11274443,50
16410,1063997,8230
16411,11274443,30
16412,11274443,30
16413,11274443,40
16414,11274443,10
16415,11274443,60
16416,11274443,10
16417,11274443,20
16418,11274443,10
16419,11274443,10
16420,11274443,30
16421,11274443,40
16422,11274443,30
16423,11274443,30
16424,11274443,10
16425,11274443,20
16426,11274443,20
16427,1609,500000
16428,1609,500000
16429,11274443,30
16430,1063997,10620
16431,11274443,20
16432,11274443,30
16433,11274443,20
16434,11274443,50
16435,11274443,30
16436,11274443,50
16437,11274443,60
16438,11274443,30
16439,11274443,30
16440,1063997,13600
16441,1063997,7150
16442,11274443,10
16443,11274443,10
16444,11274443,50
16445,11274443,20
16446,11274443,10
16447,11274443,30
16448,1063997,45580
16449,1063997,7490
16450,11274443,20
16451,11274443,40
16452,11274443,30
16453,11274443,20
16454,11274443,20
16455,11274443,10
16456,11274443,10
16457,11274443,30
16458,11274443,20
16459,11274443,20
16460,11274443,10
16461,11274443,60
16462,11274443,30
16463,11274443,30
16464,11274443,20
16465,11274443,60
16466,1609,500000
16467,11274443,50
16468,11274443,30
16469,11274443,10
16470,11274443,30
16471,11274443,10
16472,1063997,14720
16473,11274443,10
16474,11274443,30
16475,11274443,40
16476,11274443,10
16477,11274443,10
16478,11274443,40
16479,11274443,30
16480,11274443,150
16481,1063997,7220
16482,11274443,60
16483,11274443,50
16484,11274443,30
16485,11274443,20
16486,11274443,10
16487,11274443,10
16488,11274443,20
16489,11274443,20
16490,11274443,20
16491,11274443,40
16492,11274443,10
16493,11274443,60
16494,1063997,14580
16495,11274443,20
16496,11274443,40
16497,11274443,10
16498,11274443,20
16499,11274443,10
16500,11274443,150
16501,11274443,10
16502,11274443,40
16503,11274443,20
16504,11274443,10
16505,11274443,50
16506,11274443,10
16507,1609,500000
16508,11274443,20
16509,11274443,210
16510,11274443,100
16511,1063997,11950
16512,11274443,60
16513,11274443,10
16514,11274443,40
16515,11274443,30
16516,11274443,20
16517,11274443,20
16518,11274443,10
16519,11274443,60
16520,11274443,30
16521,11274443,10
16522,11274443,40
16523,11274443,20
16524,11274443,60
16525,11274443,10
16526,11274443,40
16527,1609,500000
16528,11274443,50
16529,11274443,40
16530,11274443,50
16531,11274443,30
16532,11274443,40
16533,11274443,30
16534,11274443,40
16535,11274443,60
16536,11274443,20
16537,11274443,40
16538,1063997,10640
16539,11274443,20
16540,11274443,30
16541,11274443,20
16542,11274443,60
16543,11274443,40
16544,11274443,30
16545,11274443,10
16546,11274443,30
16547,11274443,60
16548,1063997,6830
16549,11274443,40
16550,11274443,10
16551,11274443,20
16552,11274443,60
16553,11274443,10
16554,11274443,70
16555,11274443,30
16556,11274443,10
16557,11274443,20
16558,11274443,30
16559,11274443,20
16560,11274443,70
16561,11274443,10
16562,11274443,20
16563,11274443,70
16564,11274443,40
16565,11274443,110
16566,11274443,10
16567,11274443,130
16568,11274443,20
16569,11274443,30
16570,11274443,50
16571,11274443,20
16572,1609,500000
16573,11274443,10
16574,11274443,30
16575,11274443,10
16576,11274443,60
16577,11274443,10
16578,11274443,90
16579,11274443,30
16580,11274443,30
16581,11274443,60
16582,11274443,50
16583,11274443,20
16584,11274443,60
16585,11274443,20
16586,11274443,10
16587,11274443,20
16588,11274443,10
16589,11274443,20
16590,11274443,20
16591,1063997,12970
16592,1063997,19540
16593,11274443,20
16594,11274443,20
16595,11274443,30
16596,11274443,50
16597,11274443,70
16598,1609,500000
16599,1063997,9050
16600,11274443,20
16601,11274443,10
16602,11274443,30
16603,11274443,10
16604,1609,500000
16605,11274443,20
16606,11274443,60
16607,1609,500000
16608,11274443,10
16609,11274443,10
16610,11274443,20
16611,11274443,10
16612,11274443,20
16613,11274443,10
16614,11274443,70
16615,11274443,20
16616,11274443,20
16617,11274443,30
16618,1063997,6610
16619,11274443,20
16620,11274443,20
16621,11274443,30
16622,11274443,10
16623,11274443,20
16624,11274443,30
16625,11274443,30
16626,11274443,40
16627,11274443,80
16628,11274443,150
16629,11274443,20
16630,1609,500000
16631,1609,500000
16632,11274443,60
16633,1609,500000
16634,11274443,30
16635,11274443,20
16636,11274443,40
16637,11274443,10
16638,11274443,50
16639,11274443,40
16640,11274443,60
16641,11274443,20
16642,11274443,80
16643,11274443,60
16644,11274443,20
16645,11274443,40
16646,11274443,80
16647,11274443,30
16648,1063997,10450
16649,11274443,30
16650,11274443,10
16651,11274443,30
16652,11274443,20
16653,1609,500000
16654,11274443,30
16655,11274443,40
16656,11274443,10
16657,11274443,40
16658,11274443,150
16659,11274443,10
16660,11274443,10
16661,11274443,40
16662,11274443,20
16663,11274443,70
16664,11274443,40
16665,11274443,50
16666,11274443,110
16667,11274443,50
16668,1063997,7050
16669,11274443,30
16670,11274443,30
16671,11274443,10
16672,11274443,10
16673,11274443,60
16674,11274443,20
16675,1063997,6190
16676,1609,500000
16677,11274443,10
16678,11274443,30
16679,11274443,20
16680,11274443,30
16681,1609,500000
16682,1063997,4980
16683,1609,500000
16684,11274443,50
16685,11274443,80
16686,11274443,40
16687,11274443,30
16688,11274443,10
16689,11274443,50
16690,11274443,20
16691,11274443,30
16692,11274443,50
16693,11274443,10
16694,11274443,20
16695,11274443,40
16696,11274443,20
16697,11274443,110
16698,11274443,40
16699,1609,500000
16700,11274443,150
16701,11274443,30
16702,85985806,0
16703,11274443,10
16704,11274443,20
16705,11274443,10
16706,11274443,30
16707,11274443,20
16708,1609,500000
16709,11274443,20
16710,11274443,10
16711,1609,500000
16712,11274443,30
16713,11274443,20
16714,1609,500000
16715,11274443,80
16716,11274443,20
16717,11274443,20
16718,11274443,60
16719,11274443,20
16720,11274443,10
16721,11274443,20
16722,11274443,10
16723,11274443,20
16724,11274443,40
16725,11274443,40
16726,11274443,50
16727,11274443,40
16728,11274443,30
16729,11274443,20
16730,11274443,30
16731,11274443,10
16732,11274443,20
16733,11274443,10
16734,11274443,20
16735,1063997,5570
16736,11274443,20
16737,11274443,20
16738,11274443,10
16739,11274443,20
16740,11274443,20
16741,11274443,290
16742,11274443,10
16743,11274443,10
16744,11274443,20
16745,11274443,40
16746,1063997,12500
16747,11274443,20
16748,11274443,50
16749,11274443,10
16750,11274443,90
16751,11274443,40
16752,11274443,70
16753,1609,500000
16754,11274443,30
16755,11274443,50
16756,11274443,30
16757,11274443,50
16758,1609,500000
16759,11274443,30
16760,1063997,7490
16761,11274443,30
16762,1063997,7210
16763,1609,500000
16764,11274443,10
16765,11274443,40
16766,11274443,40
16767,1063997,7140
16768,11274443,20
16769,11274443,30
16770,11274443,40
16771,1609,500000
16772,11274443,60
16773,11274443,10
16774,11274443,10
16775,11274443,10
16776,11274443,70
16777,11274443,30
16778,11274443,20
16779,11274443,50
16780,11274443,40
16781,11274443,10
16782,11274443,20
16783,11274443,40
16784,11274443,40
16785,11274443,20
16786,1609,500000
16787,11274443,30
16788,1063997,7440
16789,1609,500000
16790,1609,500000
16791,11274443,110
16792,1609,500000
16793,11274443,10
16794,11274443,10
16795,11274443,40
16796,11274443,10
16797,1609,500000
16798,11274443,10
16799,11274443,10
16800,11274443,30
16801,11274443,50
16802,11274443,30
16803,11274443,20
16804,11274443,60
16805,11274443,10
16806,1063997,9100
16807,11274443,10
16808,11274443,20
16809,1609,500000
16810,11274443,30
16811,11274443,10
16812,11274443,10
16813,11274443,10
16814,11274443,50
16815,11274443,110
16816,11274443,30
16817,11274443,20
16818,1609,500000
16819,11274443,10
16820,11274443,10
16821,11274443,20
16822,1609,500000
16823,11274443,20
16824,11274443,10
16825,11274443,20
16826,11274443,30
16827,1063997,19750
16828,11274443,30
16829,85985806,0
16830,11274443,10
16831,11274443,40
16832,11274443,30
16833,1063997,7930
16834,11274443,20
16835,11274443,20
16836,11274443,30
16837,11274443,30
16838,11274443,90
16839,11274443,20
16840,11274443,20
16841,11274443,150
16842,11274443,20
16843,11274443,30
16844,1609,500000
16845,11274443,30
16846,11274443,30
16847,1063997,8540
16848,11274443,40
16849,1609,500000
16850,1609,500000
16851,11274443,10
16852,85985806,0
16853,11274443,40
16854,11274443,10
16855,85985806,0
16856,11274443,30
16857,11274443,40
16858,11274443,40
16859,11274443,20
16860,11274443,40
16861,11274443,10
16862,1609,500000
16863,11274443,20
16864,11274443,10
16865,11274443,20
16866,11274443,10
16867,11274443,80
16868,11274443,40
16869,11274443,40
16870,1063997,8030
16871,11274443,50
16872,1609,500000
16873,11274443,30
16874,11274443,20
16875,85985806,0
16876,11274443,20
16877,1063997,13360
16878,1609,500000
16879,11274443,60
16880,11274443,20
16881,11274443,40
16882,11274443,60
16883,11274443,30
16884,11274443,30
16885,11274443,150
16886,1063997,10230
16887,1609,500000
16888,11274443,30
16889,11274443,20
16890,11274443,20
16891,11274443,120
16892,11274443,10
16893,11274443,20
16894,11274443,150
16895,1609,500000
16896,11274443,110
16897,11274443,40
16898,11274443,10
16899,11274443,30
16900,11274443,40
16901,1609,500000
16902,11274443,30
16903,11274443,20
16904,11274443,40
16905,1063997,10760
16906,11274443,30
16907,11274443,50
16908,11274443,10
16909,11274443,10
16910,11274443,30
16911,11274443,10
16912,11274443,10
16913,11274443,20
16914,11274443,20
16915,11274443,40
16916,11274443,10
16917,1063997,7510
16918,11274443,20
16919,11274443,30
16920,11274443,210
16921,11274443,30
16922,1063997,8330
16923,11274443,10
16924,11274443,60
16925,11274443,40
16926,11274443,20
16927,11274443,20
16928,11274443,10
16929,11274443,30
16930,11274443,10
16931,11274443,30
16932,11274443,20
16933,11274443,30
16934,11274443,10
16935,11274443,20
16936,11274443,10
16937,11274443,40
16938,11274443,50
16939,11274443,30
16940,11274443,20
16941,1063997,6780
16942,11274443,20
16943,11274443,30
16944,11274443,30
16945,11274443,10
16946,11274443,60
16947,11274443,10
16948,85985806,0
16949,11274443,110
16950,11274443,10
16951,11274443,150
16952,11274443,20
16953,11274443,30
16954,1063997,8180
16955,11274443,30
16956,1609,500000
16957,11274443,30
16958,11274443,40
16959,11274443,30
16960,11274443,10
16961,11274443,60
16962,11274443,30
16963,11274443,20
16964,11274443,50
16965,11274443,40
16966,11274443,20
16967,11274443,10
16968,11274443,10
16969,11274443,10
16970,11274443,50
16971,11274443,40
16972,11274443,30
16973,11274443,20
16974,11274443,20
16975,11274443,10
16976,11274443,50
16977,11274443,20
16978,11274443,20
16979,11274443,10
16980,11274443,20
16981,11274443,40
16982,11274443,10
16983,1063997,10680
16984,11274443,40
16985,11274443,40
16986,11274443,10
16987,1609,500000
16988,1609,500000
16989,11274443,10
16990,11274443,10
16991,11274443,10
16992,11274443,20
16993,11274443,150
16994,11274443,10
16995,11274443,10
16996,11274443,30
16997,11274443,10
16998,11274443,210
16999,11274443,20
17000,11274443,10
17001,11274443,60
17002,11274443,20
17003,11274443,10
17004,11274443,50
17005,11274443,70
17006,11274443,10
17007,11274443,20
17008,11274443,20
17009,11274443,50
17010,11274443,10
17011,11274443,10
17012,1609,500000
17013,11274443,20
17014,11274443,10
17015,1609,500000
17016,11274443,30
17017,11274443,20
17018,11274443,10
17019,11274443,40
17020,11274443,20
17021,1609,500000
17022,11274443,10
17023,11274443,50
17024,11274443,10
17025,11274443,80
17026,11274443,20
17027,11274443,10
17028,11274443,30
17029,11274443,10
17030,1609,500000
17031,1609,500000
17032,11274443,30
17033,1609,500000
17034,11274443,40
17035,11274443,20
17036,11274443,70
17037,11274443,20
17038,11274443,110
17039,1609,500000
17040,11274443,40
17041,11274443,20
17042,11274443,10
17043,11274443,30
17044,11274443,10
17045,11274443,20
17046,11274443,20
17047,11274443,60
17048,11274443,20
17049,11274443,30
17050,11274443,30
17051,11274443,30
17052,11274443,140
17053,11274443,50
17054,11274443,40
17055,11274443,10
17056,11274443,90
17057,11274443,60
17058,11274443,30
17059,11274443,30
17060,11274443,30
17061,11274443,20
17062,11274443,50
17063,11274443,40
17064,11274443,110
17065,11274443,10
17066,1063997,32700
17067,11274443,10
17068,11274443,30
17069,11274443,10
17070,11274443,150
17071,11274443,70
17072,85985806,0
17073,11274443,80
17074,11274443,80
17075,11274443,70
17076,11274443,10
17077,11274443,30
17078,11274443,40
17079,11274443,60
17080,11274443,40
17081,11274443,10
17082,11274443,20
17083,11274443,20
17084,11274443,30
17085,11274443,40
17086,11274443,50
17087,11274443,30
17088,11274443,110
17089,11274443,20
17090,11274443,30
17091,11274443,10
17092,11274443,50
17093,11274443,20
17094,85985806,0
17095,11274443,10
17096,11274443,50
17097,11274443,30
17098,11274443,30
17099,11274443,50
17100,11274443,10
17101,11274443,110
17102,11274443,30
17103,11274443,20
17104,1609,500000
17105,11274443,50
17106,11274443,40
17107,85985806,0
17108,11274443,40
17109,11274443,30
17110,85985806,0
17111,11274443,20
17112,11274443,70
17113,11274443,50
17114,1063997,5810
17115,11274443,10
17116,11274443,20
17117,11274443,20
17118,11274443,40
17119,11274443,20
17120,1063997,6720
17121,11274443,20
17122,11274443,10
17123,11274443,40
17124,11274443,10
17125,11274443,20
17126,11274443,40
17127,1609,500000
17128,11274443,50
17129,11274443,30
17130,11274443,20
17131,1609,500000
17132,11274443,10
17133,11274443,60
17134,11274443,70
17135,11274443,20
17136,11274443,70
17137,11274443,10
17138,11274443,50
17139,11274443,10
17140,11274443,10
17141,11274443,10
17142,11274443,10
17143,11274443,10
17144,1609,500000
17145,11274443,10
17146,11274443,10
17147,11274443,30
17148,11274443,40
17149,11274443,10
17150,11274443,10
17151,11274443,30
17152,11274443,10
17153,1609,500000
17154,11274443,20
17155,11274443,110
17156,11274443,30
17157,11274443,160
17158,11274443,50
17159,11274443,30
17160,1609,500000
17161,11274443,50
17162,11274443,150
17163,11274443,30
17164,11274443,10
17165,11274443,30
17166,11274443,30
17167,1609,500000
17168,11274443,10
17169,11274443,40
17170,11274443,50
17171,11274443,40
17172,11274443,40
17173,11274443,40
17174,1063997,14030
17175,1063997,7430
17176,1609,500000
17177,1609,500000
17178,11274443,20
17179,11274443,10
17180,11274443,10
17181,11274443,30
17182,85985806,0
17183,11274443,30
17184,11274443,20
17185,11274443,10
17186,11274443,10
17187,11274443,20
17188,11274443,10
17189,11274443,20
17190,11274443,10
17191,11274443,20
17192,11274443,30
17193,11274443,30
17194,11274443,10
17195,11274443,20
17196,11274443,20
17197,11274443,10
17198,1063997,6270
17199,11274443,30
17200,11274443,20
17201,11274443,20
17202,11274443,50
17203,11274443,30
17204,11274443,20
17205,11274443,10
17206,11274443,50
17207,1609,500000
17208,11274443,40
17209,11274443,30
17210,11274443,50
17211,11274443,30
17212,1063997,9130
17213,11274443,10
17214,11274443,20
17215,11274443,110
17216,11274443,10
17217,1063997,6130
17218,11274443,40
17219,11274443,150
17220,11274443,60
17221,11274443,60
17222,11274443,50
17223,11274443,10
17224,11274443,30
17225,11274443,100
17226,11274443,40
17227,11274443,40
17228,11274443,10
17229,1609,500000
17230,1609,500000
17231,11274443,20
17232,11274443,20
17233,11274443,10
17234,11274443,20
17235,11274443,60
17236,11274443,30
17237,85985806,0
17238,1063997,6770
17239,11274443,90
17240,11274443,30
17241,11274443,30
17242,11274443,30
17243,11274443,40
17244,11274443,10
17245,11274443,210
17246,11274443,30
17247,1063997,5800
17248,11274443,50
17249,11274443,10
17250,11274443,40
17251,11274443,20
17252,11274443,20
17253,11274443,10
17254,11274443,40
17255,1063997,13020
17256,11274443,30
17257,1609,500000
17258,11274443,30
17259,11274443,30
17260,11274443,20
17261,11274443,20
17262,11274443,30
17263,11274443,20
17264,1609,500000
17265,11274443,10
17266,11274443,20
17267,11274443,40
17268,11274443,10
17269,1609,500000
17270,11274443,10
17271,11274443,20
17272,1063997,9860
17273,1063997,15410
17274,1609,500000
17275,11274443,10
17276,11274443,20
17277,11274443,40
17278,11274443,10
17279,11274443,30
17280,11274443,110
17281,11274443,60
17282,11274443,40
17283,11274443,50
17284,11274443,30
17285,11274443,20
17286,11274443,30
17287,11274443,20
17288,11274443,40
17289,11274443,30
17290,1063997,10010
17291,11274443,30
17292,11274443,80
17293,11274443,60
17294,1063997,16610
17295,11274443,60
17296,11274443,30
17297,1063997,15720
17298,1063997,7630
17299,11274443,20
17300,1609,500000
17301,11274443,50
17302,11274443,30
17303,11274443,30
17304,11274443,130
17305,11274443,10
17306,11274443,20
17307,11274443,150
17308,1063997,5650
17309,11274443,10
17310,11274443,40
17311,11274443,30
17312,11274443,10
17313,11274443,60
17314,1609,500000
17315,11274443,40
17316,11274443,10
17317,11274443,10
17318,11274443,40
17319,11274443,30
17320,11274443,40
17321,11274443,20
17322,11274443,30
17323,11274443,10
17324,11274443,150
17325,11274443,10
17326,11274443,30
17327,11274443,10
17328,1609,500000
17329,11274443,50
17330,11274443,10
17331,11274443,30
17332,11274443,40
17333,1063997,4840
17334,11274443,20
17335,1609,500000
17336,11274443,70
17337,1609,500000
17338,1063997,7080
17339,11274443,10
17340,11274443,30
17341,1063997,9250
17342,11274443,30
17343,11274443,60
17344,11274443,30
17345,11274443,150
17346,11274443,20
17347,11274443,30
17348,11274443,20
17349,1609,500000
17350,11274443,10
17351,85985806,0
17352,11274443,10
17353,11274443,150
17354,11274443,10
17355,11274443,80
17356,11274443,10
17357,11274443,70
17358,85985806,0
17359,11274443,110
17360,11274443,30
17361,11274443,30
17362,11274443,50
17363,11274443,10
17364,11274443,30
17365,11274443,10
17366,11274443,80
17367,11274443,40
17368,11274443,20
17369,11274443,40
17370,11274443,20
17371,11274443,10
17372,11274443,20
17373,11274443,90
17374,1063997,9040
17375,11274443,10
17376,11274443,10
17377,11274443,40
17378,11274443,90
17379,11274443,30
17380,11274443,60
17381,11274443,20
17382,11274443,40
17383,11274443,40
17384,11274443,40
17385,11274443,20
17386,11274443,210
17387,11274443,10
17388,11274443,20
17389,11274443,20
17390,1609,500000
17391,11274443,10
17392,11274443,10
17393,11274443,20
17394,11274443,10
17395,11274443,10
17396,11274443,20
17397,11274443,30
17398,11274443,60
17399,11274443,50
17400,11274443,10
17401,11274443,10
17402,11274443,20
17403,11274443,50
17404,11274443,20
17405,11274443,20
17406,11274443,40
17407,11274443,20
17408,11274443,20
17409,1609,500000
17410,11274443,10
17411,11274443,50
17412,11274443,110
17413,11274443,20
17414,11274443,20
17415,11274443,30
17416,11274443,20
17417,11274443,10
17418,11274443,20
17419,11274443,40
17420,11274443,40
17421,11274443,20
17422,11274443,80
17423,11274443,10
17424,11274443,30
17425,11274443,50
17426,11274443,30
17427,11274443,60
17428,11274443,40
17429,11274443,10
17430,11274443,40
17431,11274443,30
17432,11274443,20
17433,11274443,20
17434,1609,500000
17435,11274443,40
17436,11274443,20
17437,1609,500000
17438,11274443,20
17439,1063997,9380
17440,11274443,10
17441,11274443,10
17442,11274443,20
17443,1063997,18220
17444,1609,500000
17445,11274443,20
17446,11274443,30
17447,11274443,20
17448,11274443,10
17449,11274443,20
17450,11274443,100
17451,11274443,10
17452,11274443,60
17453,11274443,30
17454,11274443,20
17455,11274443,20
17456,11274443,10
17457,11274443,20
17458,11274443,30
17459,1609,500000
17460,11274443,10
17461,1609,500000
17462,11274443,150
17463,11274443,150
17464,11274443,100
17465,11274443,20
17466,11274443,30
17467,11274443,30
17468,11274443,20
17469,11274443,70
17470,11274443,10
17471,11274443,20
17472,11274443,10
17473,11274443,40
17474,11274443,30
17475,11274443,20
17476,11274443,20
17477,11274443,50
17478,11274443,20
17479,11274443,20
17480,1063997,4850
17481,11274443,20
17482,11274443,40
17483,11274443,20
17484,11274443,10
17485,11274443,10
17486,11274443,40
17487,11274443,30
17488,11274443,110
17489,11274443,30
17490,11274443,10
17491,11274443,30
17492,11274443,10
17493,11274443,10
17494,11274443,10
17495,11274443,70
17496,11274443,20
17497,11274443,10
17498,11274443,60
17499,11274443,20
17500,11274443,20
17501,1609,500000
17502,11274443,50
17503,1609,500000
17504,11274443,10
17505,11274443,20
17506,11274443,20
17507,11274443,20
17508,11274443,30
17509,11274443,50
17510,11274443,10
17511,1609,500000
17512,11274443,20
17513,11274443,50
17514,11274443,30
17515,11274443,30
17516,11274443,10
17517,11274443,60
17518,11274443,30
17519,11274443,30
17520,11274443,20
17521,11274443,110
17522,11274443,60
17523,11274443,10
17524,11274443,60
17525,11274443,150
17526,11274443,30
17527,11274443,10
17528,11274443,40
17529,11274443,30
17530,11274443,50
17531,11274443,30
17532,11274443,10
17533,11274443,10
17534,11274443,20
17535,1609,500000
17536,11274443,20
17537,1609,500000
17538,1063997,6890
17539,11274443,40
17540,11274443,50
17541,1063997,8280
17542,11274443,20
17543,11274443,50
17544,11274443,80
17545,11274443,40
17546,11274443,20
17547,11274443,150
17548,11274443,10
17549,1609,500000
17550,11274443,40
17551,11274443,30
17552,11274443,10
17553,11274443,50
17554,11274443,40
17555,11274443,20
17556,85985806,0
17557,11274443,30
17558,11274443,30
17559,11274443,50
17560,1063997,11680
17561,11274443,20
17562,11274443,30
17563,11274443,30
17564,11274443,10
17565,1063997,5330
17566,11274443,20
17567,11274443,10
17568,11274443,20
17569,11274443,30
17570,11274443,30
17571,11274443,20
17572,11274443,30
17573,11274443,10
17574,11274443,170
17575,11274443,60
17576,11274443,150
17577,11274443,40
17578,11274443,40
17579,1609,500000
17580,11274443,10
17581,11274443,20
17582,11274443,30
17583,11274443,10
17584,11274443,30
17585,11274443,10
17586,1063997,15710
17587,11274443,20
17588,11274443,10
17589,11274443,10
17590,11274443,10
17591,11274443,80
17592,11274443,20
17593,11274443,10
17594,11274443,30
17595,11274443,40
17596,11274443,30
17597,11274443,30
17598,11274443,50
17599,1609,500000
17600,1063997,10710
17601,11274443,10
17602,11274443,70
17603,1609,500000
17604,11274443,60
17605,11274443,70
17606,11274443,10
17607,11274443,20
17608,11274443,40
17609,11274443,30
17610,11274443,130
17611,11274443,50
17612,11274443,40
17613,11274443,20
17614,11274443,40
17615,11274443,10
17616,11274443,20
17617,11274443,40
17618,1609,500000
17619,11274443,40
17620,1609,500000
17621,11274443,70
17622,11274443,90
17623,11274443,20
17624,1063997,6770
17625,11274443,40
17626,11274443,60
17627,11274443,60
17628,11274443,40
17629,11274443,10
17630,11274443,60
17631,11274443,30
17632,11274443,20
17633,1609,500000
17634,11274443,30
17635,11274443,50
17636,11274443,20
17637,11274443,30
17638,11274443,20
17639,11274443,20
17640,11274443,30
17641,11274443,20
17642,11274443,60
17643,1609,500000
17644,11274443,50
17645,1609,500000
17646,1063997,6250
17647,1063997,6900
17648,11274443,10
17649,11274443,10
17650,11274443,10
17651,11274443,10
17652,11274443,50
17653,11274443,10
17654,11274443,20
17655,11274443,40
17656,11274443,10
17657,11274443,20
17658,11274443,40
17659,11274443,30
17660,11274443,10
17661,1063997,7330
17662,11274443,30
17663,11274443,10
17664,11274443,40
17665,11274443,30
17666,11274443,20
17667,11274443,10
17668,11274443,110
17669,11274443,10
17670,11274443,50
17671,11274443,20
17672,11274443,10
17673,85985806,0
17674,11274443,50
17675,11274443,20
17676,11274443,30
17677,11274443,20
17678,11274443,40
17679,11274443,10
17680,1609,500000
17681,11274443,10
17682,1609,500000
17683,11274443,60
17684,11274443,40
17685,11274443,20
17686,11274443,30
17687,85985806,0
17688,11274443,20
17689,11274443,30
17690,11274443,30
17691,11274443,40
17692,11274443,20
17693,11274443,30
17694,11274443,40
17695,11274443,20
17696,11274443,50
17697,11274443,20
17698,11274443,30
17699,11274443,10
17700,11274443,20
17701,11274443,30
17702,11274443,20
17703,11274443,40
17704,11274443,30
17705,11274443,70
17706,11274443,30
17707,11274443,10
17708,11274443,20
17709,11274443,20
17710,1609,500000
17711,11274443,30
17712,11274443,10
17713,11274443,50
17714,11274443,10
17715,11274443,10
17716,11274443,60
17717,11274443,10
17718,11274443,30
17719,11274443,20
17720,11274443,10
17721,11274443,110
17722,11274443,10
17723,11274443,10
17724,85985806,0
17725,11274443,10
17726,11274443,20
17727,11274443,30
17728,11274443,20
17729,11274443,60
17730,11274443,90
17731,11274443,110
17732,1063997,5850
17733,11274443,30
17734,11274443,30
17735,11274443,20
17736,11274443,10
17737,11274443,60
17738,11274443,30
17739,11274443,20
17740,11274443,110
17741,11274443,30
17742,1609,500000
17743,11274443,10
17744,11274443,20
17745,11274443,10
17746,11274443,10
17747,11274443,30
17748,1609,500000
17749,11274443,20
17750,11274443,10
17751,11274443,60
17752,1609,500000
17753,11274443,30
17754,11274443,90
17755,11274443,150
17756,11274443,10
17757,11274443,60
17758,11274443,30
17759,11274443,10
17760,11274443,20
17761,11274443,10
17762,11274443,60
17763,11274443,30
17764,11274443,20
17765,11274443,40
17766,11274443,30
17767,11274443,10
17768,11274443,20
17769,11274443,20
17770,11274443,60
17771,85985806,0
17772,1063997,8460
17773,11274443,40
17774,11274443,20
17775,1609,500000
17776,11274443,10
17777,11274443,20
17778,11274443,10
17779,11274443,210
17780,11274443,10
17781,11274443,10
17782,11274443,10
17783,85985806,0
17784,11274443,10
17785,11274443,30
17786,1609,500000
17787,1609,500000
17788,1063997,5400
17789,11274443,40
17790,11274443,10
17791,11274443,20
17792,1609,500000
17793,1063997,7570
17794,11274443,10
17795,11274443,10
17796,11274443,30
17797,11274443,40
17798,11274443,30
17799,11274443,30
17800,11274443,40
17801,11274443,30
17802,1609,500000
17803,11274443,20
17804,11274443,10
17805,11274443,40
17806,11274443,80
17807,11274443,20
17808,11274443,20
17809,11274443,40
17810,11274443,30
17811,11274443,30
17812,11274443,30
17813,1609,500000
17814,11274443,10
17815,11274443,20
17816,11274443,30
17817,11274443,20
17818,11274443,20
17819,11274443,150
17820,11274443,40
17821,11274443,20
17822,11274443,30
17823,11274443,30
17824,11274443,20
17825,1063997,16790
17826,11274443,10
17827,11274443,40
17828,11274443,20
17829,11274443,10
17830,11274443,10
17831,11274443,30
17832,11274443,50
17833,11274443,20
17834,11274443,20
17835,11274443,20
17836,11274443,10
17837,1609,500000
17838,11274443,30
17839,1609,500000
17840,11274443,130
17841,11274443,30
17842,11274443,210
17843,11274443,20
17844,11274443,10
17845,11274443,30
17846,1063997,11610
17847,11274443,30
17848,11274443,120
17849,11274443,10
17850,11274443,80
17851,11274443,20
17852,11274443,40
17853,11274443,30
17854,11274443,30
17855,85985806,0
17856,11274443,10
17857,11274443,10
17858,1063997,10730
17859,11274443,20
17860,11274443,20
17861,11274443,80
17862,11274443,40
17863,11274443,10
17864,11274443,10
17865,11274443,10
17866,11274443,10
17867,11274443,30
17868,11274443,10
17869,11274443,10
17870,11274443,20
17871,11274443,60
17872,11274443,20
17873,11274443,20
17874,11274443,50
17875,11274443,70
17876,11274443,10
17877,11274443,40
17878,11274443,20
17879,11274443,10
17880,11274443,30
17881,11274443,10
17882,1609,500000
17883,11274443,10
17884,11274443,20
17885,11274443,40
17886,11274443,30
17887,11274443,60
17888,11274443,40
17889,11274443,60
17890,11274443,30
17891,11274443,10
17892,11274443,30
17893,11274443,20
17894,11274443,30
17895,11274443,30
17896,1609,500000
17897,11274443,20
17898,11274443,40
17899,1063997,7730
17900,1063997,18830
17901,11274443,20
17902,11274443,20
17903,11274443,30
17904,11274443,10
17905,11274443,40
17906,11274443,110
17907,11274443,20
17908,11274443,20
17909,11274443,40
17910,11274443,40
17911,11274443,10
17912,11274443,30
17913,11274443,70
17914,11274443,50
17915,11274443,10
17916,11274443,30
17917,11274443,10
17918,11274443,40
17919,11274443,10
17920,1609,500000
17921,11274443,70
17922,11274443,10
17923,11274443,20
17924,11274443,30
17925,11274443,60
17926,1609,500000
17927,11274443,60
17928,11274443,10
17929,11274443,10
17930,11274443,20
17931,11274443,10
17932,11274443,20
17933,11274443,40
17934,1609,500000
17935,11274443,20
17936,11274443,60
17937,11274443,110
17938,11274443,20
17939,11274443,20
17940,11274443,110
17941,11274443,30
17942,11274443,40
17943,11274443,50
17944,1063997,12190
17945,11274443,50
17946,11274443,40
17947,11274443,30
17948,11274443,20
17949,11274443,20
17950,11274443,30
17951,11274443,20
17952,11274443,10
17953,11274443,80
17954,1609,500000
17955,11274443,20
17956,11274443,10
17957,11274443,60
17958,11274443,40
17959,11274443,10
17960,11274443,20
17961,1063997,8100
17962,1609,500000
17963,11274443,10
17964,11274443,30
17965,11274443,20
17966,11274443,20
17967,1609,500000
17968,11274443,20
17969,85985806,0
17970,1063997,14300
17971,11274443,40
17972,11274443,20
17973,11274443,30
17974,11274443,60
17975,11274443,20
17976,11274443,20
17977,11274443,30
17978,11274443,10
17979,1063997,5280
17980,11274443,10
17981,11274443,10
17982,11274443,30
17983,11274443,30
17984,11274443,20
17985,11274443,20
17986,11274443,10
17987,11274443,30
17988,11274443,60
17989,11274443,20
17990,11274443,10
17991,11274443,10
17992,11274443,20
17993,11274443,60
17994,11274443,10
17995,11274443,80
17996,1609,500000
17997,11274443,30
17998,11274443,20
17999,11274443,30
18000,1609,500000
18001,11274443,20
18002,11274443,10
18003,11274443,40
18004,11274443,10
18005,11274443,10
18006,11274443,20
18007,11274443,30
18008,11274443,60
18009,1063997,4990
18010,11274443,50
18011,11274443,60
18012,11274443,50
18013,11274443,10
18014,11274443,120
18015,11274443,60
18016,11274443,10
18017,11274443,20
18018,11274443,30
18019,11274443,150
18020,11274443,10
18021,11274443,40
18022,11274443,20
18023,11274443,10
18024,11274443,10
18025,11274443,20
18026,11274443,20
18027,11274443,20
18028,11274443,50
18029,11274443,110
18030,11274443,50
18031,11274443,10
18032,11274443,20
18033,11274443,70
18034,1609,500000
18035,1063997,10570
18036,11274443,30
18037,11274443,10
18038,11274443,50
18039,11274443,70
18040,1609,500000
18041,1609,500000
18042,11274443,30
18043,11274443,20
18044,11274443,10
18045,11274443,10
18046,11274443,60
18047,1063997,8400
18048,1063997,7300
18049,11274443,60
18050,11274443,150
18051,11274443,10
18052,11274443,20
18053,11274443,30
18054,11274443,60
18055,11274443,20
18056,11274443,10
18057,11274443,20
18058,11274443,100
18059,11274443,30
18060,11274443,20
18061,11274443,70
18062,11274443,50
18063,11274443,10
18064,1609,500000
18065,11274443,10
18066,1063997,4380
18067,11274443,50
18068,11274443,30
18069,1609,500000
18070,11274443,10
18071,11274443,10
18072,11274443,10
18073,11274443,50
18074,11274443,40
18075,11274443,10
18076,11274443,40
18077,11274443,30
18078,1609,500000
18079,11274443,10
18080,11274443,50
18081,11274443,10
18082,11274443,30
18083,11274443,10
18084,11274443,10
18085,11274443,60
18086,11274443,20
18087,1609,500000
18088,11274443,20
18089,11274443,20
18090,11274443,20
18091,1609,500000
18092,11274443,50
18093,11274443,40
18094,11274443,10
18095,11274443,20
18096,11274443,10
18097,11274443,40
18098,11274443,10
18099,11274443,20
18100,11274443,10
18101,11274443,30
18102,11274443,80
18103,11274443,40
18104,11274443,10
18105,11274443,10
18106,11274443,20
18107,11274443,10
18108,11274443,30
18109,11274443,10
18110,1609,500000
18111,1063997,61730
18112,11274443,30
18113,11274443,20
18114,11274443,40
18115,11274443,50
18116,1609,500000
18117,11274443,30
18118,11274443,10
18119,11274443,20
18120,11274443,30
18121,11274443,10
18122,11274443,20
18123,11274443,30
18124,11274443,80
18125,11274443,40
18126,11274443,10
18127,11274443,60
18128,11274443,40
18129,11274443,20
18130,11274443,50
18131,11274443,10
18132,11274443,30
18133,11274443,40
18134,11274443,20
18135,11274443,20
18136,1609,500000
18137,11274443,20
18138,11274443,30
18139,11274443,50
18140,11274443,50
18141,11274443,10
18142,11274443,110
18143,11274443,70
18144,11274443,30
18145,11274443,10
18146,1063997,6150
18147,11274443,30
18148,11274443,30
18149,11274443,20
18150,11274443,40
18151,11274443,100
18152,11274443,10
18153,11274443,20
18154,11274443,30
18155,11274443,60
18156,11274443,10
18157,1063997,8460
18158,11274443,60
18159,1609,500000
18160,11274443,10
18161,11274443,40
18162,11274443,30
18163,11274443,10
18164,11274443,20
18165,11274443,10
18166,1063997,10120
18167,85985806,0
18168,11274443,40
18169,11274443,50
18170,11274443,100
18171,11274443,60
18172,11274443,30
18173,1609,500000
18174,11274443,150
18175,11274443,20
18176,11274443,20
18177,11274443,40
18178,11274443,30
18179,11274443,20
18180,11274443,20
18181,11274443,20
18182,11274443,20
18183,11274443,10
18184,11274443,60
18185,11274443,60
18186,11274443,110
18187,1063997,8710
18188,1609,500000
18189,11274443,10
18190,1609,500000
18191,11274443,30
18192,11274443,150
18193,11274443,60
18194,11274443,110
18195,11274443,80
18196,11274443,10
18197,11274443,20
18198,11274443,10
18199,11274443,20
18200,85985806,0
18201,11274443,10
18202,11274443,40
18203,11274443,110
18204,11274443,30
18205,1609,500000
18206,11274443,20
18207,11274443,80
18208,11274443,30
18209,11274443,50
18210,11274443,20
18211,11274443,10
18212,11274443,50
18213,1609,500000
18214,11274443,60
18215,11274443,10
18216,11274443,10
18217,11274443,40
18218,11274443,60
18219,11274443,70
18220,11274443,20
18221,85985806,0
18222,1609,500000
18223,1063997,8160
18224,11274443,30
18225,11274443,30
18226,11274443,30
18227,11274443,60
18228,11274443,40
18229,11274443,30
18230,11274443,30
18231,11274443,40
18232,11274443,30
18233,11274443,20
18234,1609,500000
18235,1609,500000
18236,11274443,20
18237,11274443,30
18238,11274443,40
18239,11274443,40
18240,11274443,60
18241,11274443,10
18242,11274443,30
18243,11274443,30
18244,11274443,10
18245,11274443,20
18246,1609,500000
18247,11274443,30
18248,11274443,10
18249,1063997,10000
18250,11274443,20
18251,11274443,10
18252,11274443,10
18253,11274443,20
18254,11274443,50
18255,11274443,10
18256,1609,500000
18257,11274443,10
18258,11274443,20
18259,11274443,40
18260,11274443,80
18261,11274443,20
18262,11274443,40
18263,11274443,10
18264,11274443,10
18265,1609,500000
18266,11274443,20
18267,11274443,50
18268,11274443,40
18269,11274443,30
18270,11274443,80
18271,85985806,0
18272,11274443,10
18273,1063997,5540
18274,11274443,80
18275,11274443,30
18276,11274443,30
18277,11274443,10
18278,11274443,30
18279,11274443,10
18280,85985806,0
18281,11274443,150
18282,11274443,20
18283,11274443,10
18284,11274443,40
18285,1063997,6880
18286,11274443,40
18287,11274443,10
18288,11274443,20
18289,11274443,20
18290,11274443,20
18291,11274443,20
18292,11274443,10
18293,11274443,30
18294,11274443,150
18295,11274443,40
18296,1063997,8790
18297,11274443,20
18298,85985806,0
18299,11274443,30
18300,11274443,10
18301,11274443,50
18302,11274443,20
18303,1063997,7890
18304,11274443,10
18305,11274443,20
18306,11274443,40
18307,1063997,7530
18308,11274443,10
18309,11274443,10
18310,11274443,30
18311,1609,500000
18312,11274443,10
18313,11274443,20
18314,11274443,30
18315,11274443,10
18316,11274443,60
18317,11274443,50
18318,1609,500000
18319,11274443,10
18320,11274443,30
18321,11274443,40
18322,11274443,70
18323,11274443,150
18324,11274443,50
18325,11274443,40
18326,11274443,20
18327,11274443,40
18328,1063997,10090
18329,11274443,40
18330,11274443,20
18331,85985806,0
18332,11274443,20
18333,1609,500000
18334,11274443,10
18335,1063997,17240
18336,11274443,10
18337,11274443,30
18338,11274443,30
18339,11274443,30
18340,1609,500000
18341,11274443,30
18342,11274443,20
18343,1063997,13990
18344,11274443,60
18345,11274443,50
18346,11274443,30
18347,11274443,30
18348,11274443,20
18349,11274443,30
18350,11274443,20
18351,11274443,40
18352,11274443,20
18353,11274443,20
18354,11274443,30
18355,11274443,50
18356,11274443,20
18357,11274443,40
18358,11274443,10
18359,11274443,60
18360,11274443,20
18361,11274443,10
18362,1063997,6540
18363,11274443,10
18364,11274443,10
18365,11274443,50
18366,1063997,7790
18367,11274443,30
18368,11274443,40
18369,1609,500000
18370,85985806,0
18371,11274443,10
18372,11274443,50
18373,11274443,60
18374,11274443,10
18375,1063997,9210
18376,11274443,20
18377,11274443,10
18378,11274443,20
18379,11274443,10
18380,11274443,50
18381,11274443,30
18382,11274443,10
18383,1063997,8030
18384,11274443,50
18385,11274443,30
18386,1063997,13240
18387,11274443,10
18388,11274443,10
18389,11274443,30
18390,11274443,10
18391,11274443,10
18392,11274443,10
18393,11274443,10
18394,11274443,30
18395,11274443,70
18396,11274443,30
18397,11274443,50
18398,11274443,20
18399,11274443,30
18400,1609,500000
18401,1063997,10190
18402,11274443,40
18403,11274443,10
18404,11274443,10
18405,11274443,50
18406,11274443,90
18407,11274443,20
18408,11274443,50
18409,11274443,150
18410,1063997,46290
18411,11274443,30
18412,11274443,40
18413,11274443,30
18414,11274443,10
18415,11274443,60
18416,11274443,20
18417,11274443,20
18418,11274443,10
18419,85985806,0
18420,11274443,10
18421,85985806,0
18422,11274443,50
18423,1609,500000
18424,11274443,50
18425,11274443,30
18426,1063997,7790
18427,11274443,30
18428,11274443,40
18429,11274443,40
18430,1063997,9140
18431,11274443,70
18432,11274443,20
18433,11274443,30
18434,11274443,20
18435,11274443,10
18436,11274443,70
18437,11274443,20
18438,11274443,30
18439,11274443,60
18440,11274443,40
18441,11274443,20
18442,1609,500000
18443,11274443,70
18444,11274443,30
18445,1063997,7850
18446,11274443,20
18447,11274443,30
18448,1609,500000
18449,11274443,20
18450,11274443,150
18451,11274443,20
18452,11274443,40
18453,11274443,10
18454,11274443,20
18455,1609,500000
18456,11274443,20
18457,1609,500000
18458,11274443,10
18459,1063997,10060
18460,11274443,30
18461,11274443,20
18462,11274443,110
18463,11274443,20
18464,11274443,20
18465,11274443,10
18466,1609,500000
18467,11274443,120
18468,11274443,30
18469,11274443,120
18470,11274443,20
18471,11274443,20
18472,11274443,50
18473,11274443,80
18474,11274443,40
18475,11274443,100
18476,11274443,30
18477,11274443,30
18478,11274443,50
18479,11274443,30
18480,11274443,80
18481,11274443,20
18482,1609,500000
18483,11274443,40
18484,11274443,40
18485,11274443,70
18486,11274443,10
18487,11274443,40
18488,11274443,20
18489,11274443,20
18490,11274443,20
18491,11274443,70
18492,11274443,40
18493,11274443,20
18494,11274443,20
18495,11274443,30
18496,11274443,80
18497,11274443,110
18498,11274443,20
18499,11274443,10
18500,11274443,310
18501,11274443,10
18502,1609,500000
18503,11274443,50
18504,11274443,20
18505,1063997,8010
18506,1063997,7610
18507,11274443,30
18508,11274443,30
18509,11274443,40
18510,11274443,60
18511,11274443,10
18512,11274443,30
18513,11274443,50
18514,11274443,30
18515,1063997,15750
18516,1609,500000
18517,11274443,80
18518,1609,500000
18519,11274443,60
18520,11274443,10
18521,11274443,10
18522,11274443,30
18523,11274443,20
18524,11274443,50
18525,11274443,60
18526,11274443,30
18527,11274443,20
18528,11274443,70
18529,11274443,20
18530,11274443,30
18531,11274443,30
18532,11274443,20
18533,11274443,20
18534,11274443,80
18535,11274443,20
18536,11274443,150
18537,11274443,20
18538,11274443,70
18539,11274443,40
18540,1063997,8620
18541,11274443,20
18542,11274443,10
18543,11274443,30
18544,11274443,40
18545,85985806,0
18546,11274443,30
18547,11274443,30
18548,11274443,10
18549,11274443,30
18550,11274443,10
18551,11274443,10
18552,11274443,10
18553,11274443,150
18554,11274443,10
18555,11274443,50
18556,1063997,5920
18557,85985806,0
18558,11274443,90
18559,11274443,30
18560,11274443,10
18561,1609,500000
18562,11274443,10
18563,11274443,30
18564,11274443,30
18565,11274443,20
18566,11274443,40
18567,11274443,40
18568,11274443,40
18569,11274443,40
18570,11274443,30
18571,11274443,170
18572,11274443,10
18573,11274443,10
18574,11274443,30
18575,11274443,10
18576,11274443,30
18577,11274443,30
18578,11274443,10
18579,11274443,30
18580,11274443,40
18581,11274443,40
18582,11274443,150
18583,11274443,50
18584,1063997,31440
18585,11274443,40
18586,11274443,30
18587,11274443,40
18588,11274443,30
18589,11274443,30
18590,11274443,10
18591,11274443,80
18592,11274443,30
18593,11274443,10
18594,11274443,40
18595,11274443,20
18596,11274443,30
18597,11274443,290
18598,11274443,10
18599,11274443,30
18600,11274443,30
18601,11274443,10
18602,11274443,20
18603,11274443,80
18604,11274443,20
18605,11274443,20
18606,11274443,30
18607,1609,500000
18608,11274443,50
18609,11274443,10
18610,11274443,80
18611,11274443,150
18612,11274443,70
18613,11274443,30
18614,1609,500000
18615,11274443,60
18616,11274443,10
18617,11274443,60
18618,11274443,10
18619,11274443,80
18620,11274443,30
18621,11274443,20
18622,11274443,40
18623,11274443,40
18624,1609,500000
18625,11274443,10
18626,11274443,20
18627,11274443,10
18628,11274443,30
18629,11274443,30
18630,11274443,20
18631,11274443,10
18632,11274443,30
18633,11274443,30
18634,11274443,20
18635,1063997,7140
18636,11274443,80
18637,11274443,10
18638,11274443,80
18639,11274443,30
18640,11274443,10
18641,11274443,30
18642,1063997,11230
18643,11274443,10
18644,1609,500000
18645,11274443,30
18646,11274443,20
18647,11274443,210
18648,11274443,30
18649,11274443,10
18650,11274443,80
18651,11274443,30
18652,11274443,20
18653,11274443,10
18654,11274443,10
18655,11274443,10
18656,11274443,30
18657,1609,500000
18658,11274443,30
18659,11274443,10
18660,11274443,20
18661,11274443,20
18662,11274443,20
18663,11274443,90
18664,11274443,60
18665,11274443,20
18666,1063997,6140
18667,11274443,20
18668,11274443,10
18669,11274443,110
18670,11274443,80
18671,1063997,8720
18672,11274443,70
18673,11274443,30
18674,11274443,10
18675,11274443,40
18676,11274443,10
18677,11274443,110
18678,1063997,4660
18679,11274443,70
18680,11274443,20
18681,11274443,30
18682,1609,500000
18683,11274443,10
18684,11274443,10
18685,11274443,80
18686,11274443,30
18687,11274443,30
18688,11274443,10
18689,11274443,10
18690,11274443,10
18691,11274443,40
18692,11274443,10
18693,1609,500000
18694,11274443,20
18695,1609,500000
18696,11274443,110
18697,11274443,20
18698,11274443,60
18699,11274443,40
18700,11274443,30
18701,11274443,40
18702,11274443,30
18703,11274443,10
18704,11274443,40
18705,11274443,10
18706,11274443,20
18707,1609,500000
18708,11274443,50
18709,11274443,20
18710,11274443,60
18711,1063997,24020
18712,11274443,50
18713,11274443,110
18714,11274443,60
18715,11274443,40
18716,11274443,20
18717,11274443,60
18718,11274443,20
18719,11274443,60
18720,11274443,20
18721,11274443,210
18722,11274443,10
18723,11274443,30
18724,11274443,80
18725,1609,500000
18726,11274443,40
18727,11274443,60
18728,11274443,10
18729,11274443,30
18730,11274443,10
18731,11274443,70
18732,11274443,20
18733,11274443,10
18734,11274443,20
18735,11274443,30
18736,11274443,10
18737,11274443,30
18738,11274443,30
18739,1609,500000
18740,11274443,50
18741,11274443,10
18742,11274443,50
18743,11274443,20
18744,11274443,30
18745,11274443,30
18746,11274443,20
18747,11274443,20
18748,11274443,80
18749,11274443,30
18750,11274443,20
18751,11274443,10
18752,11274443,20
18753,11274443,50
18754,11274443,10
18755,85985806,0
18756,11274443,30
18757,11274443,40
18758,11274443,50
18759,11274443,20
18760,11274443,30
18761,11274443,20
18762,11274443,50
18763,11274443,20
18764,11274443,20
18765,1063997,14680
18766,11274443,10
18767,11274443,20
18768,11274443,110
18769,11274443,10
18770,11274443,40
18771,11274443,20
18772,1609,500000
18773,11274443,30
18774,11274443,50
18775,11274443,10
18776,11274443,30
18777,11274443,20
18778,11274443,60
18779,1063997,56170
18780,11274443,10
18781,11274443,20
18782,1609,500000
18783,11274443,40
18784,11274443,30
18785,11274443,80
18786,11274443,20
18787,11274443,40
18788,11274443,30
18789,11274443,20
18790,11274443,20
18791,11274443,20
18792,11274443,50
18793,11274443,30
18794,11274443,10
18795,11274443,20
18796,11274443,10
18797,11274443,30
18798,11274443,60
18799,11274443,80
18800,11274443,10
18801,11274443,40
18802,11274443,10
18803,11274443,30
18804,11274443,10
18805,11274443,110
18806,1609,500000
18807,11274443,90
18808,11274443,20
18809,11274443,20
18810,11274443,10
18811,11274443,50
18812,1063997,55590
18813,11274443,20
18814,11274443,30
18815,11274443,110
18816,11274443,20
18817,11274443,20
18818,11274443,30
18819,11274443,50
18820,11274443,20
18821,11274443,40
18822,11274443,70
18823,11274443,150
18824,1063997,32470
18825,11274443,30
18826,11274443,50
18827,11274443,150
18828,11274443,30
18829,11274443,100
18830,11274443,50
18831,11274443,150
18832,11274443,40
18833,11274443,30
18834,11274443,10
18835,11274443,70
18836,11274443,40
18837,11274443,20
18838,1609,500000
18839,11274443,20
18840,11274443,130
18841,11274443,20
18842,11274443,80
18843,11274443,30
18844,1063997,9530
18845,11274443,10
18846,11274443,30
18847,11274443,20
18848,11274443,10
18849,11274443,20
18850,1609,500000
18851,11274443,80
18852,11274443,10
18853,11274443,40
18854,11274443,30
18855,11274443,30
18856,11274443,10
18857,11274443,20
18858,11274443,150
18859,11274443,30
18860,11274443,20
18861,11274443,10
18862,11274443,20
18863,11274443,20
18864,11274443,10
18865,11274443,10
18866,11274443,30
18867,11274443,40
18868,11274443,30
18869,11274443,10
18870,11274443,10
18871,11274443,10
18872,11274443,20
18873,1063997,13680
18874,11274443,30
18875,11274443,90
18876,11274443,20
18877,11274443,10
18878,11274443,30
18879,11274443,10
18880,11274443,30
18881,11274443,10
18882,85985806,0
18883,11274443,30
18884,11274443,50
18885,11274443,10
18886,11274443,30
18887,11274443,30
18888,11274443,10
18889,11274443,10
18890,11274443,30
18891,11274443,30
18892,11274443,10
18893,11274443,10
18894,11274443,20
18895,11274443,20
18896,11274443,20
18897,11274443,10
18898,11274443,40
18899,1609,500000
18900,11274443,20
18901,11274443,10
18902,11274443,20
18903,11274443,10
18904,11274443,40
18905,11274443,20
18906,11274443,20
18907,11274443,20
18908,11274443,30
18909,11274443,60
18910,11274443,10
18911,11274443,40
18912,11274443,20
18913,11274443,80
18914,11274443,80
18915,85985806,0
18916,11274443,10
18917,11274443,10
18918,11274443,40
18919,11274443,50
18920,11274443,10
18921,1609,500000
18922,11274443,10
18923,11274443,30
18924,1063997,5760
18925,1609,500000
18926,11274443,30
18927,11274443,10
18928,11274443,150
18929,11274443,50
18930,1063997,7240
18931,11274443,10
18932,11274443,30
18933,11274443,50
18934,11274443,10
18935,11274443,10
18936,11274443,10
18937,11274443,60
18938,1063997,9070
18939,11274443,20
18940,11274443,150
18941,11274443,110
18942,11274443,40
18943,11274443,10
18944,11274443,10
18945,11274443,30
18946,11274443,80
18947,11274443,10
18948,11274443,40
18949,11274443,30
18950,11274443,20
18951,11274443,10
18952,11274443,30
18953,11274443,30
18954,11274443,30
18955,11274443,50
18956,1609,500000
18957,11274443,20
18958,11274443,30
18959,11274443,210
18960,11274443,40
18961,11274443,10
18962,11274443,30
18963,11274443,20
18964,11274443,40
18965,11274443,30
18966,11274443,60
18967,11274443,20
18968,11274443,30
18969,11274443,10
18970,11274443,20
18971,11274443,150
18972,11274443,40
18973,11274443,40
18974,11274443,30
18975,11274443,40
18976,11274443,10
18977,1063997,8100
18978,11274443,80
18979,11274443,20
18980,11274443,10
18981,11274443,40
18982,11274443,10
18983,11274443,40
18984,11274443,20
18985,11274443,20
18986,1063997,16110
18987,11274443,20
18988,11274443,140
18989,11274443,30
18990,11274443,20
18991,11274443,30
18992,11274443,20
18993,11274443,40
18994,11274443,20
18995,11274443,20
18996,11274443,40
18997,11274443,20
18998,11274443,30
18999,1063997,20670
19000,11274443,10
19001,1063997,7020
19002,11274443,10
19003,11274443,50
19004,11274443,10
19005,11274443,20
19006,11274443,30
19007,11274443,20
19008,11274443,40
19009,11274443,20
19010,11274443,20
19011,11274443,40
19012,1063997,13420
19013,11274443,20
19014,1609,500000
19015,11274443,30
19016,11274443,40
19017,11274443,10
19018,11274443,20
19019,11274443,10
19020,11274443,20
19021,11274443,10
19022,11274443,30
19023,11274443,40
19024,11274443,50
19025,11274443,20
19026,11274443,30
19027,11274443,20
19028,1063997,7150
19029,11274443,10
19030,11274443,70
19031,11274443,30
19032,1609,500000
19033,11274443,10
19034,11274443,10
19035,11274443,40
19036,1609,500000
19037,11274443,50
19038,11274443,20
19039,1609,500000
19040,11274443,20
19041,11274443,10
19042,11274443,30
19043,11274443,20
19044,1609,500000
19045,11274443,60
19046,11274443,110
19047,1609,500000
19048,1609,500000
19049,11274443,60
19050,11274443,50
19051,11274443,20
19052,11274443,80
19053,11274443,80
19054,11274443,10
19055,11274443,30
19056,11274443,30
19057,11274443,20
19058,1063997,10160
19059,1609,500000
19060,11274443,10
19061,11274443,10
19062,11274443,10
19063,11274443,10
19064,11274443,30
19065,11274443,20
19066,11274443,10
19067,11274443,40
19068,11274443,20
19069,11274443,20
19070,11274443,10
19071,11274443,20
19072,11274443,20
19073,11274443,10
19074,11274443,20
19075,11274443,10
19076,11274443,20
19077,11274443,30
19078,11274443,20
19079,11274443,10
19080,11274443,10
19081,1609,500000
19082,11274443,10
19083,11274443,20
19084,11274443,10
19085,11274443,10
19086,11274443,50
19087,11274443,20
19088,11274443,50
19089,11274443,10
19090,1609,500000
19091,11274443,40
19092,11274443,20
19093,11274443,20
19094,11274443,60
19095,11274443,20
19096,85985806,0
19097,11274443,10
19098,1609,500000
19099,11274443,20
19100,1609,500000
19101,11274443,10
19102,11274443,10
19103,11274443,30
19104,11274443,30
19105,11274443,30
19106,11274443,30
19107,11274443,210
19108,11274443,90
19109,11274443,70
19110,1063997,7990
19111,11274443,10
19112,11274443,20
19113,11274443,20
19114,11274443,40
19115,11274443,30
19116,1063997,6950
19117,11274443,20
19118,11274443,40
19119,1063997,5440
19120,11274443,10
19121,1609,500000
19122,11274443,110
19123,11274443,20
19124,11274443,50
19125,11274443,10
19126,1063997,14140
19127,11274443,10
19128,11274443,50
19129,11274443,20
19130,11274443,30
19131,11274443,10
19132,11274443,20
19133,11274443,30
19134,1609,500000
19135,11274443,10
19136,11274443,20
19137,11274443,50
19138,11274443,150
19139,11274443,40
19140,11274443,10
19141,11274443,30
19142,11274443,30
19143,11274443,20
19144,11274443,10
19145,11274443,50
19146,11274443,30
19147,11274443,30
19148,11274443,10
19149,11274443,30
19150,11274443,50
19151,11274443,50
19152,11274443,40
19153,11274443,40
19154,11274443,150
19155,11274443,70
19156,11274443,10
19157,11274443,80
19158,11274443,30
19159,11274443,30
19160,11274443,80
19161,11274443,30
19162,1609,500000
19163,11274443,70
19164,11274443,30
19165,11274443,20
19166,11274443,80
19167,11274443,30
19168,11274443,30
19169,1609,500000
19170,11274443,50
19171,11274443,30
19172,11274443,40
19173,11274443,70
19174,11274443,150
19175,11274443,50
19176,11274443,30
19177,11274443,30
19178,11274443,10
19179,11274443,20
19180,11274443,20
19181,11274443,20
19182,11274443,50
19183,11274443,60
19184,11274443,20
19185,11274443,40
19186,11274443,30
19187,11274443,50
19188,11274443,60
19189,11274443,20
19190,11274443,10
19191,11274443,20
19192,1063997,9280
19193,11274443,30
19194,11274443,30
19195,11274443,20
19196,11274443,20
19197,11274443,20
19198,11274443,10
19199,11274443,10
19200,11274443,20
19201,1063997,7600
19202,11274443,10
19203,11274443,10
19204,11274443,10
19205,11274443,60
19206,11274443,40
19207,85985806,0
19208,11274443,110
19209,11274443,10
19210,11274443,30
19211,11274443,10
19212,85985806,0
19213,11274443,50
19214,11274443,110
19215,11274443,150
19216,11274443,20
19217,11274443,30
19218,11274443,20
19219,1063997,9760
19220,11274443,30
19221,11274443,90
19222,11274443,20
19223,11274443,60
19224,11274443,40
19225,11274443,20
19226,1609,500000
19227,11274443,10
19228,11274443,30
19229,11274443,60
19230,11274443,60
19231,11274443,20
19232,1063997,9610
19233,11274443,60
19234,1063997,10520
19235,11274443,10
19236,11274443,60
19237,1609,500000
19238,11274443,10
19239,11274443,70
19240,11274443,70
19241,11274443,70
19242,11274443,10
19243,11274443,70
19244,11274443,10
19245,11274443,80
19246,11274443,40
19247,11274443,60
19248,11274443,70
19249,11274443,50
19250,11274443,40
19251,1609,500000
19252,11274443,60
19253,11274443,10
19254,11274443,40
19255,11274443,60
19256,11274443,10
19257,11274443,20
19258,1063997,5650
19259,85985806,0
19260,11274443,20
19261,11274443,20
19262,1609,500000
19263,11274443,40
19264,11274443,210
19265,11274443,10
19266,11274443,30
19267,11274443,30
19268,11274443,150
19269,11274443,10
19270,1063997,4920
19271,1063997,7450
19272,11274443,10
19273,11274443,30
19274,11274443,50
19275,1609,500000
19276,11274443,30
19277,1063997,11160
19278,11274443,150
19279,11274443,30
19280,11274443,20
19281,1609,500000
19282,11274443,40
19283,11274443,150
19284,11274443,30
19285,1063997,10170
19286,11274443,40
19287,11274443,20
19288,11274443,30
19289,11274443,20
19290,1609,500000
19291,11274443,20
19292,11274443,60
19293,11274443,30
19294,11274443,40
19295,11274443,30
19296,11274443,10
19297,11274443,40
19298,11274443,50
19299,1063997,6790
19300,11274443,10
19301,1063997,13330
19302,11274443,30
19303,1609,500000
19304,11274443,20
19305,11274443,110
19306,11274443,40
19307,11274443,20
19308,11274443,30
19309,85985806,0
19310,11274443,40
19311,11274443,60
19312,1609,500000
19313,11274443,10
19314,11274443,10
19315,11274443,30
19316,11274443,10
19317,11274443,120
19318,1063997,7460
19319,1063997,10610
19320,11274443,10
19321,11274443,20
19322,1609,500000
19323,11274443,10
19324,11274443,20
19325,1063997,9250
19326,11274443,20
19327,11274443,20
19328,11274443,50
19329,85985806,0
19330,11274443,50
19331,11274443,10
19332,11274443,20
19333,11274443,30
19334,11274443,150
19335,11274443,10
19336,11274443,30
19337,1609,500000
19338,11274443,30
19339,11274443,10
19340,11274443,110
19341,11274443,60
19342,85985806,0
19343,11274443,10
19344,11274443,10
19345,11274443,50
19346,11274443,110
19347,11274443,30
19348,85985806,0
19349,1063997,7780
19350,11274443,10
19351,11274443,110
19352,11274443,10
19353,11274443,10
19354,11274443,10
19355,11274443,90
19356,85985806,0
19357,11274443,40
19358,11274443,40
19359,11274443,30
19360,11274443,10
19361,11274443,20
19362,11274443,10
19363,1063997,5190
19364,11274443,50
19365,11274443,20
19366,11274443,20
19367,11274443,20
19368,11274443,50
19369,11274443,40
19370,11274443,10
19371,11274443,10
19372,11274443,10
19373,11274443,30
19374,1063997,5860
19375,11274443,20
19376,11274443,20
19377,11274443,50
19378,11274443,30
19379,11274443,10
19380,11274443,10
19381,11274443,30
19382,11274443,30
19383,11274443,10
19384,11274443,10
19385,11274443,30
19386,11274443,40
19387,11274443,70
19388,11274443,10
19389,11274443,10
19390,1609,500000
19391,11274443,40
19392,11274443,10
19393,11274443,20
19394,11274443,60
19395,11274443,20
19396,11274443,60
19397,1063997,9650
19398,11274443,30
19399,11274443,30
19400,11274443,20
19401,1063997,12910
19402,11274443,10
19403,11274443,20
19404,11274443,10
19405,11274443,50
19406,11274443,70
19407,11274443,10
19408,11274443,60
19409,11274443,20
19410,11274443,20
19411,11274443,20
19412,11274443,40
19413,11274443,10
19414,11274443,20
19415,11274443,60
19416,1063997,15650
19417,11274443,30
19418,11274443,10
19419,11274443,30
19420,11274443,20
19421,1063997,7430
19422,1063997,7340
19423,1063997,5850
19424,11274443,40
19425,11274443,20
19426,11274443,60
19427,11274443,10
19428,11274443,30
19429,11274443,30
19430,11274443,70
19431,11274443,20
19432,11274443,60
19433,11274443,30
19434,11274443,10
19435,11274443,210
19436,11274443,20
19437,11274443,30
19438,11274443,20
19439,11274443,30
19440,1609,500000
19441,11274443,50
19442,11274443,10
19443,11274443,10
19444,11274443,70
19445,11274443,10
19446,1609,500000
19447,85985806,0
19448,11274443,40
19449,11274443,80
19450,11274443,30
19451,11274443,60
19452,11274443,10
19453,11274443,40
19454,11274443,40
19455,11274443,10
19456,11274443,10
19457,1063997,16020
19458,1609,500000
19459,11274443,60
19460,1609,500000
19461,11274443,20
19462,1609,500000
19463,11274443,80
19464,11274443,40
19465,11274443,50
19466,11274443,30
19467,1063997,7950
19468,1063997,8100
19469,11274443,20
19470,11274443,30
19471,11274443,30
19472,11274443,20
19473,1063997,7130
19474,11274443,60
19475,85985806,0
19476,11274443,20
19477,1063997,7210
19478,1609,500000
19479,11274443,40
19480,1063997,22360
19481,11274443,40
19482,11274443,30
19483,11274443,20
19484,11274443,30
19485,1609,500000
19486,11274443,10
19487,11274443,20
19488,1063997,7030
19489,11274443,10
19490,11274443,30
19491,11274443,20
19492,11274443,20
19493,11274443,40
19494,1063997,6850
19495,11274443,20
19496,11274443,20
19497,11274443,20
19498,11274443,30
19499,11274443,110
19500,11274443,60
19501,11274443,70
19502,11274443,80
19503,11274443,10
19504,11274443,40
19505,11274443,30
19506,11274443,30
19507,11274443,10
19508,11274443,50
19509,11274443,30
19510,1063997,7130
19511,11274443,10
19512,11274443,40
19513,11274443,60
19514,11274443,30
19515,11274443,90
19516,11274443,40
19517,11274443,10
19518,11274443,40
19519,11274443,20
19520,11274443,30
19521,11274443,60
19522,1609,500000
19523,11274443,10
19524,11274443,60
19525,1063997,7680
19526,11274443,10
19527,11274443,10
19528,11274443,30
19529,1063997,10990
19530,11274443,60
19531,11274443,50
19532,11274443,20
19533,1063997,8270
19534,11274443,10
19535,1063997,9530
19536,11274443,30
19537,1063997,10390
19538,1063997,7400
19539,1063997,12740
19540,1063997,5550
19541,11274443,70
19542,11274443,180
19543,11274443,10
19544,11274443,10
19545,11274443,30
19546,11274443,170
19547,11274443,50
19548,11274443,20
19549,1063997,8940
19550,1063997,6400
19551,11274443,30
19552,11274443,50
19553,11274443,20
19554,11274443,20
19555,11274443,10
19556,11274443,30
19557,11274443,40
19558,11274443,90
19559,11274443,20
19560,11274443,20
19561,11274443,10
19562,11274443,40
19563,11274443,20
19564,11274443,60
19565,1609,500000
19566,11274443,50
19567,11274443,10
19568,11274443,20
19569,1063997,8940
19570,11274443,30
19571,85985806,0
19572,1609,500000
19573,11274443,20
19574,11274443,40
19575,11274443,20
19576,11274443,10
19577,11274443,30
19578,1609,500000
19579,11274443,40
19580,11274443,50
19581,11274443,40
19582,11274443,10
19583,11274443,30
19584,11274443,30
19585,11274443,40
19586,85985806,0
19587,11274443,20
19588,11274443,40
19589,11274443,50
19590,11274443,30
19591,11274443,30
19592,11274443,20
19593,11274443,10
19594,11274443,20
19595,11274443,20
19596,11274443,30
19597,11274443,40
19598,11274443,30
19599,11274443,60
19600,11274443,50
19601,11274443,30
19602,11274443,10
19603,1063997,33880
19604,11274443,10
19605,11274443,60
19606,11274443,20
19607,11274443,10
19608,11274443,40
19609,11274443,70
19610,11274443,40
19611,11274443,30
19612,11274443,60
19613,11274443,40
19614,11274443,10
19615,11274443,10
19616,11274443,10
19617,11274443,50
19618,11274443,20
19619,11274443,20
19620,1063997,8540
19621,11274443,20
19622,11274443,40
19623,11274443,10
19624,11274443,50
19625,11274443,30
19626,11274443,90
19627,11274443,10
19628,11274443,10
19629,11274443,40
19630,1609,500000
19631,11274443,10
19632,11274443,30
19633,11274443,30
19634,1063997,10840
19635,1063997,9120
19636,11274443,40
19637,11274443,20
19638,11274443,30
19639,11274443,40
19640,11274443,10
19641,11274443,20
19642,1609,500000
19643,11274443,50
19644,11274443,20
19645,11274443,40
19646,11274443,30
19647,11274443,10
19648,11274443,20
19649,11274443,10
19650,11274443,20
19651,1063997,15370
19652,11274443,30
19653,11274443,20
19654,11274443,110
19655,11274443,60
19656,11274443,10
19657,1609,500000
19658,11274443,20
19659,11274443,10
19660,11274443,20
19661,11274443,30
19662,1063997,5380
19663,11274443,30
19664,11274443,40
19665,11274443,30
19666,11274443,80
19667,85985806,0
19668,11274443,10
19669,11274443,20
19670,1609,500000
19671,1609,500000
19672,11274443,30
19673,11274443,10
19674,11274443,40
19675,11274443,10
19676,11274443,80
19677,11274443,40
19678,1609,500000
19679,11274443,30
19680,1609,500000
19681,1063997,6120
19682,11274443,30
19683,11274443,10
19684,11274443,20
19685,11274443,10
19686,11274443,40
19687,11274443,20
19688,11274443,10
19689,11274443,30
19690,11274443,10
19691,11274443,30
19692,11274443,30
19693,11274443,20
19694,11274443,10
19695,11274443,20
19696,11274443,110
19697,11274443,10
19698,11274443,10
19699,11274443,30
19700,11274443,40
19701,11274443,30
19702,1609,500000
19703,11274443,10
19704,11274443,40
19705,11274443,40
19706,11274443,10
19707,11274443,60
19708,11274443,50
19709,11274443,30
19710,1609,500000
19711,11274443,10
19712,11274443,10
19713,11274443,10
19714,11274443,60
19715,11274443,60
19716,11274443,10
19717,11274443,20
19718,1063997,7880
19719,11274443,10
19720,11274443,40
19721,11274443,10
19722,11274443,20
19723,11274443,20
19724,11274443,10
19725,11274443,10
19726,11274443,30
19727,11274443,20
19728,11274443,40
19729,11274443,30
19730,11274443,30
19731,11274443,30
19732,11274443,50
19733,11274443,30
19734,11274443,50
19735,11274443,20
19736,11274443,30
19737,11274443,30
19738,11274443,60
19739,11274443,20
19740,11274443,10
19741,1609,500000
19742,11274443,20
19743,11274443,10
19744,11274443,20
19745,1063997,5780
19746,11274443,30
19747,11274443,30
19748,1609,500000
19749,11274443,30
19750,1609,500000
19751,11274443,10
19752,11274443,40
19753,11274443,30
19754,11274443,40
19755,11274443,20
19756,11274443,120
19757,11274443,10
19758,11274443,10
19759,1609,500000
19760,1063997,5110
19761,11274443,30
19762,1609,500000
19763,11274443,30
19764,11274443,10
19765,11274443,10
19766,1609,500000
19767,11274443,110
19768,11274443,60
19769,11274443,30
19770,11274443,40
19771,11274443,40
19772,11274443,20
19773,1609,500000
19774,11274443,20
19775,11274443,10
19776,11274443,80
19777,11274443,10
19778,11274443,20
19779,11274443,20
19780,1063997,7210
19781,11274443,30
19782,11274443,40
19783,1609,500000
19784,11274443,20
19785,11274443,60
19786,11274443,90
19787,11274443,20
19788,11274443,20
19789,11274443,40
19790,11274443,30
19791,11274443,30
19792,11274443,40
19793,11274443,40
19794,11274443,40
19795,85985806,0
19796,11274443,20
19797,11274443,50
19798,11274443,20
19799,11274443,20
19800,11274443,50
19801,11274443,70
19802,11274443,20
19803,1063997,6970
19804,11274443,30
19805,11274443,30
19806,11274443,20
19807,1609,500000
19808,11274443,50
19809,11274443,150
19810,11274443,40
19811,11274443,20
19812,1609,500000
19813,11274443,20
19814,11274443,30
19815,11274443,70
19816,1063997,8250
19817,11274443,10
19818,11274443,20
19819,11274443,60
19820,11274443,20
19821,11274443,30
19822,11274443,20
19823,11274443,40
19824,11274443,60
19825,11274443,70
19826,11274443,10
19827,11274443,20
19828,11274443,20
19829,11274443,40
19830,11274443,20
19831,1063997,7040
19832,11274443,10
19833,11274443,60
19834,11274443,80
19835,11274443,70
19836,11274443,20
19837,11274443,40
19838,11274443,10
19839,11274443,40
19840,11274443,30
19841,1609,500000
19842,11274443,10
19843,11274443,40
19844,11274443,20
19845,11274443,20
19846,11274443,100
19847,11274443,150
19848,11274443,50
19849,11274443,40
19850,11274443,30
19851,11274443,20
19852,11274443,20
19853,85985806,0
19854,11274443,40
19855,11274443,40
19856,1609,500000
19857,11274443,10
19858,11274443,20
19859,11274443,30
19860,1609,500000
19861,11274443,30
19862,11274443,20
19863,11274443,40
19864,1063997,12170
19865,11274443,30
19866,85985806,0
19867,1609,500000
19868,1609,500000
19869,11274443,20
19870,11274443,20
19871,11274443,10
19872,11274443,110
19873,11274443,10
19874,1063997,7290
19875,11274443,10
19876,11274443,150
19877,11274443,30
19878,1063997,9220
19879,11274443,80
19880,11274443,170
19881,11274443,10
19882,11274443,40
19883,11274443,20
19884,11274443,20
19885,1609,500000
19886,1063997,5800
19887,11274443,10
19888,11274443,10
19889,1609,500000
19890,1063997,5740
19891,11274443,20
19892,11274443,20
19893,11274443,10
19894,11274443,50
19895,11274443,40
19896,11274443,30
19897,11274443,50
19898,11274443,40
19899,11274443,10
19900,11274443,30
19901,11274443,10
19902,1063997,6570
19903,11274443,50
19904,11274443,110
19905,11274443,10
19906,11274443,110
19907,11274443,50
19908,11274443,20
19909,11274443,290
19910,11274443,20
19911,11274443,50
19912,11274443,40
19913,11274443,20
19914,11274443,20
19915,11274443,30
19916,11274443,60
19917,11274443,40
19918,1063997,6570
19919,11274443,30
19920,11274443,30
19921,11274443,20
19922,11274443,30
19923,11274443,150
19924,11274443,30
19925,11274443,50
19926,11274443,50
19927,11274443,210
19928,11274443,60
19929,85985806,0
19930,1063997,9310
19931,11274443,80
19932,11274443,30
19933,11274443,30
19934,11274443,20
19935,11274443,30
19936,11274443,10
19937,1063997,8650
19938,1063997,7140
19939,11274443,30
19940,11274443,210
19941,1609,500000
19942,11274443,10
19943,11274443,40
19944,11274443,70
19945,11274443,30
19946,11274443,20
19947,11274443,10
19948,11274443,60
19949,11274443,20
19950,11274443,10
19951,11274443,20
19952,1609,500000
19953,11274443,10
19954,11274443,10
19955,1063997,8820
19956,11274443,10
19957,1063997,8980
19958,1063997,12140
19959,11274443,10
19960,1063997,8310
19961,11274443,10
19962,11274443,10
19963,1609,500000
19964,11274443,20
19965,11274443,40
19966,11274443,90
19967,11274443,10
19968,11274443,40
19969,11274443,30
19970,11274443,20
19971,11274443,10
19972,11274443,50
19973,11274443,10
19974,11274443,110
19975,11274443,10
19976,11274443,30
19977,11274443,20
19978,11274443,20
19979,11274443,10
19980,11274443,30
19981,1609,500000
19982,11274443,10
19983,11274443,30
19984,11274443,30
19985,11274443,20
19986,11274443,20
19987,11274443,20
19988,11274443,10
19989,1063997,7750
19990,1609,500000
19991,11274443,30
19992,11274443,110
19993,11274443,30
19994,11274443,10
19995,11274443,10
19996,11274443,10
19997,11274443,30
19998,11274443,20
19999,11274443,40
20000,11274443,10
20001,11274443,10
20002,1063997,7700
20003,1609,500000
20004,11274443,80
20005,11274443,30
20006,11274443,20
20007,1609,500000
20008,11274443,40
20009,11274443,10
20010,11274443,10
20011,1063997,8820
20012,11274443,40
20013,11274443,60
20014,11274443,10
20015,11274443,10
20016,11274443,50
20017,11274443,50
20018,1609,500000
20019,11274443,10
20020,11274443,110
20021,11274443,10
20022,11274443,110
20023,1063997,7140
20024,1609,500000
20025,11274443,40
20026,11274443,50
20027,11274443,50
20028,11274443,50
20029,11274443,10
20030,11274443,20
20031,11274443,20
20032,11274443,40
20033,11274443,30
20034,1063997,14020
20035,11274443,10
20036,11274443,50
20037,11274443,10
20038,11274443,30
20039,11274443,80
20040,11274443,30
20041,11274443,20
20042,11274443,10
20043,11274443,80
20044,1609,500000
20045,11274443,20
20046,11274443,30
20047,11274443,10
20048,11274443,30
20049,11274443,10
20050,11274443,30
20051,11274443,50
20052,11274443,50
20053,11274443,90
20054,11274443,10
20055,1609,500000
20056,11274443,30
20057,1609,500000
20058,1063997,6840
20059,11274443,40
20060,11274443,10
20061,11274443,30
20062,11274443,20
20063,11274443,30
20064,11274443,80
20065,11274443,10
20066,11274443,40
20067,11274443,30
20068,11274443,40
20069,11274443,110
20070,11274443,50
20071,1609,500000
20072,1063997,40750
20073,1609,500000
20074,1063997,11020
20075,11274443,50
20076,11274443,10
20077,11274443,20
20078,11274443,10
20079,1609,500000
20080,11274443,10
20081,11274443,60
20082,11274443,40
20083,11274443,20
20084,11274443,10
20085,1063997,7550
20086,11274443,80
20087,11274443,50
20088,1063997,31040
20089,11274443,40
20090,11274443,10
20091,11274443,30
20092,11274443,150
20093,11274443,30
20094,11274443,50
20095,11274443,70
20096,11274443,30
20097,11274443,110
20098,11274443,30
20099,11274443,10
20100,11274443,10
20101,11274443,40
20102,11274443,10
20103,11274443,40
20104,11274443,70
20105,11274443,70
20106,1063997,8760
20107,11274443,30
20108,11274443,10
20109,11274443,20
20110,11274443,40
20111,11274443,30
20112,11274443,10
20113,11274443,40
20114,1609,500000
20115,1063997,8940
20116,11274443,20
20117,11274443,20
20118,11274443,160
20119,11274443,60
20120,11274443,50
20121,11274443,10
20122,11274443,20
20123,1063997,10360
20124,11274443,30
20125,1609,500000
20126,11274443,20
20127,11274443,50
20128,11274443,60
20129,11274443,20
20130,11274443,70
20131,1609,500000
20132,11274443,30
20133,11274443,40
20134,11274443,10
20135,1609,500000
20136,11274443,110
20137,11274443,20
20138,11274443,20
20139,1609,500000
20140,11274443,20
20141,11274443,10
20142,11274443,10
20143,11274443,30
20144,11274443,10
20145,11274443,40
20146,11274443,80
20147,11274443,20
20148,11274443,30
20149,11274443,10
20150,11274443,40
20151,11274443,150
20152,11274443,20
20153,11274443,20
20154,11274443,10
20155,11274443,20
20156,85985806,0
20157,11274443,10
20158,1609,500000
20159,11274443,30
20160,11274443,10
20161,11274443,20
20162,11274443,40
20163,11274443,30
20164,1063997,8390
20165,11274443,40
20166,1063997,6090
20167,11274443,110
20168,11274443,20
20169,11274443,10
20170,1609,500000
20171,11274443,310
20172,11274443,40
20173,11274443,10
20174,11274443,10
20175,11274443,20
20176,1063997,7180
20177,11274443,10
20178,11274443,20
20179,11274443,20
20180,11274443,60
20181,11274443,60
20182,11274443,50
20183,11274443,150
20184,11274443,20
20185,11274443,150
20186,11274443,30
20187,1609,500000
20188,11274443,30
20189,1609,500000
20190,11274443,60
20191,1609,500000
20192,11274443,30
20193,11274443,30
20194,11274443,30
20195,11274443,10
20196,11274443,40
20197,85985806,0
20198,11274443,30
20199,11274443,20
20200,11274443,20
20201,11274443,30
20202,1063997,7670
20203,11274443,10
20204,11274443,50
20205,11274443,60
20206,11274443,50
20207,11274443,10
20208,11274443,10
20209,11274443,40
20210,1063997,8220
20211,1063997,6980
20212,1609,500000
20213,11274443,20
20214,11274443,30
20215,1609,500000
20216,11274443,20
20217,11274443,80
20218,11274443,10
20219,11274443,10
20220,11274443,150
20221,11274443,10
20222,11274443,30
20223,11274443,20
20224,11274443,110
20225,1609,500000
20226,11274443,10
20227,11274443,10
20228,11274443,10
20229,11274443,40
20230,11274443,30
20231,11274443,70
20232,11274443,70
20233,11274443,40
20234,11274443,80
20235,11274443,20
20236,11274443,20
20237,11274443,200
20238,11274443,20
20239,11274443,20
20240,11274443,40
20241,11274443,30
20242,11274443,40
20243,11274443,30
20244,1609,500000
20245,11274443,10
20246,11274443,20
20247,11274443,10
20248,11274443,50
20249,85985806,0
20250,1063997,6850
20251,11274443,10
20252,11274443,210
20253,11274443,50
20254,11274443,20
20255,11274443,10
20256,11274443,30
20257,11274443,20
20258,11274443,20
20259,11274443,20
20260,11274443,10
20261,1063997,7290
20262,11274443,30
20263,11274443,20
20264,11274443,80
20265,11274443,60
20266,11274443,10
20267,11274443,20
20268,11274443,40
20269,11274443,60
20270,11274443,70
20271,11274443,110
20272,11274443,10
20273,11274443,70
20274,11274443,60
20275,11274443,20
20276,11274443,30
20277,11274443,10
20278,11274443,20
20279,11274443,30
20280,11274443,10
20281,11274443,10
20282,11274443,30
20283,1063997,7670
20284,11274443,30
20285,1063997,13360
20286,1063997,6740
20287,11274443,60
20288,11274443,30
20289,11274443,10
20290,11274443,150
20291,11274443,10
20292,11274443,30
20293,11274443,30
20294,11274443,30
20295,11274443,20
20296,11274443,150
20297,11274443,20
20298,11274443,10
20299,11274443,20
20300,11274443,20
20301,11274443,60
20302,11274443,10
20303,11274443,30
20304,11274443,30
20305,11274443,70
20306,11274443,50
20307,1063997,8120
20308,11274443,60
20309,11274443,40
20310,11274443,30
20311,11274443,10
20312,11274443,30
20313,1609,500000
20314,11274443,30
20315,11274443,20
20316,11274443,30
20317,11274443,30
20318,11274443,20
20319,1063997,9200
20320,11274443,20
20321,11274443,10
20322,11274443,10
20323,85985806,0
20324,11274443,10
20325,11274443,50
20326,11274443,30
20327,11274443,30
20328,11274443,40
20329,11274443,70
20330,11274443,60
20331,11274443,10
20332,11274443,20
20333,11274443,10
20334,11274443,20
20335,11274443,10
20336,11274443,10
20337,11274443,30
20338,11274443,10
20339,85985806,0
20340,11274443,110
20341,11274443,10
20342,11274443,40
20343,11274443,10
20344,11274443,20
20345,11274443,20
20346,11274443,60
20347,11274443,60
20348,11274443,70
20349,11274443,40
20350,11274443,50
20351,1063997,5430
20352,11274443,90
20353,11274443,20
20354,11274443,40
20355,11274443,20
20356,11274443,10
20357,11274443,10
20358,11274443,40
20359,11274443,80
20360,11274443,10
20361,11274443,30
20362,11274443,10
20363,11274443,10
20364,11274443,30
20365,11274443,30
20366,11274443,40
20367,11274443,10
20368,1063997,5200
20369,11274443,30
20370,11274443,30
20371,11274443,30
20372,11274443,150
20373,11274443,10
20374,1609,500000
20375,11274443,10
20376,11274443,50
20377,11274443,10
20378,11274443,80
20379,11274443,60
20380,1063997,5430
20381,11274443,40
20382,1063997,11200
20383,1063997,7530
20384,11274443,60
20385,11274443,40
20386,11274443,20
20387,11274443,40
20388,11274443,20
20389,11274443,60
20390,11274443,30
20391,11274443,20
20392,11274443,30
20393,11274443,10
20394,11274443,30
20395,11274443,20
20396,11274443,60
20397,11274443,20
20398,11274443,30
20399,11274443,10
20400,1063997,7140
20401,11274443,10
20402,11274443,10
20403,11274443,60
20404,11274443,50
20405,11274443,30
20406,11274443,20
20407,11274443,30
20408,11274443,10
20409,11274443,20
20410,11274443,20
20411,11274443,20
20412,11274443,40
20413,11274443,10
20414,1063997,8600
20415,1609,500000
20416,11274443,30
20417,11274443,20
20418,11274443,50
20419,11274443,50
20420,11274443,10
20421,11274443,20
20422,11274443,40
20423,11274443,20
20424,1063997,7820
20425,11274443,10
20426,1063997,30640
20427,11274443,50
20428,11274443,40
20429,11274443,10
20430,11274443,160
20431,11274443,40
20432,1063997,11440
20433,11274443,30
20434,1063997,7550
20435,11274443,100
20436,1609,500000
20437,11274443,10
20438,11274443,40
20439,11274443,110
20440,11274443,50
20441,11274443,30
20442,11274443,120
20443,1063997,6450
20444,11274443,30
20445,11274443,50
20446,11274443,20
20447,11274443,130
20448,11274443,20
20449,1609,500000
20450,11274443,60
20451,1063997,8690
20452,11274443,10
20453,11274443,10
20454,11274443,10
20455,11274443,30
20456,1609,500000
20457,11274443,80
20458,1609,500000
20459,11274443,10
20460,11274443,40
20461,11274443,10
20462,1063997,15510
20463,11274443,20
20464,11274443,20
20465,11274443,80
20466,11274443,10
20467,11274443,60
20468,11274443,10
20469,11274443,40
20470,11274443,30
20471,11274443,20
20472,11274443,40
20473,1063997,6790
20474,11274443,10
20475,11274443,20
20476,11274443,20
20477,11274443,150
20478,11274443,40
20479,11274443,30
20480,11274443,70
20481,11274443,10
20482,11274443,60
20483,11274443,50
20484,1063997,6510
20485,11274443,70
20486,11274443,20
20487,11274443,20
20488,11274443,30
20489,11274443,100
20490,11274443,30
20491,1609,500000
20492,11274443,30
20493,11274443,10
20494,11274443,20
20495,11274443,40
20496,11274443,30
20497,1609,500000
20498,11274443,40
20499,11274443,70
20500,11274443,10
20501,11274443,30
20502,11274443,10
20503,11274443,30
20504,1063997,12960
20505,11274443,10
20506,11274443,30
20507,11274443,10
20508,11274443,20
20509,1609,500000
20510,11274443,30
20511,11274443,40
20512,11274443,20
20513,85985806,0
20514,11274443,10
20515,11274443,80
20516,11274443,30
20517,11274443,90
20518,11274443,60
20519,11274443,10
20520,1063997,7290
20521,11274443,80
20522,11274443,10
20523,11274443,30
20524,11274443,20
20525,11274443,30
20526,1063997,12700
20527,11274443,50
20528,11274443,10
20529,11274443,10
20530,11274443,70
20531,11274443,50
20532,1063997,8510
20533,11274443,10
20534,11274443,150
20535,11274443,30
20536,11274443,40
20537,11274443,10
20538,1609,500000
20539,11274443,10
20540,1063997,9760
20541,11274443,10
20542,11274443,10
20543,11274443,10
20544,11274443,10
20545,11274443,10
20546,85985806,0
20547,11274443,20
20548,11274443,20
20549,11274443,20
20550,11274443,30
20551,11274443,30
20552,11274443,10
20553,11274443,10
20554,11274443,150
20555,11274443,30
20556,11274443,30
20557,11274443,30
20558,11274443,10
20559,11274443,60
20560,11274443,30
20561,11274443,20
20562,11274443,40
20563,11274443,10
20564,11274443,20
20565,11274443,70
20566,11274443,50
20567,11274443,20
20568,11274443,10
20569,11274443,40
20570,1609,500000
20571,11274443,20
20572,11274443,20
20573,11274443,30
20574,11274443,30
20575,11274443,80
20576,11274443,30
20577,1063997,6580
20578,11274443,10
20579,11274443,20
20580,11274443,70
20581,11274443,30
20582,11274443,30
20583,1609,500000
20584,11274443,60
20585,11274443,10
20586,11274443,30
20587,11274443,20
20588,11274443,30
20589,11274443,110
20590,11274443,10
20591,11274443,20
20592,11274443,40
20593,11274443,10
20594,11274443,80
20595,11274443,40
20596,85985806,0
20597,11274443,30
20598,11274443,30
20599,11274443,30
20600,11274443,30
20601,11274443,70
20602,11274443,20
20603,11274443,20
20604,11274443,10
20605,11274443,30
20606,11274443,50
20607,11274443,40
20608,11274443,10
20609,11274443,50
20610,11274443,50
20611,11274443,10
20612,11274443,10
20613,11274443,40
20614,11274443,50
20615,11274443,40
20616,11274443,10
20617,1609,500000
20618,11274443,50
20619,11274443,10
20620,11274443,30
20621,11274443,50
20622,11274443,30
20623,11274443,30
20624,11274443,10
20625,1063997,7080
20626,11274443,10
20627,11274443,20
20628,11274443,10
20629,11274443,30
20630,11274443,10
20631,11274443,100
20632,11274443,50
20633,11274443,40
20634,11274443,20
20635,11274443,10
20636,11274443,10
20637,11274443,50
20638,11274443,20
20639,11274443,20
20640,11274443,50
20641,11274443,30
20642,11274443,30
20643,1063997,9080
20644,11274443,20
20645,11274443,30
20646,11274443,40
20647,1609,500000
20648,11274443,30
20649,11274443,40
20650,11274443,20
20651,11274443,20
20652,11274443,30
20653,1609,500000
20654,11274443,20
20655,11274443,20
20656,11274443,10
20657,11274443,10
20658,11274443,40
20659,11274443,10
20660,11274443,20
20661,11274443,30
20662,11274443,10
20663,11274443,20
20664,11274443,10
20665,1063997,8100
20666,11274443,50
20667,11274443,90
20668,11274443,40
20669,11274443,70
20670,11274443,10
20671,11274443,30
20672,1609,500000
20673,11274443,20
20674,11274443,80
20675,11274443,40
20676,11274443,30
20677,11274443,20
20678,11274443,30
20679,11274443,50
20680,11274443,10
20681,11274443,40
20682,11274443,20
20683,11274443,60
20684,11274443,20
20685,1063997,13310
20686,11274443,30
20687,11274443,10
20688,11274443,30
20689,1609,500000
20690,11274443,30
20691,11274443,50
20692,11274443,80
20693,1609,500000
20694,11274443,10
20695,1609,500000
20696,11274443,60
20697,1609,500000
20698,11274443,30
20699,11274443,20
20700,11274443,10
20701,11274443,10
20702,11274443,30
20703,11274443,30
20704,11274443,10
20705,1609,500000
20706,11274443,20
20707,11274443,30
20708,11274443,20
20709,11274443,30
20710,11274443,10
20711,11274443,20
20712,1609,500000
20713,11274443,30
20714,11274443,10
20715,11274443,10
20716,1609,500000
20717,11274443,10
20718,11274443,20
20719,11274443,30
20720,1609,500000
20721,11274443,30
20722,11274443,50
20723,11274443,20
20724,11274443,10
20725,11274443,30
20726,11274443,80
20727,11274443,50
20728,11274443,130
20729,1609,500000
20730,11274443,10
20731,11274443,40
20732,11274443,30
20733,11274443,10
20734,11274443,30
20735,1609,500000
20736,1063997,7320
20737,11274443,30
20738,11274443,60
20739,11274443,10
20740,11274443,30
20741,11274443,20
20742,11274443,30
20743,11274443,20
20744,11274443,20
20745,11274443,10
20746,11274443,40
20747,11274443,30
20748,11274443,10
20749,11274443,20
20750,11274443,110
20751,11274443,20
20752,11274443,20
20753,11274443,10
20754,11274443,70
20755,1609,500000
20756,11274443,30
20757,11274443,20
20758,11274443,20
20759,11274443,30
20760,11274443,10
20761,11274443,10
20762,11274443,60
20763,11274443,10
20764,11274443,30
20765,11274443,40
20766,11274443,40
20767,11274443,20
20768,1609,500000
20769,11274443,40
20770,11274443,40
20771,11274443,10
20772,11274443,20
20773,11274443,30
20774,85985806,0
20775,11274443,10
20776,11274443,10
20777,11274443,50
20778,11274443,30
20779,11274443,10
20780,11274443,10
20781,11274443,40
20782,1063997,33260
20783,11274443,50
20784,1609,500000
20785,11274443,10
20786,11274443,50
20787,11274443,30
20788,11274443,90
20789,1609,500000
20790,11274443,20
20791,11274443,20
20792,11274443,10
20793,11274443,70
20794,11274443,60
20795,11274443,40
20796,11274443,30
20797,11274443,60
20798,11274443,50
20799,11274443,10
20800,1063997,13040
20801,11274443,30
20802,1609,500000
20803,11274443,20
20804,11274443,40
20805,1609,500000
20806,11274443,10
20807,11274443,40
20808,11274443,10
20809,11274443,10
20810,85985806,0
20811,11274443,10
20812,1609,500000
20813,11274443,10
20814,11274443,10
20815,11274443,50
20816,11274443,20
20817,11274443,90
20818,11274443,10
20819,11274443,10
20820,11274443,50
20821,11274443,60
20822,11274443,100
20823,11274443,10
20824,11274443,50
20825,1063997,10080
20826,11274443,10
20827,1609,500000
20828,11274443,110
20829,11274443,110
20830,1609,500000
20831,11274443,10
20832,11274443,10
20833,11274443,30
20834,11274443,150
20835,1609,500000
20836,1063997,13220
20837,1063997,10310
20838,11274443,20
20839,11274443,40
20840,1063997,9680
20841,11274443,30
20842,11274443,10
20843,11274443,40
20844,85985806,0
20845,11274443,20
20846,85985806,0
20847,11274443,20
20848,11274443,20
20849,11274443,40
20850,11274443,30
20851,11274443,60
20852,11274443,50
20853,11274443,30
20854,11274443,40
20855,11274443,20
20856,11274443,10
20857,11274443,10
20858,85985806,0
20859,11274443,110
20860,11274443,30
20861,11274443,30
20862,11274443,80
20863,11274443,30
20864,11274443,40
20865,11274443,30
20866,11274443,50
20867,11274443,40
20868,11274443,30
20869,11274443,30
20870,11274443,60
20871,11274443,20
20872,11274443,40
20873,11274443,50
20874,1609,500000
20875,11274443,150
20876,1063997,9250
20877,11274443,10
20878,11274443,30
20879,11274443,20
20880,85985806,0
20881,11274443,10
20882,1063997,11590
20883,11274443,30
20884,11274443,20
20885,85985806,0
20886,11274443,30
20887,11274443,30
20888,11274443,40
20889,11274443,20
20890,11274443,30
20891,11274443,90
20892,11274443,30
20893,11274443,70
20894,11274443,10
20895,11274443,30
20896,11274443,20
20897,11274443,30
20898,11274443,50
20899,11274443,40
20900,11274443,40
20901,1609,500000
20902,11274443,40
20903,11274443,40
20904,11274443,20
20905,11274443,20
20906,11274443,50
20907,11274443,20
20908,11274443,20
20909,1609,500000
20910,11274443,40
20911,11274443,40
20912,1609,500000
20913,11274443,40
20914,11274443,40
20915,11274443,10
20916,11274443,60
20917,11274443,40
20918,11274443,10
20919,1609,500000
20920,85985806,0
20921,85985806,0
20922,11274443,30
20923,11274443,10
20924,11274443,20
20925,11274443,20
20926,11274443,20
20927,11274443,10
20928,11274443,10
20929,1609,500000
20930,1063997,7410
20931,11274443,20
20932,11274443,20
20933,1063997,7670
20934,1063997,6450
20935,11274443,10
20936,11274443,20
20937,11274443,10
20938,1063997,5960
20939,1609,500000
20940,11274443,30
20941,1609,500000
20942,11274443,20
20943,1063997,11210
20944,1609,500000
20945,1063997,8810
20946,11274443,40
20947,11274443,20
20948,11274443,30
20949,11274443,30
20950,1609,500000
20951,11274443,290
20952,85985806,0
20953,11274443,20
20954,11274443,10
20955,11274443,10
20956,11274443,110
20957,11274443,20
20958,1063997,9150
20959,1609,500000
20960,11274443,60
20961,11274443,30
20962,11274443,50
20963,11274443,30
20964,11274443,30
20965,11274443,10
20966,11274443,30
20967,11274443,30
20968,11274443,150
20969,11274443,50
20970,11274443,10
20971,11274443,10
20972,11274443,40
20973,11274443,10
20974,1609,500000
20975,1609,500000
20976,11274443,30
20977,11274443,30
20978,11274443,30
20979,11274443,20
20980,11274443,30
20981,11274443,10
20982,11274443,50
20983,1063997,19510
20984,11274443,30
20985,11274443,40
20986,11274443,10
20987,1609,500000
20988,11274443,170
20989,11274443,30
20990,11274443,10
20991,11274443,60
20992,11274443,30
20993,11274443,30
20994,11274443,40
20995,11274443,20
20996,11274443,10
20997,11274443,50
20998,11274443,10
20999,11274443,150
21000,11274443,10
21001,1609,500000
21002,11274443,40
21003,85985806,0
21004,11274443,40
21005,11274443,60
21006,11274443,160
21007,1609,500000
21008,11274443,50
21009,11274443,50
21010,11274443,10
21011,11274443,40
21012,1063997,5460
21013,11274443,30
21014,11274443,20
21015,11274443,30
21016,11274443,40
21017,1063997,11220
21018,11274443,40
21019,11274443,30
21020,11274443,20
21021,11274443,30
21022,11274443,30
21023,11274443,30
21024,11274443,30
21025,11274443,20
21026,11274443,30
21027,11274443,20
21028,11274443,40
21029,11274443,20
21030,1063997,5550
21031,11274443,40
21032,11274443,10
21033,11274443,10
21034,11274443,20
21035,1609,500000
21036,11274443,20
21037,11274443,40
21038,11274443,60
21039,11274443,20
21040,11274443,130
21041,11274443,20
21042,11274443,30
21043,11274443,10
21044,11274443,40
21045,11274443,60
21046,11274443,10
21047,11274443,30
21048,11274443,10
21049,11274443,10
21050,11274443,80
21051,11274443,80
21052,11274443,50
21053,11274443,60
21054,1609,500000
21055,11274443,30
21056,11274443,10
21057,11274443,10
21058,11274443,30
21059,11274443,20
21060,11274443,150
21061,11274443,50
21062,11274443,40
21063,11274443,20
21064,11274443,40
21065,11274443,20
21066,11274443,50
21067,11274443,10
21068,11274443,30
21069,11274443,40
21070,11274443,20
21071,11274443,40
21072,11274443,40
21073,11274443,30
21074,11274443,10
21075,11274443,150
21076,11274443,10
21077,11274443,30
21078,85985806,0
21079,11274443,40
21080,11274443,60
21081,11274443,110
21082,11274443,150
21083,11274443,60
21084,11274443,20
21085,11274443,20
21086,11274443,20
21087,11274443,30
21088,11274443,20
21089,11274443,20
21090,11274443,30
21091,11274443,10
21092,11274443,80
21093,11274443,30
21094,11274443,50
21095,11274443,10
21096,11274443,10
21097,11274443,10
21098,11274443,150
21099,11274443,10
21100,1063997,7960
21101,1063997,9470
21102,1609,500000
21103,11274443,10
21104,1609,500000
21105,11274443,10
21106,11274443,30
21107,11274443,30
21108,11274443,30
21109,1609,500000
21110,11274443,20
21111,11274443,20
21112,11274443,10
21113,11274443,40
21114,11274443,30
21115,11274443,50
21116,1609,500000
21117,11274443,10
21118,11274443,60
21119,11274443,20
21120,11274443,70
21121,85985806,0
21122,11274443,20
21123,11274443,20
21124,11274443,20
21125,11274443,20
21126,11274443,10
21127,11274443,60
21128,11274443,80
21129,11274443,40
21130,11274443,40
21131,11274443,20
21132,11274443,30
21133,11274443,10
21134,11274443,80
21135,1063997,13770
21136,11274443,30
21137,11274443,40
21138,1609,500000
21139,11274443,60
21140,11274443,20
21141,11274443,10
21142,11274443,20
21143,1063997,7840
21144,11274443,10
21145,11274443,20
21146,11274443,20
21147,11274443,80
21148,11274443,10
21149,11274443,90
21150,1063997,12420
21151,11274443,60
21152,11274443,50
21153,11274443,80
21154,11274443,40
21155,11274443,30
21156,11274443,20
21157,11274443,20
21158,11274443,80
21159,11274443,10
21160,11274443,20
21161,11274443,10
21162,11274443,20
21163,1609,500000
21164,1609,500000
21165,11274443,20
21166,11274443,30
21167,11274443,50
21168,11274443,10
21169,11274443,20
21170,11274443,10
21171,11274443,70
21172,1063997,9060
21173,85985806,0
21174,1609,500000
21175,1609,500000
21176,11274443,30
21177,11274443,30
21178,11274443,10
21179,11274443,10
21180,1609,500000
21181,11274443,40
21182,11274443,50
21183,11274443,30
21184,11274443,20
21185,11274443,10
21186,11274443,30
21187,1063997,5120
21188,11274443,20
21189,11274443,10
21190,11274443,30
21191,11274443,10
21192,11274443,30
21193,11274443,40
21194,1063997,8710
21195,11274443,20
21196,1609,500000
21197,1063997,6050
21198,11274443,20
21199,11274443,20
21200,11274443,40
21201,11274443,30
21202,1063997,14460
21203,11274443,50
21204,11274443,60
21205,1063997,11060
21206,11274443,40
21207,11274443,80
21208,11274443,30
21209,11274443,60
21210,11274443,10
21211,11274443,20
21212,11274443,60
21213,11274443,50
21214,11274443,10
21215,11274443,20
21216,11274443,50
21217,11274443,10
21218,1609,500000
21219,11274443,20
21220,11274443,40
21221,11274443,30
21222,11274443,80
21223,11274443,30
21224,11274443,40
21225,11274443,60
21226,11274443,20
21227,1609,500000
21228,1609,500000
21229,11274443,10
21230,11274443,20
21231,11274443,210
21232,11274443,110
21233,11274443,40
21234,11274443,10
21235,11274443,10
21236,11274443,20
21237,11274443,20
21238,11274443,40
21239,11274443,150
21240,11274443,30
21241,11274443,20
21242,11274443,10
21243,11274443,30
21244,11274443,40
21245,11274443,40
21246,11274443,30
21247,11274443,30
21248,11274443,10
21249,11274443,50
21250,11274443,30
21251,11274443,20
21252,11274443,40
21253,11274443,30
21254,1609,500000
21255,1609,500000
21256,11274443,20
21257,11274443,30
21258,11274443,20
21259,11274443,80
21260,11274443,10
21261,11274443,10
21262,11274443,20
21263,11274443,20
21264,1609,500000
21265,1609,500000
21266,11274443,10
21267,1609,500000
21268,11274443,20
21269,11274443,20
21270,1609,500000
21271,11274443,20
21272,85985806,0
21273,11274443,40
21274,11274443,80
21275,11274443,150
21276,11274443,20
21277,11274443,20
21278,11274443,20
21279,11274443,10
21280,11274443,10
21281,11274443,70
21282,11274443,10
21283,11274443,20
21284,1609,500000
21285,11274443,40
21286,11274443,30
21287,1609,500000
21288,1063997,5540
21289,11274443,50
21290,11274443,20
21291,1063997,23660
21292,1609,500000
21293,11274443,10
21294,11274443,20
21295,11274443,10
21296,11274443,20
21297,1609,500000
21298,11274443,20
21299,1609,500000
21300,11274443,30
21301,11274443,20
21302,1609,500000
21303,11274443,10
21304,85985806,0
21305,11274443,30
21306,11274443,30
21307,1609,500000
21308,11274443,20
21309,11274443,10
21310,85985806,0
21311,11274443,30
21312,11274443,10
21313,11274443,50
21314,11274443,10
21315,11274443,10
21316,1063997,7220
21317,1609,500000
21318,1063997,10590
21319,11274443,10
21320,11274443,20
21321,1609,500000
21322,11274443,10
21323,11274443,20
21324,11274443,20
21325,1609,500000
21326,11274443,30
21327,11274443,10
21328,1609,500000
21329,85985806,0
21330,11274443,80
21331,11274443,10
21332,11274443,30
21333,11274443,10
21334,11274443,80
21335,11274443,50
21336,11274443,20
21337,11274443,10
21338,11274443,80
21339,11274443,220
21340,11274443,10
21341,11274443,10
21342,11274443,120
21343,11274443,50
21344,1609,500000
21345,11274443,10
21346,1063997,5740
21347,1063997,6860
21348,11274443,30
21349,11274443,20
21350,11274443,30
21351,11274443,10
21352,11274443,20
21353,11274443,40
21354,11274443,10
21355,11274443,60
21356,11274443,30
21357,11274443,20
21358,1063997,37440
21359,11274443,30
21360,11274443,50
21361,11274443,30
21362,11274443,70
21363,11274443,50
21364,11274443,10
21365,11274443,70
21366,11274443,10
21367,11274443,20
21368,11274443,30
21369,11274443,10
21370,11274443,40
21371,11274443,30
21372,11274443,20
21373,11274443,40
21374,11274443,30
21375,11274443,70
21376,11274443,30
21377,11274443,10
21378,11274443,20
21379,11274443,10
21380,1609,500000
21381,11274443,40
21382,11274443,10
21383,11274443,20
21384,11274443,30
21385,11274443,30
21386,11274443,20
21387,11274443,30
21388,1609,500000
21389,11274443,30
21390,1609,500000
21391,11274443,10
21392,11274443,50
21393,11274443,60
21394,11274443,150
21395,11274443,20
21396,1609,500000
21397,11274443,50
21398,11274443,30
21399,11274443,10
21400,11274443,50
21401,11274443,10
21402,11274443,30
21403,1063997,10260
21404,11274443,30
21405,11274443,130
21406,11274443,30
21407,11274443,20
21408,11274443,40
21409,11274443,40
21410,11274443,40
21411,11274443,30
21412,1609,500000
21413,11274443,10
21414,11274443,50
21415,11274443,50
21416,1609,500000
21417,11274443,10
21418,11274443,40
21419,1063997,14540
21420,11274443,10
21421,11274443,30
21422,11274443,20
21423,11274443,10
21424,1609,500000
21425,11274443,30
21426,11274443,50
21427,11274443,20
21428,1609,500000
21429,11274443,20
21430,11274443,60
21431,11274443,10
21432,11274443,30
21433,11274443,30
21434,11274443,10
21435,11274443,30
21436,11274443,150
21437,11274443,10
21438,11274443,10
21439,11274443,20
21440,11274443,30
21441,11274443,50
21442,11274443,20
21443,11274443,20
21444,11274443,40
21445,11274443,10
21446,11274443,40
21447,11274443,20
21448,11274443,10
21449,11274443,30
21450,11274443,30
21451,11274443,150
21452,11274443,150
21453,11274443,30
21454,11274443,10
21455,11274443,110
21456,11274443,40
21457,1609,500000
21458,11274443,10
21459,11274443,10
21460,11274443,40
21461,11274443,30
21462,11274443,60
21463,11274443,40
21464,11274443,20
21465,1609,500000
21466,11274443,20
21467,11274443,10
21468,11274443,30
21469,11274443,30
21470,11274443,10
21471,11274443,10
21472,11274443,20
21473,11274443,80
21474,11274443,20
21475,1063997,10060
21476,11274443,110
21477,11274443,150
21478,11274443,30
21479,1063997,7740
21480,11274443,20
21481,1063997,7130
21482,11274443,10
21483,11274443,10
21484,1609,500000
21485,11274443,30
21486,11274443,20
21487,11274443,20
21488,11274443,20
21489,11274443,20
21490,11274443,50
21491,11274443,30
21492,1609,500000
21493,1609,500000
21494,11274443,40
21495,11274443,10
21496,11274443,10
21497,1609,500000
21498,11274443,10
21499,11274443,30
21500,11274443,10
21501,1063997,6960
21502,11274443,30
21503,1063997,7460
21504,11274443,30
21505,11274443,60
21506,11274443,10
21507,1063997,7270
21508,85985806,0
21509,11274443,90
21510,11274443,90
21511,85985806,0
21512,11274443,30
21513,11274443,30
21514,11274443,20
21515,11274443,20
21516,1063997,8600
21517,11274443,20
21518,11274443,30
21519,1063997,3960
21520,11274443,10
21521,11274443,60
21522,11274443,10
21523,11274443,20
21524,11274443,10
21525,1063997,9950
21526,11274443,20
21527,11274443,30
21528,11274443,60
21529,11274443,20
21530,11274443,50
21531,11274443,10
21532,11274443,20
21533,11274443,30
21534,11274443,20
21535,11274443,10
21536,11274443,60
21537,11274443,30
21538,11274443,90
21539,11274443,20
21540,11274443,90
21541,11274443,10
21542,11274443,50
21543,11274443,30
21544,11274443,20
21545,1609,500000
21546,85985806,0
21547,11274443,10
21548,11274443,20
21549,11274443,50
21550,11274443,30
21551,11274443,20
21552,11274443,20
21553,1063997,34170
21554,11274443,30
21555,11274443,20
21556,11274443,10
21557,11274443,20
21558,11274443,20
21559,11274443,50
21560,11274443,20
21561,1063997,7270
21562,11274443,150
21563,11274443,30
21564,11274443,30
21565,11274443,10
21566,11274443,60
21567,11274443,10
21568,11274443,110
21569,1609,500000
21570,11274443,40
21571,11274443,10
21572,11274443,30
21573,11274443,20
21574,11274443,60
21575,11274443,50
21576,1609,500000
21577,11274443,30
21578,11274443,10
21579,11274443,30
21580,11274443,90
21581,11274443,40
21582,11274443,10
21583,11274443,10
21584,11274443,20
21585,11274443,30
21586,1063997,6110
21587,11274443,30
21588,11274443,60
21589,11274443,50
21590,11274443,10
21591,11274443,20
21592,11274443,60
21593,11274443,40
21594,11274443,10
21595,11274443,40
21596,11274443,30
21597,1609,500000
21598,11274443,10
21599,11274443,20
21600,11274443,50
21601,1609,500000
21602,1609,500000
21603,11274443,20
21604,11274443,30
21605,11274443,10
21606,11274443,70
21607,11274443,10
21608,11274443,30
21609,11274443,70
21610,11274443,20
21611,11274443,60
21612,1063997,8410
21613,11274443,80
21614,11274443,10
21615,1063997,8050
21616,11274443,20
21617,1063997,5920
21618,11274443,30
21619,11274443,70
21620,11274443,20
21621,1063997,8200
21622,1063997,6400
21623,11274443,30
21624,11274443,110
21625,11274443,20
21626,1063997,13770
21627,11274443,40
21628,1609,500000
21629,11274443,40
21630,11274443,40
21631,11274443,60
21632,11274443,10
21633,11274443,60
21634,11274443,20
21635,11274443,20
21636,11274443,30
21637,1609,500000
21638,11274443,40
21639,1609,500000
21640,11274443,30
21641,11274443,40
21642,11274443,70
21643,11274443,30
21644,11274443,30
21645,11274443,30
21646,11274443,10
21647,11274443,30
21648,85985806,0
21649,11274443,40
21650,11274443,20
21651,11274443,20
21652,11274443,30
21653,11274443,20
21654,11274443,10
21655,11274443,40
21656,11274443,10
21657,11274443,10
21658,11274443,10
21659,11274443,10
21660,11274443,10
21661,1063997,6350
21662,11274443,20
21663,11274443,30
21664,11274443,10
21665,11274443,50
21666,11274443,30
21667,11274443,20
21668,11274443,30
21669,11274443,10
21670,11274443,40
21671,11274443,10
21672,11274443,50
21673,11274443,10
21674,11274443,20
21675,11274443,30
21676,11274443,10
21677,1609,500000
21678,1063997,6890
21679,11274443,30
21680,11274443,40
21681,11274443,20
21682,11274443,30
21683,11274443,20
21684,11274443,30
21685,11274443,10
21686,11274443,50
21687,11274443,150
21688,11274443,30
21689,1609,500000
21690,11274443,20
21691,11274443,10
21692,11274443,40
21693,1063997,7010
21694,1609,500000
21695,11274443,20
21696,11274443,10
21697,11274443,30
21698,11274443,30
21699,11274443,10
21700,11274443,20
21701,1063997,6800
21702,11274443,20
21703,11274443,20
21704,11274443,30
21705,11274443,10
21706,1609,500000
21707,11274443,10
21708,1063997,13990
21709,11274443,30
21710,11274443,30
21711,1063997,4410
21712,11274443,30
21713,11274443,30
21714,11274443,110
21715,11274443,10
21716,11274443,20
21717,11274443,10
21718,11274443,40
21719,11274443,50
21720,11274443,20
21721,11274443,40
21722,11274443,20
21723,11274443,10
21724,11274443,40
21725,11274443,20
21726,11274443,60
21727,11274443,10
21728,11274443,50
21729,1063997,5170
21730,11274443,10
21731,11274443,10
21732,11274443,10
21733,11274443,10
21734,11274443,70
21735,11274443,30
21736,11274443,20
21737,11274443,10
21738,11274443,140
21739,11274443,30
21740,85985806,0
21741,11274443,10
21742,11274443,20
21743,1609,500000
21744,11274443,20
21745,11274443,20
21746,11274443,40
21747,85985806,0
21748,11274443,50
21749,11274443,20
21750,11274443,30
21751,11274443,30
21752,11274443,10
21753,11274443,10
21754,11274443,10
21755,11274443,20
21756,11274443,10
21757,11274443,40
21758,1609,500000
21759,11274443,20
21760,11274443,10
21761,11274443,30
21762,1063997,8300
21763,11274443,40
21764,1063997,8400
21765,11274443,30
21766,11274443,40
21767,11274443,40
21768,11274443,30
21769,11274443,30
21770,85985806,0
21771,11274443,30
21772,11274443,10
21773,1063997,14020
21774,11274443,30
21775,1609,500000
21776,11274443,20
21777,11274443,20
21778,11274443,10
21779,11274443,80
21780,11274443,30
21781,11274443,30
21782,11274443,10
21783,11274443,100
21784,11274443,80
21785,11274443,20
21786,11274443,50
21787,11274443,10
21788,1609,500000
21789,11274443,40
21790,11274443,60
21791,11274443,10
21792,11274443,40
21793,11274443,10
21794,11274443,20
21795,11274443,30
21796,11274443,60
21797,1609,500000
21798,11274443,30
21799,11274443,60
21800,11274443,20
21801,11274443,100
21802,11274443,10
21803,11274443,20
21804,11274443,40
21805,11274443,90
21806,11274443,10
21807,11274443,210
21808,11274443,50
21809,11274443,30
21810,11274443,30
21811,1063997,8280
21812,11274443,20
21813,11274443,210
21814,11274443,20
21815,11274443,30
21816,11274443,40
21817,11274443,10
21818,11274443,20
21819,11274443,60
21820,11274443,10
21821,11274443,10
21822,11274443,20
21823,11274443,30
21824,11274443,10
21825,11274443,20
21826,11274443,10
21827,1063997,6590
21828,1063997,14180
21829,1609,500000
21830,11274443,10
21831,11274443,60
21832,11274443,70
21833,11274443,20
21834,11274443,30
21835,85985806,0
21836,11274443,10
21837,11274443,40
21838,11274443,130
21839,11274443,10
21840,11274443,40
21841,11274443,60
21842,11274443,20
21843,11274443,10
21844,1063997,6680
21845,11274443,40
21846,1063997,8200
21847,11274443,10
21848,11274443,50
21849,11274443,10
21850,11274443,20
21851,85985806,0
21852,11274443,20
21853,11274443,20
21854,11274443,10
21855,11274443,30
21856,11274443,10
21857,11274443,10
21858,11274443,10
21859,11274443,20
21860,11274443,40
21861,11274443,30
21862,11274443,40
21863,11274443,20
21864,1063997,8310
21865,11274443,30
21866,11274443,20
21867,11274443,20
21868,11274443,70
21869,1063997,9210
21870,11274443,20
21871,11274443,10
21872,11274443,10
21873,11274443,20
21874,11274443,40
21875,1063997,81610
21876,85985806,0
21877,11274443,10
21878,11274443,40
21879,11274443,110
21880,11274443,20
21881,11274443,40
21882,11274443,60
21883,1063997,13970
21884,11274443,30
21885,1609,500000
21886,11274443,20
21887,11274443,20
21888,11274443,20
21889,11274443,40
21890,11274443,40
21891,11274443,20
21892,11274443,20
21893,11274443,10
21894,11274443,60
21895,11274443,10
21896,11274443,10
21897,11274443,70
21898,85985806,0
21899,11274443,30
21900,11274443,20
21901,11274443,10
21902,11274443,10
21903,11274443,30
21904,11274443,40
21905,11274443,20
21906,11274443,20
21907,11274443,10
21908,11274443,10
21909,11274443,40
21910,11274443,20
21911,11274443,150
21912,11274443,40
21913,11274443,30
21914,11274443,40
21915,11274443,10
21916,11274443,60
21917,11274443,20
21918,11274443,50
21919,1609,500000
21920,11274443,30
21921,11274443,50
21922,11274443,30
21923,11274443,30
21924,11274443,80
21925,11274443,20
21926,1609,500000
21927,11274443,50
21928,11274443,40
21929,11274443,20
21930,1609,500000
21931,1063997,9150
21932,11274443,30
21933,11274443,60
21934,1609,500000
21935,11274443,30
21936,11274443,20
21937,11274443,40
21938,11274443,20
21939,11274443,30
21940,11274443,30
21941,85985806,0
21942,11274443,10
21943,11274443,20
21944,11274443,10
21945,11274443,40
21946,11274443,150
21947,11274443,130
21948,11274443,20
21949,11274443,30
21950,11274443,60
21951,11274443,50
21952,11274443,30
21953,1063997,7070
21954,1609,500000
21955,11274443,10
21956,11274443,110
21957,11274443,30
21958,11274443,30
21959,11274443,50
21960,11274443,110
21961,11274443,10
21962,11274443,20
21963,11274443,30
21964,11274443,80
21965,11274443,20
21966,11274443,20
21967,11274443,10
21968,11274443,20
21969,11274443,40
21970,11274443,150
21971,11274443,150
21972,1609,500000
21973,11274443,40
21974,11274443,20
21975,11274443,20
21976,11274443,30
21977,11274443,190
21978,1063997,13070
21979,11274443,20
21980,11274443,10
21981,1609,500000
21982,11274443,40
21983,11274443,50
21984,11274443,10
21985,11274443,40
21986,11274443,10
21987,11274443,40
21988,1609,500000
21989,11274443,10
21990,11274443,50
21991,11274443,20
21992,11274443,20
21993,11274443,30
21994,1609,500000
21995,11274443,10
21996,11274443,30
21997,11274443,80
21998,11274443,10
21999,11274443,10
22000,11274443,30
22001,11274443,60
22002,11274443,30
22003,11274443,70
22004,1609,500000
22005,1063997,10480
22006,11274443,40
22007,11274443,10
22008,11274443,80
22009,11274443,210
22010,11274443,10
22011,11274443,60
22012,11274443,10
22013,1609,500000
22014,11274443,30
22015,11274443,20
22016,11274443,10
22017,11274443,20
22018,1609,500000
22019,11274443,50
22020,11274443,20
22021,11274443,10
22022,11274443,50
22023,1609,500000
22024,11274443,20
22025,11274443,10
22026,11274443,20
22027,11274443,150
22028,1609,500000
22029,11274443,10
22030,11274443,40
22031,1063997,5310
22032,11274443,10
22033,11274443,20
22034,11274443,60
22035,1609,500000
22036,11274443,20
22037,11274443,10
22038,11274443,30
22039,11274443,30
22040,11274443,60
22041,11274443,20
22042,11274443,30
22043,11274443,50
22044,11274443,70
22045,11274443,30
22046,11274443,100
22047,11274443,30
22048,11274443,30
22049,1063997,13430
22050,11274443,30
22051,11274443,30
22052,1609,500000
22053,11274443,20
22054,11274443,20
22055,11274443,40
22056,11274443,30
22057,1063997,10930
22058,11274443,110
22059,11274443,10
22060,11274443,30
22061,1609,500000
22062,11274443,40
22063,11274443,10
22064,85985806,0
22065,11274443,60
22066,11274443,10
22067,85985806,0
22068,11274443,30
22069,85985806,0
22070,11274443,30
22071,11274443,30
22072,11274443,50
22073,1609,500000
22074,11274443,40
22075,1063997,9660
22076,1063997,7900
22077,11274443,50
22078,11274443,30
22079,11274443,10
22080,11274443,10
22081,11274443,20
22082,11274443,10
22083,11274443,40
22084,11274443,10
22085,11274443,70
22086,11274443,10
22087,11274443,30
22088,1063997,14680
22089,11274443,20
22090,11274443,90
22091,11274443,30
22092,11274443,10
22093,11274443,10
22094,11274443,50
22095,11274443,10
22096,11274443,20
22097,11274443,20
22098,11274443,20
22099,11274443,30
22100,11274443,50
22101,11274443,30
22102,11274443,60
22103,11274443,40
22104,11274443,30
22105,11274443,10
22106,11274443,20
22107,11274443,70
22108,11274443,30
22109,11274443,10
22110,11274443,50
22111,11274443,20
22112,11274443,10
22113,11274443,50
22114,11274443,20
22115,11274443,10
22116,11274443,10
22117,11274443,10
22118,11274443,40
22119,11274443,50
22120,85985806,0
22121,11274443,20
22122,11274443,50
22123,11274443,20
22124,11274443,10
22125,11274443,70
22126,11274443,40
22127,11274443,10
22128,11274443,50
22129,11274443,30
22130,11274443,20
22131,11274443,10
22132,11274443,30
22133,11274443,20
22134,11274443,10
22135,11274443,110
22136,11274443,20
22137,11274443,20
22138,11274443,40
22139,1609,500000
22140,11274443,10
22141,11274443,90
22142,11274443,20
22143,11274443,30
22144,11274443,30
22145,11274443,20
22146,11274443,10
22147,11274443,20
22148,11274443,40
22149,11274443,10
22150,11274443,50
22151,11274443,40
22152,11274443,40
22153,11274443,10
22154,11274443,110
22155,11274443,60
22156,11274443,10
22157,11274443,30
22158,11274443,10
22159,11274443,20
22160,11274443,40
22161,11274443,80
22162,11274443,30
22163,11274443,10
22164,11274443,30
22165,11274443,30
22166,11274443,10
22167,11274443,30
22168,11274443,80
22169,11274443,10
22170,11274443,40
22171,1609,500000
22172,11274443,20
22173,85985806,0
22174,11274443,30
22175,11274443,40
22176,11274443,50
22177,11274443,10
22178,1609,500000
22179,11274443,60
22180,1609,500000
22181,11274443,30
22182,11274443,10
22183,1063997,6430
22184,11274443,40
22185,11274443,30
22186,11274443,10
22187,11274443,60
22188,11274443,40
22189,11274443,10
22190,11274443,10
22191,11274443,30
22192,11274443,30
22193,11274443,10
22194,11274443,20
22195,11274443,30
22196,11274443,150
22197,1609,500000
22198,11274443,30
22199,11274443,20
22200,11274443,210
22201,11274443,30
22202,11274443,40
22203,11274443,150
22204,11274443,10
22205,11274443,10
22206,85985806,0
22207,11274443,10
22208,11274443,20
22209,11274443,20
22210,11274443,10
22211,11274443,210
22212,11274443,30
22213,1609,500000
22214,11274443,20
22215,11274443,30
22216,11274443,90
22217,11274443,120
22218,1063997,5850
22219,11274443,80
22220,11274443,50
22221,1609,500000
22222,11274443,10
22223,1063997,7560
22224,11274443,10
22225,11274443,30
22226,11274443,30
22227,11274443,30
22228,11274443,40
22229,11274443,30
22230,11274443,20
22231,11274443,30
22232,11274443,30
22233,11274443,30
22234,11274443,110
22235,11274443,30
22236,85985806,0
22237,11274443,20
22238,11274443,60
22239,11274443,60
22240,11274443,20
22241,11274443,40
22242,11274443,30
22243,11274443,50
22244,11274443,30
22245,11274443,20
22246,11274443,320
22247,11274443,40
22248,1063997,7900
22249,1609,500000
22250,11274443,140
22251,11274443,30
22252,11274443,30
22253,85985806,0
22254,11274443,150
22255,11274443,20
22256,11274443,80
22257,11274443,30
22258,11274443,10
22259,11274443,10
22260,11274443,40
22261,11274443,30
22262,11274443,20
22263,11274443,60
22264,1609,500000
22265,11274443,30
22266,11274443,80
22267,11274443,10
22268,11274443,50
22269,11274443,30
22270,11274443,10
22271,11274443,10
22272,11274443,20
22273,11274443,20
22274,11274443,30
22275,11274443,10
22276,11274443,30
22277,11274443,30
22278,11274443,90
22279,1063997,11200
22280,11274443,30
22281,11274443,30
22282,11274443,20
22283,1609,500000
22284,11274443,30
22285,11274443,10
22286,11274443,10
22287,11274443,20
22288,11274443,10
22289,11274443,20
22290,11274443,10
22291,11274443,20
22292,1063997,7850
22293,11274443,20
22294,1609,500000
22295,11274443,30
22296,11274443,10
22297,11274443,10
22298,11274443,20
22299,11274443,20
22300,11274443,20
22301,11274443,20
22302,11274443,30
22303,11274443,10
22304,11274443,30
22305,85985806,0
22306,11274443,80
22307,11274443,20
22308,11274443,30
22309,11274443,20
22310,11274443,110
22311,11274443,60
22312,11274443,110
22313,11274443,50
22314,11274443,10
22315,11274443,50
22316,11274443,80
22317,11274443,30
22318,11274443,150
22319,11274443,80
22320,11274443,110
22321,11274443,60
22322,11274443,10
22323,11274443,10
22324,1609,500000
22325,11274443,20
22326,11274443,30
22327,11274443,150
22328,1609,500000
22329,1609,500000
22330,11274443,20
22331,11274443,30
22332,11274443,40
22333,11274443,60
22334,11274443,20
22335,11274443,80
22336,11274443,20
22337,11274443,10
22338,11274443,10
22339,11274443,20
22340,11274443,30
22341,1609,500000
22342,11274443,10
22343,11274443,40
22344,11274443,10
22345,11274443,10
22346,11274443,10
22347,11274443,110
22348,11274443,30
22349,11274443,60
22350,11274443,20
22351,11274443,60
22352,11274443,20
22353,11274443,30
22354,11274443,10
22355,11274443,80
22356,11274443,20
22357,1609,500000
22358,11274443,10
22359,11274443,10
22360,11274443,10
22361,11274443,60
22362,11274443,50
22363,11274443,20
22364,11274443,50
22365,11274443,10
22366,11274443,10
22367,11274443,40
22368,11274443,30
22369,11274443,30
22370,11274443,110
22371,11274443,30
22372,11274443,10
22373,11274443,10
22374,11274443,30
22375,11274443,30
22376,11274443,10
22377,11274443,50
22378,11274443,70
22379,11274443,10
22380,11274443,30
22381,11274443,50
22382,11274443,80
22383,11274443,40
22384,11274443,50
22385,11274443,10
22386,11274443,50
22387,11274443,40
22388,11274443,40
22389,11274443,90
22390,11274443,40
22391,11274443,10
22392,11274443,20
22393,11274443,30
22394,11274443,10
22395,11274443,20
22396,11274443,40
22397,11274443,40
22398,11274443,10
22399,11274443,20
22400,11274443,40
22401,11274443,70
22402,11274443,40
22403,11274443,10
22404,11274443,70
22405,11274443,80
22406,11274443,40
22407,11274443,30
22408,11274443,20
22409,11274443,60
22410,11274443,10
22411,11274443,10
22412,11274443,40
22413,11274443,10
22414,11274443,120
22415,11274443,10
22416,11274443,20
22417,11274443,110
22418,11274443,60
22419,11274443,10
22420,1609,500000
22421,11274443,20
22422,11274443,20
22423,11274443,10
22424,11274443,110
22425,1063997,5770
22426,11274443,70
22427,11274443,30
22428,1063997,7130
22429,11274443,10
22430,11274443,10
22431,1609,500000
22432,85985806,0
22433,11274443,110
22434,11274443,70
22435,1609,500000
22436,11274443,20
22437,11274443,150
22438,11274443,30
22439,1609,500000
22440,11274443,20
22441,11274443,80
22442,11274443,10
22443,1609,500000
22444,11274443,30
22445,11274443,30
22446,11274443,30
22447,11274443,50
22448,1063997,19050
22449,1063997,6940
22450,11274443,30
22451,11274443,30
22452,11274443,10
22453,11274443,10
22454,11274443,10
22455,11274443,20
22456,11274443,10
22457,11274443,60
22458,11274443,20
22459,11274443,10
22460,11274443,40
22461,11274443,20
22462,11274443,30
22463,11274443,10
22464,11274443,30
22465,11274443,20
22466,1609,500000
22467,11274443,50
22468,11274443,10
22469,11274443,10
22470,11274443,40
22471,11274443,40
22472,11274443,30
22473,85985806,0
22474,1609,500000
22475,1063997,5240
22476,11274443,70
22477,11274443,10
22478,11274443,40
22479,11274443,20
22480,11274443,40
22481,11274443,80
22482,11274443,40
22483,11274443,20
22484,11274443,10
22485,11274443,30
22486,11274443,150
22487,11274443,10
22488,11274443,40
22489,11274443,10
22490,11274443,30
22491,11274443,10
22492,11274443,20
22493,11274443,30
22494,1609,500000
22495,11274443,10
22496,11274443,10
22497,11274443,20
22498,11274443,30
22499,11274443,20
22500,11274443,70
22501,11274443,30
22502,11274443,10
22503,11274443,10
22504,11274443,30
22505,11274443,20
22506,11274443,40
22507,11274443,40
22508,11274443,30
22509,11274443,30
22510,11274443,110
22511,11274443,30
22512,11274443,50
22513,11274443,20
22514,1063997,5670
22515,1609,500000
22516,11274443,10
22517,11274443,120
22518,11274443,30
22519,11274443,40
22520,11274443,30
22521,11274443,20
22522,11274443,30
22523,1063997,9270
22524,11274443,40
22525,11274443,20
22526,11274443,10
22527,11274443,10
22528,11274443,10
22529,11274443,10
22530,11274443,10
22531,11274443,10
22532,11274443,20
22533,11274443,10
22534,11274443,10
22535,11274443,20
22536,11274443,40
22537,11274443,20
22538,11274443,30
22539,11274443,50
22540,11274443,40
22541,85985806,0
22542,11274443,20
22543,11274443,40
22544,11274443,150
22545,1609,500000
22546,11274443,150
22547,11274443,50
22548,11274443,20
22549,11274443,20
22550,11274443,20
22551,11274443,20
22552,11274443,30
22553,11274443,20
22554,11274443,30
22555,11274443,40
22556,11274443,10
22557,11274443,20
22558,1609,500000
22559,11274443,30
22560,11274443,30
22561,11274443,210
22562,11274443,20
22563,1063997,9580
22564,85985806,0
22565,11274443,50
22566,1063997,9650
22567,85985806,0
22568,11274443,20
22569,11274443,50
22570,11274443,30
22571,11274443,70
22572,11274443,60
22573,11274443,30
22574,1609,500000
22575,1609,500000
22576,11274443,40
22577,11274443,20
22578,11274443,50
22579,1063997,13660
22580,1609,500000
22581,11274443,30
22582,1063997,9240
22583,11274443,20
22584,11274443,20
22585,11274443,50
22586,1063997,5630
22587,11274443,20
22588,11274443,60
22589,1063997,14280
22590,11274443,10
22591,11274443,10
22592,11274443,20
22593,11274443,70
22594,11274443,80
22595,11274443,20
22596,11274443,10
22597,11274443,40
22598,11274443,40
22599,1063997,9740
22600,11274443,30
22601,1063997,8210
22602,11274443,10
22603,11274443,60
22604,11274443,10
22605,11274443,50
22606,11274443,20
22607,11274443,10
22608,11274443,50
22609,11274443,30
22610,1609,500000
22611,11274443,40
22612,11274443,10
22613,11274443,30
22614,11274443,30
22615,11274443,20
22616,11274443,10
22617,11274443,30
22618,11274443,20
22619,11274443,30
22620,11274443,110
22621,11274443,30
22622,85985806,0
22623,11274443,20
22624,11274443,50
22625,11274443,10
22626,11274443,20
22627,1063997,7830
22628,1063997,9000
22629,11274443,30
22630,11274443,40
22631,11274443,20
22632,11274443,20
22633,11274443,30
22634,11274443,60
22635,11274443,80
22636,1063997,9110
22637,11274443,110
22638,1609,500000
22639,11274443,20
22640,11274443,70
22641,11274443,10
22642,11274443,30
22643,11274443,30
22644,11274443,20
22645,11274443,30
22646,11274443,20
22647,11274443,10
22648,11274443,10
22649,11274443,30
22650,11274443,60
22651,11274443,30
22652,11274443,40
22653,11274443,30
22654,11274443,40
22655,11274443,40
22656,11274443,90
22657,11274443,40
22658,11274443,60
22659,11274443,10
22660,11274443,30
22661,11274443,80
22662,11274443,30
22663,11274443,30
22664,85985806,0
22665,11274443,70
22666,11274443,30
22667,11274443,30
22668,11274443,10
22669,11274443,10
22670,11274443,20
22671,11274443,60
22672,11274443,10
22673,11274443,40
22674,11274443,20
22675,85985806,0
22676,11274443,30
22677,11274443,40
22678,1609,500000
22679,11274443,10
22680,11274443,70
22681,11274443,20
22682,11274443,10
22683,11274443,40
22684,11274443,20
22685,11274443,10
22686,11274443,10
22687,11274443,20
22688,11274443,20
22689,11274443,30
22690,11274443,20
22691,11274443,20
22692,11274443,30
22693,11274443,10
22694,11274443,10
22695,11274443,20
22696,11274443,10
22697,11274443,40
22698,11274443,10
22699,11274443,10
22700,11274443,10
22701,11274443,10
22702,11274443,30
22703,11274443,20
22704,11274443,80
22705,11274443,10
22706,11274443,20
22707,11274443,70
22708,11274443,10
22709,11274443,10
22710,1063997,5720
22711,11274443,20
22712,1063997,4380
22713,1063997,6730
22714,11274443,30
22715,1063997,6270
22716,11274443,20
22717,1609,500000
22718,11274443,110
22719,11274443,80
22720,11274443,20
22721,11274443,10
22722,11274443,20
22723,11274443,70
22724,1063997,8050
22725,11274443,10
22726,11274443,20
22727,11274443,60
22728,11274443,10
22729,1063997,16440
22730,11274443,30
22731,1609,500000
22732,11274443,20
22733,1609,500000
22734,11274443,30
22735,11274443,20
22736,11274443,20
22737,11274443,20
22738,11274443,30
22739,11274443,40
22740,11274443,30
22741,1609,500000
22742,11274443,30
22743,11274443,20
22744,11274443,10
22745,11274443,20
22746,11274443,10
22747,11274443,30
22748,11274443,20
22749,11274443,40
22750,11274443,20
22751,1063997,6090
22752,11274443,10
22753,11274443,110
22754,11274443,30
22755,1063997,5650
22756,11274443,10
22757,11274443,40
22758,11274443,20
22759,11274443,10
22760,11274443,10
22761,11274443,110
22762,11274443,60
22763,11274443,30
22764,11274443,10
22765,11274443,30
22766,11274443,60
22767,11274443,40
22768,11274443,20
22769,1609,500000
22770,11274443,50
22771,11274443,50
22772,11274443,20
22773,11274443,10
22774,11274443,50
22775,11274443,20
22776,11274443,30
22777,11274443,30
22778,11274443,50
22779,11274443,10
22780,11274443,60
22781,11274443,30
22782,11274443,30
22783,11274443,40
22784,11274443,30
22785,11274443,10
22786,11274443,20
22787,11274443,20
22788,1609,500000
22789,11274443,10
22790,11274443,90
22791,11274443,50
22792,11274443,150
22793,11274443,30
22794,11274443,20
22795,1063997,14060
22796,11274443,10
22797,11274443,30
22798,11274443,10
22799,11274443,20
22800,11274443,10
22801,11274443,40
22802,11274443,10
22803,11274443,60
22804,11274443,80
22805,11274443,30
22806,11274443,10
22807,11274443,120
22808,11274443,110
22809,11274443,40
22810,11274443,40
22811,11274443,10
22812,11274443,10
22813,11274443,10
22814,11274443,40
22815,11274443,80
22816,1063997,81610
22817,85985806,0
22818,11274443,10
22819,11274443,30
22820,11274443,20
22821,11274443,20
22822,1609,500000
22823,11274443,10
22824,11274443,100
22825,11274443,10
22826,1609,500000
22827,11274443,20
22828,1609,500000
22829,11274443,10
22830,11274443,20
22831,11274443,40
22832,11274443,30
22833,11274443,60
22834,11274443,20
22835,85985806,0
22836,11274443,10
22837,11274443,40
22838,11274443,10
22839,11274443,20
22840,1063997,7330
22841,11274443,20
22842,11274443,30
22843,11274443,30
22844,11274443,30
22845,11274443,20
22846,11274443,30
22847,11274443,30
22848,11274443,150
22849,1063997,7160
22850,11274443,30
22851,11274443,10
22852,11274443,20
22853,11274443,10
22854,11274443,10
22855,11274443,10
22856,11274443,70
22857,11274443,20
22858,11274443,10
22859,1609,500000
22860,11274443,110
22861,11274443,80
22862,1609,500000
22863,11274443,20
22864,11274443,10
22865,1063997,6490
22866,1063997,6780
22867,11274443,30
22868,1609,500000
22869,11274443,70
22870,11274443,30
22871,11274443,100
22872,11274443,150
22873,1609,500000
22874,11274443,10
22875,11274443,20
22876,11274443,30
22877,11274443,30
22878,1609,500000
22879,1063997,8220
22880,1609,500000
22881,11274443,10
22882,11274443,20
22883,11274443,30
22884,11274443,10
22885,11274443,40
22886,11274443,50
22887,11274443,30
22888,11274443,20
22889,11274443,30
22890,11274443,20
22891,11274443,60
22892,11274443,10
22893,11274443,30
22894,11274443,50
22895,11274443,10
22896,11274443,10
22897,11274443,20
22898,11274443,110
22899,1609,500000
22900,11274443,40
22901,11274443,30
22902,11274443,30
22903,11274443,90
22904,11274443,10
22905,1063997,10250
22906,11274443,10
22907,1609,500000
22908,1609,500000
22909,11274443,90
22910,11274443,20
22911,11274443,40
22912,11274443,30
22913,11274443,70
22914,11274443,10
22915,11274443,10
22916,11274443,20
22917,85985806,0
22918,11274443,60
22919,11274443,30
22920,11274443,10
22921,1609,500000
22922,1063997,10010
22923,11274443,30
22924,11274443,30
22925,11274443,150
22926,1063997,24350
22927,11274443,10
22928,11274443,20
22929,11274443,20
22930,1609,500000
22931,11274443,50
22932,11274443,30
22933,1609,500000
22934,11274443,20
22935,11274443,20
22936,1609,500000
22937,11274443,30
22938,11274443,10
22939,11274443,50
22940,11274443,20
22941,11274443,20
22942,11274443,10
22943,11274443,150
22944,11274443,30
22945,11274443,30
22946,11274443,10
22947,11274443,40
22948,11274443,20
22949,11274443,30
22950,1063997,11020
22951,11274443,20
22952,11274443,70
22953,11274443,10
22954,11274443,60
22955,11274443,50
22956,11274443,20
22957,11274443,20
22958,11274443,110
22959,11274443,10
22960,11274443,30
22961,11274443,150
22962,11274443,30
22963,11274443,20
22964,11274443,20
22965,11274443,20
22966,11274443,20
22967,1609,500000
22968,11274443,20
22969,11274443,30
22970,11274443,30
22971,11274443,30
22972,11274443,10
22973,85985806,0
22974,11274443,40
22975,11274443,10
22976,11274443,10
22977,11274443,110
22978,1609,500000
22979,11274443,50
22980,11274443,30
22981,11274443,20
22982,11274443,30
22983,11274443,40
22984,11274443,150
22985,11274443,30
22986,11274443,30
22987,11274443,40
22988,1063997,5910
22989,11274443,20
22990,1609,500000
22991,1609,500000
22992,1063997,5710
22993,11274443,30
22994,11274443,20
22995,1609,500000
22996,11274443,80
22997,11274443,10
22998,11274443,40
22999,11274443,40
23000,11274443,20
23001,1063997,8450
23002,11274443,10
23003,11274443,20
23004,1063997,11680
23005,11274443,80
23006,1609,500000
23007,1609,500000
23008,11274443,10
23009,11274443,10
23010,11274443,60
23011,11274443,30
23012,11274443,40
23013,11274443,30
23014,11274443,10
23015,11274443,30
23016,11274443,30
23017,11274443,30
23018,11274443,10
23019,11274443,30
23020,11274443,30
23021,11274443,40
23022,11274443,10
23023,11274443,30
23024,11274443,30
23025,11274443,110
23026,11274443,50
23027,11274443,30
23028,11274443,150
23029,11274443,30
23030,11274443,10
23031,11274443,40
23032,11274443,20
23033,11274443,10
23034,11274443,10
23035,11274443,20
23036,1063997,9300
23037,11274443,50
23038,11274443,70
23039,11274443,10
23040,85985806,0
23041,11274443,20
23042,11274443,10
23043,11274443,30
23044,11274443,120
23045,11274443,50
23046,11274443,10
23047,11274443,20
23048,1063997,5270
23049,11274443,10
23050,11274443,30
23051,11274443,20
23052,11274443,10
23053,11274443,40
23054,1063997,7530
23055,1609,500000
23056,11274443,40
23057,11274443,30
23058,11274443,20
23059,11274443,10
23060,11274443,10
23061,11274443,30
23062,11274443,30
23063,11274443,10
23064,1609,500000
23065,11274443,20
23066,11274443,20
23067,1609,500000
23068,11274443,10
23069,11274443,20
23070,11274443,20
23071,11274443,10
23072,11274443,10
23073,11274443,40
23074,11274443,20
23075,11274443,10
23076,11274443,20
23077,11274443,50
23078,11274443,70
23079,11274443,10
23080,11274443,210
23081,1063997,5240
23082,11274443,40
23083,11274443,40
23084,11274443,30
23085,11274443,30
23086,11274443,30
23087,11274443,20
23088,11274443,10
23089,1609,500000
23090,1609,500000
23091,1063997,12100
23092,11274443,30
23093,11274443,30
23094,11274443,100
23095,11274443,30
23096,11274443,10
23097,1609,500000
23098,11274443,30
23099,1609,500000
23100,11274443,30
23101,11274443,10
23102,1609,500000
23103,1063997,33680
23104,11274443,10
23105,11274443,60
23106,11274443,30
23107,11274443,30
23108,11274443,20
23109,11274443,10
23110,11274443,40
23111,1609,500000
23112,11274443,20
23113,11274443,50
23114,11274443,40
23115,11274443,10
23116,11274443,60
23117,11274443,30
23118,11274443,80
23119,11274443,10
23120,11274443,30
23121,11274443,30
23122,1063997,8660
23123,11274443,20
23124,11274443,20
23125,11274443,30
23126,11274443,40
23127,11274443,40
23128,11274443,20
23129,11274443,30
23130,1063997,6980
23131,11274443,40
23132,11274443,40
23133,11274443,60
23134,1063997,7710
23135,11274443,60
23136,11274443,10
23137,11274443,20
23138,11274443,20
23139,1609,500000
23140,11274443,40
23141,1063997,9660
23142,11274443,20
23143,11274443,20
23144,11274443,40
23145,11274443,30
23146,11274443,10
23147,11274443,20
23148,11274443,30
23149,1063997,6480
23150,11274443,20
23151,11274443,20
23152,1609,500000
23153,11274443,20
23154,11274443,10
23155,11274443,50
23156,1609,500000
23157,1609,500000
23158,11274443,110
23159,11274443,10
23160,11274443,10
23161,1609,500000
23162,1063997,6570
23163,1063997,16910
23164,11274443,70
23165,11274443,60
23166,11274443,30
23167,11274443,20
23168,11274443,30
23169,11274443,50
23170,11274443,20
23171,11274443,50
23172,1609,500000
23173,11274443,30
23174,1609,500000
23175,11274443,40
23176,11274443,30
23177,11274443,20
23178,11274443,30
23179,11274443,60
23180,11274443,30
23181,11274443,40
23182,1609,500000
23183,11274443,20
23184,11274443,20
23185,11274443,40
23186,1063997,7650
23187,11274443,30
23188,11274443,10
23189,11274443,10
23190,11274443,20
23191,11274443,30
23192,11274443,80
23193,11274443,10
23194,11274443,20
23195,11274443,20
23196,11274443,20
23197,11274443,10
23198,11274443,50
23199,11274443,40
23200,11274443,30
23201,11274443,10
23202,11274443,20
23203,11274443,10
23204,11274443,10
23205,11274443,30
23206,11274443,10
23207,11274443,30
23208,11274443,20
23209,11274443,150
23210,11274443,10
23211,1063997,5360
23212,11274443,10
23213,11274443,110
23214,11274443,10
23215,85985806,0
23216,11274443,30
23217,11274443,40
23218,11274443,50
23219,1609,500000
23220,11274443,110
23221,11274443,10
23222,11274443,30
23223,11274443,150
23224,11274443,10
23225,11274443,40
23226,11274443,10
23227,11274443,150
23228,11274443,10
23229,11274443,20
23230,11274443,40
23231,11274443,30
23232,11274443,30
23233,11274443,20
23234,11274443,10
23235,1609,500000
23236,1609,500000
23237,11274443,40
23238,11274443,110
23239,85985806,0
23240,11274443,40
23241,11274443,10
23242,11274443,10
23243,11274443,110
23244,1063997,6110
23245,11274443,10
23246,11274443,60
23247,11274443,40
23248,11274443,20
23249,11274443,10
23250,11274443,20
23251,85985806,0
23252,11274443,10
23253,11274443,20
23254,11274443,10
23255,11274443,10
23256,11274443,30
23257,11274443,30
23258,11274443,150
23259,11274443,60
23260,11274443,150
23261,11274443,110
23262,11274443,20
23263,11274443,30
23264,11274443,10
23265,11274443,50
23266,11274443,10
23267,11274443,20
23268,11274443,30
23269,1063997,6430
23270,11274443,10
23271,11274443,20
23272,11274443,50
23273,11274443,10
23274,11274443,30
23275,11274443,40
23276,11274443,20
23277,11274443,50
23278,11274443,30
23279,11274443,10
23280,11274443,10
23281,11274443,30
23282,11274443,20
23283,11274443,40
23284,11274443,20
23285,1609,500000
23286,11274443,30
23287,85985806,0
23288,11274443,40
23289,11274443,30
23290,11274443,110
23291,11274443,70
23292,1609,500000
23293,11274443,60
23294,11274443,40
23295,11274443,30
23296,11274443,70
23297,11274443,50
23298,1063997,14680
23299,11274443,20
23300,11274443,40
23301,11274443,110
23302,11274443,10
23303,11274443,20
23304,11274443,50
23305,11274443,10
23306,11274443,40
23307,11274443,90
23308,11274443,30
23309,11274443,30
23310,11274443,10
23311,11274443,20
23312,11274443,60
23313,11274443,40
23314,11274443,30
23315,11274443,10
23316,11274443,50
23317,11274443,20
23318,11274443,30
23319,11274443,20
23320,1063997,7530
23321,1609,500000
23322,11274443,40
23323,11274443,60
23324,11274443,30
23325,11274443,30
23326,11274443,20
23327,11274443,30
23328,11274443,40
23329,11274443,30
23330,1609,500000
23331,85985806,0
23332,1063997,6050
23333,11274443,50
23334,11274443,10
23335,11274443,20
23336,11274443,10
23337,11274443,90
23338,11274443,10
23339,11274443,30
23340,11274443,20
23341,11274443,40
23342,11274443,20
23343,1609,500000
23344,1609,500000
23345,11274443,30
23346,11274443,40
23347,11274443,80
23348,11274443,20
23349,11274443,10
23350,85985806,0
23351,11274443,150
23352,1609,500000
23353,11274443,30
23354,11274443,40
23355,1063997,6260
23356,11274443,20
23357,11274443,10
23358,11274443,20
23359,11274443,10
23360,11274443,30
23361,11274443,110
23362,11274443,20
23363,11274443,30
23364,11274443,20
23365,11274443,20
23366,11274443,30
23367,11274443,40
23368,1609,500000
23369,11274443,50
23370,11274443,10
23371,1063997,5240
23372,11274443,40
23373,11274443,10
23374,11274443,10
23375,11274443,50
23376,11274443,40
23377,11274443,40
23378,11274443,10
23379,11274443,20
23380,11274443,10
23381,11274443,30
23382,11274443,150
23383,1609,500000
23384,11274443,50
23385,11274443,10
23386,11274443,40
23387,11274443,30
23388,11274443,40
23389,11274443,30
23390,11274443,10
23391,11274443,40
23392,11274443,30
23393,11274443,10
23394,11274443,30
23395,11274443,30
23396,1063997,10340
23397,11274443,30
23398,1609,500000
23399,11274443,20
23400,11274443,50
23401,11274443,20
23402,11274443,30
23403,11274443,50
23404,11274443,10
23405,1063997,16280
23406,11274443,30
23407,11274443,30
23408,1609,500000
23409,11274443,30
23410,11274443,10
23411,11274443,10
23412,11274443,40
23413,11274443,50
23414,11274443,20
23415,11274443,60
23416,11274443,20
23417,1609,500000
23418,11274443,20
23419,11274443,10
23420,11274443,20
23421,1063997,19050
23422,11274443,110
23423,1609,500000
23424,11274443,30
23425,11274443,10
23426,11274443,50
23427,11274443,60
23428,11274443,20
23429,11274443,30
23430,11274443,30
23431,1609,500000
23432,11274443,70
23433,11274443,20
23434,11274443,40
23435,11274443,20
23436,11274443,20
23437,11274443,30
23438,11274443,10
23439,11274443,10
23440,11274443,90
23441,1609,500000
23442,11274443,20
23443,11274443,50
23444,11274443,30
23445,11274443,20
23446,11274443,30
23447,11274443,10
23448,1063997,10740
23449,85985806,0
23450,11274443,20
23451,11274443,10
23452,1609,500000
23453,11274443,80
23454,1609,500000
23455,1063997,10100
23456,11274443,30
23457,11274443,30
23458,11274443,30
23459,11274443,30
23460,11274443,30
23461,1609,500000
23462,11274443,20
23463,11274443,20
23464,11274443,20
23465,11274443,30
23466,11274443,20
23467,11274443,40
23468,11274443,110
23469,11274443,150
23470,11274443,20
23471,11274443,20
23472,11274443,90
23473,11274443,30
23474,11274443,60
23475,11274443,20
23476,11274443,60
23477,11274443,10
23478,11274443,40
23479,11274443,50
23480,11274443,50
23481,11274443,20
23482,11274443,40
23483,1063997,11250
23484,11274443,30
23485,11274443,20
23486,11274443,60
23487,11274443,50
23488,11274443,40
23489,11274443,10
23490,11274443,30
23491,11274443,70
23492,11274443,20
23493,11274443,10
23494,11274443,20
23495,11274443,50
23496,11274443,40
23497,11274443,70
23498,11274443,50
23499,11274443,40
23500,11274443,80
23501,11274443,10
23502,11274443,20
23503,1063997,9900
23504,1063997,6970
23505,11274443,40
23506,11274443,50
23507,11274443,20
23508,11274443,30
23509,1609,500000
23510,11274443,40
23511,11274443,50
23512,85985806,0
23513,11274443,20
23514,11274443,20
23515,1063997,13330
23516,11274443,30
23517,11274443,30
23518,11274443,90
23519,11274443,10
23520,1609,500000
23521,11274443,10
23522,11274443,110
23523,11274443,20
23524,11274443,20
23525,11274443,10
23526,11274443,10
23527,11274443,150
23528,1609,500000
23529,11274443,80
23530,1063997,16250
23531,11274443,20
23532,1609,500000
23533,11274443,40
23534,1063997,5690
23535,11274443,40
23536,11274443,20
23537,11274443,30
23538,11274443,60
23539,11274443,10
23540,11274443,10
23541,1063997,4910
23542,11274443,80
23543,11274443,10
23544,11274443,40
23545,11274443,60
23546,85985806,0
23547,11274443,20
23548,11274443,30
23549,11274443,20
23550,11274443,20
23551,11274443,20
23552,11274443,20
23553,11274443,30
23554,11274443,30
23555,11274443,30
23556,11274443,10
23557,11274443,10
23558,11274443,30
23559,11274443,30
23560,11274443,20
23561,11274443,20
23562,11274443,10
23563,11274443,30
23564,11274443,30
23565,11274443,20
23566,11274443,10
23567,1063997,6590
23568,11274443,10
23569,11274443,40
23570,1063997,6660
23571,11274443,30
23572,11274443,10
23573,11274443,40
23574,11274443,110
23575,11274443,40
23576,11274443,20
23577,11274443,10
23578,11274443,150
23579,11274443,110
23580,1609,500000
23581,11274443,10
23582,11274443,40
23583,11274443,10
23584,11274443,20
23585,11274443,10
23586,11274443,110
23587,11274443,150
23588,11274443,90
23589,11274443,40
23590,11274443,30
23591,11274443,120
23592,11274443,30
23593,1609,500000
23594,11274443,40
23595,11274443,40
23596,11274443,10
23597,11274443,20
23598,11274443,40
23599,11274443,10
23600,11274443,70
23601,11274443,40
23602,11274443,10
23603,11274443,110
23604,11274443,20
23605,11274443,50
23606,11274443,20
23607,1063997,7920
23608,11274443,30
23609,1609,500000
23610,11274443,10
23611,11274443,30
23612,11274443,10
23613,11274443,80
23614,11274443,30
23615,11274443,40
23616,11274443,30
23617,85985806,0
23618,11274443,120
23619,11274443,30
23620,11274443,30
23621,11274443,20
23622,11274443,60
23623,11274443,20
23624,1063997,7770
23625,11274443,30
23626,11274443,30
23627,11274443,40
23628,11274443,40
23629,11274443,40
23630,1609,500000
23631,11274443,20
23632,11274443,60
23633,11274443,50
23634,1609,500000
23635,11274443,40
23636,11274443,10
23637,11274443,20
23638,11274443,80
23639,11274443,10
23640,1063997,6990
23641,11274443,70
23642,11274443,40
23643,11274443,30
23644,11274443,60
23645,11274443,10
23646,11274443,20
23647,1609,500000
23648,1063997,8760
23649,1609,500000
23650,11274443,10
23651,11274443,10
23652,11274443,20
23653,1609,500000
23654,11274443,40
23655,11274443,30
23656,11274443,20
23657,11274443,30
23658,11274443,30
23659,11274443,110
23660,1063997,11070
23661,11274443,40
23662,11274443,30
23663,11274443,10
23664,11274443,10
23665,11274443,10
23666,11274443,20
23667,11274443,30
23668,11274443,20
23669,11274443,10
23670,1063997,8000
23671,11274443,30
23672,11274443,30
23673,11274443,40
23674,11274443,10
23675,11274443,30
23676,11274443,150
23677,1609,500000
23678,1609,500000
23679,11274443,20
23680,11274443,40
23681,11274443,20
23682,11274443,110
23683,11274443,10
23684,11274443,30
23685,11274443,30
23686,11274443,10
23687,11274443,20
23688,11274443,10
23689,11274443,30
23690,11274443,20
23691,11274443,30
23692,11274443,40
23693,11274443,20
23694,11274443,10
23695,11274443,10
23696,11274443,50
23697,11274443,60
23698,11274443,30
23699,11274443,50
23700,1609,500000
23701,11274443,40
23702,11274443,10
23703,11274443,10
23704,11274443,30
23705,11274443,30
23706,1609,500000
23707,11274443,40
23708,11274443,20
23709,11274443,20
23710,1063997,82820
23711,1063997,9100
23712,11274443,20
23713,11274443,50
23714,11274443,10
23715,11274443,90
23716,11274443,40
23717,11274443,30
23718,1609,500000
23719,11274443,40
23720,11274443,20
23721,11274443,20
23722,1609,500000
23723,11274443,30
23724,11274443,80
23725,11274443,10
23726,11274443,10
23727,11274443,60
23728,11274443,20
23729,11274443,10
23730,11274443,30
23731,11274443,20
23732,11274443,20
23733,11274443,10
23734,11274443,20
23735,11274443,40
23736,11274443,60
23737,11274443,30
23738,11274443,10
23739,11274443,10
23740,11274443,40
23741,11274443,20
23742,1063997,8630
23743,11274443,20
23744,11274443,40
23745,11274443,50
23746,1063997,10950
23747,11274443,30
23748,1063997,5570
23749,11274443,10
23750,11274443,20
23751,11274443,30
23752,85985806,0
23753,11274443,40
23754,11274443,40
23755,1609,500000
23756,11274443,40
23757,11274443,50
23758,11274443,20
23759,1609,500000
23760,1063997,5210
23761,11274443,30
23762,1063997,7400
23763,11274443,30
23764,11274443,10
23765,11274443,20
23766,11274443,160
23767,1063997,31200
23768,11274443,50
23769,11274443,150
23770,11274443,30
23771,11274443,10
23772,11274443,10
23773,11274443,50
23774,1609,500000
23775,11274443,40
23776,11274443,40
23777,11274443,60
23778,11274443,30
23779,11274443,30
23780,11274443,10
23781,11274443,10
23782,11274443,20
23783,11274443,10
23784,11274443,20
23785,1063997,10470
23786,1063997,7970
23787,1063997,9230
23788,11274443,20
23789,1609,500000
23790,11274443,50
23791,11274443,20
23792,11274443,20
23793,1609,500000
23794,11274443,20
23795,11274443,10
23796,11274443,30
23797,11274443,10
23798,11274443,10
23799,11274443,20
23800,11274443,60
23801,11274443,10
23802,11274443,30
23803,11274443,20
23804,11274443,20
23805,11274443,40
23806,11274443,20
23807,11274443,60
23808,11274443,20
23809,11274443,40
23810,11274443,20
23811,11274443,30
23812,11274443,30
23813,11274443,30
23814,1609,500000
23815,1609,500000
23816,11274443,10
23817,11274443,10
23818,11274443,40
23819,11274443,60
23820,11274443,10
23821,11274443,20
23822,11274443,20
23823,11274443,20
23824,11274443,10
23825,11274443,90
23826,11274443,110
23827,11274443,40
23828,11274443,30
23829,11274443,10
23830,11274443,20
23831,11274443,30
23832,11274443,40
23833,11274443,10
23834,11274443,60
23835,11274443,20
23836,11274443,150
23837,11274443,20
23838,11274443,10
23839,11274443,20
23840,11274443,10
23841,11274443,60
23842,11274443,10
23843,11274443,10
23844,11274443,40
23845,11274443,150
23846,11274443,10
23847,11274443,30
23848,1063997,8960
23849,11274443,20
23850,11274443,30
23851,11274443,20
23852,11274443,20
23853,11274443,10
23854,11274443,30
23855,11274443,10
23856,11274443,20
23857,11274443,50
23858,11274443,10
23859,11274443,40
23860,11274443,20
23861,11274443,20
23862,11274443,10
23863,1609,500000
23864,11274443,10
23865,11274443,150
23866,11274443,20
23867,11274443,20
23868,11274443,10
23869,11274443,30
23870,11274443,50
23871,11274443,20
23872,11274443,80
23873,11274443,40
23874,11274443,10
23875,1609,500000
23876,11274443,110
23877,11274443,10
23878,11274443,10
23879,11274443,150
23880,11274443,50
23881,11274443,20
23882,1063997,8810
23883,11274443,20
23884,11274442,40
23885,11274442,20
23886,85985806,0
23887,11274442,10
23888,11274442,20
23889,11274442,10
23890,11274442,30
23891,11274442,50
23892,11274442,20
23893,11274442,10
23894,11274442,30
23895,11274442,20
23896,11274442,40
23897,11274442,40
23898,1609,500000
23899,11274442,30
23900,11274442,20
23901,1609,500000
23902,11274442,10
23903,11274442,10
23904,11274442,40
23905,11274442,20
23906,1609,500000
23907,11274442,30
23908,11274442,50
23909,11274442,60
23910,11274442,10
23911,11274442,50
23912,11274442,30
23913,11274442,10
23914,11274442,10
23915,11274442,30
23916,11274442,40
23917,11274442,20
23918,11274442,20
23919,11274442,50
23920,1063997,8790
23921,11274442,40
23922,11274442,20
23923,1609,500000
23924,1063997,6420
23925,11274442,40
23926,11274442,10
23927,11274442,20
23928,11274442,110
23929,1609,500000
23930,11274442,20
23931,11274442,70
23932,11274442,20
23933,11274442,10
23934,11274442,40
23935,11274442,10
23936,11274442,50
23937,11274442,30
23938,11274442,60
23939,11274442,30
23940,11274442,30
23941,11274442,40
23942,11274442,10
23943,11274442,40
23944,11274442,20
23945,11274442,10
23946,11274442,10
23947,11274442,50
23948,11274442,110
23949,11274442,30
23950,11274442,150
23951,11274442,10
23952,11274442,30
23953,11274442,20
23954,1609,500000
23955,1063997,15680
23956,11274442,40
23957,11274442,30
23958,11274442,20
23959,11274442,40
23960,11274442,40
23961,11274442,10
23962,11274442,30
23963,11274442,10
23964,11274442,20
23965,11274442,60
23966,11274442,20
23967,11274442,20
23968,11274442,110
23969,11274442,50
23970,11274442,80
23971,11274442,30
23972,11274442,50
23973,11274442,30
23974,11274442,10
23975,11274442,60
23976,11274442,50
23977,11274442,80
23978,1063997,32120
23979,11274442,20
23980,11274442,30
23981,11274442,10
23982,11274442,30
23983,11274442,50
23984,11274442,20
23985,11274442,30
23986,11274442,10
23987,11274442,20
23988,1063997,8850
23989,11274442,100
23990,11274442,10
23991,1609,500000
23992,11274442,40
23993,11274442,60
23994,11274442,30
23995,11274442,20
23996,11274442,30
23997,11274442,20
23998,11274442,150
23999,11274442,10
24000,11274442,10
24001,11274442,20
24002,11274442,30
24003,11274442,10
24004,11274442,20
24005,11274442,30
24006,11274442,40
24007,11274442,40
24008,11274442,20
24009,11274442,10
24010,11274442,80
24011,11274442,60
24012,11274442,30
24013,11274442,60
24014,11274442,10
24015,11274442,10
24016,11274442,10
24017,11274442,10
24018,11274442,30
24019,11274442,40
24020,11274442,60
24021,11274442,60
24022,11274442,10
24023,11274442,10
24024,11274442,210
24025,11274442,40
24026,11274442,10
24027,1609,500000
24028,11274442,10
24029,11274442,50
24030,1609,500000
24031,11274442,60
24032,1609,500000
24033,11274442,50
24034,11274442,10
24035,85985806,0
24036,11274442,60
24037,11274442,10
24038,11274442,30
24039,11274442,30
24040,11274442,10
24041,11274442,20
24042,11274442,30
24043,11274442,10
24044,11274442,10
24045,11274442,80
24046,11274442,30
24047,11274442,20
24048,11274442,20
24049,11274442,20
24050,1063997,11870
24051,11274442,10
24052,11274442,10
24053,1063997,10260
24054,11274442,20
24055,11274442,10
24056,11274442,140
24057,11274442,150
24058,11274442,20
24059,11274442,40
24060,11274442,10
24061,11274442,20
24062,11274442,20
24063,11274442,10
24064,11274442,40
24065,11274442,30
24066,11274442,60
24067,11274442,30
24068,11274442,30
24069,11274442,10
24070,11274442,10
24071,11274442,20
24072,11274442,30
24073,11274442,40
24074,11274442,10
24075,11274442,110
24076,11274442,30
24077,1063997,5970
24078,1063997,9820
24079,11274442,10
24080,11274442,20
24081,11274442,10
24082,11274442,10
24083,11274442,10
24084,11274442,30
24085,11274442,10
24086,1609,500000
24087,11274442,20
24088,11274442,100
24089,11274442,30
24090,11274442,10
24091,11274442,30
24092,11274442,30
24093,1609,500000
24094,11274442,20
24095,11274442,30
24096,11274442,80
24097,1063997,6640
24098,1063997,6840
24099,11274442,230
24100,11274442,40
24101,11274442,80
24102,11274442,50
24103,1063997,6970
24104,1609,500000
24105,11274442,30
24106,11274442,10
24107,11274442,30
24108,11274442,30
24109,11274442,10
24110,11274442,20
24111,11274442,90
24112,11274442,150
24113,11274442,10
24114,85985806,0
24115,11274442,10
24116,11274442,60
24117,11274442,30
24118,11274442,30
24119,11274442,20
24120,11274442,10
24121,11274442,10
24122,11274442,10
24123,11274442,40
24124,11274442,20
24125,11274442,10
24126,1063997,17330
24127,11274442,20
24128,11274442,50
24129,11274442,10
24130,11274442,30
24131,1063997,11820
24132,11274442,20
24133,11274442,30
24134,11274442,30
24135,11274442,100
24136,11274442,10
24137,11274442,10
24138,1609,500000
24139,11274442,40
24140,11274442,30
24141,11274442,10
24142,11274442,10
24143,11274442,10
24144,1063997,14610
24145,11274442,10
24146,11274442,20
24147,11274442,20
24148,11274442,20
24149,11274442,10
24150,11274442,40
24151,1063997,5830
24152,11274442,30
24153,1063997,6050
24154,11274442,30
24155,11274442,50
24156,11274442,10
24157,11274442,60
24158,1063997,5410
24159,11274442,10
24160,11274442,10
24161,11274442,120
24162,11274442,10
24163,1063997,7660
24164,1609,500000
24165,1063997,8240
24166,11274442,10
24167,11274442,30
24168,11274442,20
24169,11274442,60
24170,11274442,20
24171,11274442,20
24172,11274442,30
24173,1609,500000
24174,11274442,30
24175,11274442,30
24176,11274442,30
24177,11274442,10
24178,11274442,20
24179,11274442,20
24180,11274442,10
24181,1063997,7800
24182,11274442,30
24183,11274442,20
24184,1063997,12100
24185,11274442,10
24186,1063997,8630
24187,11274442,20
24188,11274442,110
24189,11274442,10
24190,11274442,10
24191,11274442,20
24192,11274442,10
24193,11274442,20
24194,11274442,30
24195,11274442,10
24196,11274442,20
24197,11274442,10
24198,11274442,30
24199,1063997,8860
24200,11274442,20
24201,11274442,30
24202,1063997,9930
24203,11274442,20
24204,11274442,30
24205,11274442,50
24206,1063997,7540
24207,11274442,20
24208,11274442,20
24209,1063997,5890
24210,1063997,7540
24211,11274442,20
24212,11274442,50
24213,11274442,50
24214,11274442,20
24215,11274442,30
24216,11274442,30
24217,11274442,20
24218,11274442,50
24219,11274442,90
24220,11274442,20
24221,11274442,90
24222,11274442,60
24223,11274442,30
24224,11274442,30
24225,11274442,10
24226,11274442,20
24227,11274442,40
24228,11274442,50
24229,11274442,10
24230,11274442,30
24231,11274442,20
24232,11274442,80
24233,1063997,6270
24234,11274442,30
24235,1063997,13880
24236,11274442,20
24237,11274442,10
24238,11274442,40
24239,11274442,10
24240,11274442,20
24241,11274442,20
24242,11274442,30
24243,11274442,110
24244,11274442,20
24245,11274442,40
24246,11274442,30
24247,1609,500000
24248,11274442,60
24249,11274442,60
24250,11274442,80
24251,11274442,30
24252,11274442,30
24253,11274442,20
24254,11274442,10
24255,11274442,40
24256,1063997,6940
24257,11274442,80
24258,11274442,30
24259,11274442,60
24260,1063997,6940
24261,11274442,30
24262,11274442,60
24263,11274442,40
24264,11274442,40
24265,11274442,110
24266,11274442,60
24267,11274442,60
24268,11274442,10
24269,11274442,30
24270,11274442,60
24271,11274442,30
24272,11274442,70
24273,11274442,40
24274,11274442,20
24275,1063997,12160
24276,11274442,110
24277,11274442,30
24278,11274442,20
24279,11274442,20
24280,11274442,30
24281,11274442,40
24282,1063997,8680
24283,11274442,10
24284,11274442,40
24285,11274442,10
24286,11274442,20
24287,11274442,30
24288,11274442,10
24289,11274442,30
24290,11274442,70
24291,11274442,80
24292,11274442,10
24293,11274442,40
24294,1063997,6840
24295,11274442,10
24296,11274442,10
24297,11274442,10
24298,85985806,0
24299,11274442,10
24300,11274442,20
24301,11274442,20
24302,11274442,10
24303,11274442,10
24304,11274442,20
24305,11274442,30
24306,11274442,30
24307,11274442,110
24308,11274442,30
24309,11274442,10
24310,1063997,5170
24311,11274442,10
24312,11274442,60
24313,11274442,90
24314,11274442,20
24315,1609,500000
24316,11274442,10
24317,11274442,150
24318,11274442,20
24319,1609,500000
24320,11274442,50
24321,1609,500000
24322,85985806,0
24323,11274442,10
24324,11274442,20
24325,11274442,20
24326,11274442,30
24327,11274442,30
24328,11274442,50
24329,11274442,10
24330,11274442,30
24331,11274442,50
24332,11274442,50
24333,11274442,10
24334,11274442,150
24335,11274442,10
24336,11274442,10
24337,11274442,10
24338,11274442,20
24339,11274442,40
24340,11274442,20
24341,11274442,50
24342,11274442,20
24343,1609,500000
24344,11274442,20
24345,11274442,30
24346,11274442,10
24347,11274442,110
24348,11274442,60
24349,85985806,0
24350,11274442,10
24351,11274442,10
24352,11274442,10
24353,11274442,10
24354,1609,500000
24355,11274442,20
24356,11274442,30
24357,11274442,20
24358,11274442,60
24359,11274442,70
24360,11274442,40
24361,11274442,80
24362,11274442,10
24363,11274442,30
24364,11274442,30
24365,85985806,0
24366,11274442,30
24367,11274442,20
24368,11274442,20
24369,11274442,20
24370,11274442,40
24371,11274442,30
24372,11274442,40
24373,11274442,30
24374,11274442,20
24375,11274442,110
24376,11274442,50
24377,11274442,40
24378,11274442,10
24379,11274442,80
24380,11274442,20
24381,11274442,30
24382,11274442,30
24383,11274442,40
24384,11274442,50
24385,11274442,30
24386,11274442,40
24387,11274442,20
24388,11274442,10
24389,11274442,30
24390,1609,500000
24391,11274442,10
24392,11274442,50
24393,11274442,20
24394,11274442,30
24395,11274442,10
24396,11274442,10
24397,11274442,40
24398,11274442,40
24399,11274442,30
24400,11274442,20
24401,85985806,0
24402,11274442,30
24403,11274442,60
24404,1063997,9580
24405,11274442,30
24406,11274442,10
24407,11274442,20
24408,11274442,40
24409,11274442,10
24410,11274442,30
24411,11274442,40
24412,11274442,20
24413,1063997,16520
24414,11274442,10
24415,11274442,40
24416,11274442,40
24417,11274442,20
24418,11274442,20
24419,11274442,10
24420,11274442,20
24421,11274442,10
24422,11274442,40
24423,11274442,40
24424,11274442,20
24425,11274442,20
24426,11274442,30
24427,11274442,30
24428,11274442,80
24429,11274442,50
24430,85985806,0
24431,11274442,20
24432,11274442,20
24433,11274442,20
24434,11274442,20
24435,11274442,70
24436,11274442,80
24437,11274442,30
24438,11274442,50
24439,1609,500000
24440,11274442,20
24441,85985806,0
24442,11274442,30
24443,11274442,10
24444,11274442,30
24445,11274442,30
24446,85985806,0
24447,11274442,50
24448,11274442,40
24449,11274442,50
24450,11274442,150
24451,11274442,30
24452,11274442,10
24453,11274442,40
24454,11274442,50
24455,11274442,20
24456,11274442,10
24457,11274442,70
24458,11274442,30
24459,11274442,30
24460,1063997,9110
24461,11274442,10
24462,11274442,20
24463,11274442,30
24464,11274442,10
24465,11274442,20
24466,11274442,10
24467,11274442,60
24468,11274442,30
24469,11274442,40
24470,11274442,30
24471,11274442,70
24472,11274442,40
24473,11274442,40
24474,11274442,20
24475,11274442,10
24476,11274442,20
24477,11274442,40
24478,11274442,20
24479,11274442,40
24480,11274442,30
24481,11274442,10
24482,11274442,140
24483,11274442,10
24484,11274442,220
24485,1063997,6070
24486,11274442,40
24487,1063997,6980
24488,1063997,6340
24489,11274442,30
24490,11274442,10
24491,11274442,10
24492,11274442,30
24493,11274442,20
24494,11274442,10
24495,11274442,20
24496,11274442,10
24497,11274442,150
24498,11274442,30
24499,11274442,10
24500,11274442,30
24501,11274442,30
24502,11274442,30
24503,11274442,30
24504,11274442,60
24505,11274442,20
24506,1609,500000
24507,11274442,20
24508,11274442,30
24509,11274442,30
24510,11274442,40
24511,11274442,20
24512,11274442,30
24513,11274442,20
24514,1609,500000
24515,11274442,40
24516,11274442,10
24517,11274442,30
24518,11274442,30
24519,11274442,10
24520,11274442,20
24521,11274442,80
24522,1609,500000
24523,11274442,40
24524,11274442,20
24525,1063997,6650
24526,11274442,90
24527,11274442,30
24528,11274442,30
24529,11274442,10
24530,1609,500000
24531,11274442,40
24532,11274442,30
24533,11274442,50
24534,11274442,20
24535,11274442,10
24536,11274442,50
24537,1063997,6360
24538,11274442,20
24539,11274442,10
24540,11274442,10
24541,11274442,20
24542,11274442,30
24543,11274442,20
24544,11274442,10
24545,11274442,30
24546,11274442,20
24547,11274442,30
24548,11274442,20
24549,11274442,110
24550,11274442,20
24551,11274442,10
24552,11274442,30
24553,1063997,10160
24554,11274442,30
24555,11274442,40
24556,1609,500000
24557,11274442,30
24558,85985806,0
24559,11274442,50
24560,11274442,40
24561,11274442,10
24562,11274442,40
24563,1609,500000
24564,11274442,80
24565,11274442,110
24566,11274442,20
24567,11274442,30
24568,11274442,30
24569,11274442,10
24570,11274442,50
24571,11274442,40
24572,11274442,10
24573,11274442,50
24574,11274442,30
24575,11274442,70
24576,11274442,40
24577,1063997,7540
24578,11274442,50
24579,11274442,20
24580,11274442,20
24581,11274442,40
24582,1609,500000
24583,11274442,40
24584,11274442,40
24585,11274442,10
24586,11274442,20
24587,11274442,40
24588,11274442,20
24589,11274442,30
24590,11274442,20
24591,11274442,40
24592,11274442,50
24593,11274442,80
24594,11274442,30
24595,11274442,20
24596,11274442,20
24597,1609,500000
24598,11274442,110
24599,11274442,10
24600,11274442,20
24601,1063997,8600
24602,11274442,20
24603,11274442,10
24604,11274442,20
24605,11274442,110
24606,11274442,10
24607,11274442,20
24608,11274442,50
24609,11274442,10
24610,1063997,12030
24611,11274442,10
24612,11274442,10
24613,11274442,20
24614,11274442,80
24615,11274442,20
24616,1609,500000
24617,11274442,10
24618,11274442,30
24619,11274442,60
24620,11274442,10
24621,11274442,40
24622,11274442,20
24623,11274442,30
24624,11274442,10
24625,11274442,40
24626,11274442,50
24627,11274442,20
24628,11274442,70
24629,11274442,20
24630,11274442,10
24631,11274442,20
24632,11274442,40
24633,1609,500000
24634,11274442,30
24635,11274442,30
24636,11274442,40
24637,11274442,60
24638,11274442,20
24639,1063997,11000
24640,11274442,60
24641,11274442,10
24642,11274442,10
24643,1063997,13350
24644,11274442,20
24645,11274442,80
24646,1063997,11340
24647,11274442,20
24648,11274442,10
24649,11274442,10
24650,11274442,20
24651,11274442,30
24652,11274442,20
24653,11274442,20
24654,11274442,40
24655,1609,500000
24656,11274442,70
24657,11274442,150
24658,11274442,50
24659,1063997,20760
24660,11274442,40
24661,11274442,10
24662,11274442,110
24663,11274442,10
24664,11274442,30
24665,11274442,80
24666,85985806,0
24667,11274442,70
24668,11274442,30
24669,11274442,30
24670,1063997,9990
24671,11274442,20
24672,11274442,20
24673,1063997,9950
24674,11274442,30
24675,11274442,70
24676,1609,500000
24677,11274442,30
24678,11274442,30
24679,11274442,10
24680,11274442,20
24681,11274442,20
24682,11274442,30
24683,11274442,50
24684,1063997,5760
24685,1063997,7830
24686,11274442,10
24687,11274442,30
24688,1063997,9830
24689,11274442,40
24690,11274442,10
24691,11274442,50
24692,11274442,90
24693,11274442,10
24694,11274442,20
24695,11274442,30
24696,11274442,10
24697,1609,500000
24698,11274442,20
24699,11274442,60
24700,11274442,60
24701,11274442,20
24702,11274442,50
24703,11274442,30
24704,11274442,10
24705,11274442,10
24706,11274442,60
24707,11274442,20
24708,11274442,30
24709,11274442,40
24710,11274442,20
24711,11274442,10
24712,11274442,20
24713,11274442,60
24714,11274442,20
24715,11274442,40
24716,11274442,40
24717,11274442,60
24718,11274442,20
24719,11274442,40
24720,11274442,40
24721,11274442,70
24722,11274442,30
24723,11274442,30
24724,11274442,30
24725,11274442,20
24726,11274442,30
24727,11274442,70
24728,11274442,40
24729,11274442,20
24730,1609,500000
24731,11274442,20
24732,11274442,30
24733,11274442,10
24734,11274442,30
24735,11274442,50
24736,11274442,30
24737,11274442,140
24738,11274442,30
24739,11274442,20
24740,11274442,10
24741,11274442,40
24742,1063997,7980
24743,11274442,30
24744,11274442,10
24745,1063997,7020
24746,11274442,20
24747,11274442,50
24748,11274442,30
24749,11274442,30
24750,11274442,60
24751,11274442,30
24752,11274442,210
24753,1063997,6780
24754,11274442,150
24755,11274442,150
24756,11274442,60
24757,1609,500000
24758,11274442,30
24759,11274442,40
24760,11274442,20
24761,11274442,90
24762,11274442,10
24763,11274442,50
24764,1063997,7520
24765,11274442,30
24766,1609,500000
24767,11274442,10
24768,11274442,30
24769,11274442,50
24770,11274442,40
24771,11274442,50
24772,11274442,20
24773,1609,500000
24774,11274442,30
24775,11274442,60
24776,11274442,30
24777,11274442,40
24778,11274442,110
24779,11274442,60
24780,11274442,60
24781,11274442,20
24782,11274442,10
24783,11274442,30
24784,11274442,20
24785,11274442,20
24786,11274442,20
24787,11274442,80
24788,11274442,10
24789,11274442,30
24790,11274442,30
24791,11274442,20
24792,1609,500000
24793,1609,500000
24794,1609,500000
24795,11274442,10
24796,11274442,20
24797,11274442,30
24798,85985806,0
24799,1063997,17240
24800,85985806,0
24801,11274442,10
24802,11274442,40
24803,1609,500000
24804,11274442,40
24805,11274442,10
24806,11274442,60
24807,11274442,20
24808,11274442,40
24809,11274442,20
24810,1609,500000
24811,11274442,10
24812,11274442,20
24813,11274442,20
24814,11274442,70
24815,11274442,100
24816,11274442,30
24817,11274442,30
24818,11274442,50
24819,11274442,110
24820,11274442,20
24821,11274442,10
24822,11274442,10
24823,11274442,20
24824,11274442,10
24825,11274442,10
24826,1609,500000
24827,1609,500000
24828,11274442,10
24829,11274442,60
24830,1609,500000
24831,11274442,30
24832,11274442,10
24833,1063997,8250
24834,11274442,20
24835,11274442,20
24836,85985806,0
24837,11274442,40
24838,11274442,10
24839,11274442,20
24840,11274442,20
24841,11274442,10
24842,11274442,40
24843,11274442,20
24844,11274442,50
24845,11274442,30
24846,11274442,30
24847,11274442,20
24848,11274442,20
24849,11274442,30
24850,11274442,20
24851,11274442,20
24852,11274442,40
24853,11274442,10
24854,11274442,120
24855,11274442,10
24856,11274442,10
24857,11274442,20
24858,11274442,40
24859,11274442,60
24860,11274442,30
24861,11274442,60
24862,1063997,10180
24863,11274442,80
24864,11274442,10
24865,11274442,40
24866,11274442,40
24867,1063997,24310
24868,11274442,20
24869,11274442,90
24870,11274442,50
24871,11274442,80
24872,1063997,7500
24873,11274442,60
24874,11274442,40
24875,11274442,30
24876,11274442,40
24877,11274442,40
24878,11274442,40
24879,11274442,10
24880,11274442,10
24881,11274442,20
24882,1609,500000
24883,1063997,5330
24884,11274442,100
24885,11274442,30
24886,1063997,12900
24887,85985806,0
24888,11274442,160
24889,11274442,10
24890,11274442,30
24891,11274442,40
24892,11274442,20
24893,11274442,10
24894,11274442,30
24895,11274442,10
24896,1063997,7320
24897,11274442,10
24898,11274442,20
24899,1063997,7040
24900,11274442,20
24901,11274442,30
24902,11274442,10
24903,1063997,13840
24904,1609,500000
24905,11274442,20
24906,1609,500000
24907,1609,500000
24908,11274442,30
24909,11274442,30
24910,11274442,40
24911,11274442,20
24912,11274442,20
24913,11274442,70
24914,11274442,10
24915,11274442,20
24916,11274442,30
24917,11274442,40
24918,11274442,20
24919,11274442,30
24920,11274442,20
24921,11274442,10
24922,11274442,30
24923,11274442,30
24924,11274442,40
24925,11274442,20
24926,11274442,400
24927,1609,500000
24928,11274442,20
24929,1063997,11480
24930,11274442,10
24931,11274442,40
24932,11274442,30
24933,1063997,8410
24934,11274442,20
24935,11274442,30
24936,11274442,90
24937,1609,500000
24938,11274442,10
24939,11274442,80
24940,11274442,10
24941,11274442,10
24942,1063997,8520
24943,11274442,10
24944,11274442,40
24945,11274442,30
24946,1063997,5140
24947,11274442,10
24948,11274442,10
24949,11274442,30
24950,11274442,30
24951,11274442,80
24952,11274442,10
24953,11274442,10
24954,11274442,150
24955,11274442,70
24956,11274442,30
24957,11274442,10
24958,11274442,70
24959,1609,500000
24960,11274442,60
24961,11274442,10
24962,1063997,26510
24963,11274442,110
24964,11274442,40
24965,11274442,10
24966,11274442,30
24967,1609,500000
24968,11274442,40
24969,11274442,40
24970,11274442,30
24971,11274442,50
24972,11274442,80
24973,11274442,60
24974,11274442,20
24975,11274442,20
24976,1063997,6420
24977,11274442,10
24978,11274442,50
24979,11274442,20
24980,11274442,70
24981,11274442,10
24982,11274442,110
24983,11274442,30
24984,11274442,30
24985,11274442,30
24986,1063997,8040
24987,11274442,30
24988,11274442,20
24989,11274442,20
24990,11274442,10
24991,11274442,30
24992,11274442,60
24993,11274442,60
24994,11274442,10
24995,11274442,20
24996,11274442,30
24997,11274442,10
24998,11274442,50
24999,11274442,50
25000,11274442,50
25001,11274442,20
25002,11274442,20
25003,11274442,30
25004,11274442,50
25005,11274442,30
25006,11274442,20
25007,11274442,40
25008,1609,500000
25009,1609,500000
25010,11274442,50
25011,11274442,120
25012,11274442,20
25013,1063997,12770
25014,11274442,40
25015,11274442,30
25016,11274442,30
25017,11274442,30
25018,11274442,10
25019,11274442,20
25020,11274442,10
25021,11274442,50
25022,11274442,30
25023,11274442,40
25024,11274442,80
25025,11274442,20
25026,11274442,60
25027,11274442,20
25028,11274442,30
25029,11274442,150
25030,1609,500000
25031,11274442,50
25032,11274442,30
25033,11274442,10
25034,11274442,40
25035,11274442,20
25036,11274442,50
25037,11274442,30
25038,11274442,10
25039,11274442,30
25040,11274442,10
25041,85985806,0
25042,11274442,90
25043,11274442,20
25044,11274442,40
25045,11274442,10
25046,11274442,20
25047,11274442,20
25048,11274442,10
25049,11274442,30
25050,11274442,30
25051,11274442,30
25052,1063997,10660
25053,11274442,10
25054,11274442,30
25055,11274442,40
25056,11274442,70
25057,11274442,30
25058,11274442,10
25059,11274442,20
25060,11274442,60
25061,11274442,50
25062,1609,500000
25063,1609,500000
25064,11274442,30
25065,11274442,30
25066,11274442,30
25067,11274442,40
25068,11274442,30
25069,1063997,4940
25070,11274442,30
25071,11274442,20
25072,11274442,80
25073,11274442,120
25074,11274442,20
25075,11274442,30
25076,11274442,60
25077,1063997,5760
25078,1063997,14680
25079,11274442,30
25080,11274442,30
25081,11274442,40
25082,11274442,60
25083,11274442,20
25084,11274442,30
25085,11274442,60
25086,11274442,30
25087,11274442,60
25088,11274442,80
25089,11274442,10
25090,11274442,20
25091,11274442,40
25092,11274442,10
25093,11274442,110
25094,11274442,10
25095,11274442,30
25096,11274442,20
25097,11274442,20
25098,11274442,30
25099,11274442,20
25100,11274442,20
25101,1063997,33760
25102,11274442,290
25103,11274442,30
25104,11274442,60
25105,11274442,30
25106,11274442,20
25107,11274442,10
25108,11274442,20
25109,11274442,40
25110,11274442,30
25111,11274442,30
25112,11274442,40
25113,11274442,80
25114,11274442,30
25115,11274442,150
25116,11274442,30
25117,11274442,40
25118,11274442,20
25119,11274442,20
25120,11274442,20
25121,1609,500000
25122,11274442,10
25123,11274442,40
25124,11274442,30
25125,11274442,30
25126,1063997,14460
25127,11274442,30
25128,11274442,10
25129,11274442,30
25130,11274442,30
25131,1609,500000
25132,11274442,50
25133,11274442,20
25134,11274442,10
25135,11274442,30
25136,11274442,60
25137,11274442,20
25138,1063997,7800
25139,11274442,80
25140,11274442,20
25141,11274442,110
25142,11274442,10
25143,11274442,40
25144,85985806,0
25145,11274442,10
25146,11274442,10
25147,11274442,20
25148,11274442,10
25149,11274442,150
25150,11274442,50
25151,11274442,30
25152,11274442,10
25153,11274442,20
25154,11274442,20
25155,85985806,0
25156,11274442,20
25157,11274442,110
25158,85985806,0
25159,11274442,30
25160,11274442,40
25161,1609,500000
25162,11274442,30
25163,1609,500000
25164,11274442,20
25165,11274442,60
25166,1063997,5330
25167,11274442,20
25168,11274442,20
25169,11274442,20
25170,11274442,60
25171,11274442,20
25172,11274442,10
25173,11274442,20
25174,11274442,30
25175,11274442,40
25176,11274442,30
25177,11274442,40
25178,11274442,30
25179,1063997,8940
25180,11274442,20
25181,11274442,40
25182,11274442,10
25183,11274442,40
25184,11274442,10
25185,11274442,60
25186,85985806,0
25187,11274442,10
25188,1609,500000
25189,11274442,30
25190,11274442,70
25191,11274442,40
25192,11274442,50
25193,11274442,80
25194,1609,500000
25195,11274442,10
25196,1609,500000
25197,11274442,20
25198,11274442,60
25199,11274442,20
25200,1609,500000
25201,11274442,30
25202,11274442,40
25203,11274442,20
25204,1063997,7270
25205,11274442,150
25206,11274442,20
25207,11274442,20
25208,11274442,30
25209,11274442,10
25210,11274442,10
25211,11274442,50
25212,11274442,30
25213,11274442,60
25214,11274442,30
25215,11274442,50
25216,1063997,31540
25217,1609,500000
25218,11274442,80
25219,11274442,20
25220,11274442,20
25221,11274442,30
25222,11274442,10
25223,11274442,10
25224,11274442,30
25225,1063997,9640
25226,11274442,30
25227,85985806,0
25228,11274442,40
25229,11274442,20
25230,11274442,30
25231,11274442,30
25232,11274442,20
25233,11274442,20
25234,1609,500000
25235,11274442,30
25236,11274442,30
25237,11274442,30
25238,11274442,40
25239,11274442,10
25240,11274442,50
25241,11274442,20
25242,11274442,20
25243,11274442,20
25244,11274442,20
25245,11274442,20
25246,11274442,40
25247,11274442,30
25248,11274442,80
25249,11274442,50
25250,11274442,60
25251,11274442,30
25252,11274442,10
25253,1063997,6460
25254,11274442,150
25255,1063997,10230
25256,11274442,20
25257,11274442,70
25258,11274442,10
25259,11274442,50
25260,11274442,20
25261,11274442,10
25262,11274442,40
25263,1609,500000
25264,11274442,30
25265,1063997,6030
25266,11274442,50
25267,11274442,30
25268,11274442,10
25269,11274442,20
25270,11274442,30
25271,11274442,20
25272,11274442,20
25273,11274442,40
25274,11274442,80
25275,11274442,20
25276,11274442,10
25277,11274442,20
25278,11274442,70
25279,11274442,30
25280,11274442,30
25281,11274442,10
25282,11274442,10
25283,11274442,50
25284,1063997,9310
25285,1609,500000
25286,11274442,80
25287,11274442,100
25288,11274442,10
25289,1063997,8140
25290,11274442,30
25291,11274442,50
25292,11274442,10
25293,11274442,70
25294,11274442,60
25295,11274442,30
25296,11274442,20
25297,11274442,20
25298,11274442,20
25299,1063997,19170
25300,11274442,10
25301,11274442,50
25302,11274442,20
25303,11274442,50
25304,11274442,20
25305,11274442,20
25306,11274442,30
25307,11274442,40
25308,11274442,20
25309,11274442,40
25310,11274442,10
25311,1609,500000
25312,11274442,30
25313,11274442,30
25314,11274442,30
25315,11274442,10
25316,11274442,20
25317,11274442,100
25318,11274442,10
25319,11274442,60
25320,1063997,9610
25321,1609,500000
25322,11274442,10
25323,11274442,30
25324,11274442,30
25325,11274442,30
25326,11274442,50
25327,1609,500000
25328,11274442,10
25329,11274442,20
25330,11274442,20
25331,11274442,60
25332,11274442,10
25333,11274442,50
25334,11274442,30
25335,11274442,20
25336,1063997,8360
25337,11274442,30
25338,11274442,210
25339,1063997,10400
25340,1609,500000
25341,11274442,30
25342,11274442,30
25343,11274442,50
25344,11274442,10
25345,11274442,20
25346,11274442,10
25347,11274442,40
25348,11274442,10
25349,11274442,40
25350,11274442,20
25351,11274442,40
25352,11274442,30
25353,11274442,110
25354,11274442,50
25355,1609,500000
25356,1063997,4860
25357,11274442,10
25358,1609,500000
25359,11274442,50
25360,11274442,30
25361,11274442,10
25362,1609,500000
25363,11274442,30
25364,1609,500000
25365,11274442,20
25366,1609,500000
25367,11274442,10
25368,11274442,20
25369,11274442,20
25370,11274442,30
25371,11274442,10
25372,11274442,10
25373,11274442,40
25374,11274442,40
25375,11274442,40
25376,11274442,40
25377,11274442,40
25378,11274442,10
25379,11274442,10
25380,11274442,30
25381,11274442,20
25382,11274442,10
25383,11274442,10
25384,85985806,0
25385,11274442,60
25386,11274442,60
25387,1063997,6920
25388,11274442,60
25389,11274442,20
25390,11274442,20
25391,1063997,12750
25392,11274442,10
25393,11274442,90
25394,1063997,5890
25395,11274442,40
25396,11274442,20
25397,11274442,20
25398,1063997,6040
25399,11274442,20
25400,11274442,30
25401,11274442,40
25402,1063997,8170
25403,11274442,40
25404,11274442,30
25405,11274442,10
25406,11274442,30
25407,11274442,110
25408,11274442,20
25409,85985806,0
25410,11274442,60
25411,11274442,10
25412,11274442,30
25413,11274442,40
25414,11274442,10
25415,11274442,60
25416,1609,500000
25417,1063997,9110
25418,11274442,20
25419,11274442,30
25420,11274442,20
25421,11274442,10
25422,11274442,40
25423,11274442,50
25424,11274442,20
25425,11274442,10
25426,11274442,60
25427,11274442,10
25428,11274442,20
25429,11274442,20
25430,11274442,30
25431,11274442,40
25432,1063997,11570
25433,11274442,10
25434,11274442,40
25435,11274442,20
25436,11274442,30
25437,1063997,8710
25438,1609,500000
25439,11274442,50
25440,11274442,10
25441,1609,500000
25442,11274442,30
25443,11274442,30
25444,1063997,29160
25445,11274442,50
25446,1063997,5260
25447,11274442,40
25448,11274442,10
25449,11274442,20
25450,1063997,10040
25451,11274442,10
25452,11274442,10
25453,11274442,40
25454,11274442,30
25455,11274442,20
25456,11274442,70
25457,11274442,10
25458,1609,500000
25459,11274442,20
25460,11274442,30
25461,11274442,10
25462,11274442,60
25463,11274442,20
25464,11274442,110
25465,11274442,40
25466,11274442,40
25467,11274442,10
25468,11274442,60
25469,11274442,30
25470,11274442,10
25471,11274442,40
25472,11274442,30
25473,11274442,30
25474,1609,500000
25475,11274442,20
25476,11274442,20
25477,1063997,6760
25478,11274442,30
25479,11274442,20
25480,1609,500000
25481,11274442,30
25482,11274442,10
25483,11274442,30
25484,11274442,30
25485,11274442,20
25486,1063997,6090
25487,11274442,10
25488,85985806,0
25489,11274442,50
25490,11274442,20
25491,11274442,30
25492,11274442,30
25493,1063997,10970
25494,11274442,60
25495,11274442,30
25496,1063997,10000
25497,11274442,50
25498,11274442,110
25499,11274442,40
25500,11274442,20
25501,11274442,10
25502,11274442,40
25503,11274442,50
25504,11274442,20
25505,11274442,20
25506,11274442,40
25507,11274442,10
25508,11274442,60
25509,11274442,40
25510,11274442,30
25511,11274442,50
25512,11274442,10
25513,85985806,0
25514,1609,500000
25515,11274442,10
25516,11274442,110
25517,11274442,30
25518,1609,500000
25519,11274442,10
25520,11274442,10
25521,11274442,60
25522,11274442,10
25523,11274442,30
25524,11274442,10
25525,11274442,110
25526,1609,500000
25527,1609,500000
25528,11274442,30
25529,11274442,50
25530,11274442,60
25531,11274442,10
25532,11274442,40
25533,85985806,0
25534,11274442,40
25535,11274442,20
25536,11274442,30
25537,11274442,20
25538,11274442,40
25539,11274442,20
25540,11274442,20
25541,1063997,7030
25542,11274442,50
25543,1063997,19000
25544,11274442,10
25545,11274442,10
25546,11274442,10
25547,11274442,10
25548,1609,500000
25549,11274442,20
25550,11274442,110
25551,11274442,60
25552,11274442,40
25553,11274442,20
25554,85985806,0
25555,11274442,20
25556,11274442,20
25557,11274442,40
25558,11274442,20
25559,11274442,30
25560,11274442,60
25561,1609,500000
25562,11274442,30
25563,11274442,20
25564,11274442,30
25565,11274442,20
25566,1609,500000
25567,11274442,50
25568,11274442,40
25569,11274442,30
25570,11274442,10
25571,11274442,10
25572,11274442,30
25573,11274442,20
25574,11274442,20
25575,11274442,10
25576,11274442,10
25577,11274442,20
25578,11274442,30
25579,11274442,10
25580,11274442,210
25581,11274442,10
25582,11274442,30
25583,11274442,10
25584,11274442,10
25585,85985806,0
25586,11274442,10
25587,11274442,50
25588,11274442,40
25589,11274442,50
25590,11274442,30
25591,11274442,60
25592,11274442,20
25593,1609,500000
25594,11274442,30
25595,11274442,10
25596,11274442,30
25597,11274442,20
25598,11274442,20
25599,1063997,5390
25600,11274442,10
25601,1609,500000
25602,11274442,10
25603,11274442,10
25604,11274442,30
25605,11274442,40
25606,11274442,20
25607,11274442,20
25608,11274442,70
25609,85985806,0
25610,11274442,10
25611,11274442,150
25612,11274442,20
25613,1063997,9160
25614,11274442,20
25615,1609,500000
25616,11274442,30
25617,11274442,10
25618,11274442,10
25619,11274442,80
25620,1609,500000
25621,11274442,80
25622,11274442,10
25623,11274442,30
25624,11274442,10
25625,11274442,20
25626,1063997,7740
25627,11274442,10
25628,11274442,20
25629,11274442,110
25630,11274442,30
25631,1609,500000
25632,11274442,30
25633,11274442,30
25634,11274442,10
25635,11274442,30
25636,11274442,60
25637,11274442,120
25638,11274442,40
25639,11274442,10
25640,1063997,7330
25641,11274442,10
25642,11274442,20
25643,11274442,40
25644,11274442,20
25645,1609,500000
25646,11274442,10
25647,11274442,10
25648,1609,500000
25649,11274442,20
25650,11274442,50
25651,11274442,30
25652,1063997,6610
25653,11274442,20
25654,1609,500000
25655,11274442,20
25656,11274442,10
25657,11274442,20
25658,11274442,140
25659,11274442,30
25660,11274442,40
25661,11274442,130
25662,11274442,10
25663,11274442,40
25664,11274442,20
25665,11274442,60
25666,11274442,10
25667,11274442,50
25668,11274442,20
25669,11274442,10
25670,11274442,10
25671,11274442,10
25672,11274442,30
25673,11274442,20
25674,11274442,40
25675,11274442,50
25676,11274442,80
25677,11274442,30
25678,11274442,10
25679,11274442,30
25680,11274442,40
25681,1609,500000
25682,11274442,10
25683,11274442,10
25684,11274442,10
25685,11274442,20
25686,11274442,30
25687,11274442,50
25688,11274442,10
25689,11274442,20
25690,11274442,20
25691,11274442,30
25692,1063997,6860
25693,11274442,10
25694,11274442,30
25695,11274442,20
25696,11274442,20
25697,1063997,6140
25698,1609,500000
25699,11274442,30
25700,11274442,20
25701,11274442,50
25702,11274442,10
25703,11274442,20
25704,11274442,40
25705,11274442,70
25706,11274442,150
25707,11274442,50
25708,11274442,20
25709,11274442,10
25710,11274442,30
25711,11274442,10
25712,11274442,10
25713,11274442,10
25714,11274442,30
25715,11274442,30
25716,11274442,10
25717,11274442,20
25718,11274442,20
25719,11274442,10
25720,11274442,30
25721,11274442,10
25722,11274442,100
25723,11274442,10
25724,11274442,10
25725,11274442,110
25726,11274442,30
25727,11274442,60
25728,11274442,20
25729,11274442,20
25730,1609,500000
25731,11274442,10
25732,11274442,50
25733,11274442,20
25734,1063997,19210
25735,11274442,20
25736,11274442,40
25737,11274442,60
25738,11274442,20
25739,11274442,20
25740,1609,500000
25741,11274442,30
25742,1609,500000
25743,11274442,50
25744,85985806,0
25745,1609,500000
25746,85985806,0
25747,11274442,10
25748,11274442,30
25749,11274442,20
25750,11274442,40
25751,11274442,10
25752,11274442,150
25753,11274442,80
25754,11274442,20
25755,1609,500000
25756,11274442,10
25757,11274442,60
25758,11274442,10
25759,11274442,20
25760,11274442,30
25761,11274442,40
25762,11274442,20
25763,1063997,9550
25764,11274442,90
25765,11274442,30
25766,11274442,10
25767,1609,500000
25768,11274442,60
25769,1609,500000
25770,11274442,10
25771,11274442,60
25772,11274442,80
25773,11274442,80
25774,11274442,40
25775,11274442,30
25776,11274442,90
25777,11274442,40
25778,11274442,30
25779,1063997,10230
25780,11274442,160
25781,1063997,17700
25782,11274442,150
25783,11274442,20
25784,11274442,10
25785,11274442,70
25786,11274442,20
25787,11274442,10
25788,11274442,80
25789,11274442,20
25790,11274442,10
25791,11274442,20
25792,11274442,30
25793,11274442,30
25794,11274442,30
25795,11274442,10
25796,11274442,30
25797,11274442,20
25798,11274442,30
25799,1609,500000
25800,11274442,20
25801,11274442,10
25802,11274442,10
25803,11274442,20
25804,11274442,20
25805,1063997,8710
25806,11274442,20
25807,11274442,30
25808,85985806,0
25809,11274442,30
25810,11274442,20
25811,11274442,30
25812,11274442,30
25813,11274442,30
25814,11274442,70
25815,1609,500000
25816,11274442,30
25817,11274442,60
25818,11274442,40
25819,11274442,10
25820,11274442,10
25821,11274442,20
25822,11274442,40
25823,11274442,20
25824,1609,500000
25825,11274442,20
25826,11274442,40
25827,11274442,50
25828,1609,500000
25829,11274442,10
25830,11274442,20
25831,1063997,12110
25832,11274442,10
25833,1063997,7910
25834,11274442,10
25835,85985806,0
25836,11274442,60
25837,1063997,5320
25838,1063997,8650
25839,11274442,60
25840,1609,500000
25841,11274442,60
25842,11274442,40
25843,11274442,20
25844,11274442,20
25845,11274442,10
25846,11274442,30
25847,11274442,40
25848,11274442,40
25849,11274442,30
25850,11274442,50
25851,11274442,20
25852,11274442,40
25853,11274442,80
25854,11274442,10
25855,11274442,40
25856,11274442,60
25857,1063997,12560
25858,11274442,40
25859,11274442,30
25860,1609,500000
25861,11274442,80
25862,11274442,40
25863,1609,500000
25864,11274442,110
25865,11274442,20
25866,11274442,20
25867,11274442,30
25868,1609,500000
25869,1063997,5460
25870,11274442,40
25871,11274442,60
25872,11274442,10
25873,11274442,10
25874,1063997,12600
25875,11274442,80
25876,11274442,30
25877,11274442,50
25878,11274442,50
25879,11274442,30
25880,11274442,20
25881,11274442,30
25882,11274442,40
25883,11274442,20
25884,11274442,30
25885,11274442,20
25886,11274442,10
25887,1063997,23820
25888,11274442,90
25889,11274442,40
25890,11274442,10
25891,11274442,110
25892,11274442,30
25893,11274442,20
25894,11274442,20
25895,11274442,10
25896,11274442,10
25897,11274442,20
25898,11274442,10
25899,1063997,11210
25900,11274442,20
25901,11274442,30
25902,11274442,10
25903,11274442,40
25904,11274442,20
25905,1609,500000
25906,11274442,20
25907,11274442,20
25908,11274442,140
25909,11274442,40
25910,11274442,30
25911,11274442,40
25912,11274442,20
25913,11274442,10
25914,1063997,7570
25915,11274442,10
25916,1609,500000
25917,11274442,10
25918,11274442,60
25919,11274442,10
25920,11274442,70
25921,11274442,20
25922,11274442,20
25923,11274442,60
25924,11274442,20
25925,1063997,7160
25926,11274442,20
25927,11274442,10
25928,11274442,20
25929,1609,500000
25930,11274442,60
25931,11274442,10
25932,1063997,11570
25933,11274442,20
25934,11274442,30
25935,11274442,60
25936,11274442,40
25937,11274442,10
25938,11274442,50
25939,11274442,30
25940,11274442,40
25941,11274442,60
25942,11274442,30
25943,1609,500000
25944,11274442,30
25945,11274442,20
25946,11274442,50
25947,11274442,30
25948,1609,500000
25949,11274442,20
25950,11274442,50
25951,11274442,20
25952,11274442,30
25953,11274442,20
25954,11274442,10
25955,11274442,60
25956,11274442,110
25957,11274442,30
25958,11274442,20
25959,11274442,150
25960,11274442,20
25961,1063997,8980
25962,11274442,30
25963,11274442,70
25964,11274442,70
25965,11274442,10
25966,11274442,20
25967,11274442,10
25968,1609,500000
25969,11274442,30
25970,1609,500000
25971,11274442,40
25972,11274442,10
25973,11274442,10
25974,11274442,20
25975,11274442,50
25976,11274442,30
25977,11274442,10
25978,11274442,20
25979,11274442,20
25980,11274442,40
25981,11274442,60
25982,1063997,5790
25983,11274442,40
25984,11274442,40
25985,11274442,20
25986,11274442,30
25987,11274442,10
25988,11274442,30
25989,11274442,40
25990,11274442,80
25991,11274442,10
25992,11274442,40
25993,11274442,10
25994,11274442,70
25995,1063997,5650
25996,11274442,20
25997,11274442,20
25998,11274442,10
25999,11274442,30
26000,11274442,30
26001,11274442,10
26002,11274442,60
26003,11274442,90
26004,11274442,30
26005,11274442,20
26006,11274442,20
26007,11274442,30
26008,1609,500000
26009,11274442,10
26010,11274442,20
26011,11274442,30
26012,11274442,30
26013,11274442,30
26014,11274442,130
26015,11274442,50
26016,11274442,20
26017,1609,500000
26018,11274442,10
26019,11274442,10
26020,11274442,20
26021,11274442,10
26022,11274442,20
26023,1609,500000
26024,11274442,50
26025,1063997,9770
26026,1063997,7240
26027,1063997,28620
26028,11274442,10
26029,11274442,60
26030,11274442,30
26031,11274442,50
26032,1609,500000
26033,1063997,19950
26034,11274442,20
26035,11274442,10
26036,11274442,20
26037,11274442,50
26038,11274442,20
26039,11274442,70
26040,11274442,10
26041,11274442,20
26042,11274442,10
26043,11274442,10
26044,11274442,30
26045,11274442,20
26046,11274442,70
26047,11274442,10
26048,1063997,10820
26049,11274442,50
26050,11274442,50
26051,11274442,50
26052,11274442,20
26053,11274442,20
26054,11274442,30
26055,1063997,7440
26056,11274442,60
26057,11274442,10
26058,11274442,20
26059,11274442,30
26060,11274442,80
26061,1609,500000
26062,11274442,20
26063,11274442,10
26064,11274442,80
26065,11274442,30
26066,11274442,20
26067,11274442,30
26068,11274442,30
26069,1063997,12360
26070,11274442,30
26071,11274442,20
26072,11274442,30
26073,11274442,30
26074,11274442,50
26075,11274442,30
26076,11274442,20
26077,11274442,20
26078,11274442,20
26079,11274442,60
26080,11274442,50
26081,11274442,10
26082,11274442,40
26083,1063997,9250
26084,11274442,30
26085,11274442,20
26086,11274442,20
26087,11274442,20
26088,11274442,20
26089,11274442,60
26090,11274442,30
26091,1609,500000
26092,11274442,30
26093,11274442,20
26094,11274442,110
26095,11274442,20
26096,11274442,10
26097,11274442,30
26098,1609,500000
26099,11274442,50
26100,11274442,30
26101,11274442,10
26102,11274442,20
26103,11274442,10
26104,11274442,40
26105,1609,500000
26106,11274442,20
26107,11274442,50
26108,11274442,20
26109,11274442,10
26110,11274442,20
26111,11274442,20
26112,11274442,30
26113,11274442,10
26114,11274442,30
26115,11274442,90
26116,11274442,10
26117,11274442,50
26118,11274442,30
26119,11274442,70
26120,11274442,10
26121,11274442,30
26122,1609,500000
26123,11274442,20
26124,85985806,0
26125,1609,500000
26126,11274442,10
26127,11274442,20
26128,11274442,30
26129,11274442,160
26130,11274442,40
26131,11274442,20
26132,1609,500000
26133,1609,500000
26134,11274442,30
26135,1609,500000
26136,11274442,20
26137,11274442,40
26138,11274442,20
26139,11274442,30
26140,1063997,8570
26141,85985806,0
26142,11274442,10
26143,11274442,30
26144,11274442,70
26145,11274442,30
26146,11274442,10
26147,11274442,50
26148,11274442,30
26149,11274442,30
26150,11274442,40
26151,1063997,9590
26152,11274442,20
26153,11274442,50
26154,11274442,40
26155,11274442,20
26156,11274442,20
26157,11274442,20
26158,11274442,20
26159,11274442,30
26160,11274442,10
26161,85985806,0
26162,11274442,40
26163,11274442,20
26164,11274442,20
26165,11274442,150
26166,11274442,80
26167,11274442,110
26168,11274442,30
26169,11274442,10
26170,1063997,7990
26171,11274442,20
26172,11274442,20
26173,11274442,10
26174,11274442,20
26175,11274442,30
26176,11274442,20
26177,11274442,20
26178,11274442,30
26179,11274442,30
26180,1063997,8300
26181,11274442,20
26182,11274442,50
26183,11274442,70
26184,11274442,20
26185,11274442,40
26186,11274442,10
26187,11274442,40
26188,11274442,20
26189,11274442,30
26190,11274442,10
26191,11274442,30
26192,11274442,210
26193,11274442,10
26194,11274442,20
26195,11274442,20
26196,11274442,40
26197,11274442,150
26198,11274442,100
26199,11274442,20
26200,1063997,7310
26201,11274442,30
26202,11274442,10
26203,11274442,110
26204,11274442,10
26205,11274442,20
26206,11274442,300
26207,11274442,50
26208,11274442,70
26209,11274442,10
26210,11274442,40
26211,11274442,30
26212,11274442,30
26213,11274442,50
26214,1609,500000
26215,11274442,50
26216,11274442,10
26217,11274442,50
26218,1063997,31230
26219,11274442,10
26220,85985806,0
26221,1609,500000
26222,11274442,30
26223,11274442,30
26224,11274442,30
26225,11274442,20
26226,11274442,10
26227,11274442,40
26228,11274442,150
26229,11274442,10
26230,11274442,40
26231,11274442,20
26232,1609,500000
26233,1609,500000
26234,11274442,20
26235,11274442,150
26236,11274442,10
26237,11274442,130
26238,11274442,10
26239,11274442,30
26240,11274442,30
26241,11274442,210
26242,11274442,20
26243,11274442,50
26244,11274442,20
26245,11274442,40
26246,11274442,30
26247,11274442,30
26248,11274442,20
26249,11274442,60
26250,11274442,40
26251,11274442,10
26252,11274442,30
26253,11274442,50
26254,11274442,60
26255,1063997,9930
26256,11274442,110
26257,11274442,20
26258,11274442,40
26259,11274442,80
26260,11274442,20
26261,11274442,30
26262,11274442,20
26263,11274442,30
26264,11274442,20
26265,11274442,40
26266,11274442,30
26267,85985806,0
26268,1063997,5420
26269,85985806,0
26270,11274442,10
26271,11274442,10
26272,11274442,10
26273,11274442,10
26274,1609,500000
26275,11274442,40
26276,11274442,20
26277,11274442,60
26278,11274442,30
26279,11274442,30
26280,11274442,40
26281,11274442,10
26282,11274442,10
26283,11274442,50
26284,11274442,20
26285,11274442,90
26286,1063997,12970
26287,11274442,20
26288,11274442,50
26289,11274442,10
26290,1063997,14160
26291,11274442,60
26292,11274442,30
26293,11274442,30
26294,11274442,20
26295,11274442,80
26296,11274442,30
26297,11274442,30
26298,11274442,40
26299,11274442,20
26300,1609,500000
26301,11274442,10
26302,11274442,60
26303,1063997,5150
26304,11274442,10
26305,11274442,90
26306,11274442,40
26307,11274442,80
26308,11274442,20
26309,11274442,50
26310,11274442,60
26311,11274442,20
26312,11274442,10
26313,11274442,20
26314,11274442,30
26315,11274442,20
26316,85985806,0
26317,11274442,20
26318,11274442,30
26319,11274442,40
26320,11274442,30
26321,11274442,10
26322,1609,500000
26323,1609,500000
26324,11274442,60
26325,11274442,150
26326,11274442,20
26327,11274442,20
26328,11274442,40
26329,11274442,10
26330,11274442,30
26331,11274442,40
26332,11274442,30
26333,11274442,10
26334,11274442,20
26335,11274442,30
26336,11274442,30
26337,11274442,20
26338,11274442,20
26339,11274442,40
26340,11274442,30
26341,85985806,0
26342,11274442,40
26343,11274442,40
26344,11274442,30
26345,11274442,30
26346,11274442,50
26347,11274442,40
26348,11274442,10
26349,11274442,10
26350,11274442,30
26351,11274442,30
26352,11274442,40
26353,11274442,10
26354,11274442,10
26355,11274442,10
26356,11274442,20
26357,11274442,10
26358,85985806,0
26359,11274442,20
26360,11274442,30
26361,11274442,10
26362,11274442,20
26363,1063997,6730
26364,11274442,10
26365,11274442,40
26366,1063997,8360
26367,1609,500000
26368,11274442,60
26369,1063997,10700
26370,11274442,20
26371,11274442,60
26372,11274442,10
26373,11274442,30
26374,85985806,0
26375,11274442,10
26376,11274442,40
26377,11274442,20
26378,11274442,150
26379,1609,500000
26380,11274442,40
26381,11274442,60
26382,11274442,30
26383,1063997,56080
26384,11274442,50
26385,11274442,60
26386,1609,500000
26387,11274442,30
26388,1609,500000
26389,11274442,10
26390,11274442,10
26391,11274442,20
26392,11274442,20
26393,11274442,10
26394,11274442,10
26395,11274442,20
26396,11274442,40
26397,11274442,40
26398,1609,500000
26399,11274442,30
26400,11274442,20
26401,11274442,70
26402,1063997,5190
26403,11274442,40
26404,11274442,10
26405,11274442,60
26406,11274442,20
26407,11274442,10
26408,11274442,50
26409,11274442,10
26410,11274442,60
26411,11274442,20
26412,11274442,10
26413,11274442,110
26414,11274442,70
26415,11274442,10
26416,11274442,50
26417,11274442,10
26418,85985806,0
26419,11274442,40
26420,11274442,20
26421,11274442,40
26422,11274442,30
26423,11274442,10
26424,11274442,30
26425,11274442,40
26426,11274442,30
26427,1063997,17360
26428,11274442,60
26429,11274442,30
26430,11274442,30
26431,11274442,30
26432,11274442,60
26433,11274442,10
26434,11274442,10
26435,11274442,30
26436,11274442,20
26437,11274442,20
26438,11274442,10
26439,1609,500000
26440,11274442,30
26441,11274442,20
26442,11274442,10
26443,11274442,10
26444,1609,500000
26445,11274442,10
26446,1609,500000
26447,11274442,50
26448,11274442,40
26449,11274442,10
26450,11274442,10
26451,11274442,90
26452,1609,500000
26453,11274442,60
26454,1063997,33110
26455,11274442,40
26456,11274442,20
26457,11274442,20
26458,11274442,30
26459,11274442,40
26460,1609,500000
26461,11274442,20
26462,1609,500000
26463,11274442,50
26464,11274442,10
26465,11274442,40
26466,11274442,20
26467,11274442,40
26468,11274442,20
26469,1609,500000
26470,11274442,20
26471,11274442,10
26472,11274442,20
26473,11274442,10
26474,11274442,40
26475,11274442,10
26476,11274442,10
26477,11274442,10
26478,11274442,30
26479,11274442,10
26480,11274442,20
26481,11274442,20
26482,11274442,30
26483,11274442,40
26484,11274442,30
26485,11274442,40
26486,11274442,30
26487,11274442,20
26488,11274442,20
26489,1609,500000
26490,11274442,10
26491,11274442,10
26492,11274442,10
26493,11274442,20
26494,11274442,30
26495,11274442,50
26496,11274442,60
26497,11274442,20
26498,11274442,30
26499,11274442,20
26500,1063997,6660
26501,11274442,40
26502,11274442,20
26503,11274442,20
26504,11274442,10
26505,11274442,20
26506,11274442,120
26507,11274442,20
26508,11274442,20
26509,11274442,30
26510,11274442,30
26511,11274442,20
26512,11274442,30
26513,11274442,30
26514,11274442,20
26515,11274442,20
26516,11274442,40
26517,11274442,20
26518,11274442,80
26519,11274442,20
26520,11274442,20
26521,11274442,20
26522,11274442,10
26523,1063997,6060
26524,1609,500000
26525,11274442,10
26526,1063997,31900
26527,11274442,40
26528,11274442,30
26529,11274442,10
26530,11274442,40
26531,11274442,110
26532,85985806,0
26533,1609,500000
26534,1063997,7810
26535,11274442,10
26536,11274442,70
26537,11274442,20
26538,11274442,50
26539,11274442,10
26540,11274442,50
26541,1063997,7870
26542,11274442,30
26543,11274442,90
26544,11274442,10
26545,11274442,30
26546,11274442,10
26547,11274442,40
26548,11274442,60
26549,1063997,11060
26550,11274442,20
26551,11274442,50
26552,1609,500000
26553,1609,500000
26554,11274442,50
26555,11274442,30
26556,11274442,90
26557,11274442,20
26558,11274442,40
26559,11274442,20
26560,11274442,10
26561,11274442,110
26562,11274442,30
26563,11274442,10
26564,11274442,30
26565,11274442,10
26566,11274442,110
26567,11274442,10
26568,1063997,16380
26569,11274442,10
26570,85985806,0
26571,11274442,20
26572,11274442,50
26573,11274442,30
26574,11274442,20
26575,11274442,70
26576,1609,500000
26577,11274442,20
26578,1609,500000
26579,11274442,60
26580,1609,500000
26581,11274442,20
26582,1063997,8960
26583,11274442,110
26584,11274442,150
26585,11274442,20
26586,11274442,30
26587,11274442,30
26588,11274442,40
26589,11274442,20
26590,11274442,20
26591,11274442,20
26592,11274442,20
26593,11274442,30
26594,11274442,10
26595,11274442,30
26596,11274442,10
26597,11274442,40
26598,11274442,40
26599,11274442,50
26600,11274442,30
26601,85985806,0
26602,11274442,30
26603,11274442,40
26604,11274442,50
26605,1609,500000
26606,11274442,150
26607,11274442,20
26608,1609,500000
26609,11274442,10
26610,1063997,7210
26611,1063997,10180
26612,11274442,10
26613,1063997,8190
26614,11274442,40
26615,11274442,30
26616,11274442,40
26617,11274442,20
26618,11274442,40
26619,11274442,90
26620,11274442,60
26621,11274442,10
26622,11274442,20
26623,11274442,60
26624,11274442,10
26625,11274442,150
26626,1609,500000
26627,11274442,30
26628,11274442,10
26629,11274442,10
26630,1063997,6190
26631,1063997,7250
26632,11274442,30
26633,11274442,10
26634,11274442,10
26635,11274442,10
26636,11274442,30
26637,11274442,50
26638,1063997,6950
26639,11274442,80
26640,11274442,20
26641,11274442,20
26642,11274442,10
26643,11274442,80
26644,85985806,0
26645,11274442,30
26646,11274442,60
26647,11274442,10
26648,11274442,20
26649,11274442,20
26650,1609,500000
26651,11274442,60
26652,11274442,30
26653,11274442,80
26654,11274442,20
26655,11274442,30
26656,11274442,10
26657,85985806,0
26658,11274442,10
26659,11274442,40
26660,11274442,50
26661,11274442,40
26662,11274442,20
26663,11274442,70
26664,11274442,40
26665,11274442,20
26666,1609,500000
26667,11274442,20
26668,11274442,10
26669,85985806,0
26670,11274442,60
26671,11274442,20
26672,11274442,30
26673,11274442,10
26674,11274442,20
26675,11274442,30
26676,11274442,10
26677,11274442,40
26678,11274442,140
26679,11274442,30
26680,11274442,30
26681,11274442,10
26682,11274442,20
26683,11274442,20
26684,11274442,10
26685,11274442,20
26686,11274442,20
26687,1609,500000
26688,11274442,50
26689,11274442,10
26690,11274442,20
26691,11274442,40
26692,11274442,10
26693,11274442,10
26694,11274442,10
26695,11274442,30
26696,11274442,10
26697,11274442,10
26698,11274442,20
26699,11274442,40
26700,11274442,60
26701,11274442,20
26702,11274442,20
26703,11274442,10
26704,11274442,10
26705,11274442,20
26706,11274442,20
26707,11274442,60
26708,11274442,50
26709,1063997,8840
26710,11274442,40
26711,11274442,20
26712,11274442,20
26713,11274442,20
26714,11274442,20
26715,11274442,30
26716,11274442,30
26717,11274442,10
26718,11274442,80
26719,11274442,10
26720,11274442,10
26721,11274442,20
26722,11274442,20
26723,11274442,60
26724,1609,500000
26725,11274442,20
26726,11274442,20
26727,1609,500000
26728,11274442,10
26729,11274442,50
26730,11274442,30
26731,11274442,10
26732,11274442,20
26733,1063997,5570
26734,11274442,40
26735,11274442,40
26736,11274442,20
26737,11274442,60
26738,11274442,40
26739,11274442,20
26740,11274442,50
26741,11274442,30
26742,11274442,10
26743,11274442,40
26744,11274442,10
26745,1063997,6850
26746,11274442,70
26747,11274442,50
26748,11274442,40
26749,11274442,20
26750,11274442,30
26751,11274442,20
26752,11274442,10
26753,11274442,80
26754,1063997,6800
26755,1609,500000
26756,11274442,60
26757,11274442,10
26758,11274442,10
26759,1063997,8350
26760,11274442,80
26761,11274442,50
26762,11274442,10
26763,11274442,20
26764,11274442,120
26765,11274442,50
26766,11274442,30
26767,11274442,30
26768,11274442,20
26769,11274442,20
26770,11274442,10
26771,11274442,20
26772,11274442,80
26773,1063997,9180
26774,11274442,20
26775,11274442,10
26776,11274442,150
26777,11274442,30
26778,1609,500000
26779,11274442,30
26780,11274442,20
26781,11274442,30
26782,11274442,10
26783,11274442,80
26784,85985806,0
26785,1063997,6810
26786,11274442,150
26787,11274442,20
26788,11274442,30
26789,1063997,6890
26790,11274442,20
26791,11274442,30
26792,1063997,8050
26793,11274442,10
26794,85985806,0
26795,11274442,10
26796,11274442,20
26797,11274442,10
26798,11274442,20
26799,11274442,10
26800,11274442,10
26801,11274442,130
26802,1063997,25570
26803,11274442,30
26804,11274442,30
26805,11274442,30
26806,11274442,40
26807,11274442,20
26808,11274442,40
26809,11274442,40
26810,1063997,7040
26811,11274442,50
26812,11274442,10
26813,1609,500000
26814,11274442,10
26815,11274442,60
26816,11274442,40
26817,11274442,30
26818,11274442,30
26819,1063997,6680
26820,11274442,30
26821,11274442,30
26822,1063997,5540
26823,11274442,70
26824,11274442,20
26825,1609,500000
26826,11274442,40
26827,11274442,40
26828,11274442,10
26829,11274442,20
26830,11274442,10
26831,11274442,10
26832,11274442,10
26833,11274442,100
26834,1063997,14370
26835,11274442,60
26836,11274442,20
26837,11274442,80
26838,11274442,50
26839,11274442,60
26840,1063997,10020
26841,11274442,10
26842,11274442,50
26843,1609,500000
26844,11274442,10
26845,11274442,50
26846,11274442,20
26847,11274442,40
26848,11274442,40
26849,1609,500000
26850,11274442,30
26851,11274442,40
26852,11274442,30
26853,11274442,40
26854,11274442,80
26855,1063997,28830
26856,11274442,60
26857,11274442,150
26858,1609,500000
26859,11274442,60
26860,11274442,110
26861,11274442,10
26862,11274442,20
26863,11274442,20
26864,11274442,20
26865,1063997,5860
26866,1609,500000
26867,11274442,20
26868,11274442,40
26869,11274442,20
26870,11274442,30
26871,11274442,20
26872,11274442,50
26873,11274442,10
26874,11274442,60
26875,11274442,10
26876,11274442,20
26877,11274442,70
26878,11274442,10
26879,11274442,30
26880,11274442,50
26881,85985806,0
26882,11274442,20
26883,11274442,30
26884,11274442,30
26885,11274442,40
26886,11274442,10
26887,1609,500000
26888,11274442,40
26889,11274442,80
26890,11274442,10
26891,11274442,30
26892,11274442,20
26893,11274442,40
26894,11274442,80
26895,11274442,10
26896,1609,500000
26897,85985806,0
26898,11274442,60
26899,11274442,30
26900,11274442,10
26901,11274442,30
26902,11274442,20
26903,11274442,70
26904,11274442,30
26905,11274442,50
26906,11274442,10
26907,11274442,10
26908,11274442,30
26909,11274442,40
26910,11274442,10
26911,11274442,60
26912,11274442,20
26913,11274442,10
26914,1609,500000
26915,11274442,30
26916,11274442,30
26917,11274442,20
26918,11274442,80
26919,11274442,60
26920,11274442,10
26921,11274442,60
26922,11274442,40
26923,11274442,10
26924,11274442,30
26925,11274442,30
26926,11274442,20
26927,11274442,30
26928,11274442,20
26929,11274442,60
26930,11274442,50
26931,11274442,10
26932,11274442,20
26933,11274442,20
26934,11274442,20
26935,11274442,40
26936,11274442,10
26937,11274442,10
26938,1063997,14130
26939,11274442,20
26940,11274442,20
26941,11274442,30
26942,11274442,10
26943,11274442,30
26944,11274442,210
26945,1063997,7550
26946,11274442,10
26947,11274442,30
26948,11274442,30
26949,11274442,30
26950,11274442,30
26951,11274442,10
26952,11274442,20
26953,11274442,20
26954,11274442,10
26955,11274442,80
26956,11274442,20
26957,11274442,30
26958,11274442,10
26959,11274442,30
26960,11274442,50
26961,11274442,10
26962,11274442,30
26963,1063997,23750
26964,11274442,70
26965,11274442,20
26966,11274442,20
26967,11274442,10
26968,11274442,20
26969,1063997,6200
26970,1609,500000
26971,11274442,80
26972,11274442,40
26973,11274442,20
26974,11274442,30
26975,11274442,150
26976,11274442,10
26977,1609,500000
26978,1609,500000
26979,1063997,8940
26980,1609,500000
26981,11274442,40
26982,11274442,10
26983,11274442,20
26984,11274442,30
26985,11274442,40
26986,11274442,20
26987,11274442,20
26988,11274442,20
26989,11274442,30
26990,1063997,8240
26991,11274442,20
26992,11274442,20
26993,11274442,50
26994,11274442,40
26995,1609,500000
26996,11274442,40
26997,1609,500000
26998,11274442,40
26999,11274442,30
27000,1609,500000
27001,11274442,40
27002,11274442,20
27003,1609,500000
27004,11274442,10
27005,11274442,60
27006,11274442,30
27007,11274442,80
27008,11274442,90
27009,11274442,30
27010,11274442,20
27011,11274442,50
27012,85985806,0
27013,11274442,40
27014,1063997,6610
27015,11274442,30
27016,11274442,10
27017,11274442,20
27018,11274442,30
27019,1609,500000
27020,1063997,11220
27021,11274442,30
27022,1609,500000
27023,11274442,20
27024,11274442,50
27025,11274442,10
27026,11274442,30
27027,1609,500000
27028,85985806,0
27029,11274442,20
27030,1609,500000
27031,11274442,10
27032,11274442,10
27033,85985806,0
27034,11274442,20
27035,11274442,50
27036,11274442,10
27037,1609,500000
27038,11274442,40
27039,11274442,30
27040,11274442,20
27041,11274442,30
27042,11274442,110
27043,11274442,40
27044,11274442,30
27045,11274442,20
27046,11274442,30
27047,1063997,9720
27048,1609,500000
27049,11274442,20
27050,11274442,10
27051,11274442,20
27052,1609,500000
27053,1609,500000
27054,1609,500000
27055,11274442,10
27056,11274442,30
27057,11274442,40
27058,11274442,10
27059,11274442,20
27060,11274442,10
27061,11274442,120
27062,11274442,10
27063,11274442,30
27064,11274442,30
27065,11274442,20
27066,11274442,60
27067,11274442,10
27068,11274442,40
27069,11274442,20
27070,11274442,30
27071,11274442,10
27072,11274442,60
27073,11274442,30
27074,11274442,10
27075,1063997,5620
27076,11274442,40
27077,11274442,150
27078,11274442,30
27079,11274442,30
27080,11274442,10
27081,11274442,30
27082,11274442,20
27083,11274442,50
27084,11274442,10
27085,11274442,30
27086,11274442,30
27087,11274442,10
27088,11274442,40
27089,11274442,10
27090,1063997,12460
27091,11274442,30
27092,11274442,10
27093,11274442,20
27094,11274442,30
27095,11274442,20
27096,11274442,30
27097,11274442,30
27098,11274442,10
27099,11274442,20
27100,1609,500000
27101,11274442,20
27102,11274442,20
27103,11274442,70
27104,11274442,30
27105,11274442,20
27106,11274442,50
27107,85985806,0
27108,11274442,30
27109,11274442,10
27110,11274442,20
27111,11274442,50
27112,11274442,20
27113,1063997,5720
27114,11274442,80
27115,11274442,20
27116,11274442,30
27117,11274442,80
27118,1609,500000
27119,11274442,20
27120,11274442,10
27121,11274442,20
27122,11274442,20
27123,1609,500000
27124,11274442,10
27125,11274442,70
27126,11274442,30
27127,11274442,80
27128,11274442,150
27129,1063997,8030
27130,11274442,110
27131,11274442,40
27132,11274442,40
27133,1609,500000
27134,11274442,50
27135,11274442,10
27136,1063997,7360
27137,11274442,60
27138,11274442,10
27139,11274442,40
27140,11274442,40
27141,11274442,70
27142,11274442,150
27143,11274442,20
27144,11274442,30
27145,11274442,160
27146,11274442,100
27147,11274442,30
27148,11274442,20
27149,11274442,130
27150,11274442,30
27151,11274442,20
27152,11274442,10
27153,1063997,6770
27154,11274442,30
27155,11274442,20
27156,11274442,20
27157,11274442,20
27158,11274442,10
27159,11274442,110
27160,1609,500000
27161,11274442,20
27162,11274442,50
27163,1063997,7050
27164,11274442,20
27165,11274442,30
27166,11274442,20
27167,11274442,50
27168,11274442,130
27169,11274442,20
27170,11274442,10
27171,1609,500000
27172,11274442,20
27173,11274442,40
27174,1063997,8890
27175,11274442,20
27176,11274442,10
27177,11274442,40
27178,11274442,10
27179,11274442,20
27180,11274442,60
27181,11274442,30
27182,11274442,150
27183,11274442,10
27184,11274442,50
27185,11274442,10
27186,11274442,10
27187,11274442,40
27188,11274442,10
27189,1063997,5320
27190,11274442,30
27191,11274442,10
27192,11274442,20
27193,11274442,10
27194,1609,500000
27195,11274442,20
27196,11274442,20
27197,11274442,10
27198,11274442,30
27199,1063997,5720
27200,11274442,40
27201,11274442,20
27202,11274442,40
27203,85985806,0
27204,11274442,20
27205,11274442,40
27206,11274442,70
27207,85985806,0
27208,1063997,7940
27209,11274442,20
27210,11274442,10
27211,11274442,50
27212,11274442,80
27213,1063997,10670
27214,11274442,20
27215,11274442,60
27216,11274442,30
27217,1063997,7550
27218,11274442,30
27219,11274442,10
27220,11274442,50
27221,11274442,40
27222,11274442,20
27223,11274442,10
27224,11274442,30
27225,11274442,10
27226,1063997,14360
27227,11274442,20
27228,11274442,30
27229,11274442,30
27230,11274442,70
27231,11274442,20
27232,1609,500000
27233,11274442,40
27234,1063997,8370
27235,11274442,10
27236,11274442,30
27237,1609,500000
27238,11274442,40
27239,11274442,60
27240,11274442,60
27241,1609,500000
27242,11274442,10
27243,11274442,60
27244,11274442,50
27245,11274442,20
27246,11274442,40
27247,11274442,40
27248,11274442,10
27249,11274442,10
27250,11274442,10
27251,11274442,30
27252,11274442,20
27253,11274442,10
27254,11274442,30
27255,11274442,150
27256,1609,500000
27257,11274442,10
27258,11274442,20
27259,11274442,20
27260,11274442,90
27261,11274442,70
27262,11274442,10
27263,11274442,30
27264,11274442,10
27265,11274442,10
27266,11274442,20
27267,11274442,10
27268,11274442,30
27269,11274442,30
27270,11274442,30
27271,1063997,4770
27272,11274442,30
27273,11274442,50
27274,1063997,8740
27275,11274442,50
27276,11274442,40
27277,11274442,20
27278,11274442,30
27279,11274442,20
27280,11274442,30
27281,11274442,150
27282,11274442,10
27283,11274442,50
27284,11274442,30
27285,11274442,30
27286,11274442,40
27287,11274442,20
27288,11274442,30
27289,11274442,10
27290,11274442,40
27291,11274442,10
27292,1609,500000
27293,1609,500000
27294,11274442,10
27295,1063997,6770
27296,11274442,20
27297,11274442,30
27298,11274442,70
27299,11274442,40
27300,11274442,20
27301,11274442,10
27302,11274442,70
27303,11274442,20
27304,11274442,10
27305,11274442,30
27306,11274442,30
27307,11274442,20
27308,11274442,10
27309,1609,500000
27310,11274442,40
27311,11274442,30
27312,11274442,30
27313,11274442,40
27314,1609,500000
27315,1609,500000
27316,11274442,20
27317,1063997,9960
27318,11274442,10
27319,11274442,20
27320,1063997,9930
27321,11274442,30
27322,11274442,30
27323,11274442,10
27324,11274442,20
27325,11274442,10
27326,11274442,60
27327,1063997,15810
27328,1063997,8150
27329,11274442,20
27330,11274442,50
27331,1063997,8260
27332,11274442,30
27333,1063997,10560
27334,1063997,9210
27335,11274442,60
27336,11274442,30
27337,1609,500000
27338,11274442,40
27339,11274442,40
27340,11274442,10
27341,1063997,9960
27342,11274442,10
27343,11274442,10
27344,11274442,30
27345,11274442,30
27346,11274442,40
27347,11274442,40
27348,11274442,30
27349,11274442,20
27350,11274442,10
27351,11274442,20
27352,11274442,40
27353,11274442,20
27354,11274442,20
27355,11274442,10
27356,11274442,80
27357,11274442,40
27358,1063997,4630
27359,11274442,20
27360,11274442,20
27361,11274442,10
27362,11274442,20
27363,11274442,40
27364,11274442,50
27365,11274442,30
27366,11274442,10
27367,11274442,40
27368,11274442,40
27369,1063997,17180
27370,11274442,80
27371,11274442,20
27372,11274442,40
27373,11274442,10
27374,11274442,80
27375,11274442,40
27376,11274442,70
27377,1609,500000
27378,11274442,40
27379,11274442,40
27380,11274442,30
27381,11274442,90
27382,11274442,20
27383,11274442,30
27384,11274442,10
27385,11274442,30
27386,11274442,20
27387,11274442,10
27388,11274442,10
27389,11274442,30
27390,11274442,40
27391,11274442,60
27392,1609,500000
27393,11274442,10
27394,11274442,20
27395,1063997,8010
27396,11274442,20
27397,11274442,30
27398,11274442,40
27399,11274442,40
27400,11274442,40
27401,11274442,60
27402,11274442,10
27403,11274442,40
27404,11274442,10
27405,11274442,10
27406,11274442,90
27407,11274442,10
27408,85985806,0
27409,11274442,10
27410,11274442,20
27411,11274442,80
27412,11274442,10
27413,11274442,10
27414,11274442,40
27415,1609,500000
27416,1063997,11330
27417,11274442,20
27418,11274442,30
27419,1063997,7230
27420,85985806,0
27421,11274442,80
27422,11274442,10
27423,1609,500000
27424,11274442,30
27425,11274442,20
27426,11274442,40
27427,11274442,150
27428,11274442,20
27429,11274442,20
27430,11274442,30
27431,11274442,10
27432,11274442,20
27433,11274442,30
27434,11274442,40
27435,11274442,10
27436,11274442,60
27437,11274442,10
27438,11274442,40
27439,11274442,20
27440,11274442,10
27441,11274442,50
27442,1609,500000
27443,11274442,20
27444,11274442,60
27445,11274442,30
27446,11274442,10
27447,11274442,30
27448,1609,500000
27449,1609,500000
27450,1609,500000
27451,11274442,10
27452,11274442,30
27453,11274442,50
27454,11274442,20
27455,1063997,10600
27456,11274442,30
27457,11274442,80
27458,11274442,50
27459,11274442,150
27460,1609,500000
27461,11274442,100
27462,1609,500000
27463,11274442,10
27464,11274442,10
27465,11274442,100
27466,11274442,30
27467,11274442,20
27468,11274442,50
27469,11274442,150
27470,11274442,20
27471,11274442,40
27472,11274442,40
27473,11274442,10
27474,11274442,20
27475,1063997,9800
27476,1609,500000
27477,11274442,80
27478,11274442,70
27479,11274442,50
27480,11274442,150
27481,11274442,30
27482,11274442,40
27483,11274442,10
27484,11274442,90
27485,11274442,10
27486,11274442,10
27487,11274442,40
27488,11274442,10
27489,11274442,100
27490,11274442,30
27491,11274442,10
27492,11274442,120
27493,11274442,80
27494,11274442,150
27495,11274442,40
27496,11274442,30
27497,11274442,30
27498,1609,500000
27499,11274442,110
27500,11274442,10
27501,11274442,30
27502,11274442,70
27503,11274442,10
27504,11274442,30
27505,11274442,30
27506,11274442,20
27507,11274442,40
27508,11274442,140
27509,11274442,30
27510,11274442,20
27511,1063997,6460
27512,11274442,50
27513,11274442,40
27514,11274442,40
27515,11274442,30
27516,11274442,140
27517,11274442,50
27518,11274442,30
27519,11274442,40
27520,1609,500000
27521,11274442,10
27522,1609,500000
27523,11274442,70
27524,11274442,10
27525,1063997,13530
27526,1609,500000
27527,11274442,20
27528,11274442,20
27529,11274442,30
27530,11274442,10
27531,11274442,30
27532,11274442,20
27533,1609,500000
27534,11274442,50
27535,11274442,30
27536,11274442,30
27537,11274442,40
27538,11274442,30
27539,11274442,60
27540,11274442,20
27541,11274442,10
27542,11274442,10
27543,11274442,20
27544,11274442,30
27545,11274442,20
27546,1609,500000
27547,11274442,20
27548,11274442,60
27549,11274442,10
27550,11274442,10
27551,11274442,40
27552,11274442,20
27553,11274442,30
27554,11274442,30
27555,1609,500000
27556,11274442,60
27557,11274442,20
27558,11274442,100
27559,1609,500000
27560,11274442,20
27561,11274442,20
27562,11274442,110
27563,1063997,82310
27564,11274442,40
27565,11274442,30
27566,1063997,8520
27567,11274442,40
27568,1063997,6220
27569,1609,500000
27570,11274442,30
27571,11274442,10
27572,11274442,40
27573,11274442,50
27574,11274442,40
27575,1063997,7000
27576,11274442,20
27577,1609,500000
27578,1609,500000
27579,11274442,50
27580,11274442,10
27581,11274442,40
27582,11274442,60
27583,11274442,10
27584,11274442,60
27585,11274442,20
27586,11274442,10
27587,11274442,30
27588,11274442,60
27589,11274442,10
27590,1063997,13620
27591,1609,500000
27592,11274442,40
27593,11274442,30
27594,11274442,60
27595,11274442,20
27596,11274442,20
27597,1609,500000
27598,11274442,10
27599,11274442,290
27600,11274442,20
27601,11274442,10
27602,11274442,20
27603,11274442,30
27604,11274442,40
27605,11274442,70
27606,11274442,30
27607,11274442,30
27608,11274442,10
27609,11274442,30
27610,11274442,30
27611,11274442,20
27612,11274442,30
27613,1063997,11980
27614,11274442,40
27615,11274442,20
27616,11274442,40
27617,11274442,50
27618,11274442,80
27619,1063997,54230
27620,11274442,20
27621,1063997,10530
27622,11274442,20
27623,11274442,80
27624,11274442,10
27625,11274442,80
27626,11274442,80
27627,11274442,30
27628,11274442,40
27629,11274442,20
27630,11274442,10
27631,11274442,30
27632,11274442,10
27633,11274442,30
27634,1063997,4440
27635,11274442,50
27636,1609,500000
27637,11274442,20
27638,1609,500000
27639,11274442,60
27640,11274442,80
27641,11274442,110
27642,11274442,40
27643,1609,500000
27644,11274442,150
27645,11274442,30
27646,11274442,30
27647,11274442,80
27648,11274442,30
27649,11274442,70
27650,11274442,20
27651,11274442,40
27652,1609,500000
27653,1609,500000
27654,1609,500000
27655,11274442,50
27656,11274442,60
27657,11274442,30
27658,1609,500000
27659,11274442,10
27660,1063997,8640
27661,11274442,20
27662,11274442,10
27663,1609,500000
27664,11274442,40
27665,11274442,20
27666,11274442,50
27667,11274442,10
27668,11274442,30
27669,11274442,10
27670,11274442,20
27671,1063997,11270
27672,11274442,40
27673,11274442,10
27674,11274442,80
27675,11274442,30
27676,11274442,10
27677,11274442,30
27678,11274442,20
27679,1609,500000
27680,11274442,30
27681,11274442,10
27682,11274442,140
27683,11274442,70
27684,11274442,20
27685,1609,500000
27686,11274442,10
27687,1609,500000
27688,11274442,30
27689,1609,500000
27690,11274442,30
27691,11274442,110
27692,1609,500000
27693,11274442,50
27694,11274442,20
27695,11274442,10
27696,11274442,20
27697,11274442,20
27698,11274442,20
27699,1609,500000
27700,11274442,20
27701,11274442,30
27702,11274442,40
27703,1063997,11190
27704,11274442,60
27705,11274442,20
27706,11274442,40
27707,11274442,10
27708,11274442,10
27709,11274442,80
27710,11274442,40
27711,11274442,210
27712,11274442,10
27713,11274442,50
27714,11274442,20
27715,11274442,20
27716,11274442,10
27717,11274442,80
27718,11274442,10
27719,11274442,10
27720,1609,500000
27721,11274442,60
27722,11274442,140
27723,11274442,40
27724,1609,500000
27725,11274442,50
27726,11274442,30
27727,11274442,30
27728,11274442,50
27729,11274442,70
27730,11274442,10
27731,11274442,110
27732,11274442,30
27733,11274442,20
27734,11274442,20
27735,11274442,30
27736,1609,500000
27737,11274442,10
27738,11274442,10
27739,11274442,10
27740,11274442,20
27741,11274442,30
27742,85985806,0
27743,11274442,50
27744,11274442,20
27745,11274442,10
27746,11274442,20
27747,11274442,10
27748,11274442,40
27749,11274442,30
27750,11274442,10
27751,11274442,40
27752,1609,500000
27753,11274442,20
27754,11274442,10
27755,11274442,20
27756,11274442,90
27757,11274442,30
27758,11274442,10
27759,11274442,60
27760,11274442,30
27761,11274442,40
27762,11274442,10
27763,11274442,60
27764,11274442,20
27765,11274442,40
27766,11274442,70
27767,11274442,90
27768,11274442,50
27769,11274442,20
27770,11274442,20
27771,11274442,30
27772,11274442,10
27773,1609,500000
27774,11274442,20
27775,11274442,10
27776,11274442,20
27777,11274442,50
27778,11274442,40
27779,1063997,6220
27780,1063997,31290
27781,1063997,6630
27782,11274442,20
27783,11274442,30
27784,11274442,10
27785,11274442,50
27786,11274442,40
27787,85985806,0
27788,1063997,6500
27789,11274442,20
27790,11274442,30
27791,11274442,30
27792,11274442,20
27793,1609,500000
27794,1609,500000
27795,11274442,10
27796,11274442,30
27797,1063997,6760
27798,85985806,0
27799,11274442,150
27800,11274442,70
27801,1609,500000
27802,11274442,50
27803,11274442,20
27804,11274442,10
27805,1063997,5500
27806,1063997,5890
27807,11274442,10
27808,11274442,30
27809,11274442,40
27810,11274442,40
27811,11274442,20
27812,11274442,60
27813,1063997,7850
27814,11274442,40
27815,11274442,10
27816,11274442,30
27817,1609,500000
27818,1609,500000
27819,11274442,20
27820,11274442,30
27821,11274442,30
27822,11274442,60
27823,11274442,40
27824,11274442,60
27825,11274442,10
27826,11274442,50
27827,11274442,20
27828,1063997,5740
27829,11274442,40
27830,11274442,30
27831,11274442,10
27832,11274442,80
27833,11274442,10
27834,11274442,10
27835,11274442,20
27836,11274442,40
27837,11274442,20
27838,1609,500000
27839,11274442,110
27840,11274442,60
27841,1609,500000
27842,11274442,30
27843,11274442,50
27844,11274442,50
27845,11274442,20
27846,11274442,10
27847,11274442,30
27848,11274442,50
27849,11274442,20
27850,11274442,30
27851,11274442,20
27852,11274442,80
27853,11274442,30
27854,11274442,60
27855,1609,500000
27856,11274442,40
27857,1063997,8160
27858,11274442,60
27859,11274442,20
27860,1063997,8190
27861,11274442,20
27862,11274442,50
27863,11274442,10
27864,1609,500000
27865,11274442,10
27866,11274442,30
27867,11274442,20
27868,1063997,7270
27869,11274442,40
27870,11274442,50
27871,11274442,20
27872,11274442,20
27873,11274442,10
27874,11274442,40
27875,1063997,7300
27876,11274442,30
27877,11274442,50
27878,11274442,40
27879,11274442,10
27880,11274442,80
27881,11274442,10
27882,11274442,50
27883,11274442,10
27884,11274442,10
27885,11274442,30
27886,11274442,30
27887,1609,500000
27888,85985806,0
27889,11274442,20
27890,11274442,40
27891,11274442,20
27892,11274442,20
27893,11274442,60
27894,11274442,20
27895,11274442,30
27896,11274442,40
27897,1063997,10460
27898,11274442,20
27899,11274442,30
27900,11274442,40
27901,11274442,10
27902,11274442,30
27903,11274442,110
27904,11274442,110
27905,11274442,50
27906,1609,500000
27907,11274442,20
27908,11274442,20
27909,11274442,20
27910,11274442,50
27911,11274442,10
27912,11274442,10
27913,11274442,10
27914,11274442,70
27915,11274442,20
27916,11274442,30
27917,11274442,110
27918,11274442,20
27919,11274442,40
27920,11274442,20
27921,1609,500000
27922,11274442,30
27923,11274442,10
27924,1609,500000
27925,11274442,20
27926,11274442,20
27927,11274442,40
27928,11274442,20
27929,11274442,10
27930,11274442,20
27931,11274442,10
27932,11274442,20
27933,11274442,10
27934,11274442,10
27935,11274442,30
27936,11274442,20
27937,11274442,40
27938,11274442,30
27939,1609,500000
27940,11274442,10
27941,1063997,65540
27942,11274442,10
27943,11274442,20
27944,11274442,50
27945,1609,500000
27946,11274442,60
27947,11274442,10
27948,11274442,40
27949,1609,500000
27950,11274442,40
27951,11274442,10
27952,11274442,20
27953,11274442,10
27954,11274442,10
27955,11274442,20
27956,11274442,30
27957,11274442,40
27958,11274442,30
27959,11274442,10
27960,11274442,30
27961,11274442,20
27962,11274442,40
27963,11274442,30
27964,11274442,40
27965,11274442,10
27966,1609,500000
27967,11274442,40
27968,11274442,30
27969,1609,500000
27970,1609,500000
27971,11274442,40
27972,11274442,10
27973,11274442,20
27974,11274442,150
27975,1063997,7270
27976,11274442,210
27977,11274442,10
27978,11274442,30
27979,11274442,30
27980,11274442,10
27981,11274442,20
27982,1609,500000
27983,11274442,10
27984,11274442,30
27985,11274442,20
27986,11274442,70
27987,11274442,10
27988,11274442,20
27989,11274442,20
27990,11274442,20
27991,1609,500000
27992,11274442,210
27993,11274442,50
27994,1609,500000
27995,11274442,70
27996,11274442,10
27997,11274442,10
27998,11274442,30
27999,11274442,10
28000,1063997,6210
28001,11274442,90
28002,11274442,20
28003,11274442,90
28004,11274442,10
28005,11274442,20
28006,85985806,0
28007,11274442,30
28008,1609,500000
28009,1609,500000
28010,11274442,30
28011,11274442,10
28012,11274442,60
28013,11274442,50
28014,11274442,50
28015,11274442,60
28016,1063997,6140
28017,11274442,20
28018,11274442,50
28019,11274442,10
28020,11274442,40
28021,1609,500000
28022,11274442,50
28023,11274442,10
28024,11274442,150
28025,1063997,13540
28026,11274442,20
28027,11274442,10
28028,1063997,4620
28029,11274442,170
28030,11274442,10
28031,11274442,10
28032,11274442,40
28033,11274442,40
28034,11274442,20
28035,11274442,20
28036,11274442,40
28037,11274442,30
28038,11274442,10
28039,11274442,10
28040,11274442,60
28041,11274442,50
28042,11274442,20
28043,11274442,10
28044,11274442,50
28045,11274442,30
28046,11274442,20
28047,11274442,30
28048,85985806,0
28049,11274442,20
28050,11274442,110
28051,11274442,20
28052,11274442,60
28053,11274442,10
28054,11274442,20
28055,11274442,20
28056,11274442,10
28057,11274442,40
28058,11274442,50
28059,11274442,30
28060,1063997,7320
28061,11274442,10
28062,11274442,30
28063,11274442,10
28064,11274442,60
28065,11274442,210
28066,11274442,50
28067,11274442,70
28068,11274442,50
28069,11274442,30
28070,11274442,10
28071,11274442,150
28072,11274442,150
28073,11274442,20
28074,11274442,20
28075,11274442,50
28076,1609,500000
28077,11274442,40
28078,11274442,30
28079,1609,500000
28080,11274442,20
28081,11274442,10
28082,85985806,0
28083,11274442,20
28084,11274442,20
28085,11274442,50
28086,11274442,10
28087,11274442,10
28088,11274442,50
28089,11274442,80
28090,11274442,50
28091,11274442,10
28092,11274442,10
28093,11274442,30
28094,11274442,20
28095,85985806,0
28096,11274442,20
28097,11274442,30
28098,11274442,20
28099,11274442,20
28100,11274442,50
28101,11274442,30
28102,1609,500000
28103,11274442,30
28104,11274442,40
28105,11274442,30
28106,11274442,20
28107,11274442,10
28108,11274442,20
28109,11274442,60
28110,85985806,0
28111,1063997,11180
28112,1063997,8750
28113,11274442,90
28114,11274442,10
28115,11274442,80
28116,11274442,10
28117,11274442,30
28118,11274442,50
28119,11274442,30
28120,11274442,30
28121,11274442,10
28122,11274442,40
28123,11274442,10
28124,11274442,90
28125,11274442,50
28126,11274442,30
28127,11274442,20
28128,1609,500000
28129,11274442,20
28130,11274442,30
28131,11274442,10
28132,11274442,10
28133,11274442,10
28134,11274442,20
28135,11274442,40
28136,1063997,10840
28137,11274442,10
28138,11274442,30
28139,11274442,60
28140,11274442,30
28141,85985806,0
28142,11274442,50
28143,11274442,60
28144,11274442,10
28145,11274442,40
28146,11274442,10
28147,11274442,40
28148,11274442,60
28149,11274442,10
28150,11274442,50
28151,11274442,20
28152,11274442,30
28153,11274442,20
28154,11274442,30
28155,11274442,30
28156,11274442,30
28157,11274442,40
28158,11274442,50
28159,11274442,20
28160,11274442,10
28161,11274442,20
28162,1609,500000
28163,11274442,10
28164,11274442,110
28165,85985806,0
28166,11274442,30
28167,11274442,20
28168,1063997,421850
28169,11274442,30
28170,11274442,10
28171,11274442,30
28172,11274442,10
28173,11274442,90
28174,11274442,30
28175,11274442,50
28176,11274442,40
28177,11274442,20
28178,11274442,30
28179,11274442,60
28180,11274442,10
28181,1609,500000
28182,11274442,40
28183,11274442,10
28184,11274442,60
28185,11274442,30
28186,1609,500000
28187,11274442,40
28188,11274442,30
28189,11274442,40
28190,11274442,70
28191,11274442,30
28192,11274442,10
28193,11274442,10
28194,1609,500000
28195,11274442,30
28196,11274442,20
28197,85985806,0
28198,11274442,40
28199,11274442,60
28200,11274442,40
28201,11274442,30
28202,11274442,70
28203,11274442,10
28204,11274442,40
28205,11274442,30
28206,11274442,30
28207,11274442,30
28208,11274442,10
28209,85985806,0
28210,11274442,30
28211,1609,500000
28212,11274442,20
28213,11274442,10
28214,11274442,10
28215,11274442,40
28216,11274442,30
28217,11274442,20
28218,11274442,30
28219,11274442,40
28220,11274442,30
28221,11274442,40
28222,11274442,30
28223,11274442,30
28224,11274442,30
28225,11274442,30
28226,11274442,40
28227,11274442,20
28228,11274442,30
28229,11274442,10
28230,11274442,120
28231,11274442,10
28232,11274442,10
28233,11274442,20
28234,1609,500000
28235,11274442,40
28236,11274442,10
28237,11274442,20
28238,11274442,30
28239,11274442,10
28240,11274442,80
28241,11274442,50
28242,11274442,10
28243,11274442,150
28244,11274442,80
28245,11274442,30
28246,11274442,60
28247,11274442,20
28248,1063997,25500
28249,11274442,10
28250,11274442,10
28251,1063997,7280
28252,11274442,20
28253,11274442,40
28254,11274442,30
28255,11274442,30
28256,11274442,20
28257,1063997,14480
28258,1063997,23520
28259,11274442,80
28260,11274442,40
28261,1063997,5540
28262,1609,500000
28263,11274442,30
28264,11274442,70
28265,11274442,10
28266,1063997,13010
28267,11274442,30
28268,11274442,40
28269,11274442,10
28270,11274442,10
28271,11274442,20
28272,11274442,110
28273,11274442,40
28274,11274442,10
28275,1609,500000
28276,11274442,20
28277,11274442,20
28278,11274442,20
28279,1063997,4640
28280,11274442,30
28281,11274442,20
28282,11274442,50
28283,11274442,40
28284,11274442,30
28285,11274442,60
28286,11274442,20
28287,11274442,40
28288,1609,500000
28289,11274442,20
28290,11274442,60
28291,11274442,30
28292,11274442,10
28293,11274442,10
28294,11274442,10
28295,11274442,20
28296,11274442,20
28297,11274442,20
28298,11274442,50
28299,11274442,60
28300,11274442,10
28301,11274442,30
28302,11274442,10
28303,11274442,30
28304,11274442,40
28305,11274442,40
28306,11274442,80
28307,11274442,30
28308,1063997,6450
28309,11274442,30
28310,1063997,4750
28311,11274442,30
28312,11274442,60
28313,11274442,20
28314,11274442,40
28315,11274442,10
28316,1609,500000
28317,11274442,20
28318,11274442,10
28319,11274442,40
28320,11274442,20
28321,11274442,20
28322,11274442,50
28323,11274442,20
28324,11274442,50
28325,85985806,0
28326,1609,500000
28327,11274442,10
28328,11274442,10
28329,11274442,60
28330,11274442,20
28331,11274442,10
28332,11274442,20
28333,11274442,60
28334,11274442,60
28335,11274442,20
28336,11274442,10
28337,11274442,30
28338,11274442,110
28339,11274442,60
28340,1063997,6210
28341,11274442,20
28342,1063997,10860
28343,11274442,20
28344,11274442,30
28345,11274442,30
28346,11274442,20
28347,11274442,20
28348,11274442,50
28349,1063997,21260
28350,11274442,10
28351,11274442,10
28352,11274442,20
28353,11274442,10
28354,11274442,50
28355,11274442,90
28356,1063997,9460
28357,11274442,30
28358,11274442,20
28359,11274442,20
28360,11274442,20
28361,11274442,60
28362,11274442,210
28363,11274442,20
28364,11274442,40
28365,1063997,15350
28366,11274442,60
28367,11274442,90
28368,11274442,30
28369,11274442,20
28370,11274442,20
28371,11274442,20
28372,11274442,20
28373,11274442,40
28374,11274442,20
28375,11274442,30
28376,11274442,50
28377,11274442,30
28378,11274442,30
28379,11274442,30
28380,11274442,20
28381,11274442,70
28382,1609,500000
28383,11274442,10
28384,11274442,20
28385,11274442,20
28386,11274442,20
28387,11274442,10
28388,11274442,10
28389,1609,500000
28390,11274442,30
28391,11274442,10
28392,11274442,10
28393,1609,500000
28394,11274442,40
28395,11274442,20
28396,11274442,40
28397,11274442,30
28398,1609,500000
28399,11274442,10
28400,85985806,0
28401,11274442,10
28402,1063997,4090
28403,1609,500000
28404,11274442,10
28405,11274442,20
28406,11274442,30
28407,11274442,20
28408,11274442,10
28409,1609,500000
28410,11274442,60
28411,11274442,30
28412,11274442,30
28413,1609,500000
28414,11274442,10
28415,11274442,20
28416,11274442,30
28417,11274442,10
28418,11274442,10
28419,1063997,7860
28420,11274442,30
28421,11274442,80
28422,11274442,10
28423,11274442,50
28424,11274442,20
28425,11274442,40
28426,11274442,50
28427,11274442,30
28428,11274442,30
28429,11274442,30
28430,11274442,10
28431,11274442,40
28432,11274442,20
28433,11274442,60
28434,11274442,20
28435,11274442,10
28436,11274442,30
28437,11274442,10
28438,11274442,20
28439,11274442,40
28440,11274442,20
28441,1609,500000
28442,11274442,10
28443,1609,500000
28444,11274442,20
28445,85985806,0
28446,11274442,10
28447,11274442,110
28448,11274442,10
28449,11274442,20
28450,11274442,20
28451,11274442,40
28452,11274442,10
28453,11274442,80
28454,11274442,10
28455,11274442,50
28456,11274442,50
28457,11274442,10
28458,11274442,30
28459,11274442,10
28460,11274442,20
28461,11274442,10
28462,11274442,30
28463,1609,500000
28464,11274442,90
28465,11274442,20
28466,11274442,10
28467,11274442,30
28468,11274442,50
28469,11274442,30
28470,11274442,20
28471,11274442,40
28472,11274442,20
28473,11274442,40
28474,11274442,10
28475,11274442,10
28476,11274442,10
28477,1609,500000
28478,11274442,10
28479,11274442,60
28480,11274442,10
28481,11274442,80
28482,11274442,30
28483,85985806,0
28484,11274442,110
28485,11274442,40
28486,11274442,30
28487,11274442,30
28488,11274442,50
28489,11274442,10
28490,11274442,10
28491,11274442,20
28492,11274442,30
28493,11274442,30
28494,11274442,30
28495,11274442,20
28496,1609,500000
28497,11274442,40
28498,11274442,20
28499,11274442,70
28500,11274442,30
28501,11274442,50
28502,11274442,150
28503,1063997,5320
28504,11274442,10
28505,11274442,30
28506,11274442,10
28507,11274442,30
28508,11274442,20
28509,11274442,10
28510,11274442,50
28511,1609,500000
28512,11274442,30
28513,85985806,0
28514,1609,500000
28515,11274442,80
28516,1063997,9970
28517,11274442,10
28518,11274442,20
28519,11274442,20
28520,11274442,30
28521,11274442,60
28522,11274442,20
28523,85985806,0
28524,1063997,5590
28525,11274442,20
28526,11274442,20
28527,85985806,0
28528,11274442,60
28529,11274442,70
28530,11274442,10
28531,11274442,30
28532,85985806,0
28533,11274442,30
28534,11274442,10
28535,11274442,20
28536,1609,500000
28537,11274442,20
28538,1063997,5740
28539,11274442,10
28540,11274442,20
28541,11274442,10
28542,11274442,30
28543,11274442,60
28544,11274442,20
28545,85985806,0
28546,11274442,70
28547,11274442,30
28548,11274442,40
28549,11274442,30
28550,11274442,40
28551,11274442,20
28552,11274442,30
28553,11274442,50
28554,11274442,10
28555,11274442,40
28556,11274442,10
28557,11274442,40
28558,11274442,30
28559,11274442,30
28560,11274442,40
28561,11274442,30
28562,11274442,20
28563,11274442,20
28564,11274442,30
28565,11274442,70
28566,11274442,40
28567,11274442,80
28568,1063997,8230
28569,11274442,20
28570,11274442,20
28571,11274442,100
28572,1063997,15880
28573,11274442,30
28574,11274442,90
28575,11274442,40
28576,11274442,30
28577,11274442,50
28578,11274442,50
28579,11274442,10
28580,11274442,10
28581,1609,500000
28582,11274442,50
28583,11274442,20
28584,11274442,110
28585,11274442,10
28586,11274442,10
28587,11274442,150
28588,11274442,20
28589,11274442,50
28590,11274442,50
28591,11274442,30
28592,11274442,20
28593,11274442,20
28594,85985806,0
28595,1609,500000
28596,85985806,0
28597,11274442,10
28598,11274442,50
28599,11274442,20
28600,11274442,10
28601,11274442,80
28602,11274442,110
28603,11274442,30
28604,11274442,20
28605,11274442,150
28606,11274442,30
28607,11274442,10
28608,11274442,20
28609,11274442,20
28610,11274442,50
28611,11274442,20
28612,11274442,30
28613,11274442,30
28614,11274442,30
28615,11274442,120
28616,1063997,5930
28617,11274442,40
28618,11274442,10
28619,11274442,40
28620,11274442,40
28621,85985806,0
28622,11274442,60
28623,11274442,20
28624,11274442,10
28625,11274442,10
28626,11274442,50
28627,11274442,80
28628,11274442,150
28629,11274442,10
28630,11274442,60
28631,11274442,30
28632,11274442,30
28633,11274442,30
28634,11274442,40
28635,11274442,20
28636,11274442,20
28637,11274442,30
28638,11274442,40
28639,11274442,30
28640,1063997,8010
28641,11274442,10
28642,11274442,10
28643,11274442,10
28644,11274442,60
28645,11274442,20
28646,1063997,10670
28647,11274442,30
28648,11274442,40
28649,11274442,40
28650,11274442,110
28651,1063997,7350
28652,11274442,40
28653,11274442,40
28654,11274442,30
28655,11274442,20
28656,11274442,20
28657,11274442,40
28658,11274442,50
28659,11274442,20
28660,11274442,70
28661,11274442,20
28662,11274442,10
28663,1609,500000
28664,11274442,30
28665,11274442,60
28666,11274442,10
28667,11274442,30
28668,1609,500000
28669,11274442,10
28670,1609,500000
28671,11274442,150
28672,11274442,40
28673,11274442,20
28674,11274442,40
28675,11274442,80
28676,1063997,6940
28677,11274442,40
28678,11274442,10
28679,11274442,10
28680,11274442,20
28681,11274442,90
28682,1609,500000
28683,11274442,90
28684,1063997,30930
28685,11274442,10
28686,11274442,20
28687,11274442,30
28688,11274442,20
28689,11274442,80
28690,11274442,50
28691,11274442,150
28692,11274442,70
28693,11274442,20
28694,11274442,70
28695,11274442,60
28696,11274442,30
28697,11274442,110
28698,11274442,30
28699,11274442,50
28700,11274442,30
28701,11274442,20
28702,11274442,10
28703,11274442,40
28704,11274442,20
28705,11274442,10
28706,11274442,80
28707,11274442,40
28708,11274442,30
28709,11274442,10
28710,85985806,0
28711,11274442,10
28712,11274442,40
28713,11274442,80
28714,11274442,20
28715,11274442,40
28716,11274442,10
28717,11274442,90
28718,11274442,20
28719,11274442,20
28720,11274442,30
28721,11274442,20
28722,11274442,60
28723,11274442,10
28724,11274442,10
28725,11274442,20
28726,11274442,10
28727,11274442,60
28728,11274442,10
28729,11274442,10
28730,11274442,10
28731,11274442,40
28732,1063997,10370
28733,11274442,30
28734,1063997,7390
28735,11274442,40
28736,11274442,10
28737,11274442,10
28738,11274442,80
28739,11274442,20
28740,11274442,20
28741,11274442,20
28742,11274442,30
28743,11274442,110
28744,11274442,30
28745,11274442,40
28746,11274442,110
28747,11274442,60
28748,11274442,20
28749,11274442,10
28750,11274442,50
28751,11274442,110
28752,11274442,20
28753,11274442,30
28754,11274442,30
28755,11274442,50
28756,11274442,30
28757,11274442,20
28758,11274442,10
28759,11274442,50
28760,11274442,20
28761,11274442,10
28762,11274442,20
28763,11274442,30
28764,11274442,20
28765,11274442,80
28766,11274442,10
28767,11274442,40
28768,11274442,30
28769,11274442,30
28770,11274442,10
28771,11274442,80
28772,11274442,10
28773,11274442,30
28774,11274442,10
28775,11274442,80
28776,11274442,20
28777,11274442,50
28778,1063997,8710
28779,11274442,40
28780,11274442,20
28781,11274442,20
28782,1063997,6370
28783,11274442,20
28784,11274442,10
28785,11274442,30
28786,11274442,40
28787,11274442,10
28788,11274442,10
28789,11274442,30
28790,11274442,20
28791,11274442,20
28792,11274442,30
28793,11274442,20
28794,11274442,40
28795,11274442,30
28796,11274442,20
28797,11274442,30
28798,11274442,40
28799,11274442,20
28800,11274442,40
28801,11274442,30
28802,1609,500000
28803,11274442,10
28804,1609,500000
28805,11274442,40
28806,11274442,30
28807,11274442,10
28808,11274442,30
28809,11274442,30
28810,11274442,20
28811,11274442,30
28812,11274442,10
28813,11274442,50
28814,11274442,30
28815,11274442,30
28816,11274442,20
28817,11274442,40
28818,11274442,10
28819,1063997,23370
28820,11274442,10
28821,11274442,10
28822,11274442,60
28823,11274442,20
28824,11274442,60
28825,11274442,20
28826,1063997,9330
28827,1609,500000
28828,11274442,20
28829,11274442,10
28830,11274442,20
28831,11274442,20
28832,11274442,20
28833,11274442,10
28834,11274442,20
28835,11274442,10
28836,11274442,20
28837,11274442,30
28838,85985806,0
28839,1063997,7300
28840,11274442,10
28841,11274442,10
28842,11274442,40
28843,11274442,60
28844,85985806,0
28845,11274442,110
28846,11274442,10
28847,1609,500000
28848,11274442,80
28849,11274442,40
28850,11274442,60
28851,11274442,30
28852,11274442,10
28853,11274442,10
28854,11274442,60
28855,11274442,30
28856,11274442,20
28857,11274442,10
28858,11274442,60
28859,11274442,30
28860,1609,500000
28861,11274442,40
28862,11274442,20
28863,11274442,80
28864,11274442,40
28865,11274442,10
28866,11274442,110
28867,11274442,20
28868,11274442,40
28869,1063997,16200
28870,1609,500000
28871,11274442,80
28872,11274442,40
28873,11274442,10
28874,11274442,20
28875,1609,500000
28876,11274442,20
28877,11274442,30
28878,11274442,30
28879,11274442,20
28880,11274442,20
28881,11274442,10
28882,11274442,40
28883,11274442,150
28884,11274442,20
28885,1609,500000
28886,1063997,9110
28887,11274442,20
28888,11274442,210
28889,11274442,110
28890,11274442,40
28891,11274442,10
28892,11274442,40
28893,1609,500000
28894,11274442,30
28895,11274442,30
28896,11274442,20
28897,11274442,20
28898,11274442,20
28899,11274442,20
28900,11274442,40
28901,11274442,20
28902,11274442,80
28903,11274442,80
28904,11274442,30
28905,1063997,5930
28906,11274442,30
28907,11274442,40
28908,11274442,40
28909,11274442,10
28910,11274442,10
28911,11274442,30
28912,11274442,70
28913,11274442,100
28914,11274442,40
28915,11274442,50
28916,11274442,40
28917,11274442,20
28918,11274442,30
28919,11274442,20
28920,11274442,10
28921,11274442,10
28922,11274442,60
28923,11274442,20
28924,11274442,30
28925,1609,500000
28926,11274442,30
28927,1609,500000
28928,11274442,110
28929,1609,500000
28930,85985806,0
28931,11274442,10
28932,11274442,60
28933,11274442,30
28934,11274442,30
28935,1609,500000
28936,11274442,30
28937,11274442,30
28938,11274442,20
28939,11274442,10
28940,11274442,30
28941,11274442,20
28942,11274442,10
28943,85985806,0
28944,11274442,10
28945,1609,500000
28946,11274442,10
28947,11274442,10
28948,11274442,50
28949,11274442,30
28950,1609,500000
28951,11274442,40
28952,11274442,10
28953,11274442,30
28954,11274442,10
28955,11274442,30
28956,11274442,90
28957,11274442,10
28958,1063997,11510
28959,11274442,40
28960,11274442,50
28961,11274442,30
28962,11274442,60
28963,11274442,30
28964,11274442,10
28965,11274442,40
28966,11274442,110
28967,11274442,70
28968,11274442,20
28969,11274442,10
28970,11274442,10
28971,11274442,40
28972,11274442,30
28973,11274442,10
28974,11274442,80
28975,11274442,10
28976,11274442,20
28977,11274442,20
28978,11274442,10
28979,11274442,30
28980,11274442,10
28981,11274442,20
28982,11274442,20
28983,11274442,20
28984,1609,500000
28985,11274442,20
28986,11274442,30
28987,11274442,10
28988,11274442,30
28989,11274442,110
28990,11274442,10
28991,11274442,30
28992,1609,500000
28993,11274442,20
28994,1063997,7020
28995,11274442,30
28996,11274442,30
28997,11274442,40
28998,11274442,10
28999,11274442,30
29000,11274442,10
29001,1609,500000
29002,1063997,9490
29003,1609,500000
29004,11274442,30
29005,11274442,20
29006,11274442,20
29007,11274442,10
29008,1609,500000
29009,11274442,20
29010,11274442,30
29011,11274442,80
29012,11274442,10
29013,11274442,60
29014,11274442,20
29015,11274442,10
29016,11274442,70
29017,11274442,40
29018,11274442,20
29019,11274442,40
29020,1063997,7460
29021,11274442,60
29022,11274442,20
29023,11274442,50
29024,11274442,10
29025,1063997,6300
29026,11274442,10
29027,11274442,30
29028,11274442,30
29029,11274442,10
29030,1063997,8620
29031,1609,500000
29032,11274442,20
29033,11274442,30
29034,11274442,30
29035,11274442,120
29036,11274442,50
29037,11274442,40
29038,11274442,30
29039,11274442,150
29040,11274442,70
29041,11274442,20
29042,11274442,30
29043,11274442,10
29044,11274442,50
29045,11274442,40
29046,11274442,20
29047,11274442,20
29048,1063997,5670
29049,11274442,10
29050,11274442,70
29051,11274442,30
29052,11274442,10
29053,11274442,30
29054,11274442,10
29055,11274442,10
29056,11274442,40
29057,1609,500000
29058,11274442,10
29059,11274442,20
29060,11274442,10
29061,11274442,10
29062,11274442,30
29063,11274442,20
29064,11274442,50
29065,1609,500000
29066,11274442,70
29067,11274442,20
29068,11274442,40
29069,11274442,30
29070,11274442,30
29071,11274442,40
29072,1063997,7390
29073,11274442,30
29074,11274442,40
29075,11274442,20
29076,11274442,30
29077,11274442,110
29078,11274442,10
29079,11274442,120
29080,11274442,50
29081,85985806,0
29082,11274442,20
29083,11274442,20
29084,11274442,30
29085,11274442,40
29086,11274442,10
29087,1609,500000
29088,11274442,20
29089,11274442,150
29090,11274442,20
29091,11274442,30
29092,11274442,70
29093,11274442,10
29094,1609,500000
29095,11274442,40
29096,11274442,70
29097,1609,500000
29098,11274442,40
29099,11274442,30
29100,11274442,10
29101,11274442,50
29102,11274442,50
29103,11274442,10
29104,1609,500000
29105,1609,500000
29106,11274442,10
29107,11274442,30
29108,11274442,30
29109,11274442,10
29110,11274442,20
29111,11274442,40
29112,11274442,30
29113,11274442,30
29114,11274442,10
29115,11274442,20
29116,11274442,30
29117,11274442,20
29118,85985806,0
29119,11274442,40
29120,11274442,60
29121,11274442,10
29122,11274442,20
29123,11274442,80
29124,11274442,40
29125,11274442,20
29126,11274442,40
29127,1609,500000
29128,11274442,10
29129,11274442,20
29130,11274442,30
29131,11274442,60
29132,11274442,20
29133,11274442,30
29134,11274442,30
29135,11274442,70
29136,11274442,20
29137,11274442,20
29138,11274442,50
29139,85985806,0
29140,11274442,10
29141,11274442,10
29142,11274442,20
29143,11274442,10
29144,11274442,30
29145,11274442,150
29146,11274442,30
29147,11274442,10
29148,11274442,40
29149,11274442,10
29150,11274442,30
29151,11274442,60
29152,11274442,40
29153,11274442,80
29154,11274442,210
29155,1609,500000
29156,11274442,20
29157,1609,500000
29158,11274442,50
29159,11274442,20
29160,11274442,40
29161,11274442,60
29162,11274442,10
29163,11274442,220
29164,11274442,30
29165,11274442,10
29166,1609,500000
29167,11274442,20
29168,11274442,30
29169,11274442,50
29170,11274442,20
29171,11274442,50
29172,11274442,20
29173,11274442,90
29174,11274442,30
29175,11274442,30
29176,11274442,10
29177,11274442,20
29178,11274442,10
29179,85985806,0
29180,11274442,30
29181,11274442,60
29182,11274442,10
29183,11274442,10
29184,11274442,10
29185,11274442,70
29186,11274442,150
29187,11274442,10
29188,11274442,20
29189,11274442,30
29190,11274442,30
29191,11274442,20
29192,11274442,40
29193,1063997,7760
29194,11274442,40
29195,11274442,20
29196,11274442,10
29197,11274442,30
29198,11274442,10
29199,11274442,90
29200,1609,500000
29201,11274442,30
29202,11274442,60
29203,11274442,10
29204,11274442,20
29205,11274442,30
29206,11274442,20
29207,11274442,40
29208,11274442,20
29209,11274442,10
29210,11274442,20
29211,11274442,10
29212,11274442,70
29213,11274442,10
29214,11274442,30
29215,11274442,150
29216,11274442,10
29217,11274442,10
29218,11274442,50
29219,11274442,20
29220,11274442,20
29221,11274442,20
29222,11274442,30
29223,11274442,20
29224,11274442,30
29225,11274442,30
29226,11274442,10
29227,11274442,40
29228,11274442,20
29229,11274442,30
29230,11274442,10
29231,11274442,20
29232,11274442,10
29233,11274442,10
29234,11274442,10
29235,11274442,20
29236,11274442,20
29237,11274442,40
29238,11274442,10
29239,11274442,10
29240,11274442,70
29241,11274442,20
29242,11274442,40
29243,11274442,30
29244,11274442,20
29245,11274442,20
29246,11274442,10
29247,11274442,20
29248,11274442,30
29249,11274442,10
29250,1063997,9200
29251,11274442,20
29252,11274442,10
29253,11274442,10
29254,11274442,60
29255,11274442,10
29256,1609,500000
29257,11274442,50
29258,11274442,40
29259,11274442,10
29260,11274442,20
29261,11274442,10
29262,11274442,60
29263,11274442,40
29264,11274442,20
29265,11274442,30
29266,11274442,10
29267,11274442,20
29268,11274442,110
29269,11274442,40
29270,1609,500000
29271,11274442,30
29272,11274442,20
29273,85985806,0
29274,11274442,10
29275,11274442,10
29276,1609,500000
29277,11274442,10
29278,11274442,30
29279,11274442,10
29280,1063997,10980
29281,1609,500000
29282,11274442,30
29283,11274442,80
29284,11274442,30
29285,1063997,9180
29286,1063997,8210
29287,11274442,20
29288,11274442,30
29289,11274442,30
29290,11274442,30
29291,11274442,50
29292,1063997,23880
29293,11274442,20
29294,11274442,110
29295,11274442,30
29296,1609,500000
29297,11274442,20
29298,11274442,50
29299,11274442,20
29300,11274442,70
29301,11274442,50
29302,11274442,20
29303,11274442,50
29304,11274442,10
29305,85985806,0
29306,11274442,20
29307,11274442,30
29308,1609,500000
29309,11274442,20
29310,11274442,40
29311,1063997,9470
29312,11274442,30
29313,11274442,10
29314,11274442,150
29315,11274442,30
29316,11274442,30
29317,11274442,20
29318,11274442,10
29319,11274442,60
29320,11274442,10
29321,11274442,30
29322,11274442,20
29323,11274442,10
29324,11274442,20
29325,11274442,30
29326,11274442,30
29327,11274442,20
29328,11274442,10
29329,11274442,30
29330,11274442,20
29331,11274442,30
29332,11274442,150
29333,11274442,30
29334,11274442,10
29335,11274442,10
29336,11274442,40
29337,11274442,50
29338,11274442,50
29339,11274442,10
29340,1063997,12440
29341,11274442,20
29342,1063997,5820
29343,11274442,20
29344,11274442,60
29345,11274442,20
29346,11274442,20
29347,11274442,10
29348,11274442,10
29349,11274442,40
29350,11274442,50
29351,11274442,10
29352,11274442,20
29353,11274442,20
29354,11274442,10
29355,11274442,10
29356,11274442,30
29357,11274442,20
29358,1063997,7140
29359,11274442,50
29360,11274442,20
29361,1063997,7740
29362,11274442,20
29363,11274442,20
29364,11274442,40
29365,85985806,0
29366,11274442,20
29367,11274442,10
29368,11274442,30
29369,11274442,10
29370,11274442,30
29371,11274442,10
29372,11274442,30
29373,11274442,40
29374,11274442,10
29375,11274442,80
29376,11274442,20
29377,11274442,20
29378,11274442,20
29379,1063997,7620
29380,11274442,30
29381,11274442,20
29382,1609,500000
29383,11274442,10
29384,11274442,30
29385,11274442,10
29386,11274442,10
29387,11274442,150
29388,11274442,10
29389,11274442,20
29390,11274442,40
29391,11274442,20
29392,11274442,30
29393,11274442,10
29394,11274442,40
29395,11274442,20
29396,11274442,20
29397,11274442,30
29398,1063997,56050
29399,11274442,10
29400,11274442,20
29401,11274442,60
29402,11274442,10
29403,85985806,0
29404,85985806,0
29405,11274442,10
29406,11274442,50
29407,11274442,20
29408,1609,500000
29409,11274442,30
29410,11274442,30
29411,11274442,10
29412,11274442,20
29413,11274442,20
29414,11274442,40
29415,1609,500000
29416,11274442,30
29417,11274442,10
29418,11274442,50
29419,11274442,30
29420,11274442,60
29421,1609,500000
29422,1609,500000
29423,1609,500000
29424,11274442,60
29425,11274442,20
29426,11274442,30
29427,11274442,30
29428,11274442,20
29429,1063997,11670
29430,11274442,40
29431,11274442,20
29432,11274442,30
29433,11274442,40
29434,11274442,70
29435,11274442,10
29436,1609,500000
29437,11274442,10
29438,85985806,0
29439,11274442,160
29440,11274442,20
29441,11274442,10
29442,11274442,50
29443,11274442,40
29444,11274442,110
29445,11274442,70
29446,11274442,30
29447,11274442,30
29448,1609,500000
29449,11274442,50
29450,11274442,10
29451,11274442,90
29452,11274442,40
29453,11274442,20
29454,1063997,13540
29455,11274442,40
29456,11274442,20
29457,11274442,60
29458,11274442,20
29459,11274442,80
29460,11274442,10
29461,11274442,10
29462,11274442,10
29463,11274442,10
29464,1609,500000
29465,11274442,60
29466,11274442,40
29467,11274442,10
29468,11274442,10
29469,11274442,30
29470,11274442,20
29471,11274442,20
29472,11274442,80
29473,11274442,40
29474,11274442,20
29475,11274442,30
29476,11274442,10
29477,11274442,60
29478,11274442,10
29479,11274442,30
29480,1063997,13100
29481,11274442,20
29482,11274442,40
29483,11274442,20
29484,11274442,70
29485,1063997,7670
29486,11274442,10
29487,11274442,30
29488,11274442,50
29489,1609,500000
29490,11274442,30
29491,11274442,10
29492,11274442,10
29493,1063997,9020
29494,11274442,20
29495,11274442,20
29496,1609,500000
29497,11274442,20
29498,11274442,10
29499,11274442,70
29500,1609,500000
29501,11274442,140
29502,11274442,20
29503,85985806,0
29504,1609,500000
29505,11274442,10
29506,11274442,40
29507,11274442,30
29508,11274442,110
29509,11274442,50
29510,11274442,40
29511,11274442,150
29512,11274442,10
29513,85985806,0
29514,85985806,0
29515,11274442,30
29516,11274442,20
29517,11274442,110
29518,1063997,9180
29519,11274442,40
29520,11274442,20
29521,11274442,40
29522,11274442,50
29523,11274442,30
29524,11274442,20
29525,11274442,30
29526,11274442,40
29527,11274442,20
29528,11274442,30
29529,11274442,30
29530,11274442,70
29531,1063997,10090
29532,11274442,20
29533,11274442,30
29534,11274442,40
29535,11274442,10
29536,11274442,80
29537,11274442,40
29538,11274442,10
29539,11274442,20
29540,11274442,30
29541,11274442,30
29542,11274442,20
29543,11274442,70
29544,11274442,20
29545,11274442,10
29546,11274442,10
29547,11274442,10
29548,11274442,50
29549,11274442,20
29550,11274442,20
29551,11274442,20
29552,11274442,20
29553,11274442,60
29554,11274442,10
29555,11274442,30
29556,11274442,30
29557,11274442,30
29558,11274442,50
29559,1609,500000
29560,11274442,50
29561,11274442,20
29562,11274442,40
29563,11274442,40
29564,11274442,10
29565,11274442,10
29566,11274442,30
29567,1063997,5820
29568,11274442,60
29569,11274442,40
29570,1609,500000
29571,1609,500000
29572,1063997,6600
29573,11274442,20
29574,11274442,10
29575,11274442,10
29576,11274442,30
29577,11274442,30
29578,11274442,10
29579,11274442,20
29580,11274442,70
29581,11274442,10
29582,1609,500000
29583,11274442,10
29584,11274442,10
29585,11274442,40
29586,11274442,40
29587,11274442,30
29588,11274442,20
29589,11274442,10
29590,11274442,20
29591,11274442,20
29592,1063997,57630
29593,11274442,20
29594,11274442,40
29595,11274442,60
29596,11274442,60
29597,11274442,30
29598,11274442,20
29599,11274442,40
29600,11274442,40
29601,1609,500000
29602,1063997,11610
29603,11274442,10
29604,11274442,60
29605,11274442,10
29606,11274442,10
29607,11274442,10
29608,11274442,50
29609,11274442,10
29610,11274442,150
29611,1609,500000
29612,11274442,10
29613,85985806,0
29614,11274442,10
29615,11274442,70
29616,11274442,50
29617,1609,500000
29618,11274442,10
29619,11274442,20
29620,11274442,20
29621,11274442,10
29622,11274442,20
29623,11274442,60
29624,11274442,30
29625,11274442,20
29626,11274442,20
29627,1063997,6380
29628,1063997,6470
29629,11274442,210
29630,11274442,60
29631,11274442,40
29632,11274442,20
29633,11274442,40
29634,11274442,90
29635,11274442,20
29636,11274442,30
29637,11274442,60
29638,11274442,20
29639,1063997,39440
29640,11274442,10
29641,11274442,30
29642,11274442,30
29643,11274442,30
29644,11274442,80
29645,1063997,8360
29646,11274442,10
29647,11274442,20
29648,11274442,10
29649,11274442,20
29650,11274442,30
29651,11274442,20
29652,11274442,30
29653,11274442,150
29654,11274442,10
29655,11274442,10
29656,11274442,20
29657,1609,500000
29658,11274442,10
29659,11274442,30
29660,11274442,60
29661,11274442,10
29662,1609,500000
29663,11274442,20
29664,11274442,10
29665,11274442,110
29666,11274442,20
29667,11274442,40
29668,11274442,20
29669,11274442,290
29670,11274442,10
29671,11274442,20
29672,11274442,10
29673,11274442,70
29674,11274442,20
29675,11274442,30
29676,85985806,0
29677,1609,500000
29678,11274442,120
29679,11274442,20
29680,11274442,20
29681,11274442,20
29682,11274442,70
29683,11274442,10
29684,11274442,30
29685,11274442,20
29686,11274442,10
29687,11274442,50
29688,11274442,20
29689,11274442,20
29690,11274442,20
29691,11274442,30
29692,11274442,20
29693,11274442,10
29694,11274442,30
29695,11274442,50
29696,1063997,9530
29697,11274442,20
29698,11274442,20
29699,11274442,30
29700,11274442,10
29701,11274442,10
29702,1609,500000
29703,1063997,6920
29704,11274442,40
29705,11274442,60
29706,11274442,40
29707,11274442,30
29708,11274442,20
29709,11274442,20
29710,11274442,30
29711,11274442,10
29712,11274442,40
29713,11274442,60
29714,11274442,10
29715,11274442,20
29716,11274442,210
29717,11274442,60
29718,11274442,50
29719,11274442,10
29720,11274442,20
29721,11274442,20
29722,11274442,20
29723,11274442,20
29724,11274442,10
29725,11274442,80
29726,11274442,60
29727,11274442,10
29728,11274442,30
29729,11274442,20
29730,11274442,20
29731,1063997,17100
29732,11274442,10
29733,11274442,20
29734,11274442,30
29735,11274442,30
29736,11274442,30
29737,11274442,40
29738,11274442,10
29739,11274442,50
29740,11274442,30
29741,1063997,5950
29742,11274442,20
29743,11274442,20
29744,11274442,20
29745,11274442,30
29746,11274442,30
29747,11274442,30
29748,11274442,20
29749,11274442,10
29750,11274442,20
29751,11274442,40
29752,11274442,20
29753,11274442,10
29754,11274442,20
29755,11274442,10
29756,11274442,60
29757,11274442,20
29758,11274442,30
29759,1609,500000
29760,11274442,20
29761,11274442,30
29762,11274442,20
29763,11274442,20
29764,1063997,14290
29765,11274442,10
29766,11274442,10
29767,11274442,20
29768,11274442,20
29769,11274442,20
29770,11274442,40
29771,11274442,50
29772,11274442,50
29773,11274442,30
29774,11274442,20
29775,11274442,30
29776,11274442,30
29777,11274442,40
29778,11274442,40
29779,11274442,40
29780,11274442,20
29781,11274442,10
29782,11274442,20
29783,11274442,30
29784,11274442,50
29785,11274442,10
29786,11274442,20
29787,11274442,50
29788,11274442,10
29789,11274442,60
29790,11274442,10
29791,11274442,10
29792,11274442,30
29793,11274442,50
29794,11274442,20
29795,1609,500000
29796,11274442,110
29797,1063997,7060
29798,11274442,60
29799,11274442,30
29800,11274442,40
29801,11274442,20
29802,11274442,20
29803,11274442,20
29804,11274442,20
29805,11274442,20
29806,11274442,30
29807,11274442,60
29808,11274442,40
29809,11274442,60
29810,11274442,120
29811,1063997,6850
29812,11274442,10
29813,11274442,50
29814,11274442,10
29815,11274442,20
29816,11274442,10
29817,11274442,20
29818,11274442,20
29819,1609,500000
29820,11274442,30
29821,11274442,50
29822,11274442,20
29823,11274442,50
29824,11274442,10
29825,1063997,7950
29826,1609,500000
29827,11274442,90
29828,11274442,80
29829,11274442,20
29830,11274442,20
29831,85985806,0
29832,11274442,30
29833,11274442,150
29834,11274442,110
29835,11274442,20
29836,11274442,30
29837,11274442,20
29838,85985806,0
29839,11274442,150
29840,11274442,40
29841,11274442,50
29842,11274442,40
29843,11274442,80
29844,85985806,0
29845,11274442,20
29846,11274442,80
29847,11274442,50
29848,11274442,20
29849,11274442,10
29850,11274442,20
29851,11274442,20
29852,11274442,20
29853,11274442,40
29854,11274442,80
29855,11274442,30
29856,11274442,10
29857,11274442,20
29858,11274442,10
29859,1609,500000
29860,11274442,10
29861,11274442,20
29862,11274442,20
29863,1063997,6500
29864,85985806,0
29865,11274442,50
29866,11274442,30
29867,11274442,20
29868,11274442,60
29869,11274442,10
29870,11274442,10
29871,11274442,10
29872,11274442,20
29873,1609,500000
29874,11274442,110
29875,11274442,50
29876,85985806,0
29877,11274442,20
29878,11274442,10
29879,11274442,30
29880,11274442,20
29881,11274442,40
29882,1609,500000
29883,11274442,30
29884,11274442,40
29885,11274442,20
29886,11274442,20
29887,1609,500000
29888,11274442,80
29889,11274442,30
29890,11274442,10
29891,1609,500000
29892,11274442,20
29893,1609,500000
29894,11274442,80
29895,11274442,40
29896,11274442,20
29897,1063997,6850
29898,11274442,30
29899,11274442,40
29900,11274442,50
29901,11274442,30
29902,11274442,40
29903,11274442,10
29904,11274442,40
29905,1063997,8750
29906,1063997,9770
29907,11274442,20
29908,11274442,10
29909,11274442,30
29910,11274442,20
29911,11274442,20
29912,11274442,30
29913,11274442,40
29914,11274442,40
29915,11274442,50
29916,11274442,20
29917,11274442,110
29918,11274442,20
29919,11274442,20
29920,11274442,30
29921,11274442,20
29922,11274442,30
29923,11274442,10
29924,11274442,10
29925,1063997,22450
29926,11274442,10
29927,11274442,30
29928,11274442,20
29929,11274442,10
29930,11274442,10
29931,11274442,30
29932,1609,500000
29933,11274442,30
29934,11274442,30
29935,11274442,50
29936,11274442,70
29937,11274442,70
29938,11274442,50
29939,11274442,60
29940,11274442,10
29941,11274442,20
29942,11274442,20
29943,1063997,9090
29944,11274442,20
29945,11274442,40
29946,11274442,20
29947,11274442,20
29948,11274442,70
29949,11274442,150
29950,11274442,10
29951,11274442,20
29952,11274442,10
29953,11274442,40
29954,11274442,10
29955,85985806,0
29956,11274442,40
29957,11274442,20
29958,11274442,10
29959,11274442,40
29960,11274442,10
29961,11274442,20
29962,1063997,81090
29963,11274442,10
29964,11274442,10
29965,11274442,20
29966,11274442,30
29967,11274442,10
29968,11274442,40
29969,11274442,30
29970,1609,500000
29971,11274442,10
29972,11274442,10
29973,11274442,20
29974,11274442,30
29975,1063997,7020
29976,11274442,30
29977,11274442,30
29978,11274442,70
29979,11274442,20
29980,11274442,80
29981,11274442,20
29982,11274442,30
29983,11274442,20
29984,11274442,10
29985,11274442,40
29986,11274442,60
29987,11274442,20
29988,11274442,10
29989,1609,500000
29990,11274442,10
29991,11274442,10
29992,11274442,10
29993,11274442,30
29994,11274442,20
29995,11274442,10
29996,11274442,10
29997,11274442,20
29998,11274442,20
29999,11274442,10
30000,11274442,50
30001,11274442,40
30002,11274442,30
30003,11274442,10
30004,11274442,20
30005,11274442,10
30006,11274442,30
30007,11274442,10
30008,11274442,110
30009,11274442,30
30010,11274442,20
30011,11274442,110
30012,11274442,80
30013,11274442,30
30014,11274442,30
30015,11274442,60
30016,11274442,40
30017,11274442,10
30018,11274442,60
30019,85985806,0
30020,11274442,40
30021,11274442,30
30022,11274442,20
30023,11274442,20
30024,1063997,12230
30025,11274442,30
30026,11274442,80
30027,11274442,150
30028,11274442,50
30029,11274442,10
30030,11274442,10
30031,11274442,10
30032,11274442,30
30033,11274442,20
30034,1063997,13470
30035,1609,500000
30036,11274442,10
30037,11274442,60
30038,11274442,10
30039,11274442,110
30040,11274442,110
30041,1609,500000
30042,11274442,10
30043,11274442,20
30044,11274442,20
30045,11274442,40
30046,11274442,10
30047,11274442,20
30048,11274442,20
30049,11274442,10
30050,11274442,200
30051,11274442,10
30052,11274442,40
30053,11274442,30
30054,11274442,30
30055,11274442,40
30056,1609,500000
30057,11274442,30
30058,1063997,8850
30059,11274442,20
30060,11274442,20
30061,11274442,20
30062,11274442,20
30063,11274442,20
30064,11274442,20
30065,11274442,50
30066,1063997,6000
30067,11274442,30
30068,11274442,30
30069,11274442,50
30070,11274442,30
30071,11274442,10
30072,11274442,60
30073,11274442,40
30074,11274442,20
30075,85985806,0
30076,11274442,20
30077,11274442,40
30078,11274442,90
30079,11274442,10
30080,11274442,50
30081,11274442,20
30082,11274442,10
30083,1063997,8690
30084,11274442,20
30085,1063997,12950
30086,1063997,10460
30087,11274442,50
30088,11274442,30
30089,11274442,20
30090,11274442,40
30091,11274442,30
30092,11274442,40
30093,11274442,40
30094,11274442,50
30095,11274442,80
30096,11274442,20
30097,11274442,10
30098,85985806,0
30099,11274442,10
30100,11274442,10
30101,11274442,70
30102,11274442,110
30103,11274442,50
30104,11274442,40
30105,1063997,5610
30106,11274442,20
30107,11274442,90
30108,11274442,90
30109,11274442,40
30110,11274442,60
30111,11274442,30
30112,1609,500000
30113,11274442,80
30114,11274442,40
30115,11274442,60
30116,11274442,90
30117,11274442,40
30118,11274442,10
30119,11274442,150
30120,11274442,10
30121,11274442,30
30122,11274442,20
30123,11274442,40
30124,11274442,10
30125,11274442,20
30126,11274442,10
30127,1609,500000
30128,11274442,50
30129,11274442,10
30130,1063997,7530
30131,11274442,20
30132,11274442,20
30133,1609,500000
30134,11274442,10
30135,11274442,60
30136,11274442,20
30137,11274442,110
30138,11274442,40
30139,1063997,6210
30140,11274442,20
30141,11274442,120
30142,11274442,30
30143,11274442,40
30144,11274442,10
30145,11274442,30
30146,11274442,20
30147,11274442,30
30148,11274442,80
30149,11274442,10
30150,11274442,30
30151,11274442,20
30152,11274442,50
30153,11274442,80
30154,11274442,10
30155,11274442,20
30156,11274442,20
30157,11274442,90
30158,11274442,30
30159,11274442,10
30160,11274442,30
30161,11274442,10
30162,11274442,50
30163,11274442,30
30164,11274442,40
30165,1609,500000
30166,11274442,20
30167,11274442,120
30168,1609,500000
30169,11274442,50
30170,85985806,0
30171,11274442,30
30172,11274442,30
30173,11274442,50
30174,1063997,11740
30175,11274442,10
30176,11274442,70
30177,11274442,10
30178,11274442,10
30179,11274442,40
30180,11274442,50
30181,11274442,40
30182,11274442,20
30183,11274442,30
30184,11274442,10
30185,11274442,40
30186,11274442,20
30187,11274442,30
30188,11274442,10
30189,11274442,70
30190,11274442,20
30191,11274442,20
30192,11274442,20
30193,11274442,10
30194,11274442,110
30195,1063997,7220
30196,11274442,20
30197,11274442,10
30198,11274442,20
30199,11274442,30
30200,11274442,50
30201,11274442,20
30202,11274442,30
30203,11274442,30
30204,11274442,20
30205,11274442,60
30206,11274442,20
30207,85985806,0
30208,11274442,30
30209,11274442,40
30210,11274442,20
30211,11274442,30
30212,11274442,30
30213,11274442,10
30214,1609,500000
30215,1063997,9000
30216,11274442,150
30217,11274442,20
30218,11274442,10
30219,11274442,20
30220,85985806,0
30221,11274442,30
30222,11274442,30
30223,11274442,50
30224,11274442,20
30225,11274442,20
30226,11274442,10
30227,11274442,50
30228,11274442,20
30229,11274442,20
30230,11274442,10
30231,11274442,10
30232,11274442,70
30233,11274442,20
30234,11274442,30
30235,11274442,20
30236,11274442,10
30237,11274442,70
30238,11274442,50
30239,11274442,10
30240,11274442,70
30241,11274442,30
30242,11274442,10
30243,11274442,10
30244,11274442,30
30245,11274442,80
30246,1609,500000
30247,11274442,20
30248,11274442,20
30249,11274442,10
30250,11274442,40
30251,11274442,20
30252,1063997,9230
30253,11274442,20
30254,1609,500000
30255,1609,500000
30256,11274442,30
30257,11274442,20
30258,1609,500000
30259,11274442,10
30260,1063997,8130
30261,11274442,10
30262,11274442,20
30263,11274442,20
30264,11274442,40
30265,11274442,20
30266,11274442,10
30267,11274442,20
30268,11274442,30
30269,11274442,20
30270,11274442,70
30271,11274442,20
30272,11274442,10
30273,11274442,50
30274,1063997,10560
30275,1063997,9010
30276,11274442,10
30277,11274442,80
30278,11274442,10
30279,11274442,20
30280,11274442,20
30281,11274442,20
30282,11274442,10
30283,11274442,10
30284,11274442,50
30285,11274442,20
30286,11274442,40
30287,11274442,40
30288,11274442,30
30289,11274442,40
30290,1609,500000
30291,1609,500000
30292,11274442,10
30293,1609,500000
30294,11274442,50
30295,1609,500000
30296,11274442,30
30297,11274442,10
30298,1609,500000
30299,11274442,30
30300,11274442,10
30301,11274442,50
30302,11274442,10
30303,1063997,7830
30304,85985806,0
30305,1063997,15230
30306,11274442,20
30307,11274442,20
30308,11274442,40
30309,11274442,10
30310,11274442,30
30311,11274442,40
30312,11274442,20
30313,1609,500000
30314,11274442,10
30315,11274442,20
30316,11274442,20
30317,11274442,60
30318,11274442,90
30319,11274442,10
30320,11274442,10
30321,11274442,10
30322,11274442,20
30323,11274442,20
30324,11274442,40
30325,11274442,10
30326,11274442,10
30327,1609,500000
30328,11274442,60
30329,1063997,8450
30330,11274442,30
30331,1609,500000
30332,1609,500000
30333,11274442,160
30334,11274442,30
30335,11274442,10
30336,11274442,30
30337,11274442,40
30338,11274442,20
30339,11274442,40
30340,11274442,10
30341,1609,500000
30342,11274442,10
30343,11274442,30
30344,11274442,10
30345,11274442,20
30346,11274442,40
30347,1063997,16210
30348,11274442,10
30349,11274442,40
30350,1063997,85750
30351,11274442,40
30352,11274442,10
30353,1063997,4990
30354,11274442,30
30355,11274442,10
30356,11274442,10
30357,1063997,16230
30358,11274442,40
30359,11274442,40
30360,11274442,50
30361,11274442,10
30362,11274442,60
30363,11274442,30
30364,1609,500000
30365,11274442,80
30366,11274442,10
30367,11274442,50
30368,11274442,20
30369,11274442,10
30370,1063997,6470
30371,11274442,20
30372,1063997,6310
30373,11274442,60
30374,11274442,10
30375,11274442,20
30376,11274442,20
30377,11274442,10
30378,11274442,20
30379,11274442,20
30380,11274442,20
30381,11274442,10
30382,11274442,20
30383,11274442,20
30384,11274442,10
30385,11274442,80
30386,1609,500000
30387,11274442,50
30388,11274442,20
30389,1063997,6230
30390,11274442,40
30391,11274442,20
30392,11274442,10
30393,11274442,90
30394,11274442,30
30395,11274442,20
30396,11274442,20
30397,85985806,0
30398,11274442,40
30399,11274442,10
30400,11274442,50
30401,1609,500000
30402,11274442,10
30403,85985806,0
30404,11274442,20
30405,11274442,20
30406,11274442,80
30407,11274442,30
30408,11274442,10
30409,11274442,10
30410,11274442,30
30411,11274442,10
30412,1063997,6340
30413,85985806,0
30414,11274442,10
30415,11274442,10
30416,11274442,40
30417,11274442,80
30418,11274442,20
30419,11274442,50
30420,11274442,40
30421,11274442,10
30422,11274442,40
30423,11274442,40
30424,11274442,50
30425,11274442,50
30426,85985806,0
30427,1609,500000
30428,11274442,60
30429,11274442,10
30430,11274442,10
30431,1063997,9120
30432,11274442,20
30433,11274442,20
30434,11274442,110
30435,1609,500000
30436,11274442,60
30437,11274442,20
30438,11274442,110
30439,1063997,8080
30440,11274442,50
30441,11274442,10
30442,85985806,0
30443,11274442,30
30444,11274442,30
30445,11274442,10
30446,11274442,30
30447,11274442,10
30448,11274442,110
30449,1609,500000
30450,11274442,10
30451,11274442,30
30452,11274442,30
30453,11274442,10
30454,11274442,10
30455,1063997,17600
30456,11274442,10
30457,11274442,20
30458,11274442,30
30459,11274442,40
30460,11274442,30
30461,11274442,10
30462,11274442,20
30463,11274442,10
30464,11274442,10
30465,11274442,30
30466,11274442,20
30467,11274442,60
30468,11274442,30
30469,11274442,10
30470,11274442,40
30471,11274442,30
30472,11274442,110
30473,11274442,110
30474,11274442,20
30475,11274442,20
30476,11274442,30
30477,11274442,60
30478,11274442,20
30479,11274442,90
30480,1609,500000
30481,11274442,20
30482,11274442,10
30483,11274442,10
30484,11274442,60
30485,1063997,8360
30486,1609,500000
30487,11274442,30
30488,11274442,30
30489,11274442,40
30490,11274442,10
30491,11274442,20
30492,11274442,20
30493,11274442,70
30494,11274442,20
30495,11274442,20
30496,11274442,20
30497,11274442,40
30498,1063997,9140
30499,11274442,10
30500,11274442,10
30501,11274442,40
30502,11274442,10
30503,11274442,10
30504,11274442,110
30505,11274442,20
30506,11274442,30
30507,11274442,40
30508,11274442,40
30509,11274442,50
30510,1063997,5410
30511,11274442,110
30512,11274442,20
30513,11274442,30
30514,11274442,10
30515,1063997,9120
30516,1609,500000
30517,11274442,60
30518,11274442,30
30519,1609,500000
30520,11274442,20
30521,11274442,20
30522,11274442,10
30523,11274442,10
30524,11274442,50
30525,11274442,50
30526,11274442,50
30527,11274442,20
30528,11274442,10
30529,11274442,50
30530,1609,500000
30531,1063997,9310
30532,11274442,60
30533,11274442,40
30534,11274442,100
30535,11274442,30
30536,11274442,30
30537,11274442,10
30538,1609,500000
30539,11274442,30
30540,11274442,20
30541,11274442,10
30542,11274442,20
30543,11274442,10
30544,11274442,50
30545,11274442,20
30546,11274442,30
30547,11274442,150
30548,11274442,20
30549,11274442,80
30550,11274442,20
30551,11274442,20
30552,11274442,30
30553,1609,500000
30554,11274442,30
30555,11274442,10
30556,1609,500000
30557,11274442,30
30558,11274442,10
30559,11274442,30
30560,1063997,7650
30561,11274442,40
30562,11274442,30
30563,11274442,40
30564,11274442,10
30565,1609,500000
30566,11274442,40
30567,11274442,20
30568,11274442,150
30569,11274442,40
30570,11274442,30
30571,1609,500000
30572,11274442,20
30573,11274442,40
30574,11274442,20
30575,11274442,20
30576,11274442,10
30577,11274442,20
30578,11274442,10
30579,11274442,20
30580,11274442,20
30581,11274442,10
30582,11274442,40
30583,11274442,10
30584,11274442,20
30585,11274442,60
30586,11274442,10
30587,11274442,10
30588,11274442,20
30589,11274442,20
30590,11274442,10
30591,11274442,30
30592,11274442,10
30593,11274442,10
30594,11274442,20
30595,11274442,30
30596,11274442,70
30597,11274442,20
30598,11274442,10
30599,11274442,20
30600,11274442,30
30601,11274442,10
30602,11274442,50
30603,11274442,20
30604,11274442,30
30605,11274442,10
30606,11274442,20
30607,11274442,60
30608,11274442,50
30609,11274442,10
30610,11274442,80
30611,11274442,10
30612,11274442,110
30613,11274442,130
30614,1063997,7500
30615,11274442,70
30616,11274442,20
30617,11274442,110
30618,11274442,20
30619,11274442,30
30620,11274442,10
30621,11274442,30
30622,11274442,90
30623,11274442,10
30624,1609,500000
30625,1609,500000
30626,11274442,60
30627,1063997,13020
30628,11274442,40
30629,11274442,50
30630,11274442,40
30631,11274442,10
30632,11274442,30
30633,11274442,20
30634,11274442,50
30635,11274442,60
30636,1609,500000
30637,11274442,20
30638,1063997,5320
30639,11274442,20
30640,1063997,7640
30641,11274442,10
30642,11274442,90
30643,11274442,10
30644,11274442,30
30645,1609,500000
30646,11274442,10
30647,11274442,30
30648,11274442,20
30649,1063997,10220
30650,11274442,10
30651,11274442,10
30652,1063997,9320
30653,11274442,30
30654,11274442,10
30655,11274442,30
30656,11274442,80
30657,11274442,80
30658,11274442,20
30659,11274442,20
30660,11274442,90
30661,11274442,110
30662,11274442,10
30663,1063997,31480
30664,11274442,60
30665,11274442,50
30666,11274442,20
30667,11274442,80
30668,11274442,10
30669,11274442,20
30670,11274442,10
30671,11274442,10
30672,11274442,20
30673,11274442,20
30674,11274442,10
30675,11274442,20
30676,11274442,10
30677,11274442,50
30678,11274442,30
30679,1609,500000
30680,11274442,10
30681,11274442,30
30682,11274442,90
30683,11274442,20
30684,11274442,110
30685,11274442,30
30686,11274442,10
30687,11274442,10
30688,11274442,10
30689,11274442,10
30690,11274442,20
30691,11274442,40
30692,11274442,50
30693,11274442,10
30694,11274442,30
30695,11274442,40
30696,1063997,7010
30697,11274442,10
30698,11274442,30
30699,11274442,30
30700,11274442,20
30701,11274442,20
30702,11274442,40
30703,11274442,30
30704,11274442,10
30705,11274442,10
30706,11274442,30
30707,11274442,20
30708,11274442,150
30709,11274442,20
30710,11274442,30
30711,11274442,50
30712,11274442,30
30713,11274442,40
30714,11274442,40
30715,11274442,20
30716,11274442,20
30717,11274442,20
30718,11274442,10
30719,11274442,40
30720,11274442,80
30721,11274442,10
30722,11274442,10
30723,11274442,20
30724,11274442,10
30725,11274442,20
30726,11274442,10
30727,11274442,10
30728,1063997,13430
30729,11274442,10
30730,11274442,50
30731,11274442,80
30732,11274442,20
30733,11274442,30
30734,11274442,50
30735,11274442,80
30736,11274442,20
30737,11274442,80
30738,11274442,20
30739,11274442,10
30740,11274442,10
30741,11274442,30
30742,11274442,10
30743,11274442,10
30744,11274442,10
30745,11274442,30
30746,11274442,50
30747,11274442,10
30748,11274442,80
30749,11274442,30
30750,11274442,30
30751,11274442,20
30752,11274442,30
30753,11274442,10
30754,11274442,10
30755,11274442,60
30756,11274442,30
30757,11274442,20
30758,11274442,10
30759,11274442,80
30760,11274442,40
30761,11274442,50
30762,11274442,10
30763,11274442,10
30764,11274442,10
30765,1063997,6060
30766,11274442,10
30767,11274442,20
30768,11274442,20
30769,11274442,40
30770,11274442,60
30771,11274442,30
30772,11274442,90
30773,11274442,80
30774,11274442,30
30775,11274442,20
30776,11274442,30
30777,11274442,40
30778,11274442,40
30779,11274442,20
30780,1609,500000
30781,11274442,10
30782,1063997,8190
30783,11274442,20
30784,11274442,10
30785,11274442,60
30786,11274442,30
30787,11274442,30
30788,11274442,30
30789,11274442,10
30790,11274442,20
30791,11274442,110
30792,11274442,30
30793,11274442,60
30794,11274442,10
30795,11274442,20
30796,85985806,0
30797,11274442,10
30798,11274442,10
30799,1609,500000
30800,11274442,10
30801,11274442,20
30802,11274442,20
30803,11274442,40
30804,11274442,30
30805,11274442,150
30806,1063997,4670
30807,11274442,70
30808,11274442,10
30809,11274442,60
30810,1609,500000
30811,11274442,10
30812,11274442,50
30813,11274442,20
30814,11274442,20
30815,11274442,20
30816,11274442,40
30817,11274442,50
30818,11274442,30
30819,11274442,10
30820,11274442,20
30821,11274442,10
30822,11274442,30
30823,11274442,30
30824,11274442,20
30825,11274442,10
30826,11274442,150
30827,11274442,70
30828,11274442,30
30829,11274442,60
30830,11274442,30
30831,11274442,50
30832,11274442,10
30833,11274442,80
30834,85985806,0
30835,11274442,10
30836,11274442,60
30837,1609,500000
30838,11274442,30
30839,11274442,10
30840,11274442,70
30841,11274442,10
30842,11274442,60
30843,11274442,40
30844,11274442,20
30845,11274442,10
30846,11274442,30
30847,11274442,30
30848,1609,500000
30849,11274442,30
30850,11274442,10
30851,11274442,40
30852,11274442,10
30853,11274442,70
30854,11274442,70
30855,11274442,30
30856,11274442,30
30857,11274442,10
30858,11274442,10
30859,11274442,30
30860,11274442,10
30861,11274442,20
30862,11274442,10
30863,11274442,20
30864,11274442,70
30865,11274442,30
30866,1609,500000
30867,11274442,20
30868,11274442,100
30869,11274442,90
30870,11274442,30
30871,11274442,20
30872,11274442,30
30873,11274442,20
30874,11274442,10
30875,11274442,70
30876,11274442,40
30877,1063997,5990
30878,11274442,10
30879,11274442,10
30880,1063997,57960
30881,11274442,30
30882,11274442,20
30883,11274442,20
30884,11274442,10
30885,1609,500000
30886,11274442,20
30887,11274442,30
30888,11274442,60
30889,11274442,80
30890,11274442,10
30891,11274442,30
30892,11274442,20
30893,85985806,0
30894,11274442,20
30895,11274442,20
30896,11274442,30
30897,11274442,20
30898,11274442,40
30899,11274442,80
30900,11274442,20
30901,11274442,50
30902,11274442,20
30903,1063997,6150
30904,11274442,30
30905,11274442,120
30906,11274442,20
30907,11274442,40
30908,11274442,10
30909,11274442,40
30910,11274442,50
30911,11274442,20
30912,1609,500000
30913,11274442,50
30914,1609,500000
30915,11274442,10
30916,11274442,30
30917,11274442,60
30918,11274442,50
30919,85985806,0
30920,1609,500000
30921,1609,500000
30922,1609,500000
30923,11274442,20
30924,11274442,20
30925,11274442,10
30926,11274442,30
30927,11274442,60
30928,11274442,50
30929,11274442,10
30930,11274442,30
30931,11274442,30
30932,11274442,20
30933,1609,500000
30934,11274442,10
30935,11274442,60
30936,11274442,40
30937,1609,500000
30938,11274442,10
30939,1609,500000
30940,11274442,150
30941,11274442,30
30942,11274442,150
30943,11274442,20
30944,11274442,40
30945,11274442,40
30946,11274442,10
30947,11274442,120
30948,11274442,20
30949,11274442,10
30950,1063997,16390
30951,1063997,6470
30952,11274442,60
30953,11274442,20
30954,1609,500000
30955,11274442,30
30956,11274442,10
30957,11274442,20
30958,1609,500000
30959,11274442,20
30960,1609,500000
30961,11274442,10
30962,11274442,10
30963,11274442,20
30964,11274442,30
30965,11274442,30
30966,1609,500000
30967,11274442,10
30968,11274442,60
30969,1609,500000
30970,11274442,10
30971,1063997,7650
30972,1609,500000
30973,11274442,10
30974,11274442,20
30975,11274442,80
30976,11274442,10
30977,11274442,50
30978,11274442,40
30979,1609,500000
30980,11274442,20
30981,1609,500000
30982,11274442,60
30983,11274442,30
30984,11274442,60
30985,11274442,20
30986,1063997,9730
30987,11274442,50
30988,11274442,30
30989,1063997,8540
30990,11274442,10
30991,1063997,10600
30992,11274442,10
30993,11274442,40
30994,11274442,70
30995,11274442,30
30996,1609,500000
30997,11274442,80
30998,11274442,30
30999,11274442,40
31000,11274442,20
31001,11274442,40
31002,11274442,20
31003,11274442,30
31004,11274442,20
31005,11274442,30
31006,11274442,30
31007,11274442,40
31008,11274442,30
31009,11274442,20
31010,11274442,10
31011,11274442,10
31012,11274442,20
31013,11274442,30
31014,11274442,30
31015,11274442,20
31016,11274442,40
31017,11274442,30
31018,1609,500000
31019,11274442,170
31020,1609,500000
31021,1609,500000
31022,11274442,10
31023,11274442,20
31024,11274442,40
31025,1063997,9410
31026,11274442,80
31027,11274442,150
31028,11274442,60
31029,11274442,30
31030,11274442,10
31031,11274442,20
31032,11274442,10
31033,11274442,70
31034,11274442,10
31035,11274442,10
31036,11274442,10
31037,11274442,30
31038,11274442,20
31039,11274442,20
31040,11274442,110
31041,11274442,20
31042,11274442,40
31043,11274442,30
31044,1063997,9140
31045,11274442,20
31046,11274442,10
31047,11274442,30
31048,11274442,150
31049,1609,500000
31050,11274442,30
31051,1063997,5670
31052,11274442,20
31053,11274442,10
31054,11274442,20
31055,11274442,10
31056,11274442,90
31057,1063997,5830
31058,11274442,10
31059,11274442,30
31060,1609,500000
31061,1609,500000
31062,11274442,10
31063,11274442,30
31064,11274442,30
31065,11274442,40
31066,11274442,20
31067,11274442,10
31068,1609,500000
31069,1063997,8240
31070,11274442,20
31071,11274442,10
31072,11274442,50
31073,11274442,10
31074,1063997,32940
31075,11274442,20
31076,11274442,30
31077,11274442,40
31078,11274442,40
31079,1609,500000
31080,1609,500000
31081,11274442,50
31082,11274442,60
31083,11274442,20
31084,85985806,0
31085,11274442,60
31086,11274442,60
31087,11274442,10
31088,11274442,10
31089,11274442,40
31090,11274442,70
31091,11274442,40
31092,11274442,10
31093,11274442,10
31094,1609,500000
31095,11274442,60
31096,1609,500000
31097,11274442,20
31098,11274442,50
31099,11274442,90
31100,1609,500000
31101,85985806,0
31102,11274442,70
31103,1063997,14340
31104,11274442,10
31105,11274442,40
31106,11274442,60
31107,11274442,30
31108,11274442,30
31109,11274442,30
31110,11274442,30
31111,11274442,10
31112,11274442,20
31113,11274442,10
31114,11274442,50
31115,1063997,9130
31116,11274442,10
31117,11274442,30
31118,11274442,40
31119,1063997,8550
31120,85985806,0
31121,11274442,10
31122,11274442,10
31123,11274442,30
31124,11274442,30
31125,11274442,20
31126,11274442,10
31127,1609,500000
31128,1063997,8690
31129,1609,500000
31130,11274442,10
31131,11274442,20
31132,11274442,20
31133,11274442,30
31134,1609,500000
31135,11274442,30
31136,1609,500000
31137,11274442,20
31138,11274442,10
31139,11274442,10
31140,11274442,40
31141,11274442,70
31142,11274442,10
31143,11274442,20
31144,11274442,20
31145,11274442,10
31146,11274442,50
31147,11274442,10
31148,11274442,10
31149,11274442,10
31150,11274442,20
31151,1063997,6010
31152,11274442,20
31153,11274442,20
31154,11274442,10
31155,11274442,30
31156,11274442,40
31157,11274442,30
31158,11274442,20
31159,11274442,70
31160,11274442,10
31161,11274442,50
31162,11274442,30
31163,1609,500000
31164,11274442,20
31165,11274442,20
31166,11274442,50
31167,1063997,6770
31168,11274442,30
31169,11274442,30
31170,11274442,60
31171,11274442,210
31172,11274442,30
31173,11274442,10
31174,11274442,20
31175,11274442,20
31176,11274442,10
31177,1609,500000
31178,11274442,150
31179,11274442,30
31180,85985806,0
31181,11274442,20
31182,11274442,30
31183,11274442,110
31184,11274442,50
31185,11274442,30
31186,11274442,40
31187,11274442,60
31188,1063997,5190
31189,11274442,30
31190,11274442,80
31191,11274442,50
31192,11274442,10
31193,11274442,30
31194,11274442,40
31195,11274442,40
31196,11274442,30
31197,11274442,10
31198,11274442,30
31199,11274442,20
31200,11274442,60
31201,85985806,0
31202,85985806,0
31203,85985806,0
31204,85985806,0
31205,85985806,0
31206,85985806,0
31207,85985806,0
31208,85985806,0
31209,85985806,0
31210,85985806,0
31211,85985806,0
31212,85985806,0
31213,85985806,0
31214,85985806,0
31215,85985806,0
31216,85985806,0
31217,85985806,0
31218,85985806,0
31219,85985806,0
31220,85985806,0
31221,85985806,0
31222,85985806,0
31223,85985806,0
31224,85985806,0
31225,85985806,0
31226,85985806,0
31227,85985806,0
31228,85985806,0
31229,85985806,0
31230,85985806,0
31231,85985806,0
31232,85985806,0
31233,85985806,0
31234,85985806,0
31235,85985806,0
31236,85985806,0
31237,85985806,0
31238,85985806,0
31239,85985806,0
31240,85985806,0
31241,85985806,0
31242,85985806,0
31243,85985806,0
31244,85985806,0
31245,85985806,0
31246,85985806,0
31247,85985806,0
31248,85985806,0
31249,85985806,0
31250,85985806,0
31251,85985806,0
31252,85985806,0
31253,85985806,0
31254,85985806,0
31255,85985806,0
31256,85985806,0
31257,85985806,0
31258,85985806,0
31259,85985806,0
31260,85985806,0
31261,85985806,0
31262,85985806,0
31263,85985806,0
31264,85985806,0
31265,85985806,0
31266,85985806,0
31267,85985806,0
31268,85985806,0
31269,85985806,0
31270,85985806,0
31271,85985806,0
31272,85985806,0
31273,85985806,0
31274,85985806,0
31275,85985806,0
31276,85985806,0
31277,85985806,0
31278,85985806,0
31279,85985806,0
31280,85985806,0
31281,85985806,0
31282,85985806,0
31283,85985806,0
31284,85985806,0
31285,85985806,0
31286,85985806,0
31287,85985806,0
31288,85985806,0
31289,85985806,0
31290,85985806,0
31291,85985806,0
31292,85985806,0
31293,85985806,0
31294,85985806,0
31295,85985806,0
31296,85985806,0
31297,85985806,0
31298,85985806,0
31299,85985806,0
31300,85985806,0
31301,85985806,0
31302,85985806,0
31303,85985806,0
31304,85985806,0
31305,85985806,0
31306,85985806,0
31307,85985806,0
31308,85985806,0
31309,85985806,0
31310,85985806,0
31311,85985806,0
31312,85985806,0
31313,85985806,0
31314,85985806,0
31315,85985806,0
31316,85985806,0
31317,85985806,0
31318,85985806,0
31319,85985806,0
31320,85985806,0
31321,85985806,0
31322,85985806,0
31323,85985806,0
31324,85985806,0
31325,85985806,0
31326,85985806,0
31327,85985806,0
31328,85985806,0
31329,85985806,0
31330,85985806,0
31331,85985806,0
31332,85985806,0
31333,85985806,0
31334,85985806,0
31335,85985806,0
31336,85985806,0
31337,85985806,0
31338,85985806,0
31339,85985806,0
31340,85985806,0
31341,85985806,0
31342,85985806,0
31343,85985806,0
31344,85985806,0
31345,85985806,0
31346,85985806,0
31347,85985806,0
31348,85985806,0
31349,85985806,0
31350,85985806,0
31351,85985806,0
31352,85985806,0
31353,85985806,0
31354,85985806,0
31355,85985806,0
31356,85985806,0
31357,85985806,0
31358,85985806,0
31359,85985806,0
31360,85985806,0
31361,85985806,0
31362,85985806,0
31363,85985806,0
31364,85985806,0
31365,85985806,0
31366,85985806,0
31367,85985806,0
31368,85985806,0
31369,85985806,0
31370,85985806,0
31371,85985806,0
31372,85985806,0
31373,85985806,0
31374,85985806,0
31375,85985806,0
31376,85985806,0
31377,85985806,0
31378,85985806,0
31379,85985806,0
31380,85985806,0
31381,85985806,0
31382,85985806,0
31383,85985806,0
31384,85985806,0
31385,85985806,0
31386,85985806,0
31387,85985806,0
31388,85985806,0
31389,85985806,0
31390,85985806,0
31391,85985806,0
31392,85985806,0
31393,85985806,0
31394,85985806,0
31395,85985806,0
31396,85985806,0
31397,85985806,0
31398,85985806,0
31399,85985806,0
31400,85985806,0
31401,85985806,0
31402,85985806,0
31403,85985806,0
31404,85985806,0
31405,85985806,0
31406,85985806,0
31407,85985806,0
31408,85985806,0
31409,85985806,0
31410,85985806,0
31411,85985806,0
31412,85985806,0
31413,85985806,0
31414,85985806,0
31415,85985806,0
31416,85985806,0
31417,85985806,0
31418,85985806,0
31419,85985806,0
31420,85985806,0
31421,85985806,0
31422,85985806,0
31423,85985806,0
31424,85985806,0
31425,85985806,0
31426,85985806,0
31427,85985806,0
31428,85985806,0
31429,85985806,0
31430,85985806,0
31431,85985806,0
31432,85985806,0
31433,85985806,0
31434,85985806,0
31435,85985806,0
31436,85985806,0
31437,85985806,0
31438,85985806,0
31439,85985806,0
31440,85985806,0
31441,85985806,0
31442,85985806,0
31443,85985806,0
31444,85985806,0
31445,85985806,0
31446,85985806,0
31447,85985806,0
31448,85985806,0
31449,85985806,0
31450,85985806,0
31451,85985806,0
31452,85985806,0
31453,85985806,0
31454,85985806,0
31455,85985806,0
31456,85985806,0
31457,85985806,0
31458,85985806,0
31459,85985806,0
31460,85985806,0
31461,85985806,0
31462,85985806,0
31463,85985806,0
31464,85985806,0
31465,85985806,0
31466,85985806,0
31467,85985806,0
31468,85985806,0
31469,85985806,0
31470,85985806,0
31471,85985806,0
31472,85985806,0
31473,85985806,0
31474,85985806,0
31475,85985806,0
31476,85985806,0
31477,85985806,0
31478,85985806,0
31479,85985806,0
31480,85985806,0
31481,85985806,0
31482,85985806,0
31483,85985806,0
31484,85985806,0
31485,85985806,0
31486,85985806,0
31487,85985806,0
31488,85985806,0
31489,85985806,0
31490,85985806,0
31491,85985806,0
31492,85985806,0
31493,85985806,0
31494,85985806,0
31495,85985806,0
31496,85985806,0
31497,85985806,0
31498,85985806,0
31499,85985806,0
31500,85985806,0
31501,85985806,0
31502,85985806,0
31503,85985806,0
31504,85985806,0
31505,85985806,0
31506,85985806,0
31507,85985806,0
31508,85985806,0
31509,85985806,0
31510,85985806,0
31511,85985806,0
31512,85985806,0
31513,85985806,0
31514,85985806,0
31515,85985806,0
31516,85985806,0
31517,85985806,0
31518,85985806,0
31519,85985806,0
31520,85985806,0
31521,85985806,0
31522,85985806,0
31523,85985806,0
31524,85985806,0
31525,85985806,0
31526,85985806,0
31527,85985806,0
31528,85985806,0
31529,85985806,0
31530,85985806,0
31531,85985806,0
31532,85985806,0
31533,85985806,0
31534,85985806,0
31535,85985806,0
31536,85985806,0
31537,85985806,0
31538,85985806,0
31539,85985806,0
31540,85985806,0
31541,85985806,0
31542,85985806,0
31543,85985806,0
31544,85985806,0
31545,85985806,0
31546,85985806,0
31547,85985806,0
31548,85985806,0
31549,85985806,0
31550,85985806,0
31551,85985806,0
31552,85985806,0
31553,85985806,0
31554,85985806,0
31555,85985806,0
31556,85985806,0
31557,85985806,0
31558,85985806,0
31559,85985806,0
31560,85985806,0
31561,85985806,0
31562,85985806,0
31563,85985806,0
31564,85985806,0
31565,85985806,0
31566,85985806,0
31567,85985806,0
31568,85985806,0
31569,85985806,0
31570,85985806,0
31571,85985806,0
31572,85985806,0
31573,85985806,0
31574,85985806,0
31575,85985806,0
31576,85985806,0
31577,85985806,0
31578,85985806,0
31579,85985806,0
31580,85985806,0
31581,85985806,0
31582,85985806,0
31583,85985806,0
31584,85985806,0
31585,85985806,0
31586,85985806,0
31587,85985806,0
31588,85985806,0
31589,85985806,0
31590,85985806,0
31591,85985806,0
31592,85985806,0
31593,85985806,0
31594,85985806,0
31595,85985806,0
31596,85985806,0
31597,85985806,0
31598,85985806,0
31599,85985806,0
31600,85985806,0
31601,85985806,0
31602,85985806,0
31603,85985806,0
31604,85985806,0
31605,85985806,0
31606,85985806,0
31607,85985806,0
31608,85985806,0
31609,85985806,0
31610,85985806,0
31611,85985806,0
31612,85985806,0
31613,85985806,0
31614,85985806,0
31615,85985806,0
31616,85985806,0
31617,85985806,0
31618,85985806,0
31619,85985806,0
31620,85985806,0
31621,85985806,0
31622,85985806,0
31623,85985806,0
31624,85985806,0
31625,85985806,0
31626,85985806,0
31627,85985806,0
31628,85985806,0
31629,85985806,0
31630,85985806,0
31631,85985806,0
31632,85985806,0
31633,85985806,0
31634,85985806,0
31635,85985806,0
31636,85985806,0
31637,85985806,0
31638,85985806,0
31639,85985806,0
31640,85985806,0
31641,85985806,0
31642,85985806,0
31643,85985806,0
31644,85985806,0
31645,85985806,0
31646,85985806,0
31647,85985806,0
31648,85985806,0
31649,85985806,0
31650,85985806,0
31651,85985806,0
31652,85985806,0
31653,85985806,0
31654,85985806,0
31655,85985806,0
31656,85985806,0
31657,85985806,0
31658,85985806,0
31659,85985806,0
31660,85985806,0
31661,85985806,0
31662,85985806,0
31663,85985806,0
31664,85985806,0
31665,85985806,0
31666,85985806,0
31667,85985806,0
31668,85985806,0
31669,85985806,0
31670,85985806,0
31671,85985806,0
31672,85985806,0
31673,85985806,0
31674,85985806,0
31675,85985806,0
31676,85985806,0
31677,85985806,0
31678,85985806,0
31679,85985806,0
31680,85985806,0
31681,85985806,0
31682,85985806,0
31683,85985806,0
31684,85985806,0
31685,85985806,0
31686,85985806,0
31687,85985806,0
31688,85985806,0
31689,85985806,0
31690,85985806,0
31691,85985806,0
31692,85985806,0
31693,85985806,0
31694,85985806,0
31695,85985806,0
31696,85985806,0
31697,85985806,0
31698,85985806,0
31699,85985806,0
31700,85985806,0
31701,85985806,0
31702,85985806,0
31703,85985806,0
31704,85985806,0
31705,85985806,0
31706,85985806,0
31707,85985806,0
31708,85985806,0
31709,85985806,0
31710,85985806,0
31711,85985806,0
31712,85985806,0
31713,85985806,0
31714,85985806,0
31715,85985806,0
31716,85985806,0
31717,85985806,0
31718,85985806,0
31719,85985806,0
31720,85985806,0
31721,85985806,0
31722,85985806,0
31723,85985806,0
31724,85985806,0
31725,85985806,0
31726,85985806,0
31727,85985806,0
31728,85985806,0
31729,85985806,0
31730,85985806,0
31731,85985806,0
31732,85985806,0
31733,85985806,0
31734,85985806,0
31735,85985806,0
31736,85985806,0
31737,85985806,0
31738,85985806,0
31739,85985806,0
31740,85985806,0
31741,85985806,0
31742,85985806,0
31743,85985806,0
31744,85985806,0
31745,85985806,0
31746,85985806,0
31747,85985806,0
31748,85985806,0
31749,85985806,0
31750,85985806,0
31751,85985806,0
31752,85985806,0
31753,85985806,0
31754,85985806,0
31755,85985806,0
31756,85985806,0
31757,85985806,0
31758,85985806,0
31759,85985806,0
31760,85985806,0
31761,85985806,0
31762,85985806,0
31763,85985806,0
31764,85985806,0
31765,85985806,0
31766,85985806,0
31767,85985806,0
31768,85985806,0
31769,85985806,0
31770,85985806,0
31771,85985806,0
31772,85985806,0
31773,85985806,0
31774,85985806,0
31775,85985806,0
31776,85985806,0
31777,85985806,0
31778,85985806,0
31779,85985806,0
31780,85985806,0
31781,85985806,0
31782,85985806,0
31783,85985806,0
31784,85985806,0
31785,85985806,0
31786,85985806,0
31787,85985806,0
31788,85985806,0
31789,85985806,0
31790,85985806,0
31791,85985806,0
31792,85985806,0
31793,85985806,0
31794,85985806,0
31795,85985806,0
31796,85985806,0
31797,85985806,0
31798,85985806,0
31799,85985806,0
31800,85985806,0
31801,85985806,0
31802,85985806,0
31803,85985806,0
31804,85985806,0
31805,85985806,0
31806,85985806,0
31807,85985806,0
31808,85985806,0
31809,85985806,0
31810,85985806,0
31811,85985806,0
31812,85985806,0
31813,85985806,0
31814,85985806,0
31815,85985806,0
31816,85985806,0
31817,85985806,0
31818,85985806,0
31819,85985806,0
31820,85985806,0
31821,85985806,0
31822,85985806,0
31823,85985806,0
31824,85985806,0
31825,85985806,0
31826,85985806,0
31827,85985806,0
31828,85985806,0
31829,85985806,0
31830,85985806,0
31831,85985806,0
31832,85985806,0
31833,85985806,0
31834,85985806,0
31835,85985806,0
31836,85985806,0
31837,85985806,0
31838,85985806,0
31839,85985806,0
31840,85985806,0
31841,85985806,0
31842,85985806,0
31843,85985806,0
31844,85985806,0
31845,85985806,0
31846,85985806,0
31847,85985806,0
31848,85985806,0
31849,85985806,0
31850,85985806,0
31851,85985806,0
31852,85985806,0
31853,85985806,0
31854,85985806,0
31855,85985806,0
31856,85985806,0
31857,85985806,0
31858,85985806,0
31859,85985806,0
31860,85985806,0
31861,85985806,0
31862,85985806,0
31863,85985806,0
31864,85985806,0
31865,85985806,0
31866,85985806,0
31867,85985806,0
31868,85985806,0
31869,85985806,0
31870,85985806,0
31871,85985806,0
31872,85985806,0
31873,85985806,0
31874,85985806,0
31875,85985806,0
31876,85985806,0
31877,85985806,0
31878,85985806,0
31879,85985806,0
31880,85985806,0
31881,85985806,0
31882,85985806,0
31883,85985806,0
31884,85985806,0
31885,85985806,0
31886,85985806,0
31887,85985806,0
31888,85985806,0
31889,85985806,0
31890,85985806,0
31891,85985806,0
31892,85985806,0
31893,85985806,0
31894,85985806,0
31895,85985806,0
31896,85985806,0
31897,85985806,0
31898,85985806,0
31899,85985806,0
31900,85985806,0
31901,85985806,0
31902,85985806,0
31903,85985806,0
31904,85985806,0
31905,85985806,0
31906,85985806,0
31907,85985806,0
31908,85985806,0
31909,85985806,0
31910,85985806,0
31911,85985806,0
31912,85985806,0
31913,85985806,0
31914,85985806,0
31915,85985806,0
31916,85985806,0
31917,85985806,0
31918,85985806,0
31919,85985806,0
31920,85985806,0
31921,85985806,0
31922,85985806,0
31923,85985806,0
31924,85985806,0
31925,85985806,0
31926,85985806,0
31927,85985806,0
31928,85985806,0
31929,85985806,0
31930,85985806,0
31931,85985806,0
31932,85985806,0
31933,85985806,0
31934,85985806,0
31935,85985806,0
31936,85985806,0
31937,85985806,0
31938,85985806,0
31939,85985806,0
31940,85985806,0
31941,85985806,0
31942,85985806,0
31943,85985806,0
31944,85985806,0
31945,85985806,0
31946,85985806,0
31947,85985806,0
31948,85985806,0
31949,85985806,0
31950,85985806,0
31951,85985806,0
31952,85985806,0
31953,85985806,0
31954,85985806,0
31955,85985806,0
31956,85985806,0
31957,85985806,0
31958,85985806,0
31959,85985806,0
31960,85985806,0
31961,85985806,0
31962,85985806,0
31963,85985806,0
31964,85985806,0
31965,85985806,0
31966,85985806,0
31967,85985806,0
31968,85985806,0
31969,85985806,0
31970,85985806,0
31971,85985806,0
31972,85985806,0
31973,85985806,0
31974,85985806,0
31975,85985806,0
31976,85985806,0
31977,85985806,0
31978,85985806,0
31979,85985806,0
31980,85985806,0
31981,85985806,0
31982,85985806,0
31983,85985806,0
31984,85985806,0
31985,85985806,0
31986,85985806,0
31987,85985806,0
31988,85985806,0
31989,85985806,0
31990,85985806,0
31991,85985806,0
31992,85985806,0
31993,85985806,0
31994,85985806,0
31995,85985806,0
31996,85985806,0
31997,85985806,0
31998,85985806,0
31999,85985806,0
32000,85985806,0
32001,85985806,0
32002,85985806,0
32003,85985806,0
32004,85985806,0
32005,85985806,0
32006,85985806,0
32007,85985806,0
32008,85985806,0
32009,85985806,0
32010,85985806,0
32011,85985806,0
32012,85985806,0
32013,85985806,0
32014,85985806,0
32015,85985806,0
32016,85985806,0
32017,85985806,0
32018,85985806,0
32019,85985806,0
32020,85985806,0
32021,85985806,0
32022,85985806,0
32023,85985806,0
32024,85985806,0
32025,85985806,0
32026,85985806,0
32027,85985806,0
32028,85985806,0
32029,85985806,0
32030,85985806,0
32031,85985806,0
32032,85985806,0
32033,85985806,0
32034,85985806,0
32035,85985806,0
32036,85985806,0
32037,85985806,0
32038,85985806,0
32039,85985806,0
32040,85985806,0
32041,85985806,0
32042,85985806,0
32043,85985806,0
32044,85985806,0
32045,85985806,0
32046,85985806,0
32047,85985806,0
32048,85985806,0
32049,85985806,0
32050,85985806,0
32051,85985806,0
32052,85985806,0
32053,85985806,0
32054,85985806,0
32055,85985806,0
32056,85985806,0
32057,85985806,0
32058,85985806,0
32059,85985806,0
32060,85985806,0
32061,85985806,0
32062,85985806,0
32063,85985806,0
32064,85985806,0
32065,85985806,0
32066,85985806,0
32067,85985806,0
32068,85985806,0
32069,85985806,0
32070,85985806,0
32071,85985806,0
32072,85985806,0
32073,85985806,0
32074,85985806,0
32075,85985806,0
32076,85985806,0
32077,85985806,0
32078,85985806,0
32079,85985806,0
32080,85985806,0
32081,85985806,0
32082,85985806,0
32083,85985806,0
32084,85985806,0
32085,85985806,0
32086,85985806,0
32087,85985806,0
32088,85985806,0
32089,85985806,0
32090,85985806,0
32091,85985806,0
32092,85985806,0
32093,85985806,0
32094,85985806,0
32095,85985806,0
32096,85985806,0
32097,85985806,0
32098,85985806,0
32099,85985806,0
32100,85985806,0
32101,85985806,0
32102,85985806,0
32103,85985806,0
32104,85985806,0
32105,85985806,0
32106,85985806,0
32107,85985806,0
32108,85985806,0
32109,85985806,0
32110,85985806,0
32111,85985806,0
32112,85985806,0
32113,85985806,0
32114,85985806,0
32115,85985806,0
32116,85985806,0
32117,85985806,0
32118,85985806,0
32119,85985806,0
32120,85985806,0
32121,85985806,0
32122,85985806,0
32123,85985806,0
32124,85985806,0
32125,85985806,0
32126,85985806,0
32127,85985806,0
32128,85985806,0
32129,85985806,0
32130,85985806,0
32131,85985806,0
32132,85985806,0
32133,85985806,0
32134,85985806,0
32135,85985806,0
32136,85985806,0
32137,85985806,0
32138,85985806,0
32139,85985806,0
32140,85985806,0
32141,85985806,0
32142,85985806,0
32143,85985806,0
32144,85985806,0
32145,85985806,0
32146,85985806,0
32147,85985806,0
32148,85985806,0
32149,85985806,0
32150,85985806,0
32151,85985806,0
32152,85985806,0
32153,85985806,0
32154,85985806,0
32155,85985806,0
32156,85985806,0
32157,85985806,0
32158,85985806,0
32159,85985806,0
32160,85985806,0
32161,85985806,0
32162,85985806,0
32163,85985806,0
32164,85985806,0
32165,85985806,0
32166,85985806,0
32167,85985806,0
32168,85985806,0
32169,85985806,0
32170,85985806,0
32171,85985806,0
32172,85985806,0
32173,85985806,0
32174,85985806,0
32175,85985806,0
32176,85985806,0
32177,85985806,0
32178,85985806,0
32179,85985806,0
32180,85985806,0
32181,85985806,0
32182,85985806,0
32183,85985806,0
32184,85985806,0
32185,85985806,0
32186,85985806,0
32187,85985806,0
32188,85985806,0
32189,85985806,0
32190,85985806,0
32191,85985806,0
32192,85985806,0
32193,85985806,0
32194,85985806,0
32195,85985806,0
32196,85985806,0
32197,85985806,0
32198,85985806,0
32199,85985806,0
32200,85985806,0
32201,85985806,0
32202,85985806,0
32203,85985806,0
32204,85985806,0
32205,85985806,0
32206,85985806,0
32207,85985806,0
32208,85985806,0
32209,85985806,0
32210,85985806,0
32211,85985806,0
32212,85985806,0
32213,85985806,0
32214,85985806,0
32215,85985806,0
32216,85985806,0
32217,85985806,0
32218,85985806,0
32219,85985806,0
32220,85985806,0
32221,85985806,0
32222,85985806,0
32223,85985806,0
32224,85985806,0
32225,85985806,0
32226,85985806,0
32227,85985806,0
32228,85985806,0
32229,85985806,0
32230,85985806,0
32231,85985806,0
32232,85985806,0
32233,85985806,0
32234,85985806,0
32235,85985806,0
32236,85985806,0
32237,85985806,0
32238,85985806,0
32239,85985806,0
32240,85985806,0
32241,85985806,0
32242,85985806,0
32243,85985806,0
32244,85985806,0
32245,85985806,0
32246,85985806,0
32247,85985806,0
32248,85985806,0
32249,85985806,0
32250,85985806,0
32251,85985806,0
32252,85985806,0
32253,85985806,0
32254,85985806,0
32255,85985806,0
32256,85985806,0
32257,85985806,0
32258,85985806,0
32259,85985806,0
32260,85985806,0
32261,85985806,0
32262,85985806,0
32263,85985806,0
32264,85985806,0
32265,85985806,0
32266,85985806,0
32267,85985806,0
32268,85985806,0
32269,85985806,0
32270,85985806,0
32271,85985806,0
32272,85985806,0
32273,85985806,0
32274,85985806,0
32275,85985806,0
32276,85985806,0
32277,85985806,0
32278,85985806,0
32279,85985806,0
32280,85985806,0
32281,85985806,0
32282,85985806,0
32283,85985806,0
32284,85985806,0
32285,85985806,0
32286,85985806,0
32287,85985806,0
32288,85985806,0
32289,85985806,0
32290,85985806,0
32291,85985806,0
32292,85985806,0
32293,85985806,0
32294,85985806,0
32295,85985806,0
32296,85985806,0
32297,85985806,0
32298,85985806,0
32299,85985806,0
32300,85985806,0
32301,85985806,0
32302,85985806,0
32303,85985806,0
32304,85985806,0
32305,85985806,0
32306,85985806,0
32307,85985806,0
32308,85985806,0
32309,85985806,0
32310,85985806,0
32311,85985806,0
32312,85985806,0
32313,85985806,0
32314,85985806,0
32315,85985806,0
32316,85985806,0
32317,85985806,0
32318,85985806,0
32319,85985806,0
32320,85985806,0
32321,85985806,0
32322,85985806,0
32323,85985806,0
32324,85985806,0
32325,85985806,0
32326,85985806,0
32327,85985806,0
32328,85985806,0
32329,85985806,0
32330,85985806,0
32331,85985806,0
32332,85985806,0
32333,85985806,0
32334,85985806,0
32335,85985806,0
32336,85985806,0
32337,85985806,0
32338,85985806,0
32339,85985806,0
32340,85985806,0
32341,85985806,0
32342,85985806,0
32343,85985806,0
32344,85985806,0
32345,85985806,0
32346,85985806,0
32347,85985806,0
32348,85985806,0
32349,85985806,0
32350,85985806,0
32351,85985806,0
32352,85985806,0
32353,85985806,0
32354,85985806,0
32355,85985806,0
32356,85985806,0
32357,85985806,0
32358,85985806,0
32359,85985806,0
32360,85985806,0
32361,85985806,0
32362,85985806,0
32363,85985806,0
32364,85985806,0
32365,85985806,0
32366,85985806,0
32367,85985806,0
32368,85985806,0
32369,85985806,0
32370,85985806,0
32371,85985806,0
32372,85985806,0
32373,85985806,0
32374,85985806,0
32375,85985806,0
32376,85985806,0
32377,85985806,0
32378,85985806,0
32379,85985806,0
32380,85985806,0
32381,85985806,0
32382,85985806,0
32383,85985806,0
32384,85985806,0
32385,85985806,0
32386,85985806,0
32387,85985806,0
32388,85985806,0
32389,85985806,0
32390,85985806,0
32391,85985806,0
32392,85985806,0
32393,85985806,0
32394,85985806,0
32395,85985806,0
32396,85985806,0
32397,85985806,0
32398,85985806,0
32399,85985806,0
32400,85985806,0
32401,85985806,0
32402,85985806,0
32403,85985806,0
32404,85985806,0
32405,85985806,0
32406,85985806,0
32407,85985806,0
32408,85985806,0
32409,85985806,0
32410,85985806,0
32411,85985806,0
32412,85985806,0
32413,85985806,0
32414,85985806,0
32415,85985806,0
32416,85985806,0
32417,85985806,0
32418,85985806,0
32419,85985806,0
32420,85985806,0
32421,85985806,0
32422,85985806,0
32423,85985806,0
32424,85985806,0
32425,85985806,0
32426,85985806,0
32427,85985806,0
32428,85985806,0
32429,85985806,0
32430,85985806,0
32431,85985806,0
32432,85985806,0
32433,85985806,0
32434,85985806,0
32435,85985806,0
32436,85985806,0
32437,85985806,0
32438,85985806,0
32439,85985806,0
32440,85985806,0
32441,85985806,0
32442,85985806,0
32443,85985806,0
32444,85985806,0
32445,85985806,0
32446,85985806,0
32447,85985806,0
32448,85985806,0
32449,85985806,0
32450,85985806,0
32451,85985806,0
32452,85985806,0
32453,85985806,0
32454,85985806,0
32455,85985806,0
32456,85985806,0
32457,85985806,0
32458,85985806,0
32459,85985806,0
32460,85985806,0
32461,85985806,0
32462,85985806,0
32463,85985806,0
32464,85985806,0
32465,85985806,0
32466,85985806,0
32467,85985806,0
32468,85985806,0
32469,85985806,0
32470,85985806,0
32471,85985806,0
32472,85985806,0
32473,85985806,0
32474,85985806,0
32475,85985806,0
32476,85985806,0
32477,85985806,0
32478,85985806,0
32479,85985806,0
32480,85985806,0
32481,85985806,0
32482,85985806,0
32483,85985806,0
32484,85985806,0
32485,85985806,0
32486,85985806,0
32487,85985806,0
32488,85985806,0
32489,85985806,0
32490,85985806,0
32491,85985806,0
32492,85985806,0
32493,85985806,0
32494,85985806,0
32495,85985806,0
32496,85985806,0
32497,85985806,0
32498,85985806,0
32499,85985806,0
32500,85985806,0
32501,85985806,0
32502,85985806,0
32503,85985806,0
32504,85985806,0
32505,85985806,0
32506,85985806,0
32507,85985806,0
32508,85985806,0
32509,85985806,0
32510,85985806,0
32511,85985806,0
32512,85985806,0
32513,85985806,0
32514,85985806,0
32515,85985806,0
32516,85985806,0
32517,85985806,0
32518,85985806,0
32519,85985806,0
32520,85985806,0
32521,85985806,0
32522,85985806,0
32523,85985806,0
32524,85985806,0
32525,85985806,0
32526,85985806,0
32527,85985806,0
32528,85985806,0
32529,85985806,0
32530,85985806,0
32531,85985806,0
32532,85985806,0
32533,85985806,0
32534,85985806,0
32535,85985806,0
32536,85985806,0
32537,85985806,0
32538,85985806,0
32539,85985806,0
32540,85985806,0
32541,85985806,0
32542,85985806,0
32543,85985806,0
32544,85985806,0
32545,85985806,0
32546,85985806,0
32547,85985806,0
32548,85985806,0
32549,85985806,0
32550,85985806,0
32551,85985806,0
32552,85985806,0
32553,85985806,0
32554,85985806,0
32555,85985806,0
32556,85985806,0
32557,85985806,0
32558,85985806,0
32559,85985806,0
32560,85985806,0
32561,85985806,0
32562,85985806,0
32563,85985806,0
32564,85985806,0
32565,85985806,0
32566,85985806,0
32567,85985806,0
32568,85985806,0
32569,85985806,0
32570,85985806,0
32571,85985806,0
32572,85985806,0
32573,85985806,0
32574,85985806,0
32575,85985806,0
32576,85985806,0
32577,85985806,0
32578,85985806,0
32579,85985806,0
32580,85985806,0
32581,85985806,0
32582,85985806,0
32583,85985806,0
32584,85985806,0
32585,85985806,0
32586,85985806,0
32587,85985806,0
32588,85985806,0
32589,85985806,0
32590,85985806,0
32591,85985806,0
32592,85985806,0
32593,85985806,0
32594,85985806,0
32595,85985806,0
32596,85985806,0
32597,85985806,0
32598,85985806,0
32599,85985806,0
32600,85985806,0
32601,85985806,0
32602,85985806,0
32603,85985806,0
32604,85985806,0
32605,85985806,0
32606,85985806,0
32607,85985806,0
32608,85985806,0
32609,85985806,0
32610,85985806,0
32611,85985806,0
32612,85985806,0
32613,85985806,0
32614,85985806,0
32615,85985806,0
32616,85985806,0
32617,85985806,0
32618,85985806,0
32619,85985806,0
32620,85985806,0
32621,85985806,0
32622,85985806,0
32623,85985806,0
32624,85985806,0
32625,85985806,0
32626,85985806,0
32627,85985806,0
32628,85985806,0
32629,85985806,0
32630,85985806,0
32631,85985806,0
32632,85985806,0
32633,85985806,0
32634,85985806,0
32635,85985806,0
32636,85985806,0
32637,85985806,0
32638,85985806,0
32639,85985806,0
32640,85985806,0
32641,85985806,0
32642,85985806,0
32643,85985806,0
32644,85985806,0
32645,85985806,0
32646,85985806,0
32647,85985806,0
32648,85985806,0
32649,85985806,0
32650,85985806,0
32651,85985806,0
32652,85985806,0
32653,85985806,0
32654,85985806,0
32655,85985806,0
32656,85985806,0
32657,85985806,0
32658,85985806,0
32659,85985806,0
32660,85985806,0
32661,85985806,0
32662,85985806,0
32663,85985806,0
32664,85985806,0
32665,85985806,0
32666,85985806,0
32667,85985806,0
32668,85985806,0
32669,85985806,0
32670,85985806,0
32671,85985806,0
32672,85985806,0
32673,85985806,0
32674,85985806,0
32675,85985806,0
32676,85985806,0
32677,85985806,0
32678,85985806,0
32679,85985806,0
32680,85985806,0
32681,85985806,0
32682,85985806,0
32683,85985806,0
32684,85985806,0
32685,85985806,0
32686,85985806,0
32687,85985806,0
32688,85985806,0
32689,85985806,0
32690,85985806,0
32691,85985806,0
32692,85985806,0
32693,85985806,0
32694,85985806,0
32695,85985806,0
32696,85985806,0
32697,85985806,0
32698,85985806,0
32699,85985806,0
32700,85985806,0
32701,85985806,0
32702,85985806,0
32703,85985806,0
32704,85985806,0
32705,85985806,0
32706,85985806,0
32707,85985806,0
32708,85985806,0
32709,85985806,0
32710,85985806,0
32711,85985806,0
32712,85985806,0
32713,85985806,0
32714,85985806,0
32715,85985806,0
32716,85985806,0
32717,85985806,0
32718,85985806,0
32719,85985806,0
32720,85985806,0
32721,85985806,0
32722,85985806,0
32723,85985806,0
32724,85985806,0
32725,85985806,0
32726,85985806,0
32727,85985806,0
32728,85985806,0
32729,85985806,0
32730,85985806,0
32731,85985806,0
32732,85985806,0
32733,85985806,0
32734,85985806,0
32735,85985806,0
32736,85985806,0
32737,85985806,0
32738,85985806,0
32739,85985806,0
32740,85985806,0
32741,85985806,0
32742,85985806,0
32743,85985806,0
32744,85985806,0
32745,85985806,0
32746,85985806,0
32747,85985806,0
32748,85985806,0
32749,85985806,0
32750,85985806,0
32751,85985806,0
32752,85985806,0
32753,85985806,0
32754,85985806,0
32755,85985806,0
32756,85985806,0
32757,85985806,0
32758,85985806,0
32759,85985806,0
32760,85985806,0
32761,85985806,0
32762,85985806,0
32763,85985806,0
32764,85985806,0
32765,85985806,0
32766,85985806,0
32767,85985806,0
32768,85985806,0
32769,85985806,0
32770,85985806,0
32771,85985806,0
32772,85985806,0
32773,85985806,0
32774,85985806,0
32775,85985806,0
32776,85985806,0
32777,85985806,0
32778,85985806,0
32779,85985806,0
32780,85985806,0
32781,85985806,0
32782,85985806,0
32783,85985806,0
32784,85985806,0
32785,85985806,0
32786,85985806,0
32787,85985806,0
32788,85985806,0
32789,85985806,0
32790,85985806,0
32791,85985806,0
32792,85985806,0
32793,85985806,0
32794,85985806,0
32795,85985806,0
32796,85985806,0
32797,85985806,0
32798,85985806,0
32799,85985806,0
32800,85985806,0
32801,85985806,0
32802,85985806,0
32803,85985806,0
32804,85985806,0
32805,85985806,0
32806,85985806,0
32807,85985806,0
32808,85985806,0
32809,85985806,0
32810,85985806,0
32811,85985806,0
32812,85985806,0
32813,85985806,0
32814,85985806,0
32815,85985806,0
32816,85985806,0
32817,85985806,0
32818,85985806,0
32819,85985806,0
32820,85985806,0
32821,85985806,0
32822,85985806,0
32823,85985806,0
32824,85985806,0
32825,85985806,0
32826,85985806,0
32827,85985806,0
32828,85985806,0
32829,85985806,0
32830,85985806,0
32831,85985806,0
32832,85985806,0
32833,85985806,0
32834,85985806,0
32835,85985806,0
32836,85985806,0
32837,85985806,0
32838,85985806,0
32839,85985806,0
32840,85985806,0
32841,85985806,0
32842,85985806,0
32843,85985806,0
32844,85985806,0
32845,85985806,0
32846,85985806,0
32847,85985806,0
32848,85985806,0
32849,85985806,0
32850,85985806,0
32851,85985806,0
32852,85985806,0
32853,85985806,0
32854,85985806,0
32855,85985806,0
32856,85985806,0
32857,85985806,0
32858,85985806,0
32859,85985806,0
32860,85985806,0
32861,85985806,0
32862,85985806,0
32863,85985806,0
32864,85985806,0
32865,85985806,0
32866,85985806,0
32867,85985806,0
32868,85985806,0
32869,85985806,0
32870,85985806,0
32871,85985806,0
32872,85985806,0
32873,85985806,0
32874,85985806,0
32875,85985806,0
32876,85985806,0
32877,85985806,0
32878,85985806,0
32879,85985806,0
32880,85985806,0
32881,85985806,0
32882,85985806,0
32883,85985806,0
32884,85985806,0
32885,85985806,0
32886,85985806,0
32887,85985806,0
32888,85985806,0
32889,85985806,0
32890,85985806,0
32891,85985806,0
32892,85985806,0
32893,85985806,0
32894,85985806,0
32895,85985806,0
32896,85985806,0
32897,85985806,0
32898,85985806,0
32899,85985806,0
32900,85985806,0
32901,85985806,0
32902,85985806,0
32903,85985806,0
32904,85985806,0
32905,85985806,0
32906,85985806,0
32907,85985806,0
32908,85985806,0
32909,85985806,0
32910,85985806,0
32911,85985806,0
32912,85985806,0
32913,85985806,0
32914,85985806,0
32915,85985806,0
32916,85985806,0
32917,85985806,0
32918,85985806,0
32919,85985806,0
32920,85985806,0
32921,85985806,0
32922,85985806,0
32923,85985806,0
32924,85985806,0
32925,85985806,0
32926,85985806,0
32927,85985806,0
32928,85985806,0
32929,85985806,0
32930,85985806,0
32931,85985806,0
32932,85985806,0
32933,85985806,0
32934,85985806,0
32935,85985806,0
32936,85985806,0
32937,85985806,0
32938,85985806,0
32939,85985806,0
32940,85985806,0
32941,85985806,0
32942,85985806,0
32943,85985806,0
32944,85985806,0
32945,85985806,0
32946,85985806,0
32947,85985806,0
32948,85985806,0
32949,85985806,0
32950,85985806,0
32951,85985806,0
32952,85985806,0
32953,85985806,0
32954,85985806,0
32955,85985806,0
32956,85985806,0
32957,85985806,0
32958,85985806,0
32959,85985806,0
32960,85985806,0
32961,85985806,0
32962,85985806,0
32963,85985806,0
32964,85985806,0
32965,85985806,0
32966,85985806,0
32967,85985806,0
32968,85985806,0
32969,85985806,0
32970,85985806,0
32971,85985806,0
32972,85985806,0
32973,85985806,0
32974,85985806,0
32975,85985806,0
32976,85985806,0
32977,85985806,0
32978,85985806,0
32979,85985806,0
32980,85985806,0
32981,85985806,0
32982,85985806,0
32983,85985806,0
32984,85985806,0
32985,85985806,0
32986,85985806,0
32987,85985806,0
32988,85985806,0
32989,85985806,0
32990,85985806,0
32991,85985806,0
32992,85985806,0
32993,85985806,0
32994,85985806,0
32995,85985806,0
32996,85985806,0
32997,85985806,0
32998,85985806,0
32999,85985806,0
33000,85985806,0
33001,85985806,0
33002,85985806,0
33003,85985806,0
33004,85985806,0
33005,85985806,0
33006,85985806,0
33007,85985806,0
33008,85985806,0
33009,85985806,0
33010,85985806,0
33011,85985806,0
33012,85985806,0
33013,85985806,0
33014,85985806,0
33015,85985806,0
33016,85985806,0
33017,85985806,0
33018,85985806,0
33019,85985806,0
33020,85985806,0
33021,85985806,0
33022,85985806,0
33023,85985806,0
33024,85985806,0
33025,85985806,0
33026,85985806,0
33027,85985806,0
33028,85985806,0
33029,85985806,0
33030,85985806,0
33031,85985806,0
33032,85985806,0
33033,85985806,0
33034,85985806,0
33035,85985806,0
33036,85985806,0
33037,85985806,0
33038,85985806,0
33039,85985806,0
33040,85985806,0
33041,85985806,0
33042,85985806,0
33043,85985806,0
33044,85985806,0
33045,85985806,0
33046,85985806,0
33047,85985806,0
33048,85985806,0
33049,85985806,0
33050,85985806,0
33051,85985806,0
33052,85985806,0
33053,85985806,0
33054,85985806,0
33055,85985806,0
33056,85985806,0
33057,85985806,0
33058,85985806,0
33059,85985806,0
33060,85985806,0
33061,85985806,0
33062,85985806,0
33063,85985806,0
33064,85985806,0
33065,85985806,0
33066,85985806,0
33067,85985806,0
33068,85985806,0
33069,85985806,0
33070,85985806,0
33071,85985806,0
33072,85985806,0
33073,85985806,0
33074,85985806,0
33075,85985806,0
33076,85985806,0
33077,85985806,0
33078,85985806,0
33079,85985806,0
33080,85985806,0
33081,85985806,0
33082,85985806,0
33083,85985806,0
33084,85985806,0
33085,85985806,0
33086,85985806,0
33087,85985806,0
33088,85985806,0
33089,85985806,0
33090,85985806,0
33091,85985806,0
33092,85985806,0
33093,85985806,0
33094,85985806,0
33095,85985806,0
33096,85985806,0
33097,85985806,0
33098,85985806,0
33099,85985806,0
33100,85985806,0
33101,85985806,0
33102,85985806,0
33103,85985806,0
33104,85985806,0
33105,85985806,0
33106,85985806,0
33107,85985806,0
33108,85985806,0
33109,85985806,0
33110,85985806,0
33111,85985806,0
33112,85985806,0
33113,85985806,0
33114,85985806,0
33115,85985806,0
33116,85985806,0
33117,85985806,0
33118,85985806,0
33119,85985806,0
33120,85985806,0
33121,85985806,0
33122,85985806,0
33123,85985806,0
33124,85985806,0
33125,85985806,0
33126,85985806,0
33127,85985806,0
33128,85985806,0
33129,85985806,0
33130,85985806,0
33131,85985806,0
33132,85985806,0
33133,85985806,0
33134,85985806,0
33135,85985806,0
33136,85985806,0
33137,85985806,0
33138,85985806,0
33139,85985806,0
33140,85985806,0
33141,85985806,0
33142,85985806,0
33143,85985806,0
33144,85985806,0
33145,85985806,0
33146,85985806,0
33147,85985806,0
33148,85985806,0
33149,85985806,0
33150,85985806,0
33151,85985806,0
33152,85985806,0
33153,85985806,0
33154,85985806,0
33155,85985806,0
33156,85985806,0
33157,85985806,0
33158,85985806,0
33159,85985806,0
33160,85985806,0
33161,85985806,0
33162,85985806,0
33163,85985806,0
33164,85985806,0
33165,85985806,0
33166,85985806,0
33167,85985806,0
33168,85985806,0
33169,85985806,0
33170,85985806,0
33171,85985806,0
33172,85985806,0
33173,85985806,0
33174,85985806,0
33175,85985806,0
33176,85985806,0
33177,85985806,0
33178,85985806,0
33179,85985806,0
33180,85985806,0
33181,85985806,0
33182,85985806,0
33183,85985806,0
33184,85985806,0
33185,85985806,0
33186,85985806,0
33187,85985806,0
33188,85985806,0
33189,85985806,0
33190,85985806,0
33191,85985806,0
33192,85985806,0
33193,85985806,0
33194,85985806,0
33195,85985806,0
33196,85985806,0
33197,85985806,0
33198,85985806,0
33199,85985806,0
33200,85985806,0
33201,85985806,0
33202,85985806,0
33203,85985806,0
33204,85985806,0
33205,85985806,0
33206,85985806,0
33207,85985806,0
33208,85985806,0
33209,85985806,0
33210,85985806,0
33211,85985806,0
33212,85985806,0
33213,85985806,0
33214,85985806,0
33215,85985806,0
33216,85985806,0
33217,85985806,0
33218,85985806,0
33219,85985806,0
33220,85985806,0
33221,85985806,0
33222,85985806,0
33223,85985806,0
33224,85985806,0
33225,85985806,0
33226,85985806,0
33227,85985806,0
33228,85985806,0
33229,85985806,0
33230,85985806,0
33231,85985806,0
33232,85985806,0
33233,85985806,0
33234,85985806,0
33235,85985806,0
33236,85985806,0
33237,85985806,0
33238,85985806,0
33239,85985806,0
33240,85985806,0
33241,85985806,0
33242,85985806,0
33243,85985806,0
33244,85985806,0
33245,85985806,0
33246,85985806,0
33247,85985806,0
33248,85985806,0
33249,85985806,0
33250,85985806,0
33251,85985806,0
33252,85985806,0
33253,85985806,0
33254,85985806,0
33255,85985806,0
33256,85985806,0
33257,85985806,0
33258,85985806,0
33259,85985806,0
33260,85985806,0
33261,85985806,0
33262,85985806,0
33263,85985806,0
33264,85985806,0
33265,85985806,0
33266,85985806,0
33267,85985806,0
33268,85985806,0
33269,85985806,0
33270,85985806,0
33271,85985806,0
33272,85985806,0
33273,85985806,0
33274,85985806,0
33275,85985806,0
33276,85985806,0
33277,85985806,0
33278,85985806,0
33279,85985806,0
33280,85985806,0
33281,85985806,0
33282,85985806,0
33283,85985806,0
33284,85985806,0
33285,85985806,0
33286,85985806,0
33287,85985806,0
33288,85985806,0
33289,85985806,0
33290,85985806,0
33291,85985806,0
33292,85985806,0
33293,85985806,0
33294,85985806,0
33295,85985806,0
33296,85985806,0
33297,85985806,0
33298,85985806,0
33299,85985806,0
33300,85985806,0
33301,85985806,0
33302,85985806,0
33303,85985806,0
33304,85985806,0
33305,85985806,0
33306,85985806,0
33307,85985806,0
33308,85985806,0
33309,85985806,0
33310,85985806,0
33311,85985806,0
33312,85985806,0
33313,85985806,0
33314,85985806,0
33315,85985806,0
33316,85985806,0
33317,85985806,0
33318,85985806,0
33319,85985806,0
33320,85985806,0
33321,85985806,0
33322,85985806,0
33323,85985806,0
33324,85985806,0
33325,85985806,0
33326,85985806,0
33327,85985806,0
33328,85985806,0
33329,85985806,0
33330,85985806,0
33331,85985806,0
33332,85985806,0
33333,85985806,0
33334,85985806,0
33335,85985806,0
33336,85985806,0
33337,85985806,0
33338,85985806,0
33339,85985806,0
33340,85985806,0
33341,85985806,0
33342,85985806,0
33343,85985806,0
33344,85985806,0
33345,85985806,0
33346,85985806,0
33347,85985806,0
33348,85985806,0
33349,85985806,0
33350,85985806,0
33351,85985806,0
33352,85985806,0
33353,85985806,0
33354,85985806,0
33355,85985806,0
33356,85985806,0
33357,85985806,0
33358,85985806,0
33359,85985806,0
33360,85985806,0
33361,85985806,0
33362,85985806,0
33363,85985806,0
33364,85985806,0
33365,85985806,0
33366,85985806,0
33367,85985806,0
33368,85985806,0
33369,85985806,0
33370,85985806,0
33371,85985806,0
33372,85985806,0
33373,85985806,0
33374,85985806,0
33375,85985806,0
33376,85985806,0
33377,85985806,0
33378,85985806,0
33379,85985806,0
33380,85985806,0
33381,85985806,0
33382,85985806,0
33383,85985806,0
33384,85985806,0
33385,85985806,0
33386,85985806,0
33387,85985806,0
33388,85985806,0
33389,85985806,0
33390,85985806,0
33391,85985806,0
33392,85985806,0
33393,85985806,0
33394,85985806,0
33395,85985806,0
33396,85985806,0
33397,85985806,0
33398,85985806,0
33399,85985806,0
33400,85985806,0
33401,85985806,0
33402,85985806,0
33403,85985806,0
33404,85985806,0
33405,85985806,0
33406,85985806,0
33407,85985806,0
33408,85985806,0
33409,85985806,0
33410,85985806,0
33411,85985806,0
33412,85985806,0
33413,85985806,0
33414,85985806,0
33415,85985806,0
33416,85985806,0
33417,85985806,0
33418,85985806,0
33419,85985806,0
33420,85985806,0
33421,85985806,0
33422,85985806,0
33423,85985806,0
33424,85985806,0
33425,85985806,0
33426,85985806,0
33427,85985806,0
33428,85985806,0
33429,85985806,0
33430,85985806,0
33431,85985806,0
33432,85985806,0
33433,85985806,0
33434,85985806,0
33435,85985806,0
33436,85985806,0
33437,85985806,0
33438,85985806,0
33439,85985806,0
33440,85985806,0
33441,85985806,0
33442,85985806,0
33443,85985806,0
33444,85985806,0
33445,85985806,0
33446,85985806,0
33447,85985806,0
33448,85985806,0
33449,85985806,0
33450,85985806,0
33451,85985806,0
33452,85985806,0
33453,85985806,0
33454,85985806,0
33455,85985806,0
33456,85985806,0
33457,85985806,0
33458,85985806,0
33459,85985806,0
33460,85985806,0
33461,85985806,0
33462,85985806,0
33463,85985806,0
33464,85985806,0
33465,85985806,0
33466,85985806,0
33467,85985806,0
33468,85985806,0
33469,85985806,0
33470,85985806,0
33471,85985806,0
33472,85985806,0
33473,85985806,0
33474,85985806,0
33475,85985806,0
33476,85985806,0
33477,85985806,0
33478,85985806,0
33479,85985806,0
33480,85985806,0
33481,85985806,0
33482,85985806,0
33483,85985806,0
33484,85985806,0
33485,85985806,0
33486,85985806,0
33487,85985806,0
33488,85985806,0
33489,85985806,0
33490,85985806,0
33491,85985806,0
33492,85985806,0
33493,85985806,0
33494,85985806,0
33495,85985806,0
33496,85985806,0
33497,85985806,0
33498,85985806,0
33499,85985806,0
33500,85985806,0
33501,85985806,0
33502,85985806,0
33503,85985806,0
33504,85985806,0
33505,85985806,0
33506,85985806,0
33507,85985806,0
33508,85985806,0
33509,85985806,0
33510,85985806,0
33511,85985806,0
33512,85985806,0
33513,85985806,0
33514,85985806,0
33515,85985806,0
33516,85985806,0
33517,85985806,0
33518,85985806,0
33519,85985806,0
33520,85985806,0
33521,85985806,0
33522,85985806,0
33523,85985806,0
33524,85985806,0
33525,85985806,0
33526,85985806,0
33527,85985806,0
33528,85985806,0
33529,85985806,0
33530,85985806,0
33531,85985806,0
33532,85985806,0
33533,85985806,0
33534,85985806,0
33535,85985806,0
33536,85985806,0
33537,85985806,0
33538,85985806,0
33539,85985806,0
33540,85985806,0
33541,85985806,0
33542,85985806,0
33543,85985806,0
33544,85985806,0
33545,85985806,0
33546,85985806,0
33547,85985806,0
33548,85985806,0
33549,85985806,0
33550,85985806,0
33551,85985806,0
33552,85985806,0
33553,85985806,0
33554,85985806,0
33555,85985806,0
33556,85985806,0
33557,85985806,0
33558,85985806,0
33559,85985806,0
33560,85985806,0
33561,85985806,0
33562,85985806,0
33563,85985806,0
33564,85985806,0
33565,85985806,0
33566,85985806,0
33567,85985806,0
33568,85985806,0
33569,85985806,0
33570,85985806,0
33571,85985806,0
33572,85985806,0
33573,85985806,0
33574,85985806,0
33575,85985806,0
33576,85985806,0
33577,85985806,0
33578,85985806,0
33579,85985806,0
33580,85985806,0
33581,85985806,0
33582,85985806,0
33583,85985806,0
33584,85985806,0
33585,85985806,0
33586,85985806,0
33587,85985806,0
33588,85985806,0
33589,85985806,0
33590,85985806,0
33591,85985806,0
33592,85985806,0
33593,85985806,0
33594,85985806,0
33595,85985806,0
33596,85985806,0
33597,85985806,0
33598,85985806,0
33599,85985806,0
33600,85985806,0
33601,85985806,0
33602,85985806,0
33603,85985806,0
33604,85985806,0
33605,85985806,0
33606,85985806,0
33607,85985806,0
33608,85985806,0
33609,85985806,0
33610,85985806,0
33611,85985806,0
33612,85985806,0
33613,85985806,0
33614,85985806,0
33615,85985806,0
33616,85985806,0
33617,85985806,0
33618,85985806,0
33619,85985806,0
33620,85985806,0
33621,85985806,0
33622,85985806,0
33623,85985806,0
33624,85985806,0
33625,85985806,0
33626,85985806,0
33627,85985806,0
33628,85985806,0
33629,85985806,0
33630,85985806,0
33631,85985806,0
33632,85985806,0
33633,85985806,0
33634,85985806,0
33635,85985806,0
33636,85985806,0
33637,85985806,0
33638,85985806,0
33639,85985806,0
33640,85985806,0
33641,85985806,0
33642,85985806,0
33643,85985806,0
33644,85985806,0
33645,85985806,0
33646,85985806,0
33647,85985806,0
33648,85985806,0
33649,85985806,0
33650,85985806,0
33651,85985806,0
33652,85985806,0
33653,85985806,0
33654,85985806,0
33655,85985806,0
33656,85985806,0
33657,85985806,0
33658,85985806,0
33659,85985806,0
33660,85985806,0
33661,85985806,0
33662,85985806,0
33663,85985806,0
33664,85985806,0
33665,85985806,0
33666,85985806,0
33667,85985806,0
33668,85985806,0
33669,85985806,0
33670,85985806,0
33671,85985806,0
33672,85985806,0
33673,85985806,0
33674,85985806,0
33675,85985806,0
33676,85985806,0
33677,85985806,0
33678,85985806,0
33679,85985806,0
33680,85985806,0
33681,85985806,0
33682,85985806,0
33683,85985806,0
33684,85985806,0
33685,85985806,0
33686,85985806,0
33687,85985806,0
33688,85985806,0
33689,85985806,0
33690,85985806,0
33691,85985806,0
33692,85985806,0
33693,85985806,0
33694,85985806,0
33695,85985806,0
33696,85985806,0
33697,85985806,0
33698,85985806,0
33699,85985806,0
33700,85985806,0
33701,85985806,0
33702,85985806,0
33703,85985806,0
33704,85985806,0
33705,85985806,0
33706,85985806,0
33707,85985806,0
33708,85985806,0
33709,85985806,0
33710,85985806,0
33711,85985806,0
33712,85985806,0
33713,85985806,0
33714,85985806,0
33715,85985806,0
33716,85985806,0
33717,85985806,0
33718,85985806,0
33719,85985806,0
33720,85985806,0
33721,85985806,0
33722,85985806,0
33723,85985806,0
33724,85985806,0
33725,85985806,0
33726,85985806,0
33727,85985806,0
33728,85985806,0
33729,85985806,0
33730,85985806,0
33731,85985806,0
33732,85985806,0
33733,85985806,0
33734,85985806,0
33735,85985806,0
33736,85985806,0
33737,85985806,0
33738,85985806,0
33739,85985806,0
33740,85985806,0
33741,85985806,0
33742,85985806,0
33743,85985806,0
33744,85985806,0
33745,85985806,0
33746,85985806,0
33747,85985806,0
33748,85985806,0
33749,85985806,0
33750,85985806,0
33751,85985806,0
33752,85985806,0
33753,85985806,0
33754,85985806,0
33755,85985806,0
33756,85985806,0
33757,85985806,0
33758,85985806,0
33759,85985806,0
33760,85985806,0
33761,85985806,0
33762,85985806,0
33763,85985806,0
33764,85985806,0
33765,85985806,0
33766,85985806,0
33767,85985806,0
33768,85985806,0
33769,85985806,0
33770,85985806,0
33771,85985806,0
33772,85985806,0
33773,85985806,0
33774,85985806,0
33775,85985806,0
33776,85985806,0
33777,85985806,0
33778,85985806,0
33779,85985806,0
33780,85985806,0
33781,85985806,0
33782,85985806,0
33783,85985806,0
33784,85985806,0
33785,85985806,0
33786,85985806,0
33787,85985806,0
33788,85985806,0
33789,85985806,0
33790,85985806,0
33791,85985806,0
33792,85985806,0
33793,85985806,0
33794,85985806,0
33795,85985806,0
33796,85985806,0
33797,85985806,0
33798,85985806,0
33799,85985806,0
33800,85985806,0
33801,85985806,0
33802,85985806,0
33803,85985806,0
33804,85985806,0
33805,85985806,0
33806,85985806,0
33807,85985806,0
33808,85985806,0
33809,85985806,0
33810,85985806,0
33811,85985806,0
33812,85985806,0
33813,85985806,0
33814,85985806,0
33815,85985806,0
33816,85985806,0
33817,85985806,0
33818,85985806,0
33819,85985806,0
33820,85985806,0
33821,85985806,0
33822,85985806,0
33823,85985806,0
33824,85985806,0
33825,85985806,0
33826,85985806,0
33827,85985806,0
33828,85985806,0
33829,85985806,0
33830,85985806,0
33831,85985806,0
33832,85985806,0
33833,85985806,0
33834,85985806,0
33835,85985806,0
33836,85985806,0
33837,85985806,0
33838,85985806,0
33839,85985806,0
33840,85985806,0
33841,85985806,0
33842,85985806,0
33843,85985806,0
33844,85985806,0
33845,85985806,0
33846,85985806,0
33847,85985806,0
33848,85985806,0
33849,85985806,0
33850,85985806,0
33851,85985806,0
33852,85985806,0
33853,85985806,0
33854,85985806,0
33855,85985806,0
33856,85985806,0
33857,85985806,0
33858,85985806,0
33859,85985806,0
33860,85985806,0
33861,85985806,0
33862,85985806,0
33863,85985806,0
33864,85985806,0
33865,85985806,0
33866,85985806,0
33867,85985806,0
33868,85985806,0
33869,85985806,0
33870,85985806,0
33871,85985806,0
33872,85985806,0
33873,85985806,0
33874,85985806,0
33875,85985806,0
33876,85985806,0
33877,85985806,0
33878,85985806,0
33879,85985806,0
33880,85985806,0
33881,85985806,0
33882,85985806,0
33883,85985806,0
33884,85985806,0
33885,85985806,0
33886,85985806,0
33887,85985806,0
33888,85985806,0
33889,85985806,0
33890,85985806,0
33891,85985806,0
33892,85985806,0
33893,85985806,0
33894,85985806,0
33895,85985806,0
33896,85985806,0
33897,85985806,0
33898,85985806,0
33899,85985806,0
33900,85985806,0
33901,85985806,0
33902,85985806,0
33903,85985806,0
33904,85985806,0
33905,85985806,0
33906,85985806,0
33907,85985806,0
33908,85985806,0
33909,85985806,0
33910,85985806,0
33911,85985806,0
33912,85985806,0
33913,85985806,0
33914,85985806,0
33915,85985806,0
33916,85985806,0
33917,85985806,0
33918,85985806,0
33919,85985806,0
33920,85985806,0
33921,85985806,0
33922,85985806,0
33923,85985806,0
33924,85985806,0
33925,85985806,0
33926,85985806,0
33927,85985806,0
33928,85985806,0
33929,85985806,0
33930,85985806,0
33931,85985806,0
33932,85985806,0
33933,85985806,0
33934,85985806,0
33935,85985806,0
33936,85985806,0
33937,85985806,0
33938,85985806,0
33939,85985806,0
33940,85985806,0
33941,85985806,0
33942,85985806,0
33943,85985806,0
33944,85985806,0
33945,85985806,0
33946,85985806,0
33947,85985806,0
33948,85985806,0
33949,85985806,0
33950,85985806,0
33951,85985806,0
33952,85985806,0
33953,85985806,0
33954,85985806,0
33955,85985806,0
33956,85985806,0
33957,85985806,0
33958,85985806,0
33959,85985806,0
33960,85985806,0
33961,85985806,0
33962,85985806,0
33963,85985806,0
33964,85985806,0
33965,85985806,0
33966,85985806,0
33967,85985806,0
33968,85985806,0
33969,85985806,0
33970,85985806,0
33971,85985806,0
33972,85985806,0
33973,85985806,0
33974,85985806,0
33975,85985806,0
33976,85985806,0
33977,85985806,0
33978,85985806,0
33979,85985806,0
33980,85985806,0
33981,85985806,0
33982,85985806,0
33983,85985806,0
33984,85985806,0
33985,85985806,0
33986,85985806,0
33987,85985806,0
33988,85985806,0
33989,85985806,0
33990,85985806,0
33991,85985806,0
33992,85985806,0
33993,85985806,0
33994,85985806,0
33995,85985806,0
33996,85985806,0
33997,85985806,0
33998,85985806,0
33999,85985806,0
34000,85985806,0
34001,85985806,0
34002,85985806,0
34003,85985806,0
34004,85985806,0
34005,85985806,0
34006,85985806,0
34007,85985806,0
34008,85985806,0
34009,85985806,0
34010,85985806,0
34011,85985806,0
34012,85985806,0
34013,85985806,0
34014,85985806,0
34015,85985806,0
34016,85985806,0
34017,85985806,0
34018,85985806,0
34019,85985806,0
34020,85985806,0
34021,85985806,0
34022,85985806,0
34023,85985806,0
34024,85985806,0
34025,85985806,0
34026,85985806,0
34027,85985806,0
34028,85985806,0
34029,85985806,0
34030,85985806,0
34031,85985806,0
34032,85985806,0
34033,85985806,0
34034,85985806,0
34035,85985806,0
34036,85985806,0
34037,85985806,0
34038,85985806,0
34039,85985806,0
34040,85985806,0
34041,85985806,0
34042,85985806,0
34043,85985806,0
34044,85985806,0
34045,85985806,0
34046,85985806,0
34047,85985806,0
34048,85985806,0
34049,85985806,0
34050,85985806,0
34051,85985806,0
34052,85985806,0
34053,85985806,0
34054,85985806,0
34055,85985806,0
34056,85985806,0
34057,85985806,0
34058,85985806,0
34059,85985806,0
34060,85985806,0
34061,85985806,0
34062,85985806,0
34063,85985806,0
34064,85985806,0
34065,85985806,0
34066,85985806,0
34067,85985806,0
34068,85985806,0
34069,85985806,0
34070,85985806,0
34071,85985806,0
34072,85985806,0
34073,85985806,0
34074,85985806,0
34075,85985806,0
34076,85985806,0
34077,85985806,0
34078,85985806,0
34079,85985806,0
34080,85985806,0
34081,85985806,0
34082,85985806,0
34083,85985806,0
34084,85985806,0
34085,85985806,0
34086,85985806,0
34087,85985806,0
34088,85985806,0
34089,85985806,0
34090,85985806,0
34091,85985806,0
34092,85985806,0
34093,85985806,0
34094,85985806,0
34095,85985806,0
34096,85985806,0
34097,85985806,0
34098,85985806,0
34099,85985806,0
34100,85985806,0
34101,85985806,0
34102,85985806,0
34103,85985806,0
34104,85985806,0
34105,85985806,0
34106,85985806,0
34107,85985806,0
34108,85985806,0
34109,85985806,0
34110,85985806,0
34111,85985806,0
34112,85985806,0
34113,85985806,0
34114,85985806,0
34115,85985806,0
34116,85985806,0
34117,85985806,0
34118,85985806,0
34119,85985806,0
34120,85985806,0
34121,85985806,0
34122,85985806,0
34123,85985806,0
34124,85985806,0
34125,85985806,0
34126,85985806,0
34127,85985806,0
34128,85985806,0
34129,85985806,0
34130,85985806,0
34131,85985806,0
34132,85985806,0
34133,85985806,0
34134,85985806,0
34135,85985806,0
34136,85985806,0
34137,85985806,0
34138,85985806,0
34139,85985806,0
34140,85985806,0
34141,85985806,0
34142,85985806,0
34143,85985806,0
34144,85985806,0
34145,85985806,0
34146,85985806,0
34147,85985806,0
34148,85985806,0
34149,85985806,0
34150,85985806,0
34151,85985806,0
34152,85985806,0
34153,85985806,0
34154,85985806,0
34155,85985806,0
34156,85985806,0
34157,85985806,0
34158,85985806,0
34159,85985806,0
34160,85985806,0
34161,85985806,0
34162,85985806,0
34163,85985806,0
34164,85985806,0
34165,85985806,0
34166,85985806,0
34167,85985806,0
34168,85985806,0
34169,85985806,0
34170,85985806,0
34171,85985806,0
34172,85985806,0
34173,85985806,0
34174,85985806,0
34175,85985806,0
34176,85985806,0
34177,85985806,0
34178,85985806,0
34179,85985806,0
34180,85985806,0
34181,85985806,0
34182,85985806,0
34183,85985806,0
34184,85985806,0
34185,85985806,0
34186,85985806,0
34187,85985806,0
34188,85985806,0
34189,85985806,0
34190,85985806,0
34191,85985806,0
34192,85985806,0
34193,85985806,0
34194,85985806,0
34195,85985806,0
34196,85985806,0
34197,85985806,0
34198,85985806,0
34199,85985806,0
34200,85985806,0
34201,85985806,0
34202,85985806,0
34203,85985806,0
34204,85985806,0
34205,85985806,0
34206,85985806,0
34207,85985806,0
34208,85985806,0
34209,85985806,0
34210,85985806,0
34211,85985806,0
34212,85985806,0
34213,85985806,0
34214,85985806,0
34215,85985806,0
34216,85985806,0
34217,85985806,0
34218,85985806,0
34219,85985806,0
34220,85985806,0
34221,85985806,0
34222,85985806,0
34223,85985806,0
34224,85985806,0
34225,85985806,0
34226,85985806,0
34227,85985806,0
34228,85985806,0
34229,85985806,0
34230,85985806,0
34231,85985806,0
34232,85985806,0
34233,85985806,0
34234,85985806,0
34235,85985806,0
34236,85985806,0
34237,85985806,0
34238,85985806,0
34239,85985806,0
34240,85985806,0
34241,85985806,0
34242,85985806,0
34243,85985806,0
34244,85985806,0
34245,85985806,0
34246,85985806,0
34247,85985806,0
34248,85985806,0
34249,85985806,0
34250,85985806,0
34251,85985806,0
34252,85985806,0
34253,85985806,0
34254,85985806,0
34255,85985806,0
34256,85985806,0
34257,85985806,0
34258,85985806,0
34259,85985806,0
34260,85985806,0
34261,85985806,0
34262,85985806,0
34263,85985806,0
34264,85985806,0
34265,85985806,0
34266,85985806,0
34267,85985806,0
34268,85985806,0
34269,85985806,0
34270,85985806,0
34271,85985806,0
34272,85985806,0
34273,85985806,0
34274,85985806,0
34275,85985806,0
34276,85985806,0
34277,85985806,0
34278,85985806,0
34279,85985806,0
34280,85985806,0
34281,85985806,0
34282,85985806,0
34283,85985806,0
34284,85985806,0
34285,85985806,0
34286,85985806,0
34287,85985806,0
34288,85985806,0
34289,85985806,0
34290,85985806,0
34291,85985806,0
34292,85985806,0
34293,85985806,0
34294,85985806,0
34295,85985806,0
34296,85985806,0
34297,85985806,0
34298,85985806,0
34299,85985806,0
34300,85985806,0
34301,85985806,0
34302,85985806,0
34303,85985806,0
34304,85985806,0
34305,85985806,0
34306,85985806,0
34307,85985806,0
34308,85985806,0
34309,85985806,0
34310,85985806,0
34311,85985806,0
34312,85985806,0
34313,85985806,0
34314,85985806,0
34315,85985806,0
34316,85985806,0
34317,85985806,0
34318,85985806,0
34319,85985806,0
34320,85985806,0
34321,85985806,0
34322,85985806,0
34323,85985806,0
34324,85985806,0
34325,85985806,0
34326,85985806,0
34327,85985806,0
34328,85985806,0
34329,85985806,0
34330,85985806,0
34331,85985806,0
34332,85985806,0
34333,85985806,0
34334,85985806,0
34335,85985806,0
34336,85985806,0
34337,85985806,0
34338,85985806,0
34339,85985806,0
34340,85985806,0
34341,85985806,0
34342,85985806,0
34343,85985806,0
34344,85985806,0
34345,85985806,0
34346,85985806,0
34347,85985806,0
34348,85985806,0
34349,85985806,0
34350,85985806,0
34351,85985806,0
34352,85985806,0
34353,85985806,0
34354,85985806,0
34355,85985806,0
34356,85985806,0
34357,85985806,0
34358,85985806,0
34359,85985806,0
34360,85985806,0
34361,85985806,0
34362,85985806,0
34363,85985806,0
34364,85985806,0
34365,85985806,0
34366,85985806,0
34367,85985806,0
34368,85985806,0
34369,85985806,0
34370,85985806,0
34371,85985806,0
34372,85985806,0
34373,85985806,0
34374,85985806,0
34375,85985806,0
34376,85985806,0
34377,85985806,0
34378,85985806,0
34379,85985806,0
34380,85985806,0
34381,85985806,0
34382,85985806,0
34383,85985806,0
34384,85985806,0
34385,85985806,0
34386,85985806,0
34387,85985806,0
34388,85985806,0
34389,85985806,0
34390,85985806,0
34391,85985806,0
34392,85985806,0
34393,85985806,0
34394,85985806,0
34395,85985806,0
34396,85985806,0
34397,85985806,0
34398,85985806,0
34399,85985806,0
34400,85985806,0
34401,85985806,0
34402,85985806,0
34403,85985806,0
34404,85985806,0
34405,85985806,0
34406,85985806,0
34407,85985806,0
34408,85985806,0
34409,85985806,0
34410,85985806,0
34411,85985806,0
34412,85985806,0
34413,85985806,0
34414,85985806,0
34415,85985806,0
34416,85985806,0
34417,85985806,0
34418,85985806,0
34419,85985806,0
34420,85985806,0
34421,85985806,0
34422,85985806,0
34423,85985806,0
34424,85985806,0
34425,85985806,0
34426,85985806,0
34427,85985806,0
34428,85985806,0
34429,85985806,0
34430,85985806,0
34431,85985806,0
34432,85985806,0
34433,85985806,0
34434,85985806,0
34435,85985806,0
34436,85985806,0
34437,85985806,0
34438,85985806,0
34439,85985806,0
34440,85985806,0
34441,85985806,0
34442,85985806,0
34443,85985806,0
34444,85985806,0
34445,85985806,0
34446,85985806,0
34447,85985806,0
34448,85985806,0
34449,85985806,0
34450,85985806,0
34451,85985806,0
34452,85985806,0
34453,85985806,0
34454,85985806,0
34455,85985806,0
34456,85985806,0
34457,85985806,0
34458,85985806,0
34459,85985806,0
34460,85985806,0
34461,85985806,0
34462,85985806,0
34463,85985806,0
34464,85985806,0
34465,85985806,0
34466,85985806,0
34467,85985806,0
34468,85985806,0
34469,85985806,0
34470,85985806,0
34471,85985806,0
34472,85985806,0
34473,85985806,0
34474,85985806,0
34475,85985806,0
34476,85985806,0
34477,85985806,0
34478,85985806,0
34479,85985806,0
34480,85985806,0
34481,85985806,0
34482,85985806,0
34483,85985806,0
34484,85985806,0
34485,85985806,0
34486,85985806,0
34487,85985806,0
34488,85985806,0
34489,85985806,0
34490,85985806,0
34491,85985806,0
34492,85985806,0
34493,85985806,0
34494,85985806,0
34495,85985806,0
34496,85985806,0
34497,85985806,0
34498,85985806,0
34499,85985806,0
34500,85985806,0
34501,85985806,0
34502,85985806,0
34503,85985806,0
34504,85985806,0
34505,85985806,0
34506,85985806,0
34507,85985806,0
34508,85985806,0
34509,85985806,0
34510,85985806,0
34511,85985806,0
34512,85985806,0
34513,85985806,0
34514,85985806,0
34515,85985806,0
34516,85985806,0
34517,85985806,0
34518,85985806,0
34519,85985806,0
34520,85985806,0
34521,85985806,0
34522,85985806,0
34523,85985806,0
34524,85985806,0
34525,85985806,0
34526,85985806,0
34527,85985806,0
34528,85985806,0
34529,85985806,0
34530,85985806,0
34531,85985806,0
34532,85985806,0
34533,85985806,0
34534,85985806,0
34535,85985806,0
34536,85985806,0
34537,85985806,0
34538,85985806,0
34539,85985806,0
34540,85985806,0
34541,85985806,0
34542,85985806,0
34543,85985806,0
34544,85985806,0
34545,85985806,0
34546,85985806,0
34547,85985806,0
34548,85985806,0
34549,85985806,0
34550,85985806,0
34551,85985806,0
34552,85985806,0
34553,85985806,0
34554,85985806,0
34555,85985806,0
34556,85985806,0
34557,85985806,0
34558,85985806,0
34559,85985806,0
34560,85985806,0
34561,85985806,0
34562,85985806,0
34563,85985806,0
34564,85985806,0
34565,85985806,0
34566,85985806,0
34567,85985806,0
34568,85985806,0
34569,85985806,0
34570,85985806,0
34571,85985806,0
34572,85985806,0
34573,85985806,0
34574,85985806,0
34575,85985806,0
34576,85985806,0
34577,85985806,0
34578,85985806,0
34579,85985806,0
34580,85985806,0
34581,85985806,0
34582,85985806,0
34583,85985806,0
34584,85985806,0
34585,85985806,0
34586,85985806,0
34587,85985806,0
34588,85985806,0
34589,85985806,0
34590,85985806,0
34591,85985806,0
34592,85985806,0
34593,85985806,0
34594,85985806,0
34595,85985806,0
34596,85985806,0
34597,85985806,0
34598,85985806,0
34599,85985806,0
34600,85985806,0
34601,85985806,0
34602,85985806,0
34603,85985806,0
34604,85985806,0
34605,85985806,0
34606,85985806,0
34607,85985806,0
34608,85985806,0
34609,85985806,0
34610,85985806,0
34611,85985806,0
34612,85985806,0
34613,85985806,0
34614,85985806,0
34615,85985806,0
34616,85985806,0
34617,85985806,0
34618,85985806,0
34619,85985806,0
34620,85985806,0
34621,85985806,0
34622,85985806,0
34623,85985806,0
34624,85985806,0
34625,85985806,0
34626,85985806,0
34627,85985806,0
34628,85985806,0
34629,85985806,0
34630,85985806,0
34631,85985806,0
34632,85985806,0
34633,85985806,0
34634,85985806,0
34635,85985806,0
34636,85985806,0
34637,85985806,0
34638,85985806,0
34639,85985806,0
34640,85985806,0
34641,85985806,0
34642,85985806,0
34643,85985806,0
34644,85985806,0
34645,85985806,0
34646,85985806,0
34647,85985806,0
34648,85985806,0
34649,85985806,0
34650,85985806,0
34651,85985806,0
34652,85985806,0
34653,85985806,0
34654,85985806,0
34655,85985806,0
34656,85985806,0
34657,85985806,0
34658,85985806,0
34659,85985806,0
34660,85985806,0
34661,85985806,0
34662,85985806,0
34663,85985806,0
34664,85985806,0
34665,85985806,0
34666,85985806,0
34667,85985806,0
34668,85985806,0
34669,85985806,0
34670,85985806,0
34671,85985806,0
34672,85985806,0
34673,85985806,0
34674,85985806,0
34675,85985806,0
34676,85985806,0
34677,85985806,0
34678,85985806,0
34679,85985806,0
34680,85985806,0
34681,85985806,0
34682,85985806,0
34683,85985806,0
34684,85985806,0
34685,85985806,0
34686,85985806,0
34687,85985806,0
34688,85985806,0
34689,85985806,0
34690,85985806,0
34691,85985806,0
34692,85985806,0
34693,85985806,0
34694,85985806,0
34695,85985806,0
34696,85985806,0
34697,85985806,0
34698,85985806,0
34699,85985806,0
34700,85985806,0
34701,85985806,0
34702,85985806,0
34703,85985806,0
34704,85985806,0
34705,85985806,0
34706,85985806,0
34707,85985806,0
34708,85985806,0
34709,85985806,0
34710,85985806,0
34711,85985806,0
34712,85985806,0
34713,85985806,0
34714,85985806,0
34715,85985806,0
34716,85985806,0
34717,85985806,0
34718,85985806,0
34719,85985806,0
34720,85985806,0
34721,85985806,0
34722,85985806,0
34723,85985806,0
34724,85985806,0
34725,85985806,0
34726,85985806,0
34727,85985806,0
34728,85985806,0
34729,85985806,0
34730,85985806,0
34731,85985806,0
34732,85985806,0
34733,85985806,0
34734,85985806,0
34735,85985806,0
34736,85985806,0
34737,85985806,0
34738,85985806,0
34739,85985806,0
34740,85985806,0
34741,85985806,0
34742,85985806,0
34743,85985806,0
34744,85985806,0
34745,85985806,0
34746,85985806,0
34747,85985806,0
34748,85985806,0
34749,85985806,0
34750,85985806,0
34751,85985806,0
34752,85985806,0
34753,85985806,0
34754,85985806,0
34755,85985806,0
34756,85985806,0
34757,85985806,0
34758,85985806,0
34759,85985806,0
34760,85985806,0
34761,85985806,0
34762,85985806,0
34763,85985806,0
34764,85985806,0
34765,85985806,0
34766,85985806,0
34767,85985806,0
34768,85985806,0
34769,85985806,0
34770,85985806,0
34771,85985806,0
34772,85985806,0
34773,85985806,0
34774,85985806,0
34775,85985806,0
34776,85985806,0
34777,85985806,0
34778,85985806,0
34779,85985806,0
34780,85985806,0
34781,85985806,0
34782,85985806,0
34783,85985806,0
34784,85985806,0
34785,85985806,0
34786,85985806,0
34787,85985806,0
34788,85985806,0
34789,85985806,0
34790,85985806,0
34791,85985806,0
34792,85985806,0
34793,85985806,0
34794,85985806,0
34795,85985806,0
34796,85985806,0
34797,85985806,0
34798,85985806,0
34799,85985806,0
34800,85985806,0
34801,85985806,0
34802,85985806,0
34803,85985806,0
34804,85985806,0
34805,85985806,0
34806,85985806,0
34807,85985806,0
34808,85985806,0
34809,85985806,0
34810,85985806,0
34811,85985806,0
34812,85985806,0
34813,85985806,0
34814,85985806,0
34815,85985806,0
34816,85985806,0
34817,85985806,0
34818,85985806,0
34819,85985806,0
34820,85985806,0
34821,85985806,0
34822,85985806,0
34823,85985806,0
34824,85985806,0
34825,85985806,0
34826,85985806,0
34827,85985806,0
34828,85985806,0
34829,85985806,0
34830,85985806,0
34831,85985806,0
34832,85985806,0
34833,85985806,0
34834,85985806,0
34835,85985806,0
34836,85985806,0
34837,85985806,0
34838,85985806,0
34839,85985806,0
34840,85985806,0
34841,85985806,0
34842,85985806,0
34843,85985806,0
34844,85985806,0
34845,85985806,0
34846,85985806,0
34847,85985806,0
34848,85985806,0
34849,85985806,0
34850,85985806,0
34851,85985806,0
34852,85985806,0
34853,85985806,0
34854,85985806,0
34855,85985806,0
34856,85985806,0
34857,85985806,0
34858,85985806,0
34859,85985806,0
34860,85985806,0
34861,85985806,0
34862,85985806,0
34863,85985806,0
34864,85985806,0
34865,85985806,0
34866,85985806,0
34867,85985806,0
34868,85985806,0
34869,85985806,0
34870,85985806,0
34871,85985806,0
34872,85985806,0
34873,85985806,0
34874,85985806,0
34875,85985806,0
34876,85985806,0
34877,85985806,0
34878,85985806,0
34879,85985806,0
34880,85985806,0
34881,85985806,0
34882,85985806,0
34883,85985806,0
34884,85985806,0
34885,85985806,0
34886,85985806,0
34887,85985806,0
34888,85985806,0
34889,85985806,0
34890,85985806,0
34891,85985806,0
34892,85985806,0
34893,85985806,0
34894,85985806,0
34895,85985806,0
34896,85985806,0
34897,85985806,0
34898,85985806,0
34899,85985806,0
34900,85985806,0
34901,85985806,0
34902,85985806,0
34903,85985806,0
34904,85985806,0
34905,85985806,0
34906,85985806,0
34907,85985806,0
34908,85985806,0
34909,85985806,0
34910,85985806,0
34911,85985806,0
34912,85985806,0
34913,85985806,0
34914,85985806,0
34915,85985806,0
34916,85985806,0
34917,85985806,0
34918,85985806,0
34919,85985806,0
34920,85985806,0
34921,85985806,0
34922,85985806,0
34923,85985806,0
34924,85985806,0
34925,85985806,0
34926,85985806,0
34927,85985806,0
34928,85985806,0
34929,85985806,0
34930,85985806,0
34931,85985806,0
34932,85985806,0
34933,85985806,0
34934,85985806,0
34935,85985806,0
34936,85985806,0
34937,85985806,0
34938,85985806,0
34939,85985806,0
34940,85985806,0
34941,85985806,0
34942,85985806,0
34943,85985806,0
34944,85985806,0
34945,85985806,0
34946,85985806,0
34947,85985806,0
34948,85985806,0
34949,85985806,0
34950,85985806,0
34951,85985806,0
34952,85985806,0
34953,85985806,0
34954,85985806,0
34955,85985806,0
34956,85985806,0
34957,85985806,0
34958,85985806,0
34959,85985806,0
34960,85985806,0
34961,85985806,0
34962,85985806,0
34963,85985806,0
34964,85985806,0
34965,85985806,0
34966,85985806,0
34967,85985806,0
34968,85985806,0
34969,85985806,0
34970,85985806,0
34971,85985806,0
34972,85985806,0
34973,85985806,0
34974,85985806,0
34975,85985806,0
34976,85985806,0
34977,85985806,0
34978,85985806,0
34979,85985806,0
34980,85985806,0
34981,85985806,0
34982,85985806,0
34983,85985806,0
34984,85985806,0
34985,85985806,0
34986,85985806,0
34987,85985806,0
34988,85985806,0
34989,85985806,0
34990,85985806,0
34991,85985806,0
34992,85985806,0
34993,85985806,0
34994,85985806,0
34995,85985806,0
34996,85985806,0
34997,85985806,0
34998,85985806,0
34999,85985806,0
35000,85985806,0
35001,85985806,0
35002,85985806,0
35003,85985806,0
35004,85985806,0
35005,85985806,0
35006,85985806,0
35007,85985806,0
35008,85985806,0
35009,85985806,0
35010,85985806,0
35011,85985806,0
35012,85985806,0
35013,85985806,0
35014,85985806,0
35015,85985806,0
35016,85985806,0
35017,85985806,0
35018,85985806,0
35019,85985806,0
35020,85985806,0
35021,85985806,0
35022,85985806,0
35023,85985806,0
35024,85985806,0
35025,85985806,0
35026,85985806,0
35027,85985806,0
35028,85985806,0
35029,85985806,0
35030,85985806,0
35031,85985806,0
35032,85985806,0
35033,85985806,0
35034,85985806,0
35035,85985806,0
35036,85985806,0
35037,85985806,0
35038,85985806,0
35039,85985806,0
35040,85985806,0
35041,85985806,0
35042,85985806,0
35043,85985806,0
35044,85985806,0
35045,85985806,0
35046,85985806,0
35047,85985806,0
35048,85985806,0
35049,85985806,0
35050,85985806,0
35051,85985806,0
35052,85985806,0
35053,85985806,0
35054,85985806,0
35055,85985806,0
35056,85985806,0
35057,85985806,0
35058,85985806,0
35059,85985806,0
35060,85985806,0
35061,85985806,0
35062,85985806,0
35063,85985806,0
35064,85985806,0
35065,85985806,0
35066,85985806,0
35067,85985806,0
35068,85985806,0
35069,85985806,0
35070,85985806,0
35071,85985806,0
35072,85985806,0
35073,85985806,0
35074,85985806,0
35075,85985806,0
35076,85985806,0
35077,85985806,0
35078,85985806,0
35079,85985806,0
35080,85985806,0
35081,85985806,0
35082,85985806,0
35083,85985806,0
35084,85985806,0
35085,85985806,0
35086,85985806,0
35087,85985806,0
35088,85985806,0
35089,85985806,0
35090,85985806,0
35091,85985806,0
35092,85985806,0
35093,85985806,0
35094,85985806,0
35095,85985806,0
35096,85985806,0
35097,85985806,0
35098,85985806,0
35099,85985806,0
35100,85985806,0
35101,85985806,0
35102,85985806,0
35103,85985806,0
35104,85985806,0
35105,85985806,0
35106,85985806,0
35107,85985806,0
35108,85985806,0
35109,85985806,0
35110,85985806,0
35111,85985806,0
35112,85985806,0
35113,85985806,0
35114,85985806,0
35115,85985806,0
35116,85985806,0
35117,85985806,0
35118,85985806,0
35119,85985806,0
35120,85985806,0
35121,85985806,0
35122,85985806,0
35123,85985806,0
35124,85985806,0
35125,85985806,0
35126,85985806,0
35127,85985806,0
35128,85985806,0
35129,85985806,0
35130,85985806,0
35131,85985806,0
35132,85985806,0
35133,85985806,0
35134,85985806,0
35135,85985806,0
35136,85985806,0
35137,85985806,0
35138,85985806,0
35139,85985806,0
35140,85985806,0
35141,85985806,0
35142,85985806,0
35143,85985806,0
35144,85985806,0
35145,85985806,0
35146,85985806,0
35147,85985806,0
35148,85985806,0
35149,85985806,0
35150,85985806,0
35151,85985806,0
35152,85985806,0
35153,85985806,0
35154,85985806,0
35155,85985806,0
35156,85985806,0
35157,85985806,0
35158,85985806,0
35159,85985806,0
35160,85985806,0
35161,85985806,0
35162,85985806,0
35163,85985806,0
35164,85985806,0
35165,85985806,0
35166,85985806,0
35167,85985806,0
35168,85985806,0
35169,85985806,0
35170,85985806,0
35171,85985806,0
35172,85985806,0
35173,85985806,0
35174,85985806,0
35175,85985806,0
35176,85985806,0
35177,85985806,0
35178,85985806,0
35179,85985806,0
35180,85985806,0
35181,85985806,0
35182,85985806,0
35183,85985806,0
35184,85985806,0
35185,85985806,0
35186,85985806,0
35187,85985806,0
35188,85985806,0
35189,85985806,0
35190,85985806,0
35191,85985806,0
35192,85985806,0
35193,85985806,0
35194,85985806,0
35195,85985806,0
35196,85985806,0
35197,85985806,0
35198,85985806,0
35199,85985806,0
35200,85985806,0
35201,85985806,0
35202,85985806,0
35203,85985806,0
35204,85985806,0
35205,85985806,0
35206,85985806,0
35207,85985806,0
35208,85985806,0
35209,85985806,0
35210,85985806,0
35211,85985806,0
35212,85985806,0
35213,85985806,0
35214,85985806,0
35215,85985806,0
35216,85985806,0
35217,85985806,0
35218,85985806,0
35219,85985806,0
35220,85985806,0
35221,85985806,0
35222,85985806,0
35223,85985806,0
35224,85985806,0
35225,85985806,0
35226,85985806,0
35227,85985806,0
35228,85985806,0
35229,85985806,0
35230,85985806,0
35231,85985806,0
35232,85985806,0
35233,85985806,0
35234,85985806,0
35235,85985806,0
35236,85985806,0
35237,85985806,0
35238,85985806,0
35239,85985806,0
35240,85985806,0
35241,85985806,0
35242,85985806,0
35243,85985806,0
35244,85985806,0
35245,85985806,0
35246,85985806,0
35247,85985806,0
35248,85985806,0
35249,85985806,0
35250,85985806,0
35251,85985806,0
35252,85985806,0
35253,85985806,0
35254,85985806,0
35255,85985806,0
35256,85985806,0
35257,85985806,0
35258,85985806,0
35259,85985806,0
35260,85985806,0
35261,85985806,0
35262,85985806,0
35263,85985806,0
35264,85985806,0
35265,85985806,0
35266,85985806,0
35267,85985806,0
35268,85985806,0
35269,85985806,0
35270,85985806,0
35271,85985806,0
35272,85985806,0
35273,85985806,0
35274,85985806,0
35275,85985806,0
35276,85985806,0
35277,85985806,0
35278,85985806,0
35279,85985806,0
35280,85985806,0
35281,85985806,0
35282,85985806,0
35283,85985806,0
35284,85985806,0
35285,85985806,0
35286,85985806,0
35287,85985806,0
35288,85985806,0
35289,85985806,0
35290,85985806,0
35291,85985806,0
35292,85985806,0
35293,85985806,0
35294,85985806,0
35295,85985806,0
35296,85985806,0
35297,85985806,0
35298,85985806,0
35299,85985806,0
35300,85985806,0
35301,85985806,0
35302,85985806,0
35303,85985806,0
35304,85985806,0
35305,85985806,0
35306,85985806,0
35307,85985806,0
35308,85985806,0
35309,85985806,0
35310,85985806,0
35311,85985806,0
35312,85985806,0
35313,85985806,0
35314,85985806,0
35315,85985806,0
35316,85985806,0
35317,85985806,0
35318,85985806,0
35319,85985806,0
35320,85985806,0
35321,85985806,0
35322,85985806,0
35323,85985806,0
35324,85985806,0
35325,85985806,0
35326,85985806,0
35327,85985806,0
35328,85985806,0
35329,85985806,0
35330,85985806,0
35331,85985806,0
35332,85985806,0
35333,85985806,0
35334,85985806,0
35335,85985806,0
35336,85985806,0
35337,85985806,0
35338,85985806,0
35339,85985806,0
35340,85985806,0
35341,85985806,0
35342,85985806,0
35343,85985806,0
35344,85985806,0
35345,85985806,0
35346,85985806,0
35347,85985806,0
35348,85985806,0
35349,85985806,0
35350,85985806,0
35351,85985806,0
35352,85985806,0
35353,85985806,0
35354,85985806,0
35355,85985806,0
35356,85985806,0
35357,85985806,0
35358,85985806,0
35359,85985806,0
35360,85985806,0
35361,85985806,0
35362,85985806,0
35363,85985806,0
35364,85985806,0
35365,85985806,0
35366,85985806,0
35367,85985806,0
35368,85985806,0
35369,85985806,0
35370,85985806,0
35371,85985806,0
35372,85985806,0
35373,85985806,0
35374,85985806,0
35375,85985806,0
35376,85985806,0
35377,85985806,0
35378,85985806,0
35379,85985806,0
35380,85985806,0
35381,85985806,0
35382,85985806,0
35383,85985806,0
35384,85985806,0
35385,85985806,0
35386,85985806,0
35387,85985806,0
35388,85985806,0
35389,85985806,0
35390,85985806,0
35391,85985806,0
35392,85985806,0
35393,85985806,0
35394,85985806,0
35395,85985806,0
35396,85985806,0
35397,85985806,0
35398,85985806,0
35399,85985806,0
35400,85985806,0
35401,85985806,0
35402,85985806,0
35403,85985806,0
35404,85985806,0
35405,85985806,0
35406,85985806,0
35407,85985806,0
35408,85985806,0
35409,85985806,0
35410,85985806,0
35411,85985806,0
35412,85985806,0
35413,85985806,0
35414,85985806,0
35415,85985806,0
35416,85985806,0
35417,85985806,0
35418,85985806,0
35419,85985806,0
35420,85985806,0
35421,85985806,0
35422,85985806,0
35423,85985806,0
35424,85985806,0
35425,85985806,0
35426,85985806,0
35427,85985806,0
35428,85985806,0
35429,85985806,0
35430,85985806,0
35431,85985806,0
35432,85985806,0
35433,85985806,0
35434,85985806,0
35435,85985806,0
35436,85985806,0
35437,85985806,0
35438,85985806,0
35439,85985806,0
35440,85985806,0
35441,85985806,0
35442,85985806,0
35443,85985806,0
35444,85985806,0
35445,85985806,0
35446,85985806,0
35447,85985806,0
35448,85985806,0
35449,85985806,0
35450,85985806,0
35451,85985806,0
35452,85985806,0
35453,85985806,0
35454,85985806,0
35455,85985806,0
35456,85985806,0
35457,85985806,0
35458,85985806,0
35459,85985806,0
35460,85985806,0
35461,85985806,0
35462,85985806,0
35463,85985806,0
35464,85985806,0
35465,85985806,0
35466,85985806,0
35467,85985806,0
35468,85985806,0
35469,85985806,0
35470,85985806,0
35471,85985806,0
35472,85985806,0
35473,85985806,0
35474,85985806,0
35475,85985806,0
35476,85985806,0
35477,85985806,0
35478,85985806,0
35479,85985806,0
35480,85985806,0
35481,85985806,0
35482,85985806,0
35483,85985806,0
35484,85985806,0
35485,85985806,0
35486,85985806,0
35487,85985806,0
35488,85985806,0
35489,85985806,0
35490,85985806,0
35491,85985806,0
35492,85985806,0
35493,85985806,0
35494,85985806,0
35495,85985806,0
35496,85985806,0
35497,85985806,0
35498,85985806,0
35499,85985806,0
35500,85985806,0
35501,85985806,0
35502,85985806,0
35503,85985806,0
35504,85985806,0
35505,85985806,0
35506,85985806,0
35507,85985806,0
35508,85985806,0
35509,85985806,0
35510,85985806,0
35511,85985806,0
35512,85985806,0
35513,85985806,0
35514,85985806,0
35515,85985806,0
35516,85985806,0
35517,85985806,0
35518,85985806,0
35519,85985806,0
35520,85985806,0
35521,85985806,0
35522,85985806,0
35523,85985806,0
35524,85985806,0
35525,85985806,0
35526,85985806,0
35527,85985806,0
35528,85985806,0
35529,85985806,0
35530,85985806,0
35531,85985806,0
35532,85985806,0
35533,85985806,0
35534,85985806,0
35535,85985806,0
35536,85985806,0
35537,85985806,0
35538,85985806,0
35539,85985806,0
35540,85985806,0
35541,85985806,0
35542,85985806,0
35543,85985806,0
35544,85985806,0
35545,85985806,0
35546,85985806,0
35547,85985806,0
35548,85985806,0
35549,85985806,0
35550,85985806,0
35551,85985806,0
35552,85985806,0
35553,85985806,0
35554,85985806,0
35555,85985806,0
35556,85985806,0
35557,85985806,0
35558,85985806,0
35559,85985806,0
35560,85985806,0
35561,85985806,0
35562,85985806,0
35563,85985806,0
35564,85985806,0
35565,85985806,0
35566,85985806,0
35567,85985806,0
35568,85985806,0
35569,85985806,0
35570,85985806,0
35571,85985806,0
35572,85985806,0
35573,85985806,0
35574,85985806,0
35575,85985806,0
35576,85985806,0
35577,85985806,0
35578,85985806,0
35579,85985806,0
35580,85985806,0
35581,85985806,0
35582,85985806,0
35583,85985806,0
35584,85985806,0
35585,85985806,0
35586,85985806,0
35587,85985806,0
35588,85985806,0
35589,85985806,0
35590,85985806,0
35591,85985806,0
35592,85985806,0
35593,85985806,0
35594,85985806,0
35595,85985806,0
35596,85985806,0
35597,85985806,0
35598,85985806,0
35599,85985806,0
35600,85985806,0
35601,85985806,0
35602,85985806,0
35603,85985806,0
35604,85985806,0
35605,85985806,0
35606,85985806,0
35607,85985806,0
35608,85985806,0
35609,85985806,0
35610,85985806,0
35611,85985806,0
35612,85985806,0
35613,85985806,0
35614,85985806,0
35615,85985806,0
35616,85985806,0
35617,85985806,0
35618,85985806,0
35619,85985806,0
35620,85985806,0
35621,85985806,0
35622,85985806,0
35623,85985806,0
35624,85985806,0
35625,85985806,0
35626,85985806,0
35627,85985806,0
35628,85985806,0
35629,85985806,0
35630,85985806,0
35631,85985806,0
35632,85985806,0
35633,85985806,0
35634,85985806,0
35635,85985806,0
35636,85985806,0
35637,85985806,0
35638,85985806,0
35639,85985806,0
35640,85985806,0
35641,85985806,0
35642,85985806,0
35643,85985806,0
35644,85985806,0
35645,85985806,0
35646,85985806,0
35647,85985806,0
35648,85985806,0
35649,85985806,0
35650,85985806,0
35651,85985806,0
35652,85985806,0
35653,85985806,0
35654,85985806,0
35655,85985806,0
35656,85985806,0
35657,85985806,0
35658,85985806,0
35659,85985806,0
35660,85985806,0
35661,85985806,0
35662,85985806,0
35663,85985806,0
35664,85985806,0
35665,85985806,0
35666,85985806,0
35667,85985806,0
35668,85985806,0
35669,85985806,0
35670,85985806,0
35671,85985806,0
35672,85985806,0
35673,85985806,0
35674,85985806,0
35675,85985806,0
35676,85985806,0
35677,85985806,0
35678,85985806,0
35679,85985806,0
35680,85985806,0
35681,85985806,0
35682,85985806,0
35683,85985806,0
35684,85985806,0
35685,85985806,0
35686,85985806,0
35687,85985806,0
35688,85985806,0
35689,85985806,0
35690,85985806,0
35691,85985806,0
35692,85985806,0
35693,85985806,0
35694,85985806,0
35695,85985806,0
35696,85985806,0
35697,85985806,0
35698,85985806,0
35699,85985806,0
35700,85985806,0
35701,85985806,0
35702,85985806,0
35703,85985806,0
35704,85985806,0
35705,85985806,0
35706,85985806,0
35707,85985806,0
35708,85985806,0
35709,85985806,0
35710,85985806,0
35711,85985806,0
35712,85985806,0
35713,85985806,0
35714,85985806,0
35715,85985806,0
35716,85985806,0
35717,85985806,0
35718,85985806,0
35719,85985806,0
35720,85985806,0
35721,85985806,0
35722,85985806,0
35723,85985806,0
35724,85985806,0
35725,85985806,0
35726,85985806,0
35727,85985806,0
35728,85985806,0
35729,85985806,0
35730,85985806,0
35731,85985806,0
35732,85985806,0
35733,85985806,0
35734,85985806,0
35735,85985806,0
35736,85985806,0
35737,85985806,0
35738,85985806,0
35739,85985806,0
35740,85985806,0
35741,85985806,0
35742,85985806,0
35743,85985806,0
35744,85985806,0
35745,85985806,0
35746,85985806,0
35747,85985806,0
35748,85985806,0
35749,85985806,0
35750,85985806,0
35751,85985806,0
35752,85985806,0
35753,85985806,0
35754,85985806,0
35755,85985806,0
35756,85985806,0
35757,85985806,0
35758,85985806,0
35759,85985806,0
35760,85985806,0
35761,85985806,0
35762,85985806,0
35763,85985806,0
35764,85985806,0
35765,85985806,0
35766,85985806,0
35767,85985806,0
35768,85985806,0
35769,85985806,0
35770,85985806,0
35771,85985806,0
35772,85985806,0
35773,85985806,0
35774,85985806,0
35775,85985806,0
35776,85985806,0
35777,85985806,0
35778,85985806,0
35779,85985806,0
35780,85985806,0
35781,85985806,0
35782,85985806,0
35783,85985806,0
35784,85985806,0
35785,85985806,0
35786,85985806,0
35787,85985806,0
35788,85985806,0
35789,85985806,0
35790,85985806,0
35791,85985806,0
35792,85985806,0
35793,85985806,0
35794,85985806,0
35795,85985806,0
35796,85985806,0
35797,85985806,0
35798,85985806,0
35799,85985806,0
35800,85985806,0
35801,85985806,0
35802,85985806,0
35803,85985806,0
35804,85985806,0
35805,85985806,0
35806,85985806,0
35807,85985806,0
35808,85985806,0
35809,85985806,0
35810,85985806,0
35811,85985806,0
35812,85985806,0
35813,85985806,0
35814,85985806,0
35815,85985806,0
35816,85985806,0
35817,85985806,0
35818,85985806,0
35819,85985806,0
35820,85985806,0
35821,85985806,0
35822,85985806,0
35823,85985806,0
35824,85985806,0
35825,85985806,0
35826,85985806,0
35827,85985806,0
35828,85985806,0
35829,85985806,0
35830,85985806,0
35831,85985806,0
35832,85985806,0
35833,85985806,0
35834,85985806,0
35835,85985806,0
35836,85985806,0
35837,85985806,0
35838,85985806,0
35839,85985806,0
35840,85985806,0
35841,85985806,0
35842,85985806,0
35843,85985806,0
35844,85985806,0
35845,85985806,0
35846,85985806,0
35847,85985806,0
35848,85985806,0
35849,85985806,0
35850,85985806,0
35851,85985806,0
35852,85985806,0
35853,85985806,0
35854,85985806,0
35855,85985806,0
35856,85985806,0
35857,85985806,0
35858,85985806,0
35859,85985806,0
35860,85985806,0
35861,85985806,0
35862,85985806,0
35863,85985806,0
35864,85985806,0
35865,85985806,0
35866,85985806,0
35867,85985806,0
35868,85985806,0
35869,85985806,0
35870,85985806,0
35871,85985806,0
35872,85985806,0
35873,85985806,0
35874,85985806,0
35875,85985806,0
35876,85985806,0
35877,85985806,0
35878,85985806,0
35879,85985806,0
35880,85985806,0
35881,85985806,0
35882,85985806,0
35883,85985806,0
35884,85985806,0
35885,85985806,0
35886,85985806,0
35887,85985806,0
35888,85985806,0
35889,85985806,0
35890,85985806,0
35891,85985806,0
35892,85985806,0
35893,85985806,0
35894,85985806,0
35895,85985806,0
35896,85985806,0
35897,85985806,0
35898,85985806,0
35899,85985806,0
35900,85985806,0
35901,85985806,0
35902,85985806,0
35903,85985806,0
35904,85985806,0
35905,85985806,0
35906,85985806,0
35907,85985806,0
35908,85985806,0
35909,85985806,0
35910,85985806,0
35911,85985806,0
35912,85985806,0
35913,85985806,0
35914,85985806,0
35915,85985806,0
35916,85985806,0
35917,85985806,0
35918,85985806,0
35919,85985806,0
35920,85985806,0
35921,85985806,0
35922,85985806,0
35923,85985806,0
35924,85985806,0
35925,85985806,0
35926,85985806,0
35927,85985806,0
35928,85985806,0
35929,85985806,0
35930,85985806,0
35931,85985806,0
35932,85985806,0
35933,85985806,0
35934,85985806,0
35935,85985806,0
35936,85985806,0
35937,85985806,0
35938,85985806,0
35939,85985806,0
35940,85985806,0
35941,85985806,0
35942,85985806,0
35943,85985806,0
35944,85985806,0
35945,85985806,0
35946,85985806,0
35947,85985806,0
35948,85985806,0
35949,85985806,0
35950,85985806,0
35951,85985806,0
35952,85985806,0
35953,85985806,0
35954,85985806,0
35955,85985806,0
35956,85985806,0
35957,85985806,0
35958,85985806,0
35959,85985806,0
35960,85985806,0
35961,85985806,0
35962,85985806,0
35963,85985806,0
35964,85985806,0
35965,85985806,0
35966,85985806,0
35967,85985806,0
35968,85985806,0
35969,85985806,0
35970,85985806,0
35971,85985806,0
35972,85985806,0
35973,85985806,0
35974,85985806,0
35975,85985806,0
35976,85985806,0
35977,85985806,0
35978,85985806,0
35979,85985806,0
35980,85985806,0
35981,85985806,0
35982,85985806,0
35983,85985806,0
35984,85985806,0
35985,85985806,0
35986,85985806,0
35987,85985806,0
35988,85985806,0
35989,85985806,0
35990,85985806,0
35991,85985806,0
35992,85985806,0
35993,85985806,0
35994,85985806,0
35995,85985806,0
35996,85985806,0
35997,85985806,0
35998,85985806,0
35999,85985806,0
36000,85985806,0
36001,85985806,0
36002,85985806,0
36003,85985806,0
36004,85985806,0
36005,85985806,0
36006,85985806,0
36007,85985806,0
36008,85985806,0
36009,85985806,0
36010,85985806,0
36011,85985806,0
36012,85985806,0
36013,85985806,0
36014,85985806,0
36015,85985806,0
36016,85985806,0
36017,85985806,0
36018,85985806,0
36019,85985806,0
36020,85985806,0
36021,85985806,0
36022,85985806,0
36023,85985806,0
36024,85985806,0
36025,85985806,0
36026,85985806,0
36027,85985806,0
36028,85985806,0
36029,85985806,0
36030,85985806,0
36031,85985806,0
36032,85985806,0
36033,85985806,0
36034,85985806,0
36035,85985806,0
36036,85985806,0
36037,85985806,0
36038,85985806,0
36039,85985806,0
36040,85985806,0
36041,85985806,0
36042,85985806,0
36043,85985806,0
36044,85985806,0
36045,85985806,0
36046,85985806,0
36047,85985806,0
36048,85985806,0
36049,85985806,0
36050,85985806,0
36051,85985806,0
36052,85985806,0
36053,85985806,0
36054,85985806,0
36055,85985806,0
36056,85985806,0
36057,85985806,0
36058,85985806,0
36059,85985806,0
36060,85985806,0
36061,85985806,0
36062,85985806,0
36063,85985806,0
36064,85985806,0
36065,85985806,0
36066,85985806,0
36067,85985806,0
36068,85985806,0
36069,85985806,0
36070,85985806,0
36071,85985806,0
36072,85985806,0
36073,85985806,0
36074,85985806,0
36075,85985806,0
36076,85985806,0
36077,85985806,0
36078,85985806,0
36079,85985806,0
36080,85985806,0
36081,85985806,0
36082,85985806,0
36083,85985806,0
36084,85985806,0
36085,85985806,0
36086,85985806,0
36087,85985806,0
36088,85985806,0
36089,85985806,0
36090,85985806,0
36091,85985806,0
36092,85985806,0
36093,85985806,0
36094,85985806,0
36095,85985806,0
36096,85985806,0
36097,85985806,0
36098,85985806,0
36099,85985806,0
36100,85985806,0
36101,85985806,0
36102,85985806,0
36103,85985806,0
36104,85985806,0
36105,85985806,0
36106,85985806,0
36107,85985806,0
36108,85985806,0
36109,85985806,0
36110,85985806,0
36111,85985806,0
36112,85985806,0
36113,85985806,0
36114,85985806,0
36115,85985806,0
36116,85985806,0
36117,85985806,0
36118,85985806,0
36119,85985806,0
36120,85985806,0
36121,85985806,0
36122,85985806,0
36123,85985806,0
36124,85985806,0
36125,85985806,0
36126,85985806,0
36127,85985806,0
36128,85985806,0
36129,85985806,0
36130,85985806,0
36131,85985806,0
36132,85985806,0
36133,85985806,0
36134,85985806,0
36135,85985806,0
36136,85985806,0
36137,85985806,0
36138,85985806,0
36139,85985806,0
36140,85985806,0
36141,85985806,0
36142,85985806,0
36143,85985806,0
36144,85985806,0
36145,85985806,0
36146,85985806,0
36147,85985806,0
36148,85985806,0
36149,85985806,0
36150,85985806,0
36151,85985806,0
36152,85985806,0
36153,85985806,0
36154,85985806,0
36155,85985806,0
36156,85985806,0
36157,85985806,0
36158,85985806,0
36159,85985806,0
36160,85985806,0
36161,85985806,0
36162,85985806,0
36163,85985806,0
36164,85985806,0
36165,85985806,0
36166,85985806,0
36167,85985806,0
36168,85985806,0
36169,85985806,0
36170,85985806,0
36171,85985806,0
36172,85985806,0
36173,85985806,0
36174,85985806,0
36175,85985806,0
36176,85985806,0
36177,85985806,0
36178,85985806,0
36179,85985806,0
36180,85985806,0
36181,85985806,0
36182,85985806,0
36183,85985806,0
36184,85985806,0
36185,85985806,0
36186,85985806,0
36187,85985806,0
36188,85985806,0
36189,85985806,0
36190,85985806,0
36191,85985806,0
36192,85985806,0
36193,85985806,0
36194,85985806,0
36195,85985806,0
36196,85985806,0
36197,85985806,0
36198,85985806,0
36199,85985806,0
36200,85985806,0
36201,85985806,0
36202,85985806,0
36203,85985806,0
36204,85985806,0
36205,85985806,0
36206,85985806,0
36207,85985806,0
36208,85985806,0
36209,85985806,0
36210,85985806,0
36211,85985806,0
36212,85985806,0
36213,85985806,0
36214,85985806,0
36215,85985806,0
36216,85985806,0
36217,85985806,0
36218,85985806,0
36219,85985806,0
36220,85985806,0
36221,85985806,0
36222,85985806,0
36223,85985806,0
36224,85985806,0
36225,85985806,0
36226,85985806,0
36227,85985806,0
36228,85985806,0
36229,85985806,0
36230,85985806,0
36231,85985806,0
36232,85985806,0
36233,85985806,0
36234,85985806,0
36235,85985806,0
36236,85985806,0
36237,85985806,0
36238,85985806,0
36239,85985806,0
36240,85985806,0
36241,85985806,0
36242,85985806,0
36243,85985806,0
36244,85985806,0
36245,85985806,0
36246,85985806,0
36247,85985806,0
36248,85985806,0
36249,85985806,0
36250,85985806,0
36251,85985806,0
36252,85985806,0
36253,85985806,0
36254,85985806,0
36255,85985806,0
36256,85985806,0
36257,85985806,0
36258,85985806,0
36259,85985806,0
36260,85985806,0
36261,85985806,0
36262,85985806,0
36263,85985806,0
36264,85985806,0
36265,85985806,0
36266,85985806,0
36267,85985806,0
36268,85985806,0
36269,85985806,0
36270,85985806,0
36271,85985806,0
36272,85985806,0
36273,85985806,0
36274,85985806,0
36275,85985806,0
36276,85985806,0
36277,85985806,0
36278,85985806,0
36279,85985806,0
36280,85985806,0
36281,85985806,0
36282,85985806,0
36283,85985806,0
36284,85985806,0
36285,85985806,0
36286,85985806,0
36287,85985806,0
36288,85985806,0
36289,85985806,0
36290,85985806,0
36291,85985806,0
36292,85985806,0
36293,85985806,0
36294,85985806,0
36295,85985806,0
36296,85985806,0
36297,85985806,0
36298,85985806,0
36299,85985806,0
36300,85985806,0
36301,85985806,0
36302,85985806,0
36303,85985806,0
36304,85985806,0
36305,85985806,0
36306,85985806,0
36307,85985806,0
36308,85985806,0
36309,85985806,0
36310,85985806,0
36311,85985806,0
36312,85985806,0
36313,85985806,0
36314,85985806,0
36315,85985806,0
36316,85985806,0
36317,85985806,0
36318,85985806,0
36319,85985806,0
36320,85985806,0
36321,85985806,0
36322,85985806,0
36323,85985806,0
36324,85985806,0
36325,85985806,0
36326,85985806,0
36327,85985806,0
36328,85985806,0
36329,85985806,0
36330,85985806,0
36331,85985806,0
36332,85985806,0
36333,85985806,0
36334,85985806,0
36335,85985806,0
36336,85985806,0
36337,85985806,0
36338,85985806,0
36339,85985806,0
36340,85985806,0
36341,85985806,0
36342,85985806,0
36343,85985806,0
36344,85985806,0
36345,85985806,0
36346,85985806,0
36347,85985806,0
36348,85985806,0
36349,85985806,0
36350,85985806,0
36351,85985806,0
36352,85985806,0
36353,85985806,0
36354,85985806,0
36355,85985806,0
36356,85985806,0
36357,85985806,0
36358,85985806,0
36359,85985806,0
36360,85985806,0
36361,85985806,0
36362,85985806,0
36363,85985806,0
36364,85985806,0
36365,85985806,0
36366,85985806,0
36367,85985806,0
36368,85985806,0
36369,85985806,0
36370,85985806,0
36371,85985806,0
36372,85985806,0
36373,85985806,0
36374,85985806,0
36375,85985806,0
36376,85985806,0
36377,85985806,0
36378,85985806,0
36379,85985806,0
36380,85985806,0
36381,85985806,0
36382,85985806,0
36383,85985806,0
36384,85985806,0
36385,85985806,0
36386,85985806,0
36387,85985806,0
36388,85985806,0
36389,85985806,0
36390,85985806,0
36391,85985806,0
36392,85985806,0
36393,85985806,0
36394,85985806,0
36395,85985806,0
36396,85985806,0
36397,85985806,0
36398,85985806,0
36399,85985806,0
36400,85985806,0
36401,85985806,0
36402,85985806,0
36403,85985806,0
36404,85985806,0
36405,85985806,0
36406,85985806,0
36407,85985806,0
36408,85985806,0
36409,85985806,0
36410,85985806,0
36411,85985806,0
36412,85985806,0
36413,85985806,0
36414,85985806,0
36415,85985806,0
36416,85985806,0
36417,85985806,0
36418,85985806,0
36419,85985806,0
36420,85985806,0
36421,85985806,0
36422,85985806,0
36423,85985806,0
36424,85985806,0
36425,85985806,0
36426,85985806,0
36427,85985806,0
36428,85985806,0
36429,85985806,0
36430,85985806,0
36431,85985806,0
36432,85985806,0
36433,85985806,0
36434,85985806,0
36435,85985806,0
36436,85985806,0
36437,85985806,0
36438,85985806,0
36439,85985806,0
36440,85985806,0
36441,85985806,0
36442,85985806,0
36443,85985806,0
36444,85985806,0
36445,85985806,0
36446,85985806,0
36447,85985806,0
36448,85985806,0
36449,85985806,0
36450,85985806,0
36451,85985806,0
36452,85985806,0
36453,85985806,0
36454,85985806,0
36455,85985806,0
36456,85985806,0
36457,85985806,0
36458,85985806,0
36459,85985806,0
36460,85985806,0
36461,85985806,0
36462,85985806,0
36463,85985806,0
36464,85985806,0
36465,85985806,0
36466,85985806,0
36467,85985806,0
36468,85985806,0
36469,85985806,0
36470,85985806,0
36471,85985806,0
36472,85985806,0
36473,85985806,0
36474,85985806,0
36475,85985806,0
36476,85985806,0
36477,85985806,0
36478,85985806,0
36479,85985806,0
36480,85985806,0
36481,85985806,0
36482,85985806,0
36483,85985806,0
36484,85985806,0
36485,85985806,0
36486,85985806,0
36487,85985806,0
36488,85985806,0
36489,85985806,0
36490,85985806,0
36491,85985806,0
36492,85985806,0
36493,85985806,0
36494,85985806,0
36495,85985806,0
36496,85985806,0
36497,85985806,0
36498,85985806,0
36499,85985806,0
36500,85985806,0
36501,85985806,0
36502,85985806,0
36503,85985806,0
36504,85985806,0
36505,85985806,0
36506,85985806,0
36507,85985806,0
36508,85985806,0
36509,85985806,0
36510,85985806,0
36511,85985806,0
36512,85985806,0
36513,85985806,0
36514,85985806,0
36515,85985806,0
36516,85985806,0
36517,85985806,0
36518,85985806,0
36519,85985806,0
36520,85985806,0
36521,85985806,0
36522,85985806,0
36523,85985806,0
36524,85985806,0
36525,85985806,0
36526,85985806,0
36527,85985806,0
36528,85985806,0
36529,85985806,0
36530,85985806,0
36531,85985806,0
36532,85985806,0
36533,85985806,0
36534,85985806,0
36535,85985806,0
36536,85985806,0
36537,85985806,0
36538,85985806,0
36539,85985806,0
36540,85985806,0
36541,85985806,0
36542,85985806,0
36543,85985806,0
36544,85985806,0
36545,85985806,0
36546,85985806,0
36547,85985806,0
36548,85985806,0
36549,85985806,0
36550,85985806,0
36551,85985806,0
36552,85985806,0
36553,85985806,0
36554,85985806,0
36555,85985806,0
36556,85985806,0
36557,85985806,0
36558,85985806,0
36559,85985806,0
36560,85985806,0
36561,85985806,0
36562,85985806,0
36563,85985806,0
36564,85985806,0
36565,85985806,0
36566,85985806,0
36567,85985806,0
36568,85985806,0
36569,85985806,0
36570,85985806,0
36571,85985806,0
36572,85985806,0
36573,85985806,0
36574,85985806,0
36575,85985806,0
36576,85985806,0
36577,85985806,0
36578,85985806,0
36579,85985806,0
36580,85985806,0
36581,85985806,0
36582,85985806,0
36583,85985806,0
36584,85985806,0
36585,85985806,0
36586,85985806,0
36587,85985806,0
36588,85985806,0
36589,85985806,0
36590,85985806,0
36591,85985806,0
36592,85985806,0
36593,85985806,0
36594,85985806,0
36595,85985806,0
36596,85985806,0
36597,85985806,0
36598,85985806,0
36599,85985806,0
36600,85985806,0
36601,85985806,0
36602,85985806,0
36603,85985806,0
36604,85985806,0
36605,85985806,0
36606,85985806,0
36607,85985806,0
36608,85985806,0
36609,85985806,0
36610,85985806,0
36611,85985806,0
36612,85985806,0
36613,85985806,0
36614,85985806,0
36615,85985806,0
36616,85985806,0
36617,85985806,0
36618,85985806,0
36619,85985806,0
36620,85985806,0
36621,85985806,0
36622,85985806,0
36623,85985806,0
36624,85985806,0
36625,85985806,0
36626,85985806,0
36627,85985806,0
36628,85985806,0
36629,85985806,0
36630,85985806,0
36631,85985806,0
36632,85985806,0
36633,85985806,0
36634,85985806,0
36635,85985806,0
36636,85985806,0
36637,85985806,0
36638,85985806,0
36639,85985806,0
36640,85985806,0
36641,85985806,0
36642,85985806,0
36643,85985806,0
36644,85985806,0
36645,85985806,0
36646,85985806,0
36647,85985806,0
36648,85985806,0
36649,85985806,0
36650,85985806,0
36651,85985806,0
36652,85985806,0
36653,85985806,0
36654,85985806,0
36655,85985806,0
36656,85985806,0
36657,85985806,0
36658,85985806,0
36659,85985806,0
36660,85985806,0
36661,85985806,0
36662,85985806,0
36663,85985806,0
36664,85985806,0
36665,85985806,0
36666,85985806,0
36667,85985806,0
36668,85985806,0
36669,85985806,0
36670,85985806,0
36671,85985806,0
36672,85985806,0
36673,85985806,0
36674,85985806,0
36675,85985806,0
36676,85985806,0
36677,85985806,0
36678,85985806,0
36679,85985806,0
36680,85985806,0
36681,85985806,0
36682,85985806,0
36683,85985806,0
36684,85985806,0
36685,85985806,0
36686,85985806,0
36687,85985806,0
36688,85985806,0
36689,85985806,0
36690,85985806,0
36691,85985806,0
36692,85985806,0
36693,85985806,0
36694,85985806,0
36695,85985806,0
36696,85985806,0
36697,85985806,0
36698,85985806,0
36699,85985806,0
36700,85985806,0
36701,85985806,0
36702,85985806,0
36703,85985806,0
36704,85985806,0
36705,85985806,0
36706,85985806,0
36707,85985806,0
36708,85985806,0
36709,85985806,0
36710,85985806,0
36711,85985806,0
36712,85985806,0
36713,85985806,0
36714,85985806,0
36715,85985806,0
36716,85985806,0
36717,85985806,0
36718,85985806,0
36719,85985806,0
36720,85985806,0
36721,85985806,0
36722,85985806,0
36723,85985806,0
36724,85985806,0
36725,85985806,0
36726,85985806,0
36727,85985806,0
36728,85985806,0
36729,85985806,0
36730,85985806,0
36731,85985806,0
36732,85985806,0
36733,85985806,0
36734,85985806,0
36735,85985806,0
36736,85985806,0
36737,85985806,0
36738,85985806,0
36739,85985806,0
36740,85985806,0
36741,85985806,0
36742,85985806,0
36743,85985806,0
36744,85985806,0
36745,85985806,0
36746,85985806,0
36747,85985806,0
36748,85985806,0
36749,85985806,0
36750,85985806,0
36751,85985806,0
36752,85985806,0
36753,85985806,0
36754,85985806,0
36755,85985806,0
36756,85985806,0
36757,85985806,0
36758,85985806,0
36759,85985806,0
36760,85985806,0
36761,85985806,0
36762,85985806,0
36763,85985806,0
36764,85985806,0
36765,85985806,0
36766,85985806,0
36767,85985806,0
36768,85985806,0
36769,85985806,0
36770,85985806,0
36771,85985806,0
36772,85985806,0
36773,85985806,0
36774,85985806,0
36775,85985806,0
36776,85985806,0
36777,85985806,0
36778,85985806,0
36779,85985806,0
36780,85985806,0
36781,85985806,0
36782,85985806,0
36783,85985806,0
36784,85985806,0
36785,85985806,0
36786,85985806,0
36787,85985806,0
36788,85985806,0
36789,85985806,0
36790,85985806,0
36791,85985806,0
36792,85985806,0
36793,85985806,0
36794,85985806,0
36795,85985806,0
36796,85985806,0
36797,85985806,0
36798,85985806,0
36799,85985806,0
36800,85985806,0
36801,85985806,0
36802,85985806,0
36803,85985806,0
36804,85985806,0
36805,85985806,0
36806,85985806,0
36807,85985806,0
36808,85985806,0
36809,85985806,0
36810,85985806,0
36811,85985806,0
36812,85985806,0
36813,85985806,0
36814,85985806,0
36815,85985806,0
36816,85985806,0
36817,85985806,0
36818,85985806,0
36819,85985806,0
36820,85985806,0
36821,85985806,0
36822,85985806,0
36823,85985806,0
36824,85985806,0
36825,85985806,0
36826,85985806,0
36827,85985806,0
36828,85985806,0
36829,85985806,0
36830,85985806,0
36831,85985806,0
36832,85985806,0
36833,85985806,0
36834,85985806,0
36835,85985806,0
36836,85985806,0
36837,85985806,0
36838,85985806,0
36839,85985806,0
36840,85985806,0
36841,85985806,0
36842,85985806,0
36843,85985806,0
36844,85985806,0
36845,85985806,0
36846,85985806,0
36847,85985806,0
36848,85985806,0
36849,85985806,0
36850,85985806,0
36851,85985806,0
36852,85985806,0
36853,85985806,0
36854,85985806,0
36855,85985806,0
36856,85985806,0
36857,85985806,0
36858,85985806,0
36859,85985806,0
36860,85985806,0
36861,85985806,0
36862,85985806,0
36863,85985806,0
36864,85985806,0
36865,85985806,0
36866,85985806,0
36867,85985806,0
36868,85985806,0
36869,85985806,0
36870,85985806,0
36871,85985806,0
36872,85985806,0
36873,85985806,0
36874,85985806,0
36875,85985806,0
36876,85985806,0
36877,85985806,0
36878,85985806,0
36879,85985806,0
36880,85985806,0
36881,85985806,0
36882,85985806,0
36883,85985806,0
36884,85985806,0
36885,85985806,0
36886,85985806,0
36887,85985806,0
36888,85985806,0
36889,85985806,0
36890,85985806,0
36891,85985806,0
36892,85985806,0
36893,85985806,0
36894,85985806,0
36895,85985806,0
36896,85985806,0
36897,85985806,0
36898,85985806,0
36899,85985806,0
36900,85985806,0
36901,85985806,0
36902,85985806,0
36903,85985806,0
36904,85985806,0
36905,85985806,0
36906,85985806,0
36907,85985806,0
36908,85985806,0
36909,85985806,0
36910,85985806,0
36911,85985806,0
36912,85985806,0
36913,85985806,0
36914,85985806,0
36915,85985806,0
36916,85985806,0
36917,85985806,0
36918,85985806,0
36919,85985806,0
36920,85985806,0
36921,85985806,0
36922,85985806,0
36923,85985806,0
36924,85985806,0
36925,85985806,0
36926,85985806,0
36927,85985806,0
36928,85985806,0
36929,85985806,0
36930,85985806,0
36931,85985806,0
36932,85985806,0
36933,85985806,0
36934,85985806,0
36935,85985806,0
36936,85985806,0
36937,85985806,0
36938,85985806,0
36939,85985806,0
36940,85985806,0
36941,85985806,0
36942,85985806,0
36943,85985806,0
36944,85985806,0
36945,85985806,0
36946,85985806,0
36947,85985806,0
36948,85985806,0
36949,85985806,0
36950,85985806,0
36951,85985806,0
36952,85985806,0
36953,85985806,0
36954,85985806,0
36955,85985806,0
36956,85985806,0
36957,85985806,0
36958,85985806,0
36959,85985806,0
36960,85985806,0
36961,85985806,0
36962,85985806,0
36963,85985806,0
36964,85985806,0
36965,85985806,0
36966,85985806,0
36967,85985806,0
36968,85985806,0
36969,85985806,0
36970,85985806,0
36971,85985806,0
36972,85985806,0
36973,85985806,0
36974,85985806,0
36975,85985806,0
36976,85985806,0
36977,85985806,0
36978,85985806,0
36979,85985806,0
36980,85985806,0
36981,85985806,0
36982,85985806,0
36983,85985806,0
36984,85985806,0
36985,85985806,0
36986,85985806,0
36987,85985806,0
36988,85985806,0
36989,85985806,0
36990,85985806,0
36991,85985806,0
36992,85985806,0
36993,85985806,0
36994,85985806,0
36995,85985806,0
36996,85985806,0
36997,85985806,0
36998,85985806,0
36999,85985806,0
37000,85985806,0
37001,85985806,0
37002,85985806,0
37003,85985806,0
37004,85985806,0
37005,85985806,0
37006,85985806,0
37007,85985806,0
37008,85985806,0
37009,85985806,0
37010,85985806,0
37011,85985806,0
37012,85985806,0
37013,85985806,0
37014,85985806,0
37015,85985806,0
37016,85985806,0
37017,85985806,0
37018,85985806,0
37019,85985806,0
37020,85985806,0
37021,85985806,0
37022,85985806,0
37023,85985806,0
37024,85985806,0
37025,85985806,0
37026,85985806,0
37027,85985806,0
37028,85985806,0
37029,85985806,0
37030,85985806,0
37031,85985806,0
37032,85985806,0
37033,85985806,0
37034,85985806,0
37035,85985806,0
37036,85985806,0
37037,85985806,0
37038,85985806,0
37039,85985806,0
37040,85985806,0
37041,85985806,0
37042,85985806,0
37043,85985806,0
37044,85985806,0
37045,85985806,0
37046,85985806,0
37047,85985806,0
37048,85985806,0
37049,85985806,0
37050,85985806,0
37051,85985806,0
37052,85985806,0
37053,85985806,0
37054,85985806,0
37055,85985806,0
37056,85985806,0
37057,85985806,0
37058,85985806,0
37059,85985806,0
37060,85985806,0
37061,85985806,0
37062,85985806,0
37063,85985806,0
37064,85985806,0
37065,85985806,0
37066,85985806,0
37067,85985806,0
37068,85985806,0
37069,85985806,0
37070,85985806,0
37071,85985806,0
37072,85985806,0
37073,85985806,0
37074,85985806,0
37075,85985806,0
37076,85985806,0
37077,85985806,0
37078,85985806,0
37079,85985806,0
37080,85985806,0
37081,85985806,0
37082,85985806,0
37083,85985806,0
37084,85985806,0
37085,85985806,0
37086,85985806,0
37087,85985806,0
37088,85985806,0
37089,85985806,0
37090,85985806,0
37091,85985806,0
37092,85985806,0
37093,85985806,0
37094,85985806,0
37095,85985806,0
37096,85985806,0
37097,85985806,0
37098,85985806,0
37099,85985806,0
37100,85985806,0
37101,85985806,0
37102,85985806,0
37103,85985806,0
37104,85985806,0
37105,85985806,0
37106,85985806,0
37107,85985806,0
37108,85985806,0
37109,85985806,0
37110,85985806,0
37111,85985806,0
37112,85985806,0
37113,85985806,0
37114,85985806,0
37115,85985806,0
37116,85985806,0
37117,85985806,0
37118,85985806,0
37119,85985806,0
37120,85985806,0
37121,85985806,0
37122,85985806,0
37123,85985806,0
37124,85985806,0
37125,85985806,0
37126,85985806,0
37127,85985806,0
37128,85985806,0
37129,85985806,0
37130,85985806,0
37131,85985806,0
37132,85985806,0
37133,85985806,0
37134,85985806,0
37135,85985806,0
37136,85985806,0
37137,85985806,0
37138,85985806,0
37139,85985806,0
37140,85985806,0
37141,85985806,0
37142,85985806,0
37143,85985806,0
37144,85985806,0
37145,85985806,0
37146,85985806,0
37147,85985806,0
37148,85985806,0
37149,85985806,0
37150,85985806,0
37151,85985806,0
37152,85985806,0
37153,85985806,0
37154,85985806,0
37155,85985806,0
37156,85985806,0
37157,85985806,0
37158,85985806,0
37159,85985806,0
37160,85985806,0
37161,85985806,0
37162,85985806,0
37163,85985806,0
37164,85985806,0
37165,85985806,0
37166,85985806,0
37167,85985806,0
37168,85985806,0
37169,85985806,0
37170,85985806,0
37171,85985806,0
37172,85985806,0
37173,85985806,0
37174,85985806,0
37175,85985806,0
37176,85985806,0
37177,85985806,0
37178,85985806,0
37179,85985806,0
37180,85985806,0
37181,85985806,0
37182,85985806,0
37183,85985806,0
37184,85985806,0
37185,85985806,0
37186,85985806,0
37187,85985806,0
37188,85985806,0
37189,85985806,0
37190,85985806,0
37191,85985806,0
37192,85985806,0
37193,85985806,0
37194,85985806,0
37195,85985806,0
37196,85985806,0
37197,85985806,0
37198,85985806,0
37199,85985806,0
37200,85985806,0
37201,85985806,0
37202,85985806,0
37203,85985806,0
37204,85985806,0
37205,85985806,0
37206,85985806,0
37207,85985806,0
37208,85985806,0
37209,85985806,0
37210,85985806,0
37211,85985806,0
37212,85985806,0
37213,85985806,0
37214,85985806,0
37215,85985806,0
37216,85985806,0
37217,85985806,0
37218,85985806,0
37219,85985806,0
37220,85985806,0
37221,85985806,0
37222,85985806,0
37223,85985806,0
37224,85985806,0
37225,85985806,0
37226,85985806,0
37227,85985806,0
37228,85985806,0
37229,85985806,0
37230,85985806,0
37231,85985806,0
37232,85985806,0
37233,85985806,0
37234,85985806,0
37235,85985806,0
37236,85985806,0
37237,85985806,0
37238,85985806,0
37239,85985806,0
37240,85985806,0
37241,85985806,0
37242,85985806,0
37243,85985806,0
37244,85985806,0
37245,85985806,0
37246,85985806,0
37247,85985806,0
37248,85985806,0
37249,85985806,0
37250,85985806,0
37251,85985806,0
37252,85985806,0
37253,85985806,0
37254,85985806,0
37255,85985806,0
37256,85985806,0
37257,85985806,0
37258,85985806,0
37259,85985806,0
37260,85985806,0
37261,85985806,0
37262,85985806,0
37263,85985806,0
37264,85985806,0
37265,85985806,0
37266,85985806,0
37267,85985806,0
37268,85985806,0
37269,85985806,0
37270,85985806,0
37271,85985806,0
37272,85985806,0
37273,85985806,0
37274,85985806,0
37275,85985806,0
37276,85985806,0
37277,85985806,0
37278,85985806,0
37279,85985806,0
37280,85985806,0
37281,85985806,0
37282,85985806,0
37283,85985806,0
37284,85985806,0
37285,85985806,0
37286,85985806,0
37287,85985806,0
37288,85985806,0
37289,85985806,0
37290,85985806,0
37291,85985806,0
37292,85985806,0
37293,85985806,0
37294,85985806,0
37295,85985806,0
37296,85985806,0
37297,85985806,0
37298,85985806,0
37299,85985806,0
37300,85985806,0
37301,85985806,0
37302,85985806,0
37303,85985806,0
37304,85985806,0
37305,85985806,0
37306,85985806,0
37307,85985806,0
37308,85985806,0
37309,85985806,0
37310,85985806,0
37311,85985806,0
37312,85985806,0
37313,85985806,0
37314,85985806,0
37315,85985806,0
37316,85985806,0
37317,85985806,0
37318,85985806,0
37319,85985806,0
37320,85985806,0
37321,85985806,0
37322,85985806,0
37323,85985806,0
37324,85985806,0
37325,85985806,0
37326,85985806,0
37327,85985806,0
37328,85985806,0
37329,85985806,0
37330,85985806,0
37331,85985806,0
37332,85985806,0
37333,85985806,0
37334,85985806,0
37335,85985806,0
37336,85985806,0
37337,85985806,0
37338,85985806,0
37339,85985806,0
37340,85985806,0
37341,85985806,0
37342,85985806,0
37343,85985806,0
37344,85985806,0
37345,85985806,0
37346,85985806,0
37347,85985806,0
37348,85985806,0
37349,85985806,0
37350,85985806,0
37351,85985806,0
37352,85985806,0
37353,85985806,0
37354,85985806,0
37355,85985806,0
37356,85985806,0
37357,85985806,0
37358,85985806,0
37359,85985806,0
37360,85985806,0
37361,85985806,0
37362,85985806,0
37363,85985806,0
37364,85985806,0
37365,85985806,0
37366,85985806,0
37367,85985806,0
37368,85985806,0
37369,85985806,0
37370,85985806,0
37371,85985806,0
37372,85985806,0
37373,85985806,0
37374,85985806,0
37375,85985806,0
37376,85985806,0
37377,85985806,0
37378,85985806,0
37379,85985806,0
37380,85985806,0
37381,85985806,0
37382,85985806,0
37383,85985806,0
37384,85985806,0
37385,85985806,0
37386,85985806,0
37387,85985806,0
37388,85985806,0
37389,85985806,0
37390,85985806,0
37391,85985806,0
37392,85985806,0
37393,85985806,0
37394,85985806,0
37395,85985806,0
37396,85985806,0
37397,85985806,0
37398,85985806,0
37399,85985806,0
37400,85985806,0
37401,85985806,0
37402,85985806,0
37403,85985806,0
37404,85985806,0
37405,85985806,0
37406,85985806,0
37407,85985806,0
37408,85985806,0
37409,85985806,0
37410,85985806,0
37411,85985806,0
37412,85985806,0
37413,85985806,0
37414,85985806,0
37415,85985806,0
37416,85985806,0
37417,85985806,0
37418,85985806,0
37419,85985806,0
37420,85985806,0
37421,85985806,0
37422,85985806,0
37423,85985806,0
37424,85985806,0
37425,85985806,0
37426,85985806,0
37427,85985806,0
37428,85985806,0
37429,85985806,0
37430,85985806,0
37431,85985806,0
37432,85985806,0
37433,85985806,0
37434,85985806,0
37435,85985806,0
37436,85985806,0
37437,85985806,0
37438,85985806,0
37439,85985806,0
37440,85985806,0
37441,85985806,0
37442,85985806,0
37443,85985806,0
37444,85985806,0
37445,85985806,0
37446,85985806,0
37447,85985806,0
37448,85985806,0
37449,85985806,0
37450,85985806,0
37451,85985806,0
37452,85985806,0
37453,85985806,0
37454,85985806,0
37455,85985806,0
37456,85985806,0
37457,85985806,0
37458,85985806,0
37459,85985806,0
37460,85985806,0
37461,85985806,0
37462,85985806,0
37463,85985806,0
37464,85985806,0
37465,85985806,0
37466,85985806,0
37467,85985806,0
37468,85985806,0
37469,85985806,0
37470,85985806,0
37471,85985806,0
37472,85985806,0
37473,85985806,0
37474,85985806,0
37475,85985806,0
37476,85985806,0
37477,85985806,0
37478,85985806,0
37479,85985806,0
37480,85985806,0
37481,85985806,0
37482,85985806,0
37483,85985806,0
37484,85985806,0
37485,85985806,0
37486,85985806,0
37487,85985806,0
37488,85985806,0
37489,85985806,0
37490,85985806,0
37491,85985806,0
37492,85985806,0
37493,85985806,0
37494,85985806,0
37495,85985806,0
37496,85985806,0
37497,85985806,0
37498,85985806,0
37499,85985806,0
37500,85985806,0
37501,85985806,0
37502,85985806,0
37503,85985806,0
37504,85985806,0
37505,85985806,0
37506,85985806,0
37507,85985806,0
37508,85985806,0
37509,85985806,0
37510,85985806,0
37511,85985806,0
37512,85985806,0
37513,85985806,0
37514,85985806,0
37515,85985806,0
37516,85985806,0
37517,85985806,0
37518,85985806,0
37519,85985806,0
37520,85985806,0
37521,85985806,0
37522,85985806,0
37523,85985806,0
37524,85985806,0
37525,85985806,0
37526,85985806,0
37527,85985806,0
37528,85985806,0
37529,85985806,0
37530,85985806,0
37531,85985806,0
37532,85985806,0
37533,85985806,0
37534,85985806,0
37535,85985806,0
37536,85985806,0
37537,85985806,0
37538,85985806,0
37539,85985806,0
37540,85985806,0
37541,85985806,0
37542,85985806,0
37543,85985806,0
37544,85985806,0
37545,85985806,0
37546,85985806,0
37547,85985806,0
37548,85985806,0
37549,85985806,0
37550,85985806,0
37551,85985806,0
37552,85985806,0
37553,85985806,0
37554,85985806,0
37555,85985806,0
37556,85985806,0
37557,85985806,0
37558,85985806,0
37559,85985806,0
37560,85985806,0
37561,85985806,0
37562,85985806,0
37563,85985806,0
37564,85985806,0
37565,85985806,0
37566,85985806,0
37567,85985806,0
37568,85985806,0
37569,85985806,0
37570,85985806,0
37571,85985806,0
37572,85985806,0
37573,85985806,0
37574,85985806,0
37575,85985806,0
37576,85985806,0
37577,85985806,0
37578,85985806,0
37579,85985806,0
37580,85985806,0
37581,85985806,0
37582,85985806,0
37583,85985806,0
37584,85985806,0
37585,85985806,0
37586,85985806,0
37587,85985806,0
37588,85985806,0
37589,85985806,0
37590,85985806,0
37591,85985806,0
37592,85985806,0
37593,85985806,0
37594,85985806,0
37595,85985806,0
37596,85985806,0
37597,85985806,0
37598,85985806,0
37599,85985806,0
37600,85985806,0
37601,85985806,0
37602,85985806,0
37603,85985806,0
37604,85985806,0
37605,85985806,0
37606,85985806,0
37607,85985806,0
37608,85985806,0
37609,85985806,0
37610,85985806,0
37611,85985806,0
37612,85985806,0
37613,85985806,0
37614,85985806,0
37615,85985806,0
37616,85985806,0
37617,85985806,0
37618,85985806,0
37619,85985806,0
37620,85985806,0
37621,85985806,0
37622,85985806,0
37623,85985806,0
37624,85985806,0
37625,85985806,0
37626,85985806,0
37627,85985806,0
37628,85985806,0
37629,85985806,0
37630,85985806,0
37631,85985806,0
37632,85985806,0
37633,85985806,0
37634,85985806,0
37635,85985806,0
37636,85985806,0
37637,85985806,0
37638,85985806,0
37639,85985806,0
37640,85985806,0
37641,85985806,0
37642,85985806,0
37643,85985806,0
37644,85985806,0
37645,85985806,0
37646,85985806,0
37647,85985806,0
37648,85985806,0
37649,85985806,0
37650,85985806,0
37651,85985806,0
37652,85985806,0
37653,85985806,0
37654,85985806,0
37655,85985806,0
37656,85985806,0
37657,85985806,0
37658,85985806,0
37659,85985806,0
37660,85985806,0
37661,85985806,0
37662,85985806,0
37663,85985806,0
37664,85985806,0
37665,85985806,0
37666,85985806,0
37667,85985806,0
37668,85985806,0
37669,85985806,0
37670,85985806,0
37671,85985806,0
37672,85985806,0
37673,85985806,0
37674,85985806,0
37675,85985806,0
37676,85985806,0
37677,85985806,0
37678,85985806,0
37679,85985806,0
37680,85985806,0
37681,85985806,0
37682,85985806,0
37683,85985806,0
37684,85985806,0
37685,85985806,0
37686,85985806,0
37687,85985806,0
37688,85985806,0
37689,85985806,0
37690,85985806,0
37691,85985806,0
37692,85985806,0
37693,85985806,0
37694,85985806,0
37695,85985806,0
37696,85985806,0
37697,85985806,0
37698,85985806,0
37699,85985806,0
37700,85985806,0
37701,85985806,0
37702,85985806,0
37703,85985806,0
37704,85985806,0
37705,85985806,0
37706,85985806,0
37707,85985806,0
37708,85985806,0
37709,85985806,0
37710,85985806,0
37711,85985806,0
37712,85985806,0
37713,85985806,0
37714,85985806,0
37715,85985806,0
37716,85985806,0
37717,85985806,0
37718,85985806,0
37719,85985806,0
37720,85985806,0
37721,85985806,0
37722,85985806,0
37723,85985806,0
37724,85985806,0
37725,85985806,0
37726,85985806,0
37727,85985806,0
37728,85985806,0
37729,85985806,0
37730,85985806,0
37731,85985806,0
37732,85985806,0
37733,85985806,0
37734,85985806,0
37735,85985806,0
37736,85985806,0
37737,85985806,0
37738,85985806,0
37739,85985806,0
37740,85985806,0
37741,85985806,0
37742,85985806,0
37743,85985806,0
37744,85985806,0
37745,85985806,0
37746,85985806,0
37747,85985806,0
37748,85985806,0
37749,85985806,0
37750,85985806,0
37751,85985806,0
37752,85985806,0
37753,85985806,0
37754,85985806,0
37755,85985806,0
37756,85985806,0
37757,85985806,0
37758,85985806,0
37759,85985806,0
37760,85985806,0
37761,85985806,0
37762,85985806,0
37763,85985806,0
37764,85985806,0
37765,85985806,0
37766,85985806,0
37767,85985806,0
37768,85985806,0
37769,85985806,0
37770,85985806,0
37771,85985806,0
37772,85985806,0
37773,85985806,0
37774,85985806,0
37775,85985806,0
37776,85985806,0
37777,85985806,0
37778,85985806,0
37779,85985806,0
37780,85985806,0
37781,85985806,0
37782,85985806,0
37783,85985806,0
37784,85985806,0
37785,85985806,0
37786,85985806,0
37787,85985806,0
37788,85985806,0
37789,85985806,0
37790,85985806,0
37791,85985806,0
37792,85985806,0
37793,85985806,0
37794,85985806,0
37795,85985806,0
37796,85985806,0
37797,85985806,0
37798,85985806,0
37799,85985806,0
37800,85985806,0
37801,85985806,0
37802,85985806,0
37803,85985806,0
37804,85985806,0
37805,85985806,0
37806,85985806,0
37807,85985806,0
37808,85985806,0
37809,85985806,0
37810,85985806,0
37811,85985806,0
37812,85985806,0
37813,85985806,0
37814,85985806,0
37815,85985806,0
37816,85985806,0
37817,85985806,0
37818,85985806,0
37819,85985806,0
37820,85985806,0
37821,85985806,0
37822,85985806,0
37823,85985806,0
37824,85985806,0
37825,85985806,0
37826,85985806,0
37827,85985806,0
37828,85985806,0
37829,85985806,0
37830,85985806,0
37831,85985806,0
37832,85985806,0
37833,85985806,0
37834,85985806,0
37835,85985806,0
37836,85985806,0
37837,85985806,0
37838,85985806,0
37839,85985806,0
37840,85985806,0
37841,85985806,0
37842,85985806,0
37843,85985806,0
37844,85985806,0
37845,85985806,0
37846,85985806,0
37847,85985806,0
37848,85985806,0
37849,85985806,0
37850,85985806,0
37851,85985806,0
37852,85985806,0
37853,85985806,0
37854,85985806,0
37855,85985806,0
37856,85985806,0
37857,85985806,0
37858,85985806,0
37859,85985806,0
37860,85985806,0
37861,85985806,0
37862,85985806,0
37863,85985806,0
37864,85985806,0
37865,85985806,0
37866,85985806,0
37867,85985806,0
37868,85985806,0
37869,85985806,0
37870,85985806,0
37871,85985806,0
37872,85985806,0
37873,85985806,0
37874,85985806,0
37875,85985806,0
37876,85985806,0
37877,85985806,0
37878,85985806,0
37879,85985806,0
37880,85985806,0
37881,85985806,0
37882,85985806,0
37883,85985806,0
37884,85985806,0
37885,85985806,0
37886,85985806,0
37887,85985806,0
37888,85985806,0
37889,85985806,0
37890,85985806,0
37891,85985806,0
37892,85985806,0
37893,85985806,0
37894,85985806,0
37895,85985806,0
37896,85985806,0
37897,85985806,0
37898,85985806,0
37899,85985806,0
37900,85985806,0
37901,85985806,0
37902,85985806,0
37903,85985806,0
37904,85985806,0
37905,85985806,0
37906,85985806,0
37907,85985806,0
37908,85985806,0
37909,85985806,0
37910,85985806,0
37911,85985806,0
37912,85985806,0
37913,85985806,0
37914,85985806,0
37915,85985806,0
37916,85985806,0
37917,85985806,0
37918,85985806,0
37919,85985806,0
37920,85985806,0
37921,85985806,0
37922,85985806,0
37923,85985806,0
37924,85985806,0
37925,85985806,0
37926,85985806,0
37927,85985806,0
37928,85985806,0
37929,85985806,0
37930,85985806,0
37931,85985806,0
37932,85985806,0
37933,85985806,0
37934,85985806,0
37935,85985806,0
37936,85985806,0
37937,85985806,0
37938,85985806,0
37939,85985806,0
37940,85985806,0
37941,85985806,0
37942,85985806,0
37943,85985806,0
37944,85985806,0
37945,85985806,0
37946,85985806,0
37947,85985806,0
37948,85985806,0
37949,85985806,0
37950,85985806,0
37951,85985806,0
37952,85985806,0
37953,85985806,0
37954,85985806,0
37955,85985806,0
37956,85985806,0
37957,85985806,0
37958,85985806,0
37959,85985806,0
37960,85985806,0
37961,85985806,0
37962,85985806,0
37963,85985806,0
37964,85985806,0
37965,85985806,0
37966,85985806,0
37967,85985806,0
37968,85985806,0
37969,85985806,0
37970,85985806,0
37971,85985806,0
37972,85985806,0
37973,85985806,0
37974,85985806,0
37975,85985806,0
37976,85985806,0
37977,85985806,0
37978,85985806,0
37979,85985806,0
37980,85985806,0
37981,85985806,0
37982,85985806,0
37983,85985806,0
37984,85985806,0
37985,85985806,0
37986,85985806,0
37987,85985806,0
37988,85985806,0
37989,85985806,0
37990,85985806,0
37991,85985806,0
37992,85985806,0
37993,85985806,0
37994,85985806,0
37995,85985806,0
37996,85985806,0
37997,85985806,0
37998,85985806,0
37999,85985806,0
38000,85985806,0
38001,85985806,0
38002,85985806,0
38003,85985806,0
38004,85985806,0
38005,85985806,0
38006,85985806,0
38007,85985806,0
38008,85985806,0
38009,85985806,0
38010,85985806,0
38011,85985806,0
38012,85985806,0
38013,85985806,0
38014,85985806,0
38015,85985806,0
38016,85985806,0
38017,85985806,0
38018,85985806,0
38019,85985806,0
38020,85985806,0
38021,85985806,0
38022,85985806,0
38023,85985806,0
38024,85985806,0
38025,85985806,0
38026,85985806,0
38027,85985806,0
38028,85985806,0
38029,85985806,0
38030,85985806,0
38031,85985806,0
38032,85985806,0
38033,85985806,0
38034,85985806,0
38035,85985806,0
38036,85985806,0
38037,85985806,0
38038,85985806,0
38039,85985806,0
38040,85985806,0
38041,85985806,0
38042,85985806,0
38043,85985806,0
38044,85985806,0
38045,85985806,0
38046,85985806,0
38047,85985806,0
38048,85985806,0
38049,85985806,0
38050,85985806,0
38051,85985806,0
38052,85985806,0
38053,85985806,0
38054,85985806,0
38055,85985806,0
38056,85985806,0
38057,85985806,0
38058,85985806,0
38059,85985806,0
38060,85985806,0
38061,85985806,0
38062,85985806,0
38063,85985806,0
38064,85985806,0
38065,85985806,0
38066,85985806,0
38067,85985806,0
38068,85985806,0
38069,85985806,0
38070,85985806,0
38071,85985806,0
38072,85985806,0
38073,85985806,0
38074,85985806,0
38075,85985806,0
38076,85985806,0
38077,85985806,0
38078,85985806,0
38079,85985806,0
38080,85985806,0
38081,85985806,0
38082,85985806,0
38083,85985806,0
38084,85985806,0
38085,85985806,0
38086,85985806,0
38087,85985806,0
38088,85985806,0
38089,85985806,0
38090,85985806,0
38091,85985806,0
38092,85985806,0
38093,85985806,0
38094,85985806,0
38095,85985806,0
38096,85985806,0
38097,85985806,0
38098,85985806,0
38099,85985806,0
38100,85985806,0
38101,85985806,0
38102,85985806,0
38103,85985806,0
38104,85985806,0
38105,85985806,0
38106,85985806,0
38107,85985806,0
38108,85985806,0
38109,85985806,0
38110,85985806,0
38111,85985806,0
38112,85985806,0
38113,85985806,0
38114,85985806,0
38115,85985806,0
38116,85985806,0
38117,85985806,0
38118,85985806,0
38119,85985806,0
38120,85985806,0
38121,85985806,0
38122,85985806,0
38123,85985806,0
38124,85985806,0
38125,85985806,0
38126,85985806,0
38127,85985806,0
38128,85985806,0
38129,85985806,0
38130,85985806,0
38131,85985806,0
38132,85985806,0
38133,85985806,0
38134,85985806,0
38135,85985806,0
38136,85985806,0
38137,85985806,0
38138,85985806,0
38139,85985806,0
38140,85985806,0
38141,85985806,0
38142,85985806,0
38143,85985806,0
38144,85985806,0
38145,85985806,0
38146,85985806,0
38147,85985806,0
38148,85985806,0
38149,85985806,0
38150,85985806,0
38151,85985806,0
38152,85985806,0
38153,85985806,0
38154,85985806,0
38155,85985806,0
38156,85985806,0
38157,85985806,0
38158,85985806,0
38159,85985806,0
38160,85985806,0
38161,85985806,0
38162,85985806,0
38163,85985806,0
38164,85985806,0
38165,85985806,0
38166,85985806,0
38167,85985806,0
38168,85985806,0
38169,85985806,0
38170,85985806,0
38171,85985806,0
38172,85985806,0
38173,85985806,0
38174,85985806,0
38175,85985806,0
38176,85985806,0
38177,85985806,0
38178,85985806,0
38179,85985806,0
38180,85985806,0
38181,85985806,0
38182,85985806,0
38183,85985806,0
38184,85985806,0
38185,85985806,0
38186,85985806,0
38187,85985806,0
38188,85985806,0
38189,85985806,0
38190,85985806,0
38191,85985806,0
38192,85985806,0
38193,85985806,0
38194,85985806,0
38195,85985806,0
38196,85985806,0
38197,85985806,0
38198,85985806,0
38199,85985806,0
38200,85985806,0
38201,85985806,0
38202,85985806,0
38203,85985806,0
38204,85985806,0
38205,85985806,0
38206,85985806,0
38207,85985806,0
38208,85985806,0
38209,85985806,0
38210,85985806,0
38211,85985806,0
38212,85985806,0
38213,85985806,0
38214,85985806,0
38215,85985806,0
38216,85985806,0
38217,85985806,0
38218,85985806,0
38219,85985806,0
38220,85985806,0
38221,85985806,0
38222,85985806,0
38223,85985806,0
38224,85985806,0
38225,85985806,0
38226,85985806,0
38227,85985806,0
38228,85985806,0
38229,85985806,0
38230,85985806,0
38231,85985806,0
38232,85985806,0
38233,85985806,0
38234,85985806,0
38235,85985806,0
38236,85985806,0
38237,85985806,0
38238,85985806,0
38239,85985806,0
38240,85985806,0
38241,85985806,0
38242,85985806,0
38243,85985806,0
38244,85985806,0
38245,85985806,0
38246,85985806,0
38247,85985806,0
38248,85985806,0
38249,85985806,0
38250,85985806,0
38251,85985806,0
38252,85985806,0
38253,85985806,0
38254,85985806,0
38255,85985806,0
38256,85985806,0
38257,85985806,0
38258,85985806,0
38259,85985806,0
38260,85985806,0
38261,85985806,0
38262,85985806,0
38263,85985806,0
38264,85985806,0
38265,85985806,0
38266,85985806,0
38267,85985806,0
38268,85985806,0
38269,85985806,0
38270,85985806,0
38271,85985806,0
38272,85985806,0
38273,85985806,0
38274,85985806,0
38275,85985806,0
38276,85985806,0
38277,85985806,0
38278,85985806,0
38279,85985806,0
38280,85985806,0
38281,85985806,0
38282,85985806,0
38283,85985806,0
38284,85985806,0
38285,85985806,0
38286,85985806,0
38287,85985806,0
38288,85985806,0
38289,85985806,0
38290,85985806,0
38291,85985806,0
38292,85985806,0
38293,85985806,0
38294,85985806,0
38295,85985806,0
38296,85985806,0
38297,85985806,0
38298,85985806,0
38299,85985806,0
38300,85985806,0
38301,85985806,0
38302,85985806,0
38303,85985806,0
38304,85985806,0
38305,85985806,0
38306,85985806,0
38307,85985806,0
38308,85985806,0
38309,85985806,0
38310,85985806,0
38311,85985806,0
38312,85985806,0
38313,85985806,0
38314,85985806,0
38315,85985806,0
38316,85985806,0
38317,85985806,0
38318,85985806,0
38319,85985806,0
38320,85985806,0
38321,85985806,0
38322,85985806,0
38323,85985806,0
38324,85985806,0
38325,85985806,0
38326,85985806,0
38327,85985806,0
38328,85985806,0
38329,85985806,0
38330,85985806,0
38331,85985806,0
38332,85985806,0
38333,85985806,0
38334,85985806,0
38335,85985806,0
38336,85985806,0
38337,85985806,0
38338,85985806,0
38339,85985806,0
38340,85985806,0
38341,85985806,0
38342,85985806,0
38343,85985806,0
38344,85985806,0
38345,85985806,0
38346,85985806,0
38347,85985806,0
38348,85985806,0
38349,85985806,0
38350,85985806,0
38351,85985806,0
38352,85985806,0
38353,85985806,0
38354,85985806,0
38355,85985806,0
38356,85985806,0
38357,85985806,0
38358,85985806,0
38359,85985806,0
38360,85985806,0
38361,85985806,0
38362,85985806,0
38363,85985806,0
38364,85985806,0
38365,85985806,0
38366,85985806,0
38367,85985806,0
38368,85985806,0
38369,85985806,0
38370,85985806,0
38371,85985806,0
38372,85985806,0
38373,85985806,0
38374,85985806,0
38375,85985806,0
38376,85985806,0
38377,85985806,0
38378,85985806,0
38379,85985806,0
38380,85985806,0
38381,85985806,0
38382,85985806,0
38383,85985806,0
38384,85985806,0
38385,85985806,0
38386,85985806,0
38387,85985806,0
38388,85985806,0
38389,85985806,0
38390,85985806,0
38391,85985806,0
38392,85985806,0
38393,85985806,0
38394,85985806,0
38395,85985806,0
38396,85985806,0
38397,85985806,0
38398,85985806,0
38399,85985806,0
38400,85985806,0
38401,85985806,0
38402,85985806,0
38403,85985806,0
38404,85985806,0
38405,85985806,0
38406,85985806,0
38407,85985806,0
38408,85985806,0
38409,85985806,0
38410,85985806,0
38411,85985806,0
38412,85985806,0
38413,85985806,0
38414,85985806,0
38415,85985806,0
38416,85985806,0
38417,85985806,0
38418,85985806,0
38419,85985806,0
38420,85985806,0
38421,85985806,0
38422,85985806,0
38423,85985806,0
38424,85985806,0
38425,85985806,0
38426,85985806,0
38427,85985806,0
38428,85985806,0
38429,85985806,0
38430,85985806,0
38431,85985806,0
38432,85985806,0
38433,85985806,0
38434,85985806,0
38435,85985806,0
38436,85985806,0
38437,85985806,0
38438,85985806,0
38439,85985806,0
38440,85985806,0
38441,85985806,0
38442,85985806,0
38443,85985806,0
38444,85985806,0
38445,85985806,0
38446,85985806,0
38447,85985806,0
38448,85985806,0
38449,85985806,0
38450,85985806,0
38451,85985806,0
38452,85985806,0
38453,85985806,0
38454,85985806,0
38455,85985806,0
38456,85985806,0
38457,85985806,0
38458,85985806,0
38459,85985806,0
38460,85985806,0
38461,85985806,0
38462,85985806,0
38463,85985806,0
38464,85985806,0
38465,85985806,0
38466,85985806,0
38467,85985806,0
38468,85985806,0
38469,85985806,0
38470,85985806,0
38471,85985806,0
38472,85985806,0
38473,85985806,0
38474,85985806,0
38475,85985806,0
38476,85985806,0
38477,85985806,0
38478,85985806,0
38479,85985806,0
38480,85985806,0
38481,85985806,0
38482,85985806,0
38483,85985806,0
38484,85985806,0
38485,85985806,0
38486,85985806,0
38487,85985806,0
38488,85985806,0
38489,85985806,0
38490,85985806,0
38491,85985806,0
38492,85985806,0
38493,85985806,0
38494,85985806,0
38495,85985806,0
38496,85985806,0
38497,85985806,0
38498,85985806,0
38499,85985806,0
38500,85985806,0
38501,85985806,0
38502,85985806,0
38503,85985806,0
38504,85985806,0
38505,85985806,0
38506,85985806,0
38507,85985806,0
38508,85985806,0
38509,85985806,0
38510,85985806,0
38511,85985806,0
38512,85985806,0
38513,85985806,0
38514,85985806,0
38515,85985806,0
38516,85985806,0
38517,85985806,0
38518,85985806,0
38519,85985806,0
38520,85985806,0
38521,85985806,0
38522,85985806,0
38523,85985806,0
38524,85985806,0
38525,85985806,0
38526,85985806,0
38527,85985806,0
38528,85985806,0
38529,85985806,0
38530,85985806,0
38531,85985806,0
38532,85985806,0
38533,85985806,0
38534,85985806,0
38535,85985806,0
38536,85985806,0
38537,85985806,0
38538,85985806,0
38539,85985806,0
38540,85985806,0
38541,85985806,0
38542,85985806,0
38543,85985806,0
38544,85985806,0
38545,85985806,0
38546,85985806,0
38547,85985806,0
38548,85985806,0
38549,85985806,0
38550,85985806,0
38551,85985806,0
38552,85985806,0
38553,85985806,0
38554,85985806,0
38555,85985806,0
38556,85985806,0
38557,85985806,0
38558,85985806,0
38559,85985806,0
38560,85985806,0
38561,85985806,0
38562,85985806,0
38563,85985806,0
38564,85985806,0
38565,85985806,0
38566,85985806,0
38567,85985806,0
38568,85985806,0
38569,85985806,0
38570,85985806,0
38571,85985806,0
38572,85985806,0
38573,85985806,0
38574,85985806,0
38575,85985806,0
38576,85985806,0
38577,85985806,0
38578,85985806,0
38579,85985806,0
38580,85985806,0
38581,85985806,0
38582,85985806,0
38583,85985806,0
38584,85985806,0
38585,85985806,0
38586,85985806,0
38587,85985806,0
38588,85985806,0
38589,85985806,0
38590,85985806,0
38591,85985806,0
38592,85985806,0
38593,85985806,0
38594,85985806,0
38595,85985806,0
38596,85985806,0
38597,85985806,0
38598,85985806,0
38599,85985806,0
38600,85985806,0
38601,85985806,0
38602,85985806,0
38603,85985806,0
38604,85985806,0
38605,85985806,0
38606,85985806,0
38607,85985806,0
38608,85985806,0
38609,85985806,0
38610,85985806,0
38611,85985806,0
38612,85985806,0
38613,85985806,0
38614,85985806,0
38615,85985806,0
38616,85985806,0
38617,85985806,0
38618,85985806,0
38619,85985806,0
38620,85985806,0
38621,85985806,0
38622,85985806,0
38623,85985806,0
38624,85985806,0
38625,85985806,0
38626,85985806,0
38627,85985806,0
38628,85985806,0
38629,85985806,0
38630,85985806,0
38631,85985806,0
38632,85985806,0
38633,85985806,0
38634,85985806,0
38635,85985806,0
38636,85985806,0
38637,85985806,0
38638,85985806,0
38639,85985806,0
38640,85985806,0
38641,85985806,0
38642,85985806,0
38643,85985806,0
38644,85985806,0
38645,85985806,0
38646,85985806,0
38647,85985806,0
38648,85985806,0
38649,85985806,0
38650,85985806,0
38651,85985806,0
38652,85985806,0
38653,85985806,0
38654,85985806,0
38655,85985806,0
38656,85985806,0
38657,85985806,0
38658,85985806,0
38659,85985806,0
38660,85985806,0
38661,85985806,0
38662,85985806,0
38663,85985806,0
38664,85985806,0
38665,85985806,0
38666,85985806,0
38667,85985806,0
38668,85985806,0
38669,85985806,0
38670,85985806,0
38671,85985806,0
38672,85985806,0
38673,85985806,0
38674,85985806,0
38675,85985806,0
38676,85985806,0
38677,85985806,0
38678,85985806,0
38679,85985806,0
38680,85985806,0
38681,85985806,0
38682,85985806,0
38683,85985806,0
38684,85985806,0
38685,85985806,0
38686,85985806,0
38687,85985806,0
38688,85985806,0
38689,85985806,0
38690,85985806,0
38691,85985806,0
38692,85985806,0
38693,85985806,0
38694,85985806,0
38695,85985806,0
38696,85985806,0
38697,85985806,0
38698,85985806,0
38699,85985806,0
38700,85985806,0
38701,85985806,0
38702,85985806,0
38703,85985806,0
38704,85985806,0
38705,85985806,0
38706,85985806,0
38707,85985806,0
38708,85985806,0
38709,85985806,0
38710,85985806,0
38711,85985806,0
38712,85985806,0
38713,85985806,0
38714,85985806,0
38715,85985806,0
38716,85985806,0
38717,85985806,0
38718,85985806,0
38719,85985806,0
38720,85985806,0
38721,85985806,0
38722,85985806,0
38723,85985806,0
38724,85985806,0
38725,85985806,0
38726,85985806,0
38727,85985806,0
38728,85985806,0
38729,85985806,0
38730,85985806,0
38731,85985806,0
38732,85985806,0
38733,85985806,0
38734,85985806,0
38735,85985806,0
38736,85985806,0
38737,85985806,0
38738,85985806,0
38739,85985806,0
38740,85985806,0
38741,85985806,0
38742,85985806,0
38743,85985806,0
38744,85985806,0
38745,85985806,0
38746,85985806,0
38747,85985806,0
38748,85985806,0
38749,85985806,0
38750,85985806,0
38751,85985806,0
38752,85985806,0
38753,85985806,0
38754,85985806,0
38755,85985806,0
38756,85985806,0
38757,85985806,0
38758,85985806,0
38759,85985806,0
38760,85985806,0
38761,85985806,0
38762,85985806,0
38763,85985806,0
38764,85985806,0
38765,85985806,0
38766,85985806,0
38767,85985806,0
38768,85985806,0
38769,85985806,0
38770,85985806,0
38771,85985806,0
38772,85985806,0
38773,85985806,0
38774,85985806,0
38775,85985806,0
38776,85985806,0
38777,85985806,0
38778,85985806,0
38779,85985806,0
38780,85985806,0
38781,85985806,0
38782,85985806,0
38783,85985806,0
38784,85985806,0
38785,85985806,0
38786,85985806,0
38787,85985806,0
38788,85985806,0
38789,85985806,0
38790,85985806,0
38791,85985806,0
38792,85985806,0
38793,85985806,0
38794,85985806,0
38795,85985806,0
38796,85985806,0
38797,85985806,0
38798,85985806,0
38799,85985806,0
38800,85985806,0
38801,85985806,0
38802,85985806,0
38803,85985806,0
38804,85985806,0
38805,85985806,0
38806,85985806,0
38807,85985806,0
38808,85985806,0
38809,85985806,0
38810,85985806,0
38811,85985806,0
38812,85985806,0
38813,85985806,0
38814,85985806,0
38815,85985806,0
38816,85985806,0
38817,85985806,0
38818,85985806,0
38819,85985806,0
38820,85985806,0
38821,85985806,0
38822,85985806,0
38823,85985806,0
38824,85985806,0
38825,85985806,0
38826,85985806,0
38827,85985806,0
38828,85985806,0
38829,85985806,0
38830,85985806,0
38831,85985806,0
38832,85985806,0
38833,85985806,0
38834,85985806,0
38835,85985806,0
38836,85985806,0
38837,85985806,0
38838,85985806,0
38839,85985806,0
38840,85985806,0
38841,85985806,0
38842,85985806,0
38843,85985806,0
38844,85985806,0
38845,85985806,0
38846,85985806,0
38847,85985806,0
38848,85985806,0
38849,85985806,0
38850,85985806,0
38851,85985806,0
38852,85985806,0
38853,85985806,0
38854,85985806,0
38855,85985806,0
38856,85985806,0
38857,85985806,0
38858,85985806,0
38859,85985806,0
38860,85985806,0
38861,85985806,0
38862,85985806,0
38863,85985806,0
38864,85985806,0
38865,85985806,0
38866,85985806,0
38867,85985806,0
38868,85985806,0
38869,85985806,0
38870,85985806,0
38871,85985806,0
38872,85985806,0
38873,85985806,0
38874,85985806,0
38875,85985806,0
38876,85985806,0
38877,85985806,0
38878,85985806,0
38879,85985806,0
38880,85985806,0
38881,85985806,0
38882,85985806,0
38883,85985806,0
38884,85985806,0
38885,85985806,0
38886,85985806,0
38887,85985806,0
38888,85985806,0
38889,85985806,0
38890,85985806,0
38891,85985806,0
38892,85985806,0
38893,85985806,0
38894,85985806,0
38895,85985806,0
38896,85985806,0
38897,85985806,0
38898,85985806,0
38899,85985806,0
38900,85985806,0
38901,85985806,0
38902,85985806,0
38903,85985806,0
38904,85985806,0
38905,85985806,0
38906,85985806,0
38907,85985806,0
38908,85985806,0
38909,85985806,0
38910,85985806,0
38911,85985806,0
38912,85985806,0
38913,85985806,0
38914,85985806,0
38915,85985806,0
38916,85985806,0
38917,85985806,0
38918,85985806,0
38919,85985806,0
38920,85985806,0
38921,85985806,0
38922,85985806,0
38923,85985806,0
38924,85985806,0
38925,85985806,0
38926,85985806,0
38927,85985806,0
38928,85985806,0
38929,85985806,0
38930,85985806,0
38931,85985806,0
38932,85985806,0
38933,85985806,0
38934,85985806,0
38935,85985806,0
38936,85985806,0
38937,85985806,0
38938,85985806,0
38939,85985806,0
38940,85985806,0
38941,85985806,0
38942,85985806,0
38943,85985806,0
38944,85985806,0
38945,85985806,0
38946,85985806,0
38947,85985806,0
38948,85985806,0
38949,85985806,0
38950,85985806,0
38951,85985806,0
38952,85985806,0
38953,85985806,0
38954,85985806,0
38955,85985806,0
38956,85985806,0
38957,85985806,0
38958,85985806,0
38959,85985806,0
38960,85985806,0
38961,85985806,0
38962,85985806,0
38963,85985806,0
38964,85985806,0
38965,85985806,0
38966,85985806,0
38967,85985806,0
38968,85985806,0
38969,85985806,0
38970,85985806,0
38971,85985806,0
38972,85985806,0
38973,85985806,0
38974,85985806,0
38975,85985806,0
38976,85985806,0
38977,85985806,0
38978,85985806,0
38979,85985806,0
38980,85985806,0
38981,85985806,0
38982,85985806,0
38983,85985806,0
38984,85985806,0
38985,85985806,0
38986,85985806,0
38987,85985806,0
38988,85985806,0
38989,85985806,0
38990,85985806,0
38991,85985806,0
38992,85985806,0
38993,85985806,0
38994,85985806,0
38995,85985806,0
38996,85985806,0
38997,85985806,0
38998,85985806,0
38999,85985806,0
39000,85985806,0
39001,85985806,0
39002,85985806,0
39003,85985806,0
39004,85985806,0
39005,85985806,0
39006,85985806,0
39007,85985806,0
39008,85985806,0
39009,85985806,0
39010,85985806,0
39011,85985806,0
39012,85985806,0
39013,85985806,0
39014,85985806,0
39015,85985806,0
39016,85985806,0
39017,85985806,0
39018,85985806,0
39019,85985806,0
39020,85985806,0
39021,85985806,0
39022,85985806,0
39023,85985806,0
39024,85985806,0
39025,85985806,0
39026,85985806,0
39027,85985806,0
39028,85985806,0
39029,85985806,0
39030,85985806,0
39031,85985806,0
39032,85985806,0
39033,85985806,0
39034,85985806,0
39035,85985806,0
39036,85985806,0
39037,85985806,0
39038,85985806,0
39039,85985806,0
39040,85985806,0
39041,85985806,0
39042,85985806,0
39043,85985806,0
39044,85985806,0
39045,85985806,0
39046,85985806,0
39047,85985806,0
39048,85985806,0
39049,85985806,0
39050,85985806,0
39051,85985806,0
39052,85985806,0
39053,85985806,0
39054,85985806,0
39055,85985806,0
39056,85985806,0
39057,85985806,0
39058,85985806,0
39059,85985806,0
39060,85985806,0
39061,85985806,0
39062,85985806,0
39063,85985806,0
39064,85985806,0
39065,85985806,0
39066,85985806,0
39067,85985806,0
39068,85985806,0
39069,85985806,0
39070,85985806,0
39071,85985806,0
39072,85985806,0
39073,85985806,0
39074,85985806,0
39075,85985806,0
39076,85985806,0
39077,85985806,0
39078,85985806,0
39079,85985806,0
39080,85985806,0
39081,85985806,0
39082,85985806,0
39083,85985806,0
39084,85985806,0
39085,85985806,0
39086,85985806,0
39087,85985806,0
39088,85985806,0
39089,85985806,0
39090,85985806,0
39091,85985806,0
39092,85985806,0
39093,85985806,0
39094,85985806,0
39095,85985806,0
39096,85985806,0
39097,85985806,0
39098,85985806,0
39099,85985806,0
39100,85985806,0
39101,85985806,0
39102,85985806,0
39103,85985806,0
39104,85985806,0
39105,85985806,0
39106,85985806,0
39107,85985806,0
39108,85985806,0
39109,85985806,0
39110,85985806,0
39111,85985806,0
39112,85985806,0
39113,85985806,0
39114,85985806,0
39115,85985806,0
39116,85985806,0
39117,85985806,0
39118,85985806,0
39119,85985806,0
39120,85985806,0
39121,85985806,0
39122,85985806,0
39123,85985806,0
39124,85985806,0
39125,85985806,0
39126,85985806,0
39127,85985806,0
39128,85985806,0
39129,85985806,0
39130,85985806,0
39131,85985806,0
39132,85985806,0
39133,85985806,0
39134,85985806,0
39135,85985806,0
39136,85985806,0
39137,85985806,0
39138,85985806,0
39139,85985806,0
39140,85985806,0
39141,85985806,0
39142,85985806,0
39143,85985806,0
39144,85985806,0
39145,85985806,0
39146,85985806,0
39147,85985806,0
39148,85985806,0
39149,85985806,0
39150,85985806,0
39151,85985806,0
39152,85985806,0
39153,85985806,0
39154,85985806,0
39155,85985806,0
39156,85985806,0
39157,85985806,0
39158,85985806,0
39159,85985806,0
39160,85985806,0
39161,85985806,0
39162,85985806,0
39163,85985806,0
39164,85985806,0
39165,85985806,0
39166,85985806,0
39167,85985806,0
39168,85985806,0
39169,85985806,0
39170,85985806,0
39171,85985806,0
39172,85985806,0
39173,85985806,0
39174,85985806,0
39175,85985806,0
39176,85985806,0
39177,85985806,0
39178,85985806,0
39179,85985806,0
39180,85985806,0
39181,85985806,0
39182,85985806,0
39183,85985806,0
39184,85985806,0
39185,85985806,0
39186,85985806,0
39187,85985806,0
39188,85985806,0
39189,85985806,0
39190,85985806,0
39191,85985806,0
39192,85985806,0
39193,85985806,0
39194,85985806,0
39195,85985806,0
39196,85985806,0
39197,85985806,0
39198,85985806,0
39199,85985806,0
39200,85985806,0
39201,85985806,0
39202,85985806,0
39203,85985806,0
39204,85985806,0
39205,85985806,0
39206,85985806,0
39207,85985806,0
39208,85985806,0
39209,85985806,0
39210,85985806,0
39211,85985806,0
39212,85985806,0
39213,85985806,0
39214,85985806,0
39215,85985806,0
39216,85985806,0
39217,85985806,0
39218,85985806,0
39219,85985806,0
39220,85985806,0
39221,85985806,0
39222,85985806,0
39223,85985806,0
39224,85985806,0
39225,85985806,0
39226,85985806,0
39227,85985806,0
39228,85985806,0
39229,85985806,0
39230,85985806,0
39231,85985806,0
39232,85985806,0
39233,85985806,0
39234,85985806,0
39235,85985806,0
39236,85985806,0
39237,85985806,0
39238,85985806,0
39239,85985806,0
39240,85985806,0
39241,85985806,0
39242,85985806,0
39243,85985806,0
39244,85985806,0
39245,85985806,0
39246,85985806,0
39247,85985806,0
39248,85985806,0
39249,85985806,0
39250,85985806,0
39251,85985806,0
39252,85985806,0
39253,85985806,0
39254,85985806,0
39255,85985806,0
39256,85985806,0
39257,85985806,0
39258,85985806,0
39259,85985806,0
39260,85985806,0
39261,85985806,0
39262,85985806,0
39263,85985806,0
39264,85985806,0
39265,85985806,0
39266,85985806,0
39267,85985806,0
39268,85985806,0
39269,85985806,0
39270,85985806,0
39271,85985806,0
39272,85985806,0
39273,85985806,0
39274,85985806,0
39275,85985806,0
39276,85985806,0
39277,85985806,0
39278,85985806,0
39279,85985806,0
39280,85985806,0
39281,85985806,0
39282,85985806,0
39283,85985806,0
39284,85985806,0
39285,85985806,0
39286,85985806,0
39287,85985806,0
39288,85985806,0
39289,85985806,0
39290,85985806,0
39291,85985806,0
39292,85985806,0
39293,85985806,0
39294,85985806,0
39295,85985806,0
39296,85985806,0
39297,85985806,0
39298,85985806,0
39299,85985806,0
39300,85985806,0
39301,85985806,0
39302,85985806,0
39303,85985806,0
39304,85985806,0
39305,85985806,0
39306,85985806,0
39307,85985806,0
39308,85985806,0
39309,85985806,0
39310,85985806,0
39311,85985806,0
39312,85985806,0
39313,85985806,0
39314,85985806,0
39315,85985806,0
39316,85985806,0
39317,85985806,0
39318,85985806,0
39319,85985806,0
39320,85985806,0
39321,85985806,0
39322,85985806,0
39323,85985806,0
39324,85985806,0
39325,85985806,0
39326,85985806,0
39327,85985806,0
39328,85985806,0
39329,85985806,0
39330,85985806,0
39331,85985806,0
39332,85985806,0
39333,85985806,0
39334,85985806,0
39335,85985806,0
39336,85985806,0
39337,85985806,0
39338,85985806,0
39339,85985806,0
39340,85985806,0
39341,85985806,0
39342,85985806,0
39343,85985806,0
39344,85985806,0
39345,85985806,0
39346,85985806,0
39347,85985806,0
39348,85985806,0
39349,85985806,0
39350,85985806,0
39351,85985806,0
39352,85985806,0
39353,85985806,0
39354,85985806,0
39355,85985806,0
39356,85985806,0
39357,85985806,0
39358,85985806,0
39359,85985806,0
39360,85985806,0
39361,85985806,0
39362,85985806,0
39363,85985806,0
39364,85985806,0
39365,85985806,0
39366,85985806,0
39367,85985806,0
39368,85985806,0
39369,85985806,0
39370,85985806,0
39371,85985806,0
39372,85985806,0
39373,85985806,0
39374,85985806,0
39375,85985806,0
39376,85985806,0
39377,85985806,0
39378,85985806,0
39379,85985806,0
39380,85985806,0
39381,85985806,0
39382,85985806,0
39383,85985806,0
39384,85985806,0
39385,85985806,0
39386,85985806,0
39387,85985806,0
39388,85985806,0
39389,85985806,0
39390,85985806,0
39391,85985806,0
39392,85985806,0
39393,85985806,0
39394,85985806,0
39395,85985806,0
39396,85985806,0
39397,85985806,0
39398,85985806,0
39399,85985806,0
39400,85985806,0
39401,85985806,0
39402,85985806,0
39403,85985806,0
39404,85985806,0
39405,85985806,0
39406,85985806,0
39407,85985806,0
39408,85985806,0
39409,85985806,0
39410,85985806,0
39411,85985806,0
39412,85985806,0
39413,85985806,0
39414,85985806,0
39415,85985806,0
39416,85985806,0
39417,85985806,0
39418,85985806,0
39419,85985806,0
39420,85985806,0
39421,85985806,0
39422,85985806,0
39423,85985806,0
39424,85985806,0
39425,85985806,0
39426,85985806,0
39427,85985806,0
39428,85985806,0
39429,85985806,0
39430,85985806,0
39431,85985806,0
39432,85985806,0
39433,85985806,0
39434,85985806,0
39435,85985806,0
39436,85985806,0
39437,85985806,0
39438,85985806,0
39439,85985806,0
39440,85985806,0
39441,85985806,0
39442,85985806,0
39443,85985806,0
39444,85985806,0
39445,85985806,0
39446,85985806,0
39447,85985806,0
39448,85985806,0
39449,85985806,0
39450,85985806,0
39451,85985806,0
39452,85985806,0
39453,85985806,0
39454,85985806,0
39455,85985806,0
39456,85985806,0
39457,85985806,0
39458,85985806,0
39459,85985806,0
39460,85985806,0
39461,85985806,0
39462,85985806,0
39463,85985806,0
39464,85985806,0
39465,85985806,0
39466,85985806,0
39467,85985806,0
39468,85985806,0
39469,85985806,0
39470,85985806,0
39471,85985806,0
39472,85985806,0
39473,85985806,0
39474,85985806,0
39475,85985806,0
39476,85985806,0
39477,85985806,0
39478,85985806,0
39479,85985806,0
39480,85985806,0
39481,85985806,0
39482,85985806,0
39483,85985806,0
39484,85985806,0
39485,85985806,0
39486,85985806,0
39487,85985806,0
39488,85985806,0
39489,85985806,0
39490,85985806,0
39491,85985806,0
39492,85985806,0
39493,85985806,0
39494,85985806,0
39495,85985806,0
39496,85985806,0
39497,85985806,0
39498,85985806,0
39499,85985806,0
39500,85985806,0
39501,85985806,0
39502,85985806,0
39503,85985806,0
39504,85985806,0
39505,85985806,0
39506,85985806,0
39507,85985806,0
39508,85985806,0
39509,85985806,0
39510,85985806,0
39511,85985806,0
39512,85985806,0
39513,85985806,0
39514,85985806,0
39515,85985806,0
39516,85985806,0
39517,85985806,0
39518,85985806,0
39519,85985806,0
39520,85985806,0
39521,85985806,0
39522,85985806,0
39523,85985806,0
39524,85985806,0
39525,85985806,0
39526,85985806,0
39527,85985806,0
39528,85985806,0
39529,85985805,0
39530,85985805,0
39531,85985805,0
39532,85985805,0
39533,85985805,0
39534,85985805,0
39535,85985805,0
39536,85985805,0
39537,85985805,0
39538,85985805,0
39539,85985805,0
39540,85985805,0
39541,85985805,0
39542,85985805,0
39543,85985805,0
39544,85985805,0
39545,85985805,0
39546,85985805,0
39547,85985805,0
39548,85985805,0
39549,85985805,0
39550,85985805,0
39551,85985805,0
39552,85985805,0
39553,85985805,0
39554,85985805,0
39555,85985805,0
39556,85985805,0
39557,85985805,0
39558,85985805,0
39559,85985805,0
39560,85985805,0
39561,85985805,0
39562,85985805,0
39563,85985805,0
39564,85985805,0
39565,85985805,0
39566,85985805,0
39567,85985805,0
39568,85985805,0
39569,85985805,0
39570,85985805,0
39571,85985805,0
39572,85985805,0
39573,85985805,0
39574,85985805,0
39575,85985805,0
39576,85985805,0
39577,85985805,0
39578,85985805,0
39579,85985805,0
39580,85985805,0
39581,85985805,0
39582,85985805,0
39583,85985805,0
39584,85985805,0
39585,85985805,0
39586,85985805,0
39587,85985805,0
39588,85985805,0
39589,85985805,0
39590,85985805,0
39591,85985805,0
39592,85985805,0
39593,85985805,0
39594,85985805,0
39595,85985805,0
39596,85985805,0
39597,85985805,0
39598,85985805,0
39599,85985805,0
39600,85985805,0
39601,85985805,0
39602,85985805,0
39603,85985805,0
39604,85985805,0
39605,85985805,0
39606,85985805,0
39607,85985805,0
39608,85985805,0
39609,85985805,0
39610,85985805,0
39611,85985805,0
39612,85985805,0
39613,85985805,0
39614,85985805,0
39615,85985805,0
39616,85985805,0
39617,85985805,0
39618,85985805,0
39619,85985805,0
39620,85985805,0
39621,85985805,0
39622,85985805,0
39623,85985805,0
39624,85985805,0
39625,85985805,0
39626,85985805,0
39627,85985805,0
39628,85985805,0
39629,85985805,0
39630,85985805,0
39631,85985805,0
39632,85985805,0
39633,85985805,0
39634,85985805,0
39635,85985805,0
39636,85985805,0
39637,85985805,0
39638,85985805,0
39639,85985805,0
39640,85985805,0
39641,85985805,0
39642,85985805,0
39643,85985805,0
39644,85985805,0
39645,85985805,0
39646,85985805,0
39647,85985805,0
39648,85985805,0
39649,85985805,0
39650,85985805,0
39651,85985805,0
39652,85985805,0
39653,85985805,0
39654,85985805,0
39655,85985805,0
39656,85985805,0
39657,85985805,0
39658,85985805,0
39659,85985805,0
39660,85985805,0
39661,85985805,0
39662,85985805,0
39663,85985805,0
39664,85985805,0
39665,85985805,0
39666,85985805,0
39667,85985805,0
39668,85985805,0
39669,85985805,0
39670,85985805,0
39671,85985805,0
39672,85985805,0
39673,85985805,0
39674,85985805,0
39675,85985805,0
39676,85985805,0
39677,85985805,0
39678,85985805,0
39679,85985805,0
39680,85985805,0
39681,85985805,0
39682,85985805,0
39683,85985805,0
39684,85985805,0
39685,85985805,0
39686,85985805,0
39687,85985805,0
39688,85985805,0
39689,85985805,0
39690,85985805,0
39691,85985805,0
39692,85985805,0
39693,85985805,0
39694,85985805,0
39695,85985805,0
39696,85985805,0
39697,85985805,0
39698,85985805,0
39699,85985805,0
39700,85985805,0
39701,85985805,0
39702,85985805,0
39703,85985805,0
39704,85985805,0
39705,85985805,0
39706,85985805,0
39707,85985805,0
39708,85985805,0
39709,85985805,0
39710,85985805,0
39711,85985805,0
39712,85985805,0
39713,85985805,0
39714,85985805,0
39715,85985805,0
39716,85985805,0
39717,85985805,0
39718,85985805,0
39719,85985805,0
39720,85985805,0
39721,85985805,0
39722,85985805,0
39723,85985805,0
39724,85985805,0
39725,85985805,0
39726,85985805,0
39727,85985805,0
39728,85985805,0
39729,85985805,0
39730,85985805,0
39731,85985805,0
39732,85985805,0
39733,85985805,0
39734,85985805,0
39735,85985805,0
39736,85985805,0
39737,85985805,0
39738,85985805,0
39739,85985805,0
39740,85985805,0
39741,85985805,0
39742,85985805,0
39743,85985805,0
39744,85985805,0
39745,85985805,0
39746,85985805,0
39747,85985805,0
39748,85985805,0
39749,85985805,0
39750,85985805,0
39751,85985805,0
39752,85985805,0
39753,85985805,0
39754,85985805,0
39755,85985805,0
39756,85985805,0
39757,85985805,0
39758,85985805,0
39759,85985805,0
39760,85985805,0
39761,85985805,0
39762,85985805,0
39763,85985805,0
39764,85985805,0
39765,85985805,0
39766,85985805,0
39767,85985805,0
39768,85985805,0
39769,85985805,0
39770,85985805,0
39771,85985805,0
39772,85985805,0
39773,85985805,0
39774,85985805,0
39775,85985805,0
39776,85985805,0
39777,85985805,0
39778,85985805,0
39779,85985805,0
39780,85985805,0
39781,85985805,0
39782,85985805,0
39783,85985805,0
39784,85985805,0
39785,85985805,0
39786,85985805,0
39787,85985805,0
39788,85985805,0
39789,85985805,0
39790,85985805,0
39791,85985805,0
39792,85985805,0
39793,85985805,0
39794,85985805,0
39795,85985805,0
39796,85985805,0
39797,85985805,0
39798,85985805,0
39799,85985805,0
39800,85985805,0
39801,85985805,0
39802,85985805,0
39803,85985805,0
39804,85985805,0
39805,85985805,0
39806,85985805,0
39807,85985805,0
39808,85985805,0
39809,85985805,0
39810,85985805,0
39811,85985805,0
39812,85985805,0
39813,85985805,0
39814,85985805,0
39815,85985805,0
39816,85985805,0
39817,85985805,0
39818,85985805,0
39819,85985805,0
39820,85985805,0
39821,85985805,0
39822,85985805,0
39823,85985805,0
39824,85985805,0
39825,85985805,0
39826,85985805,0
39827,85985805,0
39828,85985805,0
39829,85985805,0
39830,85985805,0
39831,85985805,0
39832,85985805,0
39833,85985805,0
39834,85985805,0
39835,85985805,0
39836,85985805,0
39837,85985805,0
39838,85985805,0
39839,85985805,0
39840,85985805,0
39841,85985805,0
39842,85985805,0
39843,85985805,0
39844,85985805,0
39845,85985805,0
39846,85985805,0
39847,85985805,0
39848,85985805,0
39849,85985805,0
39850,85985805,0
39851,85985805,0
39852,85985805,0
39853,85985805,0
39854,85985805,0
39855,85985805,0
39856,85985805,0
39857,85985805,0
39858,85985805,0
39859,85985805,0
39860,85985805,0
39861,85985805,0
39862,85985805,0
39863,85985805,0
39864,85985805,0
39865,85985805,0
39866,85985805,0
39867,85985805,0
39868,85985805,0
39869,85985805,0
39870,85985805,0
39871,85985805,0
39872,85985805,0
39873,85985805,0
39874,85985805,0
39875,85985805,0
39876,85985805,0
39877,85985805,0
39878,85985805,0
39879,85985805,0
39880,85985805,0
39881,85985805,0
39882,85985805,0
39883,85985805,0
39884,85985805,0
39885,85985805,0
39886,85985805,0
39887,85985805,0
39888,85985805,0
39889,85985805,0
39890,85985805,0
39891,85985805,0
39892,85985805,0
39893,85985805,0
39894,85985805,0
39895,85985805,0
39896,85985805,0
39897,85985805,0
39898,85985805,0
39899,85985805,0
39900,85985805,0
39901,85985805,0
39902,85985805,0
39903,85985805,0
39904,85985805,0
39905,85985805,0
39906,85985805,0
39907,85985805,0
39908,85985805,0
39909,85985805,0
39910,85985805,0
39911,85985805,0
39912,85985805,0
39913,85985805,0
39914,85985805,0
39915,85985805,0
39916,85985805,0
39917,85985805,0
39918,85985805,0
39919,85985805,0
39920,85985805,0
39921,85985805,0
39922,85985805,0
39923,85985805,0
39924,85985805,0
39925,85985805,0
39926,85985805,0
39927,85985805,0
39928,85985805,0
39929,85985805,0
39930,85985805,0
39931,85985805,0
39932,85985805,0
39933,85985805,0
39934,85985805,0
39935,85985805,0
39936,85985805,0
39937,85985805,0
39938,85985805,0
39939,85985805,0
39940,85985805,0
39941,85985805,0
39942,85985805,0
39943,85985805,0
39944,85985805,0
39945,85985805,0
39946,85985805,0
39947,85985805,0
39948,85985805,0
39949,85985805,0
39950,85985805,0
39951,85985805,0
39952,85985805,0
39953,85985805,0
39954,85985805,0
39955,85985805,0
39956,85985805,0
39957,85985805,0
39958,85985805,0
39959,85985805,0
39960,85985805,0
39961,85985805,0
39962,85985805,0
39963,85985805,0
39964,85985805,0
39965,85985805,0
39966,85985805,0
39967,85985805,0
39968,85985805,0
39969,85985805,0
39970,85985805,0
39971,85985805,0
39972,85985805,0
39973,85985805,0
39974,85985805,0
39975,85985805,0
39976,85985805,0
39977,85985805,0
39978,85985805,0
39979,85985805,0
39980,85985805,0
39981,85985805,0
39982,85985805,0
39983,85985805,0
39984,85985805,0
39985,85985805,0
39986,85985805,0
39987,85985805,0
39988,85985805,0
39989,85985805,0
39990,85985805,0
39991,85985805,0
39992,85985805,0
39993,85985805,0
39994,85985805,0
39995,85985805,0
39996,85985805,0
39997,85985805,0
39998,85985805,0
39999,85985805,0
40000,85985805,0
