1,2015,500000
2,2015,500000
3,2015,500000
4,2015,500000
5,2015,500000
6,2015,500000
7,2015,500000
8,2015,500000
9,2015,500000
10,2015,500000
11,2015,500000
12,2015,500000
13,2015,500000
14,2015,500000
15,2015,500000
16,2015,500000
17,2015,500000
18,1334495,23400
19,2015,500000
20,2015,500000
21,2015,500000
22,2015,500000
23,2015,500000
24,2015,500000
25,2015,500000
26,2015,500000
27,2015,500000
28,2015,500000
29,2015,500000
30,2015,500000
31,2015,500000
32,2015,500000
33,2015,500000
34,2015,500000
35,2015,500000
36,2015,500000
37,2015,500000
38,2015,500000
39,2015,500000
40,2015,500000
41,2015,500000
42,2015,500000
43,2015,500000
44,2015,500000
45,2015,500000
46,2015,500000
47,2015,500000
48,2015,500000
49,2015,500000
50,2015,500000
51,2015,500000
52,2015,500000
53,2015,500000
54,2015,500000
55,2015,500000
56,2015,500000
57,2015,500000
58,2015,500000
59,2015,500000
60,2015,500000
61,2015,500000
62,2015,500000
63,2015,500000
64,2015,500000
65,2015,500000
66,2015,500000
67,2015,500000
68,2015,500000
69,2015,500000
70,2015,500000
71,2015,500000
72,2015,500000
73,2015,500000
74,2015,500000
75,2015,500000
76,2015,500000
77,2015,500000
78,2015,500000
79,2015,500000
80,2015,500000
81,2015,500000
82,2015,500000
83,2015,500000
84,2015,500000
85,2015,500000
86,2015,500000
87,2015,500000
88,2015,500000
89,2015,500000
90,1334495,3600
91,2015,500000
92,2015,500000
93,2015,500000
94,2015,500000
95,2015,500000
96,2015,500000
97,2015,500000
98,2015,500000
99,2015,500000
100,2015,500000
101,2015,500000
102,2015,500000
103,2015,500000
104,2015,500000
105,2015,500000
106,2015,500000
107,2015,500000
108,2015,500000
109,2015,500000
110,2015,500000
111,2015,500000
112,2015,500000
113,2015,500000
114,2015,500000
115,2015,500000
116,2015,500000
117,2015,500000
118,2015,500000
119,2015,500000
120,2015,500000
121,2015,500000
122,2015,500000
123,2015,500000
124,2015,500000
125,2015,500000
126,1334495,9000
127,2015,500000
128,2015,500000
129,2015,500000
130,2015,500000
131,2015,500000
132,2015,500000
133,2015,500000
134,2015,500000
135,2015,500000
136,2015,500000
137,2015,500000
138,2015,500000
139,2015,500000
140,2015,500000
141,2015,500000
142,2015,500000
143,2015,500000
144,2015,500000
145,2015,500000
146,2015,500000
147,2015,500000
148,2015,500000
149,2015,500000
150,2015,500000
151,2015,500000
152,2015,500000
153,2015,500000
154,2015,500000
155,2015,500000
156,2015,500000
157,2015,500000
158,2015,500000
159,2015,500000
160,2015,500000
161,2015,500000
162,2015,500000
163,2015,500000
164,2015,500000
165,2015,500000
166,2015,500000
167,2015,500000
168,2015,500000
169,2015,500000
170,2015,500000
171,2015,500000
172,2015,500000
173,2015,500000
174,2015,500000
175,2015,500000
176,2015,500000
177,2015,500000
178,2015,500000
179,2015,500000
180,2015,500000
181,2015,500000
182,2015,500000
183,2015,500000
184,2015,500000
185,2015,500000
186,2015,500000
187,2015,500000
188,2015,500000
189,2015,500000
190,2015,500000
191,2015,500000
192,2015,500000
193,2015,500000
194,2015,500000
195,2015,500000
196,2015,500000
197,2015,500000
198,2015,500000
199,1334495,14990
200,1334495,6390
201,2015,500000
202,2015,500000
203,2015,500000
204,2015,500000
205,2015,500000
206,2015,500000
207,2015,500000
208,2015,500000
209,2015,500000
210,2015,500000
211,2015,500000
212,2015,500000
213,2015,500000
214,2015,500000
215,2015,500000
216,2015,500000
217,2015,500000
218,2015,500000
219,2015,500000
220,2015,500000
221,2015,500000
222,2015,500000
223,2015,500000
224,2015,500000
225,2015,500000
226,2015,500000
227,2015,500000
228,2015,500000
229,2015,500000
230,2015,500000
231,2015,500000
232,2015,500000
233,2015,500000
234,2015,500000
235,2015,500000
236,2015,500000
237,2015,500000
238,2015,500000
239,2015,500000
240,2015,500000
241,2015,500000
242,2015,500000
243,2015,500000
244,2015,500000
245,2015,500000
246,2015,500000
247,2015,500000
248,2015,500000
249,2015,500000
250,2015,500000
251,2015,500000
252,2015,500000
253,2015,500000
254,2015,500000
255,2015,500000
256,2015,500000
257,2015,500000
258,2015,500000
259,2015,500000
260,2015,500000
261,2015,500000
262,2015,500000
263,2015,500000
264,2015,500000
265,2015,500000
266,2015,500000
267,2015,500000
268,2015,500000
269,2015,500000
270,2015,500000
271,2015,500000
272,2015,500000
273,2015,500000
274,2015,500000
275,2015,500000
276,2015,500000
277,2015,500000
278,2015,500000
279,2015,500000
280,2015,500000
281,2015,500000
282,2015,500000
283,2015,500000
284,2015,500000
285,2015,500000
286,2015,500000
287,2015,500000
288,2015,500000
289,2015,500000
290,2015,500000
291,2015,500000
292,2015,500000
293,2015,500000
294,2015,500000
295,2015,500000
296,2015,500000
297,2015,500000
298,2015,500000
299,2015,500000
300,2015,500000
301,2015,500000
302,2015,500000
303,2015,500000
304,2015,500000
305,2015,500000
306,2015,500000
307,2015,500000
308,2015,500000
309,2015,500000
310,2015,500000
311,2015,500000
312,2015,500000
313,2015,500000
314,2015,500000
315,2015,500000
316,2015,500000
317,2015,500000
318,2015,500000
319,2015,500000
320,2015,500000
321,2015,500000
322,2015,500000
323,2015,500000
324,2015,500000
325,2015,500000
326,2015,500000
327,2015,500000
328,2015,500000
329,2015,500000
330,2015,500000
331,2015,500000
332,2015,500000
333,2015,500000
334,2015,500000
335,2015,500000
336,2015,500000
337,2015,500000
338,2015,500000
339,2015,500000
340,2015,500000
341,2015,500000
342,2015,500000
343,2015,500000
344,2015,500000
345,2015,500000
346,2015,500000
347,2015,500000
348,2015,500000
349,2015,500000
350,2015,500000
351,2015,500000
352,2015,500000
353,2015,500000
354,2015,500000
355,2015,500000
356,2015,500000
357,2015,500000
358,2015,500000
359,2015,500000
360,2015,500000
361,2015,500000
362,2015,500000
363,2015,500000
364,2015,500000
365,2015,500000
366,1334495,6570
367,2015,500000
368,2015,500000
369,2015,500000
370,2015,500000
371,2015,500000
372,2015,500000
373,2015,500000
374,2015,500000
375,2015,500000
376,2015,500000
377,2015,500000
378,2015,500000
379,2015,500000
380,2015,500000
381,2015,500000
382,2015,500000
383,2015,500000
384,2015,500000
385,2015,500000
386,2015,500000
387,2015,500000
388,2015,500000
389,2015,500000
390,2015,500000
391,2015,500000
392,2015,500000
393,2015,500000
394,2015,500000
395,2015,500000
396,2015,500000
397,2015,500000
398,2015,500000
399,2015,500000
400,2015,500000
401,2015,500000
402,2015,500000
403,2015,500000
404,2015,500000
405,2015,500000
406,2015,500000
407,2015,500000
408,2015,500000
409,2015,500000
410,2015,500000
411,2015,500000
412,2015,500000
413,2015,500000
414,2015,500000
415,2015,500000
416,2015,500000
417,2015,500000
418,2015,500000
419,2015,500000
420,2015,500000
421,2015,500000
422,2015,500000
423,2015,500000
424,2015,500000
425,2015,500000
426,2015,500000
427,2015,500000
428,2015,500000
429,2015,500000
430,2015,500000
431,2015,500000
432,2015,500000
433,2015,500000
434,2015,500000
435,2015,500000
436,2015,500000
437,2015,500000
438,2015,500000
439,2015,500000
440,2015,500000
441,2015,500000
442,2015,500000
443,2015,500000
444,2015,500000
445,2015,500000
446,2015,500000
447,2015,500000
448,2015,500000
449,2015,500000
450,2015,500000
451,2015,500000
452,2015,500000
453,2015,500000
454,1334495,8610
455,2015,500000
456,2015,500000
457,2015,500000
458,2015,500000
459,2015,500000
460,2015,500000
461,2015,500000
462,2015,500000
463,2015,500000
464,2015,500000
465,2015,500000
466,2015,500000
467,2015,500000
468,2015,500000
469,2015,500000
470,2015,500000
471,2015,500000
472,2015,500000
473,2015,500000
474,2015,500000
475,2015,500000
476,2015,500000
477,2015,500000
478,2015,500000
479,2015,500000
480,2015,500000
481,2015,500000
482,2015,500000
483,2015,500000
484,2015,500000
485,2015,500000
486,2015,500000
487,1334495,12870
488,2015,500000
489,2015,500000
490,2015,500000
491,2015,500000
492,2015,500000
493,2015,500000
494,2015,500000
495,2015,500000
496,2015,500000
497,2015,500000
498,2015,500000
499,2015,500000
500,2015,500000
501,2015,500000
502,2015,500000
503,2015,500000
504,2015,500000
505,2015,500000
506,2015,500000
507,2015,500000
508,2015,500000
509,2015,500000
510,2015,500000
511,2015,500000
512,2015,500000
513,2015,500000
514,2015,500000
515,2015,500000
516,2015,500000
517,2015,500000
518,2015,500000
519,2015,500000
520,2015,500000
521,2015,500000
522,2015,500000
523,2015,500000
524,2015,500000
525,2015,500000
526,2015,500000
527,2015,500000
528,2015,500000
529,2015,500000
530,2015,500000
531,2015,500000
532,2015,500000
533,2015,500000
534,2015,500000
535,2015,500000
536,2015,500000
537,2015,500000
538,2015,500000
539,2015,500000
540,2015,500000
541,2015,500000
542,2015,500000
543,2015,500000
544,2015,500000
545,2015,500000
546,2015,500000
547,2015,500000
548,2015,500000
549,2015,500000
550,2015,500000
551,2015,500000
552,2015,500000
553,2015,500000
554,2015,500000
555,2015,500000
556,2015,500000
557,2015,500000
558,2015,500000
559,2015,500000
560,2015,500000
561,2015,500000
562,2015,500000
563,2015,500000
564,2015,500000
565,2015,500000
566,2015,500000
567,2015,500000
568,2015,500000
569,2015,500000
570,2015,500000
571,2015,500000
572,2015,500000
573,2015,500000
574,2015,500000
575,2015,500000
576,2015,500000
577,2015,500000
578,2015,500000
579,2015,500000
580,2015,500000
581,2015,500000
582,2015,500000
583,2015,500000
584,2015,500000
585,2015,500000
586,2015,500000
587,1334495,16990
588,2015,500000
589,2015,500000
590,2015,500000
591,2015,500000
592,2015,500000
593,2015,500000
594,2015,500000
595,2015,500000
596,2015,500000
597,2015,500000
598,2015,500000
599,2015,500000
600,1334495,6770
601,2015,500000
602,2015,500000
603,2015,500000
604,2015,500000
605,2015,500000
606,2015,500000
607,2015,500000
608,2015,500000
609,2015,500000
610,2015,500000
611,2015,500000
612,2015,500000
613,2015,500000
614,2015,500000
615,2015,500000
616,2015,500000
617,2015,500000
618,2015,500000
619,2015,500000
620,2015,500000
621,2015,500000
622,2015,500000
623,2015,500000
624,2015,500000
625,2015,500000
626,2015,500000
627,2015,500000
628,2015,500000
629,2015,500000
630,2015,500000
631,2015,500000
632,2015,500000
633,2015,500000
634,2015,500000
635,2015,500000
636,2015,500000
637,2015,500000
638,2015,500000
639,2015,500000
640,2015,500000
641,2015,500000
642,2015,500000
643,2015,500000
644,2015,500000
645,2015,500000
646,2015,500000
647,2015,500000
648,2015,500000
649,2015,500000
650,2015,500000
651,2015,500000
652,2015,500000
653,2015,500000
654,2015,500000
655,2015,500000
656,2015,500000
657,2015,500000
658,2015,500000
659,1334495,7940
660,2015,500000
661,2015,500000
662,2015,500000
663,2015,500000
664,2015,500000
665,2015,500000
666,2015,500000
667,2015,500000
668,2015,500000
669,2015,500000
670,2015,500000
671,2015,500000
672,2015,500000
673,2015,500000
674,2015,500000
675,2015,500000
676,2015,500000
677,2015,500000
678,2015,500000
679,2015,500000
680,2015,500000
681,2015,500000
682,2015,500000
683,2015,500000
684,2015,500000
685,2015,500000
686,2015,500000
687,2015,500000
688,2015,500000
689,2015,500000
690,2015,500000
691,2015,500000
692,1334495,6010
693,2015,500000
694,2015,500000
695,2015,500000
696,2015,500000
697,2015,500000
698,2015,500000
699,2015,500000
700,2015,500000
701,2015,500000
702,2015,500000
703,2015,500000
704,2015,500000
705,2015,500000
706,2015,500000
707,2015,500000
708,2015,500000
709,2015,500000
710,2015,500000
711,2015,500000
712,2015,500000
713,2015,500000
714,2015,500000
715,2015,500000
716,2015,500000
717,2015,500000
718,2015,500000
719,2015,500000
720,2015,500000
721,2015,500000
722,2015,500000
723,2015,500000
724,2015,500000
725,2015,500000
726,2015,500000
727,2015,500000
728,2015,500000
729,2015,500000
730,2015,500000
731,2015,500000
732,2015,500000
733,2015,500000
734,2015,500000
735,2015,500000
736,2015,500000
737,2015,500000
738,2015,500000
739,2015,500000
740,2015,500000
741,2015,500000
742,2015,500000
743,2015,500000
744,2015,500000
745,2015,500000
746,2015,500000
747,2015,500000
748,2015,500000
749,2015,500000
750,2015,500000
751,2015,500000
752,2015,500000
753,2015,500000
754,2015,500000
755,2015,500000
756,2015,500000
757,2015,500000
758,2015,500000
759,2015,500000
760,2015,500000
761,2015,500000
762,2015,500000
763,2015,500000
764,2015,500000
765,2015,500000
766,2015,500000
767,2015,500000
768,2015,500000
769,2015,500000
770,2015,500000
771,2015,500000
772,2015,500000
773,2015,500000
774,2015,500000
775,2015,500000
776,2015,500000
777,2015,500000
778,2015,500000
779,2015,500000
780,2015,500000
781,2015,500000
782,2015,500000
783,2015,500000
784,2015,500000
785,2015,500000
786,2015,500000
787,2015,500000
788,2015,500000
789,2015,500000
790,2015,500000
791,2015,500000
792,2015,500000
793,2015,500000
794,2015,500000
795,2015,500000
796,2015,500000
797,2015,500000
798,2015,500000
799,2015,500000
800,2015,500000
801,1334495,5200
802,1334495,8960
803,2015,500000
804,1334495,9020
805,1334495,4880
806,2015,500000
807,1334495,4400
808,2015,500000
809,1334495,9400
810,2015,500000
811,1334495,9650
812,1334495,6500
813,2015,500000
814,2015,500000
815,1334495,6570
816,1334495,21160
817,1334495,11980
818,2015,500000
819,2015,500000
820,1334495,6310
821,2015,500000
822,1334495,4300
823,1334495,8400
824,2015,500000
825,2015,500000
826,2015,500000
827,1334495,9300
828,2015,500000
829,1334495,5980
830,1334495,6410
831,2015,500000
832,1334495,13410
833,1334495,4700
834,2015,500000
835,1334495,6800
836,1334495,17990
837,1334495,7030
838,1334495,11900
839,1334495,4700
840,2015,500000
841,1334495,7730
842,1334495,7470
843,2015,500000
844,2015,500000
845,1334495,3410
846,2015,500000
847,2015,500000
848,1334495,17560
849,2015,500000
850,2015,500000
851,2015,500000
852,1334495,8530
853,2015,500000
854,1334495,7660
855,2015,500000
856,2015,500000
857,2015,500000
858,2015,500000
859,2015,500000
860,1334495,8840
861,2015,500000
862,2015,500000
863,2015,500000
864,2015,500000
865,1334495,8800
866,1334495,5160
867,2015,500000
868,1334495,7430
869,2015,500000
870,1334495,11600
871,2015,500000
872,1334495,9520
873,1334495,5900
874,1334495,7060
875,1334495,3200
876,1334495,7590
877,1334495,10270
878,2015,500000
879,1334495,6520
880,1334495,162230
881,1334495,6090
882,1334495,8020
883,2015,500000
884,1334495,7980
885,1334495,9110
886,2015,500000
887,1334495,5980
888,2015,500000
889,2015,500000
890,2015,500000
891,2015,500000
892,2015,500000
893,1334495,5930
894,1334495,10150
895,1334495,6360
896,2015,500000
897,1334495,6970
898,2015,500000
899,1334495,7820
900,2015,500000
901,1334495,6720
902,2015,500000
903,2015,500000
904,1334495,9290
905,1334495,10400
906,1334495,12340
907,2015,500000
908,1334495,9070
909,1334495,7960
910,2015,500000
911,1334495,8080
912,1334495,16500
913,2015,500000
914,1334495,8060
915,2015,500000
916,1334495,10920
917,2015,500000
918,1334495,5740
919,2015,500000
920,2015,500000
921,2015,500000
922,1334495,5900
923,1334495,11550
924,1334495,3800
925,2015,500000
926,1334495,5880
927,2015,500000
928,2015,500000
929,2015,500000
930,1334495,6980
931,2015,500000
932,2015,500000
933,1334495,5630
934,2015,500000
935,1334495,9940
936,2015,500000
937,1334495,79100
938,2015,500000
939,2015,500000
940,2015,500000
941,2015,500000
942,2015,500000
943,2015,500000
944,2015,500000
945,2015,500000
946,1334495,7800
947,1334495,5000
948,2015,500000
949,1334495,6840
950,1334495,4900
951,1334495,9850
952,1334495,9690
953,2015,500000
954,1334495,5900
955,1334495,22200
956,1334495,6870
957,1334495,10260
958,2015,500000
959,2015,500000
960,1334495,6840
961,2015,500000
962,2015,500000
963,1334495,10610
964,1334495,6750
965,1334495,5570
966,2015,500000
967,1334495,11530
968,2015,500000
969,2015,500000
970,1334495,6680
971,1334495,6090
972,1334495,4400
973,1334495,7230
974,1334495,9200
975,2015,500000
976,1334495,8580
977,2015,500000
978,1334495,9890
979,2015,500000
980,1334495,16830
981,1334495,14500
982,1334495,3200
983,2015,500000
984,2015,500000
985,2015,500000
986,1334495,10790
987,2015,500000
988,2015,500000
989,1334495,5500
990,2015,500000
991,1334495,8950
992,2015,500000
993,1334495,6100
994,1334495,35170
995,2015,500000
996,1334495,14540
997,2015,500000
998,2015,500000
999,2015,500000
1000,2015,500000
1001,2015,500000
1002,2015,500000
1003,2015,500000
1004,1334495,11780
1005,1334495,4490
1006,2015,500000
1007,2015,500000
1008,1334495,6550
1009,2015,500000
1010,1334495,12520
1011,1334495,7160
1012,2015,500000
1013,2015,500000
1014,1334495,9090
1015,1334495,10240
1016,1334495,23890
1017,2015,500000
1018,1334495,7250
1019,2015,500000
1020,1334495,7900
1021,1334495,15750
1022,2015,500000
1023,1334495,8690
1024,1334495,31310
1025,1334495,10370
1026,2015,500000
1027,1334495,8870
1028,1334495,11190
1029,2015,500000
1030,2015,500000
1031,1334495,16830
1032,2015,500000
1033,1334495,10120
1034,1334495,10960
1035,2015,500000
1036,1334495,12690
1037,2015,500000
1038,2015,500000
1039,2015,500000
1040,2015,500000
1041,1334495,6930
1042,1334495,8740
1043,2015,500000
1044,2015,500000
1045,2015,500000
1046,2015,500000
1047,2015,500000
1048,2015,500000
1049,2015,500000
1050,1334495,24480
1051,1334495,5810
1052,1334495,8860
1053,2015,500000
1054,1334495,14260
1055,1334495,3100
1056,1334495,7820
1057,1334495,7700
1058,1334495,13800
1059,2015,500000
1060,2015,500000
1061,1334495,8040
1062,2015,500000
1063,2015,500000
1064,1334495,7150
1065,2015,500000
1066,2015,500000
1067,2015,500000
1068,1334495,3200
1069,2015,500000
1070,2015,500000
1071,2015,500000
1072,1334495,16200
1073,1334495,6620
1074,1334495,8430
1075,2015,500000
1076,1334495,5670
1077,1334495,4200
1078,1334495,8990
1079,2015,500000
1080,1334495,7990
1081,1334495,7300
1082,1334495,10240
1083,2015,500000
1084,2015,500000
1085,1334495,3900
1086,2015,500000
1087,1334495,5900
1088,2015,500000
1089,2015,500000
1090,2015,500000
1091,2015,500000
1092,1334495,5810
1093,1334495,9900
1094,1334495,10080
1095,2015,500000
1096,1334495,6080
1097,2015,500000
1098,2015,500000
1099,2015,500000
1100,2015,500000
1101,2015,500000
1102,1334495,12880
1103,2015,500000
1104,1334495,14300
1105,1334495,11520
1106,2015,500000
1107,2015,500000
1108,1334495,7120
1109,1334495,10600
1110,2015,500000
1111,2015,500000
1112,1334495,7320
1113,2015,500000
1114,1334495,36530
1115,2015,500000
1116,2015,500000
1117,2015,500000
1118,1334495,7880
1119,1334495,5470
1120,1334495,6420
1121,2015,500000
1122,1334495,7990
1123,2015,500000
1124,1334495,8210
1125,2015,500000
1126,2015,500000
1127,1334495,10140
1128,2015,500000
1129,2015,500000
1130,1334495,14270
1131,2015,500000
1132,2015,500000
1133,2015,500000
1134,1334495,13940
1135,1334495,6810
1136,1334495,12150
1137,1334495,25680
1138,2015,500000
1139,2015,500000
1140,2015,500000
1141,1334495,9030
1142,2015,500000
1143,1334495,7440
1144,2015,500000
1145,2015,500000
1146,2015,500000
1147,1334495,32610
1148,1334495,8440
1149,2015,500000
1150,2015,500000
1151,2015,500000
1152,1334495,83720
1153,1334495,5600
1154,2015,500000
1155,2015,500000
1156,1334495,7710
1157,1334495,6600
1158,1334495,17340
1159,2015,500000
1160,1334495,5700
1161,2015,500000
1162,1334495,15030
1163,1334495,5710
1164,2015,500000
1165,2015,500000
1166,1334495,8620
1167,1334495,8430
1168,2015,500000
1169,2015,500000
1170,2015,500000
1171,2015,500000
1172,2015,500000
1173,2015,500000
1174,1334495,8860
1175,2015,500000
1176,2015,500000
1177,2015,500000
1178,1334495,7340
1179,1334495,9660
1180,2015,500000
1181,2015,500000
1182,2015,500000
1183,2015,500000
1184,2015,500000
1185,2015,500000
1186,1334495,7030
1187,2015,500000
1188,1334495,7220
1189,1334495,7260
1190,1334495,9380
1191,1334495,11440
1192,2015,500000
1193,2015,500000
1194,1334495,9340
1195,2015,500000
1196,1334495,12770
1197,1334495,5760
1198,2015,500000
1199,1334495,17020
1200,1334495,5070
1201,2015,500000
1202,1334495,6170
1203,2015,500000
1204,1334495,6570
1205,2015,500000
1206,2015,500000
1207,1334495,8900
1208,2015,500000
1209,1334495,9850
1210,2015,500000
1211,1334495,7790
1212,2015,500000
1213,2015,500000
1214,1334495,80300
1215,1334495,3900
1216,1334495,8230
1217,1334495,7870
1218,1334495,13260
1219,2015,500000
1220,1334495,12810
1221,1334495,10090
1222,2015,500000
1223,2015,500000
1224,2015,500000
1225,1334495,10810
1226,1334495,9250
1227,1334495,10720
1228,1334495,7300
1229,1334495,8140
1230,2015,500000
1231,2015,500000
1232,2015,500000
1233,1334495,6330
1234,1334495,7030
1235,2015,500000
1236,2015,500000
1237,2015,500000
1238,2015,500000
1239,1334495,7540
1240,2015,500000
1241,2015,500000
1242,2015,500000
1243,1334495,15700
1244,2015,500000
1245,1334495,12200
1246,2015,500000
1247,2015,500000
1248,2015,500000
1249,2015,500000
1250,2015,500000
1251,2015,500000
1252,2015,500000
1253,1334495,31000
1254,1334495,12510
1255,2015,500000
1256,1334495,40330
1257,2015,500000
1258,1334495,8800
1259,1334495,6490
1260,2015,500000
1261,1334495,3900
1262,2015,500000
1263,1334495,12310
1264,2015,500000
1265,2015,500000
1266,2015,500000
1267,2015,500000
1268,2015,500000
1269,2015,500000
1270,2015,500000
1271,2015,500000
1272,1334495,9160
1273,1334495,11210
1274,2015,500000
1275,1334495,7000
1276,1334495,8680
1277,1334495,5940
1278,1334495,6790
1279,1334495,7400
1280,1334495,11800
1281,1334495,9610
1282,1334495,8470
1283,2015,500000
1284,2015,500000
1285,2015,500000
1286,2015,500000
1287,1334495,12780
1288,1334495,12210
1289,2015,500000
1290,2015,500000
1291,2015,500000
1292,2015,500000
1293,2015,500000
1294,1334495,12140
1295,1334495,13320
1296,1334495,15010
1297,1334495,8100
1298,2015,500000
1299,1334495,7900
1300,2015,500000
1301,1334495,9540
1302,2015,500000
1303,1334495,10130
1304,2015,500000
1305,1334495,10360
1306,2015,500000
1307,1334495,39020
1308,1334495,8660
1309,1334495,5900
1310,1334495,10350
1311,2015,500000
1312,1334495,14630
1313,1334495,4720
1314,1334495,7520
1315,1334495,4990
1316,2015,500000
1317,2015,500000
1318,2015,500000
1319,2015,500000
1320,1334495,5670
1321,2015,500000
1322,2015,500000
1323,1334495,7070
1324,1334495,11780
1325,1334495,16350
1326,1334495,3700
1327,1334495,6380
1328,1334495,16060
1329,1334495,6760
1330,2015,500000
1331,1334495,9700
1332,1334495,9270
1333,2015,500000
1334,2015,500000
1335,1334495,8900
1336,2015,500000
1337,2015,500000
1338,2015,500000
1339,1334495,9400
1340,2015,500000
1341,1334495,85070
1342,1334495,6690
1343,1334495,8040
1344,1334495,7190
1345,1334495,3600
1346,2015,500000
1347,1334495,7140
1348,1334495,7860
1349,1334495,9930
1350,1334495,5190
1351,2015,500000
1352,2015,500000
1353,2015,500000
1354,1334495,9960
1355,2015,500000
1356,1334495,6870
1357,2015,500000
1358,2015,500000
1359,1334495,5690
1360,1334495,14270
1361,1334495,9750
1362,1334495,3900
1363,1334495,9490
1364,1334495,7500
1365,2015,500000
1366,1334495,11080
1367,1334495,12200
1368,2015,500000
1369,2015,500000
1370,1334495,9720
1371,1334495,5650
1372,1334495,8570
1373,1334495,8220
1374,2015,500000
1375,2015,500000
1376,1334495,15590
1377,2015,500000
1378,1334495,22570
1379,2015,500000
1380,2015,500000
1381,2015,500000
1382,2015,500000
1383,1334495,8200
1384,2015,500000
1385,2015,500000
1386,2015,500000
1387,1334495,6450
1388,2015,500000
1389,1334495,14930
1390,1334495,34800
1391,1334495,5730
1392,1334495,8080
1393,1334495,12970
1394,2015,500000
1395,2015,500000
1396,1334495,12440
1397,2015,500000
1398,1334495,9820
1399,2015,500000
1400,2015,500000
1401,2015,500000
1402,2015,500000
1403,2015,500000
1404,2015,500000
1405,2015,500000
1406,1334495,9280
1407,2015,500000
1408,1334495,7730
1409,1334495,8390
1410,2015,500000
1411,2015,500000
1412,2015,500000
1413,1334495,13340
1414,2015,500000
1415,1334495,8850
1416,1334495,6540
1417,2015,500000
1418,1334495,13400
1419,1334495,5000
1420,2015,500000
1421,1334495,5770
1422,1334495,8130
1423,2015,500000
1424,2015,500000
1425,2015,500000
1426,2015,500000
1427,1334495,7950
1428,2015,500000
1429,1334495,11880
1430,2015,500000
1431,2015,500000
1432,2015,500000
1433,1334495,13230
1434,1334495,13140
1435,2015,500000
1436,1334495,6620
1437,2015,500000
1438,2015,500000
1439,2015,500000
1440,2015,500000
1441,2015,500000
1442,1334495,10850
1443,2015,500000
1444,1334495,5500
1445,1334495,5790
1446,1334495,33420
1447,2015,500000
1448,1334495,9700
1449,2015,500000
1450,1334495,9210
1451,2015,500000
1452,1334495,14950
1453,1334495,7550
1454,2015,500000
1455,2015,500000
1456,2015,500000
1457,2015,500000
1458,1334495,9140
1459,2015,500000
1460,2015,500000
1461,1334495,33760
1462,1334495,6420
1463,2015,500000
1464,2015,500000
1465,1334495,6540
1466,2015,500000
1467,2015,500000
1468,1334495,6550
1469,1334495,6460
1470,1334495,6700
1471,1334495,6400
1472,2015,500000
1473,1334495,5710
1474,2015,500000
1475,1334495,8110
1476,2015,500000
1477,2015,500000
1478,1334495,12120
1479,2015,500000
1480,2015,500000
1481,1334495,7410
1482,2015,500000
1483,1334495,9000
1484,2015,500000
1485,2015,500000
1486,1334495,11340
1487,2015,500000
1488,1334495,7910
1489,2015,500000
1490,2015,500000
1491,1334495,5600
1492,1334495,11410
1493,1334495,14570
1494,1334495,4400
1495,1334495,10540
1496,2015,500000
1497,1334495,8600
1498,1334495,6610
1499,2015,500000
1500,2015,500000
1501,2015,500000
1502,1334495,16060
1503,1334495,7910
1504,1334495,14310
1505,1334495,4400
1506,1334495,13960
1507,1334495,16540
1508,2015,500000
1509,1334495,6610
1510,2015,500000
1511,2015,500000
1512,1334495,27690
1513,2015,500000
1514,2015,500000
1515,2015,500000
1516,2015,500000
1517,1334495,4400
1518,1334495,12100
1519,2015,500000
1520,2015,500000
1521,2015,500000
1522,2015,500000
1523,2015,500000
1524,1334495,9090
1525,2015,500000
1526,2015,500000
1527,2015,500000
1528,1334495,9080
1529,1334495,10370
1530,1334495,9650
1531,2015,500000
1532,2015,500000
1533,2015,500000
1534,1334495,8240
1535,1334495,8610
1536,1334495,7720
1537,1334495,6710
1538,1334495,6350
1539,1334495,7680
1540,2015,500000
1541,2015,500000
1542,2015,500000
1543,2015,500000
1544,1334495,56400
1545,1334495,6250
1546,2015,500000
1547,2015,500000
1548,2015,500000
1549,1334495,8170
1550,2015,500000
1551,1334495,6600
1552,1334495,7260
1553,2015,500000
1554,2015,500000
1555,1334495,7810
1556,1334495,8680
1557,2015,500000
1558,1334495,8030
1559,1334495,10470
1560,1334495,5950
1561,1334495,10980
1562,1334495,14420
1563,2015,500000
1564,1334495,17570
1565,2015,500000
1566,1334495,6190
1567,1334495,9780
1568,1334495,13560
1569,1334495,7380
1570,2015,500000
1571,2015,500000
1572,2015,500000
1573,2015,500000
1574,2015,500000
1575,1334495,13500
1576,2015,500000
1577,1334495,5100
1578,1334495,7000
1579,2015,500000
1580,1334495,6150
1581,1334495,14480
1582,1334495,6280
1583,2015,500000
1584,2015,500000
1585,2015,500000
1586,1334495,5830
1587,2015,500000
1588,1334495,14560
1589,2015,500000
1590,1334495,7050
1591,2015,500000
1592,2015,500000
1593,2015,500000
1594,1334495,7080
1595,1334495,5560
1596,1334495,10250
1597,2015,500000
1598,2015,500000
1599,1334495,5310
1600,2015,500000
1601,1334495,8560
1602,1334495,38340
1603,1334495,10800
1604,2015,500000
1605,1334495,9140
1606,1334495,57100
1607,1334495,5810
1608,1334495,4620
1609,1334495,3510
1610,1334495,6550
1611,1334495,115210
1612,2015,500000
1613,1334495,6770
1614,1334495,6960
1615,2015,500000
1616,1334495,8110
1617,1334495,11910
1618,2015,500000
1619,1334495,12370
1620,2015,500000
1621,1334495,10950
1622,1334495,6380
1623,2015,500000
1624,2015,500000
1625,2015,500000
1626,1334495,9250
1627,2015,500000
1628,2015,500000
1629,2015,500000
1630,1334495,8440
1631,2015,500000
1632,2015,500000
1633,2015,500000
1634,2015,500000
1635,2015,500000
1636,1334495,5200
1637,2015,500000
1638,2015,500000
1639,2015,500000
1640,2015,500000
1641,1334495,16020
1642,2015,500000
1643,1334495,23200
1644,2015,500000
1645,2015,500000
1646,2015,500000
1647,1334495,12410
1648,2015,500000
1649,1334495,7400
1650,2015,500000
1651,2015,500000
1652,1334495,7380
1653,2015,500000
1654,1334495,4700
1655,2015,500000
1656,1334495,10180
1657,2015,500000
1658,1334495,6180
1659,2015,500000
1660,2015,500000
1661,1334495,7030
1662,2015,500000
1663,2015,500000
1664,2015,500000
1665,2015,500000
1666,1334495,8530
1667,1334495,22420
1668,1334495,3900
1669,2015,500000
1670,1334495,4200
1671,1334495,9850
1672,1334495,59340
1673,1334495,14810
1674,2015,500000
1675,2015,500000
1676,2015,500000
1677,1334495,8540
1678,2015,500000
1679,1334495,5980
1680,1334495,11780
1681,2015,500000
1682,2015,500000
1683,2015,500000
1684,2015,500000
1685,2015,500000
1686,2015,500000
1687,2015,500000
1688,1334495,10220
1689,1334495,8280
1690,2015,500000
1691,1334495,38330
1692,1334495,31800
1693,1334495,8300
1694,2015,500000
1695,1334495,6270
1696,2015,500000
1697,1334495,5420
1698,1334495,4100
1699,2015,500000
1700,1334495,7180
1701,1334495,7350
1702,2015,500000
1703,2015,500000
1704,2015,500000
1705,2015,500000
1706,1334495,5500
1707,2015,500000
1708,2015,500000
1709,1334495,12160
1710,1334495,6610
1711,1334495,6300
1712,1334495,8680
1713,1334495,7400
1714,1334495,7170
1715,1334495,7800
1716,1334495,6850
1717,2015,500000
1718,1334495,7830
1719,1334495,10650
1720,1334495,9500
1721,1334495,8690
1722,2015,500000
1723,2015,500000
1724,1334495,4900
1725,1334495,5990
1726,2015,500000
1727,1334495,9780
1728,2015,500000
1729,1334495,10260
1730,2015,500000
1731,1334495,9260
1732,2015,500000
1733,1334495,8400
1734,1334495,15750
1735,2015,500000
1736,2015,500000
1737,2015,500000
1738,2015,500000
1739,2015,500000
1740,2015,500000
1741,1334495,4700
1742,2015,500000
1743,1334495,9750
1744,2015,500000
1745,1334495,8610
1746,1334495,5540
1747,1334495,11890
1748,1334495,8830
1749,1334495,7880
1750,1334495,6300
1751,2015,500000
1752,1334495,10500
1753,2015,500000
1754,1334495,4720
1755,2015,500000
1756,1334495,35220
1757,2015,500000
1758,1334495,9090
1759,2015,500000
1760,1334495,8020
1761,1334495,5720
1762,2015,500000
1763,1334495,15210
1764,2015,500000
1765,1334495,5820
1766,2015,500000
1767,2015,500000
1768,2015,500000
1769,2015,500000
1770,1334495,11010
1771,1334495,7570
1772,2015,500000
1773,1334495,14960
1774,2015,500000
1775,1334495,10270
1776,1334495,9430
1777,1334495,4920
1778,1334495,6870
1779,1334495,7170
1780,2015,500000
1781,1334495,7500
1782,1334495,7070
1783,1334495,9140
1784,1334495,9430
1785,2015,500000
1786,2015,500000
1787,2015,500000
1788,2015,500000
1789,2015,500000
1790,2015,500000
1791,2015,500000
1792,2015,500000
1793,2015,500000
1794,2015,500000
1795,1334495,17180
1796,1334495,6920
1797,2015,500000
1798,2015,500000
1799,2015,500000
1800,2015,500000
1801,1334495,13630
1802,1334495,6660
1803,2015,500000
1804,1334495,8300
1805,1334495,11530
1806,1334495,8230
1807,1334495,4700
1808,2015,500000
1809,2015,500000
1810,1334495,8690
1811,2015,500000
1812,2015,500000
1813,2015,500000
1814,1334495,9410
1815,1334495,7420
1816,1334495,10040
1817,1334495,8470
1818,1334495,8210
1819,1334495,6490
1820,2015,500000
1821,2015,500000
1822,2015,500000
1823,2015,500000
1824,2015,500000
1825,1334495,7090
1826,1334495,8940
1827,1334495,12910
1828,2015,500000
1829,1334495,6670
1830,2015,500000
1831,1334495,15320
1832,2015,500000
1833,2015,500000
1834,2015,500000
1835,1334495,10370
1836,2015,500000
1837,2015,500000
1838,1334495,8360
1839,1334495,14710
1840,2015,500000
1841,2015,500000
1842,1334495,11640
1843,2015,500000
1844,2015,500000
1845,2015,500000
1846,2015,500000
1847,2015,500000
1848,1334495,9980
1849,1334495,6490
1850,2015,500000
1851,2015,500000
1852,2015,500000
1853,1334495,8560
1854,2015,500000
1855,2015,500000
1856,2015,500000
1857,1334495,7840
1858,2015,500000
1859,2015,500000
1860,2015,500000
1861,1334495,7410
1862,1334495,8040
1863,2015,500000
1864,1334495,21540
1865,1334495,4600
1866,2015,500000
1867,2015,500000
1868,2015,500000
1869,2015,500000
1870,2015,500000
1871,1334495,13430
1872,2015,500000
1873,2015,500000
1874,1334495,5600
1875,2015,500000
1876,2015,500000
1877,2015,500000
1878,2015,500000
1879,2015,500000
1880,1334495,9820
1881,2015,500000
1882,2015,500000
1883,2015,500000
1884,1334495,9360
1885,2015,500000
1886,1334495,12510
1887,2015,500000
1888,1334495,7090
1889,2015,500000
1890,1334495,8800
1891,1334495,8800
1892,2015,500000
1893,2015,500000
1894,2015,500000
1895,2015,500000
1896,2015,500000
1897,1334495,9400
1898,2015,500000
1899,2015,500000
1900,1334495,10200
1901,1334495,10670
1902,1334495,57010
1903,1334495,108080
1904,2015,500000
1905,1334495,8990
1906,2015,500000
1907,1334495,6600
1908,2015,500000
1909,1334495,10800
1910,1334495,8360
1911,2015,500000
1912,1334495,7900
1913,1334495,11750
1914,2015,500000
1915,2015,500000
1916,1334495,8410
1917,2015,500000
1918,1334495,17470
1919,1334495,13710
1920,2015,500000
1921,2015,500000
1922,2015,500000
1923,2015,500000
1924,1334495,13970
1925,1334495,13630
1926,1334495,8040
1927,1334495,5300
1928,2015,500000
1929,2015,500000
1930,2015,500000
1931,2015,500000
1932,2015,500000
1933,1334495,12180
1934,1334495,8080
1935,1334495,31270
1936,2015,500000
1937,2015,500000
1938,2015,500000
1939,1334495,4400
1940,2015,500000
1941,2015,500000
1942,2015,500000
1943,1334495,5800
1944,2015,500000
1945,2015,500000
1946,2015,500000
1947,1334495,11640
1948,1334495,6780
1949,2015,500000
1950,1334495,7050
1951,2015,500000
1952,2015,500000
1953,1334495,10570
1954,1334495,9010
1955,1334495,7630
1956,2015,500000
1957,1334495,16750
1958,1334495,7700
1959,1334495,7150
1960,2015,500000
1961,2015,500000
1962,2015,500000
1963,1334495,7090
1964,2015,500000
1965,2015,500000
1966,2015,500000
1967,2015,500000
1968,1334495,6200
1969,2015,500000
1970,2015,500000
1971,2015,500000
1972,2015,500000
1973,2015,500000
1974,1334495,11420
1975,1334495,5340
1976,2015,500000
1977,1334495,10180
1978,2015,500000
1979,1334495,82090
1980,2015,500000
1981,1334495,7990
1982,1334495,10410
1983,1334495,20300
1984,2015,500000
1985,1334495,6110
1986,1334495,5520
1987,1334495,6430
1988,1334495,13400
1989,1334495,15890
1990,1334495,7070
1991,2015,500000
1992,2015,500000
1993,2015,500000
1994,2015,500000
1995,2015,500000
1996,2015,500000
1997,2015,500000
1998,2015,500000
1999,2015,500000
2000,2015,500000
2001,2015,500000
2002,1334495,31770
2003,1334495,9780
2004,1334495,6090
2005,1334495,12270
2006,2015,500000
2007,2015,500000
2008,1334495,7430
2009,1334495,10190
2010,1334495,5470
2011,2015,500000
2012,2015,500000
2013,1334495,8930
2014,1334495,7700
2015,1334495,6640
2016,1334495,8770
2017,2015,500000
2018,1334495,5930
2019,1334495,7860
2020,2015,500000
2021,1334495,9580
2022,2015,500000
2023,2015,500000
2024,1334495,16260
2025,2015,500000
2026,1334495,7950
2027,1334495,8390
2028,1334495,9310
2029,1334495,5000
2030,2015,500000
2031,1334495,32130
2032,2015,500000
2033,2015,500000
2034,1334495,6010
2035,2015,500000
2036,1334495,8830
2037,2015,500000
2038,2015,500000
2039,1334495,22410
2040,2015,500000
2041,2015,500000
2042,1334495,6570
2043,1334495,18290
2044,1334495,7650
2045,2015,500000
2046,2015,500000
2047,1334495,7690
2048,1334495,7170
2049,2015,500000
2050,1334495,18230
2051,2015,500000
2052,2015,500000
2053,1334495,29780
2054,1334495,11700
2055,2015,500000
2056,1334495,7780
2057,2015,500000
2058,2015,500000
2059,2015,500000
2060,2015,500000
2061,2015,500000
2062,2015,500000
2063,2015,500000
2064,2015,500000
2065,2015,500000
2066,2015,500000
2067,2015,500000
2068,2015,500000
2069,2015,500000
2070,2015,500000
2071,1334495,5380
2072,2015,500000
2073,1334495,7890
2074,1334495,6410
2075,1334495,7630
2076,1334495,3400
2077,1334495,8680
2078,2015,500000
2079,2015,500000
2080,2015,500000
2081,2015,500000
2082,2015,500000
2083,2015,500000
2084,2015,500000
2085,2015,500000
2086,1334495,4500
2087,2015,500000
2088,1334495,8580
2089,2015,500000
2090,1334495,9550
2091,1334495,7400
2092,2015,500000
2093,1334495,3700
2094,2015,500000
2095,1334495,7200
2096,1334495,14700
2097,2015,500000
2098,2015,500000
2099,1334495,7270
2100,1334495,9300
2101,2015,500000
2102,2015,500000
2103,2015,500000
2104,2015,500000
2105,2015,500000
2106,2015,500000
2107,2015,500000
2108,1334495,8430
2109,2015,500000
2110,2015,500000
2111,2015,500000
2112,2015,500000
2113,2015,500000
2114,2015,500000
2115,2015,500000
2116,1334495,6610
2117,2015,500000
2118,2015,500000
2119,2015,500000
2120,2015,500000
2121,1334495,6480
2122,2015,500000
2123,2015,500000
2124,2015,500000
2125,2015,500000
2126,2015,500000
2127,2015,500000
2128,1334495,9610
2129,2015,500000
2130,2015,500000
2131,1334495,5300
2132,2015,500000
2133,2015,500000
2134,2015,500000
2135,1334495,4000
2136,1334495,6800
2137,2015,500000
2138,1334495,6190
2139,1334495,5300
2140,1334495,9320
2141,2015,500000
2142,1334495,10850
2143,2015,500000
2144,1334495,6000
2145,2015,500000
2146,1334495,6940
2147,1334495,12450
2148,1334495,33230
2149,2015,500000
2150,2015,500000
2151,2015,500000
2152,1334495,4200
2153,2015,500000
2154,1334495,4300
2155,2015,500000
2156,1334495,7540
2157,2015,500000
2158,1334495,10100
2159,2015,500000
2160,1334495,8140
2161,1334495,4300
2162,2015,500000
2163,2015,500000
2164,2015,500000
2165,2015,500000
2166,1334495,9170
2167,2015,500000
2168,1334495,9730
2169,1334495,9440
2170,1334495,4900
2171,1334495,6620
2172,1334495,7480
2173,1334495,6700
2174,2015,500000
2175,1334495,11560
2176,1334495,6300
2177,1334495,9280
2178,1334495,9360
2179,1334495,14280
2180,1334495,10120
2181,1334495,7760
2182,2015,500000
2183,2015,500000
2184,2015,500000
2185,2015,500000
2186,2015,500000
2187,1334495,9650
2188,2015,500000
2189,2015,500000
2190,2015,500000
2191,2015,500000
2192,2015,500000
2193,2015,500000
2194,1334495,10070
2195,1334495,11730
2196,2015,500000
2197,1334495,9510
2198,1334495,10070
2199,2015,500000
2200,2015,500000
2201,2015,500000
2202,1334495,10250
2203,1334495,8510
2204,2015,500000
2205,2015,500000
2206,2015,500000
2207,1334495,7940
2208,1334495,7300
2209,1334495,6850
2210,2015,500000
2211,2015,500000
2212,2015,500000
2213,2015,500000
2214,1334495,4000
2215,1334495,6920
2216,2015,500000
2217,2015,500000
2218,1334495,8200
2219,2015,500000
2220,2015,500000
2221,1334495,8810
2222,1334495,13400
2223,1334495,7890
2224,2015,500000
2225,1334495,6910
2226,1334495,35520
2227,2015,500000
2228,2015,500000
2229,1334495,22900
2230,2015,500000
2231,2015,500000
2232,2015,500000
2233,1334495,9150
2234,2015,500000
2235,1334495,6800
2236,2015,500000
2237,1334495,14530
2238,2015,500000
2239,2015,500000
2240,1334495,16020
2241,2015,500000
2242,2015,500000
2243,2015,500000
2244,1334495,8710
2245,2015,500000
2246,2015,500000
2247,1334495,7630
2248,2015,500000
2249,1334495,6100
2250,2015,500000
2251,2015,500000
2252,2015,500000
2253,2015,500000
2254,1334495,9350
2255,2015,500000
2256,1334495,6000
2257,2015,500000
2258,2015,500000
2259,2015,500000
2260,1334495,7780
2261,1334495,7200
2262,2015,500000
2263,2015,500000
2264,2015,500000
2265,1334495,8480
2266,2015,500000
2267,2015,500000
2268,2015,500000
2269,1334495,8200
2270,2015,500000
2271,1334495,15200
2272,1334495,7960
2273,2015,500000
2274,1334495,9370
2275,2015,500000
2276,1334495,8610
2277,1334495,12750
2278,2015,500000
2279,2015,500000
2280,2015,500000
2281,1334495,5740
2282,2015,500000
2283,2015,500000
2284,2015,500000
2285,2015,500000
2286,2015,500000
2287,2015,500000
2288,2015,500000
2289,2015,500000
2290,1334495,10020
2291,2015,500000
2292,2015,500000
2293,1334495,6400
2294,2015,500000
2295,1334495,12910
2296,2015,500000
2297,1334495,8360
2298,1334495,6100
2299,2015,500000
2300,2015,500000
2301,1334495,13900
2302,2015,500000
2303,2015,500000
2304,2015,500000
2305,1334495,5690
2306,1334495,6010
2307,2015,500000
2308,1334495,7600
2309,1334495,7680
2310,2015,500000
2311,2015,500000
2312,1334495,10040
2313,1334495,7160
2314,2015,500000
2315,2015,500000
2316,2015,500000
2317,2015,500000
2318,2015,500000
2319,2015,500000
2320,2015,500000
2321,1334495,6220
2322,2015,500000
2323,2015,500000
2324,2015,500000
2325,2015,500000
2326,1334495,7660
2327,1334495,12600
2328,2015,500000
2329,2015,500000
2330,2015,500000
2331,2015,500000
2332,1334495,7710
2333,1334495,7450
2334,2015,500000
2335,2015,500000
2336,2015,500000
2337,2015,500000
2338,1334495,9970
2339,1334495,7260
2340,2015,500000
2341,1334495,9850
2342,2015,500000
2343,2015,500000
2344,1334495,5770
2345,2015,500000
2346,2015,500000
2347,2015,500000
2348,2015,500000
2349,2015,500000
2350,1334495,16380
2351,1334495,6800
2352,1334495,10900
2353,1334495,11520
2354,2015,500000
2355,2015,500000
2356,1334495,10870
2357,2015,500000
2358,1334495,5720
2359,2015,500000
2360,2015,500000
2361,1334495,11750
2362,1334495,10530
2363,2015,500000
2364,1334495,7200
2365,2015,500000
2366,1334495,15130
2367,2015,500000
2368,1334495,9870
2369,1334495,12270
2370,2015,500000
2371,2015,500000
2372,2015,500000
2373,1334495,7570
2374,1334495,13990
2375,1334495,10710
2376,2015,500000
2377,2015,500000
2378,2015,500000
2379,1334495,33930
2380,2015,500000
2381,2015,500000
2382,1334495,4000
2383,1334495,13340
2384,1334495,4650
2385,2015,500000
2386,2015,500000
2387,1334495,11000
2388,1334495,7280
2389,2015,500000
2390,2015,500000
2391,1334495,6840
2392,2015,500000
2393,2015,500000
2394,2015,500000
2395,1334495,64310
2396,2015,500000
2397,1334495,3710
2398,2015,500000
2399,2015,500000
2400,1334495,9690
2401,1334495,14420
2402,1334495,7540
2403,1334495,8660
2404,1334495,7260
2405,1334495,11950
2406,2015,500000
2407,1334495,6620
2408,1334495,8820
2409,1334495,14730
2410,1334495,12550
2411,2015,500000
2412,2015,500000
2413,2015,500000
2414,2015,500000
2415,2015,500000
2416,2015,500000
2417,2015,500000
2418,1334495,11260
2419,2015,500000
2420,2015,500000
2421,2015,500000
2422,2015,500000
2423,1334495,12670
2424,1334495,12770
2425,2015,500000
2426,2015,500000
2427,1334495,7790
2428,1334495,5510
2429,1334495,7300
2430,1334495,10430
2431,2015,500000
2432,2015,500000
2433,1334495,8600
2434,1334495,6100
2435,1334495,6940
2436,1334495,5850
2437,2015,500000
2438,1334495,7270
2439,2015,500000
2440,2015,500000
2441,2015,500000
2442,2015,500000
2443,1334495,16020
2444,1334495,11540
2445,1334495,10900
2446,1334495,5050
2447,1334495,15430
2448,2015,500000
2449,2015,500000
2450,2015,500000
2451,2015,500000
2452,2015,500000
2453,2015,500000
2454,1334495,4100
2455,1334495,7890
2456,1334495,13350
2457,2015,500000
2458,2015,500000
2459,1334495,6450
2460,2015,500000
2461,1334495,7720
2462,2015,500000
2463,1334495,6980
2464,2015,500000
2465,2015,500000
2466,2015,500000
2467,2015,500000
2468,2015,500000
2469,1334495,11470
2470,1334495,6710
2471,1334495,7090
2472,2015,500000
2473,2015,500000
2474,1334495,6740
2475,2015,500000
2476,2015,500000
2477,1334495,28230
2478,1334495,5600
2479,2015,500000
2480,1334495,6300
2481,2015,500000
2482,2015,500000
2483,1334495,4800
2484,1334495,9270
2485,1334495,4900
2486,2015,500000
2487,2015,500000
2488,1334495,12660
2489,2015,500000
2490,1334495,4780
2491,2015,500000
2492,1334495,6660
2493,2015,500000
2494,1334495,6850
2495,1334495,10270
2496,1334495,5330
2497,1334495,4000
2498,2015,500000
2499,1334495,14010
2500,2015,500000
2501,2015,500000
2502,2015,500000
2503,2015,500000
2504,1334495,8930
2505,2015,500000
2506,1334495,5270
2507,2015,500000
2508,1334495,6950
2509,1334495,5470
2510,1334495,9270
2511,1334495,9640
2512,1334495,9460
2513,1334495,11910
2514,2015,500000
2515,1334495,17070
2516,2015,500000
2517,1334495,5100
2518,1334495,7960
2519,2015,500000
2520,1334495,12400
2521,2015,500000
2522,1334495,6430
2523,1334495,10460
2524,1334495,7770
2525,1334495,13310
2526,2015,500000
2527,1334495,8000
2528,1334495,8500
2529,2015,500000
2530,1334495,7900
2531,1334495,5960
2532,1334495,15770
2533,1334495,13700
2534,1334495,31720
2535,1334495,6040
2536,2015,500000
2537,2015,500000
2538,1334495,5370
2539,2015,500000
2540,1334495,11780
2541,1334495,8660
2542,1334495,9990
2543,2015,500000
2544,1334495,13440
2545,2015,500000
2546,2015,500000
2547,2015,500000
2548,1334495,35020
2549,2015,500000
2550,2015,500000
2551,1334495,14350
2552,2015,500000
2553,1334495,5960
2554,2015,500000
2555,1334495,6870
2556,1334495,3000
2557,2015,500000
2558,2015,500000
2559,1334495,10290
2560,2015,500000
2561,2015,500000
2562,2015,500000
2563,1334495,8270
2564,1334495,6560
2565,1334495,6040
2566,2015,500000
2567,2015,500000
2568,2015,500000
2569,1334495,8410
2570,1334495,15200
2571,1334495,7010
2572,1334495,6230
2573,2015,500000
2574,1334495,6960
2575,1334495,5160
2576,1334495,6140
2577,1334495,4940
2578,1334495,5380
2579,2015,500000
2580,1334495,7900
2581,2015,500000
2582,2015,500000
2583,2015,500000
2584,2015,500000
2585,2015,500000
2586,2015,500000
2587,1334495,7800
2588,2015,500000
2589,1334495,6590
2590,2015,500000
2591,2015,500000
2592,2015,500000
2593,1334495,5400
2594,1334495,9730
2595,2015,500000
2596,2015,500000
2597,2015,500000
2598,2015,500000
2599,1334495,14260
2600,2015,500000
2601,1334495,14090
2602,2015,500000
2603,1334495,6210
2604,2015,500000
2605,2015,500000
2606,1334495,7230
2607,2015,500000
2608,2015,500000
2609,2015,500000
2610,2015,500000
2611,1334495,20830
2612,1334495,10690
2613,2015,500000
2614,1334495,6830
2615,1334495,7650
2616,1334495,8360
2617,2015,500000
2618,1334495,4390
2619,1334495,12430
2620,1334495,7910
2621,1334495,5590
2622,2015,500000
2623,1334495,17100
2624,2015,500000
2625,1334495,16930
2626,2015,500000
2627,2015,500000
2628,1334495,6630
2629,1334495,9390
2630,1334495,3200
2631,1334495,12270
2632,2015,500000
2633,1334495,7830
2634,2015,500000
2635,1334495,7790
2636,1334495,9510
2637,2015,500000
2638,2015,500000
2639,2015,500000
2640,2015,500000
2641,2015,500000
2642,2015,500000
2643,2015,500000
2644,1334495,11560
2645,2015,500000
2646,1334495,12370
2647,1334495,7190
2648,1334495,9310
2649,2015,500000
2650,1334495,8850
2651,1334495,6810
2652,1334495,7280
2653,2015,500000
2654,1334495,19240
2655,2015,500000
2656,2015,500000
2657,2015,500000
2658,1334495,10260
2659,2015,500000
2660,1334495,8550
2661,2015,500000
2662,1334495,6560
2663,1334495,10400
2664,1334495,32970
2665,2015,500000
2666,1334495,8480
2667,1334495,18900
2668,2015,500000
2669,2015,500000
2670,2015,500000
2671,2015,500000
2672,1334495,12100
2673,2015,500000
2674,2015,500000
2675,2015,500000
2676,2015,500000
2677,2015,500000
2678,2015,500000
2679,2015,500000
2680,2015,500000
2681,2015,500000
2682,1334495,7330
2683,1334495,15330
2684,2015,500000
2685,2015,500000
2686,2015,500000
2687,2015,500000
2688,2015,500000
2689,1334495,58060
2690,1334495,8200
2691,2015,500000
2692,2015,500000
2693,2015,500000
2694,1334495,9350
2695,2015,500000
2696,1334495,11060
2697,1334495,8800
2698,2015,500000
2699,2015,500000
2700,1334495,9240
2701,1334495,7500
2702,2015,500000
2703,2015,500000
2704,2015,500000
2705,2015,500000
2706,2015,500000
2707,1334495,9660
2708,1334495,6100
2709,1334495,11220
2710,2015,500000
2711,2015,500000
2712,2015,500000
2713,1334495,6150
2714,1334495,29100
2715,1334495,7480
2716,1334495,6070
2717,2015,500000
2718,1334495,11480
2719,1334495,8650
2720,2015,500000
2721,2015,500000
2722,2015,500000
2723,2015,500000
2724,1334495,4560
2725,1334495,33540
2726,1334495,14820
2727,2015,500000
2728,1334495,7340
2729,2015,500000
2730,2015,500000
2731,1334495,6110
2732,2015,500000
2733,2015,500000
2734,2015,500000
2735,1334495,6070
2736,1334495,19150
2737,1334495,9150
2738,2015,500000
2739,1334495,8780
2740,1334495,6920
2741,2015,500000
2742,1334495,4300
2743,1334495,7740
2744,1334495,7780
2745,2015,500000
2746,1334495,7280
2747,2015,500000
2748,2015,500000
2749,2015,500000
2750,1334495,7710
2751,1334495,13560
2752,1334495,7790
2753,1334495,16520
2754,1334495,8880
2755,1334495,9090
2756,1334495,5720
2757,1334495,8650
2758,1334495,10050
2759,2015,500000
2760,2015,500000
2761,1334495,11640
2762,2015,500000
2763,1334495,5330
2764,1334495,12320
2765,1334495,7360
2766,2015,500000
2767,1334495,5200
2768,1334495,4800
2769,2015,500000
2770,2015,500000
2771,2015,500000
2772,1334495,5700
2773,2015,500000
2774,2015,500000
2775,2015,500000
2776,2015,500000
2777,2015,500000
2778,2015,500000
2779,2015,500000
2780,1334495,12540
2781,2015,500000
2782,2015,500000
2783,2015,500000
2784,2015,500000
2785,2015,500000
2786,2015,500000
2787,1334495,4000
2788,1334495,7890
2789,2015,500000
2790,2015,500000
2791,1334495,7960
2792,2015,500000
2793,1334495,13040
2794,1334495,6010
2795,2015,500000
2796,2015,500000
2797,2015,500000
2798,1334495,10050
2799,2015,500000
2800,2015,500000
2801,1334495,5740
2802,2015,500000
2803,2015,500000
2804,2015,500000
2805,2015,500000
2806,1334495,7610
2807,2015,500000
2808,1334495,7690
2809,2015,500000
2810,2015,500000
2811,2015,500000
2812,2015,500000
2813,2015,500000
2814,1334495,20900
2815,1334495,8520
2816,2015,500000
2817,2015,500000
2818,2015,500000
2819,2015,500000
2820,2015,500000
2821,1334495,7800
2822,2015,500000
2823,1334495,11800
2824,2015,500000
2825,2015,500000
2826,1334495,34100
2827,1334495,7380
2828,2015,500000
2829,2015,500000
2830,2015,500000
2831,1334495,9430
2832,1334495,11200
2833,1334495,6110
2834,1334495,6400
2835,2015,500000
2836,2015,500000
2837,2015,500000
2838,2015,500000
2839,2015,500000
2840,2015,500000
2841,2015,500000
2842,2015,500000
2843,2015,500000
2844,2015,500000
2845,1334495,6640
2846,1334495,7970
2847,2015,500000
2848,2015,500000
2849,2015,500000
2850,1334495,9230
2851,1334495,10410
2852,1334495,8780
2853,2015,500000
2854,2015,500000
2855,2015,500000
2856,1334495,14080
2857,1334495,8290
2858,1334495,13240
2859,2015,500000
2860,1334495,8480
2861,1334495,28270
2862,2015,500000
2863,1334495,10490
2864,2015,500000
2865,2015,500000
2866,2015,500000
2867,1334495,8630
2868,1334495,13060
2869,2015,500000
2870,1334495,15110
2871,2015,500000
2872,1334495,9750
2873,2015,500000
2874,2015,500000
2875,1334495,7600
2876,1334495,9580
2877,1334495,4960
2878,1334495,10990
2879,1334495,9190
2880,1334495,8830
2881,1334495,15560
2882,2015,500000
2883,2015,500000
2884,2015,500000
2885,1334495,8960
2886,2015,500000
2887,2015,500000
2888,2015,500000
2889,2015,500000
2890,1334495,14030
2891,2015,500000
2892,2015,500000
2893,2015,500000
2894,1334495,7010
2895,1334495,14740
2896,2015,500000
2897,1334495,10060
2898,2015,500000
2899,1334495,7800
2900,2015,500000
2901,2015,500000
2902,1334495,8480
2903,2015,500000
2904,2015,500000
2905,2015,500000
2906,2015,500000
2907,1334495,3800
2908,2015,500000
2909,1334495,7530
2910,2015,500000
2911,1334495,10870
2912,2015,500000
2913,2015,500000
2914,1334495,6790
2915,1334495,3900
2916,2015,500000
2917,2015,500000
2918,1334495,6570
2919,2015,500000
2920,2015,500000
2921,1334495,8140
2922,1334495,5400
2923,1334495,3900
2924,2015,500000
2925,2015,500000
2926,1334495,8630
2927,2015,500000
2928,1334495,6820
2929,2015,500000
2930,1334495,5100
2931,1334495,4820
2932,2015,500000
2933,2015,500000
2934,2015,500000
2935,2015,500000
2936,2015,500000
2937,1334495,6120
2938,1334495,16020
2939,1334495,5200
2940,1334495,7950
2941,1334495,8030
2942,2015,500000
2943,1334495,7940
2944,1334495,6520
2945,2015,500000
2946,1334495,9880
2947,1334495,5670
2948,2015,500000
2949,2015,500000
2950,2015,500000
2951,2015,500000
2952,2015,500000
2953,1334495,5000
2954,1334495,4800
2955,1334495,6600
2956,1334495,6830
2957,1334495,11870
2958,2015,500000
2959,2015,500000
2960,1334495,6380
2961,2015,500000
2962,1334495,9300
2963,2015,500000
2964,1334495,9280
2965,2015,500000
2966,2015,500000
2967,2015,500000
2968,2015,500000
2969,1334495,7090
2970,2015,500000
2971,2015,500000
2972,1334495,3700
2973,1334495,15200
2974,2015,500000
2975,1334495,7270
2976,2015,500000
2977,2015,500000
2978,2015,500000
2979,2015,500000
2980,2015,500000
2981,1334495,4900
2982,2015,500000
2983,1334495,6430
2984,1334495,8260
2985,1334495,7960
2986,1334495,10150
2987,2015,500000
2988,1334495,7590
2989,2015,500000
2990,2015,500000
2991,2015,500000
2992,1334495,24010
2993,1334495,7190
2994,1334495,10110
2995,1334495,10960
2996,1334495,7230
2997,1334495,7920
2998,1334495,9750
2999,1334495,5160
3000,2015,500000
3001,2015,500000
3002,1334495,9860
3003,2015,500000
3004,2015,500000
3005,1334495,5660
3006,1334495,7850
3007,1334495,8770
3008,2015,500000
3009,1334495,8640
3010,1334495,8460
3011,2015,500000
3012,2015,500000
3013,2015,500000
3014,1334495,8360
3015,2015,500000
3016,2015,500000
3017,2015,500000
3018,2015,500000
3019,2015,500000
3020,1334495,4800
3021,1334495,4200
3022,1334495,8330
3023,1334495,3300
3024,2015,500000
3025,2015,500000
3026,2015,500000
3027,2015,500000
3028,2015,500000
3029,1334495,6840
3030,1334495,16960
3031,1334495,32440
3032,1334495,6130
3033,2015,500000
3034,2015,500000
3035,2015,500000
3036,1334495,6260
3037,1334495,8420
3038,2015,500000
3039,2015,500000
3040,1334495,5700
3041,1334495,7080
3042,2015,500000
3043,1334495,5340
3044,2015,500000
3045,2015,500000
3046,2015,500000
3047,1334495,7640
3048,2015,500000
3049,2015,500000
3050,2015,500000
3051,2015,500000
3052,2015,500000
3053,1334495,5600
3054,1334495,9760
3055,2015,500000
3056,1334495,4030
3057,2015,500000
3058,2015,500000
3059,2015,500000
3060,2015,500000
3061,1334495,5690
3062,2015,500000
3063,2015,500000
3064,2015,500000
3065,2015,500000
3066,1334495,3900
3067,2015,500000
3068,1334495,6940
3069,1334495,7540
3070,1334495,13590
3071,1334495,6330
3072,1334495,6330
3073,2015,500000
3074,2015,500000
3075,2015,500000
3076,1334495,8190
3077,1334495,7140
3078,2015,500000
3079,1334495,8260
3080,1334495,8330
3081,1334495,3300
3082,2015,500000
3083,1334495,7300
3084,2015,500000
3085,2015,500000
3086,1334495,10400
3087,1334495,14390
3088,2015,500000
3089,2015,500000
3090,2015,500000
3091,2015,500000
3092,2015,500000
3093,1334495,10610
3094,2015,500000
3095,2015,500000
3096,2015,500000
3097,2015,500000
3098,2015,500000
3099,1334495,8900
3100,1334495,15490
3101,1334495,6970
3102,2015,500000
3103,2015,500000
3104,2015,500000
3105,1334495,9810
3106,2015,500000
3107,1334495,11490
3108,2015,500000
3109,1334495,10400
3110,1334495,7210
3111,1334495,12380
3112,2015,500000
3113,1334495,8440
3114,2015,500000
3115,1334495,7050
3116,2015,500000
3117,2015,500000
3118,2015,500000
3119,2015,500000
3120,1334495,9460
3121,2015,500000
3122,2015,500000
3123,1334495,7270
3124,2015,500000
3125,1334495,15970
3126,1334495,5930
3127,1334495,8230
3128,1334495,6940
3129,2015,500000
3130,2015,500000
3131,1334495,14350
3132,1334495,7680
3133,2015,500000
3134,1334495,13300
3135,2015,500000
3136,1334495,13130
3137,2015,500000
3138,2015,500000
3139,2015,500000
3140,1334495,8200
3141,2015,500000
3142,2015,500000
3143,2015,500000
3144,2015,500000
3145,1334495,14790
3146,2015,500000
3147,1334495,14710
3148,2015,500000
3149,2015,500000
3150,1334495,10890
3151,1334495,5040
3152,2015,500000
3153,2015,500000
3154,2015,500000
3155,2015,500000
3156,1334495,6460
3157,1334495,7750
3158,2015,500000
3159,2015,500000
3160,2015,500000
3161,2015,500000
3162,2015,500000
3163,2015,500000
3164,2015,500000
3165,2015,500000
3166,2015,500000
3167,1334495,6510
3168,2015,500000
3169,1334495,7360
3170,2015,500000
3171,2015,500000
3172,1334495,10180
3173,2015,500000
3174,2015,500000
3175,2015,500000
3176,1334495,11440
3177,2015,500000
3178,2015,500000
3179,2015,500000
3180,2015,500000
3181,1334495,7300
3182,2015,500000
3183,2015,500000
3184,1334495,6300
3185,2015,500000
3186,2015,500000
3187,1334495,6720
3188,2015,500000
3189,2015,500000
3190,1334495,16060
3191,1334495,9700
3192,2015,500000
3193,1334495,11540
3194,2015,500000
3195,2015,500000
3196,2015,500000
3197,1334495,4400
3198,1334495,3100
3199,1334495,9280
3200,1334495,6820
3201,2015,500000
3202,1334495,6300
3203,1334495,35860
3204,2015,500000
3205,1334495,8230
3206,2015,500000
3207,1334495,10230
3208,2015,500000
3209,1334495,6190
3210,1334495,8580
3211,1334495,4700
3212,2015,500000
3213,2015,500000
3214,2015,500000
3215,2015,500000
3216,1334495,7090
3217,2015,500000
3218,2015,500000
3219,2015,500000
3220,1334495,9700
3221,2015,500000
3222,2015,500000
3223,2015,500000
3224,2015,500000
3225,2015,500000
3226,1334495,5930
3227,1334495,12500
3228,2015,500000
3229,2015,500000
3230,2015,500000
3231,1334495,12090
3232,2015,500000
3233,1334495,6730
3234,2015,500000
3235,2015,500000
3236,2015,500000
3237,1334495,6530
3238,2015,500000
3239,2015,500000
3240,2015,500000
3241,1334495,6480
3242,2015,500000
3243,1334495,7420
3244,2015,500000
3245,1334495,11260
3246,2015,500000
3247,2015,500000
3248,1334495,30080
3249,2015,500000
3250,1334495,6690
3251,1334495,9570
3252,1334495,8190
3253,1334495,7870
3254,1334495,5790
3255,1334495,9510
3256,2015,500000
3257,2015,500000
3258,2015,500000
3259,1334495,2900
3260,2015,500000
3261,2015,500000
3262,1334495,16170
3263,2015,500000
3264,1334495,9450
3265,2015,500000
3266,2015,500000
3267,2015,500000
3268,2015,500000
3269,2015,500000
3270,1334495,12570
3271,2015,500000
3272,1334495,5900
3273,2015,500000
3274,1334495,8370
3275,1334495,7900
3276,2015,500000
3277,1334495,5200
3278,2015,500000
3279,1334495,12600
3280,2015,500000
3281,2015,500000
3282,1334495,14270
3283,1334495,22790
3284,2015,500000
3285,1334495,4500
3286,1334495,5210
3287,1334495,5290
3288,2015,500000
3289,2015,500000
3290,1334495,9660
3291,1334495,6350
3292,1334495,7310
3293,2015,500000
3294,2015,500000
3295,2015,500000
3296,2015,500000
3297,2015,500000
3298,2015,500000
3299,1334495,7750
3300,2015,500000
3301,1334495,7840
3302,2015,500000
3303,2015,500000
3304,1334495,7810
3305,2015,500000
3306,2015,500000
3307,1334495,7830
3308,2015,500000
3309,2015,500000
3310,1334495,8520
3311,2015,500000
3312,2015,500000
3313,2015,500000
3314,1334495,35480
3315,1334495,10410
3316,1334495,9700
3317,1334495,10950
3318,2015,500000
3319,2015,500000
3320,2015,500000
3321,1334495,7350
3322,2015,500000
3323,1334495,12200
3324,2015,500000
3325,2015,500000
3326,1334495,8490
3327,1334495,12460
3328,2015,500000
3329,1334495,8020
3330,1334495,7120
3331,1334495,9100
3332,2015,500000
3333,1334495,13990
3334,1334495,6650
3335,2015,500000
3336,1334495,8160
3337,2015,500000
3338,2015,500000
3339,2015,500000
3340,2015,500000
3341,2015,500000
3342,2015,500000
3343,2015,500000
3344,1334495,8900
3345,2015,500000
3346,2015,500000
3347,2015,500000
3348,2015,500000
3349,1334495,6780
3350,2015,500000
3351,2015,500000
3352,1334495,9860
3353,1334495,25530
3354,2015,500000
3355,1334495,14280
3356,2015,500000
3357,2015,500000
3358,2015,500000
3359,2015,500000
3360,2015,500000
3361,2015,500000
3362,1334495,6220
3363,1334495,7460
3364,1334495,12430
3365,2015,500000
3366,1334495,9250
3367,1334495,12000
3368,2015,500000
3369,2015,500000
3370,2015,500000
3371,2015,500000
3372,1334495,8480
3373,1334495,8790
3374,1334495,6940
3375,2015,500000
3376,2015,500000
3377,2015,500000
3378,2015,500000
3379,2015,500000
3380,1334495,9500
3381,2015,500000
3382,1334495,11780
3383,1334495,9430
3384,1334495,6030
3385,1334495,9530
3386,2015,500000
3387,2015,500000
3388,1334495,7220
3389,1334495,10670
3390,2015,500000
3391,1334495,7420
3392,1334495,21120
3393,1334495,6600
3394,2015,500000
3395,2015,500000
3396,2015,500000
3397,2015,500000
3398,1334495,9070
3399,2015,500000
3400,2015,500000
3401,1334495,5210
3402,1334495,10810
3403,1334495,11300
3404,1334495,7800
3405,2015,500000
3406,2015,500000
3407,2015,500000
3408,2015,500000
3409,2015,500000
3410,1334495,10330
3411,2015,500000
3412,2015,500000
3413,2015,500000
3414,2015,500000
3415,1334495,8580
3416,2015,500000
3417,2015,500000
3418,2015,500000
3419,2015,500000
3420,2015,500000
3421,2015,500000
3422,1334495,8070
3423,2015,500000
3424,2015,500000
3425,1334495,7910
3426,1334495,32960
3427,2015,500000
3428,2015,500000
3429,2015,500000
3430,1334495,13120
3431,1334495,5200
3432,1334495,14530
3433,2015,500000
3434,2015,500000
3435,1334495,9390
3436,2015,500000
3437,1334495,17300
3438,2015,500000
3439,1334495,10430
3440,2015,500000
3441,1334495,3810
3442,2015,500000
3443,2015,500000
3444,2015,500000
3445,2015,500000
3446,2015,500000
3447,2015,500000
3448,2015,500000
3449,2015,500000
3450,1334495,6010
3451,2015,500000
3452,1334495,20250
3453,1334495,8700
3454,1334495,10600
3455,2015,500000
3456,1334495,7020
3457,2015,500000
3458,1334495,10190
3459,2015,500000
3460,2015,500000
3461,2015,500000
3462,1334495,6410
3463,2015,500000
3464,2015,500000
3465,2015,500000
3466,1334495,9040
3467,2015,500000
3468,1334495,9720
3469,1334495,22680
3470,1334495,18670
3471,2015,500000
3472,2015,500000
3473,2015,500000
3474,2015,500000
3475,2015,500000
3476,1334495,8260
3477,1334495,5500
3478,1334495,8340
3479,2015,500000
3480,2015,500000
3481,2015,500000
3482,1334495,7870
3483,1334495,24400
3484,2015,500000
3485,2015,500000
3486,1334495,12030
3487,1334495,6940
3488,2015,500000
3489,2015,500000
3490,2015,500000
3491,1334495,6000
3492,2015,500000
3493,1334495,9090
3494,1334495,11940
3495,2015,500000
3496,2015,500000
3497,2015,500000
3498,2015,500000
3499,2015,500000
3500,1334495,5650
3501,2015,500000
3502,2015,500000
3503,2015,500000
3504,2015,500000
3505,2015,500000
3506,1334495,15010
3507,1334495,7540
3508,2015,500000
3509,2015,500000
3510,2015,500000
3511,1334495,5590
3512,1334495,3400
3513,2015,500000
3514,1334495,11720
3515,2015,500000
3516,2015,500000
3517,2015,500000
3518,2015,500000
3519,1334495,8100
3520,1334495,4800
3521,1334495,9400
3522,2015,500000
3523,1334495,5320
3524,2015,500000
3525,1334495,7200
3526,2015,500000
3527,2015,500000
3528,2015,500000
3529,2015,500000
3530,2015,500000
3531,1334495,10590
3532,2015,500000
3533,1334495,14500
3534,2015,500000
3535,1334495,9970
3536,1334495,6500
3537,2015,500000
3538,2015,500000
3539,2015,500000
3540,2015,500000
3541,2015,500000
3542,2015,500000
3543,1334495,8880
3544,2015,500000
3545,2015,500000
3546,2015,500000
3547,2015,500000
3548,1334495,14600
3549,1334495,18360
3550,2015,500000
3551,2015,500000
3552,2015,500000
3553,2015,500000
3554,2015,500000
3555,1334495,9600
3556,1334495,31820
3557,2015,500000
3558,1334495,7890
3559,1334495,18200
3560,2015,500000
3561,2015,500000
3562,1334495,4310
3563,1334495,13540
3564,2015,500000
3565,2015,500000
3566,1334495,11950
3567,1334495,15070
3568,1334495,7420
3569,1334495,12330
3570,2015,500000
3571,2015,500000
3572,2015,500000
3573,1334495,6940
3574,1334495,11390
3575,2015,500000
3576,1334495,5300
3577,2015,500000
3578,1334495,9750
3579,1334495,29820
3580,1334495,10740
3581,1334495,9140
3582,2015,500000
3583,2015,500000
3584,2015,500000
3585,1334495,6310
3586,2015,500000
3587,1334495,7550
3588,2015,500000
3589,2015,500000
3590,2015,500000
3591,2015,500000
3592,2015,500000
3593,2015,500000
3594,1334495,10480
3595,2015,500000
3596,1334495,30790
3597,1334495,6100
3598,2015,500000
3599,2015,500000
3600,2015,500000
3601,2015,500000
3602,2015,500000
3603,2015,500000
3604,2015,500000
3605,2015,500000
3606,1334495,7610
3607,1334495,7830
3608,2015,500000
3609,2015,500000
3610,1334495,9360
3611,2015,500000
3612,2015,500000
3613,2015,500000
3614,2015,500000
3615,2015,500000
3616,1334495,7300
3617,2015,500000
3618,2015,500000
3619,2015,500000
3620,1334495,6190
3621,2015,500000
3622,2015,500000
3623,1334495,15310
3624,1334495,9000
3625,2015,500000
3626,2015,500000
3627,2015,500000
3628,2015,500000
3629,2015,500000
3630,1334495,3500
3631,1334495,7940
3632,2015,500000
3633,2015,500000
3634,1334495,6300
3635,1334495,35360
3636,2015,500000
3637,2015,500000
3638,1334495,11750
3639,2015,500000
3640,1334495,13900
3641,2015,500000
3642,1334495,10210
3643,1334495,9090
3644,1334495,10660
3645,1334495,14700
3646,1334495,9480
3647,2015,500000
3648,2015,500000
3649,1334495,9300
3650,2015,500000
3651,2015,500000
3652,2015,500000
3653,2015,500000
3654,2015,500000
3655,2015,500000
3656,2015,500000
3657,1334495,8010
3658,2015,500000
3659,1334495,11000
3660,2015,500000
3661,2015,500000
3662,1334495,13480
3663,2015,500000
3664,1334495,13400
3665,2015,500000
3666,1334495,6770
3667,1334495,6570
3668,2015,500000
3669,2015,500000
3670,1334495,32010
3671,2015,500000
3672,2015,500000
3673,1334495,6770
3674,1334495,8600
3675,1334495,4200
3676,2015,500000
3677,2015,500000
3678,1334495,6130
3679,1334495,7140
3680,1334495,13230
3681,2015,500000
3682,1334495,7780
3683,1334495,4300
3684,1334495,11440
3685,1334495,32150
3686,1334495,41160
3687,1334495,7030
3688,2015,500000
3689,1334495,9510
3690,2015,500000
3691,2015,500000
3692,2015,500000
3693,1334495,4100
3694,1334495,10010
3695,2015,500000
3696,1334495,12150
3697,2015,500000
3698,1334495,8020
3699,1334495,9700
3700,1334495,6910
3701,1334495,7700
3702,2015,500000
3703,2015,500000
3704,2015,500000
3705,2015,500000
3706,2015,500000
3707,2015,500000
3708,2015,500000
3709,2015,500000
3710,2015,500000
3711,1334495,13440
3712,1334495,10570
3713,2015,500000
3714,2015,500000
3715,2015,500000
3716,1334495,6150
3717,1334495,10720
3718,1334495,11650
3719,1334495,6970
3720,1334495,8700
3721,2015,500000
3722,2015,500000
3723,1334495,10650
3724,1334495,7200
3725,1334495,7860
3726,2015,500000
3727,2015,500000
3728,2015,500000
3729,1334495,11500
3730,1334495,12130
3731,2015,500000
3732,2015,500000
3733,1334495,6320
3734,1334495,6270
3735,2015,500000
3736,1334495,6460
3737,1334495,12600
3738,2015,500000
3739,1334495,18160
3740,1334495,8630
3741,2015,500000
3742,2015,500000
3743,2015,500000
3744,1334495,7500
3745,1334495,9470
3746,1334495,8940
3747,1334495,6050
3748,1334495,5600
3749,1334495,82830
3750,1334495,8190
3751,1334495,9940
3752,1334495,5000
3753,2015,500000
3754,2015,500000
3755,1334495,7580
3756,1334495,14180
3757,2015,500000
3758,2015,500000
3759,1334495,13200
3760,1334495,8650
3761,1334495,7580
3762,1334495,5010
3763,1334495,8140
3764,1334495,7450
3765,1334495,10720
3766,1334495,19650
3767,2015,500000
3768,2015,500000
3769,2015,500000
3770,2015,500000
3771,1334495,8420
3772,1334495,8100
3773,2015,500000
3774,2015,500000
3775,1334495,8990
3776,1334495,6970
3777,2015,500000
3778,1334495,3800
3779,2015,500000
3780,1334495,6700
3781,2015,500000
3782,2015,500000
3783,1334495,4100
3784,2015,500000
3785,1334495,7100
3786,2015,500000
3787,2015,500000
3788,2015,500000
3789,1334495,6800
3790,2015,500000
3791,1334495,18160
3792,2015,500000
3793,1334495,6590
3794,2015,500000
3795,2015,500000
3796,1334495,8580
3797,1334495,10060
3798,2015,500000
3799,1334495,7040
3800,1334495,33290
3801,1334495,6640
3802,1334495,5930
3803,2015,500000
3804,1334495,9600
3805,2015,500000
3806,2015,500000
3807,2015,500000
3808,2015,500000
3809,1334495,40700
3810,2015,500000
3811,2015,500000
3812,1334495,21050
3813,2015,500000
3814,1334495,7250
3815,1334495,11680
3816,1334495,8200
3817,1334495,7770
3818,1334495,5000
3819,2015,500000
3820,1334495,9400
3821,2015,500000
3822,1334495,7480
3823,2015,500000
3824,1334495,7100
3825,2015,500000
3826,2015,500000
3827,2015,500000
3828,1334495,6860
3829,2015,500000
3830,1334495,9520
3831,1334495,4100
3832,1334495,7730
3833,1334495,7340
3834,2015,500000
3835,1334495,7800
3836,1334495,10000
3837,2015,500000
3838,1334495,6110
3839,2015,500000
3840,1334495,11790
3841,1334495,6180
3842,2015,500000
3843,1334495,8700
3844,2015,500000
3845,2015,500000
3846,1334495,5330
3847,2015,500000
3848,1334495,9630
3849,2015,500000
3850,2015,500000
3851,2015,500000
3852,1334495,4600
3853,1334495,11490
3854,2015,500000
3855,2015,500000
3856,1334495,7200
3857,2015,500000
3858,1334495,10490
3859,1334495,9380
3860,1334495,8040
3861,2015,500000
3862,2015,500000
3863,2015,500000
3864,2015,500000
3865,2015,500000
3866,2015,500000
3867,1334495,9760
3868,1334495,14360
3869,2015,500000
3870,2015,500000
3871,2015,500000
3872,1334495,6500
3873,1334495,15590
3874,1334495,7160
3875,2015,500000
3876,2015,500000
3877,2015,500000
3878,2015,500000
3879,1334495,10790
3880,2015,500000
3881,2015,500000
3882,1334495,6440
3883,2015,500000
3884,2015,500000
3885,2015,500000
3886,2015,500000
3887,1334495,7990
3888,1334495,7190
3889,2015,500000
3890,2015,500000
3891,2015,500000
3892,2015,500000
3893,1334495,6520
3894,1334495,11720
3895,1334495,17710
3896,1334495,9400
3897,1334495,13620
3898,1334495,6540
3899,1334495,9880
3900,1334495,30860
3901,1334495,6400
3902,2015,500000
3903,1334495,5120
3904,1334495,6170
3905,2015,500000
3906,2015,500000
3907,2015,500000
3908,1334495,7330
3909,1334495,8040
3910,2015,500000
3911,2015,500000
3912,2015,500000
3913,1334495,4800
3914,1334495,5210
3915,1334495,10040
3916,1334495,11740
3917,2015,500000
3918,2015,500000
3919,2015,500000
3920,1334495,7670
3921,2015,500000
3922,1334495,12100
3923,1334495,16060
3924,1334495,12570
3925,2015,500000
3926,2015,500000
3927,1334495,8010
3928,2015,500000
3929,2015,500000
3930,2015,500000
3931,1334495,14790
3932,1334495,14950
3933,1334495,8750
3934,2015,500000
3935,1334495,10240
3936,2015,500000
3937,2015,500000
3938,1334495,10900
3939,1334495,10410
3940,2015,500000
3941,2015,500000
3942,1334495,7490
3943,1334495,14500
3944,2015,500000
3945,1334495,11950
3946,2015,500000
3947,2015,500000
3948,1334495,11900
3949,2015,500000
3950,1334495,9370
3951,2015,500000
3952,2015,500000
3953,1334495,10000
3954,1334495,6840
3955,1334495,13350
3956,1334495,9660
3957,1334495,3900
3958,1334495,15860
3959,1334495,29710
3960,1334495,7540
3961,2015,500000
3962,2015,500000
3963,2015,500000
3964,1334495,10000
3965,2015,500000
3966,2015,500000
3967,2015,500000
3968,2015,500000
3969,1334495,9580
3970,1334495,16690
3971,2015,500000
3972,2015,500000
3973,2015,500000
3974,2015,500000
3975,1334495,12270
3976,2015,500000
3977,1334495,6720
3978,1334495,7870
3979,1334495,19660
3980,2015,500000
3981,1334495,7440
3982,2015,500000
3983,2015,500000
3984,1334495,6330
3985,2015,500000
3986,2015,500000
3987,2015,500000
3988,1334495,7170
3989,1334495,5720
3990,2015,500000
3991,2015,500000
3992,1334495,6170
3993,1334495,8510
3994,1334495,8890
3995,1334495,10320
3996,2015,500000
3997,1334495,7810
3998,2015,500000
3999,1334495,6710
4000,1334495,10620
4001,2015,500000
4002,2015,500000
4003,1334495,14610
4004,2015,500000
4005,1334495,5150
4006,1334495,7000
4007,1334495,7630
4008,2015,500000
4009,1334495,8510
4010,2015,500000
4011,2015,500000
4012,2015,500000
4013,1334495,9060
4014,2015,500000
4015,2015,500000
4016,2015,500000
4017,2015,500000
4018,1334495,10460
4019,2015,500000
4020,1334495,7150
4021,2015,500000
4022,2015,500000
4023,2015,500000
4024,2015,500000
4025,2015,500000
4026,2015,500000
4027,2015,500000
4028,2015,500000
4029,2015,500000
4030,1334495,8140
4031,2015,500000
4032,2015,500000
4033,2015,500000
4034,2015,500000
4035,1334495,8210
4036,2015,500000
4037,2015,500000
4038,2015,500000
4039,1334495,7580
4040,1334495,7590
4041,1334495,10400
4042,2015,500000
4043,1334495,11760
4044,1334495,14010
4045,2015,500000
4046,1334495,12320
4047,2015,500000
4048,2015,500000
4049,1334495,16170
4050,1334495,5460
4051,2015,500000
4052,1334495,11100
4053,2015,500000
4054,2015,500000
4055,1334495,10730
4056,2015,500000
4057,1334495,16690
4058,2015,500000
4059,2015,500000
4060,2015,500000
4061,1334495,7020
4062,2015,500000
4063,1334495,36900
4064,1334495,22290
4065,2015,500000
4066,1334495,7820
4067,1334495,8020
4068,2015,500000
4069,1334495,7020
4070,1334495,8210
4071,2015,500000
4072,1334495,7190
4073,2015,500000
4074,1334495,4900
4075,2015,500000
4076,2015,500000
4077,2015,500000
4078,1334495,16000
4079,1334495,6660
4080,2015,500000
4081,1334495,57460
4082,2015,500000
4083,1334495,10510
4084,2015,500000
4085,2015,500000
4086,1334495,4580
4087,2015,500000
4088,2015,500000
4089,2015,500000
4090,1334495,7030
4091,2015,500000
4092,2015,500000
4093,1334495,7790
4094,2015,500000
4095,2015,500000
4096,2015,500000
4097,1334495,10680
4098,1334495,9670
4099,2015,500000
4100,1334495,7080
4101,2015,500000
4102,2015,500000
4103,2015,500000
4104,2015,500000
4105,1334495,6400
4106,1334495,10580
4107,2015,500000
4108,2015,500000
4109,1334495,6100
4110,2015,500000
4111,2015,500000
4112,1334495,12000
4113,1334495,8200
4114,2015,500000
4115,2015,500000
4116,2015,500000
4117,1334495,5420
4118,1334495,10240
4119,1334495,3400
4120,2015,500000
4121,2015,500000
4122,1334495,25720
4123,2015,500000
4124,1334495,6400
4125,2015,500000
4126,2015,500000
4127,2015,500000
4128,1334495,13620
4129,2015,500000
4130,2015,500000
4131,1334495,10850
4132,2015,500000
4133,2015,500000
4134,2015,500000
4135,2015,500000
4136,2015,500000
4137,2015,500000
4138,1334495,6690
4139,1334495,12290
4140,2015,500000
4141,2015,500000
4142,1334495,8210
4143,2015,500000
4144,2015,500000
4145,2015,500000
4146,1334495,4200
4147,1334495,10280
4148,2015,500000
4149,1334495,8300
4150,2015,500000
4151,2015,500000
4152,1334495,5000
4153,2015,500000
4154,1334495,4500
4155,1334495,7270
4156,1334495,9310
4157,1334495,10700
4158,2015,500000
4159,2015,500000
4160,2015,500000
4161,1334495,13680
4162,1334495,7100
4163,1334495,9450
4164,2015,500000
4165,2015,500000
4166,1334495,10120
4167,1334495,6900
4168,2015,500000
4169,1334495,6010
4170,2015,500000
4171,2015,500000
4172,2015,500000
4173,1334495,3600
4174,1334495,8220
4175,2015,500000
4176,2015,500000
4177,2015,500000
4178,2015,500000
4179,2015,500000
4180,2015,500000
4181,2015,500000
4182,1334495,7230
4183,1334495,6060
4184,1334495,11580
4185,2015,500000
4186,1334495,13100
4187,1334495,5170
4188,2015,500000
4189,2015,500000
4190,2015,500000
4191,1334495,6690
4192,1334495,10020
4193,2015,500000
4194,2015,500000
4195,1334495,6420
4196,2015,500000
4197,1334495,8670
4198,2015,500000
4199,1334495,31830
4200,2015,500000
4201,1334495,9150
4202,1334495,6950
4203,2015,500000
4204,2015,500000
4205,1334495,7070
4206,2015,500000
4207,1334495,9460
4208,1334495,81630
4209,2015,500000
4210,2015,500000
4211,1334495,7520
4212,1334495,11940
4213,2015,500000
4214,2015,500000
4215,2015,500000
4216,2015,500000
4217,2015,500000
4218,1334495,4800
4219,1334495,7420
4220,1334495,7170
4221,2015,500000
4222,2015,500000
4223,1334495,7170
4224,2015,500000
4225,1334495,17120
4226,2015,500000
4227,2015,500000
4228,2015,500000
4229,1334495,12610
4230,2015,500000
4231,2015,500000
4232,1334495,11590
4233,1334495,9930
4234,2015,500000
4235,2015,500000
4236,1334495,9030
4237,1334495,6720
4238,2015,500000
4239,2015,500000
4240,1334495,6780
4241,2015,500000
4242,2015,500000
4243,1334495,8030
4244,1334495,8810
4245,1334495,8180
4246,1334495,7400
4247,2015,500000
4248,2015,500000
4249,1334495,13550
4250,2015,500000
4251,2015,500000
4252,1334495,32930
4253,1334495,16150
4254,2015,500000
4255,2015,500000
4256,2015,500000
4257,1334495,8610
4258,1334495,10440
4259,2015,500000
4260,2015,500000
4261,1334495,5680
4262,2015,500000
4263,2015,500000
4264,2015,500000
4265,1334495,8900
4266,1334495,9130
4267,2015,500000
4268,2015,500000
4269,2015,500000
4270,2015,500000
4271,1334495,8810
4272,1334495,6190
4273,1334495,13700
4274,2015,500000
4275,1334495,5190
4276,2015,500000
4277,1334495,7060
4278,1334495,4400
4279,2015,500000
4280,1334495,9880
4281,2015,500000
4282,2015,500000
4283,2015,500000
4284,1334495,5700
4285,2015,500000
4286,1334495,12130
4287,2015,500000
4288,2015,500000
4289,2015,500000
4290,1334495,11370
4291,1334495,5910
4292,1334495,6200
4293,2015,500000
4294,1334495,7320
4295,1334495,7380
4296,2015,500000
4297,2015,500000
4298,2015,500000
4299,2015,500000
4300,1334495,3800
4301,2015,500000
4302,2015,500000
4303,2015,500000
4304,1334495,8200
4305,2015,500000
4306,1334495,83330
4307,2015,500000
4308,1334495,7770
4309,1334495,8340
4310,2015,500000
4311,2015,500000
4312,2015,500000
4313,2015,500000
4314,2015,500000
4315,2015,500000
4316,2015,500000
4317,2015,500000
4318,2015,500000
4319,1334495,10140
4320,2015,500000
4321,1334495,5800
4322,1334495,9940
4323,2015,500000
4324,1334495,7830
4325,2015,500000
4326,2015,500000
4327,2015,500000
4328,1334495,6830
4329,2015,500000
4330,2015,500000
4331,2015,500000
4332,2015,500000
4333,2015,500000
4334,1334495,7490
4335,1334495,7860
4336,2015,500000
4337,2015,500000
4338,1334495,10210
4339,1334495,9890
4340,2015,500000
4341,2015,500000
4342,1334495,7910
4343,2015,500000
4344,1334495,6900
4345,2015,500000
4346,1334495,6790
4347,2015,500000
4348,2015,500000
4349,2015,500000
4350,1334495,7500
4351,2015,500000
4352,2015,500000
4353,1334495,22360
4354,1334495,9100
4355,2015,500000
4356,1334495,7790
4357,1334495,10030
4358,2015,500000
4359,1334495,5240
4360,1334495,5560
4361,1334494,6790
4362,1334494,8900
4363,1334494,6890
4364,1334494,9460
4365,1334494,4830
4366,1334494,10210
4367,1334494,8020
4368,2015,500000
4369,1334494,3800
4370,1334494,4000
4371,2015,500000
4372,2015,500000
4373,2015,500000
4374,2015,500000
4375,1334494,8380
4376,2015,500000
4377,1334494,7300
4378,2015,500000
4379,1334494,30860
4380,2015,500000
4381,1334494,7370
4382,2015,500000
4383,1334494,7620
4384,2015,500000
4385,2015,500000
4386,1334494,9120
4387,2015,500000
4388,2015,500000
4389,2015,500000
4390,2015,500000
4391,2015,500000
4392,1334494,6070
4393,2015,500000
4394,2015,500000
4395,2015,500000
4396,1334494,11940
4397,1334494,6550
4398,1334494,8850
4399,2015,500000
4400,2015,500000
4401,2015,500000
4402,1334494,6400
4403,1334494,6640
4404,2015,500000
4405,1334494,9360
4406,1334494,8970
4407,2015,500000
4408,2015,500000
4409,2015,500000
4410,2015,500000
4411,2015,500000
4412,1334494,8260
4413,2015,500000
4414,1334494,8990
4415,1334494,6900
4416,2015,500000
4417,1334494,22610
4418,1334494,11220
4419,1334494,8640
4420,2015,500000
4421,2015,500000
4422,1334494,6680
4423,2015,500000
4424,2015,500000
4425,1334494,32300
4426,2015,500000
4427,2015,500000
4428,1334494,14580
4429,2015,500000
4430,2015,500000
4431,2015,500000
4432,1334494,4300
4433,2015,500000
4434,1334494,5700
4435,2015,500000
4436,2015,500000
4437,2015,500000
4438,2015,500000
4439,2015,500000
4440,2015,500000
4441,1334494,7600
4442,2015,500000
4443,1334494,3800
4444,1334494,5420
4445,1334494,7580
4446,2015,500000
4447,2015,500000
4448,2015,500000
4449,1334494,8660
4450,2015,500000
4451,2015,500000
4452,2015,500000
4453,2015,500000
4454,2015,500000
4455,2015,500000
4456,1334494,7600
4457,2015,500000
4458,1334494,7130
4459,1334494,10060
4460,1334494,7390
4461,2015,500000
4462,2015,500000
4463,1334494,6400
4464,1334494,8070
4465,2015,500000
4466,2015,500000
4467,1334494,5000
4468,2015,500000
4469,1334494,8140
4470,2015,500000
4471,2015,500000
4472,2015,500000
4473,2015,500000
4474,2015,500000
4475,1334494,20200
4476,1334494,9120
4477,2015,500000
4478,2015,500000
4479,1334494,6970
4480,1334494,7880
4481,2015,500000
4482,1334494,13700
4483,2015,500000
4484,2015,500000
4485,1334494,7340
4486,2015,500000
4487,1334494,10080
4488,1334494,8660
4489,2015,500000
4490,2015,500000
4491,2015,500000
4492,2015,500000
4493,2015,500000
4494,2015,500000
4495,2015,500000
4496,2015,500000
4497,1334494,11740
4498,1334494,6880
4499,2015,500000
4500,1334494,13210
4501,1334494,9560
4502,1334494,5740
4503,1334494,20180
4504,2015,500000
4505,2015,500000
4506,1334494,20640
4507,1334494,9880
4508,2015,500000
4509,1334494,33490
4510,1334494,7350
4511,1334494,7490
4512,1334494,7610
4513,1334494,9700
4514,2015,500000
4515,2015,500000
4516,1334494,9700
4517,1334494,13820
4518,2015,500000
4519,1334494,5650
4520,1334494,15300
4521,2015,500000
4522,1334494,7870
4523,1334494,12960
4524,2015,500000
4525,1334494,10900
4526,2015,500000
4527,1334494,8550
4528,1334494,6310
4529,2015,500000
4530,1334494,8740
4531,1334494,8180
4532,1334494,6830
4533,2015,500000
4534,1334494,8260
4535,1334494,81530
4536,1334494,19120
4537,2015,500000
4538,1334494,2800
4539,2015,500000
4540,2015,500000
4541,2015,500000
4542,2015,500000
4543,1334494,6820
4544,2015,500000
4545,1334494,5650
4546,2015,500000
4547,2015,500000
4548,1334494,8410
4549,1334494,4300
4550,2015,500000
4551,2015,500000
4552,1334494,7620
4553,2015,500000
4554,1334494,6730
4555,2015,500000
4556,2015,500000
4557,2015,500000
4558,2015,500000
4559,2015,500000
4560,1334494,6630
4561,1334494,8170
4562,1334494,15270
4563,2015,500000
4564,2015,500000
4565,1334494,17080
4566,2015,500000
4567,1334494,8730
4568,2015,500000
4569,1334494,32350
4570,1334494,7010
4571,2015,500000
4572,1334494,13190
4573,1334494,7060
4574,2015,500000
4575,2015,500000
4576,1334494,7500
4577,1334494,9680
4578,2015,500000
4579,2015,500000
4580,2015,500000
4581,2015,500000
4582,1334494,23780
4583,1334494,58390
4584,1334494,10780
4585,2015,500000
4586,2015,500000
4587,1334494,7020
4588,1334494,21290
4589,2015,500000
4590,1334494,5970
4591,1334494,8040
4592,1334494,10020
4593,2015,500000
4594,1334494,14800
4595,2015,500000
4596,2015,500000
4597,2015,500000
4598,2015,500000
4599,1334494,5780
4600,2015,500000
4601,2015,500000
4602,1334494,33200
4603,1334494,3800
4604,2015,500000
4605,2015,500000
4606,2015,500000
4607,2015,500000
4608,2015,500000
4609,1334494,5590
4610,1334494,7290
4611,2015,500000
4612,1334494,5850
4613,2015,500000
4614,2015,500000
4615,1334494,9040
4616,2015,500000
4617,2015,500000
4618,2015,500000
4619,2015,500000
4620,1334494,8140
4621,2015,500000
4622,1334494,6860
4623,1334494,6250
4624,1334494,33450
4625,1334494,6910
4626,2015,500000
4627,2015,500000
4628,2015,500000
4629,2015,500000
4630,2015,500000
4631,2015,500000
4632,2015,500000
4633,2015,500000
4634,2015,500000
4635,1334494,17960
4636,2015,500000
4637,1334494,9600
4638,1334494,7570
4639,2015,500000
4640,2015,500000
4641,1334494,5740
4642,2015,500000
4643,2015,500000
4644,1334494,10280
4645,2015,500000
4646,2015,500000
4647,1334494,5500
4648,2015,500000
4649,1334494,6460
4650,1334494,19270
4651,2015,500000
4652,1334494,7980
4653,2015,500000
4654,1334494,7390
4655,2015,500000
4656,2015,500000
4657,1334494,9340
4658,2015,500000
4659,2015,500000
4660,1334494,4400
4661,1334494,5290
4662,2015,500000
4663,2015,500000
4664,1334494,4700
4665,1334494,7460
4666,1334494,9370
4667,1334494,6260
4668,1334494,16350
4669,2015,500000
4670,1334494,5920
4671,1334494,6360
4672,2015,500000
4673,1334494,8200
4674,1334494,9640
4675,1334494,33430
4676,1334494,9560
4677,1334494,5450
4678,2015,500000
4679,1334494,7350
4680,2015,500000
4681,2015,500000
4682,2015,500000
4683,2015,500000
4684,1334494,6050
4685,1334494,6770
4686,1334494,6960
4687,2015,500000
4688,2015,500000
4689,2015,500000
4690,1334494,3600
4691,2015,500000
4692,1334494,7290
4693,1334494,12410
4694,1334494,9240
4695,2015,500000
4696,2015,500000
4697,2015,500000
4698,1334494,8620
4699,2015,500000
4700,2015,500000
4701,2015,500000
4702,1334494,7160
4703,2015,500000
4704,1334494,17200
4705,1334494,6710
4706,2015,500000
4707,2015,500000
4708,1334494,6800
4709,2015,500000
4710,2015,500000
4711,2015,500000
4712,1334494,3600
4713,2015,500000
4714,2015,500000
4715,1334494,5500
4716,2015,500000
4717,2015,500000
4718,2015,500000
4719,2015,500000
4720,2015,500000
4721,1334494,8670
4722,2015,500000
4723,1334494,6790
4724,2015,500000
4725,2015,500000
4726,1334494,6400
4727,1334494,15070
4728,2015,500000
4729,2015,500000
4730,1334494,7440
4731,2015,500000
4732,2015,500000
4733,1334494,9430
4734,1334494,6900
4735,2015,500000
4736,1334494,8710
4737,2015,500000
4738,1334494,5970
4739,2015,500000
4740,1334494,6680
4741,1334494,80400
4742,1334494,5600
4743,2015,500000
4744,2015,500000
4745,2015,500000
4746,2015,500000
4747,2015,500000
4748,2015,500000
4749,1334494,6670
4750,1334494,6650
4751,1334494,14770
4752,2015,500000
4753,1334494,13440
4754,1334494,5400
4755,1334494,8630
4756,1334494,8430
4757,2015,500000
4758,1334494,11760
4759,1334494,13640
4760,1334494,9410
4761,1334494,8220
4762,1334494,7170
4763,2015,500000
4764,2015,500000
4765,2015,500000
4766,1334494,11930
4767,2015,500000
4768,2015,500000
4769,1334494,15890
4770,2015,500000
4771,1334494,8370
4772,2015,500000
4773,2015,500000
4774,2015,500000
4775,2015,500000
4776,1334494,7090
4777,2015,500000
4778,2015,500000
4779,1334494,7760
4780,2015,500000
4781,2015,500000
4782,2015,500000
4783,2015,500000
4784,2015,500000
4785,1334494,13260
4786,2015,500000
4787,2015,500000
4788,2015,500000
4789,1334494,7570
4790,2015,500000
4791,2015,500000
4792,1334494,8000
4793,2015,500000
4794,1334494,8400
4795,1334494,7980
4796,1334494,5990
4797,2015,500000
4798,2015,500000
4799,2015,500000
4800,1334494,3600
4801,1334494,7320
4802,2015,500000
4803,2015,500000
4804,2015,500000
4805,2015,500000
4806,1334494,5100
4807,2015,500000
4808,2015,500000
4809,2015,500000
4810,2015,500000
4811,1334494,7880
4812,1334494,6200
4813,2015,500000
4814,1334494,5380
4815,1334494,3800
4816,1334494,11940
4817,1334494,8900
4818,1334494,7800
4819,2015,500000
4820,1334494,8780
4821,2015,500000
4822,2015,500000
4823,2015,500000
4824,1334494,8400
4825,2015,500000
4826,1334494,15700
4827,1334494,11730
4828,1334494,10420
4829,2015,500000
4830,2015,500000
4831,1334494,5980
4832,2015,500000
4833,1334494,8190
4834,1334494,11930
4835,1334494,7230
4836,2015,500000
4837,1334494,9040
4838,2015,500000
4839,2015,500000
4840,1334494,10580
4841,2015,500000
4842,2015,500000
4843,2015,500000
4844,1334494,4400
4845,1334494,21020
4846,2015,500000
4847,2015,500000
4848,2015,500000
4849,2015,500000
4850,2015,500000
4851,1334494,10300
4852,2015,500000
4853,1334494,33900
4854,2015,500000
4855,2015,500000
4856,1334494,8320
4857,2015,500000
4858,1334494,9010
4859,1334494,6940
4860,1334494,6670
4861,1334494,6800
4862,2015,500000
4863,2015,500000
4864,2015,500000
4865,2015,500000
4866,1334494,4400
4867,1334494,8950
4868,2015,500000
4869,1334494,6580
4870,2015,500000
4871,1334494,10320
4872,1334494,33990
4873,2015,500000
4874,2015,500000
4875,2015,500000
4876,1334494,8960
4877,2015,500000
4878,1334494,10900
4879,1334494,10550
4880,1334494,9430
4881,2015,500000
4882,2015,500000
4883,2015,500000
4884,2015,500000
4885,2015,500000
4886,2015,500000
4887,2015,500000
4888,2015,500000
4889,1334494,8350
4890,2015,500000
4891,2015,500000
4892,2015,500000
4893,1334494,16740
4894,2015,500000
4895,2015,500000
4896,2015,500000
4897,1334494,6090
4898,1334494,18010
4899,1334494,7420
4900,1334494,83290
4901,2015,500000
4902,1334494,27120
4903,2015,500000
4904,1334494,7400
4905,1334494,7810
4906,1334494,10000
4907,1334494,6500
4908,2015,500000
4909,2015,500000
4910,2015,500000
4911,1334494,29300
4912,1334494,6060
4913,1334494,7000
4914,2015,500000
4915,1334494,7460
4916,2015,500000
4917,2015,500000
4918,2015,500000
4919,2015,500000
4920,2015,500000
4921,2015,500000
4922,1334494,5680
4923,2015,500000
4924,1334494,9460
4925,2015,500000
4926,1334494,13550
4927,2015,500000
4928,1334494,14270
4929,2015,500000
4930,2015,500000
4931,2015,500000
4932,1334494,33220
4933,2015,500000
4934,1334494,7070
4935,1334494,7320
4936,1334494,7460
4937,1334494,11870
4938,2015,500000
4939,2015,500000
4940,2015,500000
4941,1334494,8160
4942,2015,500000
4943,2015,500000
4944,1334494,6720
4945,2015,500000
4946,2015,500000
4947,2015,500000
4948,2015,500000
4949,1334494,7610
4950,1334494,7300
4951,2015,500000
4952,2015,500000
4953,1334494,8760
4954,1334494,9640
4955,2015,500000
4956,2015,500000
4957,1334494,13460
4958,2015,500000
4959,2015,500000
4960,2015,500000
4961,2015,500000
4962,2015,500000
4963,2015,500000
4964,2015,500000
4965,2015,500000
4966,1334494,9250
4967,2015,500000
4968,1334494,6880
4969,1334494,32840
4970,2015,500000
4971,1334494,9160
4972,1334494,10110
4973,2015,500000
4974,2015,500000
4975,1334494,10030
4976,1334494,7840
4977,1334494,5930
4978,2015,500000
4979,1334494,7270
4980,1334494,6330
4981,1334494,10470
4982,2015,500000
4983,1334494,10350
4984,2015,500000
4985,2015,500000
4986,1334494,4800
4987,2015,500000
4988,2015,500000
4989,1334494,8330
4990,2015,500000
4991,2015,500000
4992,1334494,13460
4993,1334494,4740
4994,1334494,8170
4995,2015,500000
4996,1334494,8400
4997,2015,500000
4998,2015,500000
4999,2015,500000
5000,1334494,7020
5001,2015,500000
5002,1334494,5370
5003,2015,500000
5004,1334494,11370
5005,1334494,5860
5006,2015,500000
5007,2015,500000
5008,1334494,7090
5009,2015,500000
5010,1334494,12600
5011,1334494,13010
5012,2015,500000
5013,2015,500000
5014,2015,500000
5015,1334494,6380
5016,2015,500000
5017,2015,500000
5018,1334494,10810
5019,1334494,9220
5020,1334494,10320
5021,1334494,8830
5022,1334494,7140
5023,1334494,12150
5024,2015,500000
5025,1334494,9220
5026,1334494,5300
5027,2015,500000
5028,2015,500000
5029,2015,500000
5030,2015,500000
5031,2015,500000
5032,2015,500000
5033,1334494,11420
5034,1334494,9420
5035,2015,500000
5036,2015,500000
5037,2015,500000
5038,1334494,9200
5039,2015,500000
5040,2015,500000
5041,1334494,6600
5042,2015,500000
5043,1334494,13480
5044,1334494,19100
5045,2015,500000
5046,2015,500000
5047,2015,500000
5048,1334494,3800
5049,2015,500000
5050,2015,500000
5051,1334494,37200
5052,2015,500000
5053,2015,500000
5054,1334494,10700
5055,2015,500000
5056,2015,500000
5057,2015,500000
5058,1334494,6680
5059,2015,500000
5060,2015,500000
5061,1334494,6320
5062,2015,500000
5063,2015,500000
5064,2015,500000
5065,2015,500000
5066,2015,500000
5067,1334494,6460
5068,1334494,7680
5069,2015,500000
5070,1334494,3900
5071,2015,500000
5072,1334494,16760
5073,2015,500000
5074,2015,500000
5075,1334494,9320
5076,1334494,7230
5077,2015,500000
5078,2015,500000
5079,1334494,7430
5080,1334494,12500
5081,2015,500000
5082,1334494,7380
5083,1334494,5200
5084,1334494,7270
5085,2015,500000
5086,2015,500000
5087,2015,500000
5088,1334494,14970
5089,1334494,7070
5090,1334494,5100
5091,2015,500000
5092,1334494,6320
5093,2015,500000
5094,1334494,5000
5095,2015,500000
5096,2015,500000
5097,2015,500000
5098,1334494,8600
5099,1334494,8610
5100,1334494,7990
5101,1334494,5500
5102,2015,500000
5103,1334494,11130
5104,1334494,11410
5105,1334494,5800
5106,2015,500000
5107,2015,500000
5108,2015,500000
5109,2015,500000
5110,1334494,8840
5111,1334494,7610
5112,2015,500000
5113,1334494,71380
5114,2015,500000
5115,1334494,4100
5116,2015,500000
5117,2015,500000
5118,2015,500000
5119,1334494,16690
5120,2015,500000
5121,2015,500000
5122,2015,500000
5123,1334494,9050
5124,2015,500000
5125,1334494,11520
5126,2015,500000
5127,1334494,7740
5128,1334494,9250
5129,1334494,14340
5130,2015,500000
5131,2015,500000
5132,1334494,12400
5133,1334494,6900
5134,1334494,5200
5135,2015,500000
5136,1334494,7430
5137,1334494,32270
5138,1334494,12150
5139,1334494,7580
5140,2015,500000
5141,1334494,14600
5142,2015,500000
5143,2015,500000
5144,2015,500000
5145,1334494,18910
5146,1334494,7150
5147,1334494,8150
5148,2015,500000
5149,2015,500000
5150,2015,500000
5151,1334494,9920
5152,1334494,7670
5153,1334494,7730
5154,2015,500000
5155,1334494,5980
5156,2015,500000
5157,1334494,8510
5158,1334494,6390
5159,2015,500000
5160,1334494,31570
5161,1334494,8600
5162,2015,500000
5163,2015,500000
5164,2015,500000
5165,2015,500000
5166,1334494,7830
5167,2015,500000
5168,2015,500000
5169,1334494,4100
5170,1334494,11100
5171,1334494,9540
5172,1334494,11490
5173,1334494,17150
5174,1334494,9340
5175,2015,500000
5176,1334494,12120
5177,1334494,17970
5178,1334494,12090
5179,2015,500000
5180,2015,500000
5181,1334494,15070
5182,2015,500000
5183,1334494,3300
5184,2015,500000
5185,2015,500000
5186,2015,500000
5187,2015,500000
5188,2015,500000
5189,1334494,5440
5190,1334494,7150
5191,1334494,15140
5192,2015,500000
5193,2015,500000
5194,1334494,6370
5195,2015,500000
5196,2015,500000
5197,2015,500000
5198,2015,500000
5199,2015,500000
5200,2015,500000
5201,1334494,6820
5202,2015,500000
5203,2015,500000
5204,2015,500000
5205,2015,500000
5206,2015,500000
5207,2015,500000
5208,2015,500000
5209,2015,500000
5210,1334494,8260
5211,2015,500000
5212,2015,500000
5213,1334494,9090
5214,1334494,9480
5215,1334494,6160
5216,1334494,4100
5217,2015,500000
5218,1334494,16980
5219,1334494,5610
5220,1334494,9600
5221,1334494,16130
5222,1334494,9030
5223,2015,500000
5224,1334494,6780
5225,2015,500000
5226,2015,500000
5227,2015,500000
5228,1334494,4400
5229,2015,500000
5230,2015,500000
5231,2015,500000
5232,2015,500000
5233,1334494,7160
5234,1334494,10690
5235,2015,500000
5236,2015,500000
5237,1334494,25620
5238,1334494,7890
5239,1334494,6210
5240,1334494,6230
5241,1334494,7120
5242,2015,500000
5243,1334494,6000
5244,1334494,3800
5245,1334494,6080
5246,1334494,6780
5247,1334494,7820
5248,1334494,10200
5249,1334494,6960
5250,2015,500000
5251,2015,500000
5252,1334494,7810
5253,2015,500000
5254,2015,500000
5255,2015,500000
5256,2015,500000
5257,2015,500000
5258,1334494,13040
5259,2015,500000
5260,1334494,6510
5261,2015,500000
5262,1334494,5410
5263,2015,500000
5264,1334494,10050
5265,2015,500000
5266,2015,500000
5267,1334494,6850
5268,1334494,5760
5269,2015,500000
5270,2015,500000
5271,2015,500000
5272,1334494,9020
5273,2015,500000
5274,2015,500000
5275,1334494,7800
5276,2015,500000
5277,2015,500000
5278,2015,500000
5279,1334494,13060
5280,1334494,8300
5281,2015,500000
5282,1334494,6750
5283,2015,500000
5284,2015,500000
5285,1334494,5680
5286,2015,500000
5287,1334494,8450
5288,2015,500000
5289,1334494,8960
5290,2015,500000
5291,1334494,4700
5292,2015,500000
5293,2015,500000
5294,2015,500000
5295,2015,500000
5296,2015,500000
5297,2015,500000
5298,2015,500000
5299,1334494,6030
5300,2015,500000
5301,2015,500000
5302,1334494,7680
5303,2015,500000
5304,1334494,11180
5305,2015,500000
5306,1334494,5300
5307,2015,500000
5308,2015,500000
5309,2015,500000
5310,2015,500000
5311,1334494,7870
5312,2015,500000
5313,2015,500000
5314,1334494,8600
5315,2015,500000
5316,2015,500000
5317,2015,500000
5318,2015,500000
5319,2015,500000
5320,2015,500000
5321,1334494,8440
5322,1334494,5500
5323,2015,500000
5324,1334494,4000
5325,2015,500000
5326,2015,500000
5327,1334494,32490
5328,1334494,8600
5329,2015,500000
5330,2015,500000
5331,2015,500000
5332,2015,500000
5333,1334494,7080
5334,2015,500000
5335,2015,500000
5336,2015,500000
5337,1334494,7150
5338,2015,500000
5339,2015,500000
5340,1334494,11500
5341,2015,500000
5342,1334494,6140
5343,1334494,6270
5344,2015,500000
5345,2015,500000
5346,2015,500000
5347,2015,500000
5348,2015,500000
5349,2015,500000
5350,2015,500000
5351,2015,500000
5352,2015,500000
5353,1334494,15500
5354,1334494,7870
5355,1334494,16230
5356,1334494,7820
5357,1334494,4800
5358,1334494,8100
5359,1334494,9840
5360,1334494,13660
5361,2015,500000
5362,2015,500000
5363,2015,500000
5364,1334494,8530
5365,1334494,10060
5366,2015,500000
5367,2015,500000
5368,1334494,4670
5369,2015,500000
5370,1334494,9680
5371,2015,500000
5372,2015,500000
5373,1334494,9530
5374,1334494,6300
5375,2015,500000
5376,1334494,7260
5377,2015,500000
5378,2015,500000
5379,2015,500000
5380,2015,500000
5381,1334494,5100
5382,1334494,11220
5383,2015,500000
5384,1334494,31210
5385,1334494,16630
5386,2015,500000
5387,2015,500000
5388,2015,500000
5389,1334494,9480
5390,1334494,9030
5391,1334494,11140
5392,2015,500000
5393,1334494,5850
5394,2015,500000
5395,2015,500000
5396,1334494,10600
5397,2015,500000
5398,1334494,15510
5399,1334494,6900
5400,1334494,3800
5401,2015,500000
5402,1334494,60150
5403,2015,500000
5404,2015,500000
5405,1334494,7230
5406,2015,500000
5407,2015,500000
5408,2015,500000
5409,2015,500000
5410,1334494,5710
5411,1334494,9130
5412,1334494,7340
5413,2015,500000
5414,2015,500000
5415,2015,500000
5416,2015,500000
5417,1334494,11110
5418,2015,500000
5419,2015,500000
5420,1334494,7150
5421,2015,500000
5422,1334494,81150
5423,1334494,17680
5424,2015,500000
5425,2015,500000
5426,2015,500000
5427,2015,500000
5428,2015,500000
5429,1334494,9850
5430,1334494,6950
5431,1334494,7500
5432,1334494,12140
5433,2015,500000
5434,2015,500000
5435,1334494,8640
5436,1334494,6600
5437,2015,500000
5438,1334494,6040
5439,1334494,9900
5440,2015,500000
5441,1334494,7400
5442,2015,500000
5443,2015,500000
5444,2015,500000
5445,1334494,8170
5446,2015,500000
5447,2015,500000
5448,2015,500000
5449,2015,500000
5450,2015,500000
5451,1334494,9440
5452,2015,500000
5453,1334494,19470
5454,1334494,5410
5455,2015,500000
5456,2015,500000
5457,1334494,7700
5458,2015,500000
5459,2015,500000
5460,1334494,11970
5461,1334494,6490
5462,1334494,18330
5463,1334494,7520
5464,2015,500000
5465,2015,500000
5466,1334494,8640
5467,1334494,13890
5468,2015,500000
5469,1334494,11530
5470,1334494,9410
5471,1334494,5980
5472,2015,500000
5473,2015,500000
5474,1334494,6970
5475,2015,500000
5476,2015,500000
5477,2015,500000
5478,2015,500000
5479,1334494,5140
5480,2015,500000
5481,1334494,5730
5482,2015,500000
5483,1334494,34390
5484,1334494,10490
5485,2015,500000
5486,2015,500000
5487,2015,500000
5488,2015,500000
5489,1334494,33920
5490,1334494,6400
5491,1334494,11680
5492,1334494,11820
5493,2015,500000
5494,2015,500000
5495,1334494,6680
5496,1334494,5800
5497,1334494,8220
5498,1334494,18180
5499,2015,500000
5500,2015,500000
5501,1334494,8220
5502,1334494,7220
5503,1334494,8590
5504,2015,500000
5505,2015,500000
5506,1334494,6800
5507,2015,500000
5508,2015,500000
5509,2015,500000
5510,1334494,12500
5511,1334494,8800
5512,2015,500000
5513,2015,500000
5514,2015,500000
5515,2015,500000
5516,1334494,9510
5517,1334494,9970
5518,1334494,8330
5519,1334494,5970
5520,1334494,12850
5521,2015,500000
5522,2015,500000
5523,2015,500000
5524,1334494,8850
5525,1334494,6870
5526,1334494,6700
5527,1334494,7840
5528,2015,500000
5529,2015,500000
5530,1334494,3100
5531,2015,500000
5532,1334494,8780
5533,1334494,8590
5534,1334494,12900
5535,2015,500000
5536,2015,500000
5537,2015,500000
5538,2015,500000
5539,2015,500000
5540,1334494,8710
5541,1334494,6540
5542,2015,500000
5543,1334494,85220
5544,2015,500000
5545,2015,500000
5546,2015,500000
5547,1334494,8380
5548,2015,500000
5549,2015,500000
5550,1334494,4800
5551,2015,500000
5552,2015,500000
5553,1334494,7830
5554,1334494,8900
5555,1334494,7720
5556,1334494,6700
5557,1334494,14480
5558,1334494,4800
5559,1334494,4700
5560,2015,500000
5561,2015,500000
5562,2015,500000
5563,2015,500000
5564,2015,500000
5565,2015,500000
5566,2015,500000
5567,1334494,5000
5568,2015,500000
5569,2015,500000
5570,1334494,84200
5571,1334494,9070
5572,2015,500000
5573,2015,500000
5574,2015,500000
5575,2015,500000
5576,2015,500000
5577,2015,500000
5578,2015,500000
5579,1334494,12830
5580,2015,500000
5581,1334494,5000
5582,2015,500000
5583,1334494,10360
5584,1334494,9830
5585,1334494,32770
5586,1334494,5890
5587,1334494,5700
5588,1334494,3210
5589,2015,500000
5590,1334494,23380
5591,2015,500000
5592,1334494,8370
5593,1334494,14450
5594,2015,500000
5595,2015,500000
5596,1334494,8150
5597,1334494,10410
5598,1334494,18200
5599,2015,500000
5600,1334494,11210
5601,2015,500000
5602,2015,500000
5603,2015,500000
5604,1334494,10600
5605,1334494,5800
5606,1334494,8030
5607,1334494,15270
5608,1334494,8280
5609,2015,500000
5610,1334494,9400
5611,1334494,9890
5612,2015,500000
5613,2015,500000
5614,1334494,12520
5615,2015,500000
5616,1334494,8840
5617,2015,500000
5618,1334494,11750
5619,1334494,6360
5620,2015,500000
5621,1334494,11120
5622,2015,500000
5623,1334494,7940
5624,1334494,13050
5625,1334494,11710
5626,1334494,9230
5627,2015,500000
5628,2015,500000
5629,2015,500000
5630,1334494,8840
5631,1334494,7780
5632,1334494,7650
5633,1334494,11160
5634,2015,500000
5635,1334494,5380
5636,1334494,7040
5637,1334494,5960
5638,1334494,20740
5639,1334494,7400
5640,2015,500000
5641,1334494,6800
5642,1334494,2900
5643,1334494,7830
5644,2015,500000
5645,2015,500000
5646,1334494,33920
5647,1334494,16970
5648,2015,500000
5649,2015,500000
5650,1334494,25950
5651,2015,500000
5652,2015,500000
5653,1334494,4400
5654,1334494,6740
5655,1334494,10830
5656,1334494,3400
5657,2015,500000
5658,1334494,7860
5659,1334494,8500
5660,1334494,8620
5661,1334494,7380
5662,2015,500000
5663,1334494,7370
5664,2015,500000
5665,2015,500000
5666,1334494,6280
5667,2015,500000
5668,1334494,6400
5669,2015,500000
5670,1334494,21680
5671,2015,500000
5672,1334494,7910
5673,2015,500000
5674,1334494,6910
5675,2015,500000
5676,1334494,8880
5677,2015,500000
5678,1334494,7680
5679,2015,500000
5680,1334494,5200
5681,2015,500000
5682,2015,500000
5683,1334494,7830
5684,2015,500000
5685,2015,500000
5686,1334494,7400
5687,1334494,8520
5688,2015,500000
5689,1334494,12500
5690,2015,500000
5691,2015,500000
5692,2015,500000
5693,2015,500000
5694,1334494,7680
5695,2015,500000
5696,2015,500000
5697,2015,500000
5698,2015,500000
5699,2015,500000
5700,2015,500000
5701,2015,500000
5702,2015,500000
5703,2015,500000
5704,1334494,9020
5705,1334494,8980
5706,2015,500000
5707,2015,500000
5708,2015,500000
5709,2015,500000
5710,2015,500000
5711,1334494,32150
5712,2015,500000
5713,1334494,7130
5714,2015,500000
5715,2015,500000
5716,2015,500000
5717,2015,500000
5718,1334494,9660
5719,2015,500000
5720,1334494,6970
5721,2015,500000
5722,2015,500000
5723,1334494,9990
5724,2015,500000
5725,2015,500000
5726,1334494,6750
5727,2015,500000
5728,1334494,16840
5729,2015,500000
5730,2015,500000
5731,2015,500000
5732,1334494,7830
5733,2015,500000
5734,1334494,10810
5735,2015,500000
5736,2015,500000
5737,2015,500000
5738,2015,500000
5739,1334494,5640
5740,1334494,11510
5741,2015,500000
5742,2015,500000
5743,1334494,10880
5744,1334494,23120
5745,1334494,11780
5746,1334494,8590
5747,1334494,17090
5748,1334494,10030
5749,2015,500000
5750,2015,500000
5751,2015,500000
5752,2015,500000
5753,1334494,11770
5754,1334494,10470
5755,1334494,5480
5756,1334494,11440
5757,2015,500000
5758,2015,500000
5759,1334494,6870
5760,2015,500000
5761,2015,500000
5762,2015,500000
5763,2015,500000
5764,1334494,9080
5765,2015,500000
5766,1334494,6370
5767,2015,500000
5768,2015,500000
5769,2015,500000
5770,2015,500000
5771,2015,500000
5772,2015,500000
5773,2015,500000
5774,1334494,6090
5775,2015,500000
5776,2015,500000
5777,1334494,10090
5778,2015,500000
5779,2015,500000
5780,2015,500000
5781,2015,500000
5782,1334494,6400
5783,1334494,6530
5784,1334494,6860
5785,2015,500000
5786,1334494,20780
5787,2015,500000
5788,1334494,6480
5789,2015,500000
5790,1334494,6830
5791,1334494,2700
5792,2015,500000
5793,2015,500000
5794,2015,500000
5795,2015,500000
5796,2015,500000
5797,1334494,10630
5798,2015,500000
5799,1334494,7270
5800,2015,500000
5801,1334494,9500
5802,2015,500000
5803,1334494,7980
5804,1334494,3800
5805,2015,500000
5806,2015,500000
5807,2015,500000
5808,1334494,31290
5809,2015,500000
5810,1334494,7920
5811,1334494,6000
5812,2015,500000
5813,2015,500000
5814,1334494,4000
5815,2015,500000
5816,2015,500000
5817,1334494,13850
5818,2015,500000
5819,1334494,8630
5820,1334494,7400
5821,2015,500000
5822,1334494,4720
5823,1334494,8100
5824,2015,500000
5825,1334494,9820
5826,2015,500000
5827,1334494,5200
5828,2015,500000
5829,1334494,10470
5830,1334494,8910
5831,1334494,15890
5832,1334494,25810
5833,2015,500000
5834,1334494,8230
5835,2015,500000
5836,1334494,17220
5837,2015,500000
5838,2015,500000
5839,2015,500000
5840,2015,500000
5841,2015,500000
5842,1334494,11350
5843,1334494,10500
5844,2015,500000
5845,1334494,7730
5846,1334494,7700
5847,2015,500000
5848,2015,500000
5849,1334494,8580
5850,2015,500000
5851,1334494,5300
5852,2015,500000
5853,2015,500000
5854,2015,500000
5855,2015,500000
5856,1334494,10380
5857,2015,500000
5858,2015,500000
5859,2015,500000
5860,2015,500000
5861,2015,500000
5862,2015,500000
5863,1334494,5000
5864,1334494,15500
5865,1334494,6100
5866,2015,500000
5867,1334494,32110
5868,1334494,7060
5869,2015,500000
5870,2015,500000
5871,2015,500000
5872,1334494,5650
5873,1334494,5600
5874,2015,500000
5875,1334494,8130
5876,1334494,5420
5877,1334494,13020
5878,2015,500000
5879,2015,500000
5880,2015,500000
5881,1334494,14070
5882,2015,500000
5883,1334494,6430
5884,2015,500000
5885,1334494,7400
5886,2015,500000
5887,2015,500000
5888,2015,500000
5889,1334494,7570
5890,1334494,14740
5891,1334494,21300
5892,1334494,5020
5893,2015,500000
5894,2015,500000
5895,1334494,8640
5896,2015,500000
5897,1334494,8090
5898,2015,500000
5899,1334494,3500
5900,2015,500000
5901,2015,500000
5902,1334494,6860
5903,1334494,21560
5904,2015,500000
5905,2015,500000
5906,2015,500000
5907,1334494,8070
5908,1334494,59460
5909,1334494,10010
5910,2015,500000
5911,1334494,15630
5912,2015,500000
5913,1334494,6270
5914,1334494,7610
5915,1334494,8530
5916,1334494,7140
5917,2015,500000
5918,2015,500000
5919,2015,500000
5920,2015,500000
5921,1334494,9510
5922,1334494,5280
5923,2015,500000
5924,1334494,14690
5925,1334494,9500
5926,1334494,10690
5927,2015,500000
5928,2015,500000
5929,1334494,22160
5930,2015,500000
5931,1334494,7490
5932,2015,500000
5933,2015,500000
5934,2015,500000
5935,2015,500000
5936,2015,500000
5937,2015,500000
5938,1334494,7320
5939,2015,500000
5940,2015,500000
5941,2015,500000
5942,1334494,9820
5943,2015,500000
5944,1334494,6990
5945,1334494,10800
5946,1334494,8490
5947,2015,500000
5948,2015,500000
5949,1334494,3600
5950,2015,500000
5951,2015,500000
5952,2015,500000
5953,2015,500000
5954,1334494,9550
5955,2015,500000
5956,1334494,15400
5957,1334494,12270
5958,1334494,7500
5959,2015,500000
5960,2015,500000
5961,2015,500000
5962,2015,500000
5963,1334494,9520
5964,2015,500000
5965,2015,500000
5966,1334494,6360
5967,1334494,32950
5968,2015,500000
5969,1334494,8640
5970,2015,500000
5971,1334494,7450
5972,1334494,6700
5973,2015,500000
5974,1334494,5740
5975,2015,500000
5976,2015,500000
5977,2015,500000
5978,1334494,7300
5979,2015,500000
5980,1334494,6040
5981,1334494,5800
5982,1334494,7530
5983,2015,500000
5984,2015,500000
5985,2015,500000
5986,1334494,8490
5987,1334494,8630
5988,1334494,8200
5989,2015,500000
5990,1334494,8960
5991,2015,500000
5992,2015,500000
5993,2015,500000
5994,1334494,24290
5995,2015,500000
5996,1334494,31310
5997,1334494,5400
5998,2015,500000
5999,1334494,16280
6000,2015,500000
6001,2015,500000
6002,2015,500000
6003,1334494,4550
6004,1334494,6200
6005,1334494,8740
6006,1334494,9160
6007,1334494,5580
6008,2015,500000
6009,2015,500000
6010,2015,500000
6011,1334494,12160
6012,2015,500000
6013,1334494,4410
6014,2015,500000
6015,2015,500000
6016,2015,500000
6017,1334494,4300
6018,1334494,9510
6019,2015,500000
6020,1334494,3000
6021,2015,500000
6022,1334494,14990
6023,2015,500000
6024,1334494,7760
6025,2015,500000
6026,2015,500000
6027,1334494,5210
6028,2015,500000
6029,1334494,7900
6030,1334494,15940
6031,2015,500000
6032,1334494,21540
6033,2015,500000
6034,2015,500000
6035,1334494,8830
6036,2015,500000
6037,1334494,3500
6038,1334494,8170
6039,2015,500000
6040,1334494,7770
6041,2015,500000
6042,1334494,10510
6043,2015,500000
6044,2015,500000
6045,1334494,4710
6046,2015,500000
6047,1334494,9370
6048,1334494,7780
6049,2015,500000
6050,1334494,21670
6051,1334494,12960
6052,1334494,7990
6053,1334494,7910
6054,2015,500000
6055,1334494,38920
6056,2015,500000
6057,2015,500000
6058,2015,500000
6059,1334494,9510
6060,1334494,11890
6061,1334494,9550
6062,1334494,6080
6063,1334494,9870
6064,1334494,7850
6065,1334494,9520
6066,2015,500000
6067,2015,500000
6068,2015,500000
6069,1334494,10040
6070,1334494,5590
6071,2015,500000
6072,1334494,10380
6073,1334494,6440
6074,2015,500000
6075,2015,500000
6076,1334494,32950
6077,1334494,9110
6078,2015,500000
6079,1334494,13800
6080,1334494,6700
6081,2015,500000
6082,2015,500000
6083,1334494,11060
6084,1334494,7780
6085,2015,500000
6086,2015,500000
6087,2015,500000
6088,2015,500000
6089,2015,500000
6090,1334494,6700
6091,2015,500000
6092,1334494,18800
6093,2015,500000
6094,2015,500000
6095,1334494,10150
6096,1334494,11930
6097,1334494,6350
6098,1334494,5840
6099,1334494,6800
6100,2015,500000
6101,2015,500000
6102,1334494,20960
6103,1334494,6080
6104,2015,500000
6105,2015,500000
6106,1334494,8110
6107,2015,500000
6108,1334494,11360
6109,2015,500000
6110,1334494,8370
6111,1334494,8310
6112,1334494,8820
6113,1334494,5410
6114,2015,500000
6115,2015,500000
6116,1334494,7420
6117,2015,500000
6118,1334494,6890
6119,2015,500000
6120,2015,500000
6121,2015,500000
6122,1334494,10290
6123,2015,500000
6124,2015,500000
6125,2015,500000
6126,1334494,10670
6127,2015,500000
6128,1334494,7140
6129,2015,500000
6130,1334494,7150
6131,2015,500000
6132,2015,500000
6133,1334494,3510
6134,1334494,18900
6135,1334494,4200
6136,2015,500000
6137,1334494,4400
6138,1334494,8640
6139,1334494,7960
6140,1334494,5100
6141,2015,500000
6142,1334494,17970
6143,1334494,21870
6144,2015,500000
6145,2015,500000
6146,1334494,27600
6147,2015,500000
6148,2015,500000
6149,2015,500000
6150,1334494,11230
6151,2015,500000
6152,2015,500000
6153,1334494,8080
6154,2015,500000
6155,2015,500000
6156,2015,500000
6157,2015,500000
6158,1334494,6590
6159,2015,500000
6160,2015,500000
6161,1334494,16270
6162,2015,500000
6163,2015,500000
6164,1334494,9780
6165,2015,500000
6166,1334494,6730
6167,1334494,9930
6168,2015,500000
6169,2015,500000
6170,1334494,12780
6171,1334494,8060
6172,1334494,9070
6173,1334494,7430
6174,1334494,8570
6175,2015,500000
6176,1334494,12300
6177,1334494,6480
6178,1334494,9270
6179,1334494,9690
6180,1334494,5600
6181,1334494,7370
6182,1334494,14920
6183,2015,500000
6184,2015,500000
6185,1334494,8560
6186,1334494,161530
6187,1334494,6360
6188,1334494,8070
6189,1334494,6580
6190,2015,500000
6191,2015,500000
6192,2015,500000
6193,1334494,8460
6194,2015,500000
6195,2015,500000
6196,2015,500000
6197,2015,500000
6198,1334494,5400
6199,1334494,8680
6200,2015,500000
6201,2015,500000
6202,1334494,4700
6203,1334494,6580
6204,2015,500000
6205,1334494,11280
6206,1334494,10410
6207,2015,500000
6208,1334494,9910
6209,2015,500000
6210,1334494,6540
6211,2015,500000
6212,1334494,12200
6213,2015,500000
6214,2015,500000
6215,2015,500000
6216,1334494,12000
6217,2015,500000
6218,2015,500000
6219,1334494,8050
6220,2015,500000
6221,2015,500000
6222,2015,500000
6223,2015,500000
6224,2015,500000
6225,2015,500000
6226,2015,500000
6227,2015,500000
6228,2015,500000
6229,2015,500000
6230,2015,500000
6231,1334494,5900
6232,2015,500000
6233,1334494,8080
6234,1334494,7410
6235,2015,500000
6236,2015,500000
6237,2015,500000
6238,2015,500000
6239,1334494,9080
6240,2015,500000
6241,1334494,4800
6242,2015,500000
6243,2015,500000
6244,1334494,10870
6245,2015,500000
6246,1334494,5800
6247,1334494,3200
6248,2015,500000
6249,2015,500000
6250,2015,500000
6251,2015,500000
6252,1334494,7070
6253,1334494,5100
6254,1334494,11620
6255,2015,500000
6256,1334494,32550
6257,1334494,5840
6258,2015,500000
6259,1334494,12330
6260,1334494,12790
6261,1334494,6600
6262,1334494,6520
6263,1334494,6380
6264,1334494,6220
6265,2015,500000
6266,1334494,12200
6267,2015,500000
6268,2015,500000
6269,2015,500000
6270,1334494,7120
6271,1334494,8590
6272,1334494,4800
6273,1334494,5350
6274,1334494,80590
6275,2015,500000
6276,1334494,8010
6277,2015,500000
6278,2015,500000
6279,2015,500000
6280,2015,500000
6281,1334494,12600
6282,2015,500000
6283,2015,500000
6284,2015,500000
6285,2015,500000
6286,2015,500000
6287,1334494,10890
6288,1334494,9280
6289,1334494,7340
6290,2015,500000
6291,2015,500000
6292,2015,500000
6293,2015,500000
6294,2015,500000
6295,1334494,9660
6296,1334494,9550
6297,1334494,20900
6298,1334494,21780
6299,1334494,9240
6300,1334494,22550
6301,2015,500000
6302,2015,500000
6303,2015,500000
6304,1334494,6700
6305,1334494,7120
6306,1334494,8260
6307,2015,500000
6308,1334494,6280
6309,1334494,5620
6310,1334494,12780
6311,2015,500000
6312,2015,500000
6313,1334494,8170
6314,2015,500000
6315,2015,500000
6316,2015,500000
6317,2015,500000
6318,1334494,12480
6319,2015,500000
6320,1334494,5830
6321,2015,500000
6322,1334494,7900
6323,1334494,21790
6324,2015,500000
6325,1334494,8920
6326,1334494,7380
6327,1334494,5250
6328,2015,500000
6329,2015,500000
6330,1334494,6100
6331,2015,500000
6332,1334494,7680
6333,2015,500000
6334,2015,500000
6335,1334494,6890
6336,1334494,8270
6337,1334494,6900
6338,1334494,10800
6339,1334494,7930
6340,2015,500000
6341,1334494,12810
6342,2015,500000
6343,2015,500000
6344,1334494,5920
6345,2015,500000
6346,1334494,4800
6347,1334494,7070
6348,1334494,6600
6349,2015,500000
6350,1334494,7500
6351,2015,500000
6352,1334494,10800
6353,2015,500000
6354,1334494,8780
6355,2015,500000
6356,1334494,8000
6357,1334494,13280
6358,1334494,7020
6359,2015,500000
6360,1334494,33870
6361,1334494,23490
6362,2015,500000
6363,2015,500000
6364,1334494,13460
6365,2015,500000
6366,1334494,7600
6367,1334494,19560
6368,2015,500000
6369,2015,500000
6370,1334494,7090
6371,1334494,10340
6372,1334494,7130
6373,1334494,7180
6374,2015,500000
6375,2015,500000
6376,1334494,10440
6377,1334494,8920
6378,2015,500000
6379,2015,500000
6380,1334494,9620
6381,2015,500000
6382,2015,500000
6383,2015,500000
6384,1334494,3600
6385,2015,500000
6386,2015,500000
6387,1334494,9900
6388,1334494,38320
6389,2015,500000
6390,1334494,6330
6391,1334494,8530
6392,2015,500000
6393,2015,500000
6394,2015,500000
6395,2015,500000
6396,1334494,5720
6397,2015,500000
6398,1334494,9650
6399,2015,500000
6400,2015,500000
6401,2015,500000
6402,1334494,80980
6403,2015,500000
6404,1334494,5950
6405,1334494,36620
6406,1334494,7200
6407,1334494,3200
6408,1334494,24570
6409,1334494,10660
6410,2015,500000
6411,2015,500000
6412,1334494,8520
6413,1334494,11300
6414,1334494,16880
6415,2015,500000
6416,2015,500000
6417,2015,500000
6418,2015,500000
6419,2015,500000
6420,2015,500000
6421,2015,500000
6422,1334494,11270
6423,1334494,8560
6424,1334494,34220
6425,1334494,11390
6426,1334494,7510
6427,1334494,13210
6428,2015,500000
6429,1334494,7380
6430,2015,500000
6431,1334494,14420
6432,1334494,72720
6433,2015,500000
6434,1334494,31170
6435,1334494,6520
6436,2015,500000
6437,1334494,9240
6438,1334494,3600
6439,1334494,9110
6440,2015,500000
6441,1334494,6400
6442,1334494,4900
6443,2015,500000
6444,2015,500000
6445,2015,500000
6446,1334494,6010
6447,2015,500000
6448,1334494,11930
6449,2015,500000
6450,1334494,5250
6451,1334494,87000
6452,1334494,32340
6453,1334494,3000
6454,1334494,9050
6455,2015,500000
6456,2015,500000
6457,1334494,8420
6458,1334494,8990
6459,2015,500000
6460,1334494,7810
6461,2015,500000
6462,1334494,105510
6463,1334494,6850
6464,1334494,8200
6465,1334494,7960
6466,2015,500000
6467,2015,500000
6468,2015,500000
6469,1334494,8900
6470,1334494,7020
6471,2015,500000
6472,1334494,10200
6473,2015,500000
6474,1334494,6880
6475,2015,500000
6476,2015,500000
6477,1334494,16980
6478,2015,500000
6479,1334494,13960
6480,2015,500000
6481,1334494,7500
6482,2015,500000
6483,1334494,7830
6484,2015,500000
6485,1334494,7010
6486,2015,500000
6487,2015,500000
6488,1334494,8380
6489,1334494,11230
6490,2015,500000
6491,1334494,5990
6492,1334494,6960
6493,1334494,12990
6494,1334494,10040
6495,2015,500000
6496,2015,500000
6497,1334494,8800
6498,2015,500000
6499,2015,500000
6500,1334494,38700
6501,2015,500000
6502,2015,500000
6503,2015,500000
6504,2015,500000
6505,2015,500000
6506,1334494,14760
6507,2015,500000
6508,2015,500000
6509,1334494,14650
6510,1334494,14340
6511,2015,500000
6512,1334494,9000
6513,2015,500000
6514,2015,500000
6515,1334494,24870
6516,1334494,7380
6517,2015,500000
6518,1334494,8670
6519,1334494,8750
6520,2015,500000
6521,2015,500000
6522,2015,500000
6523,1334494,16980
6524,1334494,9340
6525,2015,500000
6526,1334494,15400
6527,2015,500000
6528,2015,500000
6529,1334494,10280
6530,2015,500000
6531,2015,500000
6532,2015,500000
6533,2015,500000
6534,1334494,6290
6535,1334494,8250
6536,2015,500000
6537,1334494,4300
6538,1334494,7370
6539,1334494,6670
6540,1334494,7140
6541,1334494,15600
6542,2015,500000
6543,1334494,8050
6544,2015,500000
6545,1334494,6450
6546,1334494,30000
6547,2015,500000
6548,1334494,7700
6549,2015,500000
6550,2015,500000
6551,1334494,7430
6552,1334494,5250
6553,2015,500000
6554,2015,500000
6555,2015,500000
6556,1334494,3810
6557,2015,500000
6558,1334494,80790
6559,2015,500000
6560,2015,500000
6561,1334494,4900
6562,1334494,7790
6563,1334494,7780
6564,1334494,4970
6565,1334494,6510
6566,1334494,7220
6567,1334494,6280
6568,2015,500000
6569,1334494,8080
6570,1334494,6940
6571,2015,500000
6572,2015,500000
6573,1334494,8200
6574,2015,500000
6575,2015,500000
6576,1334494,6910
6577,2015,500000
6578,2015,500000
6579,2015,500000
6580,1334494,6230
6581,2015,500000
6582,2015,500000
6583,1334494,29850
6584,2015,500000
6585,2015,500000
6586,2015,500000
6587,1334494,4600
6588,2015,500000
6589,2015,500000
6590,2015,500000
6591,1334494,8880
6592,2015,500000
6593,2015,500000
6594,1334494,8860
6595,1334494,83080
6596,1334494,6800
6597,2015,500000
6598,1334494,9930
6599,2015,500000
6600,1334494,14670
6601,1334494,7030
6602,2015,500000
6603,1334494,7490
6604,2015,500000
6605,2015,500000
6606,2015,500000
6607,1334494,9860
6608,2015,500000
6609,2015,500000
6610,2015,500000
6611,2015,500000
6612,2015,500000
6613,1334494,32320
6614,2015,500000
6615,1334494,3200
6616,2015,500000
6617,2015,500000
6618,2015,500000
6619,1334494,17060
6620,2015,500000
6621,2015,500000
6622,1334494,5640
6623,1334494,59210
6624,2015,500000
6625,1334494,6290
6626,2015,500000
6627,2015,500000
6628,1334494,7780
6629,2015,500000
6630,1334494,8110
6631,1334494,30950
6632,1334494,16250
6633,2015,500000
6634,2015,500000
6635,2015,500000
6636,2015,500000
6637,1334494,7180
6638,2015,500000
6639,1334494,9150
6640,2015,500000
6641,2014,500000
6642,1334494,8610
6643,2014,500000
6644,1334494,34720
6645,2014,500000
6646,1334494,7600
6647,2014,500000
6648,1334494,8150
6649,2014,500000
6650,1334494,11310
6651,1334494,7930
6652,2014,500000
6653,1334494,6910
6654,2014,500000
6655,2014,500000
6656,2014,500000
6657,1334494,10410
6658,1334494,8990
6659,2014,500000
6660,2014,500000
6661,2014,500000
6662,2014,500000
6663,2014,500000
6664,1334494,5990
6665,2014,500000
6666,1334494,5770
6667,1334494,7110
6668,1334494,17140
6669,2014,500000
6670,2014,500000
6671,2014,500000
6672,2014,500000
6673,1334494,7550
6674,1334494,5680
6675,1334494,9550
6676,2014,500000
6677,1334494,3400
6678,1334494,10590
6679,2014,500000
6680,2014,500000
6681,1334494,7970
6682,1334494,16700
6683,2014,500000
6684,2014,500000
6685,1334494,12060
6686,1334494,9690
6687,1334494,7820
6688,1334494,5770
6689,2014,500000
6690,2014,500000
6691,2014,500000
6692,1334494,21240
6693,2014,500000
6694,2014,500000
6695,1334494,5520
6696,1334494,6810
6697,1334494,7600
6698,1334494,12470
6699,2014,500000
6700,2014,500000
6701,2014,500000
6702,1334494,10540
6703,1334494,6520
6704,2014,500000
6705,1334494,7900
6706,2014,500000
6707,2014,500000
6708,1334494,9640
6709,2014,500000
6710,1334494,3800
6711,1334494,12470
6712,2014,500000
6713,1334494,11860
6714,1334494,6210
6715,1334494,5450
6716,1334494,19890
6717,2014,500000
6718,2014,500000
6719,1334494,7810
6720,2014,500000
6721,2014,500000
6722,1334494,14200
6723,2014,500000
6724,1334494,13260
6725,2014,500000
6726,2014,500000
6727,2014,500000
6728,1334494,9220
6729,2014,500000
6730,2014,500000
6731,2014,500000
6732,2014,500000
6733,2014,500000
6734,2014,500000
6735,2014,500000
6736,2014,500000
6737,2014,500000
6738,2014,500000
6739,2014,500000
6740,1334494,7000
6741,2014,500000
6742,1334494,6100
6743,2014,500000
6744,2014,500000
6745,1334494,14470
6746,2014,500000
6747,2014,500000
6748,1334494,8530
6749,1334494,32950
6750,2014,500000
6751,2014,500000
6752,1334494,6840
6753,1334494,11640
6754,2014,500000
6755,2014,500000
6756,2014,500000
6757,1334494,7700
6758,2014,500000
6759,2014,500000
6760,2014,500000
6761,1334494,8620
6762,2014,500000
6763,2014,500000
6764,1334494,7800
6765,1334494,7820
6766,2014,500000
6767,1334494,7970
6768,1334494,6860
6769,2014,500000
6770,1334494,3400
6771,2014,500000
6772,1334494,12650
6773,2014,500000
6774,1334494,5370
6775,1334494,11880
6776,1334494,10000
6777,2014,500000
6778,1334494,6550
6779,2014,500000
6780,1334494,10520
6781,2014,500000
6782,2014,500000
6783,2014,500000
6784,2014,500000
6785,2014,500000
6786,2014,500000
6787,1334494,11690
6788,2014,500000
6789,2014,500000
6790,2014,500000
6791,2014,500000
6792,1334494,18800
6793,1334494,9640
6794,2014,500000
6795,1334494,7660
6796,2014,500000
6797,1334494,13020
6798,1334494,5740
6799,2014,500000
6800,1334494,7060
6801,2014,500000
6802,2014,500000
6803,2014,500000
6804,2014,500000
6805,2014,500000
6806,1334494,8160
6807,1334494,22110
6808,1334494,8110
6809,1334494,6590
6810,1334494,12500
6811,1334494,8790
6812,1334494,10990
6813,2014,500000
6814,1334494,13970
6815,2014,500000
6816,2014,500000
6817,1334494,7800
6818,1334494,9880
6819,1334494,22990
6820,1334494,7560
6821,2014,500000
6822,1334494,11290
6823,1334494,8190
6824,2014,500000
6825,2014,500000
6826,2014,500000
6827,1334494,7070
6828,2014,500000
6829,2014,500000
6830,2014,500000
6831,1334494,9160
6832,1334494,5940
6833,2014,500000
6834,1334494,6100
6835,1334494,6550
6836,2014,500000
6837,1334494,10440
6838,2014,500000
6839,2014,500000
6840,2014,500000
6841,2014,500000
6842,1334494,11090
6843,2014,500000
6844,1334494,8610
6845,2014,500000
6846,2014,500000
6847,2014,500000
6848,2014,500000
6849,2014,500000
6850,1334494,8480
6851,2014,500000
6852,1334494,22630
6853,2014,500000
6854,2014,500000
6855,2014,500000
6856,1334494,22210
6857,1334494,8140
6858,1334494,8800
6859,2014,500000
6860,2014,500000
6861,1334494,6790
6862,1334494,15590
6863,1334494,8290
6864,2014,500000
6865,2014,500000
6866,1334494,7600
6867,1334494,7990
6868,1334494,9650
6869,2014,500000
6870,2014,500000
6871,2014,500000
6872,2014,500000
6873,2014,500000
6874,1334494,6600
6875,1334494,8030
6876,2014,500000
6877,2014,500000
6878,2014,500000
6879,2014,500000
6880,2014,500000
6881,1334494,8680
6882,2014,500000
6883,2014,500000
6884,2014,500000
6885,2014,500000
6886,2014,500000
6887,2014,500000
6888,2014,500000
6889,1334494,14240
6890,1334494,6640
6891,2014,500000
6892,1334494,5100
6893,1334494,15790
6894,2014,500000
6895,1334494,11770
6896,2014,500000
6897,1334494,9120
6898,1334494,17270
6899,1334494,7580
6900,2014,500000
6901,1334494,3700
6902,1334494,9910
6903,2014,500000
6904,1334494,6000
6905,2014,500000
6906,2014,500000
6907,1334494,7850
6908,2014,500000
6909,1334494,7640
6910,1334494,7190
6911,2014,500000
6912,2014,500000
6913,1334494,10690
6914,1334494,32950
6915,2014,500000
6916,2014,500000
6917,1334494,6930
6918,1334494,8970
6919,1334494,12460
6920,2014,500000
6921,1334494,8490
6922,1334494,35060
6923,2014,500000
6924,1334494,11090
6925,2014,500000
6926,1334494,11740
6927,2014,500000
6928,2014,500000
6929,2014,500000
6930,1334494,6150
6931,2014,500000
6932,2014,500000
6933,1334494,8250
6934,1334494,9300
6935,1334494,7240
6936,1334494,18000
6937,1334494,9750
6938,1334494,22810
6939,2014,500000
6940,1334494,7050
6941,1334494,7690
6942,1334494,6750
6943,2014,500000
6944,1334494,11250
6945,2014,500000
6946,1334494,6550
6947,2014,500000
6948,2014,500000
6949,1334494,7160
6950,2014,500000
6951,2014,500000
6952,2014,500000
6953,2014,500000
6954,2014,500000
6955,1334494,12370
6956,1334494,5350
6957,1334494,6100
6958,1334494,14500
6959,2014,500000
6960,2014,500000
6961,1334494,6290
6962,2014,500000
6963,1334494,6400
6964,2014,500000
6965,1334494,6900
6966,1334494,8820
6967,1334494,8090
6968,2014,500000
6969,2014,500000
6970,1334494,13250
6971,1334494,10630
6972,2014,500000
6973,2014,500000
6974,2014,500000
6975,1334494,3600
6976,1334494,10320
6977,2014,500000
6978,2014,500000
6979,1334494,19200
6980,1334494,18670
6981,2014,500000
6982,2014,500000
6983,1334494,4700
6984,2014,500000
6985,2014,500000
6986,2014,500000
6987,2014,500000
6988,2014,500000
6989,2014,500000
6990,1334494,6520
6991,2014,500000
6992,1334494,8430
6993,1334494,9240
6994,1334494,17350
6995,1334494,7150
6996,1334494,8530
6997,1334494,13550
6998,1334494,8080
6999,2014,500000
7000,1334494,6260
7001,2014,500000
7002,2014,500000
7003,2014,500000
7004,1334494,11490
7005,1334494,9460
7006,2014,500000
7007,2014,500000
7008,2014,500000
7009,1334494,4700
7010,2014,500000
7011,2014,500000
7012,1334494,7480
7013,1334494,6770
7014,1334494,6800
7015,2014,500000
7016,2014,500000
7017,1334494,8240
7018,2014,500000
7019,2014,500000
7020,1334494,7200
7021,1334494,3820
7022,1334494,29700
7023,1334494,7220
7024,1334494,5280
7025,1334494,8640
7026,1334494,8840
7027,1334494,7130
7028,1334494,8700
7029,2014,500000
7030,1334494,4000
7031,1334494,7670
7032,1334494,5700
7033,2014,500000
7034,2014,500000
7035,2014,500000
7036,1334494,10470
7037,1334494,9040
7038,1334494,12990
7039,1334494,7700
7040,1334494,5770
7041,1334494,7750
7042,2014,500000
7043,1334494,6050
7044,2014,500000
7045,2014,500000
7046,2014,500000
7047,2014,500000
7048,1334494,8210
7049,1334494,7630
7050,1334494,18700
7051,2014,500000
7052,2014,500000
7053,1334494,16260
7054,2014,500000
7055,1334494,8280
7056,2014,500000
7057,2014,500000
7058,1334494,7830
7059,2014,500000
7060,1334494,8160
7061,1334494,5900
7062,2014,500000
7063,2014,500000
7064,2014,500000
7065,1334494,6540
7066,1334494,158400
7067,1334494,15900
7068,1334494,6550
7069,2014,500000
7070,2014,500000
7071,1334494,5500
7072,2014,500000
7073,2014,500000
7074,1334494,7330
7075,1334494,9270
7076,2014,500000
7077,1334494,6660
7078,1334494,5340
7079,2014,500000
7080,2014,500000
7081,2014,500000
7082,1334494,37860
7083,1334494,12100
7084,1334494,8720
7085,2014,500000
7086,1334494,6500
7087,1334494,6770
7088,2014,500000
7089,2014,500000
7090,2014,500000
7091,1334494,6640
7092,1334494,14220
7093,2014,500000
7094,2014,500000
7095,1334494,15450
7096,2014,500000
7097,1334494,8010
7098,2014,500000
7099,1334494,32200
7100,1334494,7390
7101,2014,500000
7102,2014,500000
7103,1334494,5720
7104,2014,500000
7105,1334494,5700
7106,2014,500000
7107,1334494,5760
7108,1334494,9640
7109,1334494,10310
7110,2014,500000
7111,1334494,5000
7112,2014,500000
7113,1334494,7870
7114,2014,500000
7115,1334494,9630
7116,2014,500000
7117,2014,500000
7118,2014,500000
7119,1334494,7350
7120,2014,500000
7121,1334494,13210
7122,1334494,7940
7123,2014,500000
7124,2014,500000
7125,1334494,4900
7126,1334494,8520
7127,2014,500000
7128,2014,500000
7129,1334494,22600
7130,1334494,8540
7131,2014,500000
7132,1334494,3400
7133,2014,500000
7134,1334494,8530
7135,1334494,5750
7136,2014,500000
7137,1334494,10430
7138,2014,500000
7139,1334494,11180
7140,2014,500000
7141,1334494,6950
7142,1334494,9200
7143,1334494,9580
7144,1334494,16570
7145,1334494,3700
7146,1334494,8600
7147,2014,500000
7148,1334494,32650
7149,1334494,7960
7150,2014,500000
7151,1334494,10320
7152,1334494,10070
7153,2014,500000
7154,1334494,8590
7155,1334494,21230
7156,2014,500000
7157,2014,500000
7158,2014,500000
7159,1334494,6560
7160,1334494,7170
7161,1334494,8530
7162,1334494,12170
7163,2014,500000
7164,2014,500000
7165,2014,500000
7166,2014,500000
7167,1334494,9240
7168,1334494,5320
7169,2014,500000
7170,2014,500000
7171,1334494,10350
7172,1334494,7600
7173,1334494,6750
7174,2014,500000
7175,1334494,9100
7176,2014,500000
7177,1334494,2700
7178,2014,500000
7179,1334494,9880
7180,1334494,7240
7181,1334494,7810
7182,2014,500000
7183,2014,500000
7184,1334494,8190
7185,1334494,7330
7186,2014,500000
7187,2014,500000
7188,1334494,7040
7189,2014,500000
7190,2014,500000
7191,1334494,28900
7192,1334494,7490
7193,1334494,10140
7194,1334494,6820
7195,1334494,19880
7196,2014,500000
7197,1334494,5920
7198,1334494,11020
7199,1334494,3400
7200,2014,500000
7201,1334494,10090
7202,2014,500000
7203,2014,500000
7204,2014,500000
7205,1334494,10040
7206,2014,500000
7207,1334494,11640
7208,1334494,14020
7209,1334494,8370
7210,2014,500000
7211,2014,500000
7212,1334494,5200
7213,2014,500000
7214,1334494,6880
7215,1334494,11190
7216,1334494,7060
7217,2014,500000
7218,1334494,9030
7219,2014,500000
7220,2014,500000
7221,1334494,7530
7222,2014,500000
7223,2014,500000
7224,1334494,13620
7225,1334494,10410
7226,1334494,40700
7227,1334494,7300
7228,2014,500000
7229,1334494,206170
7230,1334494,7040
7231,2014,500000
7232,2014,500000
7233,2014,500000
7234,2014,500000
7235,2014,500000
7236,2014,500000
7237,1334494,8840
7238,2014,500000
7239,2014,500000
7240,2014,500000
7241,1334494,9360
7242,2014,500000
7243,1334494,3600
7244,2014,500000
7245,2014,500000
7246,1334494,31160
7247,1334494,8950
7248,1334494,4500
7249,1334494,6940
7250,2014,500000
7251,1334494,3700
7252,2014,500000
7253,1334494,6540
7254,2014,500000
7255,2014,500000
7256,2014,500000
7257,1334494,7480
7258,2014,500000
7259,2014,500000
7260,1334494,5840
7261,2014,500000
7262,2014,500000
7263,1334494,17050
7264,2014,500000
7265,1334494,16600
7266,1334494,18700
7267,2014,500000
7268,1334494,12100
7269,1334494,8960
7270,2014,500000
7271,1334494,6460
7272,1334494,4100
7273,2014,500000
7274,2014,500000
7275,2014,500000
7276,1334494,5100
7277,1334494,9000
7278,1334494,67950
7279,2014,500000
7280,2014,500000
7281,2014,500000
7282,1334494,11030
7283,1334494,4800
7284,1334494,9710
7285,2014,500000
7286,1334494,8700
7287,1334494,81410
7288,2014,500000
7289,2014,500000
7290,2014,500000
7291,1334494,11510
7292,2014,500000
7293,1334494,7900
7294,1334494,10130
7295,1334494,9740
7296,2014,500000
7297,2014,500000
7298,2014,500000
7299,1334494,7480
7300,1334494,9710
7301,2014,500000
7302,1334494,6380
7303,1334494,8210
7304,2014,500000
7305,2014,500000
7306,1334494,7910
7307,1334494,16690
7308,2014,500000
7309,1334494,5200
7310,2014,500000
7311,2014,500000
7312,2014,500000
7313,2014,500000
7314,1334494,7180
7315,1334494,13820
7316,2014,500000
7317,2014,500000
7318,2014,500000
7319,1334494,6710
7320,2014,500000
7321,2014,500000
7322,2014,500000
7323,2014,500000
7324,2014,500000
7325,2014,500000
7326,2014,500000
7327,1334494,26650
7328,2014,500000
7329,1334494,9410
7330,2014,500000
7331,1334494,8170
7332,1334494,7650
7333,1334494,7800
7334,2014,500000
7335,1334494,8320
7336,1334494,32520
7337,2014,500000
7338,1334494,10500
7339,1334494,14550
7340,2014,500000
7341,1334494,3700
7342,2014,500000
7343,2014,500000
7344,1334494,8090
7345,1334494,7780
7346,2014,500000
7347,2014,500000
7348,2014,500000
7349,2014,500000
7350,2014,500000
7351,2014,500000
7352,1334494,85460
7353,1334494,5450
7354,1334494,85180
7355,2014,500000
7356,2014,500000
7357,1334494,6540
7358,2014,500000
7359,2014,500000
7360,1334494,10420
7361,2014,500000
7362,2014,500000
7363,1334494,7870
7364,1334494,308110
7365,1334494,6410
7366,1334494,6130
7367,2014,500000
7368,2014,500000
7369,2014,500000
7370,2014,500000
7371,1334494,8680
7372,2014,500000
7373,2014,500000
7374,2014,500000
7375,1334494,8790
7376,1334494,5870
7377,1334494,7470
7378,2014,500000
7379,1334494,7360
7380,2014,500000
7381,1334494,10700
7382,1334494,10290
7383,2014,500000
7384,1334494,21900
7385,2014,500000
7386,1334494,9750
7387,2014,500000
7388,2014,500000
7389,1334494,8530
7390,1334494,11550
7391,2014,500000
7392,1334494,10420
7393,2014,500000
7394,2014,500000
7395,1334494,5780
7396,2014,500000
7397,1334494,9370
7398,2014,500000
7399,1334494,13080
7400,2014,500000
7401,1334494,8750
7402,2014,500000
7403,2014,500000
7404,1334494,3900
7405,2014,500000
7406,1334494,6590
7407,2014,500000
7408,1334494,11020
7409,1334494,6330
7410,1334494,15940
7411,1334494,7770
7412,1334494,15550
7413,2014,500000
7414,2014,500000
7415,2014,500000
7416,2014,500000
7417,2014,500000
7418,1334494,8540
7419,1334494,9240
7420,1334494,8610
7421,2014,500000
7422,1334494,5240
7423,1334494,8070
7424,1334494,16990
7425,1334494,8810
7426,1334494,6930
7427,1334494,8810
7428,2014,500000
7429,2014,500000
7430,1334494,10030
7431,1334494,9940
7432,1334494,10810
7433,1334494,11260
7434,1334494,8670
7435,2014,500000
7436,1334494,6090
7437,1334494,6910
7438,1334494,5800
7439,2014,500000
7440,1334494,4800
7441,1334494,6560
7442,2014,500000
7443,1334494,7230
7444,1334494,5670
7445,1334494,6180
7446,1334494,6360
7447,1334494,5840
7448,1334494,11720
7449,2014,500000
7450,2014,500000
7451,2014,500000
7452,2014,500000
7453,2014,500000
7454,1334494,8230
7455,1334494,5700
7456,1334494,5680
7457,2014,500000
7458,2014,500000
7459,1334494,6000
7460,1334494,6460
7461,1334494,34660
7462,2014,500000
7463,2014,500000
7464,2014,500000
7465,2014,500000
7466,2014,500000
7467,2014,500000
7468,1334494,13430
7469,2014,500000
7470,2014,500000
7471,1334494,13230
7472,1334494,8830
7473,1334494,8300
7474,2014,500000
7475,1334494,8990
7476,2014,500000
7477,2014,500000
7478,2014,500000
7479,2014,500000
7480,1334494,7400
7481,2014,500000
7482,2014,500000
7483,1334494,5620
7484,1334494,7040
7485,1334494,8610
7486,1334494,7260
7487,2014,500000
7488,2014,500000
7489,2014,500000
7490,1334494,8560
7491,2014,500000
7492,1334494,9240
7493,2014,500000
7494,1334494,6940
7495,2014,500000
7496,2014,500000
7497,1334494,6590
7498,2014,500000
7499,2014,500000
7500,2014,500000
7501,2014,500000
7502,1334494,11990
7503,2014,500000
7504,2014,500000
7505,2014,500000
7506,2014,500000
7507,1334494,10780
7508,2014,500000
7509,2014,500000
7510,1334494,5620
7511,1334494,10460
7512,2014,500000
7513,2014,500000
7514,2014,500000
7515,1334494,7410
7516,1334494,6020
7517,2014,500000
7518,1334494,5970
7519,1334494,12200
7520,2014,500000
7521,1334494,32500
7522,1334494,10920
7523,1334494,21160
7524,2014,500000
7525,1334494,10200
7526,2014,500000
7527,2014,500000
7528,1334494,8600
7529,1334494,6630
7530,1334494,4590
7531,2014,500000
7532,1334494,9360
7533,1334494,8820
7534,2014,500000
7535,2014,500000
7536,1334494,10140
7537,1334494,11990
7538,2014,500000
7539,1334494,9510
7540,2014,500000
7541,1334494,7030
7542,2014,500000
7543,2014,500000
7544,2014,500000
7545,2014,500000
7546,1334494,38880
7547,1334494,9500
7548,1334494,4000
7549,1334494,9630
7550,1334494,6990
7551,1334494,7600
7552,2014,500000
7553,2014,500000
7554,2014,500000
7555,1334494,5790
7556,2014,500000
7557,2014,500000
7558,1334494,9140
7559,2014,500000
7560,1334494,6800
7561,2014,500000
7562,2014,500000
7563,2014,500000
7564,1334494,7340
7565,2014,500000
7566,1334494,5460
7567,2014,500000
7568,1334494,13080
7569,2014,500000
7570,2014,500000
7571,1334494,7500
7572,1334494,6700
7573,2014,500000
7574,2014,500000
7575,1334494,25900
7576,2014,500000
7577,1334494,9220
7578,2014,500000
7579,1334494,10110
7580,2014,500000
7581,2014,500000
7582,2014,500000
7583,1334494,4600
7584,1334494,10500
7585,2014,500000
7586,2014,500000
7587,1334494,6680
7588,2014,500000
7589,2014,500000
7590,1334494,8600
7591,2014,500000
7592,1334494,10760
7593,1334494,5960
7594,2014,500000
7595,2014,500000
7596,1334494,6010
7597,2014,500000
7598,1334494,23550
7599,1334494,164120
7600,1334494,7220
7601,1334494,10440
7602,2014,500000
7603,1334494,7000
7604,1334494,7180
7605,2014,500000
7606,2014,500000
7607,2014,500000
7608,2014,500000
7609,2014,500000
7610,1334494,8740
7611,2014,500000
7612,2014,500000
7613,2014,500000
7614,2014,500000
7615,2014,500000
7616,2014,500000
7617,1334494,7080
7618,1334494,10710
7619,2014,500000
7620,1334494,10650
7621,2014,500000
7622,1334494,4300
7623,1334494,9400
7624,2014,500000
7625,2014,500000
7626,1334494,29400
7627,1334494,6670
7628,2014,500000
7629,2014,500000
7630,2014,500000
7631,2014,500000
7632,1334494,30170
7633,2014,500000
7634,2014,500000
7635,2014,500000
7636,2014,500000
7637,1334494,4700
7638,2014,500000
7639,2014,500000
7640,2014,500000
7641,2014,500000
7642,1334494,7990
7643,1334494,10210
7644,1334494,6800
7645,1334494,13320
7646,2014,500000
7647,2014,500000
7648,2014,500000
7649,1334494,10200
7650,1334494,25250
7651,2014,500000
7652,2014,500000
7653,1334494,8350
7654,2014,500000
7655,2014,500000
7656,1334494,8310
7657,2014,500000
7658,1334494,9420
7659,1334494,11000
7660,1334494,13420
7661,2014,500000
7662,1334494,14610
7663,2014,500000
7664,1334494,86430
7665,2014,500000
7666,1334494,6260
7667,1334494,7430
7668,2014,500000
7669,1334494,9430
7670,2014,500000
7671,1334494,18190
7672,1334494,10460
7673,2014,500000
7674,2014,500000
7675,1334494,22400
7676,2014,500000
7677,2014,500000
7678,1334494,13130
7679,1334494,7880
7680,2014,500000
7681,1334494,9200
7682,2014,500000
7683,2014,500000
7684,1334494,6770
7685,2014,500000
7686,1334494,7550
7687,2014,500000
7688,1334494,6080
7689,2014,500000
7690,1334494,8980
7691,2014,500000
7692,2014,500000
7693,1334494,14970
7694,1334494,4500
7695,1334494,8310
7696,2014,500000
7697,2014,500000
7698,1334494,9100
7699,1334494,17480
7700,2014,500000
7701,2014,500000
7702,1334494,19380
7703,2014,500000
7704,1334494,4750
7705,1334494,10590
7706,1334494,3300
7707,2014,500000
7708,1334494,8320
7709,1334494,8000
7710,2014,500000
7711,1334494,4780
7712,1334494,13980
7713,2014,500000
7714,1334494,9490
7715,1334494,11660
7716,1334494,7970
7717,2014,500000
7718,2014,500000
7719,1334494,9900
7720,2014,500000
7721,2014,500000
7722,2014,500000
7723,1334494,17670
7724,1334494,8070
7725,2014,500000
7726,2014,500000
7727,1334494,7500
7728,1334494,7990
7729,1334494,12250
7730,2014,500000
7731,2014,500000
7732,1334494,9010
7733,1334494,6870
7734,1334494,13100
7735,2014,500000
7736,2014,500000
7737,1334494,5500
7738,1334494,22400
7739,2014,500000
7740,1334494,6410
7741,1334494,92160
7742,2014,500000
7743,2014,500000
7744,1334494,9000
7745,2014,500000
7746,1334494,8290
7747,1334494,17040
7748,1334494,6120
7749,1334494,32810
7750,1334494,13540
7751,2014,500000
7752,2014,500000
7753,1334494,8780
7754,1334494,3600
7755,1334494,4800
7756,2014,500000
7757,2014,500000
7758,1334494,9400
7759,2014,500000
7760,1334494,6360
7761,2014,500000
7762,2014,500000
7763,1334494,7340
7764,1334494,6130
7765,1334494,9300
7766,2014,500000
7767,1334494,31620
7768,1334494,12390
7769,2014,500000
7770,2014,500000
7771,2014,500000
7772,1334494,5150
7773,2014,500000
7774,1334494,30900
7775,2014,500000
7776,2014,500000
7777,2014,500000
7778,2014,500000
7779,2014,500000
7780,2014,500000
7781,2014,500000
7782,1334494,3500
7783,2014,500000
7784,2014,500000
7785,2014,500000
7786,1334494,7980
7787,1334494,8910
7788,2014,500000
7789,2014,500000
7790,2014,500000
7791,2014,500000
7792,1334494,9100
7793,2014,500000
7794,1334494,7440
7795,1334494,5180
7796,2014,500000
7797,2014,500000
7798,1334494,6670
7799,1334494,7070
7800,2014,500000
7801,1334494,14510
7802,1334494,9830
7803,1334494,9650
7804,2014,500000
7805,2014,500000
7806,1334494,5510
7807,2014,500000
7808,2014,500000
7809,2014,500000
7810,1334494,11000
7811,1334494,14860
7812,1334494,8040
7813,1334494,22150
7814,2014,500000
7815,1334494,9970
7816,1334494,5430
7817,1334494,13700
7818,2014,500000
7819,2014,500000
7820,2014,500000
7821,1334494,6930
7822,2014,500000
7823,1334494,10930
7824,2014,500000
7825,2014,500000
7826,2014,500000
7827,2014,500000
7828,1334494,5200
7829,2014,500000
7830,1334494,7270
7831,2014,500000
7832,1334494,9390
7833,1334494,14080
7834,1334494,5100
7835,1334494,12990
7836,2014,500000
7837,2014,500000
7838,1334494,7980
7839,1334494,7310
7840,1334494,8400
7841,2014,500000
7842,1334494,9230
7843,1334494,5390
7844,2014,500000
7845,2014,500000
7846,1334494,9630
7847,1334494,7940
7848,2014,500000
7849,2014,500000
7850,2014,500000
7851,1334494,30150
7852,1334494,16150
7853,2014,500000
7854,1334494,6360
7855,1334494,5270
7856,1334494,7430
7857,1334494,7820
7858,2014,500000
7859,1334494,7930
7860,1334494,8890
7861,1334494,7520
7862,1334494,9330
7863,1334494,7430
7864,2014,500000
7865,2014,500000
7866,2014,500000
7867,1334494,17800
7868,2014,500000
7869,2014,500000
7870,2014,500000
7871,2014,500000
7872,2014,500000
7873,1334494,5370
7874,1334494,3900
7875,1334494,107850
7876,2014,500000
7877,1334494,9070
7878,1334494,12840
7879,2014,500000
7880,2014,500000
7881,1334494,4000
7882,1334494,11320
7883,2014,500000
7884,2014,500000
7885,2014,500000
7886,2014,500000
7887,2014,500000
7888,2014,500000
7889,2014,500000
7890,2014,500000
7891,1334494,4000
7892,2014,500000
7893,2014,500000
7894,2014,500000
7895,1334494,13730
7896,2014,500000
7897,1334494,5640
7898,1334494,8830
7899,1334494,8910
7900,2014,500000
7901,1334494,14280
7902,1334494,4410
7903,2014,500000
7904,2014,500000
7905,2014,500000
7906,1334494,6800
7907,2014,500000
7908,1334494,22270
7909,2014,500000
7910,1334494,8250
7911,1334494,5960
7912,1334494,13040
7913,2014,500000
7914,2014,500000
7915,2014,500000
7916,1334494,8790
7917,1334494,4070
7918,2014,500000
7919,1334494,5200
7920,1334494,7450
7921,1334494,9300
7922,2014,500000
7923,1334494,8190
7924,2014,500000
7925,2014,500000
7926,2014,500000
7927,1334494,7050
7928,1334494,7800
7929,1334494,7480
7930,2014,500000
7931,2014,500000
7932,1334494,29300
7933,2014,500000
7934,2014,500000
7935,2014,500000
7936,1334494,5330
7937,1334494,15210
7938,1334494,4700
7939,1334494,13320
7940,1334494,7920
7941,2014,500000
7942,2014,500000
7943,2014,500000
7944,2014,500000
7945,1334494,6330
7946,2014,500000
7947,1334494,23530
7948,1334494,12730
7949,2014,500000
7950,2014,500000
7951,1334494,56820
7952,2014,500000
7953,2014,500000
7954,1334494,3100
7955,2014,500000
7956,1334494,16300
7957,1334494,8990
7958,1334494,7420
7959,2014,500000
7960,2014,500000
7961,2014,500000
7962,1334494,17560
7963,1334494,13190
7964,2014,500000
7965,2014,500000
7966,1334494,6220
7967,2014,500000
7968,1334494,6300
7969,1334494,11150
7970,2014,500000
7971,1334494,8480
7972,1334494,4670
7973,2014,500000
7974,2014,500000
7975,2014,500000
7976,2014,500000
7977,2014,500000
7978,1334494,3800
7979,1334494,19800
7980,2014,500000
7981,1334494,12520
7982,2014,500000
7983,1334494,5990
7984,2014,500000
7985,1334494,6880
7986,1334494,3500
7987,1334494,5300
7988,2014,500000
7989,1334494,10150
7990,2014,500000
7991,2014,500000
7992,2014,500000
7993,1334494,14610
7994,1334494,18510
7995,2014,500000
7996,1334494,7000
7997,2014,500000
7998,2014,500000
7999,2014,500000
8000,2014,500000
8001,2014,500000
8002,2014,500000
8003,2014,500000
8004,1334494,17520
8005,1334494,8710
8006,1334494,6740
8007,1334494,9440
8008,1334494,7620
8009,2014,500000
8010,2014,500000
8011,1334494,31490
8012,2014,500000
8013,2014,500000
8014,2014,500000
8015,2014,500000
8016,2014,500000
8017,1334494,13170
8018,2014,500000
8019,1334494,7720
8020,1334494,5860
8021,1334494,14600
8022,1334494,6450
8023,2014,500000
8024,1334494,7920
8025,1334494,11760
8026,1334494,32700
8027,2014,500000
8028,1334494,7640
8029,1334494,6860
8030,1334494,9890
8031,1334494,7140
8032,2014,500000
8033,2014,500000
8034,2014,500000
8035,1334494,4620
8036,1334494,3800
8037,2014,500000
8038,1334494,7300
8039,1334494,6200
8040,1334494,8400
8041,2014,500000
8042,2014,500000
8043,1334494,6390
8044,1334494,6200
8045,1334494,9680
8046,1334494,6810
8047,2014,500000
8048,2014,500000
8049,1334494,7490
8050,2014,500000
8051,2014,500000
8052,1334494,5500
8053,2014,500000
8054,2014,500000
8055,2014,500000
8056,2014,500000
8057,1334494,8010
8058,1334494,8680
8059,1334494,3700
8060,1334494,7420
8061,2014,500000
8062,2014,500000
8063,2014,500000
8064,2014,500000
8065,1334494,6120
8066,2014,500000
8067,2014,500000
8068,1334494,9000
8069,1334494,22700
8070,1334494,5000
8071,1334494,7190
8072,2014,500000
8073,2014,500000
8074,1334494,10240
8075,1334494,40430
8076,1334494,15260
8077,2014,500000
8078,2014,500000
8079,1334494,9120
8080,2014,500000
8081,2014,500000
8082,2014,500000
8083,1334494,11300
8084,2014,500000
8085,2014,500000
8086,2014,500000
8087,2014,500000
8088,2014,500000
8089,2014,500000
8090,1334494,6700
8091,1334494,12550
8092,1334494,14170
8093,1334494,8150
8094,1334494,8770
8095,2014,500000
8096,1334494,7400
8097,1334494,15200
8098,2014,500000
8099,1334494,7670
8100,1334494,8850
8101,1334494,8500
8102,1334494,83400
8103,1334494,9280
8104,1334494,11400
8105,2014,500000
8106,2014,500000
8107,1334494,5500
8108,1334494,10870
8109,1334494,4200
8110,2014,500000
8111,2014,500000
8112,1334494,8280
8113,1334494,8300
8114,2014,500000
8115,1334494,7430
8116,2014,500000
8117,1334494,8020
8118,2014,500000
8119,1334494,6930
8120,1334494,3500
8121,1334494,6970
8122,2014,500000
8123,2014,500000
8124,1334494,6860
8125,1334494,15300
8126,1334494,8400
8127,2014,500000
8128,1334494,9830
8129,1334494,9400
8130,1334494,8140
8131,2014,500000
8132,1334494,4600
8133,2014,500000
8134,1334494,11670
8135,2014,500000
8136,1334494,5300
8137,1334494,15530
8138,2014,500000
8139,2014,500000
8140,1334494,13480
8141,1334494,8700
8142,1334494,7170
8143,2014,500000
8144,2014,500000
8145,2014,500000
8146,1334494,10020
8147,2014,500000
8148,2014,500000
8149,1334494,5400
8150,2014,500000
8151,1334494,14320
8152,1334494,9170
8153,2014,500000
8154,2014,500000
8155,2014,500000
8156,2014,500000
8157,2014,500000
8158,2014,500000
8159,1334494,6700
8160,2014,500000
8161,1334494,7900
8162,1334494,12710
8163,1334494,10130
8164,1334494,8830
8165,1334494,6960
8166,1334494,6340
8167,1334494,6810
8168,1334494,8800
8169,1334494,7580
8170,2014,500000
8171,2014,500000
8172,2014,500000
8173,2014,500000
8174,2014,500000
8175,2014,500000
8176,2014,500000
8177,2014,500000
8178,2014,500000
8179,1334494,5100
8180,1334494,16000
8181,1334494,10830
8182,2014,500000
8183,1334494,7220
8184,1334494,15060
8185,1334494,10200
8186,1334494,15520
8187,1334494,7250
8188,2014,500000
8189,2014,500000
8190,2014,500000
8191,1334494,10280
8192,2014,500000
8193,2014,500000
8194,2014,500000
8195,1334494,10290
8196,1334494,7600
8197,1334494,6100
8198,2014,500000
8199,2014,500000
8200,1334494,12150
8201,2014,500000
8202,1334494,7900
8203,1334494,6160
8204,1334494,8650
8205,1334494,4600
8206,1334494,6730
8207,1334494,10360
8208,2014,500000
8209,2014,500000
8210,2014,500000
8211,1334494,7950
8212,1334494,6470
8213,2014,500000
8214,2014,500000
8215,2014,500000
8216,1334494,7340
8217,1334494,7860
8218,2014,500000
8219,1334494,6110
8220,2014,500000
8221,2014,500000
8222,1334494,21470
8223,1334494,10250
8224,2014,500000
8225,2014,500000
8226,1334494,5680
8227,1334494,6930
8228,1334494,7240
8229,2014,500000
8230,1334494,6760
8231,1334494,33730
8232,1334494,7580
8233,1334494,9000
8234,2014,500000
8235,2014,500000
8236,2014,500000
8237,2014,500000
8238,1334494,9850
8239,2014,500000
8240,2014,500000
8241,2014,500000
8242,2014,500000
8243,1334494,7960
8244,1334494,9220
8245,2014,500000
8246,2014,500000
8247,2014,500000
8248,2014,500000
8249,1334494,7450
8250,2014,500000
8251,2014,500000
8252,1334494,5930
8253,1334494,7530
8254,1334494,13740
8255,1334494,9700
8256,1334494,6240
8257,2014,500000
8258,1334494,8400
8259,2014,500000
8260,1334494,3100
8261,1334494,8670
8262,2014,500000
8263,1334494,7900
8264,1334494,8210
8265,2014,500000
8266,2014,500000
8267,1334494,33820
8268,2014,500000
8269,2014,500000
8270,1334494,12890
8271,1334494,6790
8272,2014,500000
8273,2014,500000
8274,1334494,6900
8275,1334494,5820
8276,1334494,11850
8277,1334494,6220
8278,2014,500000
8279,2014,500000
8280,2014,500000
8281,1334494,10420
8282,1334494,9390
8283,2014,500000
8284,1334494,15000
8285,2014,500000
8286,1334494,5220
8287,2014,500000
8288,1334494,7050
8289,2014,500000
8290,1334494,7460
8291,1334494,10200
8292,1334494,7380
8293,1334494,17060
8294,1334494,6920
8295,2014,500000
8296,2014,500000
8297,1334494,10750
8298,2014,500000
8299,1334494,9100
8300,1334494,10560
8301,1334494,6230
8302,1334494,8340
8303,2014,500000
8304,2014,500000
8305,1334494,6770
8306,1334494,6170
8307,1334494,9260
8308,1334494,32440
8309,1334494,7470
8310,2014,500000
8311,1334494,30250
8312,1334494,5460
8313,1334494,5990
8314,1334494,89320
8315,1334494,10140
8316,2014,500000
8317,1334494,7250
8318,2014,500000
8319,2014,500000
8320,1334494,6590
8321,1334494,6430
8322,2014,500000
8323,2014,500000
8324,1334494,7410
8325,1334494,7610
8326,1334494,7290
8327,1334494,6860
8328,1334494,81300
8329,2014,500000
8330,1334494,9740
8331,2014,500000
8332,1334494,7800
8333,1334494,5500
8334,1334494,12470
8335,1334494,10050
8336,1334494,13670
8337,2014,500000
8338,2014,500000
8339,1334494,7720
8340,2014,500000
8341,2014,500000
8342,2014,500000
8343,2014,500000
8344,1334494,5250
8345,2014,500000
8346,2014,500000
8347,1334494,9070
8348,1334494,3900
8349,1334494,7490
8350,1334494,9550
8351,1334494,8060
8352,1334494,9360
8353,2014,500000
8354,2014,500000
8355,2014,500000
8356,2014,500000
8357,2014,500000
8358,1334494,8660
8359,2014,500000
8360,2014,500000
8361,1334494,5890
8362,1334494,7300
8363,2014,500000
8364,1334494,5220
8365,2014,500000
8366,2014,500000
8367,2014,500000
8368,2014,500000
8369,1334494,6690
8370,1334494,7410
8371,1334494,8500
8372,1334494,9910
8373,2014,500000
8374,1334494,10210
8375,1334494,9180
8376,2014,500000
8377,1334494,17550
8378,1334494,15100
8379,2014,500000
8380,1334494,11020
8381,1334494,9950
8382,2014,500000
8383,1334494,11560
8384,1334494,10340
8385,2014,500000
8386,1334494,6860
8387,1334494,9910
8388,2014,500000
8389,2014,500000
8390,2014,500000
8391,2014,500000
8392,2014,500000
8393,2014,500000
8394,1334494,9350
8395,2014,500000
8396,2014,500000
8397,2014,500000
8398,1334494,7300
8399,2014,500000
8400,1334494,8020
8401,2014,500000
8402,1334494,6040
8403,2014,500000
8404,2014,500000
8405,2014,500000
8406,2014,500000
8407,1334494,10380
8408,1334494,7260
8409,2014,500000
8410,2014,500000
8411,1334494,7980
8412,1334494,8980
8413,2014,500000
8414,2014,500000
8415,2014,500000
8416,2014,500000
8417,1334494,7840
8418,1334494,14890
8419,1334494,18220
8420,2014,500000
8421,1334494,11660
8422,2014,500000
8423,1334494,11800
8424,1334494,18900
8425,1334494,10340
8426,2014,500000
8427,1334494,6080
8428,1334494,12870
8429,1334494,9900
8430,1334494,6110
8431,1334494,7670
8432,1334494,4900
8433,1334494,5810
8434,2014,500000
8435,2014,500000
8436,1334494,7110
8437,2014,500000
8438,2014,500000
8439,2014,500000
8440,2014,500000
8441,2014,500000
8442,1334494,9250
8443,2014,500000
8444,2014,500000
8445,2014,500000
8446,1334494,10080
8447,1334494,8050
8448,2014,500000
8449,1334494,7390
8450,2014,500000
8451,2014,500000
8452,1334494,7480
8453,1334494,31400
8454,2014,500000
8455,1334494,14040
8456,1334494,9580
8457,1334494,8100
8458,1334494,6810
8459,2014,500000
8460,1334494,7900
8461,2014,500000
8462,2014,500000
8463,2014,500000
8464,1334494,4700
8465,2014,500000
8466,1334494,11650
8467,2014,500000
8468,2014,500000
8469,1334494,16620
8470,2014,500000
8471,2014,500000
8472,2014,500000
8473,1334494,10280
8474,2014,500000
8475,2014,500000
8476,2014,500000
8477,2014,500000
8478,1334494,5400
8479,2014,500000
8480,2014,500000
8481,1334494,7960
8482,1334494,6900
8483,2014,500000
8484,1334494,7050
8485,1334494,7870
8486,2014,500000
8487,2014,500000
8488,2014,500000
8489,1334494,9050
8490,2014,500000
8491,1334494,8440
8492,1334494,5370
8493,1334494,23530
8494,2014,500000
8495,1334494,23940
8496,1334494,7580
8497,2014,500000
8498,2014,500000
8499,2014,500000
8500,2014,500000
8501,2014,500000
8502,1334494,6890
8503,2014,500000
8504,2014,500000
8505,2014,500000
8506,2014,500000
8507,2014,500000
8508,1334494,7660
8509,1334494,4600
8510,1334494,11740
8511,1334494,8330
8512,1334494,5200
8513,1334494,8720
8514,2014,500000
8515,2014,500000
8516,1334494,6600
8517,1334494,7170
8518,2014,500000
8519,1334494,6920
8520,2014,500000
8521,2014,500000
8522,2014,500000
8523,2014,500000
8524,2014,500000
8525,1334494,5960
8526,1334494,8730
8527,2014,500000
8528,2014,500000
8529,1334494,9700
8530,2014,500000
8531,2014,500000
8532,1334494,25040
8533,2014,500000
8534,2014,500000
8535,2014,500000
8536,2014,500000
8537,1334494,7530
8538,2014,500000
8539,2014,500000
8540,2014,500000
8541,1334494,16460
8542,1334494,4920
8543,1334494,5000
8544,1334494,8410
8545,2014,500000
8546,1334494,6500
8547,2014,500000
8548,1334494,6100
8549,2014,500000
8550,2014,500000
8551,1334494,7360
8552,2014,500000
8553,1334494,3500
8554,1334494,12160
8555,1334494,7450
8556,1334494,6860
8557,2014,500000
8558,2014,500000
8559,2014,500000
8560,2014,500000
8561,1334494,17630
8562,1334494,6200
8563,1334494,18800
8564,1334494,8790
8565,1334494,19340
8566,1334494,16830
8567,1334494,156000
8568,2014,500000
8569,2014,500000
8570,1334494,6120
8571,2014,500000
8572,1334494,9110
8573,1334494,6300
8574,2014,500000
8575,1334494,7530
8576,1334494,8300
8577,2014,500000
8578,2014,500000
8579,2014,500000
8580,1334494,9100
8581,1334494,14190
8582,2014,500000
8583,1334494,6270
8584,2014,500000
8585,2014,500000
8586,2014,500000
8587,1334494,8040
8588,2014,500000
8589,1334494,6900
8590,2014,500000
8591,2014,500000
8592,2014,500000
8593,1334494,9490
8594,2014,500000
8595,2014,500000
8596,1334494,6950
8597,1334494,5560
8598,2014,500000
8599,1334494,32950
8600,2014,500000
8601,1334494,10750
8602,1334494,36500
8603,1334494,9610
8604,2014,500000
8605,1334494,11500
8606,1334494,4600
8607,1334494,7090
8608,1334494,6270
8609,1334494,5440
8610,2014,500000
8611,2014,500000
8612,2014,500000
8613,2014,500000
8614,2014,500000
8615,2014,500000
8616,1334494,57800
8617,2014,500000
8618,1334494,6160
8619,1334494,7630
8620,2014,500000
8621,1334494,6800
8622,1334494,6680
8623,2014,500000
8624,2014,500000
8625,1334494,7600
8626,1334494,6590
8627,1334494,6620
8628,2014,500000
8629,1334494,4380
8630,2014,500000
8631,2014,500000
8632,2014,500000
8633,2014,500000
8634,2014,500000
8635,2014,500000
8636,2014,500000
8637,1334494,33250
8638,1334494,7300
8639,2014,500000
8640,2014,500000
8641,1334494,6280
8642,2014,500000
8643,1334494,162590
8644,1334494,31400
8645,2014,500000
8646,1334494,7460
8647,1334494,11720
8648,1334494,8660
8649,1334494,5800
8650,2014,500000
8651,1334494,8630
8652,2014,500000
8653,2014,500000
8654,1334494,5960
8655,1334494,6400
8656,2014,500000
8657,2014,500000
8658,2014,500000
8659,1334494,6310
8660,2014,500000
8661,2014,500000
8662,2014,500000
8663,1334494,7280
8664,1334494,7360
8665,2014,500000
8666,1334494,8590
8667,2014,500000
8668,2014,500000
8669,2014,500000
8670,2014,500000
8671,2014,500000
8672,1334494,10050
8673,2014,500000
8674,2014,500000
8675,1334494,8270
8676,1334494,6160
8677,2014,500000
8678,2014,500000
8679,2014,500000
8680,2014,500000
8681,1334494,21650
8682,2014,500000
8683,2014,500000
8684,2014,500000
8685,2014,500000
8686,1334494,6900
8687,1334494,8280
8688,2014,500000
8689,2014,500000
8690,1334494,7650
8691,2014,500000
8692,2014,500000
8693,2014,500000
8694,1334494,5100
8695,1334494,16240
8696,2014,500000
8697,1334494,30740
8698,2014,500000
8699,1334494,12300
8700,2014,500000
8701,2014,500000
8702,1334494,7680
8703,2014,500000
8704,2014,500000
8705,1334494,10240
8706,2014,500000
8707,2014,500000
8708,1334494,6250
8709,2014,500000
8710,2014,500000
8711,2014,500000
8712,1334494,8800
8713,1334494,14450
8714,2014,500000
8715,1334494,19140
8716,1334494,5000
8717,1334494,7380
8718,2014,500000
8719,1334494,7300
8720,1334494,9350
8721,2014,500000
8722,2014,500000
8723,1334494,8300
8724,2014,500000
8725,1334494,15510
8726,2014,500000
8727,1334494,7850
8728,2014,500000
8729,1334494,10970
8730,1334494,8130
8731,2014,500000
8732,2014,500000
8733,2014,500000
8734,2014,500000
8735,1334494,8010
8736,1334494,20410
8737,2014,500000
8738,1334494,11580
8739,1334494,5440
8740,2014,500000
8741,1334494,12940
8742,1334494,10820
8743,2014,500000
8744,1334494,7160
8745,1334494,8770
8746,2014,500000
8747,2014,500000
8748,2014,500000
8749,2014,500000
8750,2014,500000
8751,1334494,11440
8752,1334494,14260
8753,2014,500000
8754,1334494,9800
8755,1334494,7780
8756,2014,500000
8757,2014,500000
8758,2014,500000
8759,1334494,8530
8760,1334494,6020
8761,2014,500000
8762,1334494,10960
8763,1334494,14020
8764,2014,500000
8765,2014,500000
8766,2014,500000
8767,1334494,5060
8768,1334494,11570
8769,2014,500000
8770,2014,500000
8771,1334494,8910
8772,2014,500000
8773,1334494,5700
8774,1334494,7600
8775,2014,500000
8776,2014,500000
8777,2014,500000
8778,2014,500000
8779,2014,500000
8780,1334494,6630
8781,1334494,6840
8782,2014,500000
8783,1334494,5200
8784,2014,500000
8785,2014,500000
8786,2014,500000
8787,1334494,13400
8788,1334494,5900
8789,1334494,5320
8790,2014,500000
8791,2014,500000
8792,2014,500000
8793,1334494,8780
8794,1334494,8600
8795,2014,500000
8796,2014,500000
8797,2014,500000
8798,1334494,7980
8799,2014,500000
8800,1334494,7320
8801,12343298,840
8802,12222614,150
8803,12222614,290
8804,12343298,690
8805,12343298,840
8806,12222614,480
8807,12343298,530
8808,12222614,210
8809,12343298,1300
8810,12343298,620
8811,12222614,400
8812,12222614,330
8813,12343298,530
8814,12222614,150
8815,12343298,670
8816,12222614,480
8817,12222614,380
8818,12222614,150
8819,12343298,840
8820,12222614,400
8821,12343298,840
8822,12222614,400
8823,12343298,750
8824,12222614,400
8825,2014,500000
8826,12222614,290
8827,12222614,400
8828,12222614,320
8829,12222614,150
8830,12222614,420
8831,12222614,300
8832,12343298,750
8833,12222614,380
8834,12222614,320
8835,12222614,380
8836,12222614,350
8837,2014,500000
8838,12222614,480
8839,12343298,600
8840,12222614,150
8841,12222614,260
8842,12343298,840
8843,12343298,610
8844,12222614,290
8845,12343298,750
8846,12222614,110
8847,12222614,270
8848,12343298,600
8849,12222614,380
8850,12343298,840
8851,12343298,840
8852,12222614,150
8853,12222614,490
8854,12343298,670
8855,12222614,320
8856,2014,500000
8857,12343298,840
8858,12222614,320
8859,12222614,260
8860,12343298,840
8861,12222614,380
8862,12343298,670
8863,12222614,200
8864,12222614,290
8865,12222614,150
8866,12222614,150
8867,12222614,430
8868,12222614,290
8869,12222614,260
8870,12222614,200
8871,12222614,200
8872,12343298,640
8873,12222614,290
8874,12343298,840
8875,12343298,530
8876,12222614,260
8877,12222614,260
8878,12222614,480
8879,12222614,480
8880,12222614,480
8881,12222614,260
8882,12222614,300
8883,12222614,250
8884,12222614,320
8885,12343298,670
8886,12343298,670
8887,12222614,480
8888,12222614,150
8889,12222614,380
8890,12343298,600
8891,12222614,480
8892,12222614,480
8893,12222614,480
8894,12343298,750
8895,12222614,320
8896,12343298,600
8897,12222614,290
8898,12343298,530
8899,12222614,200
8900,12343298,840
8901,2014,500000
8902,12343298,1150
8903,12222614,260
8904,12222614,290
8905,12343298,500
8906,12343298,840
8907,12222614,400
8908,12222614,400
8909,12222614,400
8910,12343298,750
8911,12222614,200
8912,12222614,340
8913,12222614,380
8914,12222614,320
8915,12222614,210
8916,12222614,320
8917,12222614,290
8918,12222614,290
8919,12222614,200
8920,12222614,290
8921,12222614,480
8922,12343298,530
8923,12222614,400
8924,12222614,200
8925,12343298,750
8926,12222614,320
8927,12343298,530
8928,12343298,560
8929,12343298,600
8930,12222614,340
8931,2014,500000
8932,12343298,840
8933,12222614,150
8934,12222614,380
8935,12222614,290
8936,12343298,750
8937,12343298,530
8938,12343298,600
8939,12222614,110
8940,12222614,480
8941,12222614,150
8942,12343298,600
8943,1334494,8090
8944,12222614,300
8945,12222614,380
8946,12222614,210
8947,12222614,150
8948,1334494,10320
8949,12222614,400
8950,12222614,400
8951,1334494,6850
8952,12222614,320
8953,12222614,320
8954,12343298,510
8955,12222614,110
8956,12222614,400
8957,12343298,600
8958,12343298,750
8959,12343298,1050
8960,12343298,530
8961,12343298,1050
8962,12222614,380
8963,12222614,480
8964,12222614,380
8965,12222614,260
8966,2014,500000
8967,12222614,380
8968,1334494,9140
8969,12222614,380
8970,12222614,220
8971,12343298,530
8972,2014,500000
8973,12222614,400
8974,12222614,380
8975,12222614,400
8976,12343298,670
8977,2014,500000
8978,12343298,670
8979,12222614,480
8980,12222614,240
8981,2014,500000
8982,12343298,530
8983,1334494,32710
8984,12343298,840
8985,12222614,130
8986,12222614,290
8987,12222614,290
8988,12343298,600
8989,12222614,290
8990,12222614,210
8991,12222614,290
8992,12222614,110
8993,12343298,600
8994,12222614,380
8995,12343298,670
8996,12343298,610
8997,12222614,260
8998,1334494,19700
8999,12222614,150
9000,12343298,670
9001,12222614,230
9002,12343298,840
9003,12343298,840
9004,12343298,540
9005,12222614,290
9006,12222614,290
9007,12222614,260
9008,12222614,320
9009,12222614,320
9010,12222614,210
9011,12222614,150
9012,12343298,600
9013,12343298,530
9014,12222614,480
9015,12222614,210
9016,12222614,110
9017,12222614,150
9018,12222614,150
9019,12343298,520
9020,12222614,400
9021,12222614,260
9022,12222614,200
9023,12222614,260
9024,12222614,400
9025,12222614,480
9026,12222614,320
9027,12222614,110
9028,12343298,840
9029,12343298,860
9030,12222614,290
9031,12222614,200
9032,12222614,150
9033,12222614,290
9034,12222614,480
9035,12222614,480
9036,12343298,600
9037,12222614,110
9038,12222614,260
9039,12222614,200
9040,12343298,600
9041,12222614,410
9042,12222614,320
9043,12222614,260
9044,12343298,600
9045,2014,500000
9046,12222614,290
9047,12222614,270
9048,12222614,400
9049,12222614,380
9050,12343298,840
9051,12222614,290
9052,12222614,200
9053,12222614,260
9054,12222614,250
9055,12222614,400
9056,12222614,340
9057,12222614,150
9058,12222614,380
9059,12343298,530
9060,12222614,290
9061,12343298,600
9062,12222614,320
9063,12343298,530
9064,12222614,290
9065,2014,500000
9066,12222614,110
9067,12222614,290
9068,12222614,320
9069,12222614,320
9070,12222614,110
9071,12343298,670
9072,12222614,290
9073,2014,500000
9074,12343298,750
9075,12222614,220
9076,12222614,320
9077,12222614,230
9078,12222614,380
9079,12222614,150
9080,12343298,530
9081,12222614,400
9082,12222614,420
9083,12222614,290
9084,12343298,530
9085,12222614,380
9086,12222614,200
9087,12222614,150
9088,2014,500000
9089,12222614,490
9090,12343298,840
9091,12343298,840
9092,12222614,110
9093,12222614,210
9094,12343298,750
9095,12222614,290
9096,12222614,400
9097,12343298,530
9098,12343298,670
9099,12343298,1050
9100,12343298,840
9101,12222614,380
9102,12222614,320
9103,12222614,380
9104,12343298,750
9105,12222614,210
9106,12222614,380
9107,12222614,200
9108,12343298,750
9109,12222614,170
9110,12222614,230
9111,12222614,400
9112,12343298,840
9113,12343298,530
9114,12222614,320
9115,12222614,290
9116,12222614,320
9117,12222614,210
9118,12222614,210
9119,12222614,200
9120,12222614,350
9121,12222614,200
9122,12222614,290
9123,12222614,320
9124,12222614,480
9125,12222614,320
9126,12222614,110
9127,12222614,200
9128,12222614,490
9129,12222614,380
9130,12222614,160
9131,12222614,200
9132,12222614,480
9133,12222614,200
9134,12222614,290
9135,12343298,1050
9136,12343298,1050
9137,12343298,750
9138,12222614,290
9139,12343298,670
9140,12343298,840
9141,12343298,1050
9142,12343298,600
9143,12222614,480
9144,12222614,400
9145,12222614,360
9146,12222614,480
9147,12222614,150
9148,12343298,1070
9149,12222614,400
9150,12222614,150
9151,12222614,200
9152,12222614,400
9153,12343298,530
9154,12222614,480
9155,12222614,290
9156,12343298,840
9157,12222614,200
9158,12222614,210
9159,12222614,110
9160,12222614,400
9161,12222614,480
9162,12222614,380
9163,12222614,290
9164,12222614,380
9165,12343298,840
9166,1334494,30140
9167,12222614,200
9168,12222614,420
9169,12222614,290
9170,12343298,870
9171,12222614,400
9172,12222614,260
9173,12222614,480
9174,12222614,290
9175,12222614,200
9176,12222614,160
9177,12222614,480
9178,12222614,400
9179,12222614,320
9180,12343298,530
9181,12222614,150
9182,12343298,670
9183,12222614,320
9184,2014,500000
9185,12222614,320
9186,12343298,600
9187,12222614,290
9188,12343298,670
9189,2014,500000
9190,12222614,320
9191,12222614,150
9192,12222614,390
9193,12343298,530
9194,12222614,380
9195,12222614,400
9196,12222614,400
9197,12343298,670
9198,12222614,150
9199,12343298,600
9200,12222614,150
9201,12222614,370
9202,12222614,410
9203,12222614,210
9204,12222614,110
9205,12222614,290
9206,12343298,670
9207,12222614,400
9208,12343298,530
9209,12222614,380
9210,12222614,150
9211,12222614,260
9212,2014,500000
9213,2014,500000
9214,12222614,480
9215,12222614,110
9216,12222614,290
9217,12343298,750
9218,1334494,7420
9219,12222614,150
9220,12343298,670
9221,12222614,150
9222,12222614,290
9223,12343298,600
9224,12222614,400
9225,12222614,270
9226,12343298,670
9227,12343298,840
9228,12222614,200
9229,12222614,120
9230,12222614,260
9231,12343298,600
9232,12222614,150
9233,12343298,670
9234,12343298,750
9235,12222614,210
9236,12222614,380
9237,12222614,260
9238,12222614,300
9239,2014,500000
9240,12222614,410
9241,12222614,110
9242,12222614,290
9243,12343298,670
9244,12222614,480
9245,12343298,1050
9246,12222614,310
9247,12222614,320
9248,12222614,210
9249,12222614,320
9250,2014,500000
9251,12222614,480
9252,12343298,600
9253,12222614,380
9254,12222614,210
9255,2014,500000
9256,12343298,840
9257,12222614,260
9258,12222614,290
9259,2014,500000
9260,12343298,670
9261,12222614,110
9262,12222614,150
9263,12222614,290
9264,12222614,260
9265,12222614,400
9266,12343298,840
9267,12222614,480
9268,12222614,150
9269,12222614,110
9270,12222614,380
9271,2014,500000
9272,12222614,380
9273,12222614,400
9274,12343298,1080
9275,12343298,840
9276,12222614,290
9277,12222614,200
9278,12222614,150
9279,12222614,380
9280,12222614,260
9281,12343298,670
9282,12222614,400
9283,2014,500000
9284,12222614,260
9285,12222614,260
9286,12222614,380
9287,12343298,600
9288,12222614,380
9289,12222614,110
9290,12222614,420
9291,12222614,350
9292,12343298,600
9293,12222614,380
9294,12343298,670
9295,12222614,480
9296,12222614,290
9297,12343298,670
9298,12222614,210
9299,12222614,480
9300,12222614,480
9301,12222614,290
9302,12343298,610
9303,12343298,840
9304,12222614,150
9305,12222614,200
9306,12222614,480
9307,12343298,600
9308,12222614,200
9309,12343298,530
9310,2014,500000
9311,12222614,150
9312,12222614,290
9313,2014,500000
9314,12222614,210
9315,12222614,110
9316,12222614,150
9317,12222614,150
9318,12343298,600
9319,12222614,320
9320,12222614,290
9321,12222614,290
9322,12222614,200
9323,12343298,500
9324,12343298,560
9325,12222614,380
9326,12222614,320
9327,12343298,530
9328,12222614,400
9329,2014,500000
9330,1334494,7340
9331,12222614,400
9332,12343298,840
9333,1334494,6230
9334,12222614,150
9335,12222614,400
9336,12222614,260
9337,12222614,480
9338,12222614,480
9339,12222614,320
9340,12343298,840
9341,12222614,310
9342,12222614,400
9343,12222614,210
9344,12222614,400
9345,12222614,420
9346,12343298,530
9347,12222614,400
9348,12222614,210
9349,12343298,600
9350,12222614,260
9351,12222614,480
9352,12222614,210
9353,12222614,380
9354,12222614,190
9355,12222614,110
9356,12222614,210
9357,12222614,400
9358,12222614,290
9359,12222614,200
9360,12222614,320
9361,12222614,290
9362,1334494,11200
9363,12222614,320
9364,12343298,530
9365,12222614,210
9366,12222614,210
9367,1334494,6120
9368,12222614,400
9369,12222614,200
9370,12343298,860
9371,12343298,1050
9372,12222614,200
9373,12222614,380
9374,12222614,290
9375,12343298,840
9376,12222614,210
9377,12222614,200
9378,12222614,480
9379,12343298,530
9380,12222614,320
9381,12222614,400
9382,12343298,670
9383,12343298,1050
9384,12222614,210
9385,12343298,840
9386,12222614,210
9387,12222614,320
9388,12222614,400
9389,1334494,6680
9390,12222614,290
9391,12343298,540
9392,12343298,750
9393,12343298,750
9394,12343298,1050
9395,12343298,530
9396,12222614,300
9397,12222614,290
9398,12222614,380
9399,12343298,670
9400,12222614,320
9401,12343298,600
9402,12222614,480
9403,12222614,150
9404,12222614,290
9405,12222614,290
9406,12222614,400
9407,12343298,600
9408,12222614,260
9409,1334494,6280
9410,12343298,840
9411,12343298,530
9412,12222614,200
9413,12222614,320
9414,12343298,840
9415,12222614,380
9416,12222614,200
9417,12222614,200
9418,12222614,210
9419,12222614,480
9420,12343298,530
9421,1334494,15960
9422,12343298,600
9423,2014,500000
9424,12343298,530
9425,12222614,260
9426,12343298,530
9427,12222614,170
9428,12222614,400
9429,12222614,290
9430,12222614,170
9431,12222614,380
9432,12343298,600
9433,12222614,200
9434,12222614,110
9435,12222614,420
9436,12222614,200
9437,12222614,380
9438,12343298,530
9439,12222614,210
9440,12343298,600
9441,12222614,290
9442,12343298,840
9443,12222614,290
9444,12222614,320
9445,12343298,1050
9446,12343298,750
9447,12222614,260
9448,12222614,380
9449,12222614,480
9450,2014,500000
9451,12222614,480
9452,12222614,480
9453,12343298,600
9454,12222614,150
9455,12343298,840
9456,12343298,600
9457,12222614,400
9458,12222614,210
9459,12222614,290
9460,12343298,840
9461,12222614,480
9462,12222614,320
9463,12222614,200
9464,12343298,600
9465,12222614,480
9466,12343298,530
9467,12222614,150
9468,12343298,660
9469,12343298,600
9470,12222614,200
9471,12222614,380
9472,12343298,570
9473,12343298,600
9474,12343298,530
9475,12343298,850
9476,12343298,530
9477,12343298,530
9478,12343298,750
9479,12343298,530
9480,12222614,290
9481,12222614,400
9482,2014,500000
9483,12222614,300
9484,12222614,390
9485,12222614,380
9486,12222614,290
9487,12222614,150
9488,12222614,210
9489,12343298,760
9490,12222614,320
9491,12222614,260
9492,12343298,680
9493,12222614,260
9494,12222614,290
9495,2014,500000
9496,12222614,260
9497,2014,500000
9498,12222614,380
9499,12343298,600
9500,12222614,290
9501,12222614,110
9502,12222614,110
9503,12343298,1050
9504,12343298,840
9505,12222614,290
9506,12343298,500
9507,12343298,840
9508,12222614,320
9509,12222614,150
9510,12222614,260
9511,12222614,290
9512,1334494,9390
9513,12343298,600
9514,12222614,110
9515,12222614,110
9516,12222614,210
9517,12222614,150
9518,12222614,150
9519,12222614,150
9520,12343298,1050
9521,12222614,320
9522,12222614,440
9523,12222614,400
9524,12222614,110
9525,12222614,260
9526,12222614,290
9527,12222614,420
9528,12343298,840
9529,12222614,480
9530,1334494,8110
9531,12343298,540
9532,12343298,700
9533,12343298,840
9534,12343298,1050
9535,12222614,290
9536,12343298,1050
9537,12343298,670
9538,1334494,12010
9539,12222614,320
9540,12222614,200
9541,12222614,260
9542,12343298,670
9543,12222614,320
9544,12222614,260
9545,12343298,840
9546,12222614,380
9547,12343298,670
9548,12343298,530
9549,12343298,600
9550,12222614,200
9551,12222614,380
9552,12343298,500
9553,12343298,530
9554,12222614,150
9555,12343298,870
9556,1334494,5700
9557,12222614,110
9558,12343298,530
9559,12343298,840
9560,12222614,260
9561,12343298,840
9562,12222614,110
9563,12222614,200
9564,12222614,210
9565,12343298,840
9566,1334494,10470
9567,12222614,210
9568,12222614,290
9569,12343298,680
9570,12222614,260
9571,12222614,110
9572,12343298,860
9573,12222614,380
9574,12343298,600
9575,12343298,750
9576,12222614,320
9577,12343298,840
9578,12222614,420
9579,12343298,670
9580,12343298,500
9581,12222614,110
9582,12222614,480
9583,12222614,260
9584,12222614,400
9585,12222614,380
9586,12343298,530
9587,12343298,670
9588,12222614,290
9589,12343298,530
9590,12343298,1050
9591,12222614,110
9592,12343298,600
9593,12222614,150
9594,12222614,420
9595,12343298,670
9596,12222614,290
9597,12343298,530
9598,12343298,600
9599,12222614,290
9600,12222614,290
9601,12222614,400
9602,12343298,540
9603,12222614,110
9604,1334494,7880
9605,12343298,530
9606,12222614,290
9607,12222614,150
9608,12343298,670
9609,12343298,840
9610,12222614,210
9611,12343298,670
9612,12343298,840
9613,12222614,150
9614,12222614,290
9615,12222614,210
9616,12222614,110
9617,12222614,380
9618,12222614,200
9619,12222614,170
9620,12343298,670
9621,2014,500000
9622,12343298,840
9623,12222614,200
9624,12222614,390
9625,12222614,200
9626,12222614,200
9627,12222614,210
9628,12343298,530
9629,12343298,600
9630,12222614,200
9631,12222614,260
9632,1334494,5440
9633,12222614,320
9634,12343298,1060
9635,12222614,260
9636,12222614,480
9637,12222614,260
9638,12222614,290
9639,12222614,380
9640,2014,500000
9641,12222614,200
9642,1334494,6160
9643,12222614,290
9644,12343298,670
9645,2014,500000
9646,12343298,670
9647,12222614,110
9648,12222614,270
9649,12222614,200
9650,12222614,160
9651,12222614,380
9652,12222614,480
9653,12222614,290
9654,12222614,160
9655,12222614,400
9656,12343298,1060
9657,12343298,600
9658,12343298,670
9659,12343298,670
9660,2014,500000
9661,12222614,290
9662,12222614,150
9663,12222614,210
9664,12222614,200
9665,12222614,380
9666,1334494,8570
9667,12222614,290
9668,12222614,290
9669,12222614,400
9670,2014,500000
9671,12343298,530
9672,2014,500000
9673,12222614,210
9674,12222614,150
9675,12222614,400
9676,2014,500000
9677,12222614,260
9678,12222614,260
9679,12343298,600
9680,12343298,530
9681,12222614,480
9682,12222614,200
9683,12343298,670
9684,12222614,380
9685,12222614,400
9686,12222614,200
9687,12222614,410
9688,12222614,260
9689,12222614,260
9690,12222614,400
9691,12343298,600
9692,12222614,290
9693,12222614,320
9694,12343298,600
9695,12343298,840
9696,12343298,600
9697,2014,500000
9698,12222614,290
9699,12222614,390
9700,12343298,700
9701,12343298,600
9702,12222614,110
9703,12222614,150
9704,12343298,870
9705,12343298,670
9706,12222614,290
9707,12222614,200
9708,12222614,200
9709,12222614,110
9710,12222614,150
9711,12222614,310
9712,12343298,600
9713,12343298,530
9714,12222614,380
9715,12222614,200
9716,12222614,150
9717,12343298,840
9718,12343298,510
9719,12222614,150
9720,12222614,380
9721,12222614,400
9722,12222614,280
9723,12222614,480
9724,12222614,400
9725,12222614,160
9726,12222614,110
9727,12222614,260
9728,12222614,380
9729,12222614,110
9730,12222614,380
9731,12343298,530
9732,12343298,750
9733,12222614,210
9734,1334494,8960
9735,12222614,150
9736,12222614,290
9737,12222614,400
9738,12343298,670
9739,12222614,320
9740,12343298,840
9741,12222614,320
9742,12222614,380
9743,12222614,380
9744,12222614,400
9745,12222614,260
9746,12222614,270
9747,12222614,480
9748,12222614,260
9749,12222614,290
9750,12222614,260
9751,12222614,400
9752,12222614,200
9753,1334494,11260
9754,12222614,260
9755,12222614,150
9756,12222614,400
9757,12343298,840
9758,12222614,480
9759,12222614,160
9760,12222614,210
9761,12222614,200
9762,12343298,860
9763,12343298,1050
9764,12222614,480
9765,12343298,840
9766,12222614,210
9767,12222614,210
9768,12343298,530
9769,12343298,600
9770,12222614,260
9771,12343298,530
9772,12343298,750
9773,12222614,290
9774,12343298,1300
9775,12222614,380
9776,12222614,290
9777,12343298,840
9778,12222614,110
9779,12222614,260
9780,12343298,840
9781,12343298,840
9782,12222614,290
9783,12343298,840
9784,12343298,500
9785,12222614,320
9786,12343298,530
9787,12222614,260
9788,12222614,390
9789,12222614,310
9790,12222614,200
9791,12343298,1050
9792,12222614,260
9793,12343298,710
9794,12222614,320
9795,12222614,380
9796,12222614,260
9797,12222614,290
9798,2014,500000
9799,12222614,210
9800,12222614,290
9801,12222614,260
9802,12343298,600
9803,12222614,320
9804,12343298,760
9805,12222614,480
9806,12222614,480
9807,12222614,320
9808,12343298,530
9809,12222614,400
9810,12222614,340
9811,1334494,9690
9812,12222614,210
9813,12222614,400
9814,12343298,600
9815,12222614,380
9816,12343298,530
9817,12222614,160
9818,12222614,150
9819,12222614,160
9820,12222614,380
9821,12222614,290
9822,12222614,210
9823,12222614,110
9824,12343298,840
9825,12222614,290
9826,1334494,8350
9827,12222614,260
9828,12222614,480
9829,12343298,840
9830,12222614,480
9831,12343298,500
9832,12222614,400
9833,12222614,430
9834,12222614,320
9835,12222614,380
9836,12343298,530
9837,12222614,320
9838,2014,500000
9839,12222614,200
9840,12222614,380
9841,12343298,500
9842,12222614,110
9843,12343298,530
9844,2014,500000
9845,2014,500000
9846,12343298,670
9847,12222614,380
9848,12222614,290
9849,12222614,290
9850,2014,500000
9851,12222614,290
9852,12222614,290
9853,12222614,150
9854,12222614,210
9855,12343298,530
9856,12222614,290
9857,12343298,530
9858,12343298,630
9859,12222614,200
9860,12222614,200
9861,12222614,290
9862,12222614,280
9863,12222614,290
9864,2014,500000
9865,12222614,400
9866,12222614,480
9867,12343298,840
9868,12222614,290
9869,12222614,290
9870,12222614,480
9871,12222614,400
9872,12222614,260
9873,12222614,380
9874,12222614,110
9875,12343298,530
9876,12222614,320
9877,12343298,770
9878,12222614,400
9879,12222614,330
9880,1334494,6640
9881,12222614,400
9882,12222614,200
9883,12222614,480
9884,2014,500000
9885,12222614,480
9886,12222614,400
9887,12222614,260
9888,12222614,320
9889,12222614,400
9890,12222614,290
9891,12343298,530
9892,12343298,750
9893,12222614,200
9894,12222614,380
9895,12222614,200
9896,12222614,210
9897,12222614,150
9898,12222614,260
9899,12222614,420
9900,12343298,670
9901,12222614,260
9902,12343298,750
9903,12343298,600
9904,12343298,550
9905,12222614,480
9906,1334494,6920
9907,12222614,260
9908,12222614,430
9909,12343298,670
9910,12222614,290
9911,12222614,150
9912,12222614,290
9913,12343298,670
9914,12343298,670
9915,12222614,260
9916,12222614,480
9917,12222614,400
9918,12222614,480
9919,12343298,570
9920,12343298,620
9921,12222614,320
9922,12343298,530
9923,12222614,380
9924,12222614,210
9925,12222614,270
9926,12222614,400
9927,12222614,260
9928,12343298,600
9929,12222614,320
9930,12343298,600
9931,12343298,670
9932,12343298,610
9933,12222614,290
9934,12222614,480
9935,12222614,320
9936,12222614,260
9937,12343298,840
9938,12343298,670
9939,12222614,260
9940,12222614,380
9941,1334494,10110
9942,12343298,500
9943,12343298,670
9944,12222614,380
9945,12222614,400
9946,12343298,530
9947,12222614,290
9948,12343298,530
9949,12222614,320
9950,2014,500000
9951,12343298,670
9952,12222614,260
9953,12222614,310
9954,12222614,110
9955,12343298,670
9956,12222614,290
9957,12343298,600
9958,12222614,320
9959,12222614,380
9960,12222614,400
9961,12222614,380
9962,12222614,400
9963,2014,500000
9964,12222614,210
9965,12222614,110
9966,12222614,400
9967,12343298,550
9968,12222614,480
9969,12222614,380
9970,12343298,600
9971,12343298,530
9972,12222614,200
9973,12222614,410
9974,12222614,480
9975,12222614,480
9976,12343298,630
9977,12222614,290
9978,12343298,530
9979,12343298,600
9980,1334494,7990
9981,2014,500000
9982,12343298,670
9983,12222614,110
9984,12222614,350
9985,2014,500000
9986,12222614,260
9987,12343298,750
9988,12222614,400
9989,12222614,290
9990,12222614,320
9991,12343298,530
9992,12343298,670
9993,12222614,180
9994,2014,500000
9995,12222614,210
9996,12343298,500
9997,12343298,670
9998,12222614,210
9999,12222614,110
10000,12222614,290
10001,12222614,290
10002,12343298,600
10003,12343298,600
10004,12222614,200
10005,12222614,480
10006,12222614,210
10007,12222614,290
10008,12343298,670
10009,12222614,110
10010,12222614,210
10011,12222614,290
10012,12222614,150
10013,1334494,9780
10014,12222614,200
10015,12222614,290
10016,12222614,400
10017,12222614,210
10018,12343298,840
10019,12343298,670
10020,12222614,260
10021,12222614,210
10022,12222614,290
10023,12222614,380
10024,12222614,120
10025,12222614,340
10026,12222614,200
10027,12222614,150
10028,12222614,110
10029,12222614,270
10030,12222614,310
10031,12222614,320
10032,12222614,290
10033,12343298,500
10034,12222614,400
10035,12343298,670
10036,12343298,550
10037,12343298,600
10038,12222614,200
10039,12222614,180
10040,1334494,22520
10041,12343298,750
10042,12222614,380
10043,12222614,150
10044,12343298,750
10045,12222614,400
10046,12222614,400
10047,12343298,600
10048,12343298,670
10049,12222614,290
10050,12222614,200
10051,12343298,1050
10052,12222614,340
10053,12222614,210
10054,12222614,400
10055,12343298,750
10056,12222614,380
10057,12343298,750
10058,2014,500000
10059,1334494,14320
10060,12222614,110
10061,1334494,8290
10062,12222614,340
10063,12222614,320
10064,12222614,210
10065,12222614,380
10066,12343298,670
10067,12222614,110
10068,12343298,530
10069,12222614,320
10070,12343298,840
10071,12343298,610
10072,12222614,290
10073,12343298,540
10074,12222614,400
10075,12222614,480
10076,12343298,670
10077,12222614,290
10078,12222614,320
10079,12222614,400
10080,12222614,380
10081,12343298,530
10082,12222614,480
10083,12343298,530
10084,12222614,260
10085,12343298,670
10086,12222614,380
10087,12343298,530
10088,12343298,530
10089,12343298,670
10090,12222614,200
10091,12343298,690
10092,12222614,290
10093,12222614,150
10094,12222614,400
10095,12222614,320
10096,12222614,490
10097,12222614,400
10098,12343298,530
10099,12222614,260
10100,12343298,530
10101,12222614,200
10102,12343298,840
10103,2014,500000
10104,12222614,150
10105,12222614,290
10106,12343298,840
10107,12222614,390
10108,12343298,690
10109,12222614,150
10110,12222614,400
10111,12222614,210
10112,12222614,400
10113,12222614,320
10114,12222614,290
10115,12222614,390
10116,2014,500000
10117,12343298,840
10118,12222614,320
10119,12222614,210
10120,12343298,690
10121,12343298,750
10122,12222614,400
10123,12222614,210
10124,12343298,840
10125,12222614,320
10126,12222614,400
10127,12222614,260
10128,12222614,400
10129,12343298,600
10130,12343298,840
10131,12343298,840
10132,12222614,320
10133,12222614,400
10134,12343298,670
10135,12222614,210
10136,12222614,290
10137,12343298,600
10138,12343298,670
10139,12222614,260
10140,12343298,600
10141,12222614,150
10142,12222614,400
10143,12222614,290
10144,12222614,230
10145,1334494,7180
10146,12222614,110
10147,12343298,680
10148,12343298,530
10149,12343298,840
10150,12222614,230
10151,12222614,210
10152,12222614,110
10153,12222614,450
10154,12222614,150
10155,12222614,290
10156,12222614,290
10157,2014,500000
10158,12222614,480
10159,12343298,670
10160,12343298,840
10161,12222614,400
10162,12343298,850
10163,12222614,480
10164,12343298,670
10165,12222614,480
10166,12222614,110
10167,12222614,150
10168,12222614,260
10169,12222614,290
10170,12222614,260
10171,12222614,490
10172,12343298,530
10173,12222614,400
10174,12222614,320
10175,12343298,530
10176,12343298,670
10177,12222614,240
10178,12222614,210
10179,12343298,840
10180,12343298,670
10181,12222614,260
10182,12343298,840
10183,12222614,110
10184,12222614,400
10185,12222614,290
10186,12222614,380
10187,12222614,350
10188,1334494,4940
10189,12222614,150
10190,12222614,290
10191,12222614,400
10192,12222614,210
10193,12343298,840
10194,12222614,320
10195,12343298,600
10196,2014,500000
10197,12222614,150
10198,12343298,530
10199,12343298,1050
10200,12343298,530
10201,12222614,330
10202,12343298,530
10203,12343298,600
10204,12222614,380
10205,12222614,170
10206,12222614,260
10207,2014,500000
10208,12222614,260
10209,12343298,530
10210,12222614,400
10211,12222614,150
10212,2014,500000
10213,1334494,22050
10214,1334494,10550
10215,12222614,290
10216,12343298,750
10217,1334494,13320
10218,12222614,200
10219,12222614,290
10220,12222614,380
10221,12343298,530
10222,12222614,290
10223,12222614,320
10224,12343298,530
10225,12222614,320
10226,12343298,670
10227,12222614,150
10228,1334494,5850
10229,12343298,840
10230,12222614,380
10231,12222614,210
10232,12343298,600
10233,12343298,840
10234,12343298,840
10235,12222614,200
10236,12343298,680
10237,12222614,480
10238,12222614,290
10239,12343298,600
10240,12222614,150
10241,12222614,480
10242,12222614,210
10243,12222614,490
10244,12222614,150
10245,12222614,380
10246,1334494,8340
10247,12222614,200
10248,12343298,840
10249,12222614,320
10250,12222614,150
10251,12222614,290
10252,12222614,400
10253,12222614,210
10254,12222614,210
10255,12222614,400
10256,12343298,840
10257,12222614,200
10258,12222614,210
10259,12343298,600
10260,12222614,380
10261,2014,500000
10262,12222614,110
10263,1334494,13470
10264,12222614,290
10265,12222614,400
10266,12222614,400
10267,12343298,530
10268,12222614,400
10269,12222614,400
10270,12343298,840
10271,12222614,480
10272,12222614,210
10273,2014,500000
10274,12222614,150
10275,12343298,600
10276,12222614,400
10277,12343298,840
10278,12222614,150
10279,12343298,840
10280,12222614,210
10281,12222614,480
10282,12222614,320
10283,12222614,120
10284,12222614,320
10285,12343298,670
10286,12222614,290
10287,12222614,380
10288,12343298,840
10289,12343298,600
10290,12222614,200
10291,12222614,380
10292,12222614,340
10293,12222614,400
10294,12222614,150
10295,12343298,1050
10296,12222614,400
10297,12222614,480
10298,12343298,600
10299,12222614,150
10300,12343298,670
10301,12343298,600
10302,12222614,480
10303,12343298,600
10304,12222614,290
10305,12222614,150
10306,12222614,420
10307,12343298,600
10308,12222614,320
10309,1334494,6540
10310,12343298,550
10311,12222614,400
10312,12222614,400
10313,12222614,400
10314,12222614,320
10315,12222614,110
10316,12222614,200
10317,12222614,310
10318,12343298,840
10319,12222614,150
10320,12222614,380
10321,12343298,670
10322,12222614,290
10323,12222614,320
10324,12222614,380
10325,12343298,530
10326,12222614,200
10327,12222614,290
10328,12343298,670
10329,12222614,290
10330,12343298,680
10331,12222614,480
10332,12222614,290
10333,12222614,260
10334,12343298,600
10335,12222614,380
10336,12222614,260
10337,12222614,200
10338,12343298,1050
10339,12343298,840
10340,12222614,480
10341,12222614,260
10342,12222614,290
10343,12343298,600
10344,12222614,150
10345,12222614,400
10346,12222614,160
10347,12222614,290
10348,12222614,320
10349,12222614,380
10350,12343298,530
10351,12222614,380
10352,12222614,210
10353,12343298,600
10354,12222614,400
10355,12222614,240
10356,12343298,530
10357,12343298,540
10358,12222614,260
10359,12222614,400
10360,12222614,290
10361,12222614,400
10362,12222614,150
10363,12343298,620
10364,12343298,840
10365,12222614,400
10366,12222614,480
10367,12222614,260
10368,12222614,210
10369,12222614,290
10370,12343298,1050
10371,12222614,290
10372,2014,500000
10373,12343298,530
10374,12343298,500
10375,12222614,290
10376,12343298,670
10377,12343298,530
10378,1334494,6250
10379,12343298,530
10380,12222614,160
10381,12222614,110
10382,12343298,700
10383,12222614,150
10384,12343298,600
10385,12343298,840
10386,12343298,840
10387,12222614,200
10388,12343298,750
10389,12343298,850
10390,12222614,200
10391,12222614,290
10392,12222614,380
10393,12222614,110
10394,12222614,200
10395,12222614,480
10396,12222614,480
10397,12343298,840
10398,12222614,110
10399,12222614,220
10400,12222614,400
10401,1334494,9750
10402,1334494,13290
10403,12222614,150
10404,12343298,530
10405,12343298,840
10406,1334494,33090
10407,12343298,530
10408,12222614,110
10409,12222614,260
10410,12222614,400
10411,12222614,110
10412,12222614,150
10413,12222614,480
10414,12222614,320
10415,1334494,8380
10416,12343298,600
10417,12222614,200
10418,12343298,930
10419,12222614,320
10420,12222614,210
10421,12222614,320
10422,12222614,210
10423,12222614,210
10424,12222614,320
10425,12222614,260
10426,12222614,110
10427,12343298,600
10428,12222614,480
10429,12343298,500
10430,2014,500000
10431,12222614,210
10432,12222614,400
10433,12222614,380
10434,12343298,600
10435,12222614,210
10436,12222614,290
10437,12222614,200
10438,12222614,220
10439,12222614,260
10440,12222614,480
10441,12343298,840
10442,12222614,400
10443,12343298,600
10444,12222614,330
10445,12343298,670
10446,12222614,290
10447,12343298,840
10448,12343298,510
10449,12222614,110
10450,12222614,150
10451,12222614,320
10452,12343298,840
10453,12343298,600
10454,12222614,150
10455,12343298,600
10456,12343298,670
10457,2014,500000
10458,12222614,400
10459,12343298,840
10460,12222614,210
10461,12343298,670
10462,12222614,260
10463,12222614,290
10464,12343298,600
10465,12222614,110
10466,12222614,290
10467,12222614,300
10468,12222614,150
10469,12343298,600
10470,12222614,320
10471,12343298,670
10472,12222614,480
10473,12222614,160
10474,12222614,210
10475,12222614,290
10476,2014,500000
10477,12343298,500
10478,12222614,290
10479,12222614,260
10480,12222614,150
10481,12222614,410
10482,12222614,200
10483,12222614,290
10484,12222614,260
10485,2014,500000
10486,12222614,140
10487,12222614,290
10488,12222614,290
10489,2014,500000
10490,12222614,400
10491,12222614,150
10492,12222614,400
10493,12222614,410
10494,12222614,380
10495,12343298,600
10496,12222614,110
10497,12222614,400
10498,2014,500000
10499,12343298,670
10500,12222614,150
10501,12222614,200
10502,12222614,210
10503,12222614,400
10504,12222614,380
10505,12222614,290
10506,12222614,200
10507,12222614,260
10508,12222614,480
10509,1334494,6610
10510,12343298,670
10511,12222614,260
10512,12222614,490
10513,12222614,380
10514,12343298,840
10515,12343298,530
10516,12222614,480
10517,12222614,400
10518,12222614,480
10519,12222614,210
10520,12343298,840
10521,12222614,150
10522,12343298,530
10523,12343298,600
10524,12222614,200
10525,12222614,320
10526,12343298,670
10527,12222614,110
10528,12222614,210
10529,12343298,750
10530,12343298,500
10531,12343298,600
10532,12343298,600
10533,12222614,260
10534,12222614,380
10535,12222614,260
10536,12222614,260
10537,12343298,600
10538,12222614,150
10539,12222614,200
10540,12343298,530
10541,1334494,9690
10542,12222614,210
10543,12222614,440
10544,12343298,500
10545,12343298,700
10546,12222614,400
10547,12222614,260
10548,12343298,600
10549,1334494,14580
10550,12343298,530
10551,12222614,400
10552,12222614,320
10553,12222614,320
10554,1334494,10760
10555,12222614,400
10556,12222614,380
10557,12222614,480
10558,12222614,110
10559,12343298,900
10560,12222614,320
10561,12222614,290
10562,12222614,260
10563,12222614,380
10564,12222614,320
10565,12222614,400
10566,12222614,200
10567,12222614,320
10568,12222614,260
10569,12343298,670
10570,12222614,320
10571,12222614,320
10572,12222614,480
10573,12222614,150
10574,12222614,380
10575,12343298,670
10576,12222614,380
10577,12222614,150
10578,12343298,530
10579,12222614,200
10580,12343298,530
10581,12343298,600
10582,12222614,200
10583,12343298,600
10584,12343298,690
10585,12222614,340
10586,12343298,530
10587,12222614,150
10588,1334494,33020
10589,12222614,210
10590,12222614,400
10591,12222614,290
10592,12343298,530
10593,12343298,840
10594,12222614,300
10595,12343298,600
10596,12222614,400
10597,12222614,290
10598,12222614,480
10599,12222614,150
10600,12343298,600
10601,12222614,490
10602,12222614,290
10603,12222614,320
10604,12222614,260
10605,12222614,220
10606,12222614,320
10607,12222614,260
10608,12222614,120
10609,12222614,410
10610,12222614,110
10611,12222614,260
10612,12222614,380
10613,12222614,480
10614,12343298,670
10615,12222614,380
10616,2014,500000
10617,12222614,260
10618,12222614,200
10619,12222614,400
10620,12222614,260
10621,12343298,750
10622,12343298,840
10623,12222614,320
10624,12343298,500
10625,12222614,480
10626,12222614,400
10627,12222614,150
10628,12222614,200
10629,12222614,150
10630,12222614,480
10631,12222614,420
10632,12222614,480
10633,12343298,670
10634,12343298,1050
10635,12222614,400
10636,12222614,210
10637,12222614,150
10638,12222614,290
10639,2014,500000
10640,12222614,320
10641,12222614,150
10642,12343298,840
10643,12222614,320
10644,12222614,290
10645,12222614,150
10646,12222614,320
10647,12343298,600
10648,12343298,530
10649,12222614,400
10650,12222614,290
10651,12222614,260
10652,2014,500000
10653,12222614,290
10654,12222614,290
10655,2014,500000
10656,12222614,480
10657,12222614,200
10658,12222614,110
10659,12343298,750
10660,1334494,12310
10661,12343298,600
10662,12343298,600
10663,12343298,670
10664,12343298,670
10665,12343298,530
10666,12222614,320
10667,12343298,670
10668,12222614,290
10669,12222614,210
10670,12222614,260
10671,12222614,480
10672,12222614,290
10673,12343298,690
10674,12222614,290
10675,12222614,200
10676,12343298,670
10677,1334494,7600
10678,12222614,320
10679,12222614,290
10680,12222614,330
10681,12343298,750
10682,12222614,290
10683,12222614,290
10684,12222614,110
10685,12343298,840
10686,12343298,840
10687,12222614,110
10688,12222614,200
10689,12222614,220
10690,12343298,500
10691,12343298,530
10692,12222614,210
10693,12343298,530
10694,12343298,670
10695,12343298,670
10696,12222614,380
10697,12222614,290
10698,12222614,210
10699,12222614,400
10700,12222614,200
10701,12343298,840
10702,12343298,620
10703,12222614,320
10704,12222614,260
10705,12222614,210
10706,12222614,290
10707,12222614,320
10708,12222614,290
10709,12222614,210
10710,12222614,220
10711,12343298,690
10712,12222614,200
10713,12222614,260
10714,12222614,400
10715,12222614,170
10716,12222614,210
10717,12222614,480
10718,2014,500000
10719,12222614,200
10720,2014,500000
10721,12222614,380
10722,12343298,600
10723,12222614,200
10724,12222614,290
10725,12222614,260
10726,12343298,610
10727,12222614,400
10728,12222614,400
10729,12222614,480
10730,12222614,380
10731,12343298,670
10732,12222614,120
10733,12343298,840
10734,12222614,400
10735,12222614,420
10736,12222614,260
10737,1334494,7910
10738,12343298,670
10739,12222614,200
10740,12343298,600
10741,12343298,600
10742,12222614,260
10743,12222614,260
10744,2014,500000
10745,12222614,200
10746,12222614,400
10747,12222614,380
10748,12343298,530
10749,12222614,380
10750,12222614,290
10751,12222614,320
10752,12222614,340
10753,12222614,400
10754,12222614,200
10755,12222614,210
10756,12343298,840
10757,12343298,840
10758,12222614,150
10759,12343298,840
10760,12222614,340
10761,12222614,400
10762,12222614,210
10763,12343298,600
10764,12222614,480
10765,12343298,670
10766,12222614,150
10767,1334494,7210
10768,12222614,110
10769,12222614,110
10770,12222614,210
10771,12343298,750
10772,12222614,400
10773,12222614,200
10774,12222614,110
10775,12343298,1050
10776,12222614,260
10777,12222614,200
10778,12222614,150
10779,12343298,670
10780,2014,500000
10781,2014,500000
10782,12343298,750
10783,12222614,480
10784,12222614,410
10785,12222614,410
10786,12343298,750
10787,12222614,200
10788,1334494,6240
10789,12343298,670
10790,12343298,670
10791,12222614,260
10792,12222614,210
10793,12222614,480
10794,12222614,290
10795,12222614,260
10796,12343298,710
10797,12222614,400
10798,12222614,290
10799,12222614,380
10800,12222614,320
10801,12222614,260
10802,12222614,210
10803,12222614,380
10804,12222614,410
10805,12222614,260
10806,12222614,400
10807,2014,500000
10808,12222614,110
10809,12343298,840
10810,12343298,840
10811,12343298,600
10812,12222614,290
10813,12222614,210
10814,12343298,670
10815,12222614,290
10816,12222614,480
10817,12222614,290
10818,12222614,200
10819,12222614,290
10820,12222614,110
10821,12222614,260
10822,12343298,670
10823,12343298,530
10824,12222614,150
10825,12343298,840
10826,12222614,150
10827,12343298,1050
10828,12222614,320
10829,12343298,670
10830,12222614,220
10831,12343298,600
10832,12343298,530
10833,12343298,540
10834,12343298,1050
10835,12222614,400
10836,12222614,330
10837,12343298,840
10838,12222614,260
10839,12343298,670
10840,12222614,380
10841,12343298,700
10842,12222614,290
10843,12343298,600
10844,12222614,260
10845,2014,500000
10846,12343298,670
10847,12343298,600
10848,12222614,110
10849,12222614,200
10850,12222614,400
10851,12222614,260
10852,12222614,210
10853,2014,500000
10854,12222614,320
10855,12222614,290
10856,12222614,290
10857,12222614,290
10858,1334494,22970
10859,1334494,23330
10860,1334494,7710
10861,12343298,840
10862,12222614,110
10863,12222614,400
10864,12343298,680
10865,12222614,110
10866,12343298,670
10867,1334494,11820
10868,12222614,110
10869,12343298,670
10870,12343298,600
10871,12343298,670
10872,12343298,710
10873,12222614,150
10874,12222614,480
10875,2014,500000
10876,12222614,210
10877,12343298,840
10878,12222614,400
10879,12343298,840
10880,12222614,260
10881,12343298,670
10882,12222614,380
10883,12343298,670
10884,12343298,670
10885,12222614,260
10886,12222614,150
10887,12222614,340
10888,12343298,670
10889,12343298,600
10890,12222614,320
10891,12222614,200
10892,12343298,1050
10893,12222614,380
10894,12222614,380
10895,12222614,210
10896,12343298,670
10897,12222614,400
10898,12222614,400
10899,12222614,110
10900,12222614,260
10901,12222614,260
10902,12222614,480
10903,12343298,610
10904,12222614,400
10905,12343298,840
10906,12222614,290
10907,12343298,530
10908,12222614,290
10909,12222614,150
10910,12222614,290
10911,12343298,840
10912,12343298,600
10913,12222614,110
10914,12343298,530
10915,12222614,400
10916,12343298,750
10917,12343298,750
10918,12222614,480
10919,12222614,290
10920,12222614,290
10921,12343298,750
10922,12343298,670
10923,12343298,500
10924,12343298,930
10925,12222614,210
10926,12222614,210
10927,12222614,480
10928,12222614,380
10929,12343298,600
10930,12222614,290
10931,12222614,400
10932,12343298,600
10933,12222614,270
10934,12222614,300
10935,12222614,260
10936,12343298,670
10937,12222614,400
10938,12222614,220
10939,12222614,320
10940,12222614,200
10941,12222614,480
10942,12222614,200
10943,12222614,260
10944,12222614,320
10945,12222614,260
10946,12222614,290
10947,1334494,8570
10948,12222614,260
10949,12222614,110
10950,12222614,150
10951,12343298,530
10952,12222614,320
10953,12343298,530
10954,12343298,530
10955,12222614,290
10956,12343298,530
10957,12343298,600
10958,12222614,110
10959,1334494,8690
10960,12222614,220
10961,12222614,330
10962,12343298,840
10963,12343298,530
10964,12222614,290
10965,12222614,210
10966,12343298,600
10967,12222614,400
10968,12343298,600
10969,12222614,400
10970,12222614,400
10971,12222614,290
10972,12222614,200
10973,12222614,400
10974,12222614,400
10975,12222614,110
10976,12343298,600
10977,12222614,290
10978,12222614,240
10979,12222614,150
10980,12222614,380
10981,12222614,480
10982,12222614,150
10983,12343298,600
10984,12222614,150
10985,12222614,150
10986,12222614,290
10987,12222614,260
10988,12222614,180
10989,12222614,290
10990,12343298,620
10991,12222614,210
10992,12222614,480
10993,12343298,530
10994,12222614,380
10995,12343298,600
10996,12222614,120
10997,12222614,290
10998,12222614,290
10999,12222614,150
11000,12343298,860
11001,12222614,400
11002,12222614,480
11003,12222614,200
11004,12222614,400
11005,12222614,110
11006,12222614,150
11007,12222614,320
11008,12222614,230
11009,12222614,150
11010,12343298,530
11011,12222614,200
11012,12222614,110
11013,12222614,330
11014,1334494,11520
11015,12343298,600
11016,12343298,530
11017,12343298,1050
11018,12222614,400
11019,12343298,840
11020,12222614,480
11021,12222614,290
11022,12222614,290
11023,12343298,840
11024,12222614,400
11025,12222614,400
11026,12222614,210
11027,12222614,400
11028,12222614,110
11029,12222614,200
11030,12343298,500
11031,12222614,400
11032,12222614,330
11033,12222614,290
11034,12222614,210
11035,12222614,200
11036,12222614,200
11037,12343298,840
11038,12222614,260
11039,12222614,160
11040,1334494,6340
11041,12222614,320
11042,12222614,480
11043,12343298,1080
11044,12222614,210
11045,12222614,300
11046,12222614,320
11047,1334494,7900
11048,12222614,210
11049,12343298,840
11050,12222614,220
11051,12222614,150
11052,12222614,120
11053,12222614,200
11054,12343298,600
11055,2014,500000
11056,1334494,23320
11057,12222614,320
11058,12222614,200
11059,12343298,670
11060,12222614,260
11061,12343298,670
11062,12222614,290
11063,12222614,310
11064,12343298,930
11065,12222614,480
11066,12222614,280
11067,12222614,400
11068,12222614,270
11069,12343298,840
11070,12222614,490
11071,12222614,290
11072,2014,500000
11073,12222614,400
11074,12343298,610
11075,12222614,210
11076,12222614,290
11077,1334494,7410
11078,12222614,310
11079,12343298,680
11080,12222614,320
11081,12222614,260
11082,12222614,480
11083,12222614,260
11084,2014,500000
11085,12222614,400
11086,12222614,380
11087,12222614,280
11088,12222614,480
11089,12222614,290
11090,12222614,260
11091,12222614,310
11092,12222614,320
11093,12222614,280
11094,12343298,610
11095,12222614,300
11096,12343298,840
11097,12222614,480
11098,12343298,850
11099,12222614,320
11100,12222614,200
11101,12222614,290
11102,12222614,110
11103,12222614,220
11104,12222614,150
11105,12222614,260
11106,12343298,840
11107,12222614,290
11108,12343298,530
11109,12222614,380
11110,12222614,400
11111,12222614,290
11112,12222614,380
11113,12222614,380
11114,12343298,670
11115,12222614,290
11116,12343298,670
11117,12343298,840
11118,1334494,9810
11119,12222614,400
11120,12222614,380
11121,12343298,530
11122,12222614,480
11123,12222614,150
11124,12222614,150
11125,12222614,400
11126,12222614,290
11127,12222614,320
11128,12343298,530
11129,12222614,200
11130,12222614,480
11131,12343298,670
11132,12343298,570
11133,12222614,110
11134,12222614,480
11135,12343298,600
11136,2014,500000
11137,12222614,210
11138,12222614,210
11139,12222614,320
11140,12222614,260
11141,12222614,150
11142,12222614,260
11143,12343298,840
11144,12343298,530
11145,12222614,290
11146,12222614,400
11147,2014,500000
11148,12222614,210
11149,12343298,1050
11150,12222614,150
11151,12222614,480
11152,12222614,400
11153,12222614,400
11154,12343298,840
11155,12222614,480
11156,12222614,380
11157,12222614,400
11158,12222614,380
11159,12222614,400
11160,12222614,110
11161,12222614,290
11162,12222614,380
11163,12343298,710
11164,12222614,400
11165,12222614,290
11166,12222614,150
11167,12222614,320
11168,12343298,750
11169,2014,500000
11170,12222614,320
11171,12343298,670
11172,12222614,150
11173,12343298,600
11174,12222614,260
11175,12343298,670
11176,12222614,290
11177,12343298,670
11178,12222614,210
11179,12222614,400
11180,12222614,260
11181,12222614,480
11182,12343298,770
11183,12222614,260
11184,12222614,260
11185,12222614,290
11186,12222614,480
11187,12343298,670
11188,12343298,600
11189,12343298,600
11190,12222614,290
11191,12222614,320
11192,12222614,380
11193,12222614,410
11194,12222614,290
11195,12222614,480
11196,12222614,490
11197,12222614,260
11198,12222614,200
11199,12222614,380
11200,12222614,270
11201,12343298,530
11202,12222614,210
11203,12222614,320
11204,2014,500000
11205,12343298,600
11206,12343298,750
11207,12343298,530
11208,12343298,690
11209,2014,500000
11210,12343298,530
11211,12222614,400
11212,12343298,510
11213,12222614,220
11214,12343298,1060
11215,12222614,210
11216,2014,500000
11217,12222614,260
11218,12343298,670
11219,12222614,400
11220,12222614,290
11221,12222614,200
11222,12222614,290
11223,12222614,200
11224,12222614,210
11225,12343298,600
11226,12222614,480
11227,12343298,530
11228,12343298,530
11229,12222614,480
11230,12343298,670
11231,12222614,210
11232,12222614,290
11233,12222614,400
11234,12343298,530
11235,12343298,670
11236,12343298,530
11237,12343298,620
11238,12222614,320
11239,12343298,670
11240,12222614,200
11241,12343298,530
11242,12343298,840
11243,2014,500000
11244,12222614,260
11245,12343298,600
11246,12222614,380
11247,12222614,400
11248,1334494,8630
11249,12222614,290
11250,12343298,600
11251,1334494,7730
11252,12222614,320
11253,12222614,150
11254,2014,500000
11255,12222614,110
11256,12343298,530
11257,12222614,380
11258,12343298,840
11259,12222614,320
11260,12222614,290
11261,12222614,350
11262,12222614,320
11263,12222614,290
11264,12222614,190
11265,12343298,600
11266,12222614,380
11267,12343298,670
11268,12222614,320
11269,12222614,400
11270,12222614,270
11271,12222614,320
11272,12222614,260
11273,12343298,1090
11274,12343298,840
11275,12222614,150
11276,12222614,260
11277,12222614,480
11278,12222614,110
11279,12222614,200
11280,2014,500000
11281,12343298,600
11282,12222614,190
11283,12222614,290
11284,12222614,150
11285,12222614,400
11286,12222614,320
11287,12343298,680
11288,12222614,150
11289,12222614,210
11290,12222614,290
11291,12222614,290
11292,12343298,530
11293,12222614,400
11294,12343298,840
11295,12222614,200
11296,12222614,320
11297,12222614,290
11298,12222614,210
11299,12222614,400
11300,12222614,290
11301,12343298,680
11302,12343298,670
11303,12343298,670
11304,12343298,860
11305,12222614,210
11306,12222614,200
11307,12343298,530
11308,12343298,530
11309,12222614,480
11310,12222614,290
11311,12222614,210
11312,12222614,200
11313,2014,500000
11314,12222614,400
11315,12222614,150
11316,12222614,320
11317,12222614,380
11318,12343298,670
11319,12222614,260
11320,12343298,670
11321,12222614,110
11322,12222614,150
11323,12222614,320
11324,12222614,200
11325,12222614,150
11326,12222614,150
11327,12222614,290
11328,12343298,600
11329,12222614,320
11330,12343298,600
11331,12222614,110
11332,12222614,200
11333,12343298,530
11334,1334494,9750
11335,12343298,530
11336,12222614,320
11337,2014,500000
11338,12222614,200
11339,12222614,260
11340,12222614,150
11341,12222614,380
11342,12343298,600
11343,12222614,340
11344,12343298,530
11345,12222614,320
11346,12222614,320
11347,12222614,260
11348,12222614,290
11349,12222614,380
11350,12222614,290
11351,12222614,290
11352,12343298,840
11353,12222614,320
11354,12222614,400
11355,12222614,480
11356,12343298,840
11357,12343298,530
11358,12343298,530
11359,12222614,110
11360,12222614,200
11361,12222614,380
11362,12222614,290
11363,12222614,480
11364,12222614,320
11365,12343298,670
11366,12343298,600
11367,12343298,670
11368,1334494,6860
11369,12343298,840
11370,12222614,210
11371,12222614,260
11372,12222614,210
11373,2014,500000
11374,12343298,840
11375,12222614,260
11376,12222614,320
11377,12343298,500
11378,12222614,480
11379,12343298,690
11380,12222614,290
11381,12222614,150
11382,12222614,290
11383,12222614,400
11384,12343298,1050
11385,12343298,840
11386,12222614,260
11387,12222614,260
11388,12222614,320
11389,12343298,600
11390,12222614,200
11391,12222614,480
11392,12222614,290
11393,12343298,530
11394,12222614,210
11395,12343298,840
11396,12343298,840
11397,12222614,320
11398,12222614,400
11399,12343298,840
11400,12222614,290
11401,12343298,680
11402,12222614,290
11403,12222614,260
11404,12222614,290
11405,12343298,710
11406,12343298,670
11407,12222614,110
11408,12343298,530
11409,12343298,600
11410,12343298,530
11411,12222614,150
11412,12222614,290
11413,12222614,290
11414,12222614,480
11415,12222614,380
11416,12343298,600
11417,12343298,600
11418,12222614,150
11419,12222614,290
11420,12343298,530
11421,12222614,200
11422,12222614,410
11423,12222614,310
11424,12222614,260
11425,12222614,480
11426,12222614,260
11427,12222614,400
11428,12222614,290
11429,12222614,260
11430,12343298,620
11431,12343298,1050
11432,12222614,290
11433,12222614,210
11434,12222614,260
11435,12222614,290
11436,12222614,320
11437,12343298,610
11438,12222614,150
11439,12343298,500
11440,12222614,210
11441,12222614,290
11442,12222614,200
11443,12222614,290
11444,12222614,390
11445,12222614,410
11446,12222614,210
11447,12222614,200
11448,12222614,150
11449,12222614,200
11450,2014,500000
11451,12222614,400
11452,12222614,390
11453,12222614,350
11454,12343298,530
11455,12222614,150
11456,12222614,400
11457,12222614,290
11458,12343298,600
11459,2014,500000
11460,12222614,150
11461,12222614,260
11462,12343298,930
11463,12343298,670
11464,12222614,320
11465,12222614,290
11466,2014,500000
11467,12222614,400
11468,12222614,150
11469,12222614,210
11470,12343298,840
11471,12222614,490
11472,12222614,390
11473,12222614,320
11474,1334494,6850
11475,12343298,840
11476,12222614,320
11477,12343298,500
11478,12222614,400
11479,12343298,600
11480,12343298,670
11481,12222614,260
11482,12222614,420
11483,12222614,300
11484,12222614,290
11485,12222614,400
11486,12343298,500
11487,12222614,480
11488,12222614,380
11489,12222614,380
11490,12222614,290
11491,12222614,400
11492,12343298,610
11493,12343298,600
11494,12222614,210
11495,12222614,400
11496,12222614,290
11497,12222614,400
11498,12343298,870
11499,12343298,500
11500,12222614,200
11501,12222614,150
11502,12343298,600
11503,12222614,260
11504,12222614,380
11505,12222614,110
11506,12222614,480
11507,12343298,670
11508,12343298,500
11509,12222614,310
11510,12343298,840
11511,12222614,260
11512,12222614,290
11513,12222614,340
11514,1334494,22140
11515,12222614,480
11516,12222614,210
11517,12222614,320
11518,12343298,840
11519,12343298,1050
11520,12222614,290
11521,12222614,150
11522,12222614,400
11523,12343298,530
11524,12222614,380
11525,12222614,480
11526,1334494,6900
11527,12343298,840
11528,12222614,400
11529,12222614,460
11530,12343298,530
11531,12343298,600
11532,2014,500000
11533,12222614,480
11534,12222614,360
11535,12343298,600
11536,12222614,380
11537,12222614,290
11538,12222614,110
11539,1334494,8160
11540,12222614,480
11541,12222614,400
11542,12222614,400
11543,12222614,210
11544,12222614,320
11545,2014,500000
11546,12222614,320
11547,12343298,620
11548,12343298,840
11549,12222614,260
11550,12343298,670
11551,12222614,210
11552,12222614,380
11553,12343298,600
11554,12222614,260
11555,12222614,320
11556,12343298,530
11557,12222614,320
11558,12343298,840
11559,12222614,110
11560,12222614,400
11561,12222614,290
11562,12222614,400
11563,12222614,290
11564,12222614,290
11565,12343298,600
11566,12343298,750
11567,12222614,380
11568,12222614,150
11569,12343298,1050
11570,12222614,210
11571,12222614,400
11572,12222614,290
11573,12222614,260
11574,12222614,290
11575,12222614,220
11576,12222614,290
11577,12222614,490
11578,12222614,200
11579,12222614,400
11580,2014,500000
11581,12222614,400
11582,12343298,670
11583,12343298,840
11584,12222614,200
11585,12222614,320
11586,2014,500000
11587,12222614,290
11588,12222614,150
11589,12222614,260
11590,12222614,480
11591,12222614,380
11592,12222614,260
11593,12222614,400
11594,1334494,11600
11595,2014,500000
11596,12343298,670
11597,12222614,480
11598,12222614,210
11599,12222614,380
11600,12222614,120
11601,12222614,150
11602,12222614,290
11603,12222614,260
11604,12222614,480
11605,12222614,200
11606,12222614,320
11607,12343298,600
11608,12343298,600
11609,12343298,860
11610,12222614,310
11611,12343298,530
11612,12222614,290
11613,12222614,110
11614,12222614,150
11615,12343298,530
11616,12222614,480
11617,12222614,260
11618,12222614,380
11619,12222614,200
11620,12222614,320
11621,12222614,290
11622,12222614,400
11623,12222614,290
11624,12222614,480
11625,12343298,840
11626,12343298,840
11627,12222614,160
11628,12343298,670
11629,12343298,600
11630,12343298,610
11631,12222614,110
11632,12222614,110
11633,12222614,380
11634,12222614,340
11635,12222614,320
11636,12222614,210
11637,12222614,290
11638,12222614,380
11639,12222614,200
11640,12222614,290
11641,12343298,600
11642,12222614,290
11643,12343298,670
11644,12343298,600
11645,12222614,290
11646,12343298,620
11647,12222614,290
11648,12222614,400
11649,12343298,840
11650,1334494,7440
11651,12343298,840
11652,12222614,150
11653,12222614,400
11654,12222614,480
11655,12343298,690
11656,12222614,480
11657,12222614,320
11658,12222614,110
11659,12222614,380
11660,12222614,150
11661,12343298,750
11662,12343298,670
11663,12343298,680
11664,12343298,530
11665,12222614,380
11666,12222614,400
11667,12222614,290
11668,12343298,840
11669,12343298,600
11670,12222614,210
11671,12343298,600
11672,12222614,320
11673,12222614,290
11674,12222614,260
11675,12343298,510
11676,12343298,600
11677,12343298,670
11678,12222614,480
11679,12343298,600
11680,12343298,750
11681,12343298,930
11682,12222614,320
11683,12222614,200
11684,2014,500000
11685,12222614,290
11686,12222614,210
11687,12222614,210
11688,1334494,7710
11689,12343298,600
11690,12222614,380
11691,12222614,180
11692,12343298,670
11693,12343298,530
11694,12222614,210
11695,2014,500000
11696,12343298,670
11697,12343298,670
11698,12222614,260
11699,12222614,300
11700,12222614,110
11701,12343298,690
11702,12222614,480
11703,12222614,320
11704,12222614,200
11705,12222614,260
11706,12222614,290
11707,12343298,600
11708,12222614,210
11709,12343298,530
11710,12343298,500
11711,12222614,200
11712,12222614,480
11713,12343298,600
11714,12343298,500
11715,12343298,530
11716,12343298,600
11717,12222614,380
11718,12222614,320
11719,12222614,480
11720,12343298,530
11721,12222614,490
11722,1334494,8410
11723,12343298,750
11724,12222614,400
11725,12222614,290
11726,12222614,210
11727,12222614,320
11728,12222614,110
11729,1334494,7290
11730,12222614,290
11731,12222614,260
11732,12343298,530
11733,12222614,320
11734,12222614,380
11735,12343298,600
11736,12222614,110
11737,12343298,500
11738,12222614,320
11739,12222614,320
11740,12222614,400
11741,12343298,600
11742,12222614,380
11743,12343298,840
11744,12343298,530
11745,12343298,530
11746,12222614,240
11747,12222614,150
11748,12343298,530
11749,12222614,320
11750,12222614,400
11751,12343298,670
11752,12343298,600
11753,12343298,670
11754,12222614,480
11755,12222614,400
11756,12222614,480
11757,12343298,600
11758,12343298,530
11759,12222614,290
11760,12343298,600
11761,12222614,290
11762,12222614,380
11763,12343298,750
11764,12222614,400
11765,12222614,320
11766,12222614,200
11767,12222614,400
11768,12343298,930
11769,12222614,260
11770,12222614,110
11771,12222614,340
11772,12222614,210
11773,12343298,670
11774,12222614,260
11775,12222614,200
11776,12222614,150
11777,12222614,380
11778,12222614,320
11779,12222614,270
11780,12222614,480
11781,12222614,290
11782,1334494,24220
11783,12343298,600
11784,12222614,290
11785,12343298,750
11786,12343298,840
11787,12222614,320
11788,12222614,480
11789,1334494,8450
11790,12222614,260
11791,12343298,670
11792,12222614,420
11793,12222614,210
11794,12222614,200
11795,1334494,5370
11796,12222614,290
11797,12343298,530
11798,12222614,380
11799,12222614,290
11800,12343298,670
11801,12222614,400
11802,12343298,670
11803,12222614,400
11804,12343298,670
11805,12343298,530
11806,1334494,7810
11807,12343298,500
11808,12222614,150
11809,12222614,480
11810,12222614,320
11811,12343298,530
11812,12343298,530
11813,12222614,400
11814,12222614,290
11815,12222614,400
11816,12222614,400
11817,12222614,380
11818,12222614,210
11819,12222614,150
11820,2014,500000
11821,12343298,670
11822,12343298,500
11823,12222614,210
11824,12222614,210
11825,12222614,210
11826,12222614,110
11827,12343298,670
11828,12343298,930
11829,12343298,530
11830,1334494,15880
11831,12222614,210
11832,12222614,400
11833,1334494,7670
11834,12222614,400
11835,12222614,320
11836,12222614,200
11837,12222614,380
11838,12222614,260
11839,12222614,380
11840,12222614,480
11841,12222614,150
11842,12222614,480
11843,12222614,270
11844,2014,500000
11845,12343298,500
11846,12343298,610
11847,12222614,200
11848,12222614,270
11849,12222614,150
11850,12343298,600
11851,1334494,8090
11852,12222614,200
11853,12222614,200
11854,12222614,290
11855,12222614,270
11856,12222614,150
11857,12222614,320
11858,12222614,400
11859,1334494,9460
11860,12222614,170
11861,12343298,530
11862,12222614,320
11863,12222614,480
11864,12222614,290
11865,12343298,530
11866,12343298,530
11867,12222614,260
11868,12222614,160
11869,12222614,200
11870,12343298,840
11871,12222614,200
11872,12222614,150
11873,12343298,900
11874,12222614,290
11875,12222614,380
11876,12222614,110
11877,12222614,220
11878,12222614,320
11879,12343298,840
11880,12222614,110
11881,2014,500000
11882,12222614,400
11883,12222614,380
11884,12343298,610
11885,1334494,9490
11886,12222614,480
11887,12222614,260
11888,12222614,260
11889,12222614,150
11890,12343298,700
11891,12222614,300
11892,12222614,400
11893,12222614,290
11894,12222614,120
11895,12222614,480
11896,12343298,600
11897,12343298,840
11898,12222614,400
11899,12343298,600
11900,1334494,8120
11901,12343298,670
11902,12222614,340
11903,12222614,290
11904,12222614,400
11905,2014,500000
11906,12222614,200
11907,12222614,380
11908,12222614,290
11909,2014,500000
11910,12343298,840
11911,12343298,530
11912,12222614,260
11913,12222614,290
11914,12222614,150
11915,12222614,290
11916,12222614,290
11917,12222614,230
11918,12222614,290
11919,12343298,530
11920,12222614,260
11921,2014,500000
11922,12343298,750
11923,12222614,320
11924,12343298,680
11925,12222614,210
11926,12343298,670
11927,12222614,400
11928,12343298,670
11929,12222614,400
11930,12222614,320
11931,12222614,260
11932,12222614,400
11933,12222614,400
11934,12343298,840
11935,12343298,1300
11936,2014,500000
11937,12222614,200
11938,12222614,480
11939,12343298,840
11940,12222614,380
11941,12222614,200
11942,12222614,290
11943,12222614,320
11944,12222614,150
11945,12222614,480
11946,12222614,380
11947,12222614,150
11948,12343298,680
11949,12343298,600
11950,12222614,290
11951,12222614,290
11952,12222614,200
11953,12222614,300
11954,2014,500000
11955,12343298,1050
11956,12343298,530
11957,12343298,840
11958,12222614,380
11959,12222614,210
11960,12343298,840
11961,12343298,840
11962,12222614,400
11963,12343298,600
11964,12343298,750
11965,12222614,290
11966,12222614,150
11967,12222614,150
11968,12222614,290
11969,12222614,320
11970,12222614,110
11971,12222614,210
11972,12343298,750
11973,12343298,1050
11974,12222614,420
11975,12343298,630
11976,12222614,110
11977,12343298,600
11978,12222614,200
11979,1334494,10930
11980,12343298,600
11981,12222614,480
11982,12222614,200
11983,1334494,9960
11984,12222614,330
11985,12222614,380
11986,12343298,840
11987,12222614,380
11988,12343298,840
11989,12343298,530
11990,12222614,200
11991,12343298,840
11992,12222614,270
11993,12343298,530
11994,12343298,600
11995,12222614,480
11996,12222614,400
11997,12343298,600
11998,1334494,10330
11999,12222614,400
12000,12222614,380
12001,12343298,840
12002,12343298,670
12003,12222614,480
12004,12222614,380
12005,12222614,150
12006,2014,500000
12007,12222614,400
12008,12222614,260
12009,12222614,480
12010,12343298,670
12011,12222614,480
12012,12222614,230
12013,12222614,260
12014,12222614,320
12015,12222614,150
12016,12222614,320
12017,12222614,260
12018,12222614,260
12019,12222614,260
12020,12222614,320
12021,12222614,350
12022,12343298,750
12023,12222614,200
12024,12343298,670
12025,12222614,160
12026,12222614,480
12027,12343298,840
12028,12343298,600
12029,12222614,320
12030,12222614,150
12031,12222614,150
12032,12222614,210
12033,12222614,380
12034,12222614,380
12035,12343298,530
12036,12222614,260
12037,12343298,840
12038,12222614,300
12039,12222614,290
12040,12222614,380
12041,12222614,400
12042,12222614,200
12043,12222614,290
12044,12222614,290
12045,12222614,200
12046,12222614,480
12047,12343298,500
12048,1334494,12580
12049,12222614,400
12050,12222614,150
12051,12222614,290
12052,12222614,110
12053,1334494,6040
12054,2014,500000
12055,12222614,400
12056,12222614,400
12057,12222614,110
12058,12343298,840
12059,12222614,200
12060,12343298,600
12061,12222614,400
12062,12222614,210
12063,12343298,610
12064,12222614,200
12065,2014,500000
12066,12222614,210
12067,12343298,1050
12068,12222614,290
12069,2014,500000
12070,12343298,840
12071,12222614,290
12072,12343298,750
12073,12222614,480
12074,12343298,840
12075,12222614,410
12076,12222614,400
12077,12222614,400
12078,12343298,600
12079,12222614,210
12080,12222614,330
12081,12222614,220
12082,12222614,420
12083,12343298,600
12084,12222614,380
12085,12222614,480
12086,12343298,540
12087,12222614,200
12088,12222614,200
12089,12222614,210
12090,12222614,400
12091,12222614,260
12092,12222614,290
12093,12222614,490
12094,12222614,380
12095,12222614,320
12096,12222614,480
12097,12222614,400
12098,12222614,150
12099,12222614,260
12100,12343298,840
12101,12343298,840
12102,12222614,380
12103,12343298,530
12104,12222614,380
12105,1334494,6900
12106,12222614,290
12107,12222614,150
12108,12222614,260
12109,12343298,840
12110,12343298,840
12111,12222614,200
12112,12222614,150
12113,12343298,840
12114,12222614,400
12115,12222614,380
12116,12343298,600
12117,1334494,7690
12118,12222614,110
12119,12222614,210
12120,12222614,290
12121,12222614,320
12122,12343298,670
12123,12222614,400
12124,12222614,320
12125,12222614,290
12126,12222614,290
12127,12222614,320
12128,12222614,480
12129,12343298,750
12130,12343298,750
12131,1334494,15010
12132,12343298,600
12133,12222614,480
12134,12222614,380
12135,12222614,290
12136,12222614,290
12137,12222614,400
12138,12343298,840
12139,12222614,200
12140,12343298,530
12141,12222614,260
12142,12222614,200
12143,2014,500000
12144,12343298,1050
12145,12222614,400
12146,12222614,330
12147,12222614,200
12148,12222614,320
12149,12343298,500
12150,12222614,290
12151,12222614,150
12152,12343298,610
12153,12222614,400
12154,1334494,14220
12155,12222614,220
12156,12222614,380
12157,12222614,290
12158,12343298,1300
12159,2014,500000
12160,12343298,500
12161,12222614,380
12162,12222614,150
12163,12222614,320
12164,12222614,150
12165,12343298,600
12166,12222614,290
12167,12343298,670
12168,12343298,600
12169,12222614,380
12170,12222614,400
12171,12222614,320
12172,12222614,160
12173,12222614,290
12174,12343298,750
12175,12343298,600
12176,12222614,380
12177,12343298,670
12178,12222614,200
12179,12222614,290
12180,12222614,320
12181,12222614,480
12182,1334494,11320
12183,12222614,200
12184,12222614,380
12185,2014,500000
12186,2014,500000
12187,12222614,290
12188,12343298,530
12189,12222614,290
12190,12222614,290
12191,12222614,290
12192,12222614,410
12193,12343298,750
12194,12222614,210
12195,12222614,360
12196,12343298,530
12197,12222614,290
12198,12222614,480
12199,12222614,150
12200,12343298,600
12201,12222614,350
12202,12222614,180
12203,12343298,750
12204,1334494,6950
12205,2014,500000
12206,12222614,200
12207,12222614,400
12208,12222614,380
12209,12343298,600
12210,12222614,260
12211,12343298,840
12212,12222614,490
12213,12343298,530
12214,12222614,260
12215,12222614,290
12216,12343298,620
12217,12222614,260
12218,12343298,670
12219,12222614,110
12220,12222614,290
12221,12222614,290
12222,12343298,600
12223,12222614,320
12224,12222614,230
12225,12222614,210
12226,12222614,380
12227,12222614,150
12228,12222614,410
12229,12343298,670
12230,12222614,110
12231,12222614,380
12232,12343298,600
12233,12222614,480
12234,12222614,210
12235,12343298,530
12236,12222614,290
12237,12222614,380
12238,12222614,290
12239,12222614,400
12240,12222614,290
12241,12343298,530
12242,12222614,380
12243,12222614,200
12244,12343298,840
12245,12343298,870
12246,12222614,400
12247,12343298,670
12248,12222614,290
12249,12343298,670
12250,12222614,380
12251,12343298,530
12252,12343298,670
12253,12222614,260
12254,12222614,200
12255,12343298,670
12256,12222614,260
12257,12222614,150
12258,12222614,380
12259,12343298,840
12260,12222614,400
12261,12343298,600
12262,12343298,840
12263,12222614,420
12264,12222614,210
12265,12222614,200
12266,12222614,110
12267,12222614,120
12268,12343298,530
12269,12343298,840
12270,12222614,170
12271,12222614,320
12272,12222614,290
12273,12343298,840
12274,12222614,310
12275,12343298,670
12276,12222614,290
12277,12222614,320
12278,12222614,380
12279,12222614,200
12280,12222614,290
12281,12222614,400
12282,12222614,260
12283,12222614,400
12284,12222614,150
12285,12222614,210
12286,12343298,530
12287,12343298,670
12288,12222614,290
12289,12222614,320
12290,12222614,290
12291,12222614,270
12292,12222614,320
12293,12222614,380
12294,12222614,150
12295,12222614,400
12296,12222614,150
12297,2014,500000
12298,12222614,110
12299,12222614,260
12300,12222614,150
12301,12343298,530
12302,12222614,110
12303,2014,500000
12304,12343298,840
12305,12222614,480
12306,12222614,110
12307,12343298,530
12308,12222614,210
12309,12222614,400
12310,12222614,380
12311,12222614,400
12312,12222614,150
12313,12343298,670
12314,12343298,600
12315,12343298,670
12316,12222614,390
12317,2014,500000
12318,12343298,600
12319,12222614,320
12320,12222614,380
12321,12222614,260
12322,12222614,400
12323,12222614,200
12324,12343298,600
12325,12222614,290
12326,12222614,200
12327,12343298,840
12328,12222614,480
12329,12222614,400
12330,12222614,320
12331,12343298,670
12332,12343298,670
12333,12222614,400
12334,12343298,600
12335,12222614,260
12336,12343298,530
12337,2014,500000
12338,12222614,260
12339,12222614,110
12340,12222614,260
12341,12222614,400
12342,12222614,290
12343,12222614,150
12344,12222614,290
12345,12222614,290
12346,12222614,480
12347,12222614,480
12348,12222614,210
12349,12343298,600
12350,12222614,290
12351,12222614,290
12352,12222614,210
12353,12343298,670
12354,12222614,290
12355,12343298,840
12356,12343298,530
12357,12222614,290
12358,1334494,9280
12359,12222614,200
12360,12222614,320
12361,12343298,750
12362,12343298,600
12363,12222614,380
12364,12222614,260
12365,12222614,200
12366,12222614,200
12367,2014,500000
12368,12343298,930
12369,12343298,840
12370,12343298,670
12371,1334494,8240
12372,12222614,400
12373,12222614,320
12374,12222614,160
12375,12343298,840
12376,12222614,380
12377,12343298,840
12378,12222614,290
12379,12222614,260
12380,12343298,600
12381,12222614,110
12382,12222614,380
12383,12222614,400
12384,12222614,320
12385,12222614,400
12386,12343298,840
12387,2014,500000
12388,12222614,260
12389,12222614,200
12390,12343298,530
12391,12222614,290
12392,12222614,260
12393,12222614,110
12394,12222614,150
12395,12343298,530
12396,12222614,400
12397,1334494,8040
12398,12222614,290
12399,12222614,400
12400,12222614,150
12401,12343298,670
12402,12343298,840
12403,12222614,320
12404,12343298,600
12405,12222614,200
12406,12343298,530
12407,12343298,530
12408,12343298,670
12409,12222614,290
12410,12222614,290
12411,12222614,210
12412,12222614,290
12413,12343298,1050
12414,12222614,400
12415,1334494,15330
12416,12343298,600
12417,1334494,8960
12418,12343298,670
12419,12343298,1050
12420,12222614,260
12421,12222614,200
12422,12343298,840
12423,12343298,840
12424,12343298,600
12425,12222614,260
12426,12343298,600
12427,12343298,600
12428,12222614,320
12429,2014,500000
12430,12343298,840
12431,12222614,290
12432,12222614,400
12433,12222614,480
12434,12222614,200
12435,12222614,290
12436,12222614,390
12437,12222614,210
12438,12222614,290
12439,12222614,400
12440,12343298,600
12441,12222614,260
12442,12222614,480
12443,12222614,320
12444,12222614,290
12445,12343298,670
12446,12222614,150
12447,12343298,670
12448,12343298,510
12449,12222614,320
12450,12222614,380
12451,12343298,530
12452,12222614,290
12453,12222614,480
12454,12222614,400
12455,12343298,600
12456,12343298,750
12457,12222614,320
12458,12222614,480
12459,12222614,200
12460,12222614,260
12461,12343298,670
12462,12343298,840
12463,12222614,290
12464,12222614,320
12465,12343298,600
12466,12222614,400
12467,12222614,480
12468,12222614,320
12469,12222614,290
12470,12222614,260
12471,12222614,210
12472,12222614,400
12473,12222614,290
12474,12222614,110
12475,12222614,480
12476,12222614,290
12477,1334494,8090
12478,2014,500000
12479,12343298,840
12480,12343298,1050
12481,12222614,290
12482,12222614,290
12483,12222614,150
12484,12222614,290
12485,2014,500000
12486,12222614,340
12487,12222614,400
12488,12343298,670
12489,12343298,840
12490,12343298,840
12491,12343298,530
12492,12222614,260
12493,12343298,750
12494,1334494,21640
12495,1334494,8930
12496,12222614,200
12497,12343298,670
12498,12222614,200
12499,12222614,380
12500,12343298,670
12501,12222614,380
12502,12343298,540
12503,12222614,290
12504,12222614,150
12505,12222614,320
12506,12222614,320
12507,12222614,260
12508,12222614,380
12509,12343298,840
12510,12222614,480
12511,2014,500000
12512,12222614,400
12513,12222614,380
12514,12222614,290
12515,12343298,530
12516,1334494,6240
12517,12222614,400
12518,12343298,840
12519,12343298,870
12520,12343298,950
12521,12222614,320
12522,12222614,320
12523,12343298,530
12524,12222614,210
12525,12343298,840
12526,12343298,840
12527,12222614,230
12528,12343298,600
12529,12343298,840
12530,12222614,400
12531,12222614,480
12532,12222614,270
12533,12343298,600
12534,12343298,500
12535,12222614,290
12536,12343298,600
12537,1334494,8000
12538,12343298,600
12539,12343298,670
12540,12222614,110
12541,12222614,410
12542,1334494,7680
12543,12222614,320
12544,12222614,260
12545,12222614,480
12546,12222614,150
12547,12222614,260
12548,12222614,380
12549,12222614,320
12550,12222614,260
12551,12222614,240
12552,12222614,150
12553,12222614,110
12554,12222614,290
12555,12343298,670
12556,12222614,110
12557,12222614,380
12558,12343298,840
12559,12343298,670
12560,12343298,530
12561,12222614,290
12562,12222614,320
12563,12222614,210
12564,12222614,480
12565,12222614,320
12566,12222614,110
12567,12222614,210
12568,12343298,840
12569,12343298,670
12570,12222614,290
12571,12222614,300
12572,12222614,200
12573,12222614,200
12574,12343298,530
12575,12343298,670
12576,2014,500000
12577,12222614,150
12578,12222614,200
12579,12343298,1050
12580,12343298,600
12581,12222614,400
12582,12343298,840
12583,12222614,210
12584,12222614,200
12585,12222614,290
12586,12343298,530
12587,12343298,840
12588,12222614,410
12589,12222614,260
12590,1334494,10120
12591,12222614,270
12592,12343298,930
12593,12222614,120
12594,12222614,480
12595,1334494,7200
12596,12222614,320
12597,12222614,290
12598,12222614,200
12599,12222614,290
12600,12222614,150
12601,12343298,670
12602,12222614,480
12603,12222614,320
12604,12222614,480
12605,12343298,860
12606,12343298,540
12607,12222614,320
12608,12222614,380
12609,12222614,200
12610,1334494,9430
12611,12222614,380
12612,12222614,480
12613,12222614,400
12614,12222614,300
12615,12222614,450
12616,12222614,150
12617,12222614,480
12618,12222614,110
12619,12222614,150
12620,12343298,840
12621,12222614,480
12622,1334494,7030
12623,12222614,320
12624,12343298,530
12625,12222614,320
12626,12222614,290
12627,12222614,210
12628,12343298,530
12629,12222614,260
12630,12343298,850
12631,12222614,180
12632,12343298,670
12633,12222614,320
12634,12222614,380
12635,12222614,150
12636,12222614,480
12637,12222614,150
12638,12343298,530
12639,12343298,930
12640,12343298,840
12641,12343298,840
12642,12222614,380
12643,12343298,840
12644,12343298,530
12645,12343298,610
12646,12343298,710
12647,12222614,200
12648,12343298,680
12649,12222614,290
12650,12222614,400
12651,12222614,210
12652,12222614,290
12653,12222614,110
12654,12222614,260
12655,12222614,400
12656,12343298,930
12657,12222614,150
12658,12222614,150
12659,12222614,260
12660,12222614,210
12661,12222614,420
12662,12343298,670
12663,12343297,860
12664,12222614,290
12665,12343297,600
12666,12222614,380
12667,12222614,150
12668,12343297,670
12669,12222614,110
12670,12222614,490
12671,12222614,110
12672,12222614,310
12673,12222614,260
12674,12222614,390
12675,12222614,320
12676,12343297,600
12677,12222614,400
12678,12222614,150
12679,12222614,480
12680,12222614,380
12681,12343297,670
12682,12222614,380
12683,12222614,420
12684,12222614,380
12685,1334494,7550
12686,12222614,290
12687,12222614,150
12688,12222614,310
12689,12222614,290
12690,12343297,600
12691,2014,500000
12692,12222614,400
12693,12222614,480
12694,12222614,200
12695,2014,500000
12696,12222614,210
12697,12222614,400
12698,12343297,670
12699,12222614,150
12700,12222614,290
12701,12222614,110
12702,12343297,620
12703,12222614,380
12704,12222614,400
12705,12222614,210
12706,12222614,210
12707,12222614,400
12708,12222614,210
12709,12222614,150
12710,12222614,110
12711,12222614,290
12712,12222614,150
12713,12222614,290
12714,12222614,200
12715,12343297,600
12716,12222614,400
12717,12222614,290
12718,12222614,210
12719,2014,500000
12720,12343297,670
12721,12222614,480
12722,12222614,150
12723,12222614,260
12724,12222614,150
12725,12222614,290
12726,12222614,480
12727,12222614,400
12728,12222614,400
12729,12343297,600
12730,2014,500000
12731,12222614,200
12732,12222614,200
12733,12222614,480
12734,12222614,210
12735,12222614,320
12736,12343297,670
12737,12343297,600
12738,12222614,320
12739,12343297,530
12740,12222614,320
12741,12222614,150
12742,12222614,210
12743,12222614,210
12744,12343297,1050
12745,12222614,210
12746,12343297,1050
12747,2014,500000
12748,12222614,150
12749,12222614,290
12750,12222614,400
12751,12222614,380
12752,12222614,210
12753,12343297,840
12754,12343297,670
12755,12222614,150
12756,12343297,670
12757,12222614,210
12758,12222614,320
12759,2014,500000
12760,12222614,150
12761,12343297,840
12762,2014,500000
12763,12343297,670
12764,12343297,530
12765,12222614,320
12766,12343297,600
12767,12222614,150
12768,12222614,200
12769,12222614,150
12770,12343297,620
12771,12222614,400
12772,12222614,320
12773,12222614,150
12774,12343297,600
12775,12222614,250
12776,1334494,159660
12777,12222614,290
12778,12222614,150
12779,12343297,530
12780,12222614,210
12781,12222614,400
12782,12222614,270
12783,12222614,290
12784,12222614,300
12785,12222614,110
12786,12222614,290
12787,12222614,290
12788,12222614,210
12789,12222614,400
12790,12222614,200
12791,12222614,200
12792,12222614,400
12793,12222614,290
12794,12222614,320
12795,12222614,260
12796,12222614,200
12797,12222614,320
12798,12343297,670
12799,12222614,290
12800,12343297,840
12801,12222614,40
12802,12222614,10
12803,2014,500000
12804,12222614,30
12805,12222614,10
12806,12222614,20
12807,12222614,20
12808,12222614,40
12809,12222614,30
12810,12222614,60
12811,12222614,10
12812,12222614,10
12813,12222614,30
12814,1334494,13050
12815,12222614,40
12816,12222614,40
12817,12222614,10
12818,12222614,150
12819,12222614,30
12820,12222614,10
12821,12222614,30
12822,12222614,70
12823,12222614,30
12824,12222614,250
12825,12222614,20
12826,12222614,30
12827,12222614,100
12828,12222614,10
12829,12222614,20
12830,12222614,80
12831,12222614,10
12832,12222614,150
12833,12222614,10
12834,12222614,80
12835,2014,500000
12836,12222614,80
12837,12222614,10
12838,12222614,30
12839,12222614,20
12840,12222614,10
12841,12222614,30
12842,12222614,10
12843,12222614,10
12844,12222614,20
12845,12222614,30
12846,12222614,20
12847,12222614,10
12848,12222614,60
12849,12222614,20
12850,12222614,10
12851,12222614,60
12852,12222614,10
12853,12222614,20
12854,12222614,40
12855,12222614,30
12856,12222614,40
12857,1334494,5950
12858,12222614,80
12859,12222614,150
12860,80148050,0
12861,12222614,20
12862,12222614,70
12863,12222614,20
12864,12222614,10
12865,12222614,20
12866,12222614,10
12867,12222614,10
12868,2014,500000
12869,12222614,50
12870,12222614,20
12871,2014,500000
12872,1334494,14610
12873,12222614,30
12874,12222614,20
12875,12222614,20
12876,12222614,40
12877,12222614,10
12878,12222614,80
12879,12222614,30
12880,12222614,70
12881,12222614,10
12882,12222614,10
12883,12222614,20
12884,12222614,80
12885,12222614,10
12886,12222614,150
12887,1334494,8780
12888,12222614,30
12889,12222614,30
12890,12222614,10
12891,12222614,20
12892,12222614,80
12893,12222614,40
12894,12222614,10
12895,12222614,10
12896,12222614,10
12897,12222614,20
12898,12222614,20
12899,12222614,20
12900,12222614,40
12901,12222614,60
12902,12222614,10
12903,12222614,20
12904,12222614,10
12905,12222614,10
12906,12222614,10
12907,12222614,30
12908,12222614,10
12909,12222614,60
12910,12222614,70
12911,12222614,10
12912,12222614,10
12913,1334494,12340
12914,12222614,20
12915,12222614,10
12916,12222614,20
12917,12222614,10
12918,12222614,40
12919,12222614,20
12920,12222614,30
12921,12222614,20
12922,12222614,30
12923,12222614,10
12924,12222614,30
12925,12222614,30
12926,80148050,0
12927,12222614,20
12928,12222614,10
12929,12222614,30
12930,12222614,10
12931,12222614,20
12932,12222614,10
12933,12222614,30
12934,12222614,30
12935,12222614,30
12936,12222614,10
12937,12222614,20
12938,12222614,220
12939,12222614,40
12940,12222614,30
12941,12222614,10
12942,12222614,20
12943,12222614,60
12944,12222614,20
12945,12222614,20
12946,12222614,40
12947,12222614,50
12948,12222614,10
12949,12222614,110
12950,12222614,10
12951,12222614,30
12952,12222614,150
12953,12222614,20
12954,12222614,10
12955,12222614,20
12956,12222614,60
12957,80148050,0
12958,12222614,40
12959,12222614,10
12960,12222614,10
12961,12222614,50
12962,12222614,10
12963,12222614,10
12964,12222614,20
12965,12222614,10
12966,12222614,30
12967,12222614,20
12968,12222614,70
12969,12222614,30
12970,12222614,20
12971,12222614,10
12972,12222614,10
12973,12222614,10
12974,12222614,30
12975,80148050,0
12976,12222614,10
12977,12222614,10
12978,12222614,240
12979,12222614,150
12980,1334494,5880
12981,12222614,20
12982,12222614,10
12983,12222614,10
12984,12222614,20
12985,1334494,4460
12986,12222614,10
12987,12222614,60
12988,12222614,10
12989,12222614,30
12990,12222614,50
12991,12222614,10
12992,12222614,40
12993,12222614,10
12994,12222614,10
12995,12222614,40
12996,12222614,20
12997,12222614,30
12998,12222614,90
12999,12222614,10
13000,12222614,30
13001,12222614,10
13002,12222614,110
13003,12222614,20
13004,12222614,10
13005,80148050,0
13006,12222614,10
13007,12222614,40
13008,12222614,30
13009,12222614,20
13010,12222614,40
13011,12222614,20
13012,1334494,6800
13013,12222614,50
13014,12222614,10
13015,12222614,10
13016,12222614,10
13017,12222614,10
13018,12222614,10
13019,12222614,10
13020,12222614,150
13021,12222614,10
13022,12222614,210
13023,12222614,30
13024,12222614,30
13025,12222614,150
13026,80148050,0
13027,12222614,30
13028,12222614,10
13029,12222614,20
13030,12222614,10
13031,12222614,60
13032,12222614,30
13033,12222614,30
13034,2014,500000
13035,12222614,60
13036,12222614,30
13037,12222614,10
13038,12222614,20
13039,12222614,10
13040,12222614,10
13041,12222614,150
13042,12222614,40
13043,12222614,10
13044,12222614,40
13045,12222614,30
13046,12222614,150
13047,12222614,40
13048,12222614,40
13049,12222614,10
13050,12222614,40
13051,12222614,10
13052,12222614,60
13053,12222614,50
13054,12222614,20
13055,12222614,10
13056,12222614,20
13057,12222614,60
13058,12222614,10
13059,12222614,10
13060,12222614,30
13061,12222614,10
13062,12222614,80
13063,12222614,20
13064,12222614,20
13065,12222614,50
13066,1334494,13910
13067,12222614,10
13068,12222614,30
13069,12222614,20
13070,12222614,30
13071,80148050,0
13072,12222614,30
13073,12222614,10
13074,12222614,30
13075,12222614,40
13076,12222614,30
13077,12222614,20
13078,12222614,210
13079,12222614,30
13080,12222614,10
13081,12222614,10
13082,2014,500000
13083,12222614,30
13084,12222614,80
13085,12222614,20
13086,12222614,40
13087,12222614,10
13088,80148050,0
13089,12222614,80
13090,80148050,0
13091,12222614,40
13092,12222614,110
13093,12222614,60
13094,12222614,50
13095,1334494,6370
13096,12222614,10
13097,12222614,10
13098,12222614,20
13099,12222614,50
13100,12222614,20
13101,12222614,20
13102,12222614,40
13103,12222614,40
13104,12222614,30
13105,12222614,50
13106,12222614,20
13107,12222614,30
13108,2014,500000
13109,12222614,10
13110,12222614,10
13111,2014,500000
13112,12222614,60
13113,12222614,110
13114,12222614,10
13115,12222614,10
13116,12222614,30
13117,12222614,30
13118,12222614,20
13119,12222614,110
13120,80148050,0
13121,12222614,40
13122,12222614,20
13123,12222614,40
13124,12222614,40
13125,12222614,20
13126,12222614,20
13127,12222614,30
13128,12222614,30
13129,12222614,30
13130,12222614,10
13131,12222614,10
13132,12222614,10
13133,12222614,10
13134,12222614,20
13135,12222614,10
13136,12222614,20
13137,12222614,10
13138,12222614,40
13139,12222614,10
13140,12222614,40
13141,12222614,30
13142,12222614,150
13143,12222614,10
13144,12222614,20
13145,12222614,10
13146,2014,500000
13147,12222614,20
13148,2014,500000
13149,80148050,0
13150,1334494,9130
13151,12222614,10
13152,12222614,10
13153,12222614,10
13154,12222614,10
13155,12222614,20
13156,12222614,40
13157,80148050,0
13158,12222614,20
13159,12222614,30
13160,12222614,50
13161,12222614,80
13162,12222614,20
13163,12222614,10
13164,12222614,10
13165,12222614,10
13166,12222614,50
13167,12222614,80
13168,12222614,10
13169,12222614,60
13170,2014,500000
13171,12222614,30
13172,12222614,10
13173,12222614,30
13174,12222614,10
13175,12222614,10
13176,12222614,10
13177,12222614,50
13178,12222614,20
13179,12222614,10
13180,12222614,20
13181,12222614,40
13182,2014,500000
13183,12222614,30
13184,12222614,210
13185,12222614,40
13186,12222614,10
13187,12222614,20
13188,12222614,20
13189,12222614,20
13190,12222614,20
13191,12222614,20
13192,12222614,110
13193,12222614,10
13194,12222614,10
13195,12222614,60
13196,12222614,30
13197,12222614,60
13198,12222614,10
13199,12222614,20
13200,12222614,30
13201,12222614,10
13202,1334494,9160
13203,12222614,30
13204,1334494,8810
13205,12222614,20
13206,12222614,40
13207,12222614,10
13208,12222614,30
13209,12222614,10
13210,12222614,20
13211,12222614,20
13212,12222614,20
13213,12222614,20
13214,80148050,0
13215,12222614,30
13216,1334494,9800
13217,12222614,10
13218,12222614,20
13219,12222614,80
13220,2014,500000
13221,12222614,20
13222,12222614,40
13223,12222614,30
13224,12222614,40
13225,12222614,30
13226,12222614,10
13227,12222614,20
13228,12222614,170
13229,12222614,50
13230,12222614,10
13231,12222614,40
13232,12222614,40
13233,12222614,50
13234,12222614,10
13235,12222614,30
13236,12222614,10
13237,12222614,110
13238,12222614,70
13239,12222614,50
13240,12222614,10
13241,12222614,30
13242,12222614,30
13243,2014,500000
13244,12222614,10
13245,1334494,7750
13246,12222614,10
13247,12222614,40
13248,12222614,10
13249,12222614,50
13250,12222614,10
13251,2014,500000
13252,12222614,10
13253,12222614,70
13254,12222614,40
13255,12222614,10
13256,12222614,20
13257,12222614,10
13258,12222614,30
13259,12222614,50
13260,12222614,40
13261,12222614,10
13262,12222614,10
13263,12222614,80
13264,12222614,20
13265,12222614,20
13266,12222614,10
13267,12222614,40
13268,12222614,30
13269,12222614,40
13270,12222614,30
13271,12222614,30
13272,12222614,10
13273,12222614,10
13274,2014,500000
13275,12222614,20
13276,12222614,80
13277,12222614,30
13278,12222614,10
13279,12222614,50
13280,12222614,10
13281,12222614,30
13282,12222614,20
13283,12222614,20
13284,12222614,150
13285,12222614,40
13286,12222614,10
13287,12222614,150
13288,12222614,220
13289,12222614,10
13290,12222614,20
13291,12222614,50
13292,12222614,40
13293,12222614,10
13294,12222614,50
13295,12222614,150
13296,12222614,20
13297,12222614,30
13298,12222614,50
13299,12222614,10
13300,12222614,20
13301,12222614,10
13302,12222614,20
13303,12222614,110
13304,12222614,60
13305,12222614,20
13306,12222614,20
13307,12222614,50
13308,12222614,30
13309,12222614,10
13310,12222614,30
13311,12222614,20
13312,12222614,10
13313,12222614,30
13314,12222614,30
13315,12222614,10
13316,12222614,10
13317,12222614,50
13318,12222614,60
13319,12222614,150
13320,12222614,10
13321,12222614,40
13322,12222614,30
13323,12222614,10
13324,12222614,30
13325,2014,500000
13326,12222614,20
13327,12222614,10
13328,12222614,30
13329,2014,500000
13330,12222614,10
13331,12222614,40
13332,12222614,50
13333,12222614,10
13334,12222614,70
13335,12222614,10
13336,12222614,20
13337,12222614,40
13338,12222614,10
13339,12222614,20
13340,12222614,10
13341,12222614,60
13342,12222614,10
13343,12222614,20
13344,12222614,30
13345,12222614,150
13346,12222614,30
13347,12222614,10
13348,12222614,10
13349,12222614,40
13350,12222614,20
13351,2014,500000
13352,12222614,40
13353,12222614,40
13354,12222614,20
13355,12222614,20
13356,12222614,10
13357,12222614,40
13358,12222614,60
13359,12222614,20
13360,12222614,110
13361,12222614,10
13362,12222614,20
13363,12222614,10
13364,12222614,30
13365,12222614,20
13366,12222614,30
13367,12222614,20
13368,12222614,20
13369,12222614,10
13370,12222614,10
13371,12222614,20
13372,12222614,10
13373,1334494,20340
13374,12222614,10
13375,12222614,60
13376,12222614,10
13377,12222614,10
13378,12222614,60
13379,12222614,150
13380,12222614,70
13381,12222614,80
13382,12222614,10
13383,12222614,10
13384,12222614,20
13385,12222614,10
13386,12222614,10
13387,12222614,40
13388,12222614,10
13389,12222614,30
13390,12222614,20
13391,12222614,10
13392,12222614,10
13393,80148050,0
13394,12222614,30
13395,12222614,110
13396,12222614,20
13397,12222614,20
13398,12222614,150
13399,2014,500000
13400,12222614,20
13401,12222614,80
13402,12222614,30
13403,12222614,30
13404,12222614,30
13405,12222614,10
13406,12222614,160
13407,12222614,10
13408,12222614,20
13409,12222614,10
13410,12222614,10
13411,12222614,10
13412,12222614,20
13413,12222614,40
13414,12222614,40
13415,12222614,30
13416,12222614,20
13417,12222614,40
13418,12222614,10
13419,12222614,10
13420,12222614,10
13421,12222614,40
13422,12222614,40
13423,1334494,8160
13424,12222614,30
13425,12222614,40
13426,12222614,10
13427,12222614,60
13428,12222614,40
13429,12222614,150
13430,12222614,30
13431,12222614,50
13432,12222614,30
13433,12222614,10
13434,12222614,10
13435,12222614,80
13436,12222614,30
13437,12222614,30
13438,12222614,10
13439,12222614,10
13440,12222614,10
13441,12222614,30
13442,12222614,20
13443,12222614,110
13444,12222614,10
13445,12222614,60
13446,12222614,20
13447,12222614,20
13448,12222614,10
13449,12222614,150
13450,12222614,30
13451,12222614,10
13452,12222614,10
13453,12222614,60
13454,80148050,0
13455,12222614,110
13456,12222614,150
13457,12222614,30
13458,12222614,10
13459,12222614,20
13460,12222614,30
13461,12222614,20
13462,12222614,70
13463,12222614,10
13464,12222614,10
13465,12222614,30
13466,12222614,20
13467,12222614,10
13468,12222614,110
13469,12222614,60
13470,12222614,10
13471,12222614,30
13472,12222614,20
13473,12222614,20
13474,80148050,0
13475,12222614,20
13476,12222614,30
13477,12222614,10
13478,12222614,20
13479,12222614,90
13480,12222614,70
13481,12222614,20
13482,12222614,20
13483,2014,500000
13484,12222614,20
13485,12222614,20
13486,12222614,20
13487,12222614,10
13488,12222614,50
13489,12222614,20
13490,12222614,20
13491,12222614,210
13492,12222614,40
13493,12222614,10
13494,12222614,80
13495,12222614,10
13496,12222614,10
13497,2014,500000
13498,12222614,20
13499,12222614,10
13500,12222614,20
13501,1334494,8930
13502,12222614,70
13503,12222614,20
13504,12222614,40
13505,12222614,10
13506,12222614,60
13507,12222614,50
13508,12222614,10
13509,12222614,30
13510,12222614,50
13511,12222614,60
13512,2014,500000
13513,12222614,20
13514,12222614,10
13515,12222614,20
13516,12222614,110
13517,12222614,30
13518,12222614,40
13519,12222614,20
13520,12222614,10
13521,12222614,10
13522,12222614,30
13523,12222614,30
13524,12222614,10
13525,12222614,80
13526,12222614,20
13527,12222614,10
13528,12222614,40
13529,80148050,0
13530,2014,500000
13531,12222614,60
13532,2014,500000
13533,12222614,40
13534,12222614,10
13535,12222614,10
13536,12222614,20
13537,12222614,70
13538,12222614,30
13539,12222614,10
13540,12222614,10
13541,12222614,10
13542,12222614,20
13543,12222614,110
13544,12222614,40
13545,12222614,40
13546,1334494,5600
13547,12222614,10
13548,12222614,40
13549,2014,500000
13550,12222614,50
13551,1334494,13750
13552,12222614,20
13553,2014,500000
13554,12222614,150
13555,12222614,10
13556,12222614,30
13557,12222614,80
13558,12222614,30
13559,12222614,80
13560,12222614,20
13561,12222614,70
13562,12222614,30
13563,12222614,10
13564,12222614,40
13565,12222614,30
13566,12222614,30
13567,12222614,30
13568,12222614,30
13569,12222614,10
13570,12222614,20
13571,12222614,30
13572,12222614,50
13573,12222614,40
13574,12222614,10
13575,12222614,40
13576,1334494,8690
13577,1334494,6820
13578,12222614,20
13579,12222614,30
13580,12222614,30
13581,12222614,10
13582,12222614,40
13583,12222614,30
13584,12222614,10
13585,12222614,20
13586,12222614,60
13587,12222614,30
13588,80148050,0
13589,12222614,20
13590,12222614,30
13591,12222614,20
13592,12222614,30
13593,12222614,80
13594,2014,500000
13595,80148050,0
13596,1334494,8500
13597,12222614,170
13598,12222614,30
13599,12222614,30
13600,12222614,20
13601,12222614,10
13602,12222614,20
13603,12222614,30
13604,12222614,20
13605,2014,500000
13606,12222614,50
13607,12222614,10
13608,12222614,30
13609,12222614,40
13610,12222614,110
13611,1334494,82140
13612,12222614,10
13613,12222614,10
13614,12222614,150
13615,12222614,20
13616,2014,500000
13617,12222614,30
13618,12222614,20
13619,12222614,30
13620,12222614,10
13621,12222614,30
13622,12222614,10
13623,12222614,60
13624,12222614,10
13625,12222614,40
13626,12222614,10
13627,12222614,20
13628,12222614,10
13629,12222614,10
13630,12222614,10
13631,12222614,110
13632,2014,500000
13633,12222614,20
13634,12222614,10
13635,12222614,80
13636,12222614,40
13637,12222614,10
13638,1334494,5100
13639,12222614,150
13640,12222614,20
13641,12222614,10
13642,12222614,10
13643,12222614,20
13644,12222614,10
13645,12222614,10
13646,12222614,20
13647,12222614,40
13648,12222614,80
13649,12222614,10
13650,12222614,90
13651,12222614,20
13652,12222614,20
13653,12222614,10
13654,1334494,14310
13655,80148050,0
13656,12222614,20
13657,12222614,20
13658,12222614,110
13659,12222614,10
13660,12222614,20
13661,12222614,30
13662,12222614,10
13663,12222614,10
13664,12222614,40
13665,12222614,10
13666,12222614,10
13667,12222614,10
13668,12222614,10
13669,12222614,30
13670,12222614,20
13671,12222614,10
13672,12222614,10
13673,1334494,5570
13674,12222614,30
13675,12222614,10
13676,12222614,30
13677,12222614,50
13678,12222614,150
13679,12222614,10
13680,12222614,10
13681,12222614,60
13682,12222614,80
13683,12222614,20
13684,12222614,20
13685,12222614,30
13686,12222614,10
13687,12222614,70
13688,12222614,20
13689,12222614,20
13690,2014,500000
13691,2014,500000
13692,12222614,10
13693,12222614,10
13694,12222614,40
13695,12222614,20
13696,12222614,30
13697,12222614,40
13698,12222614,10
13699,12222614,20
13700,12222614,10
13701,2014,500000
13702,12222614,20
13703,12222614,20
13704,80148050,0
13705,12222614,30
13706,12222614,10
13707,1334494,9570
13708,12222614,10
13709,1334494,11730
13710,12222614,150
13711,80148050,0
13712,12222614,60
13713,12222614,30
13714,80148050,0
13715,12222614,20
13716,12222614,60
13717,12222614,20
13718,12222614,10
13719,12222614,10
13720,12222614,10
13721,12222614,40
13722,12222614,20
13723,12222614,60
13724,12222614,30
13725,12222614,20
13726,12222614,10
13727,12222614,40
13728,12222614,10
13729,12222614,30
13730,12222614,110
13731,12222614,20
13732,12222614,20
13733,12222614,60
13734,1334494,9360
13735,12222614,30
13736,12222614,30
13737,12222614,40
13738,12222614,10
13739,12222614,10
13740,12222614,30
13741,12222614,30
13742,12222614,20
13743,12222614,30
13744,12222614,30
13745,12222614,10
13746,12222614,20
13747,12222614,30
13748,12222614,30
13749,12222614,10
13750,12222614,10
13751,12222614,20
13752,12222614,10
13753,12222614,30
13754,12222614,40
13755,12222614,10
13756,12222614,10
13757,12222614,20
13758,12222614,10
13759,12222614,20
13760,12222614,10
13761,12222614,10
13762,12222614,10
13763,80148050,0
13764,12222614,30
13765,2014,500000
13766,12222614,150
13767,12222614,20
13768,12222614,20
13769,1334494,39100
13770,12222614,40
13771,12222614,20
13772,12222614,70
13773,12222614,10
13774,12222614,20
13775,12222614,40
13776,12222614,20
13777,12222614,20
13778,12222614,20
13779,12222614,10
13780,12222614,40
13781,12222614,150
13782,12222614,30
13783,12222614,30
13784,12222614,10
13785,12222614,30
13786,12222614,20
13787,12222614,30
13788,12222614,40
13789,12222614,20
13790,12222614,50
13791,12222614,30
13792,12222614,10
13793,12222614,40
13794,80148050,0
13795,12222614,20
13796,12222614,150
13797,12222614,20
13798,12222614,10
13799,12222614,10
13800,12222614,60
13801,12222614,160
13802,12222614,10
13803,12222614,10
13804,12222614,10
13805,12222614,10
13806,12222614,30
13807,12222614,30
13808,12222614,10
13809,12222614,20
13810,12222614,40
13811,12222614,70
13812,12222614,10
13813,12222614,10
13814,12222614,10
13815,12222614,10
13816,12222614,20
13817,12222614,20
13818,12222614,40
13819,12222614,50
13820,12222614,30
13821,12222614,30
13822,1334494,8350
13823,12222614,20
13824,12222614,80
13825,12222614,20
13826,12222614,10
13827,12222614,10
13828,12222614,110
13829,12222614,20
13830,12222614,70
13831,12222614,30
13832,12222614,10
13833,12222614,60
13834,12222614,20
13835,12222614,30
13836,80148050,0
13837,12222614,70
13838,12222614,20
13839,12222614,20
13840,12222614,20
13841,2014,500000
13842,12222614,10
13843,12222614,60
13844,12222614,70
13845,12222614,30
13846,12222614,60
13847,12222614,10
13848,12222614,150
13849,12222614,30
13850,12222614,20
13851,12222614,20
13852,12222614,30
13853,12222614,20
13854,12222614,40
13855,2014,500000
13856,12222614,10
13857,12222614,30
13858,12222614,50
13859,12222614,10
13860,80148050,0
13861,12222614,10
13862,12222614,10
13863,12222614,20
13864,12222614,150
13865,12222614,10
13866,12222614,30
13867,12222614,30
13868,12222614,30
13869,12222614,30
13870,1334494,8950
13871,12222614,30
13872,12222614,30
13873,12222614,20
13874,12222614,10
13875,80148050,0
13876,12222614,10
13877,12222614,70
13878,12222614,60
13879,12222614,20
13880,2014,500000
13881,12222614,10
13882,12222614,10
13883,12222614,20
13884,12222614,10
13885,12222614,110
13886,12222614,10
13887,12222614,10
13888,12222614,20
13889,12222614,20
13890,12222614,30
13891,12222614,30
13892,1334494,12980
13893,12222614,30
13894,12222614,10
13895,12222614,70
13896,12222614,10
13897,12222614,50
13898,12222614,10
13899,12222614,30
13900,12222614,20
13901,1334494,8830
13902,12222614,20
13903,12222614,20
13904,12222614,10
13905,12222614,40
13906,12222614,110
13907,12222614,50
13908,12222614,20
13909,12222614,10
13910,2014,500000
13911,12222614,20
13912,12222614,20
13913,12222614,20
13914,12222614,10
13915,12222614,110
13916,12222614,40
13917,12222614,20
13918,12222614,20
13919,12222614,150
13920,12222614,20
13921,1334494,7640
13922,12222614,20
13923,12222614,30
13924,12222614,10
13925,1334494,6850
13926,12222614,20
13927,12222614,210
13928,12222614,30
13929,12222614,10
13930,12222614,30
13931,12222614,10
13932,12222614,20
13933,12222614,10
13934,2014,500000
13935,12222614,40
13936,12222614,80
13937,12222614,10
13938,12222614,10
13939,12222614,60
13940,12222614,30
13941,12222614,10
13942,12222614,20
13943,12222614,10
13944,12222614,30
13945,12222614,10
13946,12222614,30
13947,12222614,50
13948,12222614,30
13949,12222614,30
13950,12222614,10
13951,12222614,30
13952,12222614,20
13953,12222614,20
13954,12222614,40
13955,12222614,10
13956,12222614,20
13957,12222614,30
13958,12222614,70
13959,12222614,30
13960,12222614,10
13961,80148050,0
13962,12222614,20
13963,12222614,30
13964,12222614,10
13965,12222614,100
13966,12222614,30
13967,12222614,20
13968,12222614,10
13969,12222614,20
13970,12222614,20
13971,12222614,110
13972,12222614,10
13973,12222614,60
13974,12222614,70
13975,12222614,30
13976,12222614,10
13977,12222614,10
13978,12222614,30
13979,12222614,20
13980,12222614,20
13981,12222614,40
13982,12222614,40
13983,12222614,10
13984,12222614,10
13985,12222614,60
13986,12222614,10
13987,12222614,10
13988,80148050,0
13989,12222614,60
13990,12222614,70
13991,12222614,30
13992,12222614,10
13993,12222614,20
13994,12222614,10
13995,80148050,0
13996,12222614,80
13997,12222614,80
13998,12222614,10
13999,80148050,0
14000,12222614,40
14001,12222614,90
14002,12222614,50
14003,12222614,10
14004,12222614,10
14005,1334494,15750
14006,12222614,50
14007,12222614,10
14008,12222614,20
14009,12222614,10
14010,12222614,30
14011,12222614,30
14012,12222614,20
14013,12222614,30
14014,12222614,20
14015,12222614,50
14016,12222614,30
14017,12222614,40
14018,12222614,20
14019,12222614,60
14020,12222614,40
14021,1334494,7210
14022,12222614,10
14023,12222614,10
14024,12222614,30
14025,12222614,30
14026,12222614,30
14027,12222614,10
14028,2014,500000
14029,12222614,10
14030,12222614,10
14031,12222614,10
14032,12222614,110
14033,12222614,80
14034,12222614,150
14035,12222614,20
14036,12222614,10
14037,12222614,40
14038,12222614,20
14039,12222614,50
14040,12222614,80
14041,12222614,10
14042,12222614,10
14043,12222614,30
14044,12222614,10
14045,12222614,60
14046,12222614,150
14047,12222614,110
14048,12222614,40
14049,12222614,20
14050,12222614,20
14051,12222614,30
14052,12222614,10
14053,12222614,10
14054,12222614,10
14055,12222614,40
14056,12222614,30
14057,12222614,40
14058,12222614,30
14059,12222614,10
14060,12222614,110
14061,12222614,20
14062,12222614,10
14063,12222614,30
14064,12222614,80
14065,12222614,10
14066,12222614,10
14067,12222614,20
14068,12222614,70
14069,12222614,60
14070,12222614,10
14071,12222614,20
14072,12222614,70
14073,12222614,10
14074,12222614,110
14075,12222614,160
14076,12222614,90
14077,12222614,50
14078,12222614,10
14079,12222614,10
14080,12222614,110
14081,12222614,20
14082,12222614,110
14083,12222614,30
14084,12222614,40
14085,12222614,150
14086,12222614,20
14087,12222614,10
14088,12222614,20
14089,2014,500000
14090,12222614,30
14091,12222614,50
14092,12222614,10
14093,12222614,20
14094,12222614,20
14095,12222614,10
14096,12222614,90
14097,12222614,80
14098,12222614,60
14099,12222614,10
14100,80148050,0
14101,12222614,10
14102,12222614,10
14103,12222614,10
14104,12222614,10
14105,80148050,0
14106,12222614,10
14107,12222614,40
14108,2014,500000
14109,12222614,30
14110,12222614,100
14111,12222614,10
14112,12222614,20
14113,12222614,20
14114,12222614,150
14115,12222614,40
14116,12222614,20
14117,12222614,20
14118,80148050,0
14119,12222614,20
14120,12222614,10
14121,12222614,10
14122,12222614,20
14123,12222614,70
14124,12222614,50
14125,2014,500000
14126,12222614,20
14127,12222614,30
14128,12222614,40
14129,12222614,10
14130,12222614,10
14131,12222614,20
14132,12222614,80
14133,12222614,30
14134,12222614,40
14135,12222614,10
14136,12222614,20
14137,12222614,20
14138,12222614,20
14139,12222614,20
14140,12222614,50
14141,12222614,40
14142,12222614,40
14143,12222614,50
14144,12222614,150
14145,12222614,10
14146,12222614,80
14147,12222614,10
14148,12222614,10
14149,12222614,150
14150,12222614,10
14151,12222614,20
14152,12222614,40
14153,12222614,40
14154,12222614,10
14155,12222614,30
14156,12222614,20
14157,12222614,10
14158,12222614,40
14159,12222614,30
14160,12222614,20
14161,12222614,50
14162,12222614,10
14163,12222614,40
14164,12222614,40
14165,12222614,20
14166,12222614,10
14167,12222614,20
14168,12222614,10
14169,12222614,70
14170,12222614,80
14171,12222614,10
14172,12222614,30
14173,12222614,30
14174,12222614,10
14175,80148050,0
14176,12222614,40
14177,12222614,10
14178,12222614,10
14179,12222614,20
14180,12222614,20
14181,12222614,10
14182,12222614,10
14183,80148050,0
14184,12222614,20
14185,80148050,0
14186,12222614,40
14187,12222614,20
14188,12222614,30
14189,12222614,10
14190,12222614,30
14191,12222614,60
14192,12222614,20
14193,12222614,50
14194,12222614,40
14195,12222614,20
14196,12222614,20
14197,12222614,40
14198,12222614,30
14199,12222614,20
14200,12222614,160
14201,12222614,20
14202,12222614,20
14203,12222614,30
14204,12222614,30
14205,12222614,10
14206,12222614,20
14207,12222614,90
14208,12222614,20
14209,12222614,60
14210,12222614,20
14211,12222614,30
14212,12222614,10
14213,12222614,10
14214,12222614,10
14215,12222614,40
14216,12222614,80
14217,12222614,10
14218,12222614,10
14219,12222614,30
14220,12222614,10
14221,12222614,30
14222,12222614,80
14223,12222614,10
14224,12222614,80
14225,12222614,10
14226,12222614,10
14227,12222614,10
14228,12222614,70
14229,12222614,10
14230,12222614,20
14231,12222614,20
14232,12222614,60
14233,12222614,110
14234,12222614,10
14235,12222614,40
14236,12222614,10
14237,12222614,10
14238,12222614,10
14239,12222614,150
14240,12222614,10
14241,12222614,10
14242,12222614,20
14243,12222614,10
14244,12222614,10
14245,12222614,10
14246,80148050,0
14247,12222614,70
14248,12222614,20
14249,12222614,40
14250,12222614,80
14251,12222614,20
14252,12222614,40
14253,12222614,20
14254,12222614,10
14255,12222614,30
14256,12222614,40
14257,12222614,10
14258,80148050,0
14259,1334494,7540
14260,12222614,20
14261,12222614,10
14262,12222614,10
14263,12222614,10
14264,12222614,20
14265,12222614,10
14266,12222614,10
14267,12222614,120
14268,12222614,10
14269,12222614,10
14270,12222614,20
14271,12222614,10
14272,12222614,10
14273,12222614,30
14274,12222614,40
14275,12222614,10
14276,12222614,10
14277,2014,500000
14278,12222614,80
14279,12222614,20
14280,12222614,20
14281,12222614,10
14282,1334494,7460
14283,1334494,7700
14284,12222614,10
14285,12222614,10
14286,12222614,20
14287,12222614,30
14288,12222614,60
14289,12222614,60
14290,12222614,50
14291,12222614,30
14292,12222614,80
14293,12222614,40
14294,12222614,10
14295,12222614,20
14296,12222614,20
14297,12222614,20
14298,12222614,40
14299,12222614,10
14300,12222614,80
14301,12222614,10
14302,12222614,80
14303,12222614,10
14304,80148050,0
14305,12222614,10
14306,12222614,130
14307,12222614,60
14308,12222614,20
14309,12222614,30
14310,12222614,20
14311,12222614,30
14312,12222614,30
14313,12222614,20
14314,12222614,10
14315,12222614,40
14316,12222614,60
14317,12222614,20
14318,12222614,10
14319,12222614,10
14320,12222614,20
14321,12222614,190
14322,2014,500000
14323,12222614,30
14324,12222614,10
14325,12222614,20
14326,12222614,50
14327,12222614,80
14328,12222614,10
14329,12222614,150
14330,12222614,50
14331,12222614,40
14332,12222614,10
14333,12222614,10
14334,12222614,30
14335,12222614,10
14336,12222614,40
14337,12222614,10
14338,12222614,20
14339,12222614,70
14340,12222614,10
14341,12222614,40
14342,12222614,10
14343,12222614,10
14344,12222614,50
14345,12222614,20
14346,12222614,110
14347,12222614,110
14348,12222614,30
14349,12222614,60
14350,12222614,20
14351,12222614,20
14352,12222614,10
14353,12222614,10
14354,12222614,20
14355,12222614,50
14356,12222614,10
14357,2014,500000
14358,12222614,10
14359,12222614,20
14360,12222614,40
14361,12222614,20
14362,12222614,10
14363,12222614,20
14364,80148050,0
14365,12222614,10
14366,12222614,20
14367,12222614,30
14368,12222614,150
14369,12222614,60
14370,12222614,10
14371,12222614,120
14372,1334494,8510
14373,12222614,20
14374,12222614,10
14375,2014,500000
14376,12222614,20
14377,12222614,20
14378,12222614,160
14379,12222614,10
14380,12222614,10
14381,12222614,50
14382,12222614,10
14383,12222614,10
14384,80148050,0
14385,12222614,10
14386,12222614,40
14387,12222614,30
14388,12222614,10
14389,12222614,70
14390,12222614,40
14391,12222614,30
14392,12222614,20
14393,12222614,50
14394,12222614,30
14395,12222614,20
14396,12222614,40
14397,12222614,10
14398,12222614,10
14399,12222614,20
14400,12222614,40
14401,12222614,150
14402,12222614,40
14403,12222614,100
14404,12222614,20
14405,12222614,180
14406,12222614,30
14407,12222614,20
14408,12222614,20
14409,12222614,20
14410,12222614,30
14411,12222614,10
14412,12222614,50
14413,12222614,20
14414,12222614,10
14415,12222614,90
14416,12222614,80
14417,12222614,30
14418,12222614,50
14419,12222614,40
14420,12222614,60
14421,12222614,40
14422,12222614,10
14423,12222614,30
14424,12222614,10
14425,12222614,10
14426,12222614,50
14427,12222614,30
14428,12222614,30
14429,12222614,10
14430,12222614,80
14431,12222614,30
14432,12222614,80
14433,12222614,110
14434,12222614,20
14435,12222614,10
14436,12222614,10
14437,12222614,10
14438,1334494,7490
14439,12222614,30
14440,12222614,20
14441,12222614,10
14442,12222614,10
14443,12222614,60
14444,12222614,20
14445,12222614,40
14446,12222614,60
14447,12222614,20
14448,12222614,20
14449,12222614,60
14450,12222614,20
14451,12222614,20
14452,12222614,50
14453,12222614,40
14454,12222614,30
14455,12222614,80
14456,12222614,30
14457,12222614,10
14458,12222614,10
14459,12222614,20
14460,12222614,10
14461,12222614,30
14462,12222614,20
14463,12222614,10
14464,12222614,40
14465,12222614,70
14466,12222614,20
14467,12222614,10
14468,12222614,10
14469,12222614,30
14470,12222614,150
14471,12222614,20
14472,12222614,30
14473,12222614,10
14474,12222614,50
14475,12222614,30
14476,12222614,10
14477,80148050,0
14478,12222614,20
14479,12222614,180
14480,12222614,30
14481,12222614,20
14482,12222614,20
14483,12222614,30
14484,12222614,20
14485,12222614,20
14486,1334494,15970
14487,12222614,20
14488,12222614,60
14489,12222614,40
14490,12222614,20
14491,12222614,40
14492,12222614,20
14493,1334494,5260
14494,12222614,10
14495,12222614,10
14496,12222614,80
14497,12222614,60
14498,12222614,10
14499,12222614,30
14500,12222614,30
14501,1334494,7570
14502,12222614,20
14503,12222614,10
14504,12222614,10
14505,12222614,10
14506,1334494,10350
14507,12222614,60
14508,12222614,20
14509,12222614,10
14510,12222614,10
14511,12222614,110
14512,12222614,20
14513,12222614,40
14514,12222614,10
14515,12222614,20
14516,12222614,10
14517,12222614,10
14518,12222614,10
14519,12222614,20
14520,12222614,40
14521,12222614,10
14522,12222614,30
14523,12222614,20
14524,12222614,10
14525,12222614,10
14526,12222614,80
14527,12222614,40
14528,12222614,20
14529,12222614,20
14530,12222614,10
14531,12222614,10
14532,12222614,10
14533,12222614,10
14534,12222614,10
14535,12222614,20
14536,12222614,10
14537,12222614,20
14538,12222614,160
14539,12222614,30
14540,12222614,20
14541,12222614,60
14542,12222614,20
14543,12222614,30
14544,12222614,10
14545,12222614,20
14546,12222614,70
14547,12222614,40
14548,12222614,80
14549,12222614,10
14550,12222614,10
14551,12222614,40
14552,12222614,70
14553,12222614,20
14554,12222614,10
14555,12222614,10
14556,1334494,9680
14557,12222614,50
14558,12222614,30
14559,12222614,70
14560,12222614,20
14561,2014,500000
14562,12222614,10
14563,12222614,20
14564,12222614,20
14565,12222614,30
14566,12222614,80
14567,12222614,20
14568,12222614,10
14569,12222614,20
14570,12222614,20
14571,12222614,130
14572,12222614,10
14573,12222614,30
14574,12222614,10
14575,12222614,20
14576,12222614,110
14577,12222614,10
14578,12222614,10
14579,12222614,30
14580,12222614,10
14581,12222614,40
14582,12222614,30
14583,12222614,40
14584,12222614,20
14585,12222614,20
14586,12222614,80
14587,12222614,20
14588,12222614,10
14589,12222614,50
14590,12222614,30
14591,12222614,10
14592,12222614,10
14593,12222614,10
14594,12222614,110
14595,12222614,30
14596,12222614,20
14597,12222614,20
14598,12222614,30
14599,12222614,10
14600,12222614,10
14601,12222614,20
14602,1334494,8340
14603,12222614,50
14604,12222614,10
14605,12222614,30
14606,12222614,20
14607,12222614,10
14608,12222614,10
14609,12222614,70
14610,12222614,50
14611,12222614,10
14612,12222614,10
14613,1334494,5440
14614,12222614,10
14615,12222614,10
14616,12222614,40
14617,12222614,10
14618,12222614,10
14619,1334494,9500
14620,12222614,40
14621,12222614,30
14622,12222614,60
14623,2014,500000
14624,1334494,13210
14625,12222614,10
14626,12222614,10
14627,12222614,10
14628,12222614,30
14629,80148050,0
14630,12222614,10
14631,12222614,30
14632,12222614,10
14633,12222614,50
14634,80148050,0
14635,1334494,6930
14636,12222614,20
14637,12222614,40
14638,12222614,10
14639,12222614,20
14640,12222614,20
14641,12222614,20
14642,12222614,40
14643,12222614,60
14644,12222614,60
14645,12222614,20
14646,12222614,30
14647,12222614,20
14648,12222614,10
14649,12222614,30
14650,12222614,40
14651,12222614,20
14652,12222614,60
14653,12222614,30
14654,12222614,10
14655,12222614,20
14656,12222614,50
14657,12222614,10
14658,12222614,40
14659,12222614,10
14660,12222614,10
14661,12222614,30
14662,12222614,10
14663,12222614,60
14664,2014,500000
14665,12222614,30
14666,12222614,30
14667,12222614,20
14668,12222614,40
14669,12222614,20
14670,12222614,10
14671,12222614,20
14672,12222614,10
14673,12222614,30
14674,12222614,20
14675,1334494,9010
14676,12222614,110
14677,2014,500000
14678,12222614,110
14679,12222614,80
14680,12222614,20
14681,12222614,10
14682,12222614,20
14683,12222614,20
14684,12222614,40
14685,12222614,20
14686,12222614,20
14687,12222614,30
14688,12222614,80
14689,12222614,40
14690,12222614,70
14691,12222614,10
14692,12222614,30
14693,12222614,30
14694,12222614,10
14695,12222614,70
14696,12222614,10
14697,12222614,40
14698,12222614,40
14699,12222614,40
14700,12222614,40
14701,12222614,130
14702,12222614,10
14703,80148050,0
14704,12222614,20
14705,12222614,20
14706,12222614,30
14707,12222614,60
14708,12222614,30
14709,12222614,10
14710,12222614,150
14711,2014,500000
14712,12222614,30
14713,12222614,10
14714,12222614,60
14715,12222614,80
14716,12222614,150
14717,80148050,0
14718,12222614,10
14719,12222614,150
14720,12222614,40
14721,12222614,50
14722,12222614,60
14723,12222614,10
14724,12222614,30
14725,12222614,30
14726,12222614,20
14727,80148050,0
14728,12222614,30
14729,12222614,90
14730,12222614,20
14731,80148050,0
14732,12222614,10
14733,12222614,10
14734,12222614,30
14735,12222614,10
14736,12222614,110
14737,12222614,50
14738,12222614,20
14739,12222614,20
14740,12222614,20
14741,12222614,50
14742,12222614,70
14743,12222614,150
14744,12222614,10
14745,2014,500000
14746,12222614,20
14747,12222614,60
14748,12222614,10
14749,12222614,10
14750,12222614,10
14751,12222614,40
14752,12222614,20
14753,12222614,30
14754,12222614,220
14755,12222614,20
14756,12222614,10
14757,12222614,40
14758,12222614,10
14759,12222614,30
14760,12222614,150
14761,12222614,30
14762,12222614,20
14763,12222614,30
14764,12222614,30
14765,12222614,80
14766,12222614,10
14767,12222614,30
14768,12222614,30
14769,12222614,10
14770,12222614,10
14771,12222614,20
14772,12222614,30
14773,12222614,40
14774,12222614,60
14775,12222614,40
14776,12222614,20
14777,12222614,30
14778,12222614,30
14779,12222614,30
14780,12222614,20
14781,12222614,40
14782,12222614,20
14783,12222614,30
14784,12222614,20
14785,12222614,60
14786,12222614,10
14787,12222614,10
14788,12222614,80
14789,2014,500000
14790,2014,500000
14791,12222614,20
14792,12222614,30
14793,12222614,10
14794,12222614,10
14795,12222614,10
14796,12222614,90
14797,12222614,10
14798,12222614,10
14799,12222614,40
14800,12222614,10
14801,12222614,30
14802,12222614,10
14803,12222614,30
14804,12222614,50
14805,12222614,10
14806,12222614,210
14807,12222614,30
14808,12222614,10
14809,12222614,40
14810,12222614,40
14811,12222614,30
14812,12222614,80
14813,12222614,10
14814,80148050,0
14815,12222614,80
14816,12222614,10
14817,12222614,20
14818,12222614,30
14819,12222614,10
14820,12222614,50
14821,12222614,20
14822,12222614,30
14823,12222614,20
14824,12222614,150
14825,12222614,10
14826,12222614,30
14827,2014,500000
14828,12222614,90
14829,12222614,20
14830,12222614,20
14831,12222614,30
14832,12222614,60
14833,12222614,10
14834,12222614,20
14835,12222614,10
14836,12222614,20
14837,12222614,20
14838,12222614,10
14839,80148050,0
14840,12222614,30
14841,12222614,40
14842,2014,500000
14843,12222614,10
14844,12222614,70
14845,12222614,10
14846,12222614,10
14847,12222614,10
14848,12222614,30
14849,12222614,10
14850,12222614,20
14851,2014,500000
14852,12222614,10
14853,12222614,50
14854,12222614,20
14855,12222614,30
14856,12222614,10
14857,12222614,40
14858,12222614,10
14859,12222614,80
14860,12222614,30
14861,12222614,20
14862,12222614,20
14863,12222614,20
14864,12222614,20
14865,12222614,40
14866,12222614,150
14867,12222614,150
14868,12222614,60
14869,12222614,30
14870,12222614,10
14871,12222614,40
14872,12222614,30
14873,12222614,20
14874,12222614,10
14875,12222614,20
14876,12222614,10
14877,2014,500000
14878,12222614,10
14879,12222614,30
14880,12222614,20
14881,12222614,10
14882,12222614,10
14883,12222614,70
14884,12222614,10
14885,12222614,20
14886,12222614,60
14887,12222614,10
14888,12222614,80
14889,12222614,10
14890,12222614,10
14891,12222614,10
14892,12222614,30
14893,12222614,10
14894,12222614,30
14895,12222614,20
14896,12222614,150
14897,12222614,80
14898,12222614,20
14899,12222614,30
14900,12222614,10
14901,12222614,30
14902,12222614,30
14903,12222614,50
14904,12222614,20
14905,12222614,10
14906,80148050,0
14907,12222614,110
14908,12222614,20
14909,12222614,20
14910,12222614,10
14911,12222614,10
14912,12222614,10
14913,12222614,30
14914,12222614,80
14915,12222614,20
14916,12222614,10
14917,12222614,10
14918,12222614,50
14919,12222614,20
14920,12222614,80
14921,12222614,10
14922,12222614,10
14923,12222614,80
14924,12222614,30
14925,12222614,10
14926,12222614,40
14927,12222614,30
14928,12222614,30
14929,12222614,50
14930,12222614,40
14931,12222614,10
14932,12222614,50
14933,12222614,20
14934,12222614,10
14935,12222614,20
14936,12222614,30
14937,12222614,40
14938,12222614,10
14939,1334494,7550
14940,12222614,20
14941,12222614,150
14942,12222614,10
14943,12222614,10
14944,12222614,20
14945,12222614,10
14946,2014,500000
14947,12222614,20
14948,12222614,70
14949,12222614,110
14950,12222614,10
14951,12222614,30
14952,12222614,50
14953,12222614,10
14954,12222614,10
14955,12222614,20
14956,12222614,10
14957,12222614,290
14958,12222614,60
14959,12222614,40
14960,12222614,10
14961,12222614,10
14962,12222614,20
14963,12222614,30
14964,12222614,110
14965,12222614,10
14966,2014,500000
14967,12222614,10
14968,12222614,20
14969,12222614,10
14970,12222614,30
14971,12222614,40
14972,12222614,50
14973,12222614,10
14974,12222614,10
14975,12222614,30
14976,12222614,20
14977,12222614,10
14978,12222614,80
14979,12222614,40
14980,12222614,50
14981,12222614,50
14982,80148050,0
14983,12222614,100
14984,12222614,20
14985,80148050,0
14986,12222614,10
14987,12222614,30
14988,12222614,10
14989,12222614,10
14990,12222614,60
14991,12222614,20
14992,12222614,10
14993,12222614,60
14994,12222614,10
14995,12222614,120
14996,80148050,0
14997,12222614,10
14998,12222614,40
14999,12222614,20
15000,12222614,60
15001,12222614,30
15002,12222614,30
15003,1334494,17700
15004,12222614,20
15005,12222614,10
15006,12222614,20
15007,12222614,20
15008,2014,500000
15009,12222614,50
15010,12222614,40
15011,12222614,10
15012,12222614,150
15013,12222614,50
15014,12222614,20
15015,12222614,10
15016,12222614,80
15017,2014,500000
15018,12222614,60
15019,12222614,30
15020,12222614,60
15021,12222614,10
15022,12222614,50
15023,12222614,30
15024,12222614,30
15025,12222614,10
15026,12222614,40
15027,12222614,10
15028,12222614,20
15029,12222614,10
15030,12222614,30
15031,12222614,10
15032,12222614,40
15033,1334494,17280
15034,80148050,0
15035,12222614,150
15036,12222614,10
15037,12222614,10
15038,12222614,10
15039,12222614,10
15040,12222614,70
15041,12222614,20
15042,12222614,110
15043,12222614,30
15044,80148050,0
15045,12222614,50
15046,12222614,40
15047,12222614,20
15048,12222614,40
15049,12222614,10
15050,12222614,80
15051,2014,500000
15052,12222614,10
15053,12222614,10
15054,12222614,80
15055,12222614,10
15056,12222614,10
15057,12222614,20
15058,12222614,10
15059,12222614,10
15060,12222614,40
15061,12222614,20
15062,12222614,50
15063,12222614,50
15064,12222614,20
15065,12222614,20
15066,12222614,10
15067,12222614,50
15068,12222614,20
15069,12222614,10
15070,12222614,10
15071,12222614,20
15072,12222614,20
15073,12222614,30
15074,12222614,30
15075,12222614,30
15076,12222614,50
15077,12222614,40
15078,12222614,150
15079,12222614,50
15080,12222614,40
15081,12222614,20
15082,12222614,30
15083,12222614,50
15084,12222614,20
15085,12222614,30
15086,12222614,20
15087,12222614,20
15088,12222614,110
15089,12222614,110
15090,12222614,20
15091,12222614,10
15092,12222614,20
15093,12222614,10
15094,12222614,30
15095,12222614,30
15096,12222614,10
15097,12222614,40
15098,12222614,10
15099,12222614,10
15100,12222614,50
15101,12222614,10
15102,12222614,50
15103,12222614,60
15104,12222614,10
15105,12222614,150
15106,12222614,30
15107,12222614,20
15108,12222614,10
15109,80148050,0
15110,12222614,230
15111,2014,500000
15112,12222614,110
15113,12222614,10
15114,12222614,30
15115,12222614,210
15116,12222614,20
15117,12222614,60
15118,12222614,40
15119,12222614,30
15120,12222614,30
15121,12222614,20
15122,12222614,20
15123,12222614,10
15124,12222614,50
15125,12222614,20
15126,1334494,7830
15127,12222614,20
15128,12222614,30
15129,12222614,60
15130,12222614,10
15131,12222614,20
15132,12222614,30
15133,12222614,10
15134,12222614,70
15135,12222614,10
15136,80148050,0
15137,12222614,60
15138,12222614,90
15139,12222614,110
15140,12222614,10
15141,12222614,20
15142,12222614,80
15143,12222614,70
15144,12222614,20
15145,12222614,150
15146,12222614,20
15147,12222614,40
15148,12222614,50
15149,12222614,20
15150,12222614,10
15151,12222614,40
15152,12222614,20
15153,12222614,10
15154,12222614,60
15155,12222614,20
15156,12222614,10
15157,12222614,30
15158,12222614,10
15159,12222614,20
15160,12222614,20
15161,12222614,20
15162,12222614,30
15163,12222614,10
15164,12222614,10
15165,12222614,20
15166,12222614,30
15167,12222614,10
15168,12222614,10
15169,12222614,20
15170,12222614,20
15171,12222614,10
15172,12222614,30
15173,12222614,20
15174,12222614,20
15175,12222614,20
15176,12222614,20
15177,12222614,30
15178,80148050,0
15179,12222614,60
15180,12222614,10
15181,12222614,10
15182,12222614,20
15183,12222614,20
15184,12222614,10
15185,12222614,10
15186,12222614,30
15187,12222614,10
15188,1334494,8370
15189,12222614,20
15190,12222614,20
15191,12222614,30
15192,12222614,10
15193,12222614,60
15194,12222614,10
15195,12222614,400
15196,12222614,10
15197,12222614,20
15198,12222614,10
15199,12222614,10
15200,12222614,210
15201,12222614,40
15202,12222614,20
15203,12222614,10
15204,12222614,30
15205,12222614,30
15206,12222614,150
15207,1334494,10620
15208,12222614,70
15209,12222614,20
15210,12222614,10
15211,12222614,10
15212,12222614,60
15213,12222614,40
15214,12222614,70
15215,12222614,50
15216,12222614,10
15217,12222614,60
15218,12222614,30
15219,12222614,20
15220,12222614,20
15221,12222614,10
15222,12222614,50
15223,12222614,20
15224,12222614,30
15225,12222614,110
15226,12222614,10
15227,12222614,40
15228,80148050,0
15229,12222614,30
15230,12222614,120
15231,12222614,80
15232,12222614,40
15233,12222614,30
15234,12222614,10
15235,12222614,30
15236,12222614,30
15237,12222614,10
15238,12222614,10
15239,12222614,10
15240,12222614,40
15241,12222614,10
15242,12222614,20
15243,12222614,110
15244,12222614,40
15245,12222614,20
15246,12222614,20
15247,12222614,20
15248,12222614,20
15249,12222614,40
15250,12222614,10
15251,12222614,70
15252,12222614,50
15253,12222614,80
15254,12222614,20
15255,12222614,30
15256,12222614,30
15257,12222614,40
15258,12222614,10
15259,12222614,20
15260,12222614,50
15261,12222614,60
15262,1334494,8130
15263,12222614,80
15264,12222614,40
15265,80148050,0
15266,12222614,150
15267,12222614,10
15268,12222614,10
15269,12222614,60
15270,12222614,10
15271,12222614,30
15272,12222614,10
15273,12222614,40
15274,12222614,30
15275,12222614,150
15276,12222614,10
15277,12222614,20
15278,12222614,20
15279,12222614,90
15280,12222614,60
15281,12222614,10
15282,1334494,9150
15283,2014,500000
15284,12222614,50
15285,12222614,10
15286,12222614,50
15287,12222614,30
15288,12222614,30
15289,12222614,20
15290,12222614,10
15291,12222614,80
15292,12222614,30
15293,2014,500000
15294,12222614,20
15295,12222614,30
15296,12222614,20
15297,12222614,20
15298,12222614,10
15299,12222614,60
15300,12222614,50
15301,12222614,10
15302,12222614,40
15303,12222614,10
15304,12222614,20
15305,12222614,110
15306,12222614,10
15307,12222614,150
15308,12222614,20
15309,12222614,10
15310,12222614,30
15311,12222614,20
15312,12222614,10
15313,1334494,7600
15314,12222614,10
15315,12222614,30
15316,12222614,210
15317,12222614,10
15318,12222614,80
15319,12222614,30
15320,12222614,20
15321,12222614,40
15322,12222614,20
15323,12222614,10
15324,12222614,30
15325,12222614,30
15326,12222614,10
15327,12222614,10
15328,2014,500000
15329,12222614,110
15330,12222614,30
15331,12222614,10
15332,12222614,40
15333,12222614,10
15334,12222614,10
15335,12222614,10
15336,12222614,30
15337,12222614,80
15338,1334494,6220
15339,12222614,10
15340,12222614,20
15341,12222614,10
15342,12222614,40
15343,12222614,60
15344,12222614,10
15345,12222614,40
15346,2014,500000
15347,2014,500000
15348,12222614,40
15349,12222614,50
15350,12222614,20
15351,12222614,30
15352,12222614,50
15353,12222614,20
15354,12222614,50
15355,80148050,0
15356,12222614,60
15357,12222614,30
15358,12222614,60
15359,12222614,20
15360,12222614,30
15361,12222614,30
15362,12222614,60
15363,12222614,20
15364,12222614,50
15365,12222614,10
15366,12222614,10
15367,12222614,10
15368,12222614,10
15369,12222614,10
15370,12222614,20
15371,12222614,30
15372,12222614,20
15373,80148050,0
15374,12222614,10
15375,12222614,80
15376,12222614,60
15377,12222614,10
15378,12222614,30
15379,12222614,10
15380,12222614,110
15381,12222614,10
15382,12222614,20
15383,12222614,40
15384,12222614,80
15385,12222614,10
15386,2014,500000
15387,12222614,40
15388,12222614,30
15389,12222614,20
15390,12222614,10
15391,12222614,20
15392,12222614,10
15393,12222614,30
15394,12222614,20
15395,12222614,10
15396,12222614,20
15397,1334494,8130
15398,12222614,10
15399,12222614,30
15400,12222614,10
15401,12222614,80
15402,2014,500000
15403,12222614,10
15404,2014,500000
15405,12222614,20
15406,12222614,60
15407,12222614,10
15408,12222614,20
15409,12222614,20
15410,12222614,40
15411,12222614,40
15412,12222614,10
15413,12222614,20
15414,12222614,40
15415,12222614,10
15416,12222614,150
15417,2014,500000
15418,12222614,40
15419,12222614,40
15420,12222614,50
15421,12222614,20
15422,12222614,10
15423,12222614,30
15424,12222614,50
15425,12222614,30
15426,12222614,30
15427,12222614,30
15428,12222614,150
15429,12222614,10
15430,12222614,30
15431,12222614,10
15432,12222614,40
15433,12222614,10
15434,12222614,40
15435,80148050,0
15436,12222614,30
15437,12222614,50
15438,12222614,40
15439,12222614,30
15440,12222614,20
15441,12222614,110
15442,12222614,50
15443,12222614,10
15444,12222614,80
15445,12222614,20
15446,2014,500000
15447,12222614,10
15448,12222614,30
15449,12222614,20
15450,12222614,10
15451,12222614,30
15452,12222614,80
15453,12222614,10
15454,12222614,30
15455,12222614,30
15456,2014,500000
15457,12222614,20
15458,12222614,10
15459,12222614,10
15460,12222614,30
15461,12222614,20
15462,12222614,20
15463,12222614,20
15464,12222614,50
15465,12222614,30
15466,12222614,50
15467,12222614,30
15468,12222614,150
15469,12222614,20
15470,12222614,20
15471,12222614,10
15472,12222614,20
15473,12222614,40
15474,2014,500000
15475,12222614,20
15476,12222614,60
15477,12222614,10
15478,12222614,30
15479,12222614,30
15480,12222614,60
15481,12222614,20
15482,12222614,20
15483,12222614,10
15484,12222614,30
15485,12222614,40
15486,12222614,70
15487,12222614,20
15488,12222614,50
15489,12222614,10
15490,12222614,40
15491,12222614,40
15492,12222614,30
15493,12222614,10
15494,12222614,20
15495,12222614,40
15496,12222614,20
15497,12222614,30
15498,12222614,30
15499,12222614,10
15500,12222614,10
15501,12222614,30
15502,12222614,20
15503,12222614,10
15504,12222614,60
15505,12222614,70
15506,12222614,10
15507,80148050,0
15508,12222614,10
15509,12222614,50
15510,12222614,10
15511,12222614,10
15512,12222614,30
15513,2014,500000
15514,12222614,70
15515,12222614,150
15516,12222614,30
15517,12222614,20
15518,12222614,10
15519,12222614,10
15520,12222614,30
15521,12222614,40
15522,12222614,10
15523,12222614,20
15524,12222614,80
15525,12222614,10
15526,12222614,30
15527,12222614,30
15528,12222614,10
15529,12222614,20
15530,12222614,50
15531,12222614,20
15532,12222614,20
15533,80148050,0
15534,12222614,20
15535,12222614,10
15536,12222614,80
15537,12222614,30
15538,12222614,10
15539,12222614,40
15540,12222614,30
15541,12222614,20
15542,12222614,90
15543,12222614,10
15544,12222614,20
15545,2014,500000
15546,12222614,10
15547,12222614,20
15548,12222614,10
15549,12222614,20
15550,12222614,30
15551,12222614,20
15552,12222614,10
15553,12222614,30
15554,12222614,50
15555,12222614,20
15556,12222614,110
15557,12222614,20
15558,12222614,10
15559,12222614,50
15560,12222614,20
15561,12222614,30
15562,12222614,30
15563,12222614,10
15564,2014,500000
15565,12222614,70
15566,2014,500000
15567,12222614,10
15568,12222614,20
15569,12222614,20
15570,12222614,40
15571,80148050,0
15572,12222614,20
15573,12222614,110
15574,12222614,20
15575,12222614,10
15576,12222614,10
15577,12222614,50
15578,12222614,20
15579,12222614,30
15580,12222614,110
15581,12222614,30
15582,12222614,60
15583,80148050,0
15584,12222614,10
15585,12222614,10
15586,12222614,60
15587,1334494,11800
15588,12222614,10
15589,12222614,60
15590,12222614,30
15591,80148050,0
15592,12222614,30
15593,12222614,10
15594,12222614,20
15595,12222614,30
15596,12222614,20
15597,12222614,30
15598,1334494,5690
15599,2014,500000
15600,12222614,10
15601,12222614,10
15602,12222614,20
15603,12222614,10
15604,12222614,110
15605,12222614,10
15606,12222614,10
15607,12222614,10
15608,12222614,80
15609,12222614,80
15610,2014,500000
15611,12222614,20
15612,12222614,10
15613,80148050,0
15614,12222614,70
15615,12222614,150
15616,12222614,10
15617,12222614,40
15618,12222614,20
15619,12222614,60
15620,12222614,20
15621,12222614,30
15622,12222614,20
15623,12222614,20
15624,12222614,10
15625,12222614,20
15626,12222614,40
15627,2014,500000
15628,12222614,10
15629,12222614,20
15630,12222614,40
15631,12222614,150
15632,12222614,30
15633,12222614,10
15634,12222614,20
15635,2014,500000
15636,12222614,20
15637,12222614,10
15638,1334494,6380
15639,2014,500000
15640,2014,500000
15641,12222614,10
15642,12222614,20
15643,12222614,20
15644,12222614,30
15645,12222614,60
15646,12222614,50
15647,12222614,30
15648,12222614,40
15649,12222614,150
15650,12222614,10
15651,2014,500000
15652,12222614,40
15653,12222614,10
15654,12222614,10
15655,12222614,150
15656,12222614,30
15657,12222614,20
15658,12222614,60
15659,12222614,150
15660,12222614,40
15661,12222614,20
15662,12222614,30
15663,2014,500000
15664,12222614,10
15665,12222614,30
15666,12222614,50
15667,12222614,50
15668,12222614,10
15669,12222614,30
15670,12222614,20
15671,12222614,10
15672,12222614,10
15673,12222614,10
15674,12222614,20
15675,12222614,10
15676,12222614,20
15677,12222614,20
15678,2014,500000
15679,12222614,10
15680,1334494,4520
15681,12222614,20
15682,12222614,20
15683,12222614,30
15684,12222614,10
15685,12222614,10
15686,12222614,10
15687,12222614,30
15688,12222614,20
15689,12222614,30
15690,12222614,10
15691,2014,500000
15692,12222614,20
15693,12222614,30
15694,2014,500000
15695,2014,500000
15696,12222614,70
15697,12222614,40
15698,12222614,30
15699,12222614,30
15700,12222614,10
15701,12222614,30
15702,12222614,50
15703,12222614,20
15704,12222614,10
15705,12222614,20
15706,12222614,30
15707,12222614,60
15708,12222614,60
15709,12222614,20
15710,12222614,10
15711,12222614,20
15712,12222614,80
15713,12222614,10
15714,80148050,0
15715,12222614,50
15716,12222614,20
15717,12222614,20
15718,12222614,20
15719,80148050,0
15720,12222614,70
15721,12222614,40
15722,12222614,10
15723,12222614,40
15724,80148050,0
15725,12222614,110
15726,1334494,11320
15727,80148050,0
15728,12222614,60
15729,12222614,30
15730,12222614,10
15731,12222614,20
15732,12222614,10
15733,12222614,70
15734,12222614,10
15735,12222614,30
15736,12222614,40
15737,12222614,20
15738,12222614,30
15739,1334494,4710
15740,12222614,150
15741,1334494,7970
15742,80148050,0
15743,12222614,20
15744,12222614,30
15745,12222614,20
15746,12222614,10
15747,12222614,50
15748,12222614,10
15749,12222614,20
15750,12222614,10
15751,12222614,160
15752,12222614,20
15753,12222614,30
15754,12222614,10
15755,12222614,30
15756,12222614,30
15757,12222614,10
15758,12222614,50
15759,12222614,10
15760,12222614,20
15761,12222614,10
15762,12222614,90
15763,12222614,70
15764,12222614,30
15765,12222614,80
15766,12222614,20
15767,12222614,20
15768,12222614,20
15769,12222614,20
15770,12222614,30
15771,12222614,40
15772,12222614,10
15773,12222614,40
15774,12222614,10
15775,12222614,30
15776,12222614,70
15777,12222614,20
15778,12222614,10
15779,12222614,20
15780,12222614,30
15781,12222614,30
15782,12222614,60
15783,12222614,30
15784,12222614,10
15785,12222614,30
15786,12222614,20
15787,12222614,50
15788,1334494,7360
15789,12222614,10
15790,12222614,30
15791,12222614,10
15792,12222614,10
15793,12222614,20
15794,12222614,10
15795,12222614,40
15796,12222614,10
15797,12222614,20
15798,12222614,30
15799,12222614,10
15800,12222614,60
15801,12222614,110
15802,12222614,80
15803,12222614,10
15804,12222614,70
15805,12222614,20
15806,12222614,110
15807,12222614,30
15808,12222614,10
15809,12222614,80
15810,12222614,30
15811,12222614,20
15812,12222614,210
15813,12222614,10
15814,12222614,10
15815,12222614,20
15816,12222614,30
15817,12222614,110
15818,12222614,20
15819,12222614,10
15820,12222614,20
15821,12222614,30
15822,12222614,30
15823,12222614,20
15824,12222614,10
15825,12222614,10
15826,12222614,30
15827,12222614,10
15828,12222614,50
15829,12222614,10
15830,12222614,20
15831,12222614,40
15832,12222614,90
15833,12222614,40
15834,12222614,10
15835,12222614,60
15836,12222614,20
15837,12222614,110
15838,12222614,30
15839,2014,500000
15840,12222614,60
15841,12222614,60
15842,1334494,42080
15843,12222614,30
15844,12222614,20
15845,12222614,50
15846,12222614,10
15847,12222614,20
15848,12222614,20
15849,1334494,9460
15850,12222614,10
15851,12222614,10
15852,12222614,30
15853,12222614,50
15854,80148050,0
15855,12222614,30
15856,12222614,20
15857,12222614,60
15858,12222614,10
15859,12222614,10
15860,12222614,10
15861,12222614,20
15862,12222614,20
15863,12222614,10
15864,12222614,10
15865,12222614,80
15866,2014,500000
15867,1334494,12490
15868,12222614,20
15869,12222614,20
15870,12222614,10
15871,12222614,290
15872,12222614,30
15873,12222614,10
15874,12222614,150
15875,1334494,6740
15876,12222614,10
15877,12222614,10
15878,12222614,10
15879,12222614,10
15880,12222614,10
15881,12222614,30
15882,12222614,20
15883,12222614,40
15884,12222614,20
15885,12222614,110
15886,80148050,0
15887,12222614,40
15888,12222614,10
15889,12222614,80
15890,12222614,20
15891,12222614,30
15892,12222614,20
15893,12222614,20
15894,12222614,30
15895,12222614,30
15896,80148050,0
15897,12222614,110
15898,12222614,20
15899,12222614,10
15900,12222614,150
15901,12222614,10
15902,12222614,20
15903,12222614,10
15904,12222614,40
15905,12222614,150
15906,12222614,30
15907,12222614,110
15908,12222614,60
15909,12222614,10
15910,12222614,40
15911,2014,500000
15912,1334494,6540
15913,12222614,40
15914,12222614,10
15915,12222614,30
15916,12222614,90
15917,12222614,140
15918,12222614,30
15919,12222614,50
15920,12222614,30
15921,12222614,10
15922,2014,500000
15923,1334494,7700
15924,12222614,30
15925,12222614,10
15926,12222614,30
15927,12222614,30
15928,12222614,30
15929,12222614,10
15930,12222614,10
15931,12222614,10
15932,12222614,30
15933,80148050,0
15934,12222614,20
15935,12222614,110
15936,12222614,20
15937,12222614,10
15938,12222614,40
15939,12222614,10
15940,12222614,20
15941,12222614,30
15942,12222614,50
15943,12222614,30
15944,80148050,0
15945,12222614,30
15946,12222614,40
15947,12222614,110
15948,12222614,30
15949,12222614,60
15950,12222614,20
15951,12222614,20
15952,12222614,10
15953,12222614,30
15954,12222614,10
15955,80148050,0
15956,12222614,60
15957,12222614,20
15958,12222614,10
15959,12222614,30
15960,12222614,10
15961,12222614,30
15962,12222614,20
15963,12222614,30
15964,12222614,110
15965,12222614,10
15966,12222614,30
15967,12222614,10
15968,12222614,30
15969,12222614,30
15970,12222614,20
15971,12222614,110
15972,12222614,10
15973,12222614,30
15974,12222614,10
15975,12222614,30
15976,12222614,10
15977,12222614,10
15978,12222614,20
15979,12222614,10
15980,12222614,80
15981,12222614,30
15982,12222614,10
15983,12222614,10
15984,12222614,10
15985,12222614,10
15986,12222614,30
15987,12222614,60
15988,12222614,30
15989,12222614,40
15990,12222614,10
15991,12222614,80
15992,12222614,30
15993,12222614,30
15994,12222614,60
15995,12222614,20
15996,12222614,310
15997,12222614,20
15998,12222614,30
15999,12222614,10
16000,80148050,0
16001,12222614,310
16002,12222614,150
16003,12222614,50
16004,12222614,40
16005,12222614,20
16006,12222614,10
16007,12222614,10
16008,12222614,30
16009,12222614,20
16010,12222614,20
16011,12222614,10
16012,80148050,0
16013,12222614,40
16014,12222614,30
16015,12222614,10
16016,12222614,40
16017,12222614,10
16018,12222614,20
16019,2014,500000
16020,12222614,20
16021,12222614,30
16022,12222614,110
16023,12222614,50
16024,12222614,10
16025,12222614,10
16026,12222614,10
16027,12222614,10
16028,12222614,60
16029,12222614,30
16030,12222614,30
16031,12222614,80
16032,12222614,40
16033,12222614,30
16034,12222614,100
16035,12222614,80
16036,12222614,10
16037,12222614,20
16038,12222614,150
16039,12222614,10
16040,12222614,110
16041,12222614,20
16042,12222614,20
16043,12222614,110
16044,12222614,20
16045,12222614,10
16046,12222614,10
16047,12222614,10
16048,12222614,40
16049,12222614,20
16050,12222614,10
16051,12222614,30
16052,1334494,5460
16053,12222614,60
16054,12222614,20
16055,12222614,30
16056,12222614,60
16057,12222614,10
16058,12222614,20
16059,12222614,20
16060,12222614,10
16061,12222614,40
16062,12222614,20
16063,12222614,20
16064,12222614,10
16065,1334494,8410
16066,12222614,40
16067,12222614,30
16068,12222614,40
16069,12222614,10
16070,12222614,20
16071,12222614,40
16072,12222614,80
16073,12222614,20
16074,12222614,80
16075,1334494,12250
16076,12222614,60
16077,12222614,30
16078,12222614,20
16079,12222614,20
16080,12222614,20
16081,12222614,20
16082,80148050,0
16083,12222614,150
16084,1334494,12470
16085,12222614,30
16086,12222614,30
16087,2014,500000
16088,12222614,150
16089,12222614,30
16090,12222614,10
16091,12222614,20
16092,12222614,90
16093,12222614,10
16094,12222614,20
16095,12222614,60
16096,12222614,40
16097,80148050,0
16098,12222614,50
16099,12222614,30
16100,12222614,90
16101,12222614,50
16102,12222614,60
16103,12222614,20
16104,12222614,50
16105,12222614,30
16106,12222614,20
16107,12222614,30
16108,12222614,20
16109,12222614,10
16110,12222614,10
16111,12222614,50
16112,12222614,30
16113,2014,500000
16114,12222614,20
16115,12222614,50
16116,1334494,32540
16117,12222614,40
16118,12222614,80
16119,12222614,20
16120,12222614,40
16121,12222614,10
16122,12222614,40
16123,12222614,10
16124,12222614,40
16125,12222614,80
16126,12222614,30
16127,12222614,20
16128,12222614,40
16129,12222614,30
16130,12222614,20
16131,12222614,20
16132,12222614,30
16133,2014,500000
16134,12222614,30
16135,12222614,30
16136,12222614,10
16137,12222614,20
16138,12222614,70
16139,80148050,0
16140,12222614,40
16141,12222614,120
16142,12222614,90
16143,12222614,40
16144,12222614,20
16145,12222614,40
16146,12222614,20
16147,12222614,10
16148,12222614,40
16149,12222614,40
16150,12222614,10
16151,12222614,40
16152,12222614,20
16153,12222614,20
16154,12222614,10
16155,12222614,10
16156,12222614,60
16157,12222614,150
16158,12222614,10
16159,12222614,30
16160,12222614,30
16161,12222614,10
16162,12222614,80
16163,12222614,40
16164,12222614,20
16165,12222614,10
16166,12222614,90
16167,12222614,10
16168,12222614,210
16169,12222614,10
16170,12222614,20
16171,12222614,20
16172,12222614,20
16173,12222614,50
16174,12222614,40
16175,12222614,20
16176,12222614,30
16177,12222614,30
16178,12222614,10
16179,12222614,60
16180,2014,500000
16181,12222614,30
16182,12222614,20
16183,12222614,30
16184,12222614,30
16185,12222614,20
16186,1334494,9630
16187,12222614,10
16188,12222614,10
16189,12222614,20
16190,12222614,30
16191,12222614,30
16192,12222614,60
16193,12222614,80
16194,12222614,20
16195,12222614,10
16196,12222614,30
16197,12222614,20
16198,12222614,110
16199,12222614,30
16200,12222614,50
16201,12222614,40
16202,12222614,80
16203,12222614,10
16204,12222614,150
16205,12222614,10
16206,12222614,110
16207,12222614,20
16208,12222614,20
16209,12222614,10
16210,12222614,10
16211,12222614,10
16212,12222614,110
16213,12222614,10
16214,12222614,80
16215,12222614,20
16216,12222614,20
16217,80148050,0
16218,2014,500000
16219,12222614,10
16220,12222614,30
16221,12222614,60
16222,12222614,10
16223,12222614,30
16224,12222614,20
16225,12222614,60
16226,12222614,60
16227,12222614,40
16228,12222614,20
16229,12222614,110
16230,12222614,30
16231,12222614,30
16232,12222614,50
16233,12222614,10
16234,12222614,10
16235,12222614,10
16236,12222614,40
16237,12222614,30
16238,12222614,20
16239,12222614,20
16240,12222614,110
16241,12222614,60
16242,12222614,20
16243,12222614,160
16244,12222614,60
16245,12222614,30
16246,12222614,50
16247,12222614,20
16248,12222614,10
16249,12222614,10
16250,12222614,10
16251,12222614,10
16252,12222614,30
16253,12222614,150
16254,12222614,10
16255,12222614,30
16256,12222614,20
16257,12222614,10
16258,12222614,70
16259,12222614,40
16260,12222614,30
16261,12222614,50
16262,12222614,80
16263,12222614,10
16264,1334494,8530
16265,12222614,40
16266,12222614,30
16267,2014,500000
16268,12222614,40
16269,12222614,30
16270,12222614,20
16271,12222614,50
16272,12222614,80
16273,12222614,10
16274,12222614,10
16275,12222614,20
16276,12222614,40
16277,12222614,20
16278,12222614,30
16279,12222614,100
16280,12222614,80
16281,12222614,50
16282,80148050,0
16283,12222614,10
16284,12222614,40
16285,12222614,20
16286,12222614,40
16287,80148050,0
16288,12222614,50
16289,12222614,110
16290,12222614,40
16291,12222614,20
16292,12222614,10
16293,12222614,40
16294,12222614,30
16295,12222614,30
16296,80148050,0
16297,12222614,150
16298,12222614,10
16299,12222614,20
16300,12222614,40
16301,12222614,10
16302,12222614,10
16303,12222614,20
16304,12222614,30
16305,12222614,50
16306,12222614,40
16307,12222614,30
16308,12222614,40
16309,2014,500000
16310,12222614,40
16311,12222614,80
16312,12222614,30
16313,12222614,10
16314,12222614,50
16315,12222614,50
16316,12222614,40
16317,2014,500000
16318,12222614,10
16319,12222614,110
16320,12222614,10
16321,12222614,10
16322,12222614,40
16323,12222614,40
16324,12222614,10
16325,12222614,10
16326,12222614,20
16327,12222614,10
16328,12222614,20
16329,1334494,7780
16330,12222614,60
16331,12222614,10
16332,12222614,20
16333,12222614,20
16334,12222614,20
16335,12222614,10
16336,12222614,20
16337,12222614,30
16338,12222614,10
16339,12222614,20
16340,12222614,40
16341,12222614,20
16342,12222614,10
16343,12222614,60
16344,12222614,40
16345,12222614,30
16346,1334494,9560
16347,12222614,150
16348,12222614,40
16349,12222614,30
16350,12222614,240
16351,12222614,30
16352,12222614,30
16353,12222614,10
16354,12222614,10
16355,12222614,60
16356,12222614,30
16357,12222614,30
16358,12222614,110
16359,12222614,60
16360,12222614,20
16361,12222614,60
16362,12222614,40
16363,12222614,10
16364,12222614,150
16365,12222614,40
16366,12222614,20
16367,12222614,10
16368,12222614,20
16369,12222614,50
16370,12222614,10
16371,12222614,10
16372,12222614,10
16373,12222614,10
16374,12222614,150
16375,12222614,20
16376,12222614,10
16377,12222614,30
16378,12222614,10
16379,12222614,40
16380,12222614,30
16381,2014,500000
16382,12222614,20
16383,12222614,10
16384,12222614,150
16385,12222614,40
16386,12222614,20
16387,12222614,10
16388,12222614,90
16389,12222614,10
16390,12222614,90
16391,12222614,20
16392,12222614,30
16393,12222614,10
16394,12222614,40
16395,12222614,20
16396,12222614,150
16397,12222614,20
16398,80148050,0
16399,12222614,10
16400,12222614,30
16401,12222614,80
16402,12222614,10
16403,12222614,110
16404,12222614,10
16405,12222614,110
16406,12222614,70
16407,12222614,10
16408,12222614,20
16409,12222614,60
16410,12222614,20
16411,12222614,10
16412,12222614,40
16413,12222614,80
16414,12222614,10
16415,12222614,150
16416,12222614,20
16417,12222614,10
16418,12222614,50
16419,12222614,70
16420,12222614,10
16421,12222614,110
16422,12222614,30
16423,12222614,20
16424,12222614,40
16425,12222614,10
16426,12222614,20
16427,12222614,60
16428,12222614,60
16429,12222614,20
16430,12222614,20
16431,12222614,150
16432,12222614,10
16433,12222614,60
16434,12222614,20
16435,12222614,20
16436,12222614,30
16437,12222614,10
16438,12222614,20
16439,12222614,30
16440,12222614,20
16441,12222614,10
16442,12222614,10
16443,12222614,60
16444,12222614,30
16445,12222614,30
16446,12222614,20
16447,12222614,20
16448,12222614,30
16449,12222614,10
16450,12222614,10
16451,12222614,20
16452,2014,500000
16453,12222614,10
16454,12222614,10
16455,12222614,50
16456,12222614,90
16457,12222614,60
16458,12222614,20
16459,12222614,10
16460,1334494,10030
16461,12222614,30
16462,12222614,20
16463,12222614,10
16464,12222614,110
16465,12222614,60
16466,12222614,10
16467,12222614,20
16468,12222614,10
16469,12222614,20
16470,12222614,30
16471,12222614,30
16472,12222614,40
16473,12222614,20
16474,12222614,10
16475,12222614,10
16476,12222614,20
16477,12222614,10
16478,12222614,60
16479,12222614,20
16480,12222614,10
16481,12222614,10
16482,12222614,40
16483,12222614,10
16484,12222614,20
16485,12222614,30
16486,12222614,20
16487,12222614,150
16488,12222614,30
16489,12222614,150
16490,12222614,20
16491,12222614,10
16492,12222614,80
16493,12222614,30
16494,12222614,30
16495,12222614,10
16496,12222614,80
16497,12222614,10
16498,12222614,30
16499,12222614,40
16500,12222614,30
16501,12222614,160
16502,12222614,20
16503,12222614,10
16504,12222614,20
16505,12222614,60
16506,12222614,50
16507,1334494,81280
16508,12222614,10
16509,12222614,30
16510,12222614,20
16511,12222614,10
16512,12222614,20
16513,12222614,40
16514,12222614,20
16515,12222614,30
16516,12222614,20
16517,12222614,10
16518,12222614,30
16519,12222614,20
16520,80148050,0
16521,12222614,20
16522,12222614,20
16523,12222614,10
16524,12222614,30
16525,12222614,90
16526,12222614,20
16527,12222614,10
16528,12222614,20
16529,12222614,10
16530,12222614,30
16531,12222614,40
16532,12222614,20
16533,12222614,10
16534,12222614,10
16535,12222614,150
16536,12222614,10
16537,12222614,50
16538,12222614,20
16539,12222614,20
16540,12222614,10
16541,12222614,20
16542,12222614,20
16543,12222614,20
16544,12222614,10
16545,12222614,30
16546,12222614,10
16547,12222614,10
16548,12222614,30
16549,12222614,20
16550,2014,500000
16551,2014,500000
16552,12222614,10
16553,12222614,20
16554,12222614,10
16555,12222614,30
16556,1334494,9030
16557,12222614,30
16558,12222614,40
16559,12222614,10
16560,12222614,50
16561,12222614,20
16562,12222614,10
16563,12222614,30
16564,12222614,10
16565,12222614,50
16566,12222614,10
16567,12222614,10
16568,12222614,20
16569,12222614,20
16570,12222614,20
16571,12222614,30
16572,12222614,10
16573,12222614,80
16574,12222614,10
16575,12222614,20
16576,12222614,20
16577,12222614,10
16578,12222614,30
16579,2014,500000
16580,12222614,30
16581,12222614,60
16582,12222614,20
16583,12222614,50
16584,12222614,20
16585,12222614,120
16586,12222614,20
16587,1334494,5050
16588,12222614,30
16589,12222614,20
16590,12222614,20
16591,12222614,100
16592,12222614,20
16593,12222614,10
16594,12222614,20
16595,12222614,20
16596,12222614,20
16597,2014,500000
16598,12222614,20
16599,12222614,20
16600,12222614,30
16601,12222614,20
16602,12222614,40
16603,12222614,10
16604,12222614,20
16605,12222614,10
16606,12222614,10
16607,12222614,10
16608,2014,500000
16609,12222614,80
16610,12222614,20
16611,12222614,10
16612,12222614,50
16613,12222614,30
16614,12222614,50
16615,12222614,40
16616,12222614,10
16617,12222614,10
16618,12222614,200
16619,12222614,150
16620,12222614,10
16621,12222614,20
16622,12222614,10
16623,12222614,20
16624,80148050,0
16625,12222614,10
16626,12222614,20
16627,12222614,10
16628,1334494,33280
16629,12222614,40
16630,12222614,60
16631,12222614,20
16632,12222614,10
16633,12222614,40
16634,12222614,30
16635,12222614,20
16636,12222614,50
16637,12222614,30
16638,12222614,10
16639,12222614,20
16640,12222614,10
16641,12222614,50
16642,12222614,40
16643,12222614,10
16644,1334494,7930
16645,12222614,10
16646,12222614,20
16647,12222614,30
16648,12222614,20
16649,12222614,30
16650,12222614,30
16651,12222614,80
16652,12222614,40
16653,12222614,40
16654,12222614,10
16655,12222614,10
16656,12222614,20
16657,12222614,10
16658,12222614,40
16659,12222614,40
16660,12222614,50
16661,12222614,20
16662,12222614,30
16663,12222614,10
16664,12222614,60
16665,12222614,10
16666,12222614,20
16667,12222614,60
16668,12222614,30
16669,12222614,30
16670,12222614,10
16671,12222614,160
16672,12222614,20
16673,12222614,10
16674,12222614,20
16675,12222614,30
16676,12222614,10
16677,12222614,20
16678,12222614,80
16679,12222614,30
16680,12222614,30
16681,1334494,5840
16682,1334494,5530
16683,12222614,30
16684,12222614,20
16685,12222614,50
16686,12222614,40
16687,12222614,10
16688,12222614,20
16689,12222614,10
16690,12222614,10
16691,12222614,10
16692,12222614,10
16693,12222614,50
16694,12222614,40
16695,12222614,20
16696,12222614,70
16697,12222614,40
16698,12222614,60
16699,12222614,10
16700,12222614,20
16701,12222614,40
16702,12222614,10
16703,12222614,10
16704,12222614,10
16705,12222614,50
16706,12222614,80
16707,12222614,10
16708,12222614,40
16709,12222614,20
16710,12222614,60
16711,12222614,150
16712,12222614,40
16713,12222614,20
16714,12222614,10
16715,12222614,30
16716,12222614,30
16717,12222614,40
16718,12222614,20
16719,12222614,60
16720,12222614,90
16721,12222614,20
16722,12222614,10
16723,12222614,40
16724,12222614,150
16725,12222614,20
16726,12222614,20
16727,12222614,10
16728,12222614,20
16729,12222614,20
16730,12222614,10
16731,12222614,20
16732,12222614,60
16733,12222614,10
16734,12222614,10
16735,12222614,40
16736,12222614,20
16737,12222614,30
16738,12222614,10
16739,12222614,10
16740,12222614,30
16741,12222614,20
16742,12222614,20
16743,80148050,0
16744,12222614,50
16745,12222614,10
16746,12222614,10
16747,2014,500000
16748,12222614,40
16749,12222614,10
16750,12222614,20
16751,12222614,20
16752,12222614,60
16753,12222614,40
16754,12222614,10
16755,12222614,20
16756,12222614,10
16757,12222614,10
16758,12222614,30
16759,12222614,10
16760,12222614,10
16761,12222614,60
16762,12222614,10
16763,12222614,10
16764,12222614,20
16765,12222614,50
16766,12222614,10
16767,12222614,40
16768,12222614,20
16769,12222614,40
16770,12222614,150
16771,12222614,30
16772,12222614,20
16773,12222614,10
16774,12222614,50
16775,12222614,30
16776,12222614,150
16777,12222614,70
16778,12222614,80
16779,12222614,50
16780,12222614,30
16781,12222614,20
16782,12222614,10
16783,12222614,150
16784,12222614,20
16785,12222614,40
16786,12222614,50
16787,12222614,40
16788,12222614,20
16789,12222614,30
16790,12222614,10
16791,12222614,20
16792,12222614,40
16793,12222614,20
16794,12222614,50
16795,1334494,7080
16796,12222614,50
16797,12222614,30
16798,12222614,20
16799,12222614,30
16800,12222614,10
16801,12222614,10
16802,12222614,10
16803,12222614,20
16804,12222614,30
16805,12222614,10
16806,1334494,11430
16807,12222614,10
16808,80148050,0
16809,12222614,30
16810,2014,500000
16811,12222614,10
16812,12222614,20
16813,12222614,10
16814,12222614,10
16815,12222614,30
16816,12222614,50
16817,12222614,20
16818,12222614,10
16819,12222614,10
16820,12222614,30
16821,12222614,150
16822,12222614,10
16823,12222614,30
16824,12222614,20
16825,12222614,30
16826,12222614,10
16827,2014,500000
16828,12222614,60
16829,12222614,30
16830,12222614,10
16831,12222614,20
16832,12222614,20
16833,12222614,60
16834,12222614,20
16835,12222614,20
16836,12222614,130
16837,12222614,30
16838,12222614,40
16839,12222614,70
16840,12222614,50
16841,12222614,10
16842,12222614,70
16843,12222614,50
16844,12222614,30
16845,12222614,30
16846,12222614,10
16847,12222614,150
16848,12222614,30
16849,12222614,20
16850,80148050,0
16851,12222614,10
16852,12222614,20
16853,12222614,110
16854,1334494,10150
16855,12222614,20
16856,12222614,10
16857,12222614,10
16858,12222614,60
16859,12222614,30
16860,12222614,30
16861,12222614,10
16862,12222614,10
16863,12222614,10
16864,12222614,40
16865,12222614,70
16866,12222614,10
16867,12222614,70
16868,12222614,60
16869,12222614,40
16870,12222614,10
16871,12222614,40
16872,12222614,40
16873,12222614,10
16874,12222614,40
16875,12222614,20
16876,12222614,30
16877,12222614,110
16878,12222614,80
16879,12222614,10
16880,12222614,150
16881,12222614,30
16882,12222614,30
16883,12222614,10
16884,12222614,10
16885,12222614,20
16886,12222614,30
16887,12222614,150
16888,12222614,10
16889,12222614,10
16890,12222614,10
16891,12222614,40
16892,12222614,10
16893,12222614,20
16894,12222614,30
16895,12222614,10
16896,12222614,20
16897,12222614,30
16898,80148050,0
16899,12222614,20
16900,12222614,30
16901,12222614,150
16902,12222614,20
16903,12222614,10
16904,12222614,30
16905,2014,500000
16906,12222614,20
16907,12222614,20
16908,12222614,10
16909,12222614,60
16910,12222614,30
16911,12222614,10
16912,12222614,30
16913,12222614,110
16914,12222614,40
16915,12222614,20
16916,12222614,10
16917,12222614,10
16918,12222614,10
16919,12222614,10
16920,12222614,20
16921,12222614,60
16922,12222614,20
16923,12222614,10
16924,12222614,40
16925,12222614,30
16926,12222614,10
16927,12222614,20
16928,12222614,110
16929,12222614,20
16930,12222614,40
16931,12222614,30
16932,12222614,150
16933,12222614,10
16934,12222614,80
16935,12222614,50
16936,12222614,10
16937,12222614,10
16938,12222614,30
16939,12222614,150
16940,12222614,30
16941,12222614,30
16942,12222614,10
16943,12222614,30
16944,12222614,10
16945,1334494,10460
16946,12222614,20
16947,12222614,60
16948,12222614,30
16949,12222614,30
16950,12222614,50
16951,12222614,10
16952,1334494,7190
16953,12222614,40
16954,12222614,30
16955,12222614,20
16956,12222614,10
16957,12222614,30
16958,2014,500000
16959,12222614,20
16960,12222614,30
16961,12222614,40
16962,12222614,60
16963,12222614,30
16964,12222614,60
16965,12222614,40
16966,12222614,80
16967,1334494,11130
16968,12222614,10
16969,12222614,10
16970,12222614,10
16971,12222614,20
16972,1334494,15830
16973,12222614,60
16974,12222614,80
16975,12222614,20
16976,12222614,30
16977,12222614,150
16978,12222614,30
16979,12222614,40
16980,80148050,0
16981,12222614,10
16982,12222614,10
16983,12222614,10
16984,12222614,20
16985,12222614,10
16986,12222614,150
16987,12222614,10
16988,80148050,0
16989,12222614,10
16990,12222614,10
16991,12222614,10
16992,12222614,40
16993,12222614,20
16994,12222614,20
16995,12222614,40
16996,1334494,11700
16997,12222614,20
16998,12222614,10
16999,12222614,110
17000,12222614,10
17001,12222614,10
17002,2014,500000
17003,12222614,30
17004,12222614,30
17005,12222614,10
17006,12222614,10
17007,12222614,20
17008,12222614,40
17009,12222614,20
17010,12222614,10
17011,12222614,20
17012,12222614,20
17013,12222614,40
17014,12222614,40
17015,12222614,50
17016,12222614,10
17017,12222614,10
17018,12222614,60
17019,12222614,10
17020,12222614,10
17021,12222614,20
17022,12222614,10
17023,80148050,0
17024,12222614,30
17025,12222614,60
17026,12222614,150
17027,12222614,10
17028,12222614,20
17029,12222614,10
17030,12222614,20
17031,12222614,30
17032,12222614,80
17033,12222614,10
17034,12222613,110
17035,12222613,10
17036,12222613,30
17037,12222613,20
17038,12222613,10
17039,12222613,90
17040,12222613,10
17041,12222613,40
17042,12222613,50
17043,12222613,60
17044,12222613,30
17045,12222613,20
17046,12222613,20
17047,12222613,40
17048,12222613,30
17049,12222613,30
17050,12222613,90
17051,12222613,10
17052,12222613,20
17053,12222613,80
17054,12222613,20
17055,12222613,80
17056,12222613,80
17057,12222613,50
17058,12222613,20
17059,12222613,20
17060,12222613,20
17061,12222613,50
17062,1334494,3840
17063,12222613,30
17064,12222613,10
17065,1334494,7930
17066,12222613,40
17067,12222613,10
17068,12222613,20
17069,12222613,10
17070,12222613,10
17071,12222613,20
17072,12222613,20
17073,12222613,40
17074,12222613,20
17075,12222613,20
17076,12222613,30
17077,12222613,30
17078,12222613,50
17079,12222613,60
17080,12222613,110
17081,12222613,10
17082,12222613,60
17083,12222613,10
17084,1334494,6680
17085,12222613,50
17086,12222613,20
17087,12222613,20
17088,12222613,30
17089,12222613,10
17090,12222613,30
17091,12222613,110
17092,12222613,40
17093,12222613,80
17094,12222613,90
17095,80148050,0
17096,12222613,10
17097,12222613,60
17098,12222613,20
17099,12222613,30
17100,12222613,40
17101,12222613,20
17102,12222613,30
17103,12222613,90
17104,12222613,20
17105,12222613,30
17106,12222613,60
17107,12222613,10
17108,12222613,20
17109,12222613,50
17110,12222613,10
17111,12222613,10
17112,12222613,20
17113,12222613,60
17114,12222613,20
17115,12222613,150
17116,12222613,10
17117,12222613,40
17118,12222613,40
17119,12222613,40
17120,12222613,210
17121,2014,500000
17122,2014,500000
17123,12222613,30
17124,12222613,20
17125,12222613,30
17126,12222613,20
17127,12222613,30
17128,12222613,20
17129,2014,500000
17130,12222613,20
17131,12222613,10
17132,1334494,6300
17133,2014,500000
17134,12222613,10
17135,12222613,10
17136,12222613,10
17137,12222613,10
17138,1334494,8160
17139,12222613,20
17140,12222613,30
17141,12222613,20
17142,12222613,10
17143,12222613,40
17144,12222613,40
17145,12222613,10
17146,12222613,30
17147,2014,500000
17148,12222613,30
17149,12222613,60
17150,12222613,110
17151,12222613,10
17152,12222613,30
17153,12222613,20
17154,12222613,20
17155,12222613,60
17156,12222613,10
17157,12222613,30
17158,12222613,40
17159,12222613,150
17160,12222613,20
17161,80148050,0
17162,12222613,60
17163,12222613,20
17164,12222613,40
17165,12222613,30
17166,12222613,10
17167,12222613,60
17168,1334494,8990
17169,12222613,30
17170,12222613,20
17171,12222613,50
17172,12222613,30
17173,12222613,10
17174,12222613,60
17175,12222613,120
17176,12222613,60
17177,12222613,10
17178,12222613,20
17179,12222613,30
17180,12222613,30
17181,12222613,50
17182,12222613,10
17183,1334494,14420
17184,2014,500000
17185,12222613,20
17186,12222613,20
17187,12222613,10
17188,12222613,10
17189,12222613,20
17190,12222613,10
17191,12222613,20
17192,12222613,50
17193,12222613,30
17194,12222613,80
17195,1334494,16160
17196,12222613,20
17197,12222613,20
17198,12222613,20
17199,12222613,190
17200,12222613,10
17201,12222613,40
17202,12222613,10
17203,12222613,10
17204,12222613,20
17205,12222613,20
17206,12222613,40
17207,1334494,5680
17208,12222613,30
17209,12222613,20
17210,12222613,30
17211,12222613,30
17212,12222613,30
17213,12222613,20
17214,12222613,30
17215,12222613,40
17216,12222613,10
17217,12222613,40
17218,12222613,70
17219,12222613,10
17220,12222613,20
17221,12222613,20
17222,12222613,10
17223,12222613,80
17224,12222613,40
17225,12222613,20
17226,12222613,70
17227,1334494,19110
17228,12222613,80
17229,12222613,10
17230,12222613,70
17231,12222613,20
17232,12222613,20
17233,12222613,30
17234,12222613,20
17235,12222613,110
17236,12222613,30
17237,12222613,30
17238,12222613,10
17239,12222613,80
17240,12222613,20
17241,12222613,30
17242,12222613,30
17243,12222613,20
17244,12222613,60
17245,12222613,30
17246,12222613,40
17247,12222613,10
17248,12222613,110
17249,12222613,80
17250,12222613,20
17251,12222613,30
17252,12222613,30
17253,12222613,90
17254,12222613,30
17255,12222613,30
17256,12222613,10
17257,12222613,30
17258,12222613,30
17259,12222613,30
17260,12222613,20
17261,1334494,11470
17262,80148050,0
17263,12222613,20
17264,12222613,10
17265,2014,500000
17266,12222613,50
17267,12222613,10
17268,12222613,20
17269,12222613,150
17270,12222613,40
17271,80148050,0
17272,12222613,40
17273,12222613,70
17274,12222613,60
17275,12222613,20
17276,12222613,10
17277,12222613,210
17278,12222613,60
17279,12222613,20
17280,12222613,90
17281,12222613,10
17282,12222613,30
17283,12222613,20
17284,12222613,30
17285,12222613,20
17286,2014,500000
17287,12222613,40
17288,12222613,20
17289,12222613,10
17290,12222613,20
17291,12222613,40
17292,12222613,10
17293,12222613,20
17294,12222613,30
17295,12222613,60
17296,12222613,10
17297,12222613,20
17298,12222613,10
17299,12222613,30
17300,12222613,40
17301,12222613,110
17302,12222613,40
17303,12222613,60
17304,12222613,20
17305,12222613,10
17306,12222613,60
17307,12222613,20
17308,12222613,10
17309,12222613,20
17310,12222613,40
17311,12222613,20
17312,12222613,80
17313,12222613,20
17314,12222613,20
17315,12222613,10
17316,12222613,30
17317,12222613,10
17318,2014,500000
17319,12222613,50
17320,12222613,20
17321,12222613,20
17322,12222613,10
17323,12222613,30
17324,12222613,20
17325,12222613,20
17326,12222613,30
17327,12222613,10
17328,12222613,20
17329,12222613,40
17330,12222613,20
17331,12222613,10
17332,12222613,50
17333,12222613,30
17334,12222613,10
17335,12222613,60
17336,12222613,60
17337,12222613,30
17338,12222613,10
17339,12222613,20
17340,12222613,30
17341,12222613,10
17342,12222613,50
17343,12222613,10
17344,12222613,20
17345,12222613,20
17346,12222613,20
17347,12222613,10
17348,12222613,30
17349,12222613,20
17350,80148050,0
17351,12222613,30
17352,12222613,20
17353,12222613,80
17354,12222613,20
17355,12222613,20
17356,12222613,30
17357,12222613,20
17358,12222613,20
17359,12222613,10
17360,12222613,10
17361,12222613,10
17362,2014,500000
17363,12222613,20
17364,12222613,60
17365,12222613,20
17366,12222613,10
17367,12222613,50
17368,12222613,20
17369,12222613,10
17370,2014,500000
17371,12222613,90
17372,12222613,20
17373,12222613,90
17374,12222613,20
17375,12222613,10
17376,12222613,70
17377,12222613,10
17378,12222613,30
17379,12222613,40
17380,12222613,20
17381,12222613,10
17382,12222613,70
17383,12222613,20
17384,12222613,30
17385,12222613,110
17386,12222613,60
17387,12222613,10
17388,12222613,30
17389,12222613,10
17390,12222613,10
17391,12222613,70
17392,80148050,0
17393,12222613,40
17394,12222613,40
17395,12222613,30
17396,12222613,30
17397,12222613,60
17398,12222613,10
17399,12222613,20
17400,1334494,5980
17401,80148050,0
17402,80148050,0
17403,12222613,70
17404,12222613,30
17405,12222613,10
17406,12222613,90
17407,12222613,40
17408,12222613,10
17409,12222613,20
17410,80148050,0
17411,12222613,10
17412,12222613,10
17413,12222613,80
17414,12222613,20
17415,12222613,30
17416,12222613,40
17417,12222613,70
17418,12222613,20
17419,12222613,20
17420,1334494,15100
17421,80148050,0
17422,12222613,20
17423,12222613,60
17424,12222613,30
17425,12222613,110
17426,12222613,20
17427,12222613,10
17428,12222613,30
17429,12222613,30
17430,12222613,20
17431,12222613,10
17432,1334494,8450
17433,12222613,10
17434,12222613,30
17435,12222613,80
17436,12222613,10
17437,12222613,20
17438,12222613,50
17439,12222613,120
17440,12222613,10
17441,12222613,60
17442,12222613,20
17443,2014,500000
17444,12222613,20
17445,12222613,40
17446,12222613,20
17447,12222613,20
17448,12222613,10
17449,12222613,20
17450,12222613,10
17451,12222613,90
17452,12222613,10
17453,12222613,10
17454,12222613,20
17455,12222613,20
17456,80148050,0
17457,12222613,40
17458,12222613,10
17459,12222613,20
17460,12222613,10
17461,12222613,150
17462,12222613,30
17463,12222613,20
17464,12222613,10
17465,12222613,20
17466,12222613,20
17467,12222613,30
17468,12222613,30
17469,12222613,30
17470,12222613,90
17471,12222613,10
17472,12222613,20
17473,12222613,10
17474,12222613,150
17475,12222613,30
17476,12222613,70
17477,12222613,150
17478,12222613,30
17479,12222613,40
17480,12222613,80
17481,12222613,10
17482,12222613,20
17483,2014,500000
17484,12222613,50
17485,12222613,30
17486,12222613,60
17487,12222613,10
17488,12222613,50
17489,12222613,30
17490,12222613,110
17491,12222613,10
17492,12222613,40
17493,12222613,40
17494,12222613,20
17495,12222613,10
17496,12222613,10
17497,12222613,10
17498,12222613,20
17499,80148050,0
17500,2014,500000
17501,12222613,10
17502,12222613,20
17503,12222613,20
17504,12222613,40
17505,12222613,30
17506,12222613,20
17507,12222613,110
17508,12222613,10
17509,12222613,70
17510,12222613,10
17511,12222613,10
17512,12222613,20
17513,12222613,10
17514,12222613,60
17515,12222613,30
17516,12222613,40
17517,12222613,10
17518,12222613,10
17519,12222613,50
17520,12222613,20
17521,12222613,10
17522,12222613,10
17523,12222613,10
17524,12222613,20
17525,12222613,20
17526,12222613,30
17527,12222613,30
17528,12222613,30
17529,2014,500000
17530,12222613,30
17531,12222613,20
17532,12222613,40
17533,12222613,10
17534,12222613,30
17535,12222613,10
17536,12222613,10
17537,12222613,30
17538,12222613,40
17539,12222613,40
17540,12222613,10
17541,12222613,30
17542,80148050,0
17543,12222613,10
17544,12222613,150
17545,12222613,110
17546,12222613,30
17547,12222613,10
17548,12222613,50
17549,12222613,20
17550,12222613,40
17551,12222613,10
17552,12222613,20
17553,12222613,60
17554,12222613,60
17555,12222613,10
17556,12222613,70
17557,1334494,5650
17558,12222613,10
17559,12222613,40
17560,12222613,30
17561,12222613,20
17562,12222613,20
17563,12222613,10
17564,80148050,0
17565,12222613,20
17566,12222613,40
17567,12222613,30
17568,12222613,10
17569,12222613,60
17570,12222613,30
17571,12222613,30
17572,80148050,0
17573,12222613,30
17574,12222613,20
17575,12222613,20
17576,12222613,30
17577,12222613,10
17578,12222613,10
17579,12222613,20
17580,12222613,20
17581,12222613,10
17582,12222613,10
17583,2014,500000
17584,12222613,40
17585,12222613,60
17586,12222613,40
17587,12222613,40
17588,12222613,40
17589,12222613,20
17590,12222613,30
17591,12222613,20
17592,12222613,10
17593,12222613,20
17594,12222613,40
17595,12222613,10
17596,12222613,20
17597,12222613,110
17598,12222613,20
17599,12222613,10
17600,12222613,20
17601,12222613,10
17602,12222613,20
17603,12222613,30
17604,12222613,30
17605,12222613,10
17606,12222613,10
17607,12222613,10
17608,12222613,10
17609,12222613,20
17610,12222613,10
17611,12222613,10
17612,12222613,50
17613,12222613,10
17614,12222613,20
17615,12222613,10
17616,2014,500000
17617,12222613,80
17618,12222613,60
17619,12222613,10
17620,12222613,20
17621,12222613,150
17622,12222613,20
17623,12222613,20
17624,12222613,20
17625,12222613,10
17626,12222613,10
17627,12222613,20
17628,12222613,40
17629,12222613,40
17630,12222613,10
17631,12222613,10
17632,12222613,10
17633,12222613,30
17634,12222613,20
17635,12222613,20
17636,12222613,10
17637,12222613,20
17638,12222613,30
17639,12222613,20
17640,12222613,10
17641,12222613,10
17642,12222613,80
17643,12222613,30
17644,1334494,9120
17645,12222613,20
17646,12222613,20
17647,12222613,20
17648,12222613,20
17649,12222613,140
17650,12222613,20
17651,12222613,10
17652,12222613,10
17653,12222613,30
17654,2014,500000
17655,12222613,10
17656,12222613,30
17657,12222613,120
17658,12222613,10
17659,80148050,0
17660,12222613,20
17661,12222613,10
17662,12222613,30
17663,12222613,30
17664,12222613,20
17665,12222613,20
17666,12222613,40
17667,12222613,10
17668,1334494,6390
17669,12222613,20
17670,12222613,30
17671,12222613,40
17672,12222613,10
17673,12222613,110
17674,12222613,10
17675,12222613,30
17676,12222613,30
17677,12222613,10
17678,12222613,30
17679,1334494,16020
17680,12222613,10
17681,1334494,10420
17682,12222613,10
17683,12222613,80
17684,12222613,10
17685,12222613,30
17686,12222613,40
17687,12222613,60
17688,12222613,20
17689,12222613,30
17690,12222613,10
17691,12222613,80
17692,12222613,20
17693,12222613,40
17694,12222613,20
17695,12222613,10
17696,12222613,20
17697,12222613,30
17698,12222613,50
17699,12222613,20
17700,1334494,25390
17701,12222613,10
17702,12222613,110
17703,12222613,30
17704,12222613,40
17705,12222613,30
17706,12222613,10
17707,12222613,10
17708,12222613,10
17709,12222613,50
17710,12222613,30
17711,12222613,60
17712,12222613,10
17713,12222613,40
17714,12222613,20
17715,12222613,20
17716,12222613,20
17717,12222613,20
17718,12222613,20
17719,12222613,30
17720,12222613,20
17721,12222613,60
17722,12222613,20
17723,12222613,20
17724,12222613,20
17725,12222613,30
17726,12222613,60
17727,12222613,20
17728,12222613,10
17729,12222613,150
17730,12222613,10
17731,2014,500000
17732,12222613,50
17733,12222613,110
17734,12222613,10
17735,12222613,90
17736,12222613,10
17737,12222613,10
17738,12222613,20
17739,12222613,30
17740,12222613,20
17741,12222613,10
17742,80148050,0
17743,12222613,20
17744,12222613,40
17745,12222613,10
17746,12222613,10
17747,12222613,10
17748,12222613,20
17749,12222613,30
17750,12222613,30
17751,12222613,20
17752,12222613,40
17753,12222613,10
17754,12222613,40
17755,12222613,20
17756,12222613,10
17757,12222613,20
17758,12222613,10
17759,12222613,20
17760,12222613,10
17761,12222613,150
17762,12222613,30
17763,1334494,6210
17764,12222613,40
17765,12222613,10
17766,12222613,20
17767,12222613,10
17768,12222613,20
17769,12222613,20
17770,12222613,10
17771,12222613,20
17772,12222613,20
17773,12222613,40
17774,12222613,10
17775,12222613,10
17776,12222613,10
17777,12222613,50
17778,12222613,60
17779,12222613,20
17780,12222613,10
17781,12222613,20
17782,12222613,20
17783,12222613,30
17784,12222613,150
17785,12222613,20
17786,12222613,10
17787,12222613,20
17788,12222613,10
17789,12222613,30
17790,12222613,20
17791,2014,500000
17792,12222613,30
17793,12222613,30
17794,2014,500000
17795,12222613,30
17796,12222613,40
17797,12222613,60
17798,80148050,0
17799,12222613,10
17800,12222613,20
17801,12222613,70
17802,12222613,20
17803,12222613,40
17804,12222613,10
17805,12222613,10
17806,12222613,70
17807,12222613,10
17808,12222613,10
17809,12222613,10
17810,12222613,10
17811,12222613,20
17812,12222613,10
17813,12222613,30
17814,12222613,40
17815,12222613,10
17816,12222613,30
17817,12222613,150
17818,12222613,10
17819,12222613,30
17820,12222613,20
17821,1334494,7280
17822,12222613,30
17823,12222613,30
17824,12222613,10
17825,12222613,20
17826,80148050,0
17827,12222613,20
17828,12222613,40
17829,12222613,20
17830,12222613,10
17831,12222613,50
17832,12222613,50
17833,12222613,10
17834,12222613,10
17835,12222613,70
17836,12222613,60
17837,12222613,60
17838,12222613,20
17839,12222613,50
17840,12222613,20
17841,12222613,10
17842,12222613,10
17843,12222613,10
17844,80148050,0
17845,12222613,10
17846,12222613,20
17847,12222613,20
17848,12222613,10
17849,12222613,10
17850,12222613,30
17851,12222613,90
17852,12222613,10
17853,12222613,10
17854,12222613,40
17855,12222613,30
17856,12222613,20
17857,12222613,40
17858,12222613,30
17859,12222613,20
17860,80148050,0
17861,12222613,30
17862,12222613,10
17863,12222613,30
17864,12222613,50
17865,12222613,10
17866,12222613,110
17867,12222613,60
17868,12222613,30
17869,12222613,20
17870,12222613,50
17871,12222613,10
17872,12222613,40
17873,80148050,0
17874,12222613,40
17875,12222613,30
17876,12222613,20
17877,12222613,20
17878,1334494,14060
17879,80148050,0
17880,12222613,10
17881,12222613,10
17882,12222613,30
17883,12222613,10
17884,12222613,10
17885,12222613,30
17886,12222613,20
17887,12222613,110
17888,12222613,20
17889,1334494,7450
17890,12222613,10
17891,12222613,20
17892,12222613,40
17893,12222613,10
17894,12222613,20
17895,12222613,40
17896,12222613,10
17897,12222613,60
17898,12222613,10
17899,12222613,20
17900,12222613,50
17901,12222613,10
17902,12222613,10
17903,12222613,30
17904,12222613,80
17905,12222613,40
17906,12222613,80
17907,12222613,10
17908,1334494,13770
17909,12222613,10
17910,12222613,30
17911,12222613,10
17912,12222613,10
17913,12222613,10
17914,12222613,10
17915,12222613,10
17916,12222613,30
17917,12222613,50
17918,12222613,150
17919,12222613,20
17920,12222613,20
17921,12222613,20
17922,12222613,20
17923,12222613,40
17924,12222613,30
17925,12222613,30
17926,12222613,70
17927,12222613,10
17928,12222613,10
17929,12222613,70
17930,12222613,30
17931,12222613,80
17932,12222613,10
17933,12222613,10
17934,12222613,10
17935,12222613,40
17936,12222613,30
17937,12222613,10
17938,12222613,30
17939,12222613,10
17940,12222613,20
17941,2014,500000
17942,12222613,10
17943,12222613,40
17944,12222613,20
17945,12222613,70
17946,12222613,20
17947,12222613,10
17948,12222613,10
17949,12222613,40
17950,12222613,10
17951,12222613,30
17952,12222613,40
17953,12222613,10
17954,12222613,20
17955,12222613,10
17956,12222613,70
17957,2014,500000
17958,12222613,20
17959,80148050,0
17960,12222613,20
17961,12222613,10
17962,12222613,20
17963,12222613,10
17964,12222613,20
17965,12222613,30
17966,12222613,10
17967,12222613,20
17968,12222613,30
17969,12222613,30
17970,12222613,20
17971,12222613,20
17972,12222613,40
17973,12222613,20
17974,12222613,10
17975,12222613,80
17976,12222613,20
17977,12222613,20
17978,80148050,0
17979,12222613,30
17980,1334494,8200
17981,12222613,30
17982,12222613,10
17983,12222613,30
17984,12222613,20
17985,12222613,10
17986,12222613,20
17987,12222613,10
17988,12222613,10
17989,12222613,30
17990,12222613,150
17991,2014,500000
17992,1334494,7150
17993,12222613,10
17994,12222613,110
17995,12222613,10
17996,12222613,20
17997,12222613,10
17998,12222613,20
17999,12222613,150
18000,12222613,30
18001,12222613,10
18002,12222613,10
18003,12222613,10
18004,12222613,30
18005,12222613,20
18006,12222613,30
18007,12222613,20
18008,12222613,60
18009,12222613,30
18010,12222613,10
18011,12222613,10
18012,12222613,50
18013,12222613,30
18014,12222613,30
18015,12222613,60
18016,12222613,20
18017,12222613,20
18018,12222613,10
18019,1334494,17460
18020,12222613,80
18021,12222613,60
18022,12222613,20
18023,12222613,10
18024,12222613,10
18025,12222613,100
18026,12222613,20
18027,12222613,30
18028,12222613,150
18029,12222613,10
18030,12222613,10
18031,12222613,40
18032,12222613,40
18033,12222613,210
18034,12222613,80
18035,12222613,30
18036,12222613,40
18037,12222613,150
18038,12222613,20
18039,12222613,40
18040,12222613,10
18041,12222613,50
18042,12222613,30
18043,12222613,20
18044,2014,500000
18045,80148050,0
18046,12222613,70
18047,12222613,80
18048,12222613,20
18049,12222613,10
18050,12222613,40
18051,12222613,30
18052,12222613,10
18053,2014,500000
18054,1334494,11230
18055,12222613,40
18056,12222613,30
18057,12222613,10
18058,12222613,10
18059,12222613,60
18060,12222613,10
18061,12222613,10
18062,12222613,10
18063,12222613,30
18064,1334494,31130
18065,12222613,150
18066,12222613,10
18067,12222613,20
18068,12222613,30
18069,12222613,10
18070,12222613,10
18071,12222613,30
18072,12222613,40
18073,12222613,10
18074,12222613,110
18075,12222613,40
18076,12222613,20
18077,12222613,20
18078,12222613,30
18079,12222613,40
18080,12222613,10
18081,12222613,30
18082,12222613,10
18083,12222613,10
18084,12222613,10
18085,2014,500000
18086,12222613,30
18087,12222613,30
18088,12222613,20
18089,2014,500000
18090,12222613,30
18091,12222613,70
18092,12222613,30
18093,12222613,60
18094,12222613,60
18095,12222613,20
18096,12222613,40
18097,12222613,10
18098,12222613,20
18099,12222613,20
18100,12222613,10
18101,12222613,10
18102,12222613,150
18103,12222613,30
18104,12222613,20
18105,12222613,10
18106,12222613,20
18107,1334494,7720
18108,12222613,210
18109,12222613,20
18110,12222613,20
18111,12222613,10
18112,12222613,100
18113,12222613,20
18114,12222613,10
18115,12222613,20
18116,12222613,10
18117,12222613,30
18118,12222613,10
18119,12222613,40
18120,12222613,20
18121,12222613,10
18122,12222613,30
18123,12222613,40
18124,12222613,10
18125,12222613,20
18126,12222613,10
18127,12222613,20
18128,12222613,10
18129,12222613,10
18130,12222613,10
18131,12222613,10
18132,12222613,40
18133,12222613,10
18134,12222613,60
18135,12222613,20
18136,12222613,60
18137,12222613,30
18138,12222613,60
18139,12222613,10
18140,12222613,80
18141,12222613,30
18142,12222613,30
18143,12222613,110
18144,12222613,10
18145,12222613,30
18146,12222613,20
18147,12222613,20
18148,12222613,10
18149,12222613,60
18150,12222613,10
18151,80148050,0
18152,12222613,40
18153,12222613,30
18154,12222613,10
18155,12222613,10
18156,12222613,150
18157,12222613,10
18158,1334494,5470
18159,12222613,10
18160,12222613,20
18161,12222613,10
18162,12222613,10
18163,12222613,70
18164,12222613,10
18165,12222613,20
18166,12222613,10
18167,12222613,20
18168,12222613,10
18169,12222613,30
18170,12222613,10
18171,12222613,70
18172,12222613,50
18173,12222613,30
18174,12222613,10
18175,12222613,110
18176,12222613,50
18177,12222613,20
18178,12222613,20
18179,12222613,10
18180,12222613,30
18181,12222613,20
18182,12222613,110
18183,12222613,20
18184,12222613,10
18185,12222613,30
18186,12222613,40
18187,12222613,20
18188,12222613,10
18189,12222613,30
18190,2014,500000
18191,12222613,20
18192,12222613,60
18193,12222613,80
18194,12222613,10
18195,12222613,30
18196,12222613,30
18197,12222613,10
18198,12222613,30
18199,12222613,10
18200,12222613,20
18201,12222613,20
18202,12222613,10
18203,12222613,20
18204,12222613,10
18205,12222613,110
18206,12222613,10
18207,12222613,10
18208,12222613,50
18209,12222613,30
18210,12222613,20
18211,12222613,30
18212,12222613,40
18213,2014,500000
18214,12222613,40
18215,12222613,10
18216,12222613,80
18217,12222613,60
18218,12222613,10
18219,12222613,60
18220,12222613,10
18221,12222613,60
18222,12222613,80
18223,12222613,30
18224,12222613,30
18225,1334494,13750
18226,12222613,10
18227,12222613,20
18228,12222613,20
18229,12222613,10
18230,12222613,20
18231,12222613,10
18232,2014,500000
18233,12222613,20
18234,12222613,20
18235,12222613,10
18236,12222613,20
18237,12222613,60
18238,12222613,10
18239,12222613,30
18240,12222613,30
18241,12222613,20
18242,12222613,10
18243,80148050,0
18244,12222613,50
18245,12222613,40
18246,12222613,20
18247,12222613,30
18248,12222613,20
18249,2014,500000
18250,12222613,50
18251,12222613,10
18252,12222613,40
18253,12222613,40
18254,12222613,10
18255,2014,500000
18256,12222613,10
18257,12222613,20
18258,12222613,10
18259,12222613,110
18260,12222613,10
18261,12222613,20
18262,12222613,30
18263,12222613,60
18264,12222613,40
18265,12222613,20
18266,12222613,150
18267,80148050,0
18268,12222613,10
18269,12222613,10
18270,12222613,10
18271,12222613,60
18272,12222613,30
18273,12222613,110
18274,2014,500000
18275,12222613,30
18276,12222613,30
18277,12222613,50
18278,12222613,30
18279,12222613,80
18280,12222613,10
18281,12222613,20
18282,12222613,20
18283,12222613,30
18284,2014,500000
18285,12222613,40
18286,12222613,30
18287,12222613,10
18288,12222613,10
18289,12222613,40
18290,1334494,6010
18291,2014,500000
18292,12222613,50
18293,12222613,20
18294,80148050,0
18295,12222613,10
18296,12222613,20
18297,12222613,20
18298,12222613,60
18299,12222613,10
18300,2014,500000
18301,2014,500000
18302,12222613,10
18303,2014,500000
18304,12222613,10
18305,12222613,20
18306,12222613,40
18307,2014,500000
18308,12222613,10
18309,12222613,10
18310,12222613,50
18311,12222613,30
18312,2014,500000
18313,12222613,10
18314,12222613,120
18315,12222613,30
18316,12222613,20
18317,12222613,20
18318,12222613,10
18319,12222613,10
18320,12222613,10
18321,12222613,10
18322,12222613,20
18323,12222613,30
18324,1334494,8210
18325,12222613,10
18326,12222613,20
18327,12222613,10
18328,12222613,20
18329,12222613,10
18330,12222613,20
18331,12222613,10
18332,12222613,40
18333,2014,500000
18334,12222613,10
18335,12222613,10
18336,12222613,20
18337,12222613,10
18338,2014,500000
18339,12222613,20
18340,12222613,10
18341,80148050,0
18342,12222613,20
18343,80148050,0
18344,12222613,20
18345,12222613,10
18346,12222613,20
18347,12222613,150
18348,12222613,10
18349,12222613,40
18350,12222613,10
18351,12222613,10
18352,12222613,30
18353,12222613,10
18354,12222613,20
18355,12222613,10
18356,12222613,30
18357,12222613,40
18358,12222613,10
18359,12222613,210
18360,12222613,30
18361,12222613,20
18362,12222613,50
18363,12222613,10
18364,12222613,10
18365,12222613,120
18366,12222613,20
18367,2014,500000
18368,12222613,30
18369,12222613,50
18370,12222613,10
18371,12222613,10
18372,12222613,20
18373,12222613,30
18374,12222613,30
18375,12222613,150
18376,12222613,60
18377,12222613,80
18378,12222613,80
18379,2014,500000
18380,12222613,30
18381,12222613,60
18382,80148050,0
18383,12222613,30
18384,12222613,30
18385,12222613,30
18386,12222613,10
18387,12222613,20
18388,12222613,30
18389,12222613,30
18390,12222613,60
18391,12222613,50
18392,12222613,10
18393,12222613,10
18394,12222613,20
18395,12222613,10
18396,1334494,13810
18397,12222613,40
18398,12222613,10
18399,12222613,10
18400,12222613,20
18401,12222613,30
18402,12222613,30
18403,12222613,20
18404,12222613,30
18405,12222613,30
18406,12222613,20
18407,12222613,20
18408,80148050,0
18409,12222613,30
18410,12222613,20
18411,12222613,30
18412,12222613,10
18413,12222613,40
18414,12222613,10
18415,12222613,20
18416,12222613,40
18417,12222613,30
18418,12222613,20
18419,12222613,20
18420,12222613,40
18421,12222613,10
18422,12222613,50
18423,12222613,10
18424,12222613,10
18425,12222613,60
18426,12222613,70
18427,12222613,40
18428,12222613,10
18429,12222613,10
18430,12222613,110
18431,12222613,30
18432,12222613,60
18433,12222613,40
18434,12222613,10
18435,12222613,60
18436,12222613,20
18437,12222613,40
18438,12222613,20
18439,12222613,80
18440,12222613,20
18441,12222613,10
18442,12222613,10
18443,12222613,30
18444,12222613,30
18445,12222613,20
18446,12222613,50
18447,12222613,20
18448,12222613,10
18449,12222613,10
18450,12222613,80
18451,12222613,10
18452,12222613,20
18453,12222613,30
18454,12222613,40
18455,12222613,10
18456,12222613,20
18457,12222613,10
18458,12222613,20
18459,12222613,150
18460,12222613,20
18461,12222613,30
18462,1334494,9030
18463,12222613,30
18464,12222613,10
18465,12222613,10
18466,12222613,20
18467,12222613,20
18468,12222613,20
18469,12222613,20
18470,80148050,0
18471,12222613,80
18472,12222613,20
18473,12222613,20
18474,12222613,10
18475,12222613,10
18476,12222613,10
18477,12222613,30
18478,12222613,30
18479,12222613,50
18480,12222613,20
18481,80148050,0
18482,12222613,30
18483,12222613,40
18484,12222613,10
18485,12222613,30
18486,12222613,10
18487,12222613,10
18488,12222613,10
18489,12222613,10
18490,12222613,10
18491,12222613,20
18492,12222613,30
18493,12222613,40
18494,12222613,20
18495,12222613,20
18496,12222613,20
18497,12222613,40
18498,12222613,10
18499,12222613,20
18500,12222613,30
18501,12222613,20
18502,12222613,30
18503,12222613,40
18504,12222613,50
18505,12222613,30
18506,12222613,10
18507,12222613,30
18508,12222613,30
18509,12222613,40
18510,12222613,60
18511,12222613,90
18512,12222613,20
18513,12222613,20
18514,12222613,10
18515,12222613,20
18516,12222613,20
18517,12222613,20
18518,12222613,80
18519,12222613,10
18520,12222613,10
18521,12222613,30
18522,12222613,150
18523,12222613,40
18524,12222613,10
18525,12222613,150
18526,12222613,60
18527,12222613,10
18528,12222613,20
18529,12222613,10
18530,1334494,8820
18531,12222613,110
18532,12222613,40
18533,12222613,10
18534,12222613,10
18535,12222613,30
18536,12222613,20
18537,12222613,20
18538,80148050,0
18539,12222613,150
18540,12222613,20
18541,12222613,30
18542,12222613,40
18543,12222613,10
18544,12222613,20
18545,12222613,50
18546,12222613,30
18547,12222613,10
18548,12222613,50
18549,12222613,10
18550,12222613,10
18551,80148050,0
18552,12222613,70
18553,12222613,20
18554,12222613,10
18555,12222613,30
18556,12222613,30
18557,12222613,20
18558,12222613,30
18559,12222613,40
18560,12222613,40
18561,12222613,20
18562,12222613,80
18563,12222613,30
18564,12222613,20
18565,12222613,20
18566,80148050,0
18567,12222613,20
18568,12222613,10
18569,12222613,70
18570,2014,500000
18571,12222613,40
18572,12222613,150
18573,12222613,30
18574,12222613,20
18575,12222613,20
18576,12222613,10
18577,12222613,20
18578,12222613,30
18579,12222613,10
18580,12222613,60
18581,12222613,40
18582,12222613,50
18583,12222613,20
18584,12222613,150
18585,12222613,40
18586,12222613,10
18587,12222613,20
18588,12222613,10
18589,12222613,50
18590,12222613,40
18591,12222613,10
18592,12222613,80
18593,12222613,10
18594,12222613,10
18595,12222613,50
18596,12222613,30
18597,12222613,30
18598,12222613,50
18599,12222613,10
18600,12222613,150
18601,12222613,80
18602,80148050,0
18603,12222613,10
18604,12222613,20
18605,12222613,20
18606,12222613,40
18607,12222613,60
18608,12222613,10
18609,1334494,9120
18610,12222613,70
18611,12222613,130
18612,12222613,40
18613,12222613,40
18614,12222613,30
18615,12222613,10
18616,2014,500000
18617,12222613,40
18618,12222613,30
18619,12222613,150
18620,12222613,10
18621,12222613,30
18622,12222613,20
18623,12222613,10
18624,12222613,10
18625,12222613,40
18626,2014,500000
18627,12222613,10
18628,12222613,20
18629,12222613,30
18630,12222613,30
18631,1334494,31870
18632,12222613,10
18633,12222613,30
18634,12222613,20
18635,12222613,290
18636,12222613,210
18637,12222613,20
18638,12222613,30
18639,12222613,90
18640,12222613,10
18641,12222613,20
18642,12222613,30
18643,12222613,60
18644,12222613,10
18645,12222613,30
18646,12222613,30
18647,12222613,20
18648,12222613,30
18649,12222613,50
18650,1334494,8070
18651,12222613,20
18652,12222613,30
18653,12222613,20
18654,12222613,30
18655,12222613,150
18656,12222613,60
18657,12222613,20
18658,12222613,10
18659,12222613,20
18660,12222613,80
18661,12222613,20
18662,12222613,20
18663,12222613,10
18664,2014,500000
18665,12222613,40
18666,12222613,10
18667,1334494,15270
18668,80148050,0
18669,2014,500000
18670,2014,500000
18671,12222613,20
18672,12222613,30
18673,12222613,10
18674,12222613,10
18675,12222613,10
18676,12222613,30
18677,12222613,10
18678,12222613,10
18679,12222613,20
18680,12222613,40
18681,12222613,10
18682,12222613,10
18683,12222613,50
18684,80148050,0
18685,12222613,40
18686,12222613,70
18687,12222613,20
18688,12222613,30
18689,12222613,30
18690,12222613,10
18691,12222613,80
18692,12222613,20
18693,12222613,20
18694,12222613,110
18695,12222613,110
18696,12222613,60
18697,12222613,20
18698,12222613,20
18699,12222613,60
18700,12222613,80
18701,12222613,40
18702,12222613,20
18703,12222613,10
18704,12222613,30
18705,12222613,10
18706,2014,500000
18707,12222613,50
18708,12222613,20
18709,12222613,20
18710,12222613,20
18711,12222613,40
18712,12222613,20
18713,80148050,0
18714,12222613,10
18715,12222613,10
18716,12222613,110
18717,12222613,30
18718,12222613,10
18719,12222613,20
18720,12222613,60
18721,12222613,40
18722,12222613,30
18723,12222613,30
18724,12222613,20
18725,12222613,30
18726,12222613,30
18727,12222613,30
18728,12222613,20
18729,12222613,10
18730,12222613,10
18731,12222613,20
18732,12222613,10
18733,12222613,20
18734,12222613,20
18735,12222613,70
18736,12222613,20
18737,12222613,20
18738,12222613,20
18739,80148050,0
18740,12222613,10
18741,12222613,10
18742,12222613,30
18743,12222613,50
18744,12222613,20
18745,2014,500000
18746,12222613,10
18747,12222613,60
18748,12222613,110
18749,12222613,30
18750,12222613,10
18751,12222613,50
18752,12222613,30
18753,12222613,50
18754,12222613,30
18755,12222613,80
18756,80148050,0
18757,12222613,10
18758,12222613,20
18759,12222613,10
18760,12222613,30
18761,12222613,20
18762,12222613,60
18763,12222613,20
18764,12222613,10
18765,12222613,20
18766,12222613,30
18767,12222613,20
18768,12222613,80
18769,12222613,10
18770,12222613,10
18771,12222613,20
18772,12222613,80
18773,12222613,60
18774,1334494,41580
18775,1334494,6040
18776,12222613,40
18777,12222613,20
18778,12222613,30
18779,12222613,10
18780,12222613,10
18781,12222613,20
18782,12222613,20
18783,12222613,110
18784,12222613,10
18785,12222613,40
18786,12222613,30
18787,12222613,10
18788,12222613,20
18789,12222613,150
18790,12222613,10
18791,12222613,140
18792,12222613,10
18793,12222613,20
18794,12222613,40
18795,12222613,10
18796,12222613,60
18797,12222613,30
18798,12222613,60
18799,12222613,10
18800,12222613,30
18801,12222613,50
18802,12222613,30
18803,12222613,20
18804,12222613,10
18805,12222613,40
18806,12222613,40
18807,12222613,30
18808,12222613,10
18809,12222613,20
18810,12222613,30
18811,12222613,20
18812,12222613,10
18813,12222613,30
18814,12222613,30
18815,12222613,80
18816,12222613,30
18817,12222613,30
18818,2014,500000
18819,12222613,30
18820,12222613,80
18821,12222613,20
18822,12222613,10
18823,12222613,10
18824,12222613,10
18825,12222613,50
18826,12222613,20
18827,12222613,20
18828,12222613,30
18829,12222613,50
18830,12222613,30
18831,12222613,10
18832,12222613,10
18833,12222613,150
18834,12222613,10
18835,12222613,50
18836,12222613,10
18837,12222613,70
18838,12222613,40
18839,12222613,20
18840,12222613,20
18841,12222613,30
18842,12222613,30
18843,12222613,20
18844,12222613,70
18845,12222613,20
18846,12222613,40
18847,12222613,10
18848,12222613,10
18849,12222613,60
18850,12222613,20
18851,12222613,20
18852,12222613,110
18853,12222613,20
18854,12222613,20
18855,12222613,50
18856,12222613,10
18857,12222613,60
18858,12222613,10
18859,12222613,10
18860,12222613,10
18861,12222613,10
18862,12222613,10
18863,12222613,10
18864,12222613,20
18865,12222613,10
18866,12222613,30
18867,12222613,20
18868,12222613,20
18869,80148050,0
18870,12222613,40
18871,12222613,10
18872,12222613,40
18873,12222613,10
18874,12222613,10
18875,12222613,20
18876,12222613,20
18877,12222613,50
18878,12222613,70
18879,80148050,0
18880,1334494,10630
18881,12222613,20
18882,12222613,10
18883,12222613,40
18884,80148050,0
18885,12222613,10
18886,12222613,20
18887,12222613,30
18888,12222613,10
18889,12222613,40
18890,12222613,30
18891,12222613,10
18892,12222613,10
18893,12222613,20
18894,12222613,60
18895,12222613,20
18896,12222613,10
18897,12222613,30
18898,12222613,20
18899,12222613,20
18900,12222613,30
18901,12222613,10
18902,12222613,30
18903,12222613,40
18904,12222613,20
18905,12222613,10
18906,12222613,10
18907,12222613,80
18908,12222613,20
18909,80148050,0
18910,12222613,20
18911,12222613,30
18912,12222613,40
18913,12222613,30
18914,12222613,10
18915,12222613,30
18916,12222613,20
18917,12222613,30
18918,12222613,20
18919,12222613,20
18920,12222613,10
18921,12222613,20
18922,12222613,20
18923,12222613,10
18924,12222613,10
18925,12222613,40
18926,12222613,40
18927,12222613,30
18928,12222613,20
18929,12222613,40
18930,12222613,20
18931,12222613,30
18932,12222613,20
18933,12222613,50
18934,12222613,60
18935,12222613,80
18936,12222613,70
18937,12222613,30
18938,12222613,10
18939,12222613,20
18940,12222613,10
18941,12222613,150
18942,12222613,60
18943,12222613,10
18944,12222613,100
18945,12222613,10
18946,12222613,10
18947,12222613,20
18948,12222613,80
18949,12222613,40
18950,12222613,20
18951,12222613,40
18952,12222613,20
18953,12222613,10
18954,12222613,30
18955,12222613,150
18956,12222613,10
18957,12222613,30
18958,2014,500000
18959,12222613,10
18960,12222613,30
18961,12222613,60
18962,12222613,10
18963,12222613,40
18964,12222613,10
18965,12222613,20
18966,12222613,60
18967,12222613,150
18968,12222613,150
18969,12222613,20
18970,12222613,30
18971,80148050,0
18972,12222613,110
18973,12222613,20
18974,12222613,150
18975,12222613,150
18976,12222613,110
18977,12222613,30
18978,12222613,10
18979,12222613,50
18980,12222613,40
18981,12222613,10
18982,12222613,10
18983,12222613,70
18984,12222613,20
18985,12222613,50
18986,12222613,60
18987,1334494,83470
18988,12222613,20
18989,12222613,20
18990,12222613,10
18991,12222613,10
18992,12222613,110
18993,1334494,7220
18994,12222613,40
18995,12222613,10
18996,80148050,0
18997,12222613,30
18998,12222613,10
18999,12222613,20
19000,12222613,20
19001,12222613,20
19002,12222613,60
19003,12222613,20
19004,12222613,10
19005,12222613,30
19006,12222613,20
19007,12222613,50
19008,12222613,20
19009,12222613,10
19010,12222613,20
19011,12222613,10
19012,12222613,210
19013,12222613,20
19014,12222613,20
19015,12222613,10
19016,12222613,10
19017,12222613,40
19018,12222613,30
19019,12222613,20
19020,12222613,10
19021,12222613,60
19022,12222613,30
19023,12222613,20
19024,12222613,10
19025,12222613,30
19026,12222613,30
19027,12222613,150
19028,12222613,100
19029,12222613,10
19030,12222613,20
19031,12222613,150
19032,12222613,10
19033,12222613,20
19034,12222613,20
19035,12222613,30
19036,12222613,10
19037,12222613,30
19038,12222613,30
19039,12222613,10
19040,12222613,20
19041,12222613,10
19042,12222613,40
19043,12222613,20
19044,12222613,10
19045,12222613,30
19046,12222613,50
19047,12222613,20
19048,12222613,30
19049,12222613,40
19050,12222613,30
19051,12222613,10
19052,2014,500000
19053,12222613,30
19054,12222613,20
19055,12222613,20
19056,2014,500000
19057,12222613,30
19058,12222613,30
19059,12222613,10
19060,12222613,10
19061,12222613,110
19062,12222613,40
19063,12222613,30
19064,12222613,10
19065,12222613,80
19066,12222613,20
19067,12222613,40
19068,12222613,10
19069,12222613,30
19070,12222613,40
19071,12222613,20
19072,12222613,20
19073,12222613,10
19074,12222613,10
19075,12222613,30
19076,12222613,50
19077,12222613,50
19078,12222613,20
19079,12222613,30
19080,12222613,40
19081,1334494,7160
19082,12222613,50
19083,12222613,10
19084,12222613,10
19085,12222613,10
19086,12222613,40
19087,12222613,30
19088,12222613,10
19089,12222613,150
19090,12222613,10
19091,12222613,10
19092,12222613,40
19093,12222613,30
19094,12222613,30
19095,12222613,10
19096,12222613,10
19097,12222613,60
19098,12222613,30
19099,12222613,10
19100,12222613,10
19101,12222613,20
19102,12222613,30
19103,12222613,30
19104,12222613,50
19105,12222613,60
19106,12222613,20
19107,12222613,80
19108,12222613,30
19109,12222613,10
19110,12222613,60
19111,12222613,10
19112,12222613,80
19113,12222613,10
19114,12222613,50
19115,12222613,20
19116,12222613,30
19117,80148050,0
19118,12222613,30
19119,12222613,20
19120,12222613,150
19121,12222613,10
19122,12222613,20
19123,12222613,20
19124,12222613,10
19125,12222613,20
19126,12222613,50
19127,12222613,10
19128,80148050,0
19129,12222613,30
19130,12222613,10
19131,12222613,50
19132,12222613,40
19133,12222613,30
19134,12222613,20
19135,12222613,110
19136,12222613,20
19137,12222613,70
19138,12222613,10
19139,12222613,20
19140,12222613,40
19141,12222613,10
19142,12222613,10
19143,12222613,10
19144,12222613,80
19145,12222613,20
19146,12222613,30
19147,2014,500000
19148,12222613,30
19149,12222613,10
19150,12222613,30
19151,12222613,30
19152,12222613,40
19153,12222613,10
19154,12222613,20
19155,12222613,40
19156,2014,500000
19157,12222613,40
19158,12222613,10
19159,12222613,10
19160,12222613,10
19161,12222613,10
19162,12222613,20
19163,12222613,30
19164,12222613,120
19165,12222613,20
19166,1334494,7400
19167,12222613,10
19168,12222613,110
19169,12222613,30
19170,12222613,110
19171,12222613,10
19172,12222613,20
19173,12222613,150
19174,12222613,50
19175,12222613,20
19176,12222613,60
19177,12222613,40
19178,12222613,50
19179,12222613,10
19180,12222613,10
19181,12222613,80
19182,12222613,10
19183,12222613,10
19184,12222613,40
19185,12222613,10
19186,12222613,20
19187,12222613,30
19188,12222613,10
19189,12222613,30
19190,12222613,20
19191,12222613,10
19192,12222613,10
19193,12222613,20
19194,12222613,10
19195,12222613,20
19196,12222613,10
19197,12222613,290
19198,12222613,20
19199,2014,500000
19200,12222613,40
19201,12222613,10
19202,12222613,60
19203,12222613,40
19204,12222613,10
19205,12222613,20
19206,12222613,30
19207,12222613,10
19208,12222613,20
19209,12222613,10
19210,12222613,20
19211,12222613,20
19212,12222613,40
19213,12222613,10
19214,80148050,0
19215,12222613,30
19216,12222613,10
19217,12222613,30
19218,12222613,30
19219,2014,500000
19220,12222613,30
19221,1334494,8060
19222,12222613,20
19223,12222613,20
19224,1334494,7370
19225,12222613,10
19226,12222613,10
19227,12222613,50
19228,12222613,20
19229,12222613,20
19230,12222613,10
19231,12222613,20
19232,12222613,20
19233,12222613,20
19234,12222613,40
19235,12222613,10
19236,12222613,30
19237,12222613,10
19238,12222613,20
19239,12222613,10
19240,12222613,30
19241,12222613,10
19242,12222613,60
19243,12222613,60
19244,12222613,10
19245,12222613,20
19246,12222613,10
19247,12222613,10
19248,12222613,20
19249,12222613,20
19250,12222613,20
19251,12222613,10
19252,12222613,10
19253,12222613,20
19254,12222613,10
19255,12222613,150
19256,12222613,30
19257,12222613,30
19258,12222613,20
19259,12222613,20
19260,80148050,0
19261,12222613,30
19262,12222613,20
19263,12222613,30
19264,12222613,80
19265,12222613,40
19266,12222613,60
19267,12222613,20
19268,12222613,20
19269,12222613,40
19270,12222613,10
19271,12222613,20
19272,12222613,110
19273,12222613,10
19274,12222613,20
19275,12222613,10
19276,12222613,70
19277,12222613,150
19278,12222613,20
19279,12222613,10
19280,12222613,20
19281,12222613,20
19282,12222613,10
19283,12222613,40
19284,12222613,40
19285,12222613,10
19286,1334494,12580
19287,12222613,10
19288,12222613,20
19289,12222613,60
19290,12222613,10
19291,12222613,30
19292,12222613,10
19293,12222613,40
19294,12222613,60
19295,12222613,50
19296,12222613,10
19297,12222613,20
19298,12222613,10
19299,12222613,20
19300,12222613,40
19301,12222613,90
19302,12222613,290
19303,12222613,10
19304,12222613,10
19305,12222613,50
19306,12222613,50
19307,12222613,10
19308,12222613,30
19309,1334494,7940
19310,12222613,20
19311,12222613,60
19312,12222613,10
19313,12222613,10
19314,12222613,110
19315,12222613,20
19316,2014,500000
19317,12222613,10
19318,1334494,13580
19319,12222613,20
19320,12222613,60
19321,12222613,30
19322,12222613,30
19323,12222613,20
19324,12222613,20
19325,12222613,20
19326,12222613,80
19327,12222613,50
19328,12222613,110
19329,12222613,30
19330,12222613,20
19331,1334494,7250
19332,12222613,150
19333,12222613,60
19334,12222613,10
19335,12222613,70
19336,12222613,20
19337,12222613,30
19338,80148050,0
19339,12222613,180
19340,12222613,40
19341,12222613,20
19342,12222613,30
19343,12222613,60
19344,80148050,0
19345,12222613,40
19346,12222613,30
19347,12222613,30
19348,12222613,10
19349,12222613,150
19350,12222613,20
19351,12222613,30
19352,12222613,20
19353,12222613,30
19354,12222613,60
19355,12222613,40
19356,12222613,40
19357,12222613,110
19358,12222613,150
19359,12222613,20
19360,12222613,110
19361,12222613,50
19362,12222613,30
19363,12222613,20
19364,12222613,10
19365,12222613,30
19366,12222613,10
19367,12222613,40
19368,12222613,10
19369,12222613,80
19370,12222613,10
19371,12222613,30
19372,12222613,40
19373,12222613,50
19374,12222613,10
19375,12222613,20
19376,12222613,10
19377,12222613,20
19378,12222613,10
19379,12222613,20
19380,12222613,20
19381,12222613,20
19382,12222613,80
19383,12222613,30
19384,12222613,40
19385,12222613,10
19386,12222613,30
19387,12222613,20
19388,12222613,20
19389,12222613,80
19390,12222613,10
19391,12222613,10
19392,12222613,10
19393,12222613,20
19394,12222613,10
19395,12222613,10
19396,12222613,30
19397,2014,500000
19398,12222613,10
19399,12222613,20
19400,12222613,10
19401,12222613,20
19402,12222613,10
19403,12222613,10
19404,12222613,20
19405,12222613,40
19406,12222613,20
19407,12222613,20
19408,12222613,30
19409,12222613,60
19410,12222613,10
19411,12222613,20
19412,12222613,20
19413,1334494,13700
19414,12222613,90
19415,12222613,20
19416,12222613,10
19417,12222613,20
19418,12222613,60
19419,2014,500000
19420,12222613,10
19421,1334494,21480
19422,12222613,60
19423,12222613,20
19424,12222613,10
19425,12222613,30
19426,12222613,110
19427,12222613,40
19428,12222613,10
19429,12222613,50
19430,12222613,90
19431,12222613,50
19432,12222613,10
19433,12222613,10
19434,2014,500000
19435,12222613,80
19436,2014,500000
19437,12222613,10
19438,12222613,20
19439,12222613,40
19440,12222613,20
19441,80148050,0
19442,12222613,30
19443,12222613,10
19444,12222613,80
19445,12222613,20
19446,12222613,30
19447,12222613,10
19448,12222613,10
19449,12222613,20
19450,12222613,20
19451,12222613,30
19452,12222613,60
19453,12222613,40
19454,12222613,20
19455,12222613,50
19456,12222613,20
19457,12222613,20
19458,12222613,160
19459,12222613,20
19460,80148050,0
19461,12222613,10
19462,12222613,60
19463,12222613,30
19464,2014,500000
19465,12222613,20
19466,12222613,20
19467,12222613,10
19468,12222613,30
19469,12222613,20
19470,2014,500000
19471,12222613,60
19472,12222613,40
19473,12222613,20
19474,12222613,50
19475,12222613,30
19476,12222613,150
19477,12222613,110
19478,12222613,150
19479,12222613,40
19480,12222613,10
19481,1334494,10620
19482,12222613,10
19483,12222613,130
19484,12222613,30
19485,12222613,10
19486,12222613,30
19487,12222613,30
19488,12222613,10
19489,12222613,20
19490,12222613,60
19491,12222613,150
19492,12222613,50
19493,12222613,10
19494,12222613,30
19495,12222613,10
19496,2014,500000
19497,12222613,70
19498,12222613,50
19499,12222613,30
19500,12222613,10
19501,12222613,30
19502,12222613,10
19503,12222613,20
19504,2014,500000
19505,80148050,0
19506,12222613,30
19507,12222613,20
19508,12222613,10
19509,1334494,8570
19510,12222613,30
19511,12222613,10
19512,12222613,30
19513,80148050,0
19514,12222613,10
19515,80148050,0
19516,12222613,40
19517,12222613,10
19518,12222613,10
19519,12222613,30
19520,12222613,30
19521,12222613,30
19522,12222613,10
19523,12222613,10
19524,12222613,90
19525,12222613,10
19526,80148050,0
19527,12222613,10
19528,80148050,0
19529,12222613,50
19530,12222613,110
19531,12222613,10
19532,12222613,40
19533,12222613,80
19534,12222613,10
19535,12222613,30
19536,12222613,80
19537,12222613,20
19538,12222613,10
19539,12222613,10
19540,12222613,30
19541,12222613,150
19542,12222613,40
19543,12222613,40
19544,12222613,10
19545,12222613,60
19546,12222613,20
19547,12222613,20
19548,12222613,30
19549,12222613,30
19550,12222613,10
19551,12222613,50
19552,12222613,80
19553,12222613,20
19554,12222613,10
19555,12222613,10
19556,12222613,50
19557,12222613,30
19558,80148050,0
19559,12222613,30
19560,12222613,30
19561,12222613,10
19562,12222613,10
19563,12222613,30
19564,12222613,10
19565,12222613,10
19566,2014,500000
19567,12222613,30
19568,12222613,10
19569,12222613,10
19570,12222613,10
19571,12222613,10
19572,12222613,30
19573,12222613,60
19574,12222613,60
19575,12222613,10
19576,12222613,90
19577,12222613,10
19578,12222613,80
19579,12222613,20
19580,80148050,0
19581,1334494,13020
19582,80148050,0
19583,12222613,120
19584,12222613,10
19585,12222613,20
19586,12222613,20
19587,12222613,20
19588,12222613,70
19589,12222613,50
19590,12222613,10
19591,12222613,30
19592,2014,500000
19593,2014,500000
19594,12222613,40
19595,12222613,10
19596,12222613,10
19597,12222613,20
19598,12222613,30
19599,12222613,20
19600,12222613,40
19601,12222613,10
19602,12222613,10
19603,12222613,70
19604,2014,500000
19605,12222613,10
19606,12222613,10
19607,12222613,60
19608,12222613,60
19609,12222613,150
19610,12222613,20
19611,12222613,20
19612,12222613,30
19613,12222613,10
19614,12222613,10
19615,12222613,20
19616,12222613,50
19617,12222613,30
19618,12222613,10
19619,12222613,20
19620,12222613,150
19621,12222613,60
19622,12222613,20
19623,12222613,20
19624,12222613,10
19625,12222613,10
19626,12222613,30
19627,12222613,30
19628,12222613,10
19629,12222613,10
19630,12222613,20
19631,12222613,20
19632,12222613,10
19633,12222613,20
19634,12222613,30
19635,12222613,30
19636,12222613,50
19637,12222613,40
19638,12222613,10
19639,12222613,50
19640,12222613,40
19641,12222613,10
19642,12222613,10
19643,12222613,30
19644,12222613,20
19645,12222613,10
19646,12222613,30
19647,12222613,40
19648,12222613,10
19649,12222613,40
19650,12222613,60
19651,12222613,40
19652,12222613,20
19653,12222613,20
19654,12222613,20
19655,1334494,6940
19656,12222613,10
19657,12222613,10
19658,12222613,10
19659,12222613,10
19660,80148050,0
19661,12222613,10
19662,12222613,30
19663,12222613,50
19664,1334494,8830
19665,12222613,70
19666,12222613,30
19667,12222613,10
19668,12222613,10
19669,12222613,20
19670,2014,500000
19671,12222613,30
19672,12222613,30
19673,12222613,10
19674,12222613,10
19675,12222613,10
19676,12222613,30
19677,12222613,20
19678,12222613,20
19679,12222613,20
19680,12222613,20
19681,12222613,10
19682,12222613,30
19683,12222613,30
19684,1334494,30550
19685,12222613,20
19686,12222613,30
19687,12222613,110
19688,12222613,30
19689,12222613,20
19690,1334494,7610
19691,12222613,140
19692,12222613,10
19693,12222613,10
19694,12222613,40
19695,12222613,40
19696,80148050,0
19697,12222613,20
19698,12222613,20
19699,2014,500000
19700,12222613,20
19701,12222613,10
19702,12222613,30
19703,12222613,30
19704,12222613,40
19705,12222613,10
19706,12222613,10
19707,80148050,0
19708,12222613,40
19709,12222613,40
19710,12222613,40
19711,12222613,60
19712,12222613,10
19713,12222613,40
19714,12222613,10
19715,2014,500000
19716,12222613,20
19717,12222613,10
19718,12222613,30
19719,12222613,110
19720,12222613,20
19721,12222613,20
19722,12222613,70
19723,12222613,20
19724,12222613,10
19725,12222613,20
19726,12222613,20
19727,12222613,20
19728,12222613,50
19729,12222613,40
19730,12222613,110
19731,12222613,60
19732,12222613,20
19733,12222613,60
19734,12222613,30
19735,12222613,30
19736,12222613,110
19737,12222613,20
19738,1334494,8340
19739,12222613,10
19740,12222613,10
19741,12222613,10
19742,12222613,10
19743,12222613,80
19744,12222613,20
19745,80148050,0
19746,12222613,20
19747,12222613,30
19748,12222613,40
19749,12222613,20
19750,12222613,30
19751,12222613,10
19752,12222613,60
19753,12222613,30
19754,12222613,20
19755,12222613,10
19756,12222613,40
19757,12222613,10
19758,12222613,30
19759,12222613,20
19760,2014,500000
19761,12222613,30
19762,12222613,20
19763,12222613,10
19764,12222613,40
19765,12222613,40
19766,80148050,0
19767,12222613,10
19768,12222613,40
19769,12222613,30
19770,12222613,20
19771,12222613,40
19772,12222613,10
19773,12222613,20
19774,12222613,10
19775,12222613,10
19776,80148050,0
19777,12222613,50
19778,12222613,20
19779,2014,500000
19780,12222613,30
19781,12222613,30
19782,12222613,40
19783,12222613,150
19784,12222613,10
19785,12222613,30
19786,12222613,30
19787,12222613,50
19788,2014,500000
19789,12222613,30
19790,12222613,30
19791,12222613,20
19792,12222613,20
19793,12222613,20
19794,12222613,110
19795,12222613,80
19796,12222613,10
19797,12222613,10
19798,12222613,20
19799,12222613,60
19800,12222613,20
19801,80148050,0
19802,12222613,100
19803,12222613,210
19804,80148050,0
19805,12222613,30
19806,1334494,9130
19807,12222613,10
19808,12222613,20
19809,12222613,80
19810,12222613,40
19811,12222613,20
19812,12222613,10
19813,12222613,70
19814,12222613,30
19815,12222613,20
19816,12222613,110
19817,12222613,60
19818,12222613,150
19819,12222613,10
19820,12222613,10
19821,12222613,20
19822,12222613,20
19823,12222613,40
19824,12222613,20
19825,12222613,40
19826,12222613,10
19827,12222613,50
19828,1334494,10290
19829,12222613,10
19830,12222613,20
19831,2014,500000
19832,2014,500000
19833,12222613,10
19834,12222613,30
19835,12222613,10
19836,12222613,30
19837,12222613,10
19838,12222613,20
19839,12222613,20
19840,12222613,30
19841,12222613,30
19842,12222613,30
19843,12222613,50
19844,12222613,20
19845,12222613,10
19846,12222613,30
19847,12222613,20
19848,12222613,20
19849,12222613,150
19850,80148050,0
19851,12222613,20
19852,12222613,10
19853,12222613,30
19854,12222613,10
19855,12222613,20
19856,80148050,0
19857,12222613,30
19858,12222613,10
19859,80148050,0
19860,1334494,7550
19861,12222613,10
19862,12222613,10
19863,12222613,80
19864,12222613,10
19865,12222613,50
19866,12222613,20
19867,12222613,20
19868,12222613,60
19869,12222613,60
19870,12222613,10
19871,12222613,10
19872,12222613,40
19873,12222613,10
19874,12222613,20
19875,12222613,30
19876,12222613,20
19877,12222613,10
19878,12222613,10
19879,12222613,70
19880,12222613,40
19881,12222613,30
19882,12222613,20
19883,12222613,60
19884,12222613,20
19885,12222613,30
19886,12222613,10
19887,12222613,100
19888,12222613,10
19889,80148050,0
19890,12222613,30
19891,12222613,50
19892,12222613,30
19893,12222613,60
19894,12222613,80
19895,12222613,10
19896,12222613,20
19897,12222613,20
19898,12222613,20
19899,12222613,30
19900,12222613,10
19901,12222613,20
19902,12222613,20
19903,12222613,20
19904,12222613,10
19905,12222613,20
19906,12222613,60
19907,1334494,14520
19908,12222613,10
19909,12222613,30
19910,12222613,30
19911,1334494,15950
19912,12222613,20
19913,12222613,20
19914,12222613,30
19915,2014,500000
19916,12222613,10
19917,12222613,10
19918,2014,500000
19919,12222613,10
19920,12222613,30
19921,12222613,10
19922,12222613,20
19923,12222613,40
19924,12222613,30
19925,12222613,80
19926,12222613,10
19927,12222613,10
19928,12222613,60
19929,12222613,30
19930,12222613,30
19931,80148050,0
19932,12222613,10
19933,12222613,60
19934,12222613,40
19935,12222613,10
19936,12222613,40
19937,12222613,130
19938,12222613,210
19939,12222613,30
19940,12222613,150
19941,12222613,10
19942,2014,500000
19943,12222613,30
19944,12222613,20
19945,12222613,20
19946,12222613,20
19947,12222613,20
19948,12222613,10
19949,12222613,10
19950,12222613,30
19951,12222613,10
19952,12222613,20
19953,12222613,30
19954,12222613,20
19955,12222613,10
19956,12222613,30
19957,12222613,30
19958,12222613,210
19959,12222613,30
19960,12222613,10
19961,12222613,10
19962,12222613,60
19963,12222613,40
19964,12222613,20
19965,2014,500000
19966,12222613,30
19967,1334494,8570
19968,12222613,20
19969,12222613,50
19970,12222613,20
19971,12222613,10
19972,12222613,20
19973,12222613,30
19974,12222613,20
19975,12222613,30
19976,12222613,10
19977,80148050,0
19978,12222613,10
19979,12222613,10
19980,12222613,30
19981,12222613,150
19982,12222613,10
19983,12222613,40
19984,12222613,160
19985,12222613,40
19986,12222613,10
19987,12222613,30
19988,12222613,20
19989,12222613,30
19990,12222613,80
19991,12222613,40
19992,12222613,20
19993,12222613,30
19994,12222613,10
19995,12222613,20
19996,12222613,10
19997,12222613,130
19998,12222613,30
19999,12222613,10
20000,80148050,0
20001,12222613,80
20002,12222613,20
20003,12222613,10
20004,12222613,50
20005,12222613,20
20006,12222613,110
20007,12222613,30
20008,12222613,30
20009,12222613,70
20010,12222613,20
20011,2014,500000
20012,12222613,40
20013,12222613,10
20014,12222613,10
20015,12222613,10
20016,12222613,20
20017,12222613,20
20018,2014,500000
20019,12222613,90
20020,1334494,25820
20021,12222613,20
20022,12222613,20
20023,12222613,40
20024,80148050,0
20025,12222613,40
20026,12222613,20
20027,12222613,10
20028,12222613,10
20029,12222613,40
20030,12222613,20
20031,12222613,20
20032,12222613,10
20033,12222613,30
20034,12222613,10
20035,12222613,20
20036,12222613,110
20037,12222613,30
20038,12222613,10
20039,2014,500000
20040,80148050,0
20041,12222613,10
20042,12222613,10
20043,12222613,20
20044,12222613,20
20045,12222613,20
20046,12222613,70
20047,12222613,20
20048,12222613,10
20049,12222613,20
20050,12222613,20
20051,2014,500000
20052,12222613,20
20053,12222613,20
20054,80148050,0
20055,12222613,20
20056,12222613,80
20057,12222613,40
20058,12222613,20
20059,12222613,10
20060,12222613,50
20061,12222613,10
20062,12222613,10
20063,12222613,80
20064,12222613,30
20065,12222613,90
20066,12222613,10
20067,12222613,40
20068,12222613,30
20069,12222613,80
20070,12222613,40
20071,2014,500000
20072,12222613,10
20073,12222613,110
20074,12222613,20
20075,12222613,30
20076,12222613,10
20077,12222613,30
20078,12222613,110
20079,12222613,20
20080,12222613,10
20081,12222613,20
20082,12222613,60
20083,12222613,10
20084,12222613,10
20085,12222613,10
20086,12222613,20
20087,12222613,10
20088,12222613,40
20089,12222613,20
20090,12222613,70
20091,80148050,0
20092,12222613,20
20093,12222613,150
20094,12222613,60
20095,12222613,10
20096,12222613,40
20097,12222613,10
20098,12222613,20
20099,12222613,60
20100,12222613,20
20101,12222613,20
20102,12222613,80
20103,12222613,30
20104,12222613,90
20105,12222613,20
20106,12222613,20
20107,12222613,80
20108,12222613,10
20109,12222613,10
20110,12222613,60
20111,12222613,20
20112,12222613,10
20113,12222613,10
20114,12222613,20
20115,12222613,110
20116,12222613,20
20117,12222613,10
20118,12222613,60
20119,1334494,12080
20120,12222613,20
20121,12222613,20
20122,12222613,20
20123,12222613,10
20124,12222613,20
20125,12222613,20
20126,12222613,80
20127,12222613,30
20128,12222613,60
20129,12222613,150
20130,12222613,40
20131,12222613,20
20132,12222613,150
20133,12222613,10
20134,12222613,20
20135,80148050,0
20136,1334494,8340
20137,12222613,10
20138,12222613,10
20139,12222613,30
20140,12222613,10
20141,12222613,30
20142,12222613,10
20143,12222613,40
20144,1334494,11360
20145,12222613,10
20146,12222613,40
20147,12222613,10
20148,12222613,50
20149,12222613,20
20150,12222613,20
20151,12222613,30
20152,12222613,10
20153,12222613,10
20154,80148050,0
20155,2014,500000
20156,12222613,30
20157,12222613,160
20158,12222613,30
20159,12222613,10
20160,80148050,0
20161,12222613,150
20162,12222613,10
20163,12222613,110
20164,2014,500000
20165,12222613,30
20166,12222613,90
20167,12222613,40
20168,12222613,10
20169,12222613,160
20170,12222613,30
20171,2014,500000
20172,12222613,30
20173,12222613,40
20174,12222613,30
20175,12222613,10
20176,12222613,20
20177,12222613,30
20178,12222613,10
20179,12222613,80
20180,12222613,40
20181,12222613,20
20182,12222613,20
20183,12222613,30
20184,12222613,40
20185,12222613,10
20186,12222613,20
20187,12222613,60
20188,12222613,30
20189,12222613,90
20190,12222613,50
20191,2014,500000
20192,12222613,30
20193,12222613,30
20194,12222613,30
20195,12222613,80
20196,12222613,60
20197,12222613,150
20198,12222613,30
20199,12222613,60
20200,12222613,10
20201,12222613,150
20202,12222613,30
20203,12222613,20
20204,12222613,20
20205,12222613,40
20206,80148050,0
20207,80148050,0
20208,12222613,60
20209,12222613,10
20210,12222613,20
20211,2014,500000
20212,12222613,40
20213,12222613,10
20214,12222613,10
20215,2014,500000
20216,12222613,20
20217,12222613,40
20218,2014,500000
20219,80148050,0
20220,12222613,10
20221,12222613,10
20222,12222613,10
20223,12222613,10
20224,2014,500000
20225,12222613,10
20226,12222613,30
20227,12222613,10
20228,12222613,10
20229,2014,500000
20230,12222613,10
20231,12222613,110
20232,12222613,70
20233,12222613,20
20234,12222613,20
20235,12222613,60
20236,12222613,30
20237,12222613,40
20238,12222613,30
20239,12222613,20
20240,1334494,8800
20241,12222613,10
20242,12222613,20
20243,12222613,10
20244,12222613,20
20245,12222613,10
20246,12222613,30
20247,12222613,20
20248,12222613,10
20249,12222613,80
20250,12222613,10
20251,12222613,20
20252,12222613,10
20253,1334494,6560
20254,12222613,40
20255,12222613,20
20256,12222613,30
20257,1334494,38300
20258,12222613,10
20259,12222613,110
20260,12222613,20
20261,12222613,40
20262,12222613,150
20263,12222613,60
20264,12222613,40
20265,12222613,20
20266,80148050,0
20267,12222613,10
20268,12222613,20
20269,12222613,10
20270,1334494,6730
20271,12222613,10
20272,12222613,30
20273,12222613,50
20274,12222613,150
20275,12222613,10
20276,12222613,40
20277,12222613,400
20278,2014,500000
20279,12222613,10
20280,12222613,70
20281,12222613,20
20282,80148050,0
20283,12222613,10
20284,12222613,10
20285,12222613,10
20286,80148050,0
20287,12222613,30
20288,12222613,30
20289,12222613,10
20290,12222613,20
20291,12222613,40
20292,12222613,10
20293,12222613,20
20294,12222613,20
20295,12222613,10
20296,12222613,20
20297,12222613,10
20298,80148050,0
20299,12222613,20
20300,12222613,20
20301,1334494,6030
20302,12222613,20
20303,12222613,10
20304,12222613,10
20305,12222613,20
20306,2014,500000
20307,12222613,20
20308,12222613,50
20309,12222613,10
20310,12222613,30
20311,1334494,16260
20312,12222613,10
20313,12222613,10
20314,12222613,30
20315,12222613,10
20316,12222613,30
20317,12222613,20
20318,12222613,20
20319,12222613,10
20320,12222613,30
20321,12222613,30
20322,12222613,70
20323,12222613,10
20324,12222613,10
20325,12222613,80
20326,12222613,30
20327,12222613,10
20328,12222613,10
20329,12222613,50
20330,12222613,20
20331,12222613,90
20332,12222613,110
20333,12222613,30
20334,12222613,10
20335,12222613,10
20336,12222613,70
20337,12222613,40
20338,12222613,20
20339,12222613,10
20340,1334494,5540
20341,12222613,50
20342,12222613,10
20343,12222613,10
20344,12222613,20
20345,80148050,0
20346,2014,500000
20347,12222613,10
20348,12222613,20
20349,12222613,50
20350,12222613,10
20351,12222613,40
20352,12222613,10
20353,12222613,20
20354,12222613,20
20355,12222613,40
20356,12222613,20
20357,12222613,60
20358,12222613,60
20359,12222613,40
20360,12222613,30
20361,12222613,40
20362,12222613,10
20363,12222613,150
20364,12222613,150
20365,12222613,80
20366,12222613,20
20367,12222613,30
20368,12222613,40
20369,12222613,20
20370,12222613,110
20371,12222613,10
20372,12222613,10
20373,2014,500000
20374,12222613,30
20375,12222613,10
20376,12222613,120
20377,12222613,70
20378,12222613,20
20379,12222613,30
20380,12222613,30
20381,12222613,40
20382,12222613,40
20383,12222613,50
20384,12222613,20
20385,12222613,110
20386,12222613,80
20387,12222613,20
20388,12222613,40
20389,12222613,30
20390,12222613,230
20391,80148050,0
20392,12222613,10
20393,12222613,20
20394,12222613,20
20395,12222613,210
20396,12222613,20
20397,12222613,30
20398,12222613,30
20399,12222613,40
20400,12222613,20
20401,12222613,10
20402,12222613,20
20403,2014,500000
20404,12222613,30
20405,12222613,80
20406,12222613,10
20407,12222613,30
20408,12222613,50
20409,80148050,0
20410,12222613,20
20411,12222613,20
20412,12222613,10
20413,12222613,110
20414,12222613,10
20415,12222613,20
20416,12222613,10
20417,12222613,10
20418,12222613,10
20419,12222613,20
20420,12222613,10
20421,12222613,30
20422,12222613,20
20423,12222613,10
20424,12222613,210
20425,12222613,30
20426,12222613,70
20427,12222613,30
20428,12222613,20
20429,12222613,20
20430,12222613,30
20431,12222613,30
20432,12222613,60
20433,12222613,20
20434,12222613,150
20435,12222613,10
20436,12222613,20
20437,12222613,50
20438,12222613,10
20439,12222613,210
20440,12222613,10
20441,2014,500000
20442,12222613,10
20443,12222613,10
20444,12222613,40
20445,12222613,30
20446,12222613,30
20447,12222613,150
20448,12222613,80
20449,12222613,20
20450,12222613,20
20451,12222613,10
20452,12222613,20
20453,12222613,30
20454,12222613,260
20455,12222613,20
20456,12222613,20
20457,12222613,10
20458,12222613,10
20459,12222613,30
20460,12222613,10
20461,12222613,40
20462,12222613,30
20463,12222613,10
20464,12222613,10
20465,12222613,20
20466,12222613,10
20467,12222613,20
20468,12222613,20
20469,12222613,20
20470,12222613,10
20471,1334494,7890
20472,12222613,10
20473,12222613,110
20474,12222613,10
20475,12222613,20
20476,12222613,20
20477,12222613,10
20478,12222613,20
20479,12222613,290
20480,12222613,10
20481,12222613,160
20482,12222613,60
20483,12222613,10
20484,12222613,40
20485,12222613,20
20486,12222613,10
20487,1334494,10610
20488,12222613,10
20489,12222613,110
20490,12222613,50
20491,80148050,0
20492,12222613,30
20493,12222613,20
20494,12222613,10
20495,80148050,0
20496,12222613,20
20497,12222613,30
20498,12222613,150
20499,12222613,10
20500,12222613,40
20501,12222613,150
20502,12222613,10
20503,12222613,30
20504,80148050,0
20505,12222613,10
20506,12222613,70
20507,12222613,10
20508,12222613,10
20509,12222613,10
20510,12222613,20
20511,12222613,20
20512,12222613,30
20513,12222613,60
20514,12222613,10
20515,12222613,20
20516,12222613,10
20517,12222613,90
20518,12222613,10
20519,12222613,20
20520,12222613,40
20521,12222613,20
20522,12222613,20
20523,12222613,30
20524,12222613,20
20525,12222613,10
20526,12222613,20
20527,12222613,10
20528,12222613,150
20529,1334494,12040
20530,12222613,30
20531,1334494,11950
20532,12222613,10
20533,12222613,10
20534,12222613,10
20535,12222613,30
20536,12222613,10
20537,12222613,10
20538,12222613,20
20539,12222613,20
20540,12222613,10
20541,12222613,30
20542,12222613,10
20543,12222613,10
20544,12222613,110
20545,12222613,40
20546,12222613,60
20547,12222613,20
20548,1334494,7860
20549,12222613,30
20550,12222613,20
20551,12222613,10
20552,12222613,20
20553,12222613,20
20554,12222613,20
20555,12222613,40
20556,12222613,30
20557,12222613,20
20558,12222613,10
20559,12222613,60
20560,12222613,10
20561,12222613,20
20562,12222613,60
20563,12222613,20
20564,12222613,20
20565,12222613,30
20566,12222613,20
20567,12222613,30
20568,12222613,20
20569,12222613,20
20570,12222613,10
20571,12222613,20
20572,12222613,30
20573,12222613,10
20574,12222613,10
20575,12222613,190
20576,12222613,20
20577,2014,500000
20578,12222613,150
20579,12222613,100
20580,12222613,20
20581,12222613,10
20582,12222613,20
20583,12222613,50
20584,12222613,10
20585,12222613,50
20586,12222613,10
20587,12222613,10
20588,12222613,20
20589,80148050,0
20590,12222613,10
20591,2014,500000
20592,12222613,10
20593,12222613,30
20594,12222613,240
20595,12222613,60
20596,12222613,40
20597,12222613,10
20598,12222613,20
20599,12222613,10
20600,12222613,150
20601,12222613,20
20602,12222613,30
20603,12222613,30
20604,12222613,30
20605,12222613,10
20606,12222613,10
20607,12222613,10
20608,12222613,10
20609,12222613,40
20610,1334494,7730
20611,12222613,20
20612,12222613,30
20613,12222613,150
20614,12222613,10
20615,12222613,30
20616,12222613,40
20617,12222613,10
20618,12222613,10
20619,12222613,50
20620,12222613,60
20621,12222613,30
20622,12222613,10
20623,12222613,40
20624,12222613,30
20625,12222613,30
20626,12222613,10
20627,12222613,20
20628,12222613,70
20629,12222613,110
20630,12222613,10
20631,12222613,50
20632,12222613,20
20633,12222613,30
20634,12222613,10
20635,12222613,60
20636,12222613,10
20637,12222613,50
20638,12222613,20
20639,12222613,60
20640,12222613,80
20641,12222613,50
20642,12222613,10
20643,12222613,10
20644,12222613,20
20645,12222613,150
20646,12222613,10
20647,12222613,10
20648,1334494,18800
20649,12222613,10
20650,1334494,8260
20651,12222613,10
20652,12222613,10
20653,12222613,10
20654,12222613,20
20655,12222613,30
20656,12222613,40
20657,12222613,10
20658,12222613,30
20659,12222613,30
20660,12222613,40
20661,12222613,10
20662,12222613,10
20663,12222613,40
20664,12222613,10
20665,2014,500000
20666,12222613,20
20667,12222613,100
20668,12222613,30
20669,80148050,0
20670,12222613,10
20671,12222613,20
20672,12222613,40
20673,80148050,0
20674,12222613,10
20675,12222613,20
20676,12222613,10
20677,12222613,20
20678,12222613,10
20679,12222613,30
20680,12222613,30
20681,12222613,20
20682,12222613,10
20683,12222613,20
20684,12222613,10
20685,12222613,40
20686,12222613,40
20687,12222613,50
20688,12222613,150
20689,12222613,70
20690,12222613,20
20691,12222613,40
20692,12222613,70
20693,12222613,10
20694,1334494,17450
20695,12222613,30
20696,12222613,30
20697,12222613,20
20698,12222613,30
20699,12222613,20
20700,12222613,150
20701,12222613,10
20702,12222613,10
20703,12222613,10
20704,12222613,30
20705,12222613,70
20706,12222613,110
20707,2014,500000
20708,12222613,50
20709,12222613,20
20710,12222613,110
20711,12222613,40
20712,12222613,20
20713,12222613,30
20714,12222613,90
20715,12222613,40
20716,12222613,60
20717,12222613,70
20718,12222613,20
20719,12222613,10
20720,12222613,10
20721,12222613,10
20722,12222613,30
20723,12222613,20
20724,12222613,10
20725,12222613,20
20726,12222613,60
20727,12222613,10
20728,12222613,50
20729,12222613,50
20730,12222613,10
20731,12222613,10
20732,12222613,100
20733,12222613,30
20734,12222613,60
20735,1334494,6470
20736,12222613,10
20737,12222613,30
20738,12222613,10
20739,1334494,10120
20740,12222613,10
20741,12222613,30
20742,12222613,20
20743,12222613,30
20744,12222613,20
20745,12222613,10
20746,12222613,30
20747,12222613,30
20748,12222613,10
20749,12222613,20
20750,12222613,10
20751,12222613,20
20752,12222613,10
20753,12222613,20
20754,12222613,10
20755,12222613,110
20756,12222613,40
20757,12222613,30
20758,12222613,30
20759,12222613,10
20760,12222613,10
20761,12222613,20
20762,12222613,10
20763,80148050,0
20764,12222613,110
20765,12222613,20
20766,12222613,10
20767,12222613,20
20768,12222613,30
20769,12222613,10
20770,12222613,30
20771,12222613,110
20772,12222613,20
20773,12222613,30
20774,12222613,150
20775,12222613,10
20776,12222613,60
20777,12222613,30
20778,12222613,40
20779,2014,500000
20780,12222613,10
20781,12222613,10
20782,12222613,10
20783,12222613,10
20784,12222613,20
20785,12222613,10
20786,12222613,30
20787,12222613,20
20788,12222613,10
20789,12222613,10
20790,12222613,10
20791,12222613,10
20792,12222613,10
20793,12222613,30
20794,12222613,20
20795,12222613,10
20796,12222613,70
20797,12222613,20
20798,12222613,10
20799,12222613,20
20800,12222613,10
20801,12222613,40
20802,12222613,20
20803,12222613,30
20804,2014,500000
20805,12222613,20
20806,12222613,30
20807,12222613,10
20808,12222613,20
20809,12222613,20
20810,12222613,10
20811,12222613,110
20812,12222613,20
20813,12222613,40
20814,12222613,30
20815,12222613,30
20816,12222613,10
20817,80148050,0
20818,12222613,10
20819,12222613,10
20820,12222613,20
20821,12222613,30
20822,12222613,10
20823,12222613,20
20824,12222613,10
20825,12222613,10
20826,12222613,70
20827,12222613,50
20828,12222613,150
20829,12222613,10
20830,12222613,10
20831,12222613,50
20832,12222613,30
20833,12222613,20
20834,12222613,20
20835,12222613,20
20836,12222613,10
20837,12222613,70
20838,12222613,10
20839,12222613,110
20840,12222613,30
20841,12222613,150
20842,12222613,30
20843,12222613,20
20844,12222613,10
20845,12222613,10
20846,12222613,30
20847,12222613,20
20848,12222613,80
20849,12222613,30
20850,12222613,30
20851,12222613,150
20852,12222613,10
20853,12222613,30
20854,80148050,0
20855,12222613,30
20856,12222613,30
20857,12222613,30
20858,12222613,60
20859,12222613,10
20860,12222613,10
20861,12222613,30
20862,12222613,20
20863,12222613,10
20864,12222613,150
20865,12222613,80
20866,12222613,60
20867,12222613,30
20868,12222613,10
20869,12222613,20
20870,1334494,6390
20871,12222613,100
20872,12222613,10
20873,12222613,20
20874,12222613,150
20875,12222613,10
20876,12222613,20
20877,12222613,120
20878,12222613,20
20879,12222613,150
20880,12222613,20
20881,12222613,10
20882,12222613,10
20883,12222613,10
20884,12222613,20
20885,12222613,20
20886,12222613,30
20887,12222613,10
20888,12222613,20
20889,12222613,20
20890,12222613,10
20891,2014,500000
20892,12222613,150
20893,12222613,30
20894,12222613,30
20895,12222613,20
20896,12222613,10
20897,12222613,10
20898,12222613,20
20899,12222613,150
20900,12222613,20
20901,12222613,30
20902,12222613,20
20903,12222613,20
20904,12222613,10
20905,12222613,30
20906,12222613,70
20907,12222613,40
20908,12222613,10
20909,12222613,10
20910,12222613,80
20911,12222613,60
20912,12222613,30
20913,12222613,150
20914,12222613,60
20915,12222613,20
20916,12222613,50
20917,12222613,10
20918,12222613,10
20919,12222613,110
20920,12222613,80
20921,12222613,50
20922,1334494,9200
20923,12222613,110
20924,1334494,6540
20925,12222613,150
20926,12222613,30
20927,12222613,20
20928,1334494,19970
20929,12222613,10
20930,12222613,40
20931,12222613,20
20932,12222613,20
20933,12222613,10
20934,12222613,20
20935,12222613,10
20936,12222613,20
20937,12222613,10
20938,12222613,10
20939,80148050,0
20940,12222613,60
20941,12222613,30
20942,12222613,30
20943,12222613,160
20944,80148050,0
20945,12222613,20
20946,12222613,80
20947,12222613,20
20948,12222613,20
20949,12222613,10
20950,12222613,40
20951,12222613,20
20952,12222613,10
20953,12222613,20
20954,12222613,90
20955,12222613,60
20956,12222613,10
20957,12222613,30
20958,12222613,30
20959,12222613,10
20960,12222613,10
20961,12222613,20
20962,12222613,40
20963,12222613,60
20964,12222613,60
20965,12222613,20
20966,1334494,15800
20967,12222613,10
20968,12222613,10
20969,12222613,30
20970,12222613,20
20971,12222613,20
20972,12222613,70
20973,12222613,30
20974,12222613,10
20975,12222613,10
20976,12222613,30
20977,12222613,30
20978,12222613,30
20979,12222613,10
20980,12222613,30
20981,12222613,40
20982,12222613,30
20983,12222613,20
20984,12222613,10
20985,12222613,30
20986,12222613,10
20987,12222613,10
20988,12222613,20
20989,12222613,10
20990,12222613,50
20991,12222613,40
20992,12222613,40
20993,12222613,70
20994,12222613,10
20995,12222613,150
20996,12222613,50
20997,12222613,20
20998,12222613,10
20999,80148050,0
21000,2014,500000
21001,12222613,40
21002,12222613,10
21003,12222613,20
21004,12222613,30
21005,12222613,40
21006,12222613,10
21007,12222613,30
21008,12222613,10
21009,2014,500000
21010,12222613,40
21011,12222613,30
21012,12222613,10
21013,12222613,30
21014,12222613,50
21015,12222613,10
21016,12222613,20
21017,12222613,10
21018,12222613,60
21019,12222613,20
21020,12222613,20
21021,12222613,20
21022,12222613,60
21023,12222613,40
21024,12222613,20
21025,12222613,10
21026,12222613,10
21027,12222613,20
21028,12222613,10
21029,12222613,10
21030,12222613,10
21031,12222613,50
21032,12222613,30
21033,12222613,10
21034,12222613,10
21035,12222613,80
21036,12222613,30
21037,80148050,0
21038,12222613,60
21039,12222613,10
21040,12222613,30
21041,2014,500000
21042,12222613,30
21043,12222613,10
21044,12222613,30
21045,12222613,150
21046,12222613,40
21047,12222613,60
21048,12222613,10
21049,12222613,20
21050,12222613,40
21051,12222613,20
21052,12222613,20
21053,12222613,10
21054,12222613,20
21055,12222613,10
21056,12222613,170
21057,12222613,10
21058,12222613,70
21059,12222613,10
21060,12222613,20
21061,12222613,10
21062,12222613,50
21063,12222613,50
21064,12222613,40
21065,12222613,10
21066,12222613,20
21067,12222613,30
21068,12222613,10
21069,12222613,40
21070,12222613,10
21071,12222613,70
21072,12222613,20
21073,12222613,30
21074,12222613,20
21075,12222613,80
21076,12222613,30
21077,12222613,30
21078,12222613,30
21079,12222613,10
21080,12222613,30
21081,12222613,40
21082,12222613,20
21083,12222613,20
21084,2014,500000
21085,12222613,60
21086,12222613,30
21087,12222613,20
21088,12222613,10
21089,12222613,150
21090,12222613,40
21091,12222613,20
21092,12222613,10
21093,12222613,20
21094,12222613,10
21095,12222613,20
21096,12222613,40
21097,12222613,80
21098,80148050,0
21099,12222613,30
21100,12222613,20
21101,12222613,20
21102,12222613,10
21103,12222613,10
21104,12222613,20
21105,2014,500000
21106,12222613,40
21107,12222613,10
21108,12222613,10
21109,12222613,40
21110,12222613,20
21111,12222613,40
21112,12222613,20
21113,2014,500000
21114,12222613,60
21115,12222613,20
21116,12222613,10
21117,12222613,20
21118,12222613,10
21119,12222613,20
21120,12222613,50
21121,12222613,150
21122,12222613,10
21123,12222613,30
21124,12222613,20
21125,12222613,10
21126,12222613,20
21127,12222613,10
21128,12222613,10
21129,12222613,30
21130,12222613,30
21131,12222613,70
21132,12222613,40
21133,12222613,30
21134,12222613,20
21135,12222613,10
21136,12222613,30
21137,12222613,30
21138,12222613,10
21139,12222613,40
21140,12222613,10
21141,12222613,10
21142,12222613,40
21143,12222613,10
21144,12222613,40
21145,12222613,10
21146,12222613,30
21147,12222613,30
21148,12222613,30
21149,12222613,10
21150,12222613,30
21151,2014,500000
21152,12222613,20
21153,12222613,10
21154,12222613,30
21155,12222613,20
21156,12222613,10
21157,12222613,40
21158,12222613,10
21159,12222613,80
21160,80148050,0
21161,12222613,10
21162,12222613,30
21163,12222613,110
21164,12222613,30
21165,12222613,20
21166,12222613,30
21167,12222613,60
21168,12222613,20
21169,12222613,10
21170,12222613,20
21171,12222613,10
21172,2014,500000
21173,12222613,60
21174,2014,500000
21175,12222613,10
21176,12222613,40
21177,12222613,20
21178,12222613,30
21179,12222613,20
21180,12222613,20
21181,12222613,20
21182,12222613,10
21183,12222613,10
21184,1334494,7610
21185,12222613,10
21186,12222613,30
21187,12222613,60
21188,12222613,20
21189,12222613,20
21190,12222613,10
21191,12222613,150
21192,12222613,50
21193,12222613,10
21194,12222613,10
21195,12222613,10
21196,12222613,40
21197,12222613,20
21198,12222613,80
21199,12222613,60
21200,12222613,10
21201,12222613,30
21202,12222613,30
21203,12222613,30
21204,12222613,40
21205,12222613,10
21206,12222613,110
21207,12222613,110
21208,80148050,0
21209,12222613,20
21210,12222613,10
21211,12222613,20
21212,12222613,70
21213,12222613,40
21214,12222613,20
21215,12222613,20
21216,12222613,50
21217,12222613,20
21218,12222613,10
21219,12222613,10
21220,12222613,10
21221,12222613,40
21222,12222613,150
21223,12222613,10
21224,12222613,30
21225,12222613,10
21226,12222613,20
21227,12222613,30
21228,12222613,30
21229,12222613,30
21230,12222613,30
21231,12222613,20
21232,12222613,80
21233,12222613,20
21234,12222613,150
21235,12222613,30
21236,12222613,30
21237,12222613,40
21238,12222613,10
21239,12222613,80
21240,12222613,10
21241,12222613,10
21242,12222613,30
21243,12222613,40
21244,2014,500000
21245,12222613,150
21246,12222613,20
21247,12222613,30
21248,12222613,10
21249,12222613,70
21250,12222613,20
21251,12222613,10
21252,12222613,30
21253,12222613,80
21254,80148050,0
21255,12222613,30
21256,12222613,20
21257,12222613,20
21258,12222613,40
21259,12222613,10
21260,12222613,40
21261,12222613,40
21262,12222613,50
21263,12222613,10
21264,12222613,70
21265,12222613,50
21266,12222613,20
21267,12222613,10
21268,12222613,10
21269,2014,500000
21270,12222613,10
21271,12222613,20
21272,12222613,10
21273,12222613,30
21274,12222613,30
21275,12222613,50
21276,12222613,70
21277,12222613,50
21278,12222613,10
21279,12222613,80
21280,12222613,50
21281,12222613,10
21282,12222613,10
21283,12222613,10
21284,12222613,30
21285,12222613,10
21286,12222613,10
21287,12222613,10
21288,12222613,30
21289,12222613,20
21290,12222613,20
21291,12222613,30
21292,12222613,20
21293,12222613,50
21294,12222613,120
21295,12222613,30
21296,80148050,0
21297,80148050,0
21298,12222613,110
21299,12222613,10
21300,12222613,10
21301,12222613,10
21302,12222613,10
21303,12222613,30
21304,12222613,40
21305,12222613,40
21306,12222613,10
21307,12222613,60
21308,12222613,20
21309,12222613,10
21310,12222613,20
21311,12222613,10
21312,12222613,10
21313,12222613,10
21314,12222613,10
21315,12222613,40
21316,12222613,10
21317,12222613,20
21318,12222613,150
21319,12222613,40
21320,12222613,70
21321,12222613,20
21322,12222613,10
21323,12222613,20
21324,12222613,10
21325,12222613,80
21326,12222613,10
21327,12222613,10
21328,12222613,50
21329,12222613,20
21330,12222613,20
21331,12222613,20
21332,12222613,20
21333,12222613,210
21334,12222613,20
21335,12222613,40
21336,12222613,10
21337,1334494,11530
21338,12222613,30
21339,12222613,30
21340,12222613,10
21341,12222613,20
21342,12222613,20
21343,12222613,40
21344,12222613,30
21345,12222613,10
21346,12222613,10
21347,12222613,40
21348,12222613,50
21349,12222613,10
21350,12222613,110
21351,12222613,10
21352,1334494,7070
21353,12222613,210
21354,12222613,10
21355,12222613,40
21356,12222613,30
21357,12222613,50
21358,12222613,10
21359,12222613,50
21360,12222613,20
21361,12222613,50
21362,12222613,40
21363,12222613,20
21364,12222613,70
21365,12222613,10
21366,12222613,10
21367,12222613,10
21368,12222613,20
21369,12222613,30
21370,12222613,20
21371,12222613,20
21372,12222613,20
21373,80148050,0
21374,12222613,20
21375,12222613,20
21376,12222613,30
21377,12222613,30
21378,12222613,10
21379,12222613,10
21380,12222613,20
21381,12222613,20
21382,12222613,50
21383,12222613,40
21384,12222613,40
21385,80148050,0
21386,12222613,10
21387,12222613,10
21388,12222613,60
21389,12222613,10
21390,12222613,30
21391,12222613,30
21392,12222613,20
21393,12222613,10
21394,12222613,80
21395,12222613,20
21396,12222613,10
21397,12222613,110
21398,12222613,110
21399,12222613,30
21400,2014,500000
21401,80148050,0
21402,12222613,40
21403,12222613,20
21404,12222613,50
21405,12222613,110
21406,12222613,10
21407,12222613,10
21408,12222613,10
21409,12222613,30
21410,12222613,20
21411,12222613,10
21412,12222613,20
21413,12222613,10
21414,12222613,10
21415,12222613,150
21416,12222613,20
21417,12222613,10
21418,12222613,10
21419,12222613,10
21420,12222613,10
21421,12222613,10
21422,12222613,40
21423,12222613,50
21424,12222613,10
21425,12222613,10
21426,12222613,30
21427,12222613,10
21428,12222613,80
21429,12222613,150
21430,12222613,10
21431,12222613,10
21432,12222613,20
21433,12222613,20
21434,80148050,0
21435,12222613,20
21436,12222613,20
21437,12222613,30
21438,12222613,10
21439,12222613,70
21440,12222613,80
21441,12222613,20
21442,12222613,40
21443,80148050,0
21444,12222613,20
21445,12222613,40
21446,12222613,30
21447,12222613,60
21448,1334494,13490
21449,12222613,20
21450,2014,500000
21451,12222613,10
21452,12222613,10
21453,12222613,40
21454,2014,500000
21455,12222613,10
21456,12222613,40
21457,12222613,80
21458,12222613,10
21459,12222613,40
21460,12222613,10
21461,12222613,30
21462,12222613,20
21463,12222613,30
21464,12222613,10
21465,12222613,20
21466,12222613,20
21467,12222613,20
21468,12222613,40
21469,12222613,10
21470,12222613,10
21471,12222613,10
21472,12222613,20
21473,12222613,110
21474,12222613,30
21475,12222613,50
21476,12222613,30
21477,12222613,20
21478,12222613,30
21479,12222613,40
21480,12222613,30
21481,12222613,10
21482,12222613,30
21483,12222613,20
21484,12222613,30
21485,12222613,30
21486,12222613,20
21487,12222613,20
21488,12222613,20
21489,12222613,150
21490,12222613,30
21491,12222613,40
21492,12222613,40
21493,12222613,30
21494,12222613,20
21495,12222613,20
21496,2014,500000
21497,12222613,30
21498,12222613,70
21499,12222613,20
21500,12222613,30
21501,12222613,20
21502,1334494,11400
21503,12222613,150
21504,12222613,10
21505,12222613,30
21506,12222613,20
21507,12222613,20
21508,12222613,90
21509,12222613,40
21510,12222613,40
21511,12222613,10
21512,12222613,40
21513,12222613,30
21514,12222613,20
21515,12222613,10
21516,12222613,10
21517,12222613,30
21518,12222613,20
21519,12222613,40
21520,12222613,30
21521,12222613,150
21522,12222613,20
21523,12222613,10
21524,12222613,20
21525,12222613,20
21526,12222613,110
21527,12222613,20
21528,12222613,60
21529,12222613,30
21530,12222613,30
21531,12222613,20
21532,12222613,10
21533,12222613,20
21534,12222613,20
21535,12222613,20
21536,12222613,30
21537,12222613,10
21538,12222613,10
21539,12222613,30
21540,12222613,20
21541,12222613,30
21542,12222613,20
21543,12222613,10
21544,12222613,150
21545,12222613,20
21546,12222613,40
21547,12222613,10
21548,12222613,30
21549,12222613,150
21550,12222613,30
21551,2014,500000
21552,12222613,30
21553,12222613,30
21554,12222613,20
21555,12222613,30
21556,12222613,10
21557,12222613,80
21558,12222613,10
21559,80148050,0
21560,12222613,20
21561,1334494,10830
21562,12222613,10
21563,12222613,30
21564,12222613,60
21565,12222613,60
21566,12222613,40
21567,12222613,20
21568,12222613,10
21569,12222613,10
21570,12222613,10
21571,12222613,20
21572,12222613,10
21573,12222613,10
21574,12222613,30
21575,12222613,60
21576,12222613,10
21577,12222613,10
21578,12222613,30
21579,12222613,40
21580,12222613,40
21581,12222613,50
21582,12222613,20
21583,12222613,30
21584,12222613,40
21585,80148050,0
21586,12222613,10
21587,12222613,20
21588,12222613,30
21589,12222613,80
21590,2014,500000
21591,12222613,110
21592,12222613,60
21593,2014,500000
21594,12222613,50
21595,12222613,10
21596,12222613,50
21597,12222613,30
21598,12222613,110
21599,2014,500000
21600,12222613,20
21601,12222613,20
21602,12222613,10
21603,12222613,20
21604,12222613,40
21605,12222613,40
21606,12222613,20
21607,12222613,40
21608,80148050,0
21609,12222613,10
21610,12222613,10
21611,12222613,40
21612,12222613,80
21613,12222613,10
21614,12222613,30
21615,12222613,40
21616,12222613,20
21617,12222613,10
21618,80148050,0
21619,12222613,10
21620,12222613,10
21621,12222613,10
21622,12222613,40
21623,12222613,20
21624,12222613,10
21625,12222613,20
21626,12222613,150
21627,12222613,150
21628,12222613,150
21629,12222613,70
21630,12222613,30
21631,12222613,10
21632,12222613,20
21633,12222613,20
21634,12222613,20
21635,12222613,20
21636,12222613,20
21637,12222613,50
21638,12222613,10
21639,12222613,30
21640,12222613,20
21641,12222613,20
21642,12222613,10
21643,12222613,20
21644,12222613,10
21645,12222613,10
21646,12222613,10
21647,12222613,20
21648,12222613,20
21649,12222613,50
21650,12222613,30
21651,12222613,70
21652,2014,500000
21653,12222613,110
21654,12222613,20
21655,12222613,20
21656,80148050,0
21657,12222613,70
21658,12222613,40
21659,12222613,20
21660,12222613,20
21661,2014,500000
21662,12222613,30
21663,12222613,10
21664,12222613,110
21665,12222613,10
21666,12222613,10
21667,2014,500000
21668,12222613,10
21669,12222613,10
21670,12222613,40
21671,12222613,10
21672,12222613,10
21673,12222613,30
21674,12222613,10
21675,12222613,10
21676,12222613,60
21677,12222613,10
21678,12222613,20
21679,12222613,70
21680,1334494,14650
21681,12222613,10
21682,12222613,10
21683,12222613,40
21684,12222613,10
21685,12222613,20
21686,12222613,50
21687,12222613,110
21688,12222613,30
21689,12222613,290
21690,12222613,10
21691,12222613,30
21692,12222613,10
21693,1334494,6640
21694,12222613,20
21695,12222613,30
21696,12222613,40
21697,12222613,10
21698,12222613,20
21699,12222613,20
21700,12222613,10
21701,12222613,60
21702,12222613,20
21703,12222613,10
21704,12222613,40
21705,12222613,20
21706,12222613,10
21707,2014,500000
21708,12222613,10
21709,12222613,80
21710,12222613,10
21711,12222613,10
21712,12222613,10
21713,12222613,10
21714,12222613,30
21715,12222613,60
21716,12222613,30
21717,12222613,40
21718,12222613,90
21719,12222613,20
21720,12222613,10
21721,12222613,10
21722,12222613,80
21723,12222613,10
21724,12222613,10
21725,12222613,20
21726,12222613,40
21727,12222613,10
21728,12222613,40
21729,12222613,20
21730,12222613,30
21731,12222613,20
21732,12222613,20
21733,12222613,10
21734,12222613,90
21735,12222613,30
21736,12222613,50
21737,12222613,10
21738,12222613,50
21739,12222613,10
21740,12222613,60
21741,80148050,0
21742,12222613,80
21743,12222613,10
21744,12222613,50
21745,12222613,10
21746,12222613,20
21747,12222613,10
21748,12222613,10
21749,12222613,10
21750,12222613,60
21751,12222613,60
21752,12222613,40
21753,12222613,210
21754,12222613,20
21755,12222613,10
21756,12222613,40
21757,12222613,20
21758,12222613,30
21759,12222613,150
21760,80148050,0
21761,12222613,10
21762,12222613,30
21763,12222613,30
21764,12222613,40
21765,12222613,30
21766,12222613,10
21767,12222613,20
21768,2014,500000
21769,12222613,60
21770,12222613,10
21771,12222613,20
21772,12222613,80
21773,12222613,10
21774,12222613,10
21775,12222613,50
21776,12222613,20
21777,12222613,30
21778,12222613,10
21779,12222613,40
21780,12222613,30
21781,12222613,20
21782,12222613,10
21783,12222613,110
21784,12222613,30
21785,12222613,10
21786,12222613,20
21787,12222613,20
21788,2014,500000
21789,12222613,30
21790,12222613,40
21791,12222613,10
21792,12222613,30
21793,12222613,20
21794,12222613,20
21795,12222613,50
21796,12222613,10
21797,12222613,60
21798,12222613,30
21799,1334494,8390
21800,12222613,80
21801,12222613,50
21802,12222613,30
21803,12222613,30
21804,12222613,10
21805,12222613,10
21806,12222613,50
21807,12222613,10
21808,12222613,60
21809,12222613,80
21810,12222613,10
21811,2014,500000
21812,12222613,30
21813,12222613,40
21814,12222613,20
21815,12222613,30
21816,12222613,60
21817,12222613,10
21818,12222613,30
21819,12222613,10
21820,12222613,10
21821,12222613,60
21822,12222613,30
21823,12222613,20
21824,12222613,110
21825,12222613,80
21826,12222613,20
21827,12222613,20
21828,12222613,20
21829,12222613,20
21830,12222613,50
21831,12222613,30
21832,12222613,40
21833,12222613,10
21834,12222613,10
21835,12222613,30
21836,12222613,60
21837,12222613,10
21838,12222613,30
21839,12222613,10
21840,12222613,20
21841,12222613,20
21842,12222613,150
21843,12222613,10
21844,12222613,20
21845,12222613,50
21846,12222613,20
21847,12222613,20
21848,12222613,40
21849,12222613,10
21850,12222613,20
21851,12222613,10
21852,12222613,20
21853,1334494,7670
21854,12222613,20
21855,12222613,110
21856,12222613,20
21857,12222613,30
21858,12222613,20
21859,12222613,30
21860,12222613,10
21861,12222613,10
21862,80148050,0
21863,12222613,150
21864,12222613,20
21865,80148050,0
21866,12222613,30
21867,12222613,20
21868,12222613,30
21869,12222613,30
21870,12222613,20
21871,12222613,30
21872,12222613,10
21873,12222613,10
21874,12222613,30
21875,12222613,10
21876,12222613,90
21877,12222613,30
21878,12222613,20
21879,12222613,10
21880,2014,500000
21881,12222613,30
21882,1334494,6980
21883,12222613,20
21884,80148050,0
21885,12222613,150
21886,2014,500000
21887,12222613,10
21888,1334494,9790
21889,12222613,20
21890,80148050,0
21891,12222613,20
21892,12222613,10
21893,12222613,30
21894,12222613,10
21895,12222613,210
21896,12222613,10
21897,12222613,20
21898,12222613,10
21899,12222613,20
21900,12222613,40
21901,12222613,70
21902,12222613,50
21903,12222613,20
21904,12222613,20
21905,12222613,20
21906,12222613,60
21907,12222613,50
21908,12222613,40
21909,12222613,30
21910,12222613,10
21911,12222613,10
21912,1334494,10320
21913,12222613,20
21914,12222613,10
21915,12222613,10
21916,12222613,10
21917,12222613,30
21918,12222613,210
21919,12222613,30
21920,12222613,30
21921,12222613,150
21922,12222613,20
21923,12222613,10
21924,12222613,20
21925,12222613,10
21926,12222613,30
21927,1334494,7280
21928,12222613,20
21929,12222613,10
21930,12222613,20
21931,12222613,110
21932,12222613,40
21933,12222613,10
21934,12222613,10
21935,12222613,10
21936,12222613,30
21937,12222613,20
21938,12222613,30
21939,12222613,10
21940,12222613,10
21941,12222613,20
21942,12222613,30
21943,12222613,10
21944,12222613,20
21945,12222613,10
21946,12222613,70
21947,12222613,10
21948,12222613,30
21949,12222613,10
21950,12222613,60
21951,12222613,10
21952,12222613,40
21953,12222613,10
21954,80148050,0
21955,12222613,70
21956,12222613,40
21957,12222613,20
21958,12222613,10
21959,12222613,40
21960,12222613,10
21961,12222613,20
21962,12222613,40
21963,12222613,20
21964,12222613,30
21965,12222613,40
21966,12222613,40
21967,12222613,10
21968,12222613,30
21969,1334494,5810
21970,12222613,50
21971,12222613,150
21972,12222613,10
21973,12222613,10
21974,12222613,20
21975,12222613,20
21976,12222613,10
21977,12222613,10
21978,12222613,60
21979,12222613,10
21980,12222613,10
21981,12222613,80
21982,12222613,30
21983,12222613,20
21984,12222613,10
21985,12222613,30
21986,12222613,10
21987,12222613,40
21988,12222613,10
21989,12222613,60
21990,12222613,10
21991,12222613,80
21992,1334494,11450
21993,12222613,30
21994,2014,500000
21995,12222613,10
21996,12222613,70
21997,12222613,10
21998,12222613,30
21999,12222613,10
22000,12222613,30
22001,12222613,10
22002,12222613,10
22003,12222613,40
22004,12222613,30
22005,12222613,20
22006,12222613,20
22007,12222613,10
22008,12222613,40
22009,12222613,170
22010,12222613,20
22011,12222613,30
22012,12222613,20
22013,12222613,10
22014,12222613,40
22015,12222613,20
22016,12222613,10
22017,12222613,30
22018,12222613,10
22019,12222613,50
22020,12222613,30
22021,12222613,10
22022,12222613,20
22023,12222613,20
22024,12222613,10
22025,12222613,30
22026,12222613,60
22027,12222613,20
22028,12222613,30
22029,12222613,30
22030,12222613,10
22031,12222613,40
22032,12222613,20
22033,12222613,40
22034,12222613,10
22035,12222613,90
22036,12222613,20
22037,12222613,40
22038,12222613,30
22039,12222613,20
22040,12222613,10
22041,12222613,10
22042,12222613,10
22043,12222613,10
22044,12222613,60
22045,12222613,10
22046,12222613,20
22047,12222613,80
22048,12222613,50
22049,12222613,30
22050,80148050,0
22051,12222613,10
22052,2014,500000
22053,12222613,40
22054,12222613,10
22055,12222613,10
22056,80148050,0
22057,2014,500000
22058,12222613,40
22059,12222613,10
22060,12222613,110
22061,12222613,30
22062,12222613,40
22063,12222613,20
22064,12222613,60
22065,12222613,40
22066,12222613,10
22067,12222613,10
22068,12222613,20
22069,12222613,150
22070,12222613,30
22071,12222613,10
22072,12222613,20
22073,12222613,10
22074,12222613,10
22075,12222613,20
22076,2014,500000
22077,12222613,10
22078,12222613,10
22079,1334494,6540
22080,12222613,40
22081,12222613,30
22082,12222613,20
22083,12222613,20
22084,12222613,90
22085,12222613,30
22086,12222613,40
22087,12222613,110
22088,12222613,20
22089,12222613,50
22090,12222613,20
22091,12222613,160
22092,12222613,10
22093,80148050,0
22094,12222613,20
22095,12222613,20
22096,2014,500000
22097,12222613,10
22098,12222613,110
22099,12222613,10
22100,2014,500000
22101,12222613,30
22102,12222613,20
22103,12222613,70
22104,12222613,30
22105,12222613,20
22106,12222613,30
22107,12222613,30
22108,12222613,30
22109,12222613,60
22110,12222613,20
22111,12222613,30
22112,12222613,10
22113,80148050,0
22114,12222613,10
22115,12222613,290
22116,12222613,40
22117,12222613,10
22118,12222613,30
22119,12222613,50
22120,2014,500000
22121,12222613,30
22122,2014,500000
22123,12222613,80
22124,1334494,7140
22125,12222613,60
22126,12222613,60
22127,12222613,10
22128,12222613,30
22129,12222613,20
22130,12222613,20
22131,1334494,7350
22132,12222613,10
22133,80148050,0
22134,12222613,20
22135,12222613,80
22136,12222613,30
22137,12222613,60
22138,12222613,20
22139,12222613,40
22140,12222613,150
22141,12222613,20
22142,12222613,10
22143,12222613,10
22144,2014,500000
22145,12222613,50
22146,12222613,20
22147,12222613,40
22148,12222613,80
22149,12222613,10
22150,12222613,40
22151,12222613,60
22152,12222613,20
22153,12222613,30
22154,12222613,40
22155,12222613,80
22156,12222613,40
22157,12222613,20
22158,12222613,10
22159,12222613,10
22160,12222613,30
22161,12222613,10
22162,12222613,10
22163,12222613,60
22164,12222613,20
22165,12222613,40
22166,12222613,40
22167,12222613,10
22168,12222613,10
22169,12222613,10
22170,12222613,10
22171,12222613,10
22172,12222613,40
22173,12222613,20
22174,12222613,20
22175,2014,500000
22176,12222613,50
22177,12222613,20
22178,12222613,70
22179,12222613,10
22180,12222613,10
22181,12222613,10
22182,1334494,7510
22183,12222613,10
22184,12222613,10
22185,12222613,110
22186,12222613,10
22187,12222613,80
22188,12222613,10
22189,12222613,10
22190,12222613,10
22191,12222613,10
22192,12222613,30
22193,12222613,150
22194,12222613,10
22195,12222613,10
22196,12222613,10
22197,12222613,10
22198,12222613,20
22199,12222613,20
22200,12222613,10
22201,80148050,0
22202,12222613,60
22203,12222613,20
22204,12222613,20
22205,12222613,10
22206,12222613,40
22207,12222613,10
22208,12222613,50
22209,12222613,10
22210,12222613,20
22211,12222613,110
22212,2014,500000
22213,12222613,10
22214,12222613,10
22215,12222613,40
22216,12222613,20
22217,12222613,100
22218,12222613,10
22219,12222613,20
22220,12222613,20
22221,12222613,10
22222,12222613,10
22223,12222613,20
22224,12222613,30
22225,12222613,40
22226,80148050,0
22227,12222613,10
22228,12222613,40
22229,12222613,10
22230,12222613,20
22231,12222613,30
22232,12222613,30
22233,12222613,30
22234,2014,500000
22235,12222613,30
22236,12222613,150
22237,12222613,10
22238,12222613,10
22239,12222613,300
22240,12222613,10
22241,12222613,10
22242,1334494,8950
22243,12222613,40
22244,12222613,40
22245,12222613,30
22246,12222613,10
22247,12222613,10
22248,12222613,20
22249,12222613,10
22250,12222613,20
22251,12222613,10
22252,12222613,10
22253,12222613,50
22254,12222613,30
22255,12222613,30
22256,12222613,20
22257,12222613,10
22258,12222613,40
22259,12222613,10
22260,12222613,60
22261,12222613,30
22262,12222613,20
22263,12222613,20
22264,12222613,10
22265,12222613,70
22266,12222613,10
22267,12222613,30
22268,12222613,70
22269,12222613,30
22270,12222613,20
22271,12222613,30
22272,12222613,20
22273,80148050,0
22274,12222613,30
22275,12222613,60
22276,12222613,10
22277,12222613,40
22278,12222613,40
22279,12222613,40
22280,12222613,10
22281,12222613,10
22282,12222613,20
22283,12222613,10
22284,12222613,60
22285,12222613,30
22286,12222613,60
22287,12222613,20
22288,12222613,40
22289,12222613,30
22290,12222613,110
22291,12222613,40
22292,12222613,40
22293,12222613,10
22294,12222613,40
22295,12222613,30
22296,12222613,100
22297,12222613,30
22298,12222613,60
22299,12222613,140
22300,2014,500000
22301,12222613,50
22302,12222613,10
22303,12222613,30
22304,12222613,10
22305,12222613,20
22306,12222613,30
22307,12222613,10
22308,12222613,30
22309,2014,500000
22310,12222613,20
22311,12222613,20
22312,12222613,30
22313,80148050,0
22314,12222613,20
22315,12222613,20
22316,12222613,40
22317,12222613,50
22318,12222613,40
22319,12222613,10
22320,12222613,60
22321,12222613,10
22322,12222613,70
22323,12222613,20
22324,12222613,10
22325,12222613,10
22326,12222613,150
22327,12222613,60
22328,80148050,0
22329,12222613,10
22330,1334494,34640
22331,12222613,150
22332,12222613,30
22333,12222613,10
22334,12222613,50
22335,12222613,10
22336,12222613,10
22337,12222613,60
22338,12222613,20
22339,12222613,170
22340,12222613,10
22341,1334494,5940
22342,12222613,30
22343,12222613,40
22344,12222613,60
22345,12222613,50
22346,12222613,80
22347,12222613,40
22348,12222613,20
22349,1334494,7120
22350,12222613,20
22351,12222613,20
22352,12222613,80
22353,12222613,30
22354,12222613,20
22355,12222613,20
22356,12222613,10
22357,80148050,0
22358,12222613,20
22359,12222613,30
22360,80148050,0
22361,12222613,30
22362,12222613,10
22363,12222613,20
22364,12222613,40
22365,2014,500000
22366,12222613,10
22367,12222613,50
22368,12222613,10
22369,12222613,20
22370,12222613,20
22371,12222613,60
22372,12222613,30
22373,12222613,90
22374,12222613,40
22375,12222613,10
22376,12222613,10
22377,12222613,30
22378,12222613,10
22379,12222613,40
22380,12222613,20
22381,12222613,10
22382,12222613,10
22383,12222613,10
22384,12222613,10
22385,1334494,6950
22386,12222613,10
22387,12222613,150
22388,12222613,60
22389,12222613,70
22390,12222613,40
22391,12222613,40
22392,12222613,10
22393,12222613,30
22394,12222613,10
22395,12222613,10
22396,12222613,60
22397,12222613,40
22398,12222613,10
22399,12222613,10
22400,12222613,10
22401,12222613,20
22402,12222613,10
22403,12222613,40
22404,12222613,10
22405,12222613,20
22406,12222613,20
22407,12222613,10
22408,12222613,60
22409,12222613,20
22410,12222613,40
22411,80148050,0
22412,12222613,10
22413,12222613,20
22414,12222613,60
22415,12222613,30
22416,12222613,60
22417,12222613,20
22418,12222613,30
22419,12222613,50
22420,12222613,30
22421,12222613,20
22422,12222613,20
22423,12222613,20
22424,12222613,30
22425,12222613,60
22426,12222613,20
22427,1334494,5070
22428,12222613,50
22429,12222613,20
22430,12222613,10
22431,12222613,10
22432,12222613,50
22433,12222613,10
22434,12222613,110
22435,12222613,10
22436,12222613,10
22437,12222613,30
22438,12222613,10
22439,12222613,40
22440,12222613,70
22441,12222613,150
22442,12222613,30
22443,12222613,10
22444,12222613,20
22445,12222613,40
22446,12222613,10
22447,12222613,30
22448,12222613,20
22449,12222613,10
22450,12222613,10
22451,2014,500000
22452,12222613,10
22453,12222613,10
22454,12222613,70
22455,12222613,10
22456,12222613,10
22457,12222613,10
22458,12222613,150
22459,12222613,20
22460,12222613,40
22461,80148050,0
22462,12222613,150
22463,1334494,14470
22464,12222613,10
22465,12222613,20
22466,12222613,30
22467,12222613,40
22468,12222613,60
22469,12222613,20
22470,12222613,20
22471,1334494,7000
22472,12222613,80
22473,12222613,20
22474,12222613,20
22475,1334494,5100
22476,12222613,70
22477,12222613,20
22478,12222613,30
22479,12222613,20
22480,12222613,20
22481,12222613,40
22482,12222613,60
22483,12222613,10
22484,12222613,30
22485,12222613,30
22486,12222613,30
22487,12222613,20
22488,12222613,20
22489,12222613,10
22490,1334494,8120
22491,12222613,10
22492,12222613,10
22493,12222613,40
22494,1334494,6660
22495,12222613,110
22496,12222613,10
22497,12222613,10
22498,12222613,20
22499,12222613,50
22500,12222613,50
22501,12222613,10
22502,1334494,13020
22503,12222613,30
22504,12222613,10
22505,12222613,20
22506,12222613,30
22507,1334494,7970
22508,12222613,10
22509,12222613,10
22510,12222613,100
22511,12222613,10
22512,12222613,10
22513,12222613,20
22514,12222613,30
22515,80148050,0
22516,12222613,210
22517,12222613,20
22518,12222613,20
22519,2014,500000
22520,12222613,10
22521,12222613,20
22522,80148050,0
22523,12222613,10
22524,12222613,150
22525,12222613,10
22526,12222613,60
22527,12222613,30
22528,12222613,20
22529,12222613,10
22530,12222613,70
22531,1334494,13410
22532,12222613,50
22533,80148050,0
22534,12222613,30
22535,12222613,50
22536,12222613,40
22537,12222613,50
22538,2014,500000
22539,12222613,40
22540,12222613,10
22541,12222613,60
22542,12222613,60
22543,12222613,10
22544,12222613,20
22545,80148050,0
22546,12222613,30
22547,1334494,7030
22548,12222613,10
22549,12222613,30
22550,12222613,30
22551,12222613,10
22552,12222613,30
22553,12222613,20
22554,12222613,80
22555,12222613,20
22556,12222613,10
22557,12222613,10
22558,12222613,20
22559,12222613,30
22560,12222613,30
22561,12222613,10
22562,12222613,40
22563,12222613,40
22564,12222613,10
22565,12222613,50
22566,1334494,9280
22567,12222613,10
22568,12222613,70
22569,1334494,5950
22570,12222613,20
22571,12222613,30
22572,12222613,150
22573,12222613,50
22574,12222613,150
22575,12222613,30
22576,12222613,40
22577,12222613,10
22578,12222613,20
22579,12222613,20
22580,12222613,10
22581,12222613,80
22582,12222613,10
22583,12222613,10
22584,12222613,30
22585,12222613,30
22586,12222613,40
22587,12222613,20
22588,12222613,40
22589,12222613,30
22590,12222613,50
22591,12222613,60
22592,12222613,20
22593,12222613,30
22594,12222613,50
22595,12222613,20
22596,12222613,10
22597,12222613,10
22598,12222613,40
22599,12222613,40
22600,12222613,10
22601,12222613,20
22602,12222613,10
22603,12222613,20
22604,12222613,10
22605,12222613,10
22606,12222613,10
22607,12222613,20
22608,12222613,50
22609,12222613,30
22610,12222613,40
22611,12222613,30
22612,12222613,80
22613,12222613,30
22614,12222613,40
22615,12222613,10
22616,12222613,10
22617,80148050,0
22618,12222613,80
22619,12222613,40
22620,12222613,40
22621,12222613,20
22622,12222613,10
22623,12222613,20
22624,12222613,80
22625,80148050,0
22626,12222613,20
22627,12222613,30
22628,12222613,20
22629,12222613,30
22630,12222613,20
22631,12222613,110
22632,12222613,10
22633,12222613,10
22634,2014,500000
22635,12222613,10
22636,12222613,20
22637,12222613,20
22638,12222613,10
22639,12222613,20
22640,12222613,10
22641,80148050,0
22642,12222613,10
22643,2014,500000
22644,12222613,10
22645,12222613,70
22646,12222613,10
22647,12222613,20
22648,12222613,10
22649,12222613,60
22650,12222613,30
22651,12222613,30
22652,12222613,20
22653,12222613,10
22654,12222613,20
22655,12222613,20
22656,12222613,50
22657,12222613,20
22658,12222613,10
22659,12222613,30
22660,12222613,10
22661,12222613,30
22662,12222613,10
22663,12222613,20
22664,12222613,50
22665,1334494,7970
22666,12222613,10
22667,12222613,90
22668,12222613,90
22669,12222613,20
22670,12222613,10
22671,12222613,30
22672,12222613,20
22673,12222613,40
22674,12222613,10
22675,1334494,8620
22676,80148050,0
22677,12222613,10
22678,12222613,10
22679,12222613,10
22680,12222613,150
22681,12222613,50
22682,12222613,20
22683,12222613,20
22684,12222613,50
22685,12222613,20
22686,12222613,10
22687,12222613,10
22688,12222613,10
22689,12222613,40
22690,12222613,30
22691,12222613,30
22692,12222613,30
22693,12222613,10
22694,12222613,10
22695,12222613,150
22696,12222613,20
22697,12222613,10
22698,12222613,30
22699,12222613,20
22700,12222613,20
22701,12222613,10
22702,12222613,60
22703,80148050,0
22704,12222613,20
22705,12222613,110
22706,12222613,80
22707,12222613,30
22708,80148050,0
22709,12222613,80
22710,12222613,10
22711,12222613,10
22712,12222613,210
22713,12222613,10
22714,12222613,30
22715,12222613,30
22716,12222613,20
22717,12222613,30
22718,12222613,30
22719,12222613,30
22720,12222613,40
22721,12222613,10
22722,1334494,7250
22723,12222613,90
22724,12222613,20
22725,12222613,60
22726,12222613,10
22727,12222613,30
22728,12222613,20
22729,12222613,10
22730,12222613,20
22731,12222613,10
22732,12222613,20
22733,12222613,150
22734,12222613,10
22735,12222613,10
22736,12222613,10
22737,12222613,70
22738,12222613,10
22739,12222613,20
22740,80148050,0
22741,12222613,150
22742,12222613,30
22743,12222613,10
22744,2014,500000
22745,12222613,10
22746,12222613,10
22747,12222613,10
22748,12222613,60
22749,12222613,10
22750,2014,500000
22751,12222613,30
22752,12222613,50
22753,12222613,110
22754,12222613,30
22755,12222613,10
22756,12222613,150
22757,12222613,30
22758,12222613,10
22759,12222613,30
22760,12222613,20
22761,12222613,50
22762,12222613,160
22763,12222613,10
22764,12222613,20
22765,12222613,20
22766,12222613,40
22767,1334494,9190
22768,12222613,10
22769,12222613,20
22770,12222613,10
22771,12222613,10
22772,12222613,60
22773,12222613,70
22774,12222613,10
22775,12222613,20
22776,12222613,20
22777,12222613,20
22778,12222613,10
22779,12222613,60
22780,12222613,10
22781,12222613,10
22782,12222613,20
22783,12222613,30
22784,12222613,30
22785,12222613,60
22786,12222613,10
22787,12222613,80
22788,12222613,10
22789,12222613,20
22790,12222613,10
22791,12222613,10
22792,12222613,20
22793,12222613,20
22794,12222613,10
22795,12222613,10
22796,12222613,10
22797,12222613,20
22798,12222613,10
22799,12222613,30
22800,12222613,30
22801,12222613,10
22802,12222613,20
22803,12222613,50
22804,12222613,30
22805,12222613,10
22806,12222613,60
22807,12222613,20
22808,12222613,60
22809,12222613,20
22810,12222613,20
22811,12222613,20
22812,12222613,10
22813,12222613,10
22814,12222613,60
22815,12222613,20
22816,12222613,20
22817,12222613,20
22818,12222613,10
22819,12222613,90
22820,12222613,10
22821,12222613,20
22822,12222613,10
22823,12222613,10
22824,12222613,30
22825,12222613,10
22826,12222613,10
22827,12222613,10
22828,12222613,30
22829,12222613,10
22830,12222613,40
22831,12222613,10
22832,12222613,20
22833,12222613,10
22834,12222613,10
22835,1334494,26690
22836,12222613,40
22837,12222613,70
22838,12222613,20
22839,12222613,10
22840,12222613,20
22841,12222613,30
22842,12222613,30
22843,12222613,10
22844,12222613,10
22845,12222613,10
22846,12222613,30
22847,12222613,50
22848,2014,500000
22849,12222613,10
22850,12222613,50
22851,12222613,20
22852,12222613,10
22853,12222613,210
22854,12222613,20
22855,12222613,10
22856,12222613,10
22857,12222613,20
22858,12222613,40
22859,12222613,20
22860,80148050,0
22861,12222613,20
22862,1334494,10560
22863,12222613,30
22864,12222613,20
22865,12222613,20
22866,12222613,40
22867,12222613,20
22868,12222613,20
22869,12222613,150
22870,12222613,10
22871,12222613,20
22872,12222613,30
22873,12222613,10
22874,12222613,40
22875,12222613,30
22876,12222613,20
22877,12222613,20
22878,12222613,10
22879,12222613,10
22880,12222613,20
22881,12222613,10
22882,12222613,10
22883,12222613,10
22884,12222613,50
22885,12222613,60
22886,12222613,10
22887,12222613,30
22888,12222613,40
22889,12222613,10
22890,12222613,20
22891,12222613,40
22892,2014,500000
22893,12222613,20
22894,12222613,10
22895,12222613,40
22896,12222613,10
22897,12222613,20
22898,12222613,30
22899,12222613,10
22900,12222613,40
22901,12222613,10
22902,12222613,30
22903,12222613,40
22904,12222613,40
22905,12222613,20
22906,12222613,20
22907,12222613,40
22908,12222613,10
22909,12222613,70
22910,12222613,40
22911,12222613,40
22912,2014,500000
22913,80148050,0
22914,12222613,60
22915,12222613,10
22916,12222613,30
22917,12222613,10
22918,12222613,20
22919,12222613,100
22920,12222613,20
22921,12222613,10
22922,12222613,10
22923,80148050,0
22924,12222613,50
22925,2014,500000
22926,2014,500000
22927,12222613,80
22928,12222613,10
22929,12222613,20
22930,12222613,30
22931,12222613,40
22932,12222613,30
22933,12222613,20
22934,12222613,20
22935,12222613,10
22936,12222613,50
22937,12222613,10
22938,12222613,20
22939,12222613,10
22940,80148050,0
22941,1334494,14720
22942,12222613,70
22943,12222613,30
22944,12222613,10
22945,12222613,30
22946,12222613,20
22947,12222613,30
22948,12222613,20
22949,12222613,20
22950,12222613,20
22951,12222613,20
22952,12222613,10
22953,2014,500000
22954,12222613,70
22955,12222613,10
22956,12222613,30
22957,12222613,30
22958,12222613,30
22959,12222613,10
22960,12222613,10
22961,12222613,50
22962,12222613,30
22963,12222613,10
22964,12222613,10
22965,12222613,20
22966,12222613,10
22967,12222613,10
22968,12222613,30
22969,12222613,30
22970,12222613,50
22971,12222613,30
22972,12222613,10
22973,12222613,10
22974,12222613,20
22975,12222613,20
22976,12222613,20
22977,12222613,10
22978,12222613,80
22979,12222613,10
22980,12222613,20
22981,12222613,110
22982,12222613,10
22983,12222613,20
22984,12222613,50
22985,12222613,20
22986,12222613,30
22987,12222613,40
22988,2014,500000
22989,12222613,10
22990,12222613,20
22991,12222613,150
22992,12222613,20
22993,12222613,20
22994,12222613,90
22995,12222613,20
22996,12222613,10
22997,12222613,10
22998,12222613,30
22999,80148050,0
23000,12222613,10
23001,12222613,20
23002,12222613,40
23003,12222613,10
23004,12222613,30
23005,12222613,20
23006,80148050,0
23007,12222613,20
23008,12222613,10
23009,12222613,20
23010,12222613,10
23011,12222613,10
23012,12222613,60
23013,12222613,10
23014,12222613,30
23015,12222613,20
23016,12222613,10
23017,12222613,20
23018,12222613,40
23019,12222613,30
23020,12222613,20
23021,12222613,10
23022,80148050,0
23023,1334494,7360
23024,12222613,10
23025,1334494,8490
23026,12222613,110
23027,12222613,110
23028,12222613,30
23029,12222613,10
23030,12222613,50
23031,12222613,20
23032,12222613,20
23033,12222613,30
23034,12222613,10
23035,12222613,40
23036,12222613,60
23037,12222613,80
23038,12222613,10
23039,12222613,30
23040,12222613,50
23041,12222613,20
23042,12222613,10
23043,12222613,30
23044,12222613,30
23045,12222613,10
23046,12222613,90
23047,12222613,20
23048,12222613,10
23049,2014,500000
23050,12222613,30
23051,12222613,40
23052,12222613,20
23053,12222613,20
23054,12222613,10
23055,12222613,10
23056,12222613,30
23057,2014,500000
23058,12222613,20
23059,12222613,20
23060,12222613,10
23061,12222613,10
23062,12222613,50
23063,2014,500000
23064,12222613,30
23065,12222613,290
23066,12222613,30
23067,12222613,60
23068,12222613,10
23069,12222613,40
23070,12222613,150
23071,12222613,10
23072,80148050,0
23073,12222613,30
23074,80148050,0
23075,12222613,40
23076,12222613,10
23077,12222613,10
23078,12222613,80
23079,12222613,150
23080,2014,500000
23081,12222613,10
23082,12222613,150
23083,12222613,50
23084,12222613,30
23085,12222613,40
23086,2014,500000
23087,12222613,30
23088,12222613,20
23089,12222613,10
23090,12222613,90
23091,12222613,80
23092,12222613,210
23093,12222613,20
23094,12222613,10
23095,2014,500000
23096,12222613,20
23097,12222613,40
23098,12222613,10
23099,12222613,20
23100,12222613,30
23101,12222613,150
23102,12222613,20
23103,2014,500000
23104,2014,500000
23105,12222613,10
23106,12222613,30
23107,12222613,20
23108,1334494,9400
23109,1334494,7300
23110,12222613,20
23111,12222613,10
23112,12222613,80
23113,12222613,10
23114,12222613,20
23115,12222613,10
23116,12222613,20
23117,12222613,10
23118,12222613,150
23119,12222613,20
23120,12222613,10
23121,12222613,10
23122,12222613,30
23123,12222613,40
23124,12222613,20
23125,12222613,10
23126,12222613,20
23127,12222613,30
23128,12222613,40
23129,12222613,10
23130,12222613,20
23131,12222613,30
23132,12222613,10
23133,12222613,50
23134,12222613,10
23135,12222613,20
23136,12222613,10
23137,12222613,10
23138,2014,500000
23139,12222613,10
23140,1334494,10390
23141,12222613,30
23142,12222613,30
23143,12222613,30
23144,12222613,20
23145,12222613,20
23146,12222613,20
23147,12222613,50
23148,12222613,10
23149,12222613,40
23150,12222613,10
23151,12222613,80
23152,12222613,20
23153,12222613,20
23154,12222613,10
23155,12222613,80
23156,12222613,90
23157,12222613,30
23158,80148050,0
23159,12222613,10
23160,12222613,150
23161,12222613,40
23162,12222613,10
23163,12222613,10
23164,12222613,40
23165,12222613,20
23166,12222613,60
23167,12222613,60
23168,12222613,40
23169,12222613,20
23170,12222613,40
23171,12222613,10
23172,12222613,20
23173,12222613,80
23174,12222613,30
23175,12222613,20
23176,12222613,10
23177,2014,500000
23178,12222613,30
23179,12222613,20
23180,12222613,20
23181,12222613,10
23182,12222613,10
23183,12222613,40
23184,1334494,19370
23185,12222613,110
23186,12222613,10
23187,12222613,40
23188,12222613,10
23189,12222613,10
23190,12222613,10
23191,12222613,10
23192,12222613,40
23193,1334494,14110
23194,1334494,4910
23195,12222613,40
23196,12222613,40
23197,12222613,20
23198,1334494,7890
23199,12222613,70
23200,12222613,40
23201,12222613,40
23202,12222613,10
23203,12222613,30
23204,2014,500000
23205,12222613,10
23206,12222613,20
23207,12222613,30
23208,12222613,20
23209,12222613,20
23210,12222613,40
23211,12222613,10
23212,80148050,0
23213,12222613,20
23214,12222613,10
23215,12222613,20
23216,12222613,10
23217,12222613,20
23218,12222613,20
23219,1334494,11160
23220,12222613,40
23221,12222613,30
23222,12222613,30
23223,12222613,10
23224,12222613,20
23225,12222613,10
23226,12222613,40
23227,12222613,30
23228,12222613,10
23229,12222613,20
23230,12222613,50
23231,12222613,30
23232,12222613,30
23233,12222613,20
23234,12222613,30
23235,12222613,30
23236,12222613,10
23237,12222613,20
23238,12222613,150
23239,12222613,10
23240,12222613,10
23241,12222613,10
23242,12222613,10
23243,12222613,150
23244,12222613,20
23245,12222613,50
23246,12222613,110
23247,12222613,150
23248,12222613,80
23249,12222613,40
23250,1334494,10010
23251,2014,500000
23252,12222613,40
23253,12222613,10
23254,12222613,30
23255,12222613,30
23256,12222613,20
23257,12222613,40
23258,1334494,6140
23259,12222613,10
23260,12222613,10
23261,12222613,20
23262,12222613,40
23263,12222613,60
23264,12222613,10
23265,12222613,10
23266,12222613,10
23267,12222613,50
23268,12222613,20
23269,12222613,60
23270,12222613,10
23271,12222613,40
23272,12222613,50
23273,12222613,150
23274,12222613,30
23275,12222613,30
23276,12222613,20
23277,12222613,10
23278,12222613,60
23279,12222613,50
23280,12222613,40
23281,2014,500000
23282,12222613,10
23283,12222613,20
23284,12222613,10
23285,12222613,30
23286,12222613,20
23287,12222613,10
23288,12222613,50
23289,12222613,20
23290,12222613,30
23291,12222613,10
23292,12222613,30
23293,12222613,20
23294,12222613,10
23295,12222613,10
23296,12222613,30
23297,12222613,20
23298,12222613,80
23299,12222613,20
23300,12222613,10
23301,12222613,40
23302,12222613,10
23303,12222613,10
23304,12222613,10
23305,12222613,20
23306,12222613,30
23307,12222613,20
23308,12222613,30
23309,12222613,80
23310,12222613,30
23311,12222613,30
23312,12222613,10
23313,12222613,20
23314,12222613,30
23315,12222613,50
23316,12222613,10
23317,12222613,150
23318,12222613,10
23319,12222613,30
23320,12222613,30
23321,12222613,20
23322,12222613,40
23323,12222613,30
23324,12222613,10
23325,12222613,10
23326,2014,500000
23327,12222613,90
23328,12222613,90
23329,12222613,10
23330,12222613,50
23331,80148050,0
23332,12222613,10
23333,80148050,0
23334,12222613,10
23335,12222613,40
23336,12222613,10
23337,12222613,10
23338,12222613,80
23339,12222613,20
23340,12222613,20
23341,12222613,30
23342,12222613,20
23343,12222613,10
23344,12222613,30
23345,12222613,40
23346,12222613,30
23347,12222613,10
23348,12222613,30
23349,12222613,70
23350,12222613,30
23351,12222613,20
23352,12222613,20
23353,12222613,30
23354,12222613,30
23355,12222613,30
23356,12222613,10
23357,12222613,40
23358,12222613,60
23359,12222613,30
23360,12222613,40
23361,12222613,10
23362,12222613,10
23363,12222613,10
23364,12222613,50
23365,12222613,10
23366,12222613,30
23367,12222613,20
23368,12222613,40
23369,12222613,50
23370,12222613,50
23371,12222613,20
23372,12222613,110
23373,12222613,50
23374,12222613,20
23375,12222613,10
23376,12222613,30
23377,12222613,10
23378,12222613,20
23379,12222613,80
23380,12222613,20
23381,12222613,10
23382,12222613,20
23383,12222613,120
23384,12222613,20
23385,12222613,60
23386,12222613,20
23387,12222613,20
23388,12222613,10
23389,12222613,60
23390,12222613,40
23391,12222613,10
23392,12222613,10
23393,12222613,30
23394,12222613,10
23395,12222613,40
23396,12222613,10
23397,12222613,40
23398,12222613,10
23399,12222613,30
23400,12222613,10
23401,12222613,30
23402,12222613,10
23403,12222613,10
23404,12222613,20
23405,12222613,160
23406,12222613,50
23407,12222613,10
23408,12222613,50
23409,12222613,10
23410,12222613,50
23411,12222613,40
23412,12222613,10
23413,12222613,20
23414,12222613,30
23415,1334494,6090
23416,1334494,8300
23417,1334494,12710
23418,12222613,20
23419,12222613,60
23420,12222613,50
23421,12222613,10
23422,12222613,10
23423,12222613,50
23424,12222613,10
23425,12222613,20
23426,12222613,10
23427,12222613,10
23428,12222613,20
23429,12222613,10
23430,12222613,90
23431,12222613,30
23432,12222613,20
23433,12222613,10
23434,2014,500000
23435,12222613,20
23436,12222613,10
23437,12222613,30
23438,12222613,40
23439,12222613,50
23440,80148050,0
23441,12222613,20
23442,12222613,10
23443,12222613,40
23444,12222613,30
23445,12222613,20
23446,12222613,70
23447,12222613,110
23448,12222613,20
23449,12222613,30
23450,12222613,10
23451,12222613,50
23452,12222613,50
23453,12222613,20
23454,12222613,10
23455,12222613,20
23456,12222613,30
23457,12222613,10
23458,12222613,20
23459,12222613,10
23460,12222613,40
23461,12222613,40
23462,2014,500000
23463,12222613,50
23464,12222613,20
23465,12222613,10
23466,12222613,10
23467,12222613,10
23468,12222613,20
23469,2014,500000
23470,12222613,70
23471,12222613,10
23472,1334494,8980
23473,12222613,10
23474,12222613,30
23475,12222613,30
23476,12222613,10
23477,12222613,10
23478,12222613,80
23479,12222613,20
23480,12222613,20
23481,12222613,20
23482,1334494,21770
23483,12222613,30
23484,12222613,10
23485,12222613,20
23486,12222613,10
23487,12222613,20
23488,12222613,10
23489,12222613,160
23490,12222613,10
23491,12222613,10
23492,12222613,20
23493,12222613,60
23494,12222613,10
23495,12222613,30
23496,12222613,40
23497,12222613,60
23498,12222613,10
23499,12222613,20
23500,12222613,20
23501,12222613,10
23502,12222613,30
23503,12222613,10
23504,12222613,20
23505,12222613,30
23506,12222613,20
23507,12222613,40
23508,12222613,50
23509,12222613,10
23510,1334494,14520
23511,12222613,30
23512,12222613,20
23513,2014,500000
23514,12222613,30
23515,12222613,10
23516,1334494,7830
23517,12222613,30
23518,12222613,30
23519,12222613,20
23520,12222613,50
23521,12222613,10
23522,12222613,30
23523,12222613,20
23524,12222613,10
23525,12222613,10
23526,12222613,50
23527,12222613,10
23528,12222613,10
23529,12222613,30
23530,12222613,20
23531,12222613,20
23532,12222613,30
23533,2014,500000
23534,12222613,30
23535,12222613,10
23536,12222613,10
23537,12222613,10
23538,12222613,70
23539,12222613,90
23540,12222613,10
23541,12222613,10
23542,12222613,40
23543,12222613,20
23544,12222613,20
23545,12222613,80
23546,12222613,40
23547,12222613,90
23548,12222613,10
23549,12222613,10
23550,12222613,10
23551,12222613,20
23552,12222613,30
23553,12222613,150
23554,12222613,30
23555,1334494,81760
23556,12222613,30
23557,12222613,110
23558,1334494,12430
23559,12222613,30
23560,12222613,10
23561,12222613,70
23562,12222613,20
23563,12222613,20
23564,12222613,10
23565,12222613,10
23566,12222613,20
23567,12222613,50
23568,12222613,30
23569,12222613,20
23570,12222613,10
23571,12222613,20
23572,12222613,20
23573,12222613,150
23574,12222613,10
23575,12222613,20
23576,12222613,110
23577,12222613,10
23578,12222613,80
23579,12222613,10
23580,12222613,30
23581,12222613,10
23582,12222613,10
23583,12222613,10
23584,12222613,30
23585,1334494,19150
23586,12222613,30
23587,12222613,30
23588,12222613,10
23589,12222613,10
23590,12222613,40
23591,12222613,10
23592,12222613,10
23593,12222613,60
23594,12222613,30
23595,12222613,210
23596,12222613,70
23597,12222613,30
23598,12222613,20
23599,1334494,9300
23600,12222613,150
23601,12222613,10
23602,2014,500000
23603,12222613,40
23604,12222613,10
23605,12222613,40
23606,12222613,20
23607,12222613,20
23608,12222613,10
23609,12222613,10
23610,12222613,30
23611,12222613,10
23612,12222613,10
23613,12222613,20
23614,12222613,30
23615,80148050,0
23616,12222613,40
23617,12222613,20
23618,12222613,30
23619,12222613,30
23620,12222613,10
23621,12222613,50
23622,12222613,10
23623,12222613,30
23624,12222613,10
23625,12222613,110
23626,12222613,60
23627,12222613,10
23628,12222613,10
23629,12222613,30
23630,12222613,10
23631,12222613,40
23632,12222613,20
23633,12222613,20
23634,12222613,70
23635,12222613,30
23636,12222613,20
23637,12222613,20
23638,12222613,30
23639,12222613,20
23640,12222613,10
23641,12222613,10
23642,12222613,30
23643,12222613,150
23644,12222613,40
23645,12222613,10
23646,12222613,10
23647,12222613,150
23648,12222613,10
23649,2014,500000
23650,12222613,20
23651,12222613,50
23652,12222613,60
23653,12222613,20
23654,12222613,10
23655,12222613,30
23656,12222613,20
23657,12222613,30
23658,12222613,10
23659,12222613,20
23660,12222613,10
23661,12222613,40
23662,12222613,20
23663,12222613,20
23664,12222613,30
23665,12222613,10
23666,12222613,10
23667,12222613,20
23668,12222613,10
23669,12222613,30
23670,1334494,11840
23671,12222613,10
23672,12222613,20
23673,12222613,20
23674,12222613,40
23675,12222613,90
23676,12222613,20
23677,12222613,20
23678,12222613,10
23679,12222613,20
23680,12222613,20
23681,12222613,20
23682,12222613,60
23683,12222613,40
23684,12222613,40
23685,12222613,20
23686,12222613,20
23687,2014,500000
23688,12222613,150
23689,12222613,60
23690,12222613,30
23691,12222613,40
23692,12222613,20
23693,12222613,30
23694,12222613,20
23695,12222613,10
23696,1334494,6210
23697,12222613,30
23698,12222613,10
23699,80148050,0
23700,12222613,10
23701,12222613,10
23702,12222613,210
23703,12222613,10
23704,12222613,60
23705,12222613,30
23706,12222613,110
23707,12222613,20
23708,12222613,10
23709,12222613,10
23710,12222613,10
23711,12222613,40
23712,12222613,30
23713,12222613,30
23714,12222613,10
23715,12222613,10
23716,2014,500000
23717,12222613,10
23718,80148050,0
23719,80148050,0
23720,12222613,10
23721,12222613,10
23722,12222613,10
23723,12222613,20
23724,12222613,40
23725,12222613,160
23726,12222613,60
23727,12222613,20
23728,12222613,10
23729,12222613,10
23730,12222613,20
23731,12222613,20
23732,12222613,110
23733,12222613,150
23734,12222613,110
23735,12222613,10
23736,12222613,50
23737,12222613,60
23738,12222613,40
23739,1334494,5350
23740,12222613,10
23741,12222613,30
23742,12222613,60
23743,12222613,30
23744,12222613,20
23745,12222613,20
23746,12222613,10
23747,12222613,110
23748,12222613,40
23749,12222613,10
23750,12222613,10
23751,12222613,10
23752,12222613,110
23753,12222613,30
23754,12222613,20
23755,12222613,40
23756,12222613,10
23757,12222613,10
23758,12222613,10
23759,12222613,110
23760,12222613,60
23761,12222613,10
23762,12222613,40
23763,80148050,0
23764,12222613,50
23765,12222613,10
23766,12222613,90
23767,12222613,10
23768,12222613,30
23769,12222613,60
23770,12222613,50
23771,12222613,10
23772,12222613,30
23773,12222613,40
23774,12222613,110
23775,12222613,10
23776,12222613,30
23777,12222613,10
23778,12222613,10
23779,12222613,10
23780,12222613,10
23781,12222613,10
23782,12222613,10
23783,12222613,30
23784,12222613,30
23785,12222613,10
23786,12222613,10
23787,12222613,30
23788,12222613,40
23789,80148050,0
23790,12222613,20
23791,12222613,20
23792,12222613,10
23793,12222613,40
23794,12222613,10
23795,12222613,20
23796,12222613,20
23797,12222613,10
23798,12222613,10
23799,12222613,10
23800,12222613,20
23801,12222613,20
23802,12222613,60
23803,80148050,0
23804,12222613,20
23805,12222613,10
23806,12222613,20
23807,12222613,20
23808,12222613,30
23809,12222613,20
23810,12222613,20
23811,12222613,20
23812,2014,500000
23813,12222613,20
23814,12222613,10
23815,12222613,10
23816,12222613,40
23817,12222613,30
23818,12222613,120
23819,12222613,20
23820,12222613,20
23821,12222613,20
23822,12222613,60
23823,12222613,20
23824,12222613,40
23825,12222613,20
23826,12222613,10
23827,12222613,30
23828,12222613,20
23829,12222613,80
23830,12222613,60
23831,12222613,10
23832,12222613,30
23833,12222613,10
23834,12222613,30
23835,12222613,30
23836,12222613,20
23837,12222613,40
23838,12222613,30
23839,12222613,20
23840,12222613,30
23841,12222613,30
23842,12222613,30
23843,12222613,10
23844,12222613,10
23845,12222613,10
23846,12222613,50
23847,12222613,10
23848,12222613,30
23849,12222613,40
23850,12222613,20
23851,12222613,170
23852,12222613,30
23853,12222613,40
23854,12222613,40
23855,12222613,30
23856,12222613,30
23857,12222613,30
23858,12222613,40
23859,12222613,90
23860,12222613,10
23861,12222613,40
23862,12222613,10
23863,12222613,10
23864,12222613,20
23865,12222613,60
23866,12222613,40
23867,12222613,80
23868,80148050,0
23869,12222613,20
23870,12222613,30
23871,12222613,20
23872,12222613,20
23873,80148050,0
23874,12222613,20
23875,12222613,10
23876,12222613,30
23877,12222613,30
23878,12222613,30
23879,12222613,20
23880,12222613,10
23881,12222613,110
23882,12222613,10
23883,12222613,30
23884,12222613,150
23885,2014,500000
23886,12222613,10
23887,12222613,10
23888,12222613,40
23889,12222613,10
23890,12222613,90
23891,12222613,80
23892,12222613,20
23893,12222613,40
23894,12222613,20
23895,12222613,60
23896,12222613,40
23897,12222613,40
23898,12222613,10
23899,12222613,30
23900,12222613,20
23901,12222613,40
23902,12222613,20
23903,12222613,40
23904,12222613,80
23905,12222613,10
23906,12222613,80
23907,12222613,20
23908,12222613,20
23909,12222613,60
23910,12222613,10
23911,12222613,10
23912,12222613,20
23913,12222613,20
23914,12222613,20
23915,12222613,20
23916,2014,500000
23917,2014,500000
23918,12222613,30
23919,12222613,10
23920,12222613,70
23921,12222613,20
23922,12222613,10
23923,12222613,40
23924,12222613,30
23925,12222613,20
23926,12222613,30
23927,12222613,10
23928,12222613,210
23929,12222613,10
23930,12222613,40
23931,12222613,40
23932,12222613,30
23933,12222613,30
23934,12222613,40
23935,12222613,40
23936,12222613,20
23937,12222613,50
23938,12222613,30
23939,12222613,40
23940,12222613,20
23941,12222613,10
23942,2014,500000
23943,12222613,10
23944,12222613,40
23945,12222613,20
23946,12222613,80
23947,12222613,60
23948,80148050,0
23949,12222613,10
23950,12222613,60
23951,12222613,10
23952,12222613,20
23953,12222613,180
23954,12222613,30
23955,12222613,10
23956,12222613,40
23957,12222613,30
23958,12222613,10
23959,12222613,20
23960,12222613,30
23961,12222613,20
23962,12222613,20
23963,12222613,10
23964,12222613,30
23965,12222613,50
23966,12222613,10
23967,12222613,10
23968,80148050,0
23969,12222613,10
23970,1334494,7980
23971,12222613,20
23972,12222613,10
23973,12222613,20
23974,12222613,20
23975,1334494,7090
23976,12222613,30
23977,12222613,20
23978,12222613,20
23979,12222613,10
23980,12222613,10
23981,12222613,10
23982,12222613,10
23983,12222613,30
23984,12222613,10
23985,2014,500000
23986,12222613,30
23987,12222613,20
23988,12222613,20
23989,12222613,30
23990,12222613,30
23991,12222613,30
23992,12222613,50
23993,80148050,0
23994,12222613,20
23995,12222613,20
23996,12222613,30
23997,12222613,10
23998,12222613,10
23999,12222613,10
24000,12222613,30
24001,2014,500000
24002,12222613,20
24003,12222613,90
24004,12222613,20
24005,12222613,20
24006,12222613,30
24007,12222613,10
24008,12222613,50
24009,12222613,50
24010,12222613,40
24011,12222613,10
24012,12222613,10
24013,12222613,50
24014,12222613,30
24015,12222613,10
24016,12222613,20
24017,12222613,10
24018,12222613,10
24019,12222613,50
24020,12222613,10
24021,12222613,50
24022,12222613,60
24023,12222613,30
24024,12222613,20
24025,12222613,20
24026,12222613,10
24027,12222613,20
24028,12222613,30
24029,12222613,10
24030,12222613,30
24031,12222613,60
24032,12222613,40
24033,12222613,30
24034,12222613,20
24035,12222613,20
24036,12222613,80
24037,12222613,10
24038,12222613,30
24039,12222613,20
24040,12222613,10
24041,12222613,10
24042,12222613,30
24043,12222613,20
24044,12222613,20
24045,12222613,40
24046,12222613,150
24047,12222613,10
24048,12222613,40
24049,80148050,0
24050,12222613,10
24051,12222613,10
24052,12222613,40
24053,80148050,0
24054,12222613,20
24055,12222613,10
24056,12222613,60
24057,12222613,150
24058,12222613,70
24059,12222613,40
24060,12222613,50
24061,12222613,80
24062,12222613,40
24063,12222613,10
24064,12222613,40
24065,12222613,40
24066,12222613,80
24067,1334494,12850
24068,12222613,20
24069,12222613,10
24070,12222613,10
24071,12222613,20
24072,12222613,10
24073,12222613,10
24074,12222613,10
24075,12222613,10
24076,12222613,10
24077,12222613,80
24078,12222613,60
24079,12222613,20
24080,12222613,20
24081,12222613,40
24082,12222613,40
24083,12222613,20
24084,12222613,20
24085,12222613,30
24086,12222613,30
24087,12222613,150
24088,12222613,30
24089,12222613,30
24090,12222613,50
24091,12222613,30
24092,12222613,40
24093,12222613,20
24094,12222613,80
24095,12222613,20
24096,12222613,10
24097,12222613,20
24098,12222613,20
24099,12222613,20
24100,12222613,10
24101,12222613,30
24102,12222613,20
24103,12222613,30
24104,12222613,60
24105,2014,500000
24106,12222613,60
24107,12222613,20
24108,12222613,20
24109,12222613,20
24110,12222613,150
24111,12222613,20
24112,12222613,40
24113,12222613,60
24114,1334494,8290
24115,12222613,20
24116,12222613,10
24117,12222613,10
24118,12222613,20
24119,12222613,50
24120,12222613,10
24121,12222613,30
24122,12222613,30
24123,12222613,70
24124,12222613,30
24125,12222613,10
24126,12222613,60
24127,12222613,40
24128,12222613,50
24129,12222613,80
24130,12222613,20
24131,12222613,10
24132,12222613,60
24133,12222613,10
24134,12222613,40
24135,12222613,10
24136,12222613,40
24137,12222613,10
24138,2014,500000
24139,80148050,0
24140,12222613,10
24141,12222613,30
24142,12222613,40
24143,12222613,30
24144,12222613,10
24145,12222613,20
24146,12222613,40
24147,12222613,50
24148,12222613,30
24149,12222613,20
24150,12222613,20
24151,12222613,10
24152,12222613,70
24153,12222613,20
24154,12222613,10
24155,12222613,20
24156,12222613,80
24157,12222613,40
24158,12222613,30
24159,12222613,10
24160,2014,500000
24161,12222613,20
24162,12222613,30
24163,12222613,10
24164,12222613,30
24165,12222613,10
24166,12222613,20
24167,12222613,10
24168,12222613,30
24169,12222613,110
24170,12222613,40
24171,12222613,150
24172,12222613,50
24173,12222613,40
24174,12222613,10
24175,12222613,40
24176,12222613,50
24177,12222613,10
24178,12222613,110
24179,12222613,10
24180,12222613,60
24181,12222613,20
24182,12222613,20
24183,2014,500000
24184,12222613,80
24185,2014,500000
24186,12222613,10
24187,12222613,30
24188,12222613,10
24189,12222613,30
24190,12222613,20
24191,12222613,10
24192,12222613,20
24193,12222613,40
24194,12222613,10
24195,12222613,20
24196,12222613,60
24197,12222613,80
24198,12222613,20
24199,12222613,70
24200,2014,500000
24201,12222613,90
24202,12222613,10
24203,12222613,30
24204,12222613,10
24205,12222613,10
24206,12222613,10
24207,12222613,60
24208,12222613,40
24209,12222613,10
24210,12222613,30
24211,12222613,30
24212,12222613,10
24213,12222613,30
24214,12222613,10
24215,12222613,10
24216,12222613,150
24217,12222613,30
24218,12222613,30
24219,12222613,30
24220,1334494,8040
24221,12222613,40
24222,12222613,20
24223,12222613,60
24224,1334494,26110
24225,12222613,10
24226,12222613,30
24227,12222613,20
24228,12222613,30
24229,12222613,60
24230,12222613,40
24231,1334494,9580
24232,12222613,20
24233,12222613,30
24234,12222613,150
24235,12222613,10
24236,12222613,200
24237,12222613,10
24238,1334494,7280
24239,12222613,30
24240,12222613,10
24241,12222613,80
24242,12222613,10
24243,2014,500000
24244,12222613,20
24245,12222613,10
24246,12222613,10
24247,2014,500000
24248,12222613,10
24249,12222613,10
24250,12222613,110
24251,12222613,30
24252,12222613,30
24253,2014,500000
24254,12222613,30
24255,2014,500000
24256,12222613,20
24257,12222613,30
24258,12222613,50
24259,12222613,10
24260,12222613,20
24261,12222613,10
24262,12222613,20
24263,12222613,20
24264,12222613,20
24265,12222613,40
24266,12222613,30
24267,12222613,10
24268,12222613,50
24269,12222613,20
24270,12222613,30
24271,12222613,30
24272,12222613,30
24273,12222613,40
24274,12222613,30
24275,12222613,80
24276,12222613,10
24277,12222613,10
24278,80148050,0
24279,12222613,20
24280,80148050,0
24281,12222613,50
24282,12222613,40
24283,12222613,210
24284,12222613,10
24285,12222613,20
24286,12222613,20
24287,12222613,20
24288,80148050,0
24289,12222613,30
24290,12222613,80
24291,12222613,30
24292,12222613,30
24293,12222613,30
24294,12222613,10
24295,12222613,50
24296,12222613,30
24297,12222613,10
24298,12222613,20
24299,12222613,10
24300,12222613,150
24301,12222613,10
24302,12222613,20
24303,12222613,20
24304,12222613,20
24305,12222613,10
24306,12222613,60
24307,12222613,20
24308,12222613,20
24309,12222613,30
24310,12222613,20
24311,12222613,20
24312,12222613,10
24313,12222613,30
24314,12222613,20
24315,12222613,10
24316,12222613,30
24317,12222613,20
24318,12222613,10
24319,12222613,30
24320,12222613,10
24321,12222613,60
24322,12222613,50
24323,12222613,10
24324,12222613,20
24325,12222613,10
24326,12222613,20
24327,12222613,20
24328,12222613,10
24329,12222613,80
24330,12222613,30
24331,12222613,10
24332,12222613,10
24333,12222613,20
24334,12222613,50
24335,12222613,80
24336,12222613,50
24337,12222613,10
24338,12222613,110
24339,12222613,30
24340,12222613,30
24341,12222613,10
24342,12222613,10
24343,12222613,10
24344,12222613,30
24345,12222613,40
24346,12222613,20
24347,12222613,20
24348,1334494,9790
24349,12222613,20
24350,12222613,30
24351,12222613,20
24352,12222613,20
24353,12222613,20
24354,12222613,40
24355,12222613,10
24356,12222613,20
24357,12222613,150
24358,12222613,30
24359,80148050,0
24360,12222613,10
24361,12222613,10
24362,12222613,40
24363,12222613,40
24364,12222613,90
24365,12222613,70
24366,12222613,10
24367,12222613,30
24368,12222613,20
24369,12222613,80
24370,2014,500000
24371,1334494,14360
24372,12222613,10
24373,12222613,80
24374,12222613,10
24375,12222613,10
24376,12222613,20
24377,12222613,10
24378,12222613,30
24379,12222613,50
24380,12222613,40
24381,12222613,10
24382,12222613,70
24383,12222613,20
24384,12222613,140
24385,12222613,10
24386,12222613,30
24387,12222613,10
24388,12222613,10
24389,12222613,30
24390,12222613,20
24391,12222613,10
24392,12222613,10
24393,12222613,10
24394,12222613,10
24395,12222613,10
24396,12222613,10
24397,12222613,40
24398,1334494,9100
24399,2014,500000
24400,12222613,150
24401,12222613,80
24402,12222613,30
24403,12222613,30
24404,12222613,30
24405,12222613,10
24406,12222613,40
24407,12222613,50
24408,80148050,0
24409,2014,500000
24410,12222613,40
24411,12222613,20
24412,12222613,30
24413,12222613,50
24414,12222613,20
24415,12222613,20
24416,12222613,30
24417,12222613,20
24418,12222613,40
24419,12222613,20
24420,12222613,30
24421,12222613,10
24422,12222613,40
24423,12222613,30
24424,12222613,20
24425,12222613,110
24426,12222613,10
24427,12222613,40
24428,12222613,10
24429,12222613,40
24430,12222613,20
24431,12222613,30
24432,80148050,0
24433,12222613,150
24434,12222613,10
24435,12222613,30
24436,12222613,20
24437,12222613,30
24438,12222613,20
24439,2014,500000
24440,12222613,110
24441,12222613,20
24442,12222613,10
24443,12222613,30
24444,12222613,20
24445,12222613,30
24446,12222613,50
24447,12222613,50
24448,12222613,50
24449,12222613,10
24450,12222613,40
24451,12222613,20
24452,12222613,50
24453,12222613,40
24454,12222613,50
24455,80148050,0
24456,1334494,8420
24457,12222613,10
24458,12222613,30
24459,12222613,110
24460,12222613,40
24461,12222613,20
24462,12222613,40
24463,12222613,10
24464,12222613,150
24465,12222613,40
24466,12222613,30
24467,12222613,10
24468,12222613,30
24469,12222613,10
24470,12222613,10
24471,12222613,10
24472,80148050,0
24473,12222613,20
24474,12222613,20
24475,12222613,20
24476,12222613,10
24477,12222613,10
24478,12222613,40
24479,12222613,10
24480,12222613,20
24481,12222613,30
24482,12222613,10
24483,80148050,0
24484,1334494,7070
24485,12222613,50
24486,12222613,70
24487,12222613,10
24488,12222613,10
24489,12222613,10
24490,12222613,10
24491,12222613,60
24492,12222613,40
24493,12222613,10
24494,12222613,30
24495,80148050,0
24496,12222613,20
24497,12222613,20
24498,12222613,30
24499,12222613,10
24500,12222613,10
24501,12222613,60
24502,12222613,40
24503,12222613,10
24504,1334494,26640
24505,12222613,10
24506,12222613,10
24507,12222613,50
24508,12222613,150
24509,12222613,10
24510,12222613,110
24511,12222613,20
24512,12222613,10
24513,12222613,10
24514,12222613,150
24515,12222613,10
24516,2014,500000
24517,12222613,30
24518,12222613,10
24519,12222613,20
24520,12222613,10
24521,12222613,30
24522,12222613,20
24523,12222613,10
24524,12222613,50
24525,12222613,40
24526,12222613,20
24527,12222613,60
24528,12222613,30
24529,12222613,150
24530,12222613,30
24531,12222613,20
24532,12222613,20
24533,12222613,30
24534,12222613,40
24535,12222613,10
24536,12222613,30
24537,12222613,10
24538,12222613,150
24539,12222613,20
24540,12222613,20
24541,12222613,50
24542,12222613,10
24543,12222613,10
24544,12222613,20
24545,12222613,30
24546,12222613,10
24547,2014,500000
24548,12222613,10
24549,12222613,10
24550,12222613,70
24551,12222613,20
24552,12222613,10
24553,12222613,20
24554,12222613,10
24555,12222613,50
24556,1334494,6500
24557,12222613,10
24558,12222613,20
24559,80148050,0
24560,12222613,10
24561,12222613,20
24562,12222613,120
24563,12222613,30
24564,12222613,80
24565,12222613,20
24566,12222613,80
24567,12222613,10
24568,12222613,10
24569,12222613,20
24570,12222613,30
24571,12222613,50
24572,12222613,20
24573,12222613,10
24574,12222613,30
24575,12222613,10
24576,12222613,10
24577,12222613,20
24578,12222613,10
24579,12222613,20
24580,12222613,10
24581,12222613,20
24582,12222613,30
24583,12222613,30
24584,12222613,60
24585,12222613,10
24586,12222613,120
24587,12222613,10
24588,12222613,50
24589,12222613,30
24590,12222613,40
24591,12222613,10
24592,12222613,150
24593,12222613,20
24594,12222613,30
24595,12222613,80
24596,12222613,30
24597,12222613,40
24598,2014,500000
24599,12222613,10
24600,12222613,40
24601,12222613,20
24602,12222613,40
24603,1334494,6230
24604,12222613,20
24605,12222613,40
24606,12222613,10
24607,12222613,40
24608,12222613,20
24609,12222613,20
24610,12222613,10
24611,1334494,22850
24612,12222613,70
24613,12222613,60
24614,12222613,30
24615,12222613,20
24616,12222613,10
24617,12222613,40
24618,2014,500000
24619,12222613,30
24620,12222613,20
24621,12222613,40
24622,12222613,30
24623,12222613,40
24624,12222613,40
24625,12222613,10
24626,12222613,40
24627,12222613,10
24628,12222613,10
24629,12222613,30
24630,12222613,30
24631,12222613,30
24632,12222613,80
24633,12222613,10
24634,12222613,30
24635,2014,500000
24636,12222613,10
24637,12222613,150
24638,12222613,10
24639,12222613,20
24640,12222613,10
24641,12222613,20
24642,12222613,30
24643,12222613,40
24644,12222613,40
24645,12222613,10
24646,12222613,20
24647,12222613,20
24648,12222613,10
24649,12222613,40
24650,12222613,10
24651,12222613,10
24652,12222613,20
24653,12222613,30
24654,12222613,10
24655,12222613,30
24656,12222613,40
24657,12222613,20
24658,12222613,30
24659,2014,500000
24660,12222613,50
24661,12222613,40
24662,12222613,50
24663,1334494,5440
24664,12222613,30
24665,12222613,40
24666,12222613,30
24667,12222613,30
24668,12222613,10
24669,12222613,20
24670,12222613,10
24671,80148050,0
24672,12222613,30
24673,12222613,40
24674,12222613,10
24675,12222613,10
24676,2014,500000
24677,2014,500000
24678,12222613,20
24679,2014,500000
24680,12222613,60
24681,12222613,40
24682,12222613,40
24683,12222613,10
24684,12222613,10
24685,12222613,10
24686,12222613,20
24687,12222613,20
24688,1334494,10670
24689,12222613,30
24690,12222613,30
24691,12222613,10
24692,80148050,0
24693,12222613,150
24694,12222613,20
24695,12222613,100
24696,12222613,10
24697,12222613,10
24698,12222613,20
24699,12222613,10
24700,12222613,110
24701,12222613,40
24702,12222613,20
24703,12222613,60
24704,12222613,20
24705,12222613,10
24706,12222613,30
24707,12222613,40
24708,12222613,10
24709,1334494,9530
24710,12222613,20
24711,12222613,20
24712,1334494,6130
24713,12222613,40
24714,12222613,210
24715,12222613,50
24716,12222613,20
24717,12222613,60
24718,12222613,10
24719,12222613,10
24720,12222613,20
24721,12222613,20
24722,12222613,90
24723,12222613,20
24724,12222613,50
24725,12222613,20
24726,12222613,20
24727,12222613,20
24728,12222613,20
24729,12222613,20
24730,12222613,30
24731,12222613,40
24732,12222613,10
24733,12222613,10
24734,12222613,80
24735,12222613,20
24736,12222613,50
24737,12222613,10
24738,12222613,20
24739,12222613,50
24740,12222613,30
24741,12222613,20
24742,12222613,20
24743,12222613,60
24744,12222613,50
24745,12222613,10
24746,12222613,40
24747,12222613,60
24748,12222613,40
24749,12222613,60
24750,12222613,40
24751,12222613,10
24752,12222613,10
24753,12222613,30
24754,80148050,0
24755,12222613,50
24756,12222613,10
24757,12222613,210
24758,12222613,20
24759,12222613,10
24760,12222613,30
24761,12222613,10
24762,12222613,20
24763,12222613,30
24764,12222613,50
24765,12222613,30
24766,12222613,150
24767,12222613,10
24768,12222613,150
24769,12222613,10
24770,12222613,10
24771,12222613,10
24772,12222613,30
24773,12222613,40
24774,12222613,20
24775,12222613,10
24776,12222613,10
24777,1334494,7270
24778,12222613,10
24779,12222613,150
24780,12222613,90
24781,12222613,30
24782,12222613,100
24783,12222613,10
24784,12222613,80
24785,12222613,80
24786,12222613,10
24787,12222613,20
24788,2014,500000
24789,12222613,60
24790,12222613,20
24791,12222613,10
24792,12222613,10
24793,1334494,7770
24794,12222613,20
24795,12222613,60
24796,12222613,30
24797,12222613,30
24798,12222613,20
24799,12222613,10
24800,12222613,30
24801,12222613,10
24802,12222613,20
24803,12222613,10
24804,12222613,20
24805,12222613,40
24806,12222613,80
24807,12222613,10
24808,12222613,30
24809,12222613,110
24810,12222613,10
24811,12222613,20
24812,12222613,20
24813,12222613,10
24814,12222613,150
24815,12222613,50
24816,12222613,10
24817,12222613,10
24818,12222613,10
24819,12222613,40
24820,12222613,10
24821,12222613,60
24822,12222613,90
24823,12222613,10
24824,12222613,40
24825,12222613,20
24826,12222613,10
24827,12222613,20
24828,12222613,20
24829,12222613,40
24830,2014,500000
24831,12222613,30
24832,12222613,10
24833,12222613,10
24834,12222613,10
24835,12222613,20
24836,12222613,110
24837,12222613,40
24838,12222613,20
24839,12222613,30
24840,12222613,30
24841,12222613,20
24842,12222613,60
24843,12222613,20
24844,12222613,10
24845,12222613,20
24846,12222613,30
24847,12222613,20
24848,12222613,10
24849,12222613,10
24850,12222613,10
24851,12222613,30
24852,12222613,10
24853,12222613,50
24854,12222613,210
24855,12222613,20
24856,12222613,10
24857,12222613,20
24858,12222613,150
24859,12222613,150
24860,12222613,30
24861,12222613,20
24862,12222613,20
24863,12222613,40
24864,12222613,10
24865,12222613,60
24866,12222613,10
24867,12222613,60
24868,12222613,20
24869,12222613,30
24870,12222613,20
24871,12222613,30
24872,12222613,10
24873,12222613,70
24874,12222613,20
24875,2014,500000
24876,12222613,10
24877,12222613,20
24878,12222613,30
24879,12222613,60
24880,12222613,10
24881,12222613,50
24882,12222613,30
24883,12222613,20
24884,12222613,10
24885,12222613,20
24886,12222613,50
24887,12222613,40
24888,12222613,10
24889,12222613,20
24890,12222613,10
24891,12222613,10
24892,12222613,10
24893,12222613,10
24894,12222613,30
24895,12222613,20
24896,12222613,30
24897,12222613,10
24898,12222613,20
24899,12222613,30
24900,12222613,20
24901,12222613,20
24902,12222613,20
24903,12222613,50
24904,2014,500000
24905,12222613,10
24906,2014,500000
24907,12222613,10
24908,12222613,10
24909,12222613,30
24910,12222613,10
24911,12222613,10
24912,12222613,20
24913,12222613,30
24914,12222613,20
24915,12222613,10
24916,12222613,10
24917,12222613,20
24918,12222613,10
24919,12222613,20
24920,12222613,10
24921,12222613,10
24922,1334494,7770
24923,12222613,10
24924,12222613,70
24925,12222613,30
24926,12222613,50
24927,12222613,30
24928,12222613,10
24929,12222613,20
24930,12222613,10
24931,12222613,10
24932,12222613,10
24933,12222613,70
24934,12222613,30
24935,12222613,50
24936,12222613,10
24937,12222613,40
24938,12222613,60
24939,12222613,40
24940,12222613,10
24941,12222613,10
24942,12222613,80
24943,12222613,190
24944,12222613,30
24945,12222613,20
24946,12222613,30
24947,12222613,10
24948,12222613,20
24949,12222613,30
24950,12222613,10
24951,1334494,7380
24952,12222613,20
24953,12222613,10
24954,12222613,10
24955,12222613,20
24956,12222613,20
24957,12222613,150
24958,12222613,10
24959,12222613,150
24960,12222613,20
24961,12222613,10
24962,12222613,30
24963,1334494,7130
24964,12222613,30
24965,12222613,40
24966,12222613,30
24967,12222613,20
24968,12222613,10
24969,12222613,10
24970,12222613,10
24971,12222613,30
24972,12222613,10
24973,12222613,70
24974,12222613,10
24975,80148050,0
24976,12222613,40
24977,12222613,20
24978,12222613,10
24979,12222613,20
24980,12222613,40
24981,12222613,30
24982,12222613,40
24983,12222613,10
24984,12222613,30
24985,12222613,80
24986,12222613,30
24987,12222613,20
24988,12222613,10
24989,12222613,10
24990,12222613,20
24991,12222613,40
24992,12222613,10
24993,12222613,10
24994,12222613,150
24995,12222613,10
24996,2014,500000
24997,1334494,7960
24998,12222613,20
24999,12222613,30
25000,12222613,30
25001,12222613,30
25002,12222613,10
25003,12222613,20
25004,12222613,10
25005,12222613,30
25006,12222613,30
25007,2014,500000
25008,12222613,40
25009,12222613,20
25010,12222613,20
25011,2014,500000
25012,12222613,20
25013,12222613,110
25014,12222613,10
25015,12222613,20
25016,12222613,80
25017,12222613,30
25018,12222613,30
25019,12222613,10
25020,12222613,20
25021,12222613,40
25022,12222613,10
25023,12222613,80
25024,12222613,40
25025,12222613,30
25026,12222613,40
25027,12222613,150
25028,12222613,30
25029,12222613,30
25030,12222613,10
25031,12222613,80
25032,12222613,150
25033,12222613,40
25034,12222613,60
25035,12222613,10
25036,12222613,50
25037,12222613,10
25038,12222613,10
25039,12222613,90
25040,12222613,20
25041,12222613,40
25042,12222613,20
25043,12222613,10
25044,12222613,20
25045,1334494,7430
25046,12222613,10
25047,12222613,10
25048,12222613,10
25049,12222613,10
25050,12222613,150
25051,80148050,0
25052,12222613,10
25053,12222613,160
25054,12222613,10
25055,12222613,110
25056,12222613,10
25057,12222613,10
25058,12222613,10
25059,2014,500000
25060,12222613,40
25061,2014,500000
25062,12222613,80
25063,12222613,110
25064,12222613,70
25065,12222613,150
25066,12222613,20
25067,12222613,10
25068,2014,500000
25069,12222613,30
25070,12222613,10
25071,12222613,10
25072,12222613,30
25073,12222613,10
25074,80148050,0
25075,12222613,40
25076,12222613,150
25077,12222613,10
25078,12222613,20
25079,12222613,40
25080,12222613,10
25081,12222613,30
25082,12222613,150
25083,12222613,20
25084,12222613,20
25085,12222613,40
25086,12222613,10
25087,12222613,10
25088,12222613,30
25089,1334494,8770
25090,12222613,10
25091,12222613,70
25092,12222613,10
25093,12222613,40
25094,12222613,40
25095,12222613,20
25096,12222613,80
25097,12222613,10
25098,12222613,10
25099,12222613,20
25100,12222613,40
25101,12222613,40
25102,12222613,70
25103,12222613,150
25104,12222613,20
25105,12222613,10
25106,12222613,60
25107,12222613,30
25108,1334494,6450
25109,12222613,70
25110,12222613,10
25111,12222613,60
25112,12222613,30
25113,12222613,20
25114,12222613,20
25115,12222613,20
25116,12222613,30
25117,12222613,20
25118,12222613,90
25119,12222613,10
25120,12222613,40
25121,12222613,10
25122,12222613,10
25123,12222613,20
25124,12222613,40
25125,12222613,20
25126,12222613,20
25127,12222613,10
25128,2014,500000
25129,12222613,30
25130,12222613,10
25131,12222613,30
25132,12222613,30
25133,12222613,10
25134,12222613,10
25135,12222613,20
25136,12222613,20
25137,12222613,20
25138,12222613,160
25139,12222613,50
25140,12222613,30
25141,12222613,10
25142,12222613,10
25143,12222613,20
25144,12222613,40
25145,12222613,20
25146,12222613,20
25147,12222613,30
25148,12222613,60
25149,12222613,10
25150,12222613,20
25151,12222613,90
25152,12222613,20
25153,12222613,10
25154,12222613,10
25155,12222613,20
25156,12222613,20
25157,12222613,10
25158,12222613,20
25159,12222613,10
25160,12222613,20
25161,12222613,30
25162,12222613,20
25163,80148050,0
25164,12222613,10
25165,12222613,90
25166,12222613,10
25167,12222613,60
25168,12222613,20
25169,12222613,10
25170,12222613,10
25171,12222613,10
25172,12222613,20
25173,12222613,10
25174,2014,500000
25175,2014,500000
25176,12222613,20
25177,12222613,50
25178,12222613,10
25179,80148050,0
25180,12222613,20
25181,12222613,110
25182,12222613,20
25183,12222613,30
25184,12222613,20
25185,12222613,30
25186,12222613,40
25187,12222613,10
25188,12222613,10
25189,12222613,50
25190,12222613,110
25191,12222613,40
25192,12222613,10
25193,12222613,50
25194,12222613,10
25195,12222613,40
25196,12222613,80
25197,12222613,60
25198,12222613,20
25199,12222613,10
25200,12222613,60
25201,12222613,10
25202,12222613,20
25203,12222613,70
25204,12222613,20
25205,80148050,0
25206,12222613,30
25207,12222613,40
25208,12222613,60
25209,12222613,30
25210,12222613,20
25211,12222613,10
25212,12222613,40
25213,12222613,10
25214,12222613,20
25215,12222613,10
25216,12222613,20
25217,12222613,10
25218,12222613,40
25219,12222613,50
25220,12222613,10
25221,12222613,20
25222,12222613,30
25223,12222613,30
25224,12222613,60
25225,12222613,10
25226,12222613,30
25227,12222613,20
25228,12222613,20
25229,1334494,9000
25230,1334494,9640
25231,12222613,10
25232,1334494,6940
25233,12222613,10
25234,12222613,10
25235,12222613,10
25236,12222613,150
25237,12222613,20
25238,12222613,40
25239,12222613,10
25240,12222613,20
25241,12222613,40
25242,12222613,10
25243,12222613,160
25244,12222613,20
25245,12222613,10
25246,12222613,40
25247,12222613,40
25248,12222613,30
25249,12222613,30
25250,12222613,60
25251,12222613,30
25252,12222613,30
25253,12222613,20
25254,12222613,80
25255,12222613,10
25256,12222613,40
25257,12222613,10
25258,12222613,210
25259,12222613,60
25260,12222613,20
25261,12222613,60
25262,12222613,50
25263,12222613,10
25264,12222613,10
25265,12222613,40
25266,12222613,20
25267,12222613,30
25268,12222613,30
25269,12222613,20
25270,12222613,20
25271,12222613,10
25272,12222613,30
25273,12222613,30
25274,12222613,10
25275,12222613,150
25276,12222613,20
25277,12222613,20
25278,12222613,10
25279,12222613,10
25280,12222613,110
25281,12222613,40
25282,12222613,40
25283,12222613,40
25284,12222613,40
25285,12222613,40
25286,12222613,20
25287,12222613,50
25288,12222613,10
25289,12222613,60
25290,12222613,20
25291,12222613,50
25292,12222613,10
25293,12222613,10
25294,12222613,120
25295,12222613,20
25296,12222613,20
25297,12222613,150
25298,12222613,30
25299,12222613,40
25300,12222613,60
25301,12222613,80
25302,2014,500000
25303,12222613,60
25304,12222613,40
25305,12222613,50
25306,12222613,10
25307,12222613,30
25308,12222613,20
25309,12222613,10
25310,12222613,30
25311,12222613,20
25312,12222613,10
25313,2014,500000
25314,12222613,10
25315,12222613,10
25316,12222613,20
25317,12222613,20
25318,12222613,30
25319,12222613,20
25320,12222613,10
25321,12222613,10
25322,12222613,10
25323,12222613,80
25324,2014,500000
25325,12222613,10
25326,12222613,30
25327,12222613,10
25328,12222613,70
25329,12222613,20
25330,12222613,10
25331,12222613,10
25332,12222613,30
25333,12222613,20
25334,12222613,10
25335,12222613,10
25336,12222613,10
25337,1334494,7350
25338,12222613,40
25339,12222613,10
25340,12222613,20
25341,12222613,20
25342,12222613,10
25343,12222613,20
25344,12222613,60
25345,12222613,80
25346,12222613,10
25347,12222613,30
25348,12222613,40
25349,80148050,0
25350,12222613,10
25351,12222613,20
25352,12222613,30
25353,12222613,70
25354,12222613,20
25355,12222613,150
25356,12222613,160
25357,12222613,20
25358,12222613,30
25359,12222613,10
25360,12222613,10
25361,12222613,40
25362,12222613,10
25363,2014,500000
25364,12222613,40
25365,12222613,50
25366,12222613,30
25367,12222613,20
25368,12222613,10
25369,12222613,150
25370,12222613,20
25371,80148050,0
25372,12222613,10
25373,12222613,30
25374,12222613,50
25375,12222613,150
25376,12222613,10
25377,12222613,50
25378,12222613,120
25379,12222613,20
25380,12222613,80
25381,12222613,10
25382,12222613,10
25383,12222613,20
25384,2014,500000
25385,12222613,10
25386,12222613,40
25387,12222613,30
25388,12222613,10
25389,12222613,10
25390,12222613,20
25391,12222613,10
25392,12222613,10
25393,12222613,30
25394,12222613,20
25395,12222613,40
25396,12222613,10
25397,12222613,20
25398,12222613,110
25399,2014,500000
25400,12222613,40
25401,12222613,20
25402,12222613,20
25403,12222613,10
25404,12222613,20
25405,12222613,10
25406,12222613,30
25407,12222613,10
25408,12222613,20
25409,12222613,20
25410,80148050,0
25411,12222613,40
25412,12222613,10
25413,12222613,10
25414,12222613,30
25415,12222613,20
25416,12222613,20
25417,12222613,150
25418,12222613,10
25419,12222613,30
25420,12222613,50
25421,12222613,10
25422,12222613,10
25423,12222613,100
25424,12222613,110
25425,12222613,10
25426,12222613,20
25427,12222613,30
25428,12222613,30
25429,12222613,60
25430,12222613,30
25431,12222613,20
25432,12222613,30
25433,80148050,0
25434,12222613,20
25435,80148050,0
25436,12222613,60
25437,12222613,20
25438,12222613,40
25439,12222613,40
25440,12222613,30
25441,12222613,40
25442,2014,500000
25443,12222613,150
25444,12222613,20
25445,12222613,90
25446,12222613,20
25447,12222613,10
25448,12222613,10
25449,12222613,10
25450,12222613,10
25451,12222613,10
25452,12222613,40
25453,12222613,20
25454,12222613,30
25455,12222613,20
25456,12222613,10
25457,12222613,10
25458,2014,500000
25459,12222613,20
25460,2014,500000
25461,12222613,10
25462,1334494,9490
25463,12222613,50
25464,12222613,20
25465,12222613,10
25466,80148050,0
25467,12222613,20
25468,12222613,10
25469,12222613,10
25470,12222613,30
25471,12222613,50
25472,12222613,10
25473,12222613,50
25474,12222613,70
25475,12222613,30
25476,12222613,100
25477,12222613,10
25478,12222613,10
25479,12222613,20
25480,12222613,30
25481,12222613,10
25482,12222613,20
25483,12222613,80
25484,12222613,20
25485,12222613,10
25486,12222613,30
25487,12222613,30
25488,12222613,10
25489,12222613,30
25490,12222613,50
25491,12222613,40
25492,12222613,10
25493,80148050,0
25494,12222613,10
25495,12222613,10
25496,12222613,40
25497,12222613,40
25498,12222613,10
25499,12222613,10
25500,12222613,20
25501,12222613,10
25502,12222613,70
25503,12222613,40
25504,12222613,150
25505,12222613,10
25506,12222613,20
25507,12222613,10
25508,12222613,10
25509,12222613,90
25510,12222613,10
25511,12222613,30
25512,12222613,10
25513,12222613,20
25514,12222613,10
25515,12222613,20
25516,12222613,30
25517,12222613,40
25518,80148050,0
25519,12222613,40
25520,12222613,40
25521,12222613,10
25522,2014,500000
25523,12222613,20
25524,12222613,10
25525,12222613,30
25526,12222613,10
25527,12222613,20
25528,12222613,10
25529,12222613,20
25530,12222613,150
25531,12222613,30
25532,2014,500000
25533,12222613,10
25534,12222613,10
25535,12222613,10
25536,12222613,30
25537,2014,500000
25538,12222613,150
25539,12222613,50
25540,12222613,10
25541,12222613,30
25542,12222613,10
25543,12222613,60
25544,12222613,20
25545,12222613,10
25546,1334494,7710
25547,2014,500000
25548,12222613,60
25549,12222613,10
25550,12222613,10
25551,12222613,30
25552,12222613,40
25553,12222613,30
25554,12222613,150
25555,12222613,50
25556,12222613,60
25557,12222613,20
25558,1334494,14070
25559,12222613,20
25560,12222613,10
25561,12222613,30
25562,12222613,10
25563,12222613,20
25564,2014,500000
25565,12222613,10
25566,12222613,10
25567,12222613,10
25568,1334494,8950
25569,12222613,10
25570,12222613,20
25571,12222613,20
25572,12222613,110
25573,12222613,30
25574,12222613,30
25575,12222613,30
25576,12222613,10
25577,12222613,10
25578,12222613,10
25579,12222613,10
25580,12222613,80
25581,12222613,30
25582,12222613,20
25583,12222613,60
25584,12222613,10
25585,12222613,10
25586,12222613,20
25587,80148050,0
25588,12222613,20
25589,12222613,30
25590,12222613,10
25591,12222613,40
25592,12222613,70
25593,12222613,10
25594,12222613,110
25595,12222613,10
25596,2014,500000
25597,2014,500000
25598,12222613,30
25599,12222613,10
25600,12222613,30
25601,2014,500000
25602,12222613,20
25603,12222613,80
25604,1334494,8780
25605,12222613,10
25606,1334494,22030
25607,12222613,30
25608,12222613,100
25609,12222613,30
25610,12222613,30
25611,12222613,10
25612,12222613,30
25613,12222613,20
25614,12222613,50
25615,12222613,100
25616,12222613,10
25617,12222613,40
25618,12222613,40
25619,12222613,70
25620,12222613,110
25621,12222613,80
25622,12222613,10
25623,12222613,20
25624,12222613,150
25625,12222613,20
25626,12222613,120
25627,12222613,30
25628,12222613,10
25629,12222613,30
25630,12222613,40
25631,12222613,150
25632,12222613,20
25633,12222613,10
25634,1334494,13670
25635,12222613,60
25636,12222613,60
25637,12222613,20
25638,12222613,30
25639,12222613,20
25640,12222613,80
25641,12222613,40
25642,12222613,30
25643,2014,500000
25644,12222613,120
25645,12222613,80
25646,2014,500000
25647,12222613,10
25648,12222613,10
25649,12222613,30
25650,12222613,10
25651,12222613,30
25652,12222613,10
25653,12222613,10
25654,12222613,40
25655,12222613,10
25656,12222613,50
25657,12222613,170
25658,12222613,30
25659,2014,500000
25660,12222613,210
25661,12222613,10
25662,2014,500000
25663,12222613,20
25664,12222613,10
25665,12222613,20
25666,12222613,10
25667,12222613,120
25668,12222613,30
25669,1334494,7380
25670,12222613,30
25671,12222613,30
25672,80148050,0
25673,12222613,50
25674,12222613,210
25675,12222613,10
25676,12222613,10
25677,12222613,20
25678,2014,500000
25679,12222613,20
25680,1334494,28900
25681,12222613,20
25682,12222613,150
25683,12222613,110
25684,12222613,10
25685,12222613,10
25686,2014,500000
25687,12222613,20
25688,12222613,40
25689,80148050,0
25690,12222613,120
25691,12222613,30
25692,12222613,20
25693,12222613,40
25694,12222613,50
25695,12222613,20
25696,12222613,10
25697,12222613,20
25698,12222613,150
25699,12222613,20
25700,12222613,150
25701,12222613,10
25702,12222613,10
25703,12222613,10
25704,12222613,110
25705,12222613,10
25706,12222613,30
25707,12222613,10
25708,12222613,10
25709,12222613,10
25710,12222613,150
25711,12222613,10
25712,12222613,30
25713,12222613,40
25714,12222613,10
25715,12222613,80
25716,1334494,5660
25717,12222613,30
25718,12222613,110
25719,12222613,30
25720,12222613,30
25721,12222613,30
25722,12222613,20
25723,12222613,20
25724,12222613,40
25725,12222613,30
25726,12222613,40
25727,12222613,30
25728,12222613,10
25729,12222613,30
25730,12222613,50
25731,12222613,10
25732,12222613,10
25733,12222613,20
25734,12222613,30
25735,12222613,10
25736,12222613,10
25737,12222613,20
25738,12222613,10
25739,12222613,20
25740,12222613,30
25741,12222613,20
25742,12222613,30
25743,12222613,50
25744,12222613,150
25745,12222613,20
25746,12222613,10
25747,12222613,30
25748,12222613,20
25749,12222613,10
25750,12222613,20
25751,12222613,70
25752,12222613,20
25753,12222613,40
25754,12222613,10
25755,12222613,30
25756,12222613,20
25757,12222613,10
25758,12222613,40
25759,1334494,32550
25760,12222613,10
25761,80148050,0
25762,12222613,110
25763,12222613,60
25764,12222613,10
25765,1334494,7280
25766,12222613,10
25767,12222613,30
25768,12222613,10
25769,12222613,10
25770,12222613,10
25771,12222613,40
25772,12222613,20
25773,12222613,40
25774,12222613,10
25775,12222613,30
25776,12222613,10
25777,80148050,0
25778,12222613,40
25779,12222613,110
25780,12222613,30
25781,12222613,10
25782,12222613,10
25783,12222613,30
25784,12222613,30
25785,12222613,20
25786,12222613,10
25787,12222613,30
25788,12222613,10
25789,12222613,20
25790,12222613,10
25791,12222613,10
25792,12222613,40
25793,12222613,20
25794,12222613,10
25795,12222613,40
25796,12222613,20
25797,12222613,30
25798,12222613,30
25799,12222613,70
25800,12222613,30
25801,1334494,7000
25802,12222613,20
25803,12222613,10
25804,12222613,20
25805,12222613,20
25806,12222613,20
25807,12222613,30
25808,12222613,20
25809,12222613,30
25810,12222613,10
25811,12222613,20
25812,12222613,40
25813,12222613,70
25814,12222613,10
25815,12222613,10
25816,12222613,80
25817,12222613,40
25818,12222613,20
25819,12222613,30
25820,12222613,10
25821,12222613,30
25822,2014,500000
25823,12222613,50
25824,12222613,20
25825,12222613,10
25826,12222613,30
25827,12222613,30
25828,80148050,0
25829,12222613,70
25830,12222613,100
25831,12222613,40
25832,12222613,80
25833,12222613,40
25834,12222613,30
25835,12222613,10
25836,12222613,30
25837,12222613,10
25838,12222613,20
25839,12222613,20
25840,12222613,10
25841,12222613,20
25842,12222613,20
25843,12222613,30
25844,12222613,60
25845,2014,500000
25846,12222613,80
25847,12222613,20
25848,12222613,20
25849,12222613,40
25850,12222613,10
25851,12222613,10
25852,12222613,30
25853,12222613,20
25854,12222613,30
25855,12222613,10
25856,12222613,10
25857,12222613,10
25858,12222613,20
25859,12222613,20
25860,12222613,10
25861,12222613,10
25862,12222613,30
25863,12222613,50
25864,12222613,60
25865,12222613,20
25866,12222613,20
25867,12222613,20
25868,12222613,110
25869,12222613,80
25870,12222613,10
25871,12222613,30
25872,12222613,10
25873,12222613,30
25874,12222613,20
25875,2014,500000
25876,12222613,150
25877,12222613,20
25878,12222613,30
25879,12222613,30
25880,12222613,10
25881,12222613,10
25882,12222613,20
25883,12222613,50
25884,12222613,50
25885,12222613,10
25886,12222613,40
25887,12222613,40
25888,12222613,20
25889,12222613,10
25890,12222613,10
25891,12222613,30
25892,12222613,10
25893,12222613,10
25894,2014,500000
25895,12222613,20
25896,12222613,50
25897,12222613,60
25898,12222613,40
25899,12222613,10
25900,12222613,20
25901,12222613,10
25902,12222613,10
25903,12222613,20
25904,12222613,10
25905,12222613,10
25906,12222613,40
25907,12222613,20
25908,12222613,150
25909,12222613,40
25910,12222613,10
25911,12222613,80
25912,80148050,0
25913,12222613,20
25914,12222613,20
25915,12222613,110
25916,12222613,20
25917,12222613,10
25918,12222613,30
25919,12222613,10
25920,12222613,20
25921,12222613,30
25922,12222613,10
25923,12222613,20
25924,12222613,10
25925,12222613,10
25926,12222613,30
25927,12222613,10
25928,12222613,30
25929,80148050,0
25930,12222613,110
25931,12222613,30
25932,12222613,30
25933,12222613,30
25934,12222613,10
25935,12222613,30
25936,12222613,110
25937,12222613,40
25938,12222613,80
25939,12222613,10
25940,12222613,10
25941,12222613,40
25942,12222613,10
25943,12222613,10
25944,12222613,10
25945,12222613,90
25946,12222613,50
25947,12222613,20
25948,12222613,10
25949,12222613,30
25950,12222613,10
25951,12222613,10
25952,12222613,20
25953,12222613,100
25954,12222613,10
25955,12222613,10
25956,12222613,10
25957,12222613,30
25958,12222613,10
25959,12222613,10
25960,12222613,10
25961,12222613,10
25962,12222613,10
25963,12222613,20
25964,12222613,30
25965,12222613,70
25966,12222613,10
25967,12222613,20
25968,12222613,40
25969,12222613,30
25970,12222613,10
25971,12222613,20
25972,12222613,70
25973,12222613,10
25974,12222613,10
25975,12222613,10
25976,12222613,30
25977,12222613,10
25978,12222613,30
25979,12222613,20
25980,12222613,50
25981,12222613,50
25982,12222613,30
25983,12222613,40
25984,12222613,10
25985,12222613,30
25986,12222613,30
25987,12222613,20
25988,12222613,30
25989,12222613,30
25990,12222613,40
25991,12222613,40
25992,12222613,10
25993,12222613,10
25994,12222613,20
25995,12222613,10
25996,12222613,10
25997,12222613,30
25998,12222613,10
25999,12222613,10
26000,12222613,40
26001,12222613,80
26002,12222613,10
26003,80148050,0
26004,12222613,20
26005,12222613,10
26006,12222613,40
26007,12222613,40
26008,12222613,70
26009,12222613,110
26010,12222613,50
26011,12222613,10
26012,12222613,30
26013,12222613,130
26014,12222613,60
26015,1334494,7260
26016,12222613,30
26017,12222613,20
26018,12222613,10
26019,12222613,20
26020,12222613,10
26021,12222613,10
26022,12222613,10
26023,12222613,10
26024,12222613,20
26025,12222613,10
26026,12222613,10
26027,12222613,30
26028,12222613,20
26029,12222613,40
26030,12222613,20
26031,12222613,20
26032,1334494,19810
26033,12222613,70
26034,12222613,60
26035,12222613,20
26036,80148050,0
26037,12222613,20
26038,12222613,10
26039,12222613,90
26040,12222613,10
26041,12222613,30
26042,12222613,10
26043,12222613,30
26044,2014,500000
26045,12222613,10
26046,12222613,60
26047,12222613,10
26048,12222613,60
26049,12222613,20
26050,12222613,20
26051,12222613,10
26052,12222613,10
26053,12222613,70
26054,12222613,20
26055,12222613,10
26056,2014,500000
26057,12222613,10
26058,1334494,8100
26059,12222613,50
26060,12222613,20
26061,12222613,30
26062,12222613,20
26063,12222613,30
26064,12222613,20
26065,12222613,30
26066,12222613,10
26067,12222613,20
26068,12222613,10
26069,12222613,40
26070,12222613,150
26071,12222613,10
26072,12222613,20
26073,12222613,30
26074,12222613,20
26075,12222613,10
26076,12222613,30
26077,12222613,10
26078,12222613,20
26079,12222613,60
26080,12222613,10
26081,12222613,50
26082,12222613,10
26083,12222613,10
26084,12222613,70
26085,12222613,70
26086,12222613,30
26087,2014,500000
26088,12222613,50
26089,12222613,10
26090,12222613,20
26091,12222613,10
26092,12222613,30
26093,12222613,40
26094,12222613,70
26095,12222613,20
26096,12222613,10
26097,12222613,10
26098,12222613,40
26099,12222613,110
26100,12222613,20
26101,12222613,30
26102,12222613,20
26103,12222613,30
26104,12222613,20
26105,12222613,10
26106,12222613,20
26107,12222613,20
26108,12222613,20
26109,12222613,10
26110,12222613,10
26111,12222613,80
26112,12222613,10
26113,12222613,10
26114,12222613,20
26115,12222613,10
26116,12222613,10
26117,12222613,30
26118,12222613,30
26119,12222613,20
26120,1334494,8520
26121,12222613,50
26122,12222613,10
26123,12222613,40
26124,12222613,30
26125,12222613,20
26126,12222613,30
26127,12222613,70
26128,12222613,40
26129,12222613,10
26130,12222613,40
26131,12222613,10
26132,1334494,7820
26133,12222613,10
26134,2014,500000
26135,12222613,10
26136,2014,500000
26137,12222613,20
26138,12222613,30
26139,80148050,0
26140,12222613,70
26141,12222613,60
26142,12222613,40
26143,12222613,60
26144,12222613,10
26145,12222613,120
26146,12222613,10
26147,12222613,10
26148,12222613,10
26149,2014,500000
26150,12222613,30
26151,12222613,60
26152,12222613,10
26153,12222613,10
26154,12222613,30
26155,12222613,30
26156,12222613,20
26157,12222613,20
26158,12222613,20
26159,12222613,20
26160,12222613,40
26161,2014,500000
26162,2014,500000
26163,12222613,10
26164,12222613,10
26165,2014,500000
26166,12222613,40
26167,12222613,20
26168,12222613,10
26169,12222613,40
26170,12222613,150
26171,12222613,80
26172,12222613,10
26173,12222613,30
26174,12222613,10
26175,2014,500000
26176,12222613,60
26177,12222613,30
26178,80148050,0
26179,12222613,10
26180,12222613,80
26181,80148050,0
26182,2014,500000
26183,12222613,10
26184,12222613,10
26185,1334494,8600
26186,12222613,30
26187,2014,500000
26188,1334494,6680
26189,12222613,10
26190,12222613,10
26191,12222613,10
26192,12222613,10
26193,2014,500000
26194,12222613,10
26195,12222613,110
26196,12222613,20
26197,12222613,50
26198,12222613,30
26199,12222613,60
26200,12222613,10
26201,12222613,50
26202,12222613,20
26203,12222613,110
26204,12222613,30
26205,12222613,10
26206,12222613,20
26207,12222613,30
26208,12222613,10
26209,12222613,210
26210,12222613,10
26211,12222613,60
26212,12222613,30
26213,12222613,20
26214,12222613,30
26215,12222613,30
26216,12222613,40
26217,12222613,20
26218,12222613,30
26219,12222613,30
26220,12222613,10
26221,12222613,30
26222,12222613,10
26223,12222613,10
26224,80148050,0
26225,12222613,10
26226,12222613,10
26227,12222613,10
26228,12222613,110
26229,12222613,50
26230,12222613,60
26231,12222613,20
26232,12222613,50
26233,12222613,40
26234,12222613,10
26235,12222613,30
26236,12222613,10
26237,12222613,30
26238,12222613,10
26239,12222613,110
26240,12222613,10
26241,12222613,60
26242,12222613,10
26243,2014,500000
26244,12222613,10
26245,12222613,70
26246,12222613,20
26247,12222613,150
26248,12222613,10
26249,12222613,10
26250,12222613,80
26251,12222613,20
26252,12222613,10
26253,12222613,30
26254,12222613,30
26255,12222613,210
26256,12222613,40
26257,12222613,10
26258,12222613,30
26259,80148050,0
26260,1334494,7030
26261,12222613,10
26262,12222613,110
26263,12222613,40
26264,12222613,110
26265,12222613,110
26266,12222613,40
26267,12222613,10
26268,12222613,50
26269,12222613,10
26270,12222613,10
26271,12222613,10
26272,12222613,20
26273,12222613,20
26274,12222613,10
26275,12222613,20
26276,12222613,30
26277,80148050,0
26278,12222613,20
26279,12222613,10
26280,12222613,10
26281,12222613,40
26282,12222613,20
26283,12222613,60
26284,12222613,10
26285,12222613,10
26286,12222613,10
26287,12222613,20
26288,12222613,30
26289,12222613,10
26290,12222613,20
26291,12222613,40
26292,12222613,10
26293,12222613,10
26294,12222613,40
26295,12222613,30
26296,80148050,0
26297,12222613,60
26298,12222613,10
26299,12222613,30
26300,12222613,10
26301,12222613,20
26302,12222613,30
26303,12222613,30
26304,1334494,7270
26305,12222613,60
26306,12222613,110
26307,12222613,110
26308,12222613,10
26309,12222613,20
26310,12222613,30
26311,12222613,10
26312,12222613,40
26313,12222613,60
26314,12222613,20
26315,12222613,10
26316,12222613,30
26317,12222613,20
26318,12222613,20
26319,12222613,40
26320,12222613,30
26321,12222613,40
26322,12222613,20
26323,12222613,20
26324,12222613,20
26325,12222613,10
26326,12222613,30
26327,12222613,10
26328,12222613,40
26329,12222613,20
26330,80148050,0
26331,12222613,30
26332,12222613,30
26333,12222613,40
26334,12222613,20
26335,12222613,30
26336,12222613,30
26337,12222613,10
26338,12222613,60
26339,12222613,20
26340,12222613,80
26341,12222613,30
26342,12222613,10
26343,12222613,50
26344,12222613,10
26345,12222613,20
26346,12222613,10
26347,12222613,180
26348,12222613,50
26349,12222613,20
26350,12222613,150
26351,12222613,20
26352,12222613,60
26353,12222613,30
26354,12222613,80
26355,12222613,20
26356,12222613,210
26357,12222613,60
26358,12222613,10
26359,12222613,20
26360,12222613,30
26361,2014,500000
26362,12222613,50
26363,12222613,20
26364,12222613,80
26365,12222613,10
26366,12222613,10
26367,12222613,40
26368,12222613,10
26369,12222613,30
26370,12222613,210
26371,12222613,110
26372,12222613,10
26373,12222613,10
26374,12222613,10
26375,12222613,10
26376,12222613,30
26377,12222613,40
26378,12222613,50
26379,12222613,10
26380,12222613,30
26381,1334494,8140
26382,12222613,20
26383,12222613,20
26384,12222613,20
26385,12222613,50
26386,12222613,30
26387,80148050,0
26388,12222613,20
26389,12222613,10
26390,12222613,50
26391,12222613,60
26392,12222613,30
26393,12222613,90
26394,12222613,10
26395,12222613,10
26396,12222613,60
26397,12222613,60
26398,12222613,30
26399,12222613,30
26400,12222613,70
26401,12222613,40
26402,12222613,20
26403,12222613,40
26404,12222613,20
26405,12222613,10
26406,12222613,50
26407,12222613,20
26408,12222613,30
26409,12222613,10
26410,12222613,50
26411,80148050,0
26412,12222613,40
26413,12222613,10
26414,12222613,40
26415,12222613,40
26416,12222613,10
26417,2014,500000
26418,12222613,60
26419,12222613,10
26420,12222613,20
26421,12222613,30
26422,12222613,10
26423,12222613,10
26424,12222613,20
26425,12222613,20
26426,1334494,7600
26427,12222613,10
26428,12222613,30
26429,12222613,30
26430,12222613,30
26431,12222613,30
26432,12222613,10
26433,12222613,10
26434,12222613,20
26435,12222613,10
26436,12222613,40
26437,12222613,20
26438,12222613,70
26439,12222613,10
26440,12222613,20
26441,12222613,40
26442,12222613,50
26443,12222613,10
26444,12222613,130
26445,12222613,10
26446,12222613,90
26447,80148050,0
26448,12222613,10
26449,12222613,20
26450,12222613,30
26451,12222613,30
26452,12222613,10
26453,12222613,10
26454,12222613,60
26455,1334494,6700
26456,12222613,10
26457,12222613,30
26458,12222613,40
26459,12222613,30
26460,12222613,10
26461,12222613,90
26462,80148050,0
26463,12222613,10
26464,12222613,20
26465,12222613,20
26466,12222613,10
26467,2014,500000
26468,12222613,30
26469,12222613,10
26470,12222613,20
26471,12222613,10
26472,12222613,10
26473,12222613,40
26474,12222613,30
26475,12222613,20
26476,12222613,20
26477,12222613,60
26478,12222613,10
26479,12222613,20
26480,12222613,10
26481,12222613,10
26482,12222613,20
26483,12222613,10
26484,12222613,20
26485,12222613,10
26486,12222613,40
26487,12222613,110
26488,12222613,50
26489,2014,500000
26490,12222613,70
26491,12222613,50
26492,12222613,20
26493,12222613,10
26494,12222613,60
26495,12222613,60
26496,12222613,20
26497,12222613,160
26498,12222613,20
26499,12222613,20
26500,12222613,30
26501,12222613,30
26502,12222613,80
26503,12222613,10
26504,12222613,40
26505,12222613,20
26506,12222613,110
26507,12222613,20
26508,12222613,30
26509,12222613,30
26510,12222613,210
26511,12222613,20
26512,12222613,10
26513,12222613,10
26514,1334494,7210
26515,12222613,150
26516,12222613,40
26517,12222613,10
26518,12222613,40
26519,12222613,40
26520,12222613,10
26521,12222613,150
26522,12222613,10
26523,12222613,60
26524,12222613,10
26525,12222613,20
26526,12222613,10
26527,12222613,30
26528,12222613,10
26529,12222613,30
26530,12222613,20
26531,12222613,20
26532,80148050,0
26533,12222613,20
26534,12222613,50
26535,12222613,60
26536,12222613,10
26537,12222613,20
26538,12222613,10
26539,12222613,10
26540,12222613,30
26541,12222613,20
26542,12222613,10
26543,12222613,10
26544,12222613,60
26545,12222613,10
26546,12222613,30
26547,12222613,10
26548,12222613,10
26549,12222613,20
26550,12222613,30
26551,12222613,60
26552,12222613,30
26553,12222613,20
26554,12222613,10
26555,12222613,30
26556,12222613,80
26557,12222613,50
26558,1334494,8490
26559,12222613,30
26560,12222613,10
26561,12222613,40
26562,12222613,10
26563,12222613,30
26564,12222613,30
26565,12222613,20
26566,12222613,10
26567,12222613,10
26568,12222613,10
26569,2014,500000
26570,12222613,30
26571,12222613,10
26572,12222613,110
26573,12222613,30
26574,12222613,10
26575,12222613,10
26576,12222613,90
26577,12222613,30
26578,12222613,10
26579,12222613,10
26580,12222613,10
26581,12222613,10
26582,12222613,10
26583,12222613,40
26584,12222613,20
26585,12222613,60
26586,12222613,20
26587,12222613,30
26588,12222613,50
26589,80148050,0
26590,12222613,20
26591,12222613,10
26592,12222613,10
26593,12222613,20
26594,12222613,40
26595,12222613,80
26596,12222613,20
26597,12222613,20
26598,12222613,30
26599,12222613,10
26600,12222613,10
26601,1334494,13400
26602,12222613,20
26603,12222613,20
26604,12222613,40
26605,1334494,15990
26606,12222613,20
26607,12222613,10
26608,2014,500000
26609,12222613,10
26610,12222613,150
26611,12222613,10
26612,12222613,10
26613,12222613,150
26614,12222613,20
26615,12222613,30
26616,12222613,20
26617,12222613,20
26618,12222613,10
26619,12222613,20
26620,12222613,20
26621,12222613,20
26622,12222613,30
26623,12222613,10
26624,12222613,20
26625,12222613,10
26626,12222613,10
26627,12222613,30
26628,12222613,60
26629,12222613,40
26630,12222613,20
26631,1334494,8560
26632,1334494,6510
26633,12222613,30
26634,12222613,20
26635,12222613,80
26636,12222613,20
26637,12222613,20
26638,12222613,30
26639,12222613,20
26640,12222613,110
26641,12222613,30
26642,12222613,10
26643,12222613,50
26644,12222613,30
26645,12222613,10
26646,12222613,10
26647,12222613,30
26648,12222613,110
26649,2014,500000
26650,12222613,30
26651,12222613,20
26652,12222613,20
26653,12222613,20
26654,12222613,20
26655,12222613,20
26656,12222613,20
26657,12222613,20
26658,12222613,50
26659,12222613,10
26660,12222613,110
26661,12222613,150
26662,12222613,150
26663,12222613,10
26664,12222613,30
26665,12222613,80
26666,12222613,30
26667,12222613,10
26668,12222613,10
26669,80148050,0
26670,12222613,50
26671,12222613,20
26672,12222613,30
26673,12222613,10
26674,12222613,30
26675,12222613,20
26676,2014,500000
26677,2014,500000
26678,12222613,110
26679,12222613,30
26680,12222613,30
26681,12222613,30
26682,12222613,50
26683,12222613,50
26684,12222613,30
26685,12222613,50
26686,12222613,10
26687,12222613,10
26688,12222613,60
26689,12222613,30
26690,12222613,20
26691,12222613,10
26692,12222613,20
26693,2014,500000
26694,12222613,50
26695,12222613,30
26696,12222613,10
26697,12222613,50
26698,12222613,20
26699,12222613,20
26700,12222613,20
26701,12222613,40
26702,12222613,30
26703,12222613,20
26704,12222613,40
26705,12222613,20
26706,12222613,20
26707,12222613,10
26708,12222613,10
26709,12222613,10
26710,12222613,20
26711,12222613,30
26712,12222613,10
26713,12222613,10
26714,12222613,30
26715,12222613,20
26716,12222613,20
26717,12222613,10
26718,80148050,0
26719,12222613,10
26720,12222613,20
26721,12222613,20
26722,12222613,20
26723,12222613,40
26724,12222613,20
26725,12222613,40
26726,12222613,30
26727,12222613,10
26728,12222613,80
26729,12222613,50
26730,12222613,30
26731,12222613,10
26732,12222613,10
26733,12222613,30
26734,12222613,10
26735,12222613,20
26736,12222613,30
26737,12222613,50
26738,12222613,60
26739,12222613,10
26740,12222613,40
26741,80148050,0
26742,12222613,30
26743,12222613,30
26744,2014,500000
26745,12222613,10
26746,12222613,40
26747,12222613,30
26748,1334494,7220
26749,80148050,0
26750,12222613,30
26751,12222613,20
26752,12222613,20
26753,12222613,10
26754,12222613,20
26755,12222613,20
26756,80148050,0
26757,12222613,10
26758,1334494,7200
26759,12222613,50
26760,12222613,20
26761,12222613,80
26762,12222613,20
26763,12222613,20
26764,12222613,30
26765,12222613,30
26766,12222613,10
26767,12222613,10
26768,12222613,20
26769,12222613,70
26770,12222613,10
26771,12222613,20
26772,12222613,10
26773,12222613,70
26774,12222613,50
26775,12222613,30
26776,12222613,60
26777,12222613,40
26778,1334494,7900
26779,12222613,30
26780,12222613,10
26781,12222613,20
26782,12222613,30
26783,12222613,150
26784,12222613,50
26785,12222613,30
26786,12222613,80
26787,12222613,10
26788,12222613,20
26789,12222613,10
26790,12222613,40
26791,2014,500000
26792,12222613,20
26793,12222613,20
26794,12222613,60
26795,12222613,20
26796,12222613,30
26797,12222613,70
26798,1334494,8400
26799,12222613,30
26800,2014,500000
26801,12222613,10
26802,12222613,20
26803,12222613,20
26804,12222613,50
26805,12222613,30
26806,12222613,20
26807,12222613,10
26808,12222613,30
26809,12222613,50
26810,12222613,10
26811,12222613,20
26812,12222613,150
26813,12222613,30
26814,12222613,30
26815,12222613,60
26816,12222613,40
26817,12222613,50
26818,12222613,10
26819,12222613,10
26820,12222613,80
26821,12222613,20
26822,12222613,10
26823,12222613,40
26824,12222613,20
26825,12222613,10
26826,12222613,30
26827,12222613,10
26828,12222613,30
26829,12222613,40
26830,12222613,30
26831,80148050,0
26832,12222613,10
26833,12222613,10
26834,12222613,30
26835,12222613,20
26836,80148050,0
26837,12222613,10
26838,12222613,10
26839,12222613,20
26840,12222613,20
26841,12222613,10
26842,12222613,20
26843,12222613,10
26844,12222613,10
26845,12222613,110
26846,12222613,10
26847,12222613,40
26848,12222613,20
26849,12222613,10
26850,12222613,110
26851,12222613,20
26852,12222613,10
26853,12222613,30
26854,12222613,10
26855,12222613,40
26856,12222613,30
26857,12222613,10
26858,12222613,30
26859,12222613,20
26860,12222613,10
26861,12222613,40
26862,12222613,10
26863,12222613,30
26864,12222613,10
26865,12222613,10
26866,12222613,10
26867,80148050,0
26868,12222613,90
26869,12222613,50
26870,12222613,20
26871,12222613,10
26872,12222613,20
26873,12222613,30
26874,12222613,10
26875,12222613,30
26876,12222613,80
26877,12222613,10
26878,12222613,30
26879,12222613,10
26880,1334494,4690
26881,12222613,110
26882,12222613,10
26883,12222613,40
26884,12222613,10
26885,12222613,20
26886,12222613,10
26887,2014,500000
26888,12222613,10
26889,12222613,150
26890,12222613,60
26891,12222613,30
26892,12222613,50
26893,12222613,30
26894,12222613,10
26895,12222613,10
26896,12222613,20
26897,12222613,60
26898,12222613,40
26899,12222613,20
26900,12222613,30
26901,12222613,10
26902,12222613,30
26903,12222613,20
26904,12222613,150
26905,12222613,10
26906,1334494,6820
26907,12222613,10
26908,12222613,110
26909,12222613,50
26910,1334494,9150
26911,12222613,20
26912,12222613,70
26913,12222613,40
26914,12222613,40
26915,12222613,30
26916,12222613,10
26917,12222613,80
26918,12222613,20
26919,12222613,30
26920,12222613,30
26921,12222613,20
26922,2014,500000
26923,12222613,30
26924,12222613,10
26925,12222613,120
26926,12222613,10
26927,12222613,50
26928,12222613,30
26929,12222613,10
26930,12222613,20
26931,12222613,10
26932,12222613,30
26933,12222613,10
26934,12222613,30
26935,12222613,10
26936,12222613,30
26937,12222613,50
26938,12222613,50
26939,12222613,10
26940,12222613,80
26941,12222613,10
26942,12222613,20
26943,12222613,10
26944,12222613,150
26945,12222613,20
26946,12222613,80
26947,12222613,20
26948,12222613,10
26949,80148050,0
26950,12222613,10
26951,12222613,10
26952,12222613,150
26953,12222613,80
26954,12222613,10
26955,12222613,30
26956,12222613,10
26957,12222613,10
26958,12222613,210
26959,12222613,10
26960,12222613,20
26961,12222613,20
26962,12222613,10
26963,12222613,20
26964,12222613,10
26965,12222613,40
26966,12222613,30
26967,12222613,50
26968,12222613,110
26969,12222613,80
26970,12222613,20
26971,12222613,20
26972,2014,500000
26973,12222613,10
26974,12222613,110
26975,12222613,210
26976,12222613,40
26977,12222613,10
26978,12222613,80
26979,12222613,30
26980,12222613,10
26981,80148050,0
26982,12222613,30
26983,12222613,20
26984,12222613,10
26985,12222613,30
26986,12222613,80
26987,12222613,80
26988,2014,500000
26989,12222613,20
26990,12222613,40
26991,12222613,30
26992,12222613,10
26993,12222613,10
26994,12222613,30
26995,12222613,10
26996,12222613,10
26997,12222613,20
26998,12222613,10
26999,12222613,30
27000,12222613,30
27001,12222613,10
27002,12222613,50
27003,12222613,50
27004,12222613,40
27005,12222613,30
27006,2014,500000
27007,12222613,30
27008,1334494,7510
27009,12222613,10
27010,12222613,40
27011,2014,500000
27012,12222613,10
27013,12222613,10
27014,12222613,20
27015,12222613,20
27016,12222613,10
27017,12222613,20
27018,12222613,10
27019,12222613,20
27020,12222613,30
27021,12222613,20
27022,12222613,10
27023,12222613,70
27024,80148050,0
27025,12222613,10
27026,80148050,0
27027,12222613,20
27028,12222613,10
27029,12222613,40
27030,12222613,40
27031,12222613,10
27032,12222613,90
27033,12222613,60
27034,1334494,9730
27035,12222613,40
27036,12222613,10
27037,12222613,210
27038,12222613,20
27039,12222613,40
27040,12222613,10
27041,12222613,20
27042,12222613,40
27043,12222613,40
27044,12222613,20
27045,12222613,10
27046,12222613,30
27047,12222613,20
27048,12222613,30
27049,12222613,30
27050,12222613,20
27051,12222613,10
27052,12222613,40
27053,12222613,30
27054,12222613,20
27055,12222613,10
27056,12222613,30
27057,12222613,20
27058,12222613,80
27059,12222613,20
27060,12222613,50
27061,12222613,10
27062,12222613,30
27063,80148050,0
27064,12222613,30
27065,12222613,30
27066,12222613,10
27067,12222613,50
27068,12222613,40
27069,12222613,10
27070,12222613,20
27071,12222613,10
27072,12222613,20
27073,12222613,10
27074,12222613,30
27075,12222613,10
27076,12222613,10
27077,12222613,30
27078,12222613,50
27079,12222613,20
27080,12222613,10
27081,12222613,20
27082,12222613,20
27083,12222613,50
27084,12222613,30
27085,12222613,70
27086,12222613,20
27087,12222613,10
27088,12222613,10
27089,80148050,0
27090,12222613,60
27091,12222613,10
27092,12222613,10
27093,12222613,30
27094,1334494,9180
27095,12222613,150
27096,12222613,10
27097,12222613,30
27098,12222613,10
27099,12222613,50
27100,2014,500000
27101,12222613,10
27102,12222613,10
27103,12222613,30
27104,12222613,80
27105,12222613,50
27106,12222613,290
27107,12222613,60
27108,12222613,10
27109,12222613,40
27110,12222613,50
27111,12222613,20
27112,12222613,10
27113,12222613,60
27114,12222613,30
27115,12222613,50
27116,12222613,20
27117,12222613,30
27118,12222613,40
27119,12222613,20
27120,12222613,10
27121,12222613,20
27122,12222613,40
27123,12222613,20
27124,12222613,30
27125,2014,500000
27126,12222613,40
27127,12222613,20
27128,2014,500000
27129,12222613,10
27130,12222613,10
27131,12222613,30
27132,12222613,60
27133,12222613,10
27134,12222613,10
27135,12222613,10
27136,12222613,20
27137,12222613,20
27138,12222613,30
27139,12222613,10
27140,12222613,20
27141,12222613,10
27142,1334494,7270
27143,12222613,30
27144,12222613,20
27145,12222613,20
27146,12222613,60
27147,12222613,40
27148,12222613,30
27149,12222613,30
27150,12222613,10
27151,2014,500000
27152,1334494,9420
27153,12222613,30
27154,12222613,50
27155,12222613,70
27156,1334494,6650
27157,12222613,10
27158,12222613,40
27159,12222613,30
27160,2014,500000
27161,12222613,20
27162,2014,500000
27163,1334494,7800
27164,12222613,40
27165,12222613,40
27166,12222613,10
27167,12222613,20
27168,12222613,20
27169,12222613,30
27170,12222613,60
27171,12222613,10
27172,12222613,20
27173,12222613,50
27174,12222613,110
27175,12222613,40
27176,2014,500000
27177,2014,500000
27178,12222613,10
27179,1334494,5450
27180,12222613,20
27181,12222613,30
27182,12222613,210
27183,12222613,50
27184,12222613,10
27185,12222613,110
27186,12222613,60
27187,12222613,40
27188,12222613,40
27189,12222613,30
27190,12222613,30
27191,1334494,33550
27192,12222613,20
27193,12222613,20
27194,12222613,10
27195,12222613,20
27196,12222613,20
27197,12222613,10
27198,12222613,40
27199,12222613,60
27200,12222613,20
27201,12222613,30
27202,12222613,10
27203,12222613,30
27204,12222613,110
27205,12222613,50
27206,12222613,10
27207,12222613,20
27208,12222613,10
27209,12222613,30
27210,12222613,20
27211,12222613,20
27212,12222613,30
27213,12222613,10
27214,12222613,10
27215,12222613,30
27216,12222613,10
27217,12222613,40
27218,12222613,20
27219,12222613,60
27220,12222613,30
27221,12222613,40
27222,12222613,20
27223,12222613,30
27224,12222613,10
27225,12222613,20
27226,12222613,30
27227,12222613,10
27228,12222613,10
27229,12222613,150
27230,12222613,20
27231,12222613,20
27232,12222613,10
27233,12222613,10
27234,12222613,20
27235,12222613,60
27236,12222613,10
27237,12222613,60
27238,12222613,70
27239,12222613,10
27240,12222613,10
27241,12222613,80
27242,12222613,80
27243,12222613,10
27244,80148050,0
27245,12222613,10
27246,12222613,60
27247,12222613,10
27248,12222613,20
27249,12222613,30
27250,12222613,100
27251,12222613,10
27252,1334494,5350
27253,12222613,30
27254,12222613,10
27255,12222613,10
27256,12222613,20
27257,12222613,20
27258,12222613,10
27259,12222613,60
27260,12222613,10
27261,2014,500000
27262,12222613,20
27263,12222613,80
27264,12222613,50
27265,12222613,10
27266,12222613,10
27267,12222613,30
27268,12222613,40
27269,12222613,10
27270,12222613,40
27271,12222613,20
27272,12222613,20
27273,12222613,50
27274,12222613,120
27275,12222613,20
27276,12222613,10
27277,12222613,20
27278,12222613,40
27279,12222613,10
27280,12222613,150
27281,12222613,10
27282,12222613,30
27283,12222613,20
27284,12222613,30
27285,80148050,0
27286,12222613,10
27287,12222613,20
27288,12222613,10
27289,12222613,30
27290,12222613,30
27291,12222613,20
27292,12222613,30
27293,12222613,50
27294,12222613,20
27295,12222613,10
27296,12222613,10
27297,12222613,40
27298,12222613,20
27299,12222613,10
27300,12222613,10
27301,2014,500000
27302,12222613,20
27303,12222613,70
27304,12222613,10
27305,12222613,20
27306,12222613,10
27307,12222613,30
27308,12222613,60
27309,12222613,90
27310,12222613,150
27311,12222613,30
27312,12222613,10
27313,12222613,10
27314,12222613,10
27315,12222613,20
27316,12222613,10
27317,12222613,30
27318,12222613,150
27319,12222613,10
27320,80148050,0
27321,12222613,20
27322,12222613,20
27323,12222613,10
27324,12222613,20
27325,80148050,0
27326,12222613,30
27327,12222613,10
27328,12222613,20
27329,12222613,80
27330,80148050,0
27331,12222613,60
27332,12222613,60
27333,12222613,80
27334,12222613,10
27335,2014,500000
27336,2014,500000
27337,12222613,10
27338,12222613,10
27339,12222613,30
27340,12222613,30
27341,12222613,20
27342,12222613,20
27343,12222613,40
27344,12222613,130
27345,80148050,0
27346,12222613,10
27347,12222613,10
27348,12222613,20
27349,12222613,50
27350,1334494,6660
27351,12222613,10
27352,12222613,40
27353,12222613,30
27354,80148050,0
27355,12222613,10
27356,12222613,10
27357,12222613,20
27358,12222613,10
27359,12222613,10
27360,12222613,110
27361,12222613,30
27362,12222613,110
27363,12222613,90
27364,12222613,150
27365,12222613,80
27366,12222613,30
27367,2014,500000
27368,12222613,40
27369,12222613,40
27370,12222613,10
27371,12222613,10
27372,12222613,30
27373,12222613,20
27374,12222613,50
27375,12222613,30
27376,12222613,30
27377,12222613,10
27378,12222613,20
27379,12222613,20
27380,12222613,10
27381,12222613,40
27382,12222613,10
27383,12222613,10
27384,12222613,20
27385,12222613,30
27386,12222613,20
27387,12222613,30
27388,12222613,40
27389,12222613,20
27390,12222613,10
27391,12222613,70
27392,12222613,20
27393,12222613,60
27394,12222613,30
27395,12222613,10
27396,12222613,20
27397,12222613,70
27398,1334494,7330
27399,12222613,30
27400,2014,500000
27401,12222613,60
27402,12222613,60
27403,12222613,40
27404,2014,500000
27405,12222613,40
27406,12222613,30
27407,12222613,150
27408,12222613,30
27409,12222613,60
27410,12222613,30
27411,12222613,10
27412,12222613,120
27413,12222613,20
27414,12222613,40
27415,12222613,40
27416,12222613,30
27417,12222613,150
27418,2014,500000
27419,12222613,20
27420,12222613,20
27421,12222613,20
27422,12222613,10
27423,12222613,110
27424,12222613,50
27425,12222613,40
27426,12222613,10
27427,12222613,40
27428,12222613,10
27429,12222613,20
27430,12222613,10
27431,12222613,10
27432,12222613,30
27433,12222613,20
27434,12222613,80
27435,12222613,50
27436,12222613,10
27437,12222613,30
27438,12222613,40
27439,12222613,20
27440,12222613,10
27441,12222613,40
27442,12222613,50
27443,12222613,30
27444,12222613,20
27445,12222613,40
27446,12222613,10
27447,12222613,10
27448,12222613,20
27449,12222613,50
27450,12222613,10
27451,12222613,20
27452,12222613,30
27453,12222613,210
27454,12222613,10
27455,12222613,10
27456,12222613,30
27457,2014,500000
27458,12222613,20
27459,1334494,14070
27460,12222613,110
27461,12222613,110
27462,12222613,10
27463,12222613,20
27464,12222613,30
27465,12222613,20
27466,12222613,40
27467,12222613,10
27468,12222613,20
27469,12222613,10
27470,12222613,10
27471,12222613,40
27472,12222613,20
27473,12222613,10
27474,12222613,10
27475,12222613,10
27476,12222613,40
27477,12222613,50
27478,12222613,10
27479,12222613,10
27480,12222613,10
27481,12222613,80
27482,12222613,20
27483,12222613,10
27484,12222613,30
27485,12222613,10
27486,12222613,50
27487,12222613,60
27488,12222613,20
27489,12222613,10
27490,12222613,60
27491,12222613,10
27492,12222613,30
27493,12222613,20
27494,12222613,20
27495,12222613,10
27496,12222613,10
27497,12222613,10
27498,12222613,10
27499,12222613,50
27500,12222613,10
27501,12222613,40
27502,12222613,10
27503,12222613,110
27504,12222613,10
27505,12222613,10
27506,12222613,70
27507,1334494,11360
27508,12222613,20
27509,12222613,150
27510,2014,500000
27511,12222613,20
27512,12222613,60
27513,12222613,20
27514,12222613,30
27515,12222613,20
27516,12222613,10
27517,12222613,40
27518,12222613,20
27519,12222613,20
27520,12222613,30
27521,12222613,50
27522,12222613,20
27523,12222613,20
27524,1334494,6670
27525,12222613,40
27526,12222613,20
27527,12222613,40
27528,12222613,10
27529,12222613,40
27530,12222613,30
27531,1334494,5410
27532,12222613,60
27533,12222613,10
27534,12222613,20
27535,12222613,90
27536,12222613,70
27537,12222613,60
27538,12222613,20
27539,12222613,10
27540,12222613,20
27541,12222613,10
27542,12222613,20
27543,80148050,0
27544,12222613,20
27545,12222613,20
27546,12222613,40
27547,12222613,30
27548,80148050,0
27549,12222613,70
27550,12222613,60
27551,12222613,80
27552,12222613,10
27553,12222613,10
27554,12222613,20
27555,12222613,30
27556,12222613,10
27557,2014,500000
27558,12222613,10
27559,12222613,10
27560,12222613,30
27561,12222613,20
27562,12222613,160
27563,12222613,40
27564,12222613,10
27565,12222613,10
27566,12222613,40
27567,12222613,10
27568,12222613,20
27569,12222613,20
27570,12222613,10
27571,12222613,10
27572,12222613,10
27573,12222613,10
27574,12222613,30
27575,12222613,40
27576,12222613,120
27577,12222613,10
27578,12222613,20
27579,12222613,10
27580,12222613,10
27581,12222613,10
27582,12222613,10
27583,2014,500000
27584,12222613,40
27585,12222613,10
27586,12222613,10
27587,12222613,10
27588,12222613,10
27589,12222613,20
27590,12222613,30
27591,12222613,30
27592,2014,500000
27593,12222613,30
27594,12222613,10
27595,12222613,30
27596,12222613,20
27597,12222613,110
27598,12222613,20
27599,12222613,30
27600,12222613,80
27601,12222613,30
27602,12222613,30
27603,12222613,60
27604,12222613,20
27605,12222613,10
27606,12222613,10
27607,12222613,10
27608,12222613,50
27609,12222613,30
27610,12222613,10
27611,12222613,40
27612,12222613,20
27613,12222613,10
27614,12222613,20
27615,12222613,50
27616,12222613,10
27617,12222613,20
27618,12222613,10
27619,12222613,20
27620,12222613,20
27621,12222613,10
27622,12222613,20
27623,12222613,30
27624,12222613,30
27625,12222613,50
27626,80148050,0
27627,12222613,60
27628,1334494,7420
27629,12222613,50
27630,12222613,10
27631,12222613,10
27632,12222613,10
27633,12222613,20
27634,12222613,40
27635,12222613,70
27636,12222613,10
27637,12222613,10
27638,12222613,40
27639,12222613,30
27640,12222613,10
27641,12222613,20
27642,12222613,10
27643,12222613,80
27644,12222613,30
27645,2014,500000
27646,12222613,30
27647,12222613,50
27648,12222613,80
27649,12222613,80
27650,12222613,10
27651,12222613,10
27652,12222613,10
27653,12222613,20
27654,12222613,10
27655,12222613,30
27656,12222613,30
27657,12222613,10
27658,12222613,30
27659,12222613,10
27660,12222613,60
27661,2014,500000
27662,12222613,10
27663,12222613,20
27664,12222613,20
27665,12222613,30
27666,12222613,60
27667,12222613,50
27668,12222613,150
27669,12222613,20
27670,12222613,20
27671,2014,500000
27672,12222613,10
27673,12222613,60
27674,12222613,20
27675,12222613,30
27676,1334494,7310
27677,12222613,50
27678,12222613,60
27679,12222613,20
27680,12222613,10
27681,12222613,20
27682,12222613,20
27683,12222613,10
27684,12222613,20
27685,12222613,20
27686,2014,500000
27687,12222613,30
27688,12222613,50
27689,12222613,50
27690,12222613,80
27691,12222613,10
27692,12222613,20
27693,12222613,20
27694,12222613,20
27695,1334494,8070
27696,12222613,10
27697,12222613,10
27698,12222613,190
27699,12222613,10
27700,12222613,40
27701,12222613,30
27702,12222613,30
27703,12222613,10
27704,12222613,10
27705,12222613,20
27706,12222613,10
27707,12222613,70
27708,12222613,20
27709,12222613,10
27710,12222613,10
27711,12222613,30
27712,1334494,8230
27713,12222613,20
27714,12222613,80
27715,12222613,80
27716,12222613,70
27717,12222613,30
27718,12222613,20
27719,12222613,20
27720,12222613,20
27721,1334494,7620
27722,12222613,30
27723,12222613,60
27724,12222613,40
27725,12222613,90
27726,12222613,150
27727,12222613,10
27728,12222613,50
27729,12222613,20
27730,12222613,20
27731,12222613,150
27732,12222613,10
27733,12222613,80
27734,12222613,20
27735,12222613,30
27736,12222613,20
27737,12222613,10
27738,12222613,30
27739,2014,500000
27740,12222613,10
27741,12222613,10
27742,12222613,40
27743,12222613,40
27744,12222613,10
27745,12222613,30
27746,12222613,10
27747,12222613,20
27748,12222613,20
27749,12222613,10
27750,12222613,40
27751,12222613,10
27752,12222613,110
27753,12222613,10
27754,12222613,20
27755,12222613,10
27756,12222613,20
27757,12222613,30
27758,12222613,10
27759,12222613,10
27760,12222613,60
27761,12222613,20
27762,12222613,60
27763,12222613,10
27764,12222613,10
27765,12222613,10
27766,2014,500000
27767,12222613,10
27768,12222613,10
27769,12222613,10
27770,12222613,20
27771,12222613,10
27772,12222613,10
27773,12222613,10
27774,12222613,10
27775,12222613,30
27776,12222613,20
27777,2014,500000
27778,12222613,30
27779,12222613,20
27780,12222613,10
27781,12222613,30
27782,12222613,10
27783,12222613,20
27784,12222613,80
27785,80148050,0
27786,12222613,20
27787,12222613,30
27788,12222613,20
27789,12222613,10
27790,12222613,20
27791,12222613,20
27792,12222613,20
27793,12222613,10
27794,80148050,0
27795,12222613,10
27796,12222613,10
27797,12222613,10
27798,12222613,10
27799,12222613,20
27800,12222613,40
27801,12222613,10
27802,12222613,10
27803,12222613,50
27804,12222613,30
27805,12222613,10
27806,12222613,20
27807,12222613,60
27808,1334494,6340
27809,12222613,30
27810,12222613,80
27811,12222613,30
27812,12222613,20
27813,2014,500000
27814,12222613,120
27815,12222613,50
27816,12222613,10
27817,12222613,10
27818,80148050,0
27819,12222613,30
27820,12222613,40
27821,12222613,10
27822,1334494,8360
27823,12222613,20
27824,12222613,30
27825,12222613,10
27826,1334494,9140
27827,12222613,20
27828,12222613,110
27829,12222613,80
27830,12222613,40
27831,12222613,30
27832,12222613,20
27833,12222613,20
27834,12222613,30
27835,12222613,10
27836,2014,500000
27837,12222613,10
27838,12222613,30
27839,12222613,30
27840,12222613,10
27841,12222613,10
27842,12222613,10
27843,12222613,30
27844,12222613,30
27845,12222613,10
27846,12222613,40
27847,2014,500000
27848,12222613,30
27849,12222613,40
27850,12222613,110
27851,12222613,60
27852,12222613,10
27853,12222613,20
27854,12222613,50
27855,12222613,50
27856,12222613,20
27857,12222613,30
27858,12222613,10
27859,12222613,10
27860,12222613,10
27861,1334494,5170
27862,12222613,20
27863,12222613,60
27864,12222613,60
27865,12222613,20
27866,12222613,10
27867,12222613,10
27868,12222613,10
27869,12222613,10
27870,1334494,7430
27871,12222613,20
27872,12222613,20
27873,12222613,20
27874,1334494,7770
27875,12222613,20
27876,12222613,50
27877,12222613,10
27878,12222613,10
27879,2014,500000
27880,12222613,120
27881,12222613,10
27882,12222613,70
27883,2014,500000
27884,12222613,30
27885,12222613,10
27886,80148050,0
27887,12222613,10
27888,12222613,70
27889,12222613,10
27890,12222613,10
27891,12222613,40
27892,12222613,20
27893,2014,500000
27894,12222613,10
27895,12222613,10
27896,12222613,20
27897,12222613,50
27898,12222613,50
27899,12222613,30
27900,12222613,20
27901,12222613,110
27902,12222613,20
27903,12222613,30
27904,12222613,80
27905,12222613,30
27906,80148050,0
27907,12222613,40
27908,12222613,10
27909,12222613,10
27910,12222613,20
27911,12222613,20
27912,12222613,10
27913,12222613,10
27914,12222613,20
27915,12222613,40
27916,12222613,10
27917,12222613,40
27918,80148050,0
27919,12222613,10
27920,12222613,30
27921,2014,500000
27922,12222613,10
27923,12222613,70
27924,12222613,10
27925,12222613,40
27926,12222613,50
27927,12222613,30
27928,2014,500000
27929,12222613,10
27930,12222613,20
27931,12222613,20
27932,12222613,20
27933,12222613,10
27934,12222613,10
27935,12222613,10
27936,12222613,20
27937,12222613,10
27938,12222613,80
27939,12222613,20
27940,12222613,20
27941,12222613,20
27942,12222613,10
27943,12222613,30
27944,12222613,10
27945,12222613,160
27946,12222613,10
27947,12222613,10
27948,12222613,30
27949,12222613,60
27950,12222613,90
27951,12222613,40
27952,12222613,70
27953,12222613,20
27954,12222613,10
27955,12222613,20
27956,12222613,150
27957,12222613,30
27958,12222613,20
27959,12222613,20
27960,12222613,10
27961,12222613,20
27962,12222613,10
27963,80148050,0
27964,12222613,20
27965,12222613,20
27966,12222613,10
27967,12222613,20
27968,12222613,10
27969,12222613,10
27970,12222613,10
27971,12222613,10
27972,12222613,10
27973,12222613,40
27974,12222613,10
27975,12222613,10
27976,12222613,30
27977,12222613,20
27978,12222613,30
27979,12222613,10
27980,12222613,20
27981,12222613,20
27982,12222613,20
27983,12222613,20
27984,12222613,20
27985,12222613,80
27986,12222613,10
27987,12222613,30
27988,12222613,10
27989,12222613,20
27990,12222613,80
27991,12222613,50
27992,12222613,50
27993,12222613,10
27994,12222613,20
27995,12222613,30
27996,12222613,120
27997,12222613,10
27998,12222613,10
27999,12222613,80
28000,80148050,0
28001,12222613,20
28002,12222613,20
28003,12222613,80
28004,12222613,30
28005,12222613,60
28006,12222613,170
28007,12222613,80
28008,12222613,40
28009,12222613,30
28010,12222613,10
28011,12222613,250
28012,12222613,10
28013,12222613,10
28014,12222613,60
28015,12222613,20
28016,12222613,10
28017,80148050,0
28018,12222613,80
28019,12222613,60
28020,12222613,110
28021,12222613,40
28022,12222613,30
28023,12222613,20
28024,12222613,50
28025,12222613,10
28026,12222613,30
28027,12222613,30
28028,80148050,0
28029,2014,500000
28030,12222613,10
28031,12222613,20
28032,12222613,30
28033,12222613,150
28034,12222613,110
28035,12222613,30
28036,12222613,10
28037,12222613,20
28038,80148050,0
28039,12222613,10
28040,12222613,150
28041,12222613,10
28042,12222613,20
28043,12222613,20
28044,12222613,10
28045,12222613,30
28046,12222613,40
28047,12222613,10
28048,12222613,10
28049,12222613,20
28050,12222613,20
28051,12222613,10
28052,12222613,20
28053,12222613,20
28054,12222613,50
28055,12222613,150
28056,12222613,20
28057,12222613,10
28058,12222613,30
28059,12222613,10
28060,12222613,20
28061,12222613,20
28062,12222613,10
28063,2014,500000
28064,12222613,60
28065,12222613,30
28066,12222613,40
28067,12222613,80
28068,12222613,50
28069,12222613,20
28070,12222613,20
28071,12222613,30
28072,12222613,60
28073,12222613,20
28074,12222613,10
28075,12222613,150
28076,12222613,10
28077,12222613,10
28078,12222613,10
28079,12222613,20
28080,12222613,20
28081,12222613,20
28082,12222613,10
28083,12222613,20
28084,12222613,10
28085,12222613,10
28086,12222613,10
28087,12222613,10
28088,12222613,10
28089,12222613,10
28090,12222613,30
28091,12222613,110
28092,12222613,100
28093,12222613,20
28094,12222613,20
28095,12222613,40
28096,12222613,10
28097,12222613,10
28098,12222613,40
28099,12222613,10
28100,12222613,10
28101,12222613,10
28102,12222613,20
28103,12222613,90
28104,12222613,30
28105,12222613,110
28106,12222613,30
28107,12222613,20
28108,12222613,40
28109,12222613,10
28110,12222613,120
28111,12222613,10
28112,12222613,10
28113,12222613,20
28114,12222613,10
28115,12222613,10
28116,12222613,10
28117,12222613,10
28118,12222613,10
28119,12222613,20
28120,12222613,210
28121,12222613,20
28122,12222613,90
28123,1334494,5300
28124,12222613,80
28125,12222613,20
28126,80148050,0
28127,12222613,20
28128,12222613,10
28129,12222613,80
28130,12222613,20
28131,12222613,20
28132,12222613,160
28133,12222613,20
28134,12222613,10
28135,12222613,20
28136,12222613,10
28137,12222613,110
28138,12222613,10
28139,12222613,30
28140,12222613,10
28141,12222613,20
28142,12222613,20
28143,12222613,10
28144,12222613,30
28145,12222613,20
28146,12222613,10
28147,12222613,10
28148,12222613,40
28149,12222613,40
28150,12222613,10
28151,12222613,10
28152,12222613,10
28153,12222613,60
28154,12222613,50
28155,12222613,10
28156,12222613,30
28157,12222613,20
28158,12222613,10
28159,12222613,10
28160,12222613,30
28161,12222613,10
28162,12222613,70
28163,12222613,10
28164,12222613,80
28165,12222613,20
28166,12222613,20
28167,12222613,10
28168,12222613,40
28169,12222613,10
28170,1334494,85140
28171,12222613,10
28172,12222613,30
28173,12222613,40
28174,12222613,10
28175,12222613,10
28176,12222613,80
28177,2014,500000
28178,12222613,30
28179,12222613,90
28180,12222613,50
28181,12222613,50
28182,12222613,40
28183,12222613,40
28184,12222613,10
28185,12222613,30
28186,12222613,10
28187,12222613,10
28188,12222613,30
28189,12222613,20
28190,12222613,30
28191,12222613,10
28192,12222613,20
28193,12222613,110
28194,12222613,10
28195,12222613,30
28196,12222613,150
28197,12222613,10
28198,12222613,40
28199,12222613,40
28200,12222613,10
28201,12222613,150
28202,12222613,20
28203,12222613,30
28204,12222613,30
28205,12222613,10
28206,12222613,10
28207,12222613,20
28208,12222613,10
28209,12222613,80
28210,12222613,10
28211,12222613,10
28212,12222613,10
28213,12222613,10
28214,12222613,10
28215,12222613,30
28216,12222613,20
28217,12222613,20
28218,12222613,20
28219,12222613,10
28220,12222613,30
28221,12222613,30
28222,12222613,10
28223,12222613,10
28224,12222613,40
28225,12222613,50
28226,12222613,30
28227,2014,500000
28228,12222613,20
28229,12222613,50
28230,80148050,0
28231,12222613,110
28232,12222613,20
28233,12222613,50
28234,12222613,20
28235,12222613,40
28236,12222613,50
28237,12222613,90
28238,12222613,30
28239,12222613,40
28240,12222613,50
28241,12222613,20
28242,12222613,30
28243,12222613,10
28244,12222613,10
28245,12222613,30
28246,12222613,10
28247,12222613,30
28248,12222613,20
28249,12222613,60
28250,12222613,10
28251,12222613,40
28252,12222613,20
28253,12222613,10
28254,12222613,30
28255,12222613,40
28256,12222613,20
28257,12222613,40
28258,12222613,40
28259,12222613,10
28260,12222613,10
28261,12222613,20
28262,12222613,10
28263,12222613,20
28264,12222613,40
28265,12222613,50
28266,12222613,20
28267,12222613,10
28268,12222613,20
28269,2014,500000
28270,12222613,20
28271,12222613,10
28272,12222613,30
28273,12222613,10
28274,12222613,10
28275,12222613,40
28276,12222613,60
28277,12222613,40
28278,12222613,60
28279,80148050,0
28280,12222613,10
28281,2014,500000
28282,12222613,30
28283,12222613,40
28284,12222613,30
28285,12222613,10
28286,12222613,60
28287,12222613,10
28288,12222613,10
28289,80148050,0
28290,12222613,20
28291,12222613,30
28292,12222613,10
28293,12222613,10
28294,12222613,40
28295,12222613,20
28296,12222613,10
28297,1334494,8760
28298,12222613,110
28299,12222613,30
28300,12222613,20
28301,12222613,30
28302,12222613,40
28303,12222613,20
28304,12222613,20
28305,12222613,10
28306,12222613,50
28307,12222613,20
28308,12222613,10
28309,12222613,30
28310,12222613,10
28311,12222613,40
28312,12222613,10
28313,12222613,30
28314,12222613,40
28315,12222613,40
28316,12222613,40
28317,12222613,80
28318,12222613,10
28319,12222613,20
28320,12222613,10
28321,12222613,30
28322,12222613,30
28323,12222613,150
28324,12222613,40
28325,12222613,40
28326,12222613,70
28327,12222613,30
28328,12222613,10
28329,12222613,30
28330,12222613,10
28331,12222613,20
28332,12222613,40
28333,12222613,10
28334,12222613,10
28335,12222613,60
28336,12222613,20
28337,12222613,20
28338,80148050,0
28339,12222613,10
28340,12222613,40
28341,12222613,40
28342,12222613,10
28343,12222613,10
28344,12222613,20
28345,12222613,20
28346,12222613,20
28347,12222613,10
28348,1334494,8160
28349,12222613,30
28350,12222613,20
28351,12222613,20
28352,12222613,10
28353,12222613,10
28354,12222613,50
28355,12222613,10
28356,12222613,30
28357,12222613,10
28358,12222613,110
28359,12222613,10
28360,12222613,150
28361,12222613,10
28362,12222613,50
28363,12222613,20
28364,12222613,20
28365,12222613,20
28366,12222613,20
28367,12222613,20
28368,12222613,50
28369,12222613,40
28370,12222613,10
28371,12222613,30
28372,12222613,10
28373,12222613,10
28374,12222613,70
28375,12222613,10
28376,1334494,8700
28377,80148050,0
28378,12222613,50
28379,12222613,80
28380,12222613,10
28381,12222613,20
28382,12222613,30
28383,12222613,10
28384,1334494,11540
28385,12222613,30
28386,12222613,40
28387,12222613,60
28388,12222613,40
28389,12222613,60
28390,2014,500000
28391,12222613,20
28392,12222613,10
28393,12222613,150
28394,12222613,10
28395,12222613,80
28396,12222613,70
28397,12222613,70
28398,12222613,20
28399,12222613,40
28400,12222613,20
28401,12222613,10
28402,12222613,30
28403,12222613,10
28404,12222613,40
28405,12222613,60
28406,12222613,30
28407,12222613,20
28408,12222613,60
28409,12222613,20
28410,12222613,30
28411,12222613,20
28412,12222613,10
28413,12222613,30
28414,12222613,10
28415,12222613,40
28416,12222613,150
28417,12222613,10
28418,12222613,70
28419,12222613,30
28420,12222613,20
28421,12222613,10
28422,12222613,20
28423,12222613,10
28424,12222613,20
28425,12222613,20
28426,12222613,10
28427,12222613,10
28428,12222613,60
28429,12222613,90
28430,12222613,30
28431,12222613,50
28432,12222613,60
28433,12222613,70
28434,12222613,20
28435,12222613,30
28436,12222613,30
28437,12222613,20
28438,12222613,10
28439,12222613,290
28440,12222613,30
28441,12222613,40
28442,12222613,10
28443,80148050,0
28444,12222613,30
28445,12222613,10
28446,12222613,40
28447,12222613,10
28448,12222613,20
28449,12222613,30
28450,12222613,20
28451,12222613,80
28452,12222613,10
28453,12222613,50
28454,12222613,20
28455,12222613,20
28456,12222613,30
28457,12222613,110
28458,12222613,20
28459,12222613,30
28460,80148050,0
28461,12222613,10
28462,12222613,20
28463,12222613,10
28464,12222613,20
28465,12222613,50
28466,12222613,30
28467,12222613,20
28468,12222613,10
28469,12222613,30
28470,12222613,20
28471,2014,500000
28472,12222613,60
28473,12222613,20
28474,12222613,10
28475,12222613,10
28476,12222613,60
28477,12222613,210
28478,12222613,60
28479,12222613,10
28480,12222613,60
28481,2014,500000
28482,12222613,30
28483,12222613,10
28484,12222613,10
28485,12222613,10
28486,12222613,10
28487,12222613,20
28488,12222613,10
28489,12222613,10
28490,12222613,30
28491,12222613,20
28492,12222613,40
28493,12222613,20
28494,12222613,50
28495,12222613,10
28496,12222613,10
28497,12222613,20
28498,12222613,60
28499,12222613,30
28500,12222613,10
28501,12222613,10
28502,12222613,10
28503,12222613,10
28504,12222613,30
28505,2014,500000
28506,80148050,0
28507,12222613,40
28508,1334494,20960
28509,12222613,20
28510,12222613,60
28511,12222613,30
28512,12222613,110
28513,12222613,20
28514,12222613,40
28515,12222613,20
28516,12222613,10
28517,12222613,40
28518,12222613,10
28519,12222613,30
28520,12222613,10
28521,12222613,30
28522,12222613,10
28523,12222613,20
28524,12222613,30
28525,12222613,40
28526,1334494,8180
28527,12222613,10
28528,12222613,20
28529,12222613,20
28530,12222613,30
28531,12222613,10
28532,12222613,20
28533,12222613,40
28534,12222613,20
28535,12222613,10
28536,12222613,10
28537,12222613,10
28538,12222613,150
28539,12222613,30
28540,12222613,10
28541,12222613,20
28542,12222613,40
28543,12222613,20
28544,12222613,50
28545,12222613,110
28546,12222613,110
28547,12222613,20
28548,12222613,20
28549,12222613,20
28550,12222613,10
28551,12222613,80
28552,12222613,20
28553,12222613,30
28554,12222613,10
28555,12222613,30
28556,12222613,10
28557,12222613,50
28558,12222613,30
28559,12222613,10
28560,12222613,20
28561,12222613,10
28562,12222613,40
28563,12222613,10
28564,12222613,10
28565,12222613,10
28566,12222613,30
28567,12222613,150
28568,12222613,70
28569,12222613,20
28570,12222613,10
28571,12222613,10
28572,12222613,10
28573,12222613,10
28574,12222613,10
28575,12222613,30
28576,12222613,120
28577,12222613,20
28578,12222613,10
28579,2014,500000
28580,12222613,150
28581,12222613,10
28582,12222613,20
28583,12222613,30
28584,12222613,10
28585,12222613,20
28586,12222613,60
28587,12222613,10
28588,12222613,160
28589,12222613,10
28590,12222613,40
28591,12222613,10
28592,12222613,30
28593,12222613,20
28594,12222613,20
28595,12222613,50
28596,12222613,20
28597,80148050,0
28598,12222613,150
28599,12222613,70
28600,12222613,30
28601,12222613,10
28602,12222613,40
28603,12222613,10
28604,12222613,10
28605,12222613,10
28606,12222613,40
28607,12222613,40
28608,12222613,60
28609,12222613,20
28610,12222613,20
28611,12222613,20
28612,12222613,10
28613,12222613,50
28614,12222613,10
28615,12222613,10
28616,12222613,50
28617,12222613,20
28618,2014,500000
28619,12222613,20
28620,12222613,30
28621,12222613,40
28622,12222613,10
28623,12222613,30
28624,12222613,10
28625,12222613,20
28626,12222613,20
28627,12222613,10
28628,12222613,30
28629,12222613,20
28630,12222613,30
28631,12222613,20
28632,12222613,30
28633,12222613,210
28634,12222613,20
28635,12222613,80
28636,12222613,20
28637,1334494,24630
28638,12222613,20
28639,12222613,10
28640,12222613,10
28641,12222613,10
28642,12222613,10
28643,12222613,10
28644,12222613,60
28645,12222613,10
28646,12222613,30
28647,12222613,60
28648,12222613,20
28649,12222613,10
28650,12222613,70
28651,12222613,10
28652,12222613,10
28653,12222613,10
28654,12222613,10
28655,12222613,20
28656,12222613,40
28657,12222613,50
28658,12222613,20
28659,12222613,10
28660,12222613,10
28661,12222613,10
28662,12222613,40
28663,12222613,50
28664,12222613,20
28665,12222613,50
28666,12222613,70
28667,12222613,80
28668,12222613,40
28669,12222613,20
28670,12222613,20
28671,12222613,50
28672,12222613,10
28673,1334494,8720
28674,12222613,40
28675,12222613,30
28676,12222613,20
28677,12222613,40
28678,80148050,0
28679,12222613,70
28680,12222613,10
28681,12222613,20
28682,12222613,40
28683,12222613,10
28684,12222613,20
28685,12222613,10
28686,12222613,10
28687,12222613,30
28688,12222613,20
28689,12222613,40
28690,12222613,20
28691,12222613,60
28692,12222613,10
28693,12222613,40
28694,12222613,30
28695,12222613,20
28696,12222613,20
28697,12222613,10
28698,12222613,10
28699,12222613,30
28700,12222613,60
28701,12222613,10
28702,12222613,10
28703,12222613,10
28704,12222613,20
28705,12222613,10
28706,12222613,10
28707,12222613,40
28708,12222613,20
28709,12222613,40
28710,12222613,20
28711,12222613,10
28712,12222613,30
28713,12222613,10
28714,12222613,20
28715,12222613,10
28716,12222613,40
28717,12222613,10
28718,12222613,40
28719,12222613,10
28720,12222613,10
28721,12222613,50
28722,12222613,10
28723,12222613,10
28724,12222613,10
28725,12222613,20
28726,12222613,40
28727,12222613,40
28728,12222613,10
28729,12222613,60
28730,12222613,40
28731,12222613,10
28732,12222613,110
28733,12222613,30
28734,12222613,10
28735,12222613,20
28736,12222613,70
28737,12222613,10
28738,12222613,10
28739,12222613,30
28740,12222613,10
28741,12222613,70
28742,12222613,10
28743,12222613,20
28744,2014,500000
28745,12222613,50
28746,12222613,20
28747,12222613,10
28748,12222613,30
28749,12222613,10
28750,12222613,10
28751,12222613,10
28752,12222613,30
28753,12222613,10
28754,12222613,30
28755,12222613,30
28756,12222613,30
28757,12222613,10
28758,12222613,50
28759,12222613,30
28760,12222613,20
28761,12222613,70
28762,12222613,40
28763,12222613,80
28764,12222613,50
28765,12222613,50
28766,12222613,30
28767,1334494,13430
28768,12222613,20
28769,12222613,90
28770,12222613,20
28771,12222613,50
28772,12222613,20
28773,12222613,20
28774,12222613,10
28775,12222613,10
28776,12222613,40
28777,12222613,80
28778,12222613,10
28779,12222613,30
28780,12222613,10
28781,12222613,20
28782,12222613,60
28783,12222613,30
28784,12222613,70
28785,12222613,20
28786,1334494,8370
28787,12222613,20
28788,12222613,30
28789,12222613,150
28790,12222613,10
28791,12222613,40
28792,12222613,50
28793,12222613,50
28794,12222613,20
28795,12222613,50
28796,12222613,10
28797,12222613,210
28798,12222613,90
28799,12222613,10
28800,12222613,60
28801,12222613,150
28802,12222613,20
28803,12222613,50
28804,12222613,60
28805,12222613,10
28806,12222613,10
28807,12222613,40
28808,12222613,40
28809,12222613,30
28810,12222613,10
28811,12222613,30
28812,12222613,10
28813,12222613,10
28814,12222613,20
28815,12222613,10
28816,12222613,20
28817,12222613,10
28818,12222613,10
28819,12222613,40
28820,12222613,50
28821,12222613,10
28822,12222613,20
28823,12222613,10
28824,12222613,10
28825,12222613,10
28826,12222613,10
28827,12222613,30
28828,12222613,20
28829,12222613,10
28830,12222613,50
28831,12222613,50
28832,12222613,40
28833,80148050,0
28834,12222613,10
28835,12222613,10
28836,12222613,40
28837,12222613,10
28838,80148050,0
28839,12222613,90
28840,12222613,70
28841,12222613,10
28842,12222613,10
28843,12222613,10
28844,12222613,30
28845,12222613,10
28846,12222613,50
28847,12222613,20
28848,12222613,50
28849,12222613,150
28850,12222613,10
28851,12222613,60
28852,12222613,30
28853,12222613,20
28854,12222613,10
28855,12222613,10
28856,12222613,110
28857,12222613,20
28858,12222613,80
28859,12222613,30
28860,12222613,130
28861,12222613,30
28862,12222613,30
28863,12222613,20
28864,12222613,150
28865,12222613,30
28866,12222613,30
28867,12222613,50
28868,12222613,30
28869,12222613,10
28870,12222613,10
28871,12222613,10
28872,12222613,10
28873,12222613,80
28874,12222613,30
28875,12222613,30
28876,12222613,40
28877,12222613,20
28878,12222613,110
28879,12222613,20
28880,12222613,60
28881,12222613,40
28882,12222613,10
28883,12222613,60
28884,12222613,10
28885,12222613,10
28886,12222613,10
28887,12222613,10
28888,12222613,10
28889,12222613,60
28890,12222613,10
28891,12222613,20
28892,12222613,40
28893,12222613,20
28894,12222613,10
28895,12222613,40
28896,12222613,20
28897,12222613,10
28898,2014,500000
28899,2014,500000
28900,12222613,20
28901,12222613,30
28902,12222613,10
28903,12222613,20
28904,12222613,20
28905,12222613,20
28906,12222613,10
28907,2014,500000
28908,12222613,30
28909,12222613,10
28910,12222613,120
28911,12222613,20
28912,2014,500000
28913,12222613,60
28914,12222613,60
28915,12222613,110
28916,12222613,20
28917,12222613,10
28918,12222613,40
28919,12222613,30
28920,12222613,10
28921,12222613,60
28922,12222613,40
28923,12222613,110
28924,12222613,30
28925,12222613,100
28926,2014,500000
28927,12222613,20
28928,12222613,10
28929,12222613,60
28930,12222613,20
28931,12222613,50
28932,2014,500000
28933,12222613,70
28934,12222613,30
28935,12222613,40
28936,12222613,60
28937,80148050,0
28938,12222613,30
28939,12222613,20
28940,12222613,80
28941,12222613,10
28942,12222613,30
28943,12222613,10
28944,80148050,0
28945,12222613,120
28946,12222613,40
28947,12222613,10
28948,12222613,20
28949,12222613,40
28950,12222613,20
28951,12222613,20
28952,12222613,50
28953,12222613,20
28954,12222613,10
28955,12222613,50
28956,12222613,30
28957,12222613,20
28958,12222613,80
28959,12222613,10
28960,12222613,10
28961,12222613,30
28962,12222613,40
28963,12222613,40
28964,12222613,10
28965,12222613,30
28966,12222613,10
28967,12222613,30
28968,12222613,30
28969,12222613,10
28970,80148050,0
28971,12222613,40
28972,12222613,30
28973,12222613,10
28974,12222613,10
28975,12222613,100
28976,12222613,20
28977,12222613,20
28978,12222613,60
28979,12222613,60
28980,12222613,40
28981,12222613,50
28982,12222613,20
28983,1334494,5480
28984,12222613,30
28985,12222613,40
28986,12222613,30
28987,12222613,20
28988,12222613,10
28989,12222613,10
28990,12222613,20
28991,12222613,70
28992,12222613,10
28993,12222613,50
28994,12222613,30
28995,12222613,110
28996,12222613,30
28997,12222613,20
28998,12222613,40
28999,12222613,50
29000,12222613,40
29001,12222613,20
29002,12222613,20
29003,12222613,20
29004,12222613,20
29005,12222613,10
29006,12222613,30
29007,12222613,10
29008,12222613,10
29009,12222613,50
29010,12222613,10
29011,12222613,30
29012,12222613,10
29013,12222613,110
29014,12222613,70
29015,12222613,50
29016,12222613,10
29017,12222613,10
29018,12222613,110
29019,12222613,30
29020,12222613,150
29021,12222613,20
29022,12222613,20
29023,12222613,40
29024,12222613,60
29025,12222613,30
29026,12222613,10
29027,12222613,10
29028,80148050,0
29029,12222613,40
29030,12222613,10
29031,12222613,30
29032,12222613,30
29033,12222613,60
29034,12222613,50
29035,12222613,60
29036,12222613,30
29037,12222613,10
29038,12222613,20
29039,12222613,70
29040,12222613,10
29041,12222613,50
29042,12222613,20
29043,12222613,30
29044,12222613,10
29045,12222613,60
29046,12222613,10
29047,12222613,40
29048,12222613,10
29049,2014,500000
29050,12222613,10
29051,12222613,10
29052,12222613,30
29053,12222613,30
29054,12222613,20
29055,12222613,10
29056,1334494,8760
29057,12222613,30
29058,12222613,10
29059,12222613,30
29060,12222613,10
29061,12222613,10
29062,12222613,10
29063,12222613,30
29064,12222613,10
29065,12222613,20
29066,1334494,6400
29067,12222613,10
29068,12222613,20
29069,12222613,20
29070,12222613,110
29071,12222613,10
29072,1334494,12670
29073,12222613,10
29074,12222613,20
29075,12222613,60
29076,12222613,10
29077,12222613,50
29078,12222613,30
29079,12222613,10
29080,12222613,10
29081,12222613,40
29082,12222613,30
29083,12222613,30
29084,12222613,10
29085,12222613,30
29086,12222613,70
29087,12222613,20
29088,12222613,60
29089,12222613,10
29090,12222613,10
29091,12222613,10
29092,12222613,50
29093,12222613,40
29094,12222613,10
29095,12222613,80
29096,12222613,30
29097,12222613,40
29098,12222613,30
29099,12222613,10
29100,12222613,60
29101,12222613,30
29102,12222613,30
29103,12222613,10
29104,12222613,150
29105,1334494,10080
29106,12222613,30
29107,12222613,10
29108,12222613,20
29109,2014,500000
29110,12222613,10
29111,12222613,50
29112,12222613,20
29113,12222613,10
29114,12222613,20
29115,12222613,30
29116,12222613,20
29117,12222613,40
29118,12222613,150
29119,12222613,10
29120,12222613,50
29121,12222613,10
29122,12222613,10
29123,12222613,150
29124,12222613,10
29125,12222613,50
29126,12222613,10
29127,12222613,10
29128,12222613,10
29129,12222613,20
29130,12222613,10
29131,12222613,60
29132,12222613,10
29133,80148050,0
29134,1334494,13330
29135,80148050,0
29136,12222613,40
29137,12222613,10
29138,12222613,10
29139,12222613,20
29140,12222613,30
29141,12222613,10
29142,12222613,10
29143,12222613,150
29144,12222613,10
29145,12222613,30
29146,12222613,30
29147,12222613,10
29148,12222613,20
29149,12222613,70
29150,12222613,30
29151,12222613,150
29152,12222613,40
29153,12222613,50
29154,12222613,20
29155,12222613,20
29156,1334494,9220
29157,12222613,40
29158,12222613,50
29159,12222613,110
29160,12222613,30
29161,12222613,30
29162,12222613,30
29163,12222613,10
29164,12222613,30
29165,12222613,20
29166,12222613,50
29167,12222613,150
29168,12222613,30
29169,12222613,10
29170,12222613,20
29171,12222613,40
29172,12222613,210
29173,12222613,10
29174,12222613,10
29175,12222613,30
29176,1334494,13450
29177,12222613,10
29178,12222613,20
29179,12222613,10
29180,12222613,20
29181,12222613,10
29182,12222613,30
29183,12222613,30
29184,12222613,10
29185,12222613,10
29186,12222613,40
29187,80148050,0
29188,12222613,10
29189,12222613,20
29190,12222613,20
29191,12222613,30
29192,12222613,40
29193,12222613,20
29194,12222613,10
29195,12222613,10
29196,12222613,10
29197,12222613,10
29198,12222613,110
29199,12222613,10
29200,12222613,150
29201,12222613,10
29202,12222613,10
29203,12222613,10
29204,12222613,10
29205,12222613,10
29206,12222613,70
29207,12222613,30
29208,12222613,10
29209,12222613,50
29210,12222613,30
29211,12222613,10
29212,12222613,80
29213,12222613,40
29214,12222613,10
29215,12222613,10
29216,12222613,10
29217,12222613,20
29218,12222613,30
29219,12222613,50
29220,12222613,30
29221,12222613,150
29222,12222613,10
29223,12222613,60
29224,12222613,30
29225,12222613,40
29226,12222613,20
29227,12222613,10
29228,12222613,10
29229,12222613,10
29230,12222613,70
29231,12222613,50
29232,12222613,10
29233,12222613,90
29234,12222613,10
29235,12222613,40
29236,1334494,8710
29237,12222613,10
29238,12222613,10
29239,12222613,10
29240,12222613,10
29241,12222613,30
29242,12222613,30
29243,12222613,150
29244,12222613,40
29245,12222613,10
29246,12222613,20
29247,12222613,20
29248,12222613,70
29249,12222613,10
29250,12222613,10
29251,12222613,10
29252,12222613,20
29253,12222613,10
29254,12222613,40
29255,12222613,10
29256,12222613,30
29257,12222613,20
29258,12222613,20
29259,2014,500000
29260,12222613,20
29261,12222613,10
29262,12222613,10
29263,12222613,30
29264,12222613,30
29265,12222613,20
29266,12222613,50
29267,12222613,30
29268,12222613,10
29269,12222613,20
29270,12222613,10
29271,12222613,10
29272,12222613,30
29273,12222613,80
29274,12222613,20
29275,12222613,50
29276,12222613,30
29277,12222613,30
29278,12222613,10
29279,12222613,40
29280,12222613,100
29281,12222613,40
29282,12222613,10
29283,12222613,10
29284,12222613,30
29285,12222613,10
29286,12222613,20
29287,12222613,10
29288,12222613,20
29289,12222613,20
29290,12222613,20
29291,2014,500000
29292,12222613,30
29293,12222613,10
29294,12222613,20
29295,12222613,30
29296,12222613,80
29297,12222613,40
29298,12222613,110
29299,12222613,10
29300,1334494,8250
29301,12222613,60
29302,12222613,40
29303,12222613,30
29304,12222613,30
29305,12222613,40
29306,12222613,20
29307,12222613,10
29308,12222613,60
29309,12222613,30
29310,12222613,30
29311,12222613,10
29312,12222613,40
29313,12222613,40
29314,12222613,10
29315,12222613,20
29316,12222613,30
29317,1334494,10540
29318,12222613,20
29319,12222613,10
29320,12222613,20
29321,12222613,30
29322,12222613,110
29323,12222613,20
29324,12222613,40
29325,12222613,60
29326,12222613,20
29327,12222613,30
29328,12222613,10
29329,12222613,80
29330,80148050,0
29331,12222613,10
29332,12222613,40
29333,12222613,90
29334,12222613,30
29335,12222613,20
29336,12222613,110
29337,12222613,10
29338,12222613,30
29339,12222613,30
29340,12222613,50
29341,12222613,100
29342,12222613,30
29343,12222613,60
29344,12222613,50
29345,12222613,30
29346,1334494,8060
29347,12222613,30
29348,12222613,10
29349,12222613,30
29350,12222613,10
29351,12222613,70
29352,12222613,40
29353,12222613,30
29354,12222613,40
29355,12222613,20
29356,12222613,20
29357,12222613,120
29358,12222613,30
29359,12222613,10
29360,12222613,20
29361,12222613,20
29362,12222613,20
29363,12222613,20
29364,12222613,10
29365,12222613,150
29366,12222613,20
29367,12222613,20
29368,12222613,10
29369,12222613,80
29370,12222613,10
29371,12222613,20
29372,12222613,20
29373,12222613,10
29374,12222613,10
29375,12222613,50
29376,12222613,30
29377,12222613,30
29378,12222613,20
29379,12222613,20
29380,12222613,30
29381,12222613,10
29382,12222613,50
29383,12222613,20
29384,80148050,0
29385,12222613,10
29386,12222613,40
29387,12222613,20
29388,12222613,50
29389,12222613,20
29390,12222613,80
29391,12222613,10
29392,80148050,0
29393,12222613,10
29394,12222613,10
29395,12222613,10
29396,12222613,20
29397,1334494,6430
29398,12222613,30
29399,12222613,20
29400,12222613,60
29401,12222613,60
29402,12222613,20
29403,12222613,10
29404,12222613,10
29405,12222613,30
29406,12222613,150
29407,12222613,10
29408,12222613,20
29409,12222613,10
29410,12222613,40
29411,12222613,10
29412,12222613,20
29413,12222613,40
29414,12222613,30
29415,12222613,40
29416,12222613,20
29417,12222613,40
29418,12222613,20
29419,12222613,30
29420,12222613,30
29421,12222613,30
29422,12222613,20
29423,12222613,10
29424,12222613,50
29425,12222613,70
29426,12222613,40
29427,12222613,40
29428,12222613,10
29429,12222613,10
29430,12222613,10
29431,12222613,10
29432,12222613,20
29433,12222613,20
29434,12222613,40
29435,12222613,20
29436,12222613,10
29437,12222613,10
29438,12222613,150
29439,12222613,10
29440,12222613,20
29441,12222613,110
29442,12222613,20
29443,12222613,30
29444,80148050,0
29445,2014,500000
29446,12222613,10
29447,12222613,30
29448,12222613,10
29449,12222613,50
29450,12222613,70
29451,12222613,30
29452,12222613,160
29453,12222613,20
29454,12222613,10
29455,12222613,20
29456,12222613,80
29457,12222613,10
29458,12222613,20
29459,12222613,20
29460,12222613,30
29461,12222613,10
29462,12222613,10
29463,12222613,10
29464,12222613,40
29465,2014,500000
29466,12222613,10
29467,2014,500000
29468,2014,500000
29469,12222613,30
29470,12222613,30
29471,12222613,40
29472,12222613,110
29473,12222613,10
29474,12222613,30
29475,12222613,210
29476,12222613,20
29477,12222613,70
29478,12222613,20
29479,12222613,80
29480,12222613,30
29481,12222613,80
29482,12222613,30
29483,12222613,10
29484,12222613,30
29485,12222613,20
29486,12222613,40
29487,12222613,40
29488,12222613,10
29489,12222613,50
29490,12222613,10
29491,12222613,60
29492,12222613,10
29493,12222613,40
29494,12222613,40
29495,12222613,60
29496,12222613,40
29497,12222613,10
29498,12222613,150
29499,12222613,30
29500,12222613,20
29501,12222613,10
29502,12222613,20
29503,12222613,30
29504,12222613,10
29505,12222613,30
29506,2014,500000
29507,12222613,10
29508,80148050,0
29509,12222613,10
29510,12222613,10
29511,12222613,40
29512,12222613,10
29513,12222613,40
29514,12222613,30
29515,12222613,20
29516,12222613,20
29517,12222613,20
29518,12222613,10
29519,12222613,30
29520,12222613,10
29521,12222613,10
29522,12222613,60
29523,12222613,10
29524,12222613,30
29525,1334494,9430
29526,12222613,30
29527,1334494,9350
29528,12222613,60
29529,12222613,20
29530,12222613,10
29531,12222613,10
29532,12222613,20
29533,12222613,20
29534,12222613,60
29535,12222613,20
29536,12222613,30
29537,12222613,10
29538,12222613,20
29539,12222613,70
29540,12222613,20
29541,12222613,60
29542,12222613,90
29543,12222613,30
29544,12222613,20
29545,12222613,10
29546,2014,500000
29547,12222613,30
29548,12222613,40
29549,12222613,90
29550,12222613,10
29551,12222613,60
29552,12222613,10
29553,12222613,50
29554,12222613,60
29555,12222613,10
29556,12222613,30
29557,12222613,40
29558,12222613,50
29559,12222613,20
29560,12222613,60
29561,12222613,10
29562,80148050,0
29563,12222613,20
29564,12222613,30
29565,12222613,40
29566,12222613,10
29567,12222613,50
29568,12222613,40
29569,12222613,30
29570,80148050,0
29571,12222613,10
29572,80148050,0
29573,12222613,10
29574,12222613,10
29575,12222613,40
29576,12222613,10
29577,1334494,23930
29578,12222613,20
29579,12222613,10
29580,12222613,20
29581,12222613,20
29582,12222613,10
29583,12222613,60
29584,12222613,60
29585,12222613,10
29586,12222613,10
29587,12222613,20
29588,12222613,30
29589,12222613,10
29590,80148050,0
29591,1334494,7830
29592,12222613,20
29593,12222613,10
29594,12222613,10
29595,12222613,30
29596,2014,500000
29597,12222613,30
29598,12222613,20
29599,12222613,110
29600,12222613,20
29601,12222613,20
29602,12222613,20
29603,12222613,10
29604,12222613,40
29605,12222613,10
29606,12222613,20
29607,12222613,10
29608,12222613,10
29609,12222613,10
29610,12222613,20
29611,12222613,40
29612,12222613,30
29613,12222613,60
29614,12222613,10
29615,12222613,10
29616,12222613,20
29617,12222613,40
29618,12222613,10
29619,12222613,20
29620,12222613,10
29621,2014,500000
29622,12222613,20
29623,12222613,20
29624,12222613,10
29625,12222613,120
29626,12222613,20
29627,80148050,0
29628,12222613,110
29629,12222613,70
29630,12222613,60
29631,12222613,20
29632,80148050,0
29633,12222613,30
29634,12222613,50
29635,12222613,20
29636,80148050,0
29637,12222613,10
29638,12222613,20
29639,12222613,10
29640,12222613,110
29641,12222613,10
29642,12222613,20
29643,12222613,10
29644,12222613,140
29645,12222613,10
29646,12222613,20
29647,12222613,10
29648,12222613,150
29649,12222613,20
29650,12222613,40
29651,12222613,10
29652,12222613,20
29653,80148050,0
29654,12222613,10
29655,2014,500000
29656,12222613,30
29657,1334494,13310
29658,12222613,10
29659,12222613,20
29660,12222613,10
29661,12222613,10
29662,12222613,30
29663,12222613,20
29664,12222613,10
29665,12222613,50
29666,12222613,170
29667,12222613,30
29668,12222613,30
29669,12222613,60
29670,12222613,10
29671,12222613,40
29672,12222613,20
29673,12222613,30
29674,12222613,20
29675,12222613,30
29676,12222613,40
29677,12222613,20
29678,12222613,10
29679,12222613,20
29680,12222613,30
29681,12222613,10
29682,12222613,10
29683,12222613,60
29684,12222613,80
29685,12222613,30
29686,12222613,20
29687,12222613,20
29688,12222613,40
29689,12222613,60
29690,12222613,150
29691,1334494,6510
29692,1334494,9960
29693,12222613,30
29694,12222613,30
29695,12222613,10
29696,12222613,10
29697,12222613,30
29698,12222613,30
29699,12222613,20
29700,12222613,60
29701,12222613,10
29702,12222613,10
29703,12222613,20
29704,12222613,30
29705,12222613,50
29706,12222613,20
29707,12222613,10
29708,12222613,10
29709,12222613,70
29710,12222613,30
29711,2014,500000
29712,80148050,0
29713,12222613,60
29714,80148050,0
29715,12222613,10
29716,12222613,10
29717,12222613,30
29718,12222613,40
29719,12222613,50
29720,12222613,10
29721,12222613,40
29722,12222613,20
29723,12222613,10
29724,12222613,10
29725,12222613,10
29726,12222613,20
29727,12222613,10
29728,12222613,40
29729,12222613,10
29730,12222613,70
29731,1334494,7940
29732,80148050,0
29733,12222613,10
29734,12222613,10
29735,12222613,30
29736,12222613,10
29737,12222613,10
29738,12222613,10
29739,12222613,10
29740,12222613,60
29741,12222613,70
29742,12222613,10
29743,12222613,30
29744,12222613,10
29745,12222613,40
29746,12222613,30
29747,12222613,30
29748,12222613,40
29749,12222613,10
29750,12222613,50
29751,12222613,40
29752,12222613,30
29753,12222613,40
29754,12222613,20
29755,12222613,30
29756,12222613,10
29757,12222613,10
29758,12222613,10
29759,12222613,30
29760,2014,500000
29761,12222613,50
29762,12222613,10
29763,12222613,50
29764,12222613,40
29765,12222613,20
29766,12222613,30
29767,12222613,40
29768,12222613,80
29769,12222613,30
29770,12222613,30
29771,12222613,30
29772,12222613,40
29773,12222613,20
29774,12222613,30
29775,12222613,20
29776,12222613,20
29777,12222613,20
29778,12222613,10
29779,12222613,20
29780,12222613,30
29781,12222613,10
29782,12222613,220
29783,12222613,20
29784,12222613,110
29785,12222613,10
29786,12222613,10
29787,12222613,30
29788,12222613,30
29789,12222613,40
29790,12222613,20
29791,12222613,70
29792,12222613,10
29793,12222613,30
29794,12222613,20
29795,12222613,40
29796,12222613,60
29797,12222613,10
29798,12222613,20
29799,12222613,20
29800,12222613,20
29801,12222613,40
29802,12222613,20
29803,12222613,50
29804,12222613,10
29805,12222613,20
29806,12222613,30
29807,12222613,20
29808,12222613,20
29809,12222613,20
29810,12222613,10
29811,12222613,10
29812,12222613,50
29813,12222613,40
29814,12222613,60
29815,12222613,40
29816,12222613,10
29817,12222613,10
29818,12222613,50
29819,12222613,30
29820,1334494,8210
29821,12222613,60
29822,12222613,10
29823,12222613,10
29824,12222613,10
29825,12222613,10
29826,12222613,20
29827,12222613,150
29828,12222613,10
29829,12222613,20
29830,12222613,60
29831,12222613,20
29832,12222613,20
29833,12222613,20
29834,12222613,20
29835,12222613,150
29836,12222613,20
29837,12222613,10
29838,12222613,30
29839,12222613,10
29840,12222613,40
29841,12222613,60
29842,12222613,210
29843,2014,500000
29844,12222613,20
29845,1334494,12110
29846,12222613,10
29847,12222613,40
29848,12222613,20
29849,12222613,30
29850,12222613,30
29851,12222613,30
29852,12222613,10
29853,12222613,20
29854,12222613,70
29855,12222613,30
29856,12222613,60
29857,12222613,10
29858,12222613,40
29859,2014,500000
29860,12222613,10
29861,2014,500000
29862,12222613,20
29863,80148050,0
29864,12222613,50
29865,12222613,40
29866,12222613,70
29867,12222613,150
29868,12222613,20
29869,12222613,60
29870,12222613,30
29871,12222613,50
29872,12222613,20
29873,12222613,30
29874,12222613,20
29875,12222613,10
29876,80148050,0
29877,12222613,30
29878,12222613,20
29879,12222613,20
29880,12222613,10
29881,12222613,20
29882,12222613,20
29883,12222613,20
29884,2014,500000
29885,12222613,150
29886,12222613,20
29887,12222613,10
29888,2014,500000
29889,12222613,10
29890,12222613,30
29891,12222613,20
29892,12222613,30
29893,12222613,10
29894,12222613,10
29895,12222613,10
29896,12222613,150
29897,12222613,60
29898,1334494,6440
29899,12222613,30
29900,12222613,70
29901,12222613,30
29902,12222613,40
29903,12222613,30
29904,12222613,60
29905,12222613,30
29906,12222613,30
29907,12222613,10
29908,2014,500000
29909,12222613,20
29910,12222613,20
29911,12222613,10
29912,12222613,90
29913,12222613,10
29914,12222613,40
29915,12222613,10
29916,12222613,60
29917,12222613,20
29918,12222613,10
29919,2014,500000
29920,12222613,10
29921,12222613,10
29922,12222613,10
29923,12222613,20
29924,12222613,30
29925,12222613,20
29926,12222613,60
29927,12222613,20
29928,12222613,10
29929,12222613,20
29930,12222613,10
29931,12222613,10
29932,12222613,10
29933,12222613,70
29934,12222613,40
29935,12222613,50
29936,12222613,10
29937,12222613,10
29938,12222613,20
29939,12222613,20
29940,12222613,30
29941,12222613,30
29942,80148050,0
29943,12222613,60
29944,12222613,150
29945,12222613,60
29946,12222613,20
29947,12222613,10
29948,12222613,10
29949,12222613,10
29950,12222613,40
29951,12222613,30
29952,12222613,40
29953,12222613,20
29954,12222613,20
29955,12222613,70
29956,12222613,10
29957,12222613,20
29958,12222613,20
29959,12222613,10
29960,12222613,20
29961,12222613,40
29962,12222613,20
29963,12222613,80
29964,12222613,20
29965,12222613,40
29966,12222613,20
29967,12222613,50
29968,1334494,13730
29969,12222613,20
29970,12222613,30
29971,12222613,10
29972,80148050,0
29973,12222613,20
29974,12222613,150
29975,2014,500000
29976,12222613,10
29977,12222613,50
29978,1334494,11130
29979,12222613,20
29980,80148050,0
29981,12222613,30
29982,12222613,10
29983,12222613,30
29984,12222613,30
29985,12222613,10
29986,12222613,150
29987,12222613,20
29988,12222613,10
29989,12222613,80
29990,12222613,10
29991,12222613,10
29992,1334494,11020
29993,12222613,20
29994,12222613,20
29995,12222613,10
29996,12222613,30
29997,12222613,10
29998,12222613,20
29999,12222613,210
30000,12222613,20
30001,12222613,10
30002,12222613,10
30003,12222613,10
30004,12222613,40
30005,12222613,30
30006,12222613,50
30007,12222613,10
30008,12222613,40
30009,12222613,20
30010,12222613,60
30011,12222613,10
30012,12222613,40
30013,12222613,10
30014,12222613,40
30015,12222613,20
30016,12222613,40
30017,12222613,20
30018,12222613,10
30019,12222613,10
30020,12222613,40
30021,1334494,23030
30022,12222613,20
30023,12222613,40
30024,12222613,20
30025,12222613,20
30026,12222613,70
30027,2014,500000
30028,12222613,50
30029,12222613,30
30030,12222613,10
30031,12222613,10
30032,12222613,30
30033,12222613,30
30034,12222613,40
30035,12222613,10
30036,2014,500000
30037,12222613,10
30038,12222613,30
30039,2014,500000
30040,12222613,10
30041,12222613,30
30042,12222613,10
30043,12222613,20
30044,12222613,40
30045,12222613,20
30046,12222613,10
30047,12222613,10
30048,12222613,10
30049,12222613,20
30050,12222613,10
30051,12222613,10
30052,12222613,10
30053,12222613,40
30054,12222613,10
30055,12222613,60
30056,12222613,80
30057,12222613,110
30058,12222613,30
30059,12222613,20
30060,12222613,20
30061,2014,500000
30062,12222613,20
30063,12222613,30
30064,12222613,30
30065,12222613,20
30066,12222613,20
30067,12222613,10
30068,12222613,30
30069,12222613,10
30070,12222613,50
30071,12222613,10
30072,12222613,40
30073,12222613,20
30074,12222613,60
30075,12222613,60
30076,12222613,10
30077,2014,500000
30078,12222613,70
30079,12222613,80
30080,12222613,150
30081,12222613,10
30082,2014,500000
30083,12222613,20
30084,12222613,30
30085,12222613,10
30086,12222613,10
30087,12222613,10
30088,12222613,30
30089,12222613,10
30090,80148050,0
30091,12222613,20
30092,12222613,30
30093,12222613,10
30094,12222613,10
30095,1334494,8010
30096,12222613,10
30097,12222613,40
30098,12222613,10
30099,12222613,30
30100,12222613,30
30101,12222613,20
30102,12222613,20
30103,12222613,150
30104,12222613,70
30105,12222613,50
30106,12222613,10
30107,12222613,10
30108,12222613,60
30109,12222613,50
30110,2014,500000
30111,2014,500000
30112,12222613,10
30113,12222613,10
30114,12222613,30
30115,12222613,10
30116,12222613,10
30117,12222613,40
30118,12222613,10
30119,12222613,20
30120,12222613,10
30121,12222613,10
30122,12222613,20
30123,12222613,20
30124,12222613,10
30125,12222613,10
30126,12222613,10
30127,12222613,10
30128,12222613,50
30129,12222613,30
30130,12222613,30
30131,1334494,5180
30132,12222613,10
30133,1334494,10910
30134,12222613,30
30135,12222613,60
30136,12222613,150
30137,12222613,30
30138,12222613,40
30139,12222613,60
30140,12222613,50
30141,12222613,30
30142,2014,500000
30143,80148050,0
30144,12222613,150
30145,12222613,40
30146,12222613,10
30147,12222613,30
30148,12222613,150
30149,12222613,50
30150,12222613,10
30151,12222613,10
30152,12222613,10
30153,12222613,20
30154,12222613,50
30155,80148050,0
30156,12222613,20
30157,12222613,20
30158,12222613,50
30159,12222613,30
30160,12222613,50
30161,12222613,30
30162,12222613,30
30163,12222613,20
30164,12222613,10
30165,80148050,0
30166,12222613,20
30167,12222613,110
30168,12222613,20
30169,12222613,30
30170,12222613,60
30171,12222613,60
30172,12222613,20
30173,12222613,10
30174,12222613,30
30175,12222613,60
30176,12222613,20
30177,12222613,20
30178,12222613,10
30179,12222613,40
30180,12222613,40
30181,12222613,10
30182,12222613,70
30183,12222613,50
30184,12222613,10
30185,12222613,10
30186,12222613,80
30187,12222613,10
30188,12222613,10
30189,12222613,10
30190,12222613,60
30191,12222613,40
30192,12222613,10
30193,12222613,10
30194,12222613,20
30195,1334494,10160
30196,12222613,30
30197,1334494,19680
30198,12222613,40
30199,12222613,20
30200,12222613,20
30201,12222613,10
30202,12222613,10
30203,12222613,50
30204,12222613,20
30205,12222613,10
30206,12222613,100
30207,12222613,60
30208,12222613,20
30209,12222613,50
30210,12222613,10
30211,12222613,30
30212,12222613,20
30213,12222613,80
30214,12222613,20
30215,12222613,60
30216,12222613,70
30217,12222613,180
30218,12222613,20
30219,12222613,40
30220,12222613,90
30221,12222613,30
30222,12222613,60
30223,12222613,40
30224,12222613,50
30225,12222613,10
30226,12222613,210
30227,12222613,30
30228,12222613,80
30229,12222613,20
30230,12222613,10
30231,12222613,40
30232,12222613,10
30233,12222613,60
30234,12222613,10
30235,12222613,30
30236,12222613,10
30237,12222613,70
30238,12222613,30
30239,12222613,40
30240,12222613,160
30241,12222613,30
30242,12222613,50
30243,12222613,60
30244,12222613,20
30245,12222613,40
30246,12222613,10
30247,12222613,20
30248,12222613,30
30249,12222613,30
30250,12222613,10
30251,12222613,30
30252,12222613,80
30253,12222613,20
30254,1334494,14380
30255,12222613,10
30256,12222613,40
30257,12222613,10
30258,12222613,10
30259,12222613,10
30260,12222613,50
30261,12222613,10
30262,12222613,40
30263,1334494,5860
30264,80148050,0
30265,12222613,10
30266,12222613,10
30267,12222613,30
30268,12222613,10
30269,12222613,20
30270,12222613,150
30271,12222613,20
30272,12222613,10
30273,12222613,30
30274,12222613,50
30275,12222613,30
30276,12222613,20
30277,12222613,30
30278,12222613,10
30279,1334494,5640
30280,12222613,10
30281,12222613,30
30282,12222613,10
30283,12222613,60
30284,12222613,10
30285,12222613,20
30286,12222613,10
30287,12222613,30
30288,12222613,20
30289,12222613,20
30290,12222613,30
30291,12222613,30
30292,12222613,10
30293,12222613,10
30294,12222613,50
30295,1334494,10640
30296,12222613,20
30297,12222613,10
30298,12222613,20
30299,12222613,60
30300,12222613,10
30301,12222613,20
30302,12222613,150
30303,12222613,150
30304,12222613,40
30305,12222613,40
30306,12222613,10
30307,12222613,50
30308,12222613,10
30309,12222613,10
30310,12222613,10
30311,12222613,30
30312,12222613,20
30313,12222613,10
30314,12222613,30
30315,12222613,20
30316,12222613,40
30317,12222613,80
30318,12222613,10
30319,12222613,10
30320,12222613,30
30321,12222613,40
30322,12222613,30
30323,2014,500000
30324,12222613,40
30325,12222613,20
30326,12222613,10
30327,12222613,20
30328,12222613,110
30329,12222613,40
30330,12222613,10
30331,12222613,100
30332,12222613,10
30333,12222613,50
30334,12222613,10
30335,12222613,30
30336,12222613,10
30337,12222613,10
30338,12222613,50
30339,12222613,60
30340,12222613,50
30341,12222613,10
30342,12222613,30
30343,80148050,0
30344,12222613,20
30345,12222613,10
30346,12222613,10
30347,12222613,20
30348,12222613,150
30349,12222613,10
30350,80148050,0
30351,12222613,60
30352,12222613,110
30353,12222613,30
30354,12222613,10
30355,12222613,20
30356,12222613,10
30357,12222613,10
30358,2014,500000
30359,12222613,20
30360,12222613,20
30361,2014,500000
30362,12222613,10
30363,12222613,20
30364,12222613,20
30365,12222613,10
30366,12222613,20
30367,12222613,40
30368,12222613,160
30369,12222613,30
30370,12222613,20
30371,12222613,20
30372,12222613,10
30373,2014,500000
30374,12222613,30
30375,12222613,50
30376,12222613,10
30377,12222613,20
30378,12222613,20
30379,12222613,20
30380,80148050,0
30381,2014,500000
30382,12222613,110
30383,12222613,30
30384,12222613,10
30385,12222613,220
30386,12222613,30
30387,12222613,10
30388,12222613,40
30389,12222613,20
30390,1334494,6060
30391,12222613,40
30392,12222613,10
30393,12222613,60
30394,12222613,20
30395,12222613,30
30396,12222613,20
30397,12222613,40
30398,12222613,80
30399,12222613,60
30400,12222613,10
30401,1334494,12950
30402,12222613,20
30403,12222613,30
30404,12222613,40
30405,12222613,10
30406,12222613,10
30407,12222613,10
30408,12222613,10
30409,12222613,40
30410,12222613,20
30411,12222613,30
30412,12222613,10
30413,12222613,20
30414,12222613,10
30415,12222613,20
30416,12222613,30
30417,12222613,60
30418,12222613,20
30419,12222613,50
30420,12222613,40
30421,12222613,30
30422,12222613,10
30423,12222613,10
30424,1334494,4830
30425,12222613,10
30426,12222613,20
30427,12222613,10
30428,12222613,20
30429,12222613,20
30430,12222613,20
30431,12222613,210
30432,12222613,20
30433,12222613,20
30434,12222613,20
30435,2014,500000
30436,12222613,70
30437,80148050,0
30438,2014,500000
30439,12222613,30
30440,12222613,10
30441,12222613,10
30442,80148050,0
30443,12222613,40
30444,12222613,20
30445,12222613,30
30446,12222613,30
30447,12222613,30
30448,12222613,30
30449,12222613,90
30450,12222613,20
30451,1334494,8510
30452,12222613,20
30453,12222613,10
30454,12222613,10
30455,12222613,10
30456,12222613,160
30457,12222613,10
30458,12222613,80
30459,12222613,10
30460,12222613,10
30461,12222613,10
30462,12222613,100
30463,12222613,10
30464,12222613,10
30465,12222613,90
30466,12222613,10
30467,1334494,8450
30468,12222613,30
30469,12222613,50
30470,12222613,20
30471,12222613,80
30472,1334494,31060
30473,12222613,20
30474,12222613,10
30475,12222613,20
30476,12222613,30
30477,12222613,40
30478,12222613,20
30479,12222613,30
30480,12222613,30
30481,2014,500000
30482,12222613,20
30483,12222613,10
30484,12222613,10
30485,12222613,30
30486,12222613,20
30487,12222613,10
30488,12222613,10
30489,12222613,40
30490,12222613,10
30491,12222613,30
30492,12222613,10
30493,12222613,70
30494,12222613,30
30495,12222613,40
30496,12222613,20
30497,12222613,20
30498,12222613,40
30499,12222613,70
30500,12222613,10
30501,12222613,20
30502,12222613,30
30503,12222613,150
30504,12222613,10
30505,12222613,80
30506,80148050,0
30507,12222613,20
30508,12222613,60
30509,12222613,20
30510,80148050,0
30511,12222613,20
30512,2014,500000
30513,12222613,10
30514,80148050,0
30515,12222613,20
30516,12222613,10
30517,1334494,8900
30518,12222613,20
30519,12222613,30
30520,2014,500000
30521,12222613,30
30522,12222613,10
30523,12222613,10
30524,12222613,20
30525,12222613,50
30526,12222613,70
30527,12222613,10
30528,12222613,20
30529,12222613,30
30530,12222613,10
30531,12222613,10
30532,12222613,20
30533,12222613,10
30534,12222613,40
30535,12222613,20
30536,12222613,30
30537,12222613,150
30538,12222613,30
30539,12222613,20
30540,12222613,10
30541,12222613,60
30542,12222613,10
30543,12222613,20
30544,12222613,10
30545,1334494,16640
30546,12222613,10
30547,12222613,10
30548,12222613,50
30549,12222613,10
30550,12222613,30
30551,12222613,50
30552,12222613,60
30553,12222613,10
30554,12222613,20
30555,12222613,10
30556,12222613,30
30557,12222613,40
30558,12222613,30
30559,12222613,40
30560,12222613,60
30561,12222613,10
30562,12222613,30
30563,12222613,10
30564,12222613,20
30565,12222613,80
30566,12222613,60
30567,80148050,0
30568,12222613,10
30569,12222613,20
30570,12222613,30
30571,12222613,30
30572,2014,500000
30573,12222613,40
30574,12222613,10
30575,12222613,10
30576,12222613,30
30577,12222613,10
30578,12222613,30
30579,12222613,40
30580,12222613,10
30581,12222613,50
30582,12222613,110
30583,12222613,20
30584,12222613,40
30585,12222613,20
30586,12222613,10
30587,12222613,60
30588,12222613,90
30589,12222613,10
30590,12222613,30
30591,12222613,50
30592,12222613,30
30593,12222613,10
30594,12222613,10
30595,12222613,30
30596,12222613,20
30597,12222613,60
30598,12222613,50
30599,12222613,10
30600,12222613,20
30601,12222613,30
30602,12222613,20
30603,2014,500000
30604,12222613,20
30605,12222613,40
30606,12222613,40
30607,12222613,20
30608,12222613,10
30609,12222613,10
30610,12222613,30
30611,12222613,20
30612,12222613,40
30613,2014,500000
30614,12222613,20
30615,80148050,0
30616,12222613,30
30617,12222613,30
30618,12222613,60
30619,12222613,20
30620,12222613,30
30621,12222613,30
30622,12222613,40
30623,12222613,110
30624,12222613,20
30625,12222613,20
30626,12222613,10
30627,12222613,30
30628,12222613,10
30629,12222613,10
30630,12222613,10
30631,12222613,60
30632,12222613,80
30633,80148050,0
30634,12222613,30
30635,12222613,50
30636,12222613,10
30637,12222613,20
30638,12222613,210
30639,12222613,10
30640,12222613,80
30641,12222613,10
30642,12222613,20
30643,12222613,10
30644,12222613,40
30645,12222613,80
30646,12222613,40
30647,12222613,40
30648,2014,500000
30649,12222613,10
30650,80148050,0
30651,12222613,20
30652,12222613,20
30653,12222613,20
30654,12222613,20
30655,12222613,20
30656,12222613,40
30657,12222613,20
30658,12222613,30
30659,12222613,60
30660,12222613,30
30661,2014,500000
30662,12222613,10
30663,12222613,30
30664,12222613,20
30665,2014,500000
30666,12222613,20
30667,12222613,30
30668,12222613,10
30669,12222613,110
30670,12222613,60
30671,12222613,130
30672,12222613,80
30673,12222613,40
30674,12222613,30
30675,1334494,6490
30676,12222613,60
30677,12222613,20
30678,12222613,40
30679,12222613,10
30680,12222613,20
30681,12222613,20
30682,2014,500000
30683,12222613,40
30684,12222613,150
30685,1334494,9260
30686,12222613,10
30687,12222613,60
30688,12222613,10
30689,12222613,40
30690,80148050,0
30691,12222613,30
30692,12222613,30
30693,12222613,30
30694,12222613,10
30695,12222613,30
30696,12222613,10
30697,12222613,20
30698,12222613,20
30699,12222613,20
30700,12222613,10
30701,12222613,30
30702,12222613,60
30703,12222613,30
30704,12222613,20
30705,12222613,30
30706,12222613,50
30707,12222613,40
30708,12222613,30
30709,12222613,20
30710,1334494,86020
30711,12222613,20
30712,12222613,20
30713,12222613,30
30714,12222613,40
30715,1334494,8890
30716,12222613,20
30717,12222613,150
30718,12222613,10
30719,12222613,20
30720,12222613,50
30721,12222613,50
30722,12222613,30
30723,12222613,40
30724,12222613,210
30725,12222613,20
30726,12222613,30
30727,12222613,20
30728,12222613,70
30729,12222613,50
30730,12222613,10
30731,12222613,30
30732,12222613,10
30733,12222613,10
30734,12222613,20
30735,12222613,110
30736,12222613,40
30737,12222613,150
30738,12222613,20
30739,12222613,40
30740,12222613,10
30741,12222613,80
30742,2014,500000
30743,12222613,20
30744,12222613,30
30745,12222613,10
30746,12222613,60
30747,12222613,10
30748,12222613,50
30749,12222613,10
30750,12222613,40
30751,12222613,30
30752,12222613,100
30753,1334494,7320
30754,12222613,10
30755,12222613,10
30756,12222613,30
30757,12222613,20
30758,12222613,60
30759,12222613,10
30760,12222613,10
30761,12222613,30
30762,12222613,10
30763,12222613,110
30764,12222613,10
30765,1334494,6610
30766,12222613,50
30767,12222613,70
30768,12222613,20
30769,12222613,30
30770,12222613,60
30771,12222613,40
30772,1334494,6880
30773,12222613,20
30774,12222613,10
30775,12222613,40
30776,12222613,10
30777,12222613,80
30778,80148050,0
30779,12222613,10
30780,1334494,7160
30781,12222613,10
30782,12222613,10
30783,12222613,10
30784,1334494,10580
30785,12222613,50
30786,12222613,10
30787,12222613,10
30788,12222613,40
30789,12222613,10
30790,12222613,10
30791,12222613,10
30792,12222613,10
30793,12222613,10
30794,12222613,80
30795,12222613,30
30796,12222613,20
30797,12222613,60
30798,12222613,30
30799,12222613,30
30800,12222613,10
30801,12222613,10
30802,12222613,20
30803,12222613,30
30804,12222613,210
30805,12222613,10
30806,12222613,30
30807,12222613,20
30808,12222613,20
30809,2014,500000
30810,12222613,50
30811,2014,500000
30812,12222613,20
30813,1334494,5850
30814,12222613,20
30815,12222613,10
30816,12222613,10
30817,12222613,10
30818,12222613,40
30819,12222613,10
30820,12222613,20
30821,12222613,40
30822,12222613,20
30823,12222613,20
30824,12222613,110
30825,12222613,10
30826,2014,500000
30827,12222613,10
30828,12222613,20
30829,12222613,10
30830,12222613,10
30831,12222613,10
30832,80148050,0
30833,12222613,10
30834,12222613,20
30835,12222613,30
30836,12222613,30
30837,12222613,10
30838,12222613,20
30839,12222613,50
30840,12222613,60
30841,12222613,20
30842,12222613,20
30843,12222613,10
30844,12222613,20
30845,80148050,0
30846,12222613,10
30847,12222613,30
30848,1334494,22710
30849,12222613,20
30850,12222613,30
30851,12222613,80
30852,12222613,20
30853,12222613,30
30854,12222613,10
30855,12222613,20
30856,12222613,10
30857,12222613,20
30858,12222613,40
30859,12222613,30
30860,12222613,20
30861,12222613,10
30862,12222613,10
30863,12222613,30
30864,12222613,20
30865,12222613,150
30866,12222613,40
30867,80148050,0
30868,12222613,40
30869,12222613,40
30870,12222613,10
30871,12222613,20
30872,12222613,10
30873,12222613,20
30874,12222613,10
30875,12222613,40
30876,12222613,10
30877,12222613,50
30878,12222613,30
30879,12222613,20
30880,12222613,10
30881,12222613,10
30882,12222613,20
30883,12222613,20
30884,12222613,110
30885,12222613,110
30886,80148050,0
30887,12222613,60
30888,12222613,20
30889,12222613,70
30890,12222613,40
30891,12222613,20
30892,12222613,80
30893,12222613,30
30894,12222613,10
30895,12222613,20
30896,12222613,20
30897,2014,500000
30898,12222613,60
30899,12222613,110
30900,12222613,10
30901,12222613,10
30902,12222613,20
30903,12222613,10
30904,12222613,10
30905,12222613,10
30906,1334494,8090
30907,12222613,10
30908,12222613,10
30909,12222613,40
30910,12222613,30
30911,12222613,20
30912,12222613,20
30913,12222613,30
30914,12222613,10
30915,12222613,10
30916,12222613,50
30917,1334494,7130
30918,12222613,20
30919,12222613,10
30920,12222613,70
30921,1334494,5090
30922,12222613,10
30923,12222613,30
30924,12222613,10
30925,12222613,20
30926,12222613,30
30927,1334494,9010
30928,12222613,10
30929,12222613,60
30930,12222613,20
30931,12222613,40
30932,12222613,110
30933,12222613,10
30934,12222613,30
30935,12222613,30
30936,12222613,70
30937,12222613,10
30938,12222613,30
30939,12222613,60
30940,12222613,10
30941,12222613,20
30942,12222613,10
30943,12222613,40
30944,12222613,10
30945,12222613,50
30946,12222613,10
30947,12222613,30
30948,12222613,10
30949,12222613,30
30950,12222613,20
30951,12222613,20
30952,1334494,9830
30953,12222613,50
30954,12222613,10
30955,12222613,20
30956,12222613,20
30957,12222613,10
30958,12222613,10
30959,12222613,20
30960,2014,500000
30961,12222613,70
30962,12222613,30
30963,12222613,40
30964,12222613,10
30965,12222613,10
30966,12222613,40
30967,12222613,30
30968,12222613,40
30969,12222613,20
30970,12222613,20
30971,12222613,10
30972,2014,500000
30973,12222613,30
30974,12222613,10
30975,1334494,8550
30976,12222613,10
30977,12222613,40
30978,12222613,10
30979,12222613,20
30980,12222613,70
30981,12222613,10
30982,12222613,10
30983,12222613,40
30984,12222613,10
30985,12222613,30
30986,12222613,40
30987,12222613,40
30988,12222613,20
30989,12222613,20
30990,12222613,10
30991,12222613,30
30992,12222613,150
30993,12222613,30
30994,12222613,10
30995,12222613,40
30996,12222613,20
30997,12222613,10
30998,12222613,50
30999,12222613,60
31000,12222613,20
31001,12222613,20
31002,12222613,10
31003,12222613,20
31004,12222613,150
31005,12222613,40
31006,12222613,80
31007,12222613,10
31008,12222613,80
31009,1334494,10700
31010,12222613,10
31011,12222613,10
31012,12222613,10
31013,12222613,10
31014,12222613,10
31015,12222613,70
31016,12222613,10
31017,12222613,10
31018,12222613,10
31019,12222613,30
31020,12222613,20
31021,12222613,10
31022,12222613,40
31023,12222613,50
31024,12222613,30
31025,12222613,10
31026,12222613,10
31027,12222613,110
31028,1334494,15270
31029,12222613,40
31030,12222613,30
31031,12222613,20
31032,12222613,30
31033,12222613,20
31034,12222613,10
31035,12222613,20
31036,12222613,20
31037,12222613,10
31038,12222613,40
31039,12222613,20
31040,12222613,150
31041,2014,500000
31042,12222613,40
31043,12222613,30
31044,12222613,10
31045,12222613,10
31046,12222613,20
31047,12222613,20
31048,12222613,40
31049,12222613,10
31050,12222613,20
31051,12222613,20
31052,12222613,40
31053,12222613,30
31054,12222613,30
31055,12222613,20
31056,12222613,30
31057,12222613,60
31058,12222613,50
31059,12222613,10
31060,12222613,20
31061,12222613,20
31062,12222613,30
31063,12222613,30
31064,12222613,60
31065,2014,500000
31066,12222613,30
31067,12222613,30
31068,12222613,10
31069,12222613,20
31070,12222613,10
31071,1334494,6450
31072,1334494,14350
31073,12222613,30
31074,12222613,30
31075,12222613,10
31076,12222613,10
31077,12222613,30
31078,2014,500000
31079,12222613,20
31080,12222613,10
31081,12222613,10
31082,12222613,20
31083,12222613,20
31084,12222613,30
31085,12222613,60
31086,12222613,10
31087,12222613,30
31088,12222613,20
31089,12222613,30
31090,12222613,20
31091,12222613,10
31092,12222613,30
31093,12222613,30
31094,12222613,10
31095,12222613,30
31096,12222613,20
31097,12222613,20
31098,12222613,10
31099,12222613,10
31100,12222613,40
31101,12222613,40
31102,12222613,10
31103,12222613,30
31104,12222613,20
31105,12222613,40
31106,12222613,10
31107,12222613,20
31108,12222613,10
31109,12222613,30
31110,12222613,50
31111,2014,500000
31112,12222613,10
31113,12222613,10
31114,12222613,30
31115,12222613,30
31116,12222613,10
31117,12222613,20
31118,12222613,30
31119,12222613,30
31120,12222613,10
31121,12222613,40
31122,12222613,10
31123,12222613,30
31124,12222613,30
31125,12222613,10
31126,12222613,40
31127,12222613,150
31128,12222613,30
31129,12222613,10
31130,12222613,20
31131,12222613,10
31132,12222613,70
31133,12222613,10
31134,12222613,40
31135,12222613,10
31136,12222613,70
31137,12222613,40
31138,12222613,30
31139,80148050,0
31140,12222613,30
31141,12222613,30
31142,12222613,20
31143,12222613,20
31144,80148050,0
31145,12222613,20
31146,12222613,10
31147,12222613,40
31148,80148050,0
31149,12222613,20
31150,12222613,30
31151,12222613,80
31152,12222613,20
31153,12222613,10
31154,12222613,10
31155,1334494,6140
31156,12222613,20
31157,12222613,20
31158,12222613,10
31159,12222613,10
31160,12222613,10
31161,12222613,30
31162,12222613,10
31163,12222613,40
31164,12222613,80
31165,12222613,20
31166,12222613,20
31167,12222613,10
31168,12222613,30
31169,12222613,20
31170,12222613,20
31171,12222613,10
31172,12222613,30
31173,12222613,180
31174,12222613,150
31175,12222613,80
31176,12222613,20
31177,12222613,30
31178,12222613,10
31179,12222613,250
31180,12222613,20
31181,12222613,20
31182,12222613,30
31183,12222613,10
31184,12222613,10
31185,12222613,60
31186,12222613,20
31187,12222613,30
31188,12222613,40
31189,12222613,40
31190,12222613,10
31191,12222613,110
31192,12222613,40
31193,12222613,150
31194,12222613,20
31195,12222613,20
31196,12222613,40
31197,1334494,6030
31198,12222613,30
31199,12222613,10
31200,12222613,40
31201,80148050,0
31202,80148050,0
31203,80148050,0
31204,80148050,0
31205,80148050,0
31206,80148050,0
31207,80148050,0
31208,80148050,0
31209,80148050,0
31210,80148050,0
31211,80148050,0
31212,80148050,0
31213,80148050,0
31214,80148050,0
31215,80148050,0
31216,80148050,0
31217,80148050,0
31218,80148050,0
31219,80148050,0
31220,80148050,0
31221,80148050,0
31222,80148050,0
31223,80148050,0
31224,80148050,0
31225,80148050,0
31226,80148050,0
31227,80148050,0
31228,80148050,0
31229,80148050,0
31230,80148050,0
31231,80148050,0
31232,80148050,0
31233,80148050,0
31234,80148050,0
31235,80148050,0
31236,80148050,0
31237,80148050,0
31238,80148050,0
31239,80148050,0
31240,80148050,0
31241,80148050,0
31242,80148050,0
31243,80148050,0
31244,80148050,0
31245,80148050,0
31246,80148050,0
31247,80148050,0
31248,80148050,0
31249,80148050,0
31250,80148050,0
31251,80148050,0
31252,80148050,0
31253,80148050,0
31254,80148050,0
31255,80148050,0
31256,80148050,0
31257,80148050,0
31258,80148050,0
31259,80148050,0
31260,80148050,0
31261,80148050,0
31262,80148050,0
31263,80148050,0
31264,80148050,0
31265,80148050,0
31266,80148050,0
31267,80148050,0
31268,80148050,0
31269,80148050,0
31270,80148050,0
31271,80148050,0
31272,80148050,0
31273,80148050,0
31274,80148050,0
31275,80148050,0
31276,80148050,0
31277,80148050,0
31278,80148050,0
31279,80148050,0
31280,80148050,0
31281,80148050,0
31282,80148050,0
31283,80148050,0
31284,80148050,0
31285,80148050,0
31286,80148050,0
31287,80148050,0
31288,80148050,0
31289,80148050,0
31290,80148050,0
31291,80148050,0
31292,80148050,0
31293,80148050,0
31294,80148050,0
31295,80148050,0
31296,80148050,0
31297,80148050,0
31298,80148050,0
31299,80148050,0
31300,80148050,0
31301,80148050,0
31302,80148050,0
31303,80148050,0
31304,80148050,0
31305,80148050,0
31306,80148050,0
31307,80148050,0
31308,80148050,0
31309,80148050,0
31310,80148050,0
31311,80148050,0
31312,80148050,0
31313,80148050,0
31314,80148050,0
31315,80148050,0
31316,80148050,0
31317,80148050,0
31318,80148050,0
31319,80148050,0
31320,80148050,0
31321,80148050,0
31322,80148050,0
31323,80148050,0
31324,80148050,0
31325,80148050,0
31326,80148050,0
31327,80148050,0
31328,80148050,0
31329,80148050,0
31330,80148050,0
31331,80148050,0
31332,80148050,0
31333,80148050,0
31334,80148050,0
31335,80148050,0
31336,80148050,0
31337,80148050,0
31338,80148050,0
31339,80148050,0
31340,80148050,0
31341,80148050,0
31342,80148050,0
31343,80148050,0
31344,80148050,0
31345,80148050,0
31346,80148050,0
31347,80148050,0
31348,80148050,0
31349,80148050,0
31350,80148050,0
31351,80148050,0
31352,80148050,0
31353,80148050,0
31354,80148050,0
31355,80148050,0
31356,80148050,0
31357,80148050,0
31358,80148050,0
31359,80148050,0
31360,80148050,0
31361,80148050,0
31362,80148050,0
31363,80148050,0
31364,80148050,0
31365,80148050,0
31366,80148050,0
31367,80148050,0
31368,80148050,0
31369,80148050,0
31370,80148050,0
31371,80148050,0
31372,80148050,0
31373,80148050,0
31374,80148050,0
31375,80148050,0
31376,80148050,0
31377,80148050,0
31378,80148050,0
31379,80148050,0
31380,80148050,0
31381,80148050,0
31382,80148050,0
31383,80148050,0
31384,80148050,0
31385,80148050,0
31386,80148050,0
31387,80148050,0
31388,80148050,0
31389,80148050,0
31390,80148050,0
31391,80148050,0
31392,80148050,0
31393,80148050,0
31394,80148050,0
31395,80148050,0
31396,80148050,0
31397,80148050,0
31398,80148050,0
31399,80148050,0
31400,80148050,0
31401,80148050,0
31402,80148050,0
31403,80148050,0
31404,80148050,0
31405,80148050,0
31406,80148050,0
31407,80148050,0
31408,80148050,0
31409,80148050,0
31410,80148050,0
31411,80148050,0
31412,80148050,0
31413,80148050,0
31414,80148050,0
31415,80148050,0
31416,80148050,0
31417,80148050,0
31418,80148050,0
31419,80148050,0
31420,80148050,0
31421,80148050,0
31422,80148050,0
31423,80148050,0
31424,80148050,0
31425,80148050,0
31426,80148050,0
31427,80148050,0
31428,80148050,0
31429,80148050,0
31430,80148050,0
31431,80148050,0
31432,80148050,0
31433,80148050,0
31434,80148050,0
31435,80148050,0
31436,80148050,0
31437,80148050,0
31438,80148050,0
31439,80148050,0
31440,80148050,0
31441,80148050,0
31442,80148050,0
31443,80148050,0
31444,80148050,0
31445,80148050,0
31446,80148050,0
31447,80148050,0
31448,80148050,0
31449,80148050,0
31450,80148050,0
31451,80148050,0
31452,80148050,0
31453,80148050,0
31454,80148050,0
31455,80148050,0
31456,80148050,0
31457,80148050,0
31458,80148050,0
31459,80148050,0
31460,80148050,0
31461,80148050,0
31462,80148050,0
31463,80148050,0
31464,80148050,0
31465,80148050,0
31466,80148050,0
31467,80148050,0
31468,80148050,0
31469,80148050,0
31470,80148050,0
31471,80148050,0
31472,80148050,0
31473,80148050,0
31474,80148050,0
31475,80148050,0
31476,80148050,0
31477,80148050,0
31478,80148050,0
31479,80148050,0
31480,80148050,0
31481,80148050,0
31482,80148050,0
31483,80148050,0
31484,80148050,0
31485,80148050,0
31486,80148050,0
31487,80148050,0
31488,80148050,0
31489,80148050,0
31490,80148050,0
31491,80148050,0
31492,80148050,0
31493,80148050,0
31494,80148050,0
31495,80148050,0
31496,80148050,0
31497,80148050,0
31498,80148050,0
31499,80148050,0
31500,80148050,0
31501,80148050,0
31502,80148050,0
31503,80148050,0
31504,80148050,0
31505,80148050,0
31506,80148050,0
31507,80148050,0
31508,80148050,0
31509,80148050,0
31510,80148050,0
31511,80148050,0
31512,80148050,0
31513,80148050,0
31514,80148050,0
31515,80148050,0
31516,80148050,0
31517,80148050,0
31518,80148050,0
31519,80148050,0
31520,80148050,0
31521,80148050,0
31522,80148050,0
31523,80148050,0
31524,80148050,0
31525,80148050,0
31526,80148050,0
31527,80148050,0
31528,80148050,0
31529,80148050,0
31530,80148050,0
31531,80148050,0
31532,80148050,0
31533,80148050,0
31534,80148050,0
31535,80148050,0
31536,80148050,0
31537,80148050,0
31538,80148050,0
31539,80148050,0
31540,80148050,0
31541,80148050,0
31542,80148050,0
31543,80148050,0
31544,80148050,0
31545,80148050,0
31546,80148050,0
31547,80148050,0
31548,80148050,0
31549,80148050,0
31550,80148050,0
31551,80148050,0
31552,80148050,0
31553,80148050,0
31554,80148050,0
31555,80148050,0
31556,80148050,0
31557,80148050,0
31558,80148050,0
31559,80148050,0
31560,80148050,0
31561,80148050,0
31562,80148050,0
31563,80148050,0
31564,80148050,0
31565,80148050,0
31566,80148050,0
31567,80148050,0
31568,80148050,0
31569,80148050,0
31570,80148050,0
31571,80148050,0
31572,80148050,0
31573,80148050,0
31574,80148050,0
31575,80148050,0
31576,80148050,0
31577,80148050,0
31578,80148050,0
31579,80148050,0
31580,80148050,0
31581,80148050,0
31582,80148050,0
31583,80148050,0
31584,80148050,0
31585,80148050,0
31586,80148050,0
31587,80148050,0
31588,80148050,0
31589,80148050,0
31590,80148050,0
31591,80148050,0
31592,80148050,0
31593,80148050,0
31594,80148050,0
31595,80148050,0
31596,80148050,0
31597,80148050,0
31598,80148050,0
31599,80148050,0
31600,80148050,0
31601,80148050,0
31602,80148050,0
31603,80148050,0
31604,80148050,0
31605,80148050,0
31606,80148050,0
31607,80148050,0
31608,80148050,0
31609,80148050,0
31610,80148050,0
31611,80148050,0
31612,80148050,0
31613,80148050,0
31614,80148050,0
31615,80148050,0
31616,80148050,0
31617,80148050,0
31618,80148050,0
31619,80148050,0
31620,80148050,0
31621,80148050,0
31622,80148050,0
31623,80148050,0
31624,80148050,0
31625,80148050,0
31626,80148050,0
31627,80148050,0
31628,80148050,0
31629,80148050,0
31630,80148050,0
31631,80148050,0
31632,80148050,0
31633,80148050,0
31634,80148050,0
31635,80148050,0
31636,80148050,0
31637,80148050,0
31638,80148050,0
31639,80148050,0
31640,80148050,0
31641,80148050,0
31642,80148050,0
31643,80148050,0
31644,80148050,0
31645,80148050,0
31646,80148050,0
31647,80148050,0
31648,80148050,0
31649,80148050,0
31650,80148050,0
31651,80148050,0
31652,80148050,0
31653,80148050,0
31654,80148050,0
31655,80148050,0
31656,80148050,0
31657,80148050,0
31658,80148050,0
31659,80148050,0
31660,80148050,0
31661,80148050,0
31662,80148050,0
31663,80148050,0
31664,80148050,0
31665,80148050,0
31666,80148050,0
31667,80148050,0
31668,80148050,0
31669,80148050,0
31670,80148050,0
31671,80148050,0
31672,80148050,0
31673,80148050,0
31674,80148050,0
31675,80148050,0
31676,80148050,0
31677,80148050,0
31678,80148050,0
31679,80148050,0
31680,80148050,0
31681,80148050,0
31682,80148050,0
31683,80148050,0
31684,80148050,0
31685,80148050,0
31686,80148050,0
31687,80148050,0
31688,80148050,0
31689,80148050,0
31690,80148050,0
31691,80148050,0
31692,80148050,0
31693,80148050,0
31694,80148050,0
31695,80148050,0
31696,80148050,0
31697,80148050,0
31698,80148050,0
31699,80148050,0
31700,80148050,0
31701,80148050,0
31702,80148050,0
31703,80148050,0
31704,80148050,0
31705,80148050,0
31706,80148050,0
31707,80148050,0
31708,80148050,0
31709,80148050,0
31710,80148050,0
31711,80148050,0
31712,80148050,0
31713,80148050,0
31714,80148050,0
31715,80148050,0
31716,80148050,0
31717,80148050,0
31718,80148050,0
31719,80148050,0
31720,80148050,0
31721,80148050,0
31722,80148050,0
31723,80148050,0
31724,80148050,0
31725,80148050,0
31726,80148050,0
31727,80148050,0
31728,80148050,0
31729,80148050,0
31730,80148050,0
31731,80148050,0
31732,80148050,0
31733,80148050,0
31734,80148050,0
31735,80148050,0
31736,80148050,0
31737,80148050,0
31738,80148050,0
31739,80148050,0
31740,80148050,0
31741,80148050,0
31742,80148050,0
31743,80148050,0
31744,80148050,0
31745,80148050,0
31746,80148050,0
31747,80148050,0
31748,80148050,0
31749,80148050,0
31750,80148050,0
31751,80148050,0
31752,80148050,0
31753,80148050,0
31754,80148050,0
31755,80148050,0
31756,80148050,0
31757,80148050,0
31758,80148050,0
31759,80148050,0
31760,80148050,0
31761,80148050,0
31762,80148050,0
31763,80148050,0
31764,80148050,0
31765,80148050,0
31766,80148050,0
31767,80148050,0
31768,80148050,0
31769,80148050,0
31770,80148050,0
31771,80148050,0
31772,80148050,0
31773,80148050,0
31774,80148050,0
31775,80148050,0
31776,80148050,0
31777,80148050,0
31778,80148050,0
31779,80148050,0
31780,80148050,0
31781,80148050,0
31782,80148050,0
31783,80148050,0
31784,80148050,0
31785,80148050,0
31786,80148050,0
31787,80148050,0
31788,80148050,0
31789,80148050,0
31790,80148050,0
31791,80148050,0
31792,80148050,0
31793,80148050,0
31794,80148050,0
31795,80148050,0
31796,80148050,0
31797,80148050,0
31798,80148050,0
31799,80148050,0
31800,80148050,0
31801,80148050,0
31802,80148050,0
31803,80148050,0
31804,80148050,0
31805,80148050,0
31806,80148050,0
31807,80148050,0
31808,80148050,0
31809,80148050,0
31810,80148050,0
31811,80148050,0
31812,80148050,0
31813,80148050,0
31814,80148050,0
31815,80148050,0
31816,80148050,0
31817,80148050,0
31818,80148050,0
31819,80148050,0
31820,80148050,0
31821,80148050,0
31822,80148050,0
31823,80148050,0
31824,80148050,0
31825,80148050,0
31826,80148050,0
31827,80148050,0
31828,80148050,0
31829,80148050,0
31830,80148050,0
31831,80148050,0
31832,80148050,0
31833,80148050,0
31834,80148050,0
31835,80148050,0
31836,80148050,0
31837,80148050,0
31838,80148050,0
31839,80148050,0
31840,80148050,0
31841,80148050,0
31842,80148050,0
31843,80148050,0
31844,80148050,0
31845,80148050,0
31846,80148050,0
31847,80148050,0
31848,80148050,0
31849,80148050,0
31850,80148050,0
31851,80148050,0
31852,80148050,0
31853,80148050,0
31854,80148050,0
31855,80148050,0
31856,80148050,0
31857,80148050,0
31858,80148050,0
31859,80148050,0
31860,80148050,0
31861,80148050,0
31862,80148050,0
31863,80148050,0
31864,80148050,0
31865,80148050,0
31866,80148050,0
31867,80148050,0
31868,80148050,0
31869,80148050,0
31870,80148050,0
31871,80148050,0
31872,80148050,0
31873,80148050,0
31874,80148050,0
31875,80148050,0
31876,80148050,0
31877,80148050,0
31878,80148050,0
31879,80148050,0
31880,80148050,0
31881,80148050,0
31882,80148050,0
31883,80148050,0
31884,80148050,0
31885,80148050,0
31886,80148050,0
31887,80148050,0
31888,80148050,0
31889,80148050,0
31890,80148050,0
31891,80148050,0
31892,80148050,0
31893,80148050,0
31894,80148050,0
31895,80148050,0
31896,80148050,0
31897,80148050,0
31898,80148050,0
31899,80148050,0
31900,80148050,0
31901,80148050,0
31902,80148050,0
31903,80148050,0
31904,80148050,0
31905,80148050,0
31906,80148050,0
31907,80148050,0
31908,80148050,0
31909,80148050,0
31910,80148050,0
31911,80148050,0
31912,80148050,0
31913,80148050,0
31914,80148050,0
31915,80148050,0
31916,80148050,0
31917,80148050,0
31918,80148050,0
31919,80148050,0
31920,80148050,0
31921,80148050,0
31922,80148050,0
31923,80148050,0
31924,80148050,0
31925,80148050,0
31926,80148050,0
31927,80148050,0
31928,80148050,0
31929,80148050,0
31930,80148050,0
31931,80148050,0
31932,80148050,0
31933,80148050,0
31934,80148050,0
31935,80148050,0
31936,80148050,0
31937,80148050,0
31938,80148050,0
31939,80148050,0
31940,80148050,0
31941,80148050,0
31942,80148050,0
31943,80148050,0
31944,80148050,0
31945,80148050,0
31946,80148050,0
31947,80148050,0
31948,80148050,0
31949,80148050,0
31950,80148050,0
31951,80148050,0
31952,80148050,0
31953,80148050,0
31954,80148050,0
31955,80148050,0
31956,80148050,0
31957,80148050,0
31958,80148050,0
31959,80148050,0
31960,80148050,0
31961,80148050,0
31962,80148050,0
31963,80148050,0
31964,80148050,0
31965,80148050,0
31966,80148050,0
31967,80148050,0
31968,80148050,0
31969,80148050,0
31970,80148050,0
31971,80148050,0
31972,80148050,0
31973,80148050,0
31974,80148050,0
31975,80148050,0
31976,80148050,0
31977,80148050,0
31978,80148050,0
31979,80148050,0
31980,80148050,0
31981,80148050,0
31982,80148050,0
31983,80148050,0
31984,80148050,0
31985,80148050,0
31986,80148050,0
31987,80148050,0
31988,80148050,0
31989,80148050,0
31990,80148050,0
31991,80148050,0
31992,80148050,0
31993,80148050,0
31994,80148050,0
31995,80148050,0
31996,80148050,0
31997,80148050,0
31998,80148050,0
31999,80148050,0
32000,80148050,0
32001,80148050,0
32002,80148050,0
32003,80148050,0
32004,80148050,0
32005,80148050,0
32006,80148050,0
32007,80148050,0
32008,80148050,0
32009,80148050,0
32010,80148050,0
32011,80148050,0
32012,80148050,0
32013,80148050,0
32014,80148050,0
32015,80148050,0
32016,80148050,0
32017,80148050,0
32018,80148050,0
32019,80148050,0
32020,80148050,0
32021,80148050,0
32022,80148050,0
32023,80148050,0
32024,80148050,0
32025,80148050,0
32026,80148050,0
32027,80148050,0
32028,80148050,0
32029,80148050,0
32030,80148050,0
32031,80148050,0
32032,80148050,0
32033,80148050,0
32034,80148050,0
32035,80148050,0
32036,80148050,0
32037,80148050,0
32038,80148050,0
32039,80148050,0
32040,80148050,0
32041,80148050,0
32042,80148050,0
32043,80148050,0
32044,80148050,0
32045,80148050,0
32046,80148050,0
32047,80148050,0
32048,80148050,0
32049,80148050,0
32050,80148050,0
32051,80148050,0
32052,80148050,0
32053,80148050,0
32054,80148050,0
32055,80148050,0
32056,80148050,0
32057,80148050,0
32058,80148050,0
32059,80148050,0
32060,80148050,0
32061,80148050,0
32062,80148050,0
32063,80148050,0
32064,80148050,0
32065,80148050,0
32066,80148050,0
32067,80148050,0
32068,80148050,0
32069,80148050,0
32070,80148050,0
32071,80148050,0
32072,80148050,0
32073,80148050,0
32074,80148050,0
32075,80148050,0
32076,80148050,0
32077,80148050,0
32078,80148050,0
32079,80148050,0
32080,80148050,0
32081,80148050,0
32082,80148050,0
32083,80148050,0
32084,80148050,0
32085,80148050,0
32086,80148050,0
32087,80148050,0
32088,80148050,0
32089,80148050,0
32090,80148050,0
32091,80148050,0
32092,80148050,0
32093,80148050,0
32094,80148050,0
32095,80148050,0
32096,80148050,0
32097,80148050,0
32098,80148050,0
32099,80148050,0
32100,80148050,0
32101,80148050,0
32102,80148050,0
32103,80148050,0
32104,80148050,0
32105,80148050,0
32106,80148050,0
32107,80148050,0
32108,80148050,0
32109,80148050,0
32110,80148050,0
32111,80148050,0
32112,80148050,0
32113,80148050,0
32114,80148050,0
32115,80148050,0
32116,80148050,0
32117,80148050,0
32118,80148050,0
32119,80148050,0
32120,80148050,0
32121,80148050,0
32122,80148050,0
32123,80148050,0
32124,80148050,0
32125,80148050,0
32126,80148050,0
32127,80148050,0
32128,80148050,0
32129,80148050,0
32130,80148050,0
32131,80148050,0
32132,80148050,0
32133,80148050,0
32134,80148050,0
32135,80148050,0
32136,80148050,0
32137,80148050,0
32138,80148050,0
32139,80148050,0
32140,80148050,0
32141,80148050,0
32142,80148050,0
32143,80148050,0
32144,80148050,0
32145,80148050,0
32146,80148050,0
32147,80148050,0
32148,80148050,0
32149,80148050,0
32150,80148050,0
32151,80148050,0
32152,80148050,0
32153,80148050,0
32154,80148050,0
32155,80148050,0
32156,80148050,0
32157,80148050,0
32158,80148050,0
32159,80148050,0
32160,80148050,0
32161,80148050,0
32162,80148050,0
32163,80148050,0
32164,80148050,0
32165,80148050,0
32166,80148050,0
32167,80148050,0
32168,80148050,0
32169,80148050,0
32170,80148050,0
32171,80148050,0
32172,80148050,0
32173,80148050,0
32174,80148050,0
32175,80148050,0
32176,80148050,0
32177,80148050,0
32178,80148050,0
32179,80148050,0
32180,80148050,0
32181,80148050,0
32182,80148050,0
32183,80148050,0
32184,80148050,0
32185,80148050,0
32186,80148050,0
32187,80148050,0
32188,80148050,0
32189,80148050,0
32190,80148050,0
32191,80148050,0
32192,80148050,0
32193,80148050,0
32194,80148050,0
32195,80148050,0
32196,80148050,0
32197,80148050,0
32198,80148050,0
32199,80148050,0
32200,80148050,0
32201,80148050,0
32202,80148050,0
32203,80148050,0
32204,80148050,0
32205,80148050,0
32206,80148050,0
32207,80148050,0
32208,80148050,0
32209,80148050,0
32210,80148050,0
32211,80148050,0
32212,80148050,0
32213,80148050,0
32214,80148050,0
32215,80148050,0
32216,80148050,0
32217,80148050,0
32218,80148050,0
32219,80148050,0
32220,80148050,0
32221,80148050,0
32222,80148050,0
32223,80148050,0
32224,80148050,0
32225,80148050,0
32226,80148050,0
32227,80148050,0
32228,80148050,0
32229,80148050,0
32230,80148050,0
32231,80148050,0
32232,80148050,0
32233,80148050,0
32234,80148050,0
32235,80148050,0
32236,80148050,0
32237,80148050,0
32238,80148050,0
32239,80148050,0
32240,80148050,0
32241,80148050,0
32242,80148050,0
32243,80148050,0
32244,80148050,0
32245,80148050,0
32246,80148050,0
32247,80148050,0
32248,80148050,0
32249,80148050,0
32250,80148050,0
32251,80148050,0
32252,80148050,0
32253,80148050,0
32254,80148050,0
32255,80148050,0
32256,80148050,0
32257,80148050,0
32258,80148050,0
32259,80148050,0
32260,80148050,0
32261,80148050,0
32262,80148050,0
32263,80148050,0
32264,80148050,0
32265,80148050,0
32266,80148050,0
32267,80148050,0
32268,80148050,0
32269,80148050,0
32270,80148050,0
32271,80148050,0
32272,80148050,0
32273,80148050,0
32274,80148050,0
32275,80148050,0
32276,80148050,0
32277,80148050,0
32278,80148050,0
32279,80148050,0
32280,80148050,0
32281,80148050,0
32282,80148050,0
32283,80148050,0
32284,80148050,0
32285,80148050,0
32286,80148050,0
32287,80148050,0
32288,80148050,0
32289,80148050,0
32290,80148050,0
32291,80148050,0
32292,80148050,0
32293,80148050,0
32294,80148050,0
32295,80148050,0
32296,80148050,0
32297,80148050,0
32298,80148050,0
32299,80148050,0
32300,80148050,0
32301,80148050,0
32302,80148050,0
32303,80148050,0
32304,80148050,0
32305,80148050,0
32306,80148050,0
32307,80148050,0
32308,80148050,0
32309,80148050,0
32310,80148050,0
32311,80148050,0
32312,80148050,0
32313,80148050,0
32314,80148050,0
32315,80148050,0
32316,80148050,0
32317,80148050,0
32318,80148050,0
32319,80148050,0
32320,80148050,0
32321,80148050,0
32322,80148050,0
32323,80148050,0
32324,80148050,0
32325,80148050,0
32326,80148050,0
32327,80148050,0
32328,80148050,0
32329,80148050,0
32330,80148050,0
32331,80148050,0
32332,80148050,0
32333,80148050,0
32334,80148050,0
32335,80148050,0
32336,80148050,0
32337,80148050,0
32338,80148050,0
32339,80148050,0
32340,80148050,0
32341,80148050,0
32342,80148050,0
32343,80148050,0
32344,80148050,0
32345,80148050,0
32346,80148050,0
32347,80148050,0
32348,80148050,0
32349,80148050,0
32350,80148050,0
32351,80148050,0
32352,80148050,0
32353,80148050,0
32354,80148050,0
32355,80148050,0
32356,80148050,0
32357,80148050,0
32358,80148050,0
32359,80148050,0
32360,80148050,0
32361,80148050,0
32362,80148050,0
32363,80148050,0
32364,80148050,0
32365,80148050,0
32366,80148050,0
32367,80148050,0
32368,80148050,0
32369,80148050,0
32370,80148050,0
32371,80148050,0
32372,80148050,0
32373,80148050,0
32374,80148050,0
32375,80148050,0
32376,80148050,0
32377,80148050,0
32378,80148050,0
32379,80148050,0
32380,80148050,0
32381,80148050,0
32382,80148050,0
32383,80148050,0
32384,80148050,0
32385,80148050,0
32386,80148050,0
32387,80148050,0
32388,80148050,0
32389,80148050,0
32390,80148050,0
32391,80148050,0
32392,80148050,0
32393,80148050,0
32394,80148050,0
32395,80148050,0
32396,80148050,0
32397,80148050,0
32398,80148050,0
32399,80148050,0
32400,80148050,0
32401,80148050,0
32402,80148050,0
32403,80148050,0
32404,80148050,0
32405,80148050,0
32406,80148050,0
32407,80148050,0
32408,80148050,0
32409,80148050,0
32410,80148050,0
32411,80148050,0
32412,80148050,0
32413,80148050,0
32414,80148050,0
32415,80148050,0
32416,80148050,0
32417,80148050,0
32418,80148050,0
32419,80148050,0
32420,80148050,0
32421,80148050,0
32422,80148050,0
32423,80148050,0
32424,80148050,0
32425,80148050,0
32426,80148050,0
32427,80148050,0
32428,80148050,0
32429,80148050,0
32430,80148050,0
32431,80148050,0
32432,80148050,0
32433,80148050,0
32434,80148050,0
32435,80148050,0
32436,80148050,0
32437,80148050,0
32438,80148050,0
32439,80148050,0
32440,80148050,0
32441,80148050,0
32442,80148050,0
32443,80148050,0
32444,80148050,0
32445,80148050,0
32446,80148050,0
32447,80148050,0
32448,80148050,0
32449,80148050,0
32450,80148050,0
32451,80148050,0
32452,80148050,0
32453,80148050,0
32454,80148050,0
32455,80148050,0
32456,80148050,0
32457,80148050,0
32458,80148050,0
32459,80148050,0
32460,80148050,0
32461,80148050,0
32462,80148050,0
32463,80148050,0
32464,80148050,0
32465,80148050,0
32466,80148050,0
32467,80148050,0
32468,80148050,0
32469,80148050,0
32470,80148050,0
32471,80148050,0
32472,80148050,0
32473,80148050,0
32474,80148050,0
32475,80148050,0
32476,80148050,0
32477,80148050,0
32478,80148050,0
32479,80148050,0
32480,80148050,0
32481,80148050,0
32482,80148050,0
32483,80148050,0
32484,80148050,0
32485,80148050,0
32486,80148050,0
32487,80148050,0
32488,80148050,0
32489,80148050,0
32490,80148050,0
32491,80148050,0
32492,80148050,0
32493,80148050,0
32494,80148050,0
32495,80148050,0
32496,80148050,0
32497,80148050,0
32498,80148050,0
32499,80148050,0
32500,80148050,0
32501,80148050,0
32502,80148050,0
32503,80148050,0
32504,80148050,0
32505,80148050,0
32506,80148050,0
32507,80148050,0
32508,80148050,0
32509,80148050,0
32510,80148050,0
32511,80148050,0
32512,80148050,0
32513,80148050,0
32514,80148050,0
32515,80148050,0
32516,80148050,0
32517,80148050,0
32518,80148050,0
32519,80148050,0
32520,80148050,0
32521,80148050,0
32522,80148050,0
32523,80148050,0
32524,80148050,0
32525,80148050,0
32526,80148050,0
32527,80148050,0
32528,80148050,0
32529,80148050,0
32530,80148050,0
32531,80148050,0
32532,80148050,0
32533,80148050,0
32534,80148050,0
32535,80148050,0
32536,80148050,0
32537,80148050,0
32538,80148050,0
32539,80148050,0
32540,80148050,0
32541,80148050,0
32542,80148050,0
32543,80148050,0
32544,80148050,0
32545,80148050,0
32546,80148050,0
32547,80148050,0
32548,80148050,0
32549,80148050,0
32550,80148050,0
32551,80148050,0
32552,80148050,0
32553,80148050,0
32554,80148050,0
32555,80148050,0
32556,80148050,0
32557,80148050,0
32558,80148050,0
32559,80148050,0
32560,80148050,0
32561,80148050,0
32562,80148050,0
32563,80148050,0
32564,80148050,0
32565,80148050,0
32566,80148050,0
32567,80148050,0
32568,80148050,0
32569,80148050,0
32570,80148050,0
32571,80148050,0
32572,80148050,0
32573,80148050,0
32574,80148050,0
32575,80148050,0
32576,80148050,0
32577,80148050,0
32578,80148050,0
32579,80148050,0
32580,80148050,0
32581,80148050,0
32582,80148050,0
32583,80148050,0
32584,80148050,0
32585,80148050,0
32586,80148050,0
32587,80148050,0
32588,80148050,0
32589,80148050,0
32590,80148050,0
32591,80148050,0
32592,80148050,0
32593,80148050,0
32594,80148050,0
32595,80148050,0
32596,80148050,0
32597,80148050,0
32598,80148050,0
32599,80148050,0
32600,80148050,0
32601,80148050,0
32602,80148050,0
32603,80148050,0
32604,80148050,0
32605,80148050,0
32606,80148050,0
32607,80148050,0
32608,80148050,0
32609,80148050,0
32610,80148050,0
32611,80148050,0
32612,80148050,0
32613,80148050,0
32614,80148050,0
32615,80148050,0
32616,80148050,0
32617,80148050,0
32618,80148050,0
32619,80148050,0
32620,80148050,0
32621,80148050,0
32622,80148050,0
32623,80148050,0
32624,80148050,0
32625,80148050,0
32626,80148050,0
32627,80148050,0
32628,80148050,0
32629,80148050,0
32630,80148050,0
32631,80148050,0
32632,80148050,0
32633,80148050,0
32634,80148050,0
32635,80148050,0
32636,80148050,0
32637,80148050,0
32638,80148050,0
32639,80148050,0
32640,80148050,0
32641,80148050,0
32642,80148050,0
32643,80148050,0
32644,80148050,0
32645,80148050,0
32646,80148050,0
32647,80148050,0
32648,80148050,0
32649,80148050,0
32650,80148050,0
32651,80148050,0
32652,80148050,0
32653,80148050,0
32654,80148050,0
32655,80148050,0
32656,80148050,0
32657,80148050,0
32658,80148050,0
32659,80148050,0
32660,80148050,0
32661,80148050,0
32662,80148050,0
32663,80148050,0
32664,80148050,0
32665,80148050,0
32666,80148050,0
32667,80148050,0
32668,80148050,0
32669,80148050,0
32670,80148050,0
32671,80148050,0
32672,80148050,0
32673,80148050,0
32674,80148050,0
32675,80148050,0
32676,80148050,0
32677,80148050,0
32678,80148050,0
32679,80148050,0
32680,80148050,0
32681,80148050,0
32682,80148050,0
32683,80148050,0
32684,80148050,0
32685,80148050,0
32686,80148050,0
32687,80148050,0
32688,80148050,0
32689,80148050,0
32690,80148050,0
32691,80148050,0
32692,80148050,0
32693,80148050,0
32694,80148050,0
32695,80148050,0
32696,80148050,0
32697,80148050,0
32698,80148050,0
32699,80148050,0
32700,80148050,0
32701,80148050,0
32702,80148050,0
32703,80148050,0
32704,80148050,0
32705,80148050,0
32706,80148050,0
32707,80148050,0
32708,80148050,0
32709,80148050,0
32710,80148050,0
32711,80148050,0
32712,80148050,0
32713,80148050,0
32714,80148050,0
32715,80148050,0
32716,80148050,0
32717,80148050,0
32718,80148050,0
32719,80148050,0
32720,80148050,0
32721,80148050,0
32722,80148050,0
32723,80148050,0
32724,80148050,0
32725,80148050,0
32726,80148050,0
32727,80148050,0
32728,80148050,0
32729,80148050,0
32730,80148050,0
32731,80148050,0
32732,80148050,0
32733,80148050,0
32734,80148050,0
32735,80148050,0
32736,80148050,0
32737,80148050,0
32738,80148050,0
32739,80148050,0
32740,80148050,0
32741,80148050,0
32742,80148050,0
32743,80148050,0
32744,80148050,0
32745,80148050,0
32746,80148050,0
32747,80148050,0
32748,80148050,0
32749,80148050,0
32750,80148050,0
32751,80148050,0
32752,80148050,0
32753,80148050,0
32754,80148050,0
32755,80148050,0
32756,80148050,0
32757,80148050,0
32758,80148050,0
32759,80148050,0
32760,80148050,0
32761,80148050,0
32762,80148050,0
32763,80148050,0
32764,80148050,0
32765,80148050,0
32766,80148050,0
32767,80148050,0
32768,80148050,0
32769,80148050,0
32770,80148050,0
32771,80148050,0
32772,80148050,0
32773,80148050,0
32774,80148050,0
32775,80148050,0
32776,80148050,0
32777,80148050,0
32778,80148050,0
32779,80148050,0
32780,80148050,0
32781,80148050,0
32782,80148050,0
32783,80148050,0
32784,80148050,0
32785,80148050,0
32786,80148050,0
32787,80148050,0
32788,80148050,0
32789,80148050,0
32790,80148050,0
32791,80148050,0
32792,80148050,0
32793,80148050,0
32794,80148050,0
32795,80148050,0
32796,80148050,0
32797,80148050,0
32798,80148050,0
32799,80148050,0
32800,80148050,0
32801,80148050,0
32802,80148050,0
32803,80148050,0
32804,80148050,0
32805,80148050,0
32806,80148050,0
32807,80148050,0
32808,80148050,0
32809,80148050,0
32810,80148050,0
32811,80148050,0
32812,80148050,0
32813,80148050,0
32814,80148050,0
32815,80148050,0
32816,80148050,0
32817,80148050,0
32818,80148050,0
32819,80148050,0
32820,80148050,0
32821,80148050,0
32822,80148050,0
32823,80148050,0
32824,80148050,0
32825,80148050,0
32826,80148050,0
32827,80148050,0
32828,80148050,0
32829,80148050,0
32830,80148050,0
32831,80148050,0
32832,80148050,0
32833,80148050,0
32834,80148050,0
32835,80148050,0
32836,80148050,0
32837,80148050,0
32838,80148050,0
32839,80148050,0
32840,80148050,0
32841,80148050,0
32842,80148050,0
32843,80148050,0
32844,80148050,0
32845,80148050,0
32846,80148050,0
32847,80148050,0
32848,80148050,0
32849,80148050,0
32850,80148050,0
32851,80148050,0
32852,80148050,0
32853,80148050,0
32854,80148050,0
32855,80148050,0
32856,80148050,0
32857,80148050,0
32858,80148050,0
32859,80148050,0
32860,80148050,0
32861,80148050,0
32862,80148050,0
32863,80148050,0
32864,80148050,0
32865,80148050,0
32866,80148050,0
32867,80148050,0
32868,80148050,0
32869,80148050,0
32870,80148050,0
32871,80148050,0
32872,80148050,0
32873,80148050,0
32874,80148050,0
32875,80148050,0
32876,80148050,0
32877,80148050,0
32878,80148050,0
32879,80148050,0
32880,80148050,0
32881,80148050,0
32882,80148050,0
32883,80148050,0
32884,80148050,0
32885,80148050,0
32886,80148050,0
32887,80148050,0
32888,80148050,0
32889,80148050,0
32890,80148050,0
32891,80148050,0
32892,80148050,0
32893,80148050,0
32894,80148050,0
32895,80148050,0
32896,80148050,0
32897,80148050,0
32898,80148050,0
32899,80148050,0
32900,80148050,0
32901,80148050,0
32902,80148050,0
32903,80148050,0
32904,80148050,0
32905,80148050,0
32906,80148050,0
32907,80148050,0
32908,80148050,0
32909,80148050,0
32910,80148050,0
32911,80148050,0
32912,80148050,0
32913,80148050,0
32914,80148050,0
32915,80148050,0
32916,80148050,0
32917,80148050,0
32918,80148050,0
32919,80148050,0
32920,80148050,0
32921,80148050,0
32922,80148050,0
32923,80148050,0
32924,80148050,0
32925,80148050,0
32926,80148050,0
32927,80148050,0
32928,80148050,0
32929,80148050,0
32930,80148050,0
32931,80148050,0
32932,80148050,0
32933,80148050,0
32934,80148050,0
32935,80148050,0
32936,80148050,0
32937,80148050,0
32938,80148050,0
32939,80148050,0
32940,80148050,0
32941,80148050,0
32942,80148050,0
32943,80148050,0
32944,80148050,0
32945,80148050,0
32946,80148050,0
32947,80148050,0
32948,80148050,0
32949,80148050,0
32950,80148050,0
32951,80148050,0
32952,80148050,0
32953,80148050,0
32954,80148050,0
32955,80148050,0
32956,80148050,0
32957,80148050,0
32958,80148050,0
32959,80148050,0
32960,80148050,0
32961,80148050,0
32962,80148050,0
32963,80148050,0
32964,80148050,0
32965,80148050,0
32966,80148050,0
32967,80148050,0
32968,80148050,0
32969,80148050,0
32970,80148050,0
32971,80148050,0
32972,80148050,0
32973,80148050,0
32974,80148050,0
32975,80148050,0
32976,80148050,0
32977,80148050,0
32978,80148050,0
32979,80148050,0
32980,80148050,0
32981,80148050,0
32982,80148050,0
32983,80148050,0
32984,80148050,0
32985,80148050,0
32986,80148050,0
32987,80148050,0
32988,80148050,0
32989,80148050,0
32990,80148050,0
32991,80148050,0
32992,80148050,0
32993,80148050,0
32994,80148050,0
32995,80148050,0
32996,80148050,0
32997,80148050,0
32998,80148050,0
32999,80148050,0
33000,80148050,0
33001,80148050,0
33002,80148050,0
33003,80148050,0
33004,80148050,0
33005,80148050,0
33006,80148050,0
33007,80148050,0
33008,80148050,0
33009,80148050,0
33010,80148050,0
33011,80148050,0
33012,80148050,0
33013,80148050,0
33014,80148050,0
33015,80148050,0
33016,80148050,0
33017,80148050,0
33018,80148050,0
33019,80148050,0
33020,80148050,0
33021,80148050,0
33022,80148050,0
33023,80148050,0
33024,80148050,0
33025,80148050,0
33026,80148050,0
33027,80148050,0
33028,80148050,0
33029,80148050,0
33030,80148050,0
33031,80148050,0
33032,80148050,0
33033,80148050,0
33034,80148050,0
33035,80148050,0
33036,80148050,0
33037,80148050,0
33038,80148050,0
33039,80148050,0
33040,80148050,0
33041,80148050,0
33042,80148050,0
33043,80148050,0
33044,80148050,0
33045,80148050,0
33046,80148050,0
33047,80148050,0
33048,80148050,0
33049,80148050,0
33050,80148050,0
33051,80148050,0
33052,80148050,0
33053,80148050,0
33054,80148050,0
33055,80148050,0
33056,80148050,0
33057,80148050,0
33058,80148050,0
33059,80148050,0
33060,80148050,0
33061,80148050,0
33062,80148050,0
33063,80148050,0
33064,80148050,0
33065,80148050,0
33066,80148050,0
33067,80148050,0
33068,80148050,0
33069,80148050,0
33070,80148050,0
33071,80148050,0
33072,80148050,0
33073,80148050,0
33074,80148050,0
33075,80148050,0
33076,80148050,0
33077,80148050,0
33078,80148050,0
33079,80148050,0
33080,80148050,0
33081,80148050,0
33082,80148050,0
33083,80148050,0
33084,80148050,0
33085,80148050,0
33086,80148050,0
33087,80148050,0
33088,80148050,0
33089,80148050,0
33090,80148050,0
33091,80148050,0
33092,80148050,0
33093,80148050,0
33094,80148050,0
33095,80148050,0
33096,80148050,0
33097,80148050,0
33098,80148050,0
33099,80148050,0
33100,80148050,0
33101,80148050,0
33102,80148050,0
33103,80148050,0
33104,80148050,0
33105,80148050,0
33106,80148050,0
33107,80148050,0
33108,80148050,0
33109,80148050,0
33110,80148050,0
33111,80148050,0
33112,80148050,0
33113,80148050,0
33114,80148050,0
33115,80148050,0
33116,80148050,0
33117,80148050,0
33118,80148050,0
33119,80148050,0
33120,80148050,0
33121,80148050,0
33122,80148050,0
33123,80148050,0
33124,80148050,0
33125,80148050,0
33126,80148050,0
33127,80148050,0
33128,80148050,0
33129,80148050,0
33130,80148050,0
33131,80148050,0
33132,80148050,0
33133,80148050,0
33134,80148050,0
33135,80148050,0
33136,80148050,0
33137,80148050,0
33138,80148050,0
33139,80148050,0
33140,80148050,0
33141,80148050,0
33142,80148050,0
33143,80148050,0
33144,80148050,0
33145,80148050,0
33146,80148050,0
33147,80148050,0
33148,80148050,0
33149,80148050,0
33150,80148050,0
33151,80148050,0
33152,80148050,0
33153,80148050,0
33154,80148050,0
33155,80148050,0
33156,80148050,0
33157,80148050,0
33158,80148050,0
33159,80148050,0
33160,80148050,0
33161,80148050,0
33162,80148050,0
33163,80148050,0
33164,80148050,0
33165,80148050,0
33166,80148050,0
33167,80148050,0
33168,80148050,0
33169,80148050,0
33170,80148050,0
33171,80148050,0
33172,80148050,0
33173,80148050,0
33174,80148050,0
33175,80148050,0
33176,80148050,0
33177,80148050,0
33178,80148050,0
33179,80148050,0
33180,80148050,0
33181,80148050,0
33182,80148050,0
33183,80148050,0
33184,80148050,0
33185,80148050,0
33186,80148050,0
33187,80148050,0
33188,80148050,0
33189,80148050,0
33190,80148050,0
33191,80148050,0
33192,80148050,0
33193,80148050,0
33194,80148050,0
33195,80148050,0
33196,80148050,0
33197,80148050,0
33198,80148050,0
33199,80148050,0
33200,80148050,0
33201,80148050,0
33202,80148050,0
33203,80148050,0
33204,80148050,0
33205,80148050,0
33206,80148050,0
33207,80148050,0
33208,80148050,0
33209,80148050,0
33210,80148050,0
33211,80148050,0
33212,80148050,0
33213,80148050,0
33214,80148050,0
33215,80148050,0
33216,80148050,0
33217,80148050,0
33218,80148050,0
33219,80148050,0
33220,80148050,0
33221,80148050,0
33222,80148050,0
33223,80148050,0
33224,80148050,0
33225,80148050,0
33226,80148050,0
33227,80148050,0
33228,80148050,0
33229,80148050,0
33230,80148050,0
33231,80148050,0
33232,80148050,0
33233,80148050,0
33234,80148050,0
33235,80148050,0
33236,80148050,0
33237,80148050,0
33238,80148050,0
33239,80148050,0
33240,80148050,0
33241,80148050,0
33242,80148050,0
33243,80148050,0
33244,80148050,0
33245,80148050,0
33246,80148050,0
33247,80148050,0
33248,80148050,0
33249,80148050,0
33250,80148050,0
33251,80148050,0
33252,80148050,0
33253,80148050,0
33254,80148050,0
33255,80148050,0
33256,80148050,0
33257,80148050,0
33258,80148050,0
33259,80148050,0
33260,80148050,0
33261,80148050,0
33262,80148050,0
33263,80148050,0
33264,80148050,0
33265,80148050,0
33266,80148050,0
33267,80148050,0
33268,80148050,0
33269,80148050,0
33270,80148050,0
33271,80148050,0
33272,80148050,0
33273,80148050,0
33274,80148050,0
33275,80148050,0
33276,80148050,0
33277,80148050,0
33278,80148050,0
33279,80148050,0
33280,80148050,0
33281,80148050,0
33282,80148050,0
33283,80148050,0
33284,80148050,0
33285,80148050,0
33286,80148050,0
33287,80148050,0
33288,80148050,0
33289,80148050,0
33290,80148050,0
33291,80148050,0
33292,80148050,0
33293,80148050,0
33294,80148050,0
33295,80148050,0
33296,80148050,0
33297,80148050,0
33298,80148050,0
33299,80148050,0
33300,80148050,0
33301,80148050,0
33302,80148050,0
33303,80148050,0
33304,80148050,0
33305,80148050,0
33306,80148050,0
33307,80148050,0
33308,80148050,0
33309,80148050,0
33310,80148050,0
33311,80148050,0
33312,80148050,0
33313,80148050,0
33314,80148050,0
33315,80148050,0
33316,80148050,0
33317,80148050,0
33318,80148050,0
33319,80148050,0
33320,80148050,0
33321,80148050,0
33322,80148050,0
33323,80148050,0
33324,80148050,0
33325,80148050,0
33326,80148050,0
33327,80148050,0
33328,80148050,0
33329,80148050,0
33330,80148050,0
33331,80148050,0
33332,80148050,0
33333,80148050,0
33334,80148050,0
33335,80148050,0
33336,80148050,0
33337,80148050,0
33338,80148050,0
33339,80148050,0
33340,80148050,0
33341,80148050,0
33342,80148050,0
33343,80148050,0
33344,80148050,0
33345,80148050,0
33346,80148050,0
33347,80148050,0
33348,80148050,0
33349,80148050,0
33350,80148050,0
33351,80148050,0
33352,80148050,0
33353,80148050,0
33354,80148050,0
33355,80148050,0
33356,80148050,0
33357,80148050,0
33358,80148050,0
33359,80148050,0
33360,80148050,0
33361,80148050,0
33362,80148050,0
33363,80148050,0
33364,80148050,0
33365,80148050,0
33366,80148050,0
33367,80148050,0
33368,80148050,0
33369,80148050,0
33370,80148050,0
33371,80148050,0
33372,80148050,0
33373,80148050,0
33374,80148050,0
33375,80148050,0
33376,80148050,0
33377,80148050,0
33378,80148050,0
33379,80148050,0
33380,80148050,0
33381,80148050,0
33382,80148050,0
33383,80148050,0
33384,80148050,0
33385,80148050,0
33386,80148050,0
33387,80148050,0
33388,80148050,0
33389,80148050,0
33390,80148050,0
33391,80148050,0
33392,80148050,0
33393,80148050,0
33394,80148050,0
33395,80148050,0
33396,80148050,0
33397,80148050,0
33398,80148050,0
33399,80148050,0
33400,80148050,0
33401,80148050,0
33402,80148050,0
33403,80148050,0
33404,80148050,0
33405,80148050,0
33406,80148050,0
33407,80148050,0
33408,80148050,0
33409,80148050,0
33410,80148050,0
33411,80148050,0
33412,80148050,0
33413,80148050,0
33414,80148050,0
33415,80148050,0
33416,80148050,0
33417,80148050,0
33418,80148050,0
33419,80148050,0
33420,80148050,0
33421,80148050,0
33422,80148050,0
33423,80148050,0
33424,80148050,0
33425,80148050,0
33426,80148050,0
33427,80148050,0
33428,80148050,0
33429,80148050,0
33430,80148050,0
33431,80148050,0
33432,80148050,0
33433,80148050,0
33434,80148050,0
33435,80148050,0
33436,80148050,0
33437,80148050,0
33438,80148050,0
33439,80148050,0
33440,80148050,0
33441,80148050,0
33442,80148050,0
33443,80148050,0
33444,80148050,0
33445,80148050,0
33446,80148050,0
33447,80148050,0
33448,80148050,0
33449,80148050,0
33450,80148050,0
33451,80148050,0
33452,80148050,0
33453,80148050,0
33454,80148050,0
33455,80148050,0
33456,80148050,0
33457,80148050,0
33458,80148050,0
33459,80148050,0
33460,80148050,0
33461,80148050,0
33462,80148050,0
33463,80148050,0
33464,80148050,0
33465,80148050,0
33466,80148050,0
33467,80148050,0
33468,80148050,0
33469,80148050,0
33470,80148050,0
33471,80148050,0
33472,80148050,0
33473,80148050,0
33474,80148050,0
33475,80148050,0
33476,80148050,0
33477,80148050,0
33478,80148050,0
33479,80148050,0
33480,80148050,0
33481,80148050,0
33482,80148050,0
33483,80148050,0
33484,80148050,0
33485,80148050,0
33486,80148050,0
33487,80148050,0
33488,80148050,0
33489,80148050,0
33490,80148050,0
33491,80148050,0
33492,80148050,0
33493,80148050,0
33494,80148050,0
33495,80148050,0
33496,80148050,0
33497,80148050,0
33498,80148050,0
33499,80148050,0
33500,80148050,0
33501,80148050,0
33502,80148050,0
33503,80148050,0
33504,80148050,0
33505,80148050,0
33506,80148050,0
33507,80148050,0
33508,80148050,0
33509,80148050,0
33510,80148050,0
33511,80148050,0
33512,80148050,0
33513,80148050,0
33514,80148050,0
33515,80148050,0
33516,80148050,0
33517,80148050,0
33518,80148050,0
33519,80148050,0
33520,80148050,0
33521,80148050,0
33522,80148050,0
33523,80148050,0
33524,80148050,0
33525,80148050,0
33526,80148050,0
33527,80148050,0
33528,80148050,0
33529,80148050,0
33530,80148050,0
33531,80148050,0
33532,80148050,0
33533,80148050,0
33534,80148050,0
33535,80148050,0
33536,80148050,0
33537,80148050,0
33538,80148050,0
33539,80148050,0
33540,80148050,0
33541,80148050,0
33542,80148050,0
33543,80148050,0
33544,80148050,0
33545,80148050,0
33546,80148050,0
33547,80148050,0
33548,80148050,0
33549,80148050,0
33550,80148050,0
33551,80148050,0
33552,80148050,0
33553,80148050,0
33554,80148050,0
33555,80148050,0
33556,80148050,0
33557,80148050,0
33558,80148050,0
33559,80148050,0
33560,80148050,0
33561,80148050,0
33562,80148050,0
33563,80148050,0
33564,80148050,0
33565,80148050,0
33566,80148050,0
33567,80148050,0
33568,80148050,0
33569,80148050,0
33570,80148050,0
33571,80148050,0
33572,80148050,0
33573,80148050,0
33574,80148050,0
33575,80148050,0
33576,80148050,0
33577,80148050,0
33578,80148050,0
33579,80148050,0
33580,80148050,0
33581,80148050,0
33582,80148050,0
33583,80148050,0
33584,80148050,0
33585,80148050,0
33586,80148050,0
33587,80148050,0
33588,80148050,0
33589,80148050,0
33590,80148050,0
33591,80148050,0
33592,80148050,0
33593,80148050,0
33594,80148050,0
33595,80148050,0
33596,80148050,0
33597,80148050,0
33598,80148050,0
33599,80148050,0
33600,80148050,0
33601,80148050,0
33602,80148050,0
33603,80148050,0
33604,80148050,0
33605,80148050,0
33606,80148050,0
33607,80148050,0
33608,80148050,0
33609,80148050,0
33610,80148050,0
33611,80148050,0
33612,80148050,0
33613,80148050,0
33614,80148050,0
33615,80148050,0
33616,80148050,0
33617,80148050,0
33618,80148050,0
33619,80148050,0
33620,80148050,0
33621,80148050,0
33622,80148050,0
33623,80148050,0
33624,80148050,0
33625,80148050,0
33626,80148050,0
33627,80148050,0
33628,80148050,0
33629,80148050,0
33630,80148050,0
33631,80148050,0
33632,80148050,0
33633,80148050,0
33634,80148050,0
33635,80148050,0
33636,80148050,0
33637,80148050,0
33638,80148050,0
33639,80148050,0
33640,80148050,0
33641,80148050,0
33642,80148050,0
33643,80148050,0
33644,80148050,0
33645,80148050,0
33646,80148050,0
33647,80148050,0
33648,80148050,0
33649,80148050,0
33650,80148050,0
33651,80148050,0
33652,80148050,0
33653,80148050,0
33654,80148050,0
33655,80148050,0
33656,80148050,0
33657,80148050,0
33658,80148050,0
33659,80148050,0
33660,80148050,0
33661,80148050,0
33662,80148050,0
33663,80148050,0
33664,80148050,0
33665,80148050,0
33666,80148050,0
33667,80148050,0
33668,80148050,0
33669,80148050,0
33670,80148050,0
33671,80148050,0
33672,80148050,0
33673,80148050,0
33674,80148050,0
33675,80148050,0
33676,80148050,0
33677,80148050,0
33678,80148050,0
33679,80148050,0
33680,80148050,0
33681,80148050,0
33682,80148050,0
33683,80148050,0
33684,80148050,0
33685,80148050,0
33686,80148050,0
33687,80148050,0
33688,80148050,0
33689,80148050,0
33690,80148050,0
33691,80148050,0
33692,80148050,0
33693,80148050,0
33694,80148050,0
33695,80148050,0
33696,80148050,0
33697,80148050,0
33698,80148050,0
33699,80148050,0
33700,80148050,0
33701,80148050,0
33702,80148050,0
33703,80148050,0
33704,80148050,0
33705,80148050,0
33706,80148050,0
33707,80148050,0
33708,80148050,0
33709,80148050,0
33710,80148050,0
33711,80148050,0
33712,80148050,0
33713,80148050,0
33714,80148050,0
33715,80148050,0
33716,80148050,0
33717,80148050,0
33718,80148050,0
33719,80148050,0
33720,80148050,0
33721,80148050,0
33722,80148050,0
33723,80148050,0
33724,80148050,0
33725,80148050,0
33726,80148050,0
33727,80148050,0
33728,80148050,0
33729,80148050,0
33730,80148050,0
33731,80148050,0
33732,80148050,0
33733,80148050,0
33734,80148050,0
33735,80148050,0
33736,80148050,0
33737,80148050,0
33738,80148050,0
33739,80148050,0
33740,80148050,0
33741,80148050,0
33742,80148050,0
33743,80148050,0
33744,80148050,0
33745,80148050,0
33746,80148050,0
33747,80148050,0
33748,80148050,0
33749,80148050,0
33750,80148050,0
33751,80148050,0
33752,80148050,0
33753,80148050,0
33754,80148050,0
33755,80148050,0
33756,80148050,0
33757,80148050,0
33758,80148050,0
33759,80148050,0
33760,80148050,0
33761,80148050,0
33762,80148050,0
33763,80148050,0
33764,80148050,0
33765,80148050,0
33766,80148050,0
33767,80148050,0
33768,80148050,0
33769,80148050,0
33770,80148050,0
33771,80148050,0
33772,80148050,0
33773,80148050,0
33774,80148050,0
33775,80148050,0
33776,80148050,0
33777,80148050,0
33778,80148050,0
33779,80148050,0
33780,80148050,0
33781,80148050,0
33782,80148050,0
33783,80148050,0
33784,80148050,0
33785,80148050,0
33786,80148050,0
33787,80148050,0
33788,80148050,0
33789,80148050,0
33790,80148050,0
33791,80148050,0
33792,80148050,0
33793,80148050,0
33794,80148050,0
33795,80148050,0
33796,80148050,0
33797,80148050,0
33798,80148050,0
33799,80148050,0
33800,80148050,0
33801,80148050,0
33802,80148050,0
33803,80148050,0
33804,80148050,0
33805,80148050,0
33806,80148050,0
33807,80148050,0
33808,80148050,0
33809,80148050,0
33810,80148050,0
33811,80148050,0
33812,80148050,0
33813,80148050,0
33814,80148050,0
33815,80148050,0
33816,80148050,0
33817,80148050,0
33818,80148050,0
33819,80148050,0
33820,80148050,0
33821,80148050,0
33822,80148050,0
33823,80148050,0
33824,80148050,0
33825,80148050,0
33826,80148050,0
33827,80148050,0
33828,80148050,0
33829,80148050,0
33830,80148050,0
33831,80148050,0
33832,80148050,0
33833,80148050,0
33834,80148050,0
33835,80148050,0
33836,80148050,0
33837,80148050,0
33838,80148050,0
33839,80148050,0
33840,80148050,0
33841,80148050,0
33842,80148050,0
33843,80148050,0
33844,80148050,0
33845,80148050,0
33846,80148050,0
33847,80148050,0
33848,80148050,0
33849,80148050,0
33850,80148050,0
33851,80148050,0
33852,80148050,0
33853,80148050,0
33854,80148050,0
33855,80148050,0
33856,80148050,0
33857,80148050,0
33858,80148050,0
33859,80148050,0
33860,80148050,0
33861,80148050,0
33862,80148050,0
33863,80148050,0
33864,80148050,0
33865,80148050,0
33866,80148050,0
33867,80148050,0
33868,80148050,0
33869,80148050,0
33870,80148050,0
33871,80148050,0
33872,80148050,0
33873,80148050,0
33874,80148050,0
33875,80148050,0
33876,80148050,0
33877,80148050,0
33878,80148050,0
33879,80148050,0
33880,80148050,0
33881,80148050,0
33882,80148050,0
33883,80148050,0
33884,80148050,0
33885,80148050,0
33886,80148050,0
33887,80148050,0
33888,80148050,0
33889,80148050,0
33890,80148050,0
33891,80148050,0
33892,80148050,0
33893,80148050,0
33894,80148050,0
33895,80148050,0
33896,80148050,0
33897,80148050,0
33898,80148050,0
33899,80148050,0
33900,80148050,0
33901,80148050,0
33902,80148050,0
33903,80148050,0
33904,80148050,0
33905,80148050,0
33906,80148050,0
33907,80148050,0
33908,80148050,0
33909,80148050,0
33910,80148050,0
33911,80148050,0
33912,80148050,0
33913,80148050,0
33914,80148050,0
33915,80148050,0
33916,80148050,0
33917,80148050,0
33918,80148050,0
33919,80148050,0
33920,80148050,0
33921,80148050,0
33922,80148050,0
33923,80148050,0
33924,80148050,0
33925,80148050,0
33926,80148050,0
33927,80148050,0
33928,80148050,0
33929,80148050,0
33930,80148050,0
33931,80148050,0
33932,80148050,0
33933,80148050,0
33934,80148050,0
33935,80148050,0
33936,80148050,0
33937,80148050,0
33938,80148050,0
33939,80148050,0
33940,80148050,0
33941,80148050,0
33942,80148050,0
33943,80148050,0
33944,80148050,0
33945,80148050,0
33946,80148050,0
33947,80148050,0
33948,80148050,0
33949,80148050,0
33950,80148050,0
33951,80148050,0
33952,80148050,0
33953,80148050,0
33954,80148050,0
33955,80148050,0
33956,80148050,0
33957,80148050,0
33958,80148050,0
33959,80148050,0
33960,80148050,0
33961,80148050,0
33962,80148050,0
33963,80148050,0
33964,80148050,0
33965,80148050,0
33966,80148050,0
33967,80148050,0
33968,80148050,0
33969,80148050,0
33970,80148050,0
33971,80148050,0
33972,80148050,0
33973,80148050,0
33974,80148050,0
33975,80148050,0
33976,80148050,0
33977,80148050,0
33978,80148050,0
33979,80148050,0
33980,80148050,0
33981,80148050,0
33982,80148050,0
33983,80148050,0
33984,80148050,0
33985,80148050,0
33986,80148050,0
33987,80148050,0
33988,80148050,0
33989,80148050,0
33990,80148050,0
33991,80148050,0
33992,80148050,0
33993,80148050,0
33994,80148050,0
33995,80148050,0
33996,80148050,0
33997,80148050,0
33998,80148050,0
33999,80148050,0
34000,80148050,0
34001,80148050,0
34002,80148050,0
34003,80148050,0
34004,80148050,0
34005,80148050,0
34006,80148050,0
34007,80148050,0
34008,80148050,0
34009,80148050,0
34010,80148050,0
34011,80148050,0
34012,80148050,0
34013,80148050,0
34014,80148050,0
34015,80148050,0
34016,80148050,0
34017,80148050,0
34018,80148050,0
34019,80148050,0
34020,80148050,0
34021,80148050,0
34022,80148050,0
34023,80148050,0
34024,80148050,0
34025,80148050,0
34026,80148050,0
34027,80148050,0
34028,80148050,0
34029,80148050,0
34030,80148050,0
34031,80148050,0
34032,80148050,0
34033,80148050,0
34034,80148050,0
34035,80148050,0
34036,80148050,0
34037,80148050,0
34038,80148050,0
34039,80148050,0
34040,80148050,0
34041,80148050,0
34042,80148050,0
34043,80148050,0
34044,80148050,0
34045,80148050,0
34046,80148050,0
34047,80148050,0
34048,80148050,0
34049,80148050,0
34050,80148050,0
34051,80148050,0
34052,80148050,0
34053,80148050,0
34054,80148050,0
34055,80148050,0
34056,80148050,0
34057,80148050,0
34058,80148050,0
34059,80148050,0
34060,80148050,0
34061,80148050,0
34062,80148050,0
34063,80148050,0
34064,80148050,0
34065,80148050,0
34066,80148050,0
34067,80148050,0
34068,80148050,0
34069,80148050,0
34070,80148050,0
34071,80148050,0
34072,80148050,0
34073,80148050,0
34074,80148050,0
34075,80148050,0
34076,80148050,0
34077,80148050,0
34078,80148050,0
34079,80148050,0
34080,80148050,0
34081,80148050,0
34082,80148050,0
34083,80148050,0
34084,80148050,0
34085,80148050,0
34086,80148050,0
34087,80148050,0
34088,80148050,0
34089,80148050,0
34090,80148050,0
34091,80148050,0
34092,80148050,0
34093,80148050,0
34094,80148050,0
34095,80148050,0
34096,80148050,0
34097,80148050,0
34098,80148050,0
34099,80148050,0
34100,80148050,0
34101,80148050,0
34102,80148050,0
34103,80148050,0
34104,80148050,0
34105,80148050,0
34106,80148050,0
34107,80148050,0
34108,80148050,0
34109,80148050,0
34110,80148050,0
34111,80148050,0
34112,80148050,0
34113,80148050,0
34114,80148050,0
34115,80148050,0
34116,80148050,0
34117,80148050,0
34118,80148050,0
34119,80148050,0
34120,80148050,0
34121,80148050,0
34122,80148050,0
34123,80148050,0
34124,80148050,0
34125,80148050,0
34126,80148050,0
34127,80148050,0
34128,80148050,0
34129,80148050,0
34130,80148050,0
34131,80148050,0
34132,80148050,0
34133,80148050,0
34134,80148050,0
34135,80148050,0
34136,80148050,0
34137,80148050,0
34138,80148050,0
34139,80148050,0
34140,80148050,0
34141,80148050,0
34142,80148050,0
34143,80148050,0
34144,80148050,0
34145,80148050,0
34146,80148050,0
34147,80148050,0
34148,80148050,0
34149,80148050,0
34150,80148050,0
34151,80148050,0
34152,80148050,0
34153,80148050,0
34154,80148050,0
34155,80148050,0
34156,80148050,0
34157,80148050,0
34158,80148050,0
34159,80148050,0
34160,80148050,0
34161,80148050,0
34162,80148050,0
34163,80148050,0
34164,80148050,0
34165,80148050,0
34166,80148050,0
34167,80148050,0
34168,80148050,0
34169,80148050,0
34170,80148050,0
34171,80148050,0
34172,80148050,0
34173,80148050,0
34174,80148050,0
34175,80148050,0
34176,80148050,0
34177,80148050,0
34178,80148050,0
34179,80148050,0
34180,80148050,0
34181,80148050,0
34182,80148050,0
34183,80148050,0
34184,80148050,0
34185,80148050,0
34186,80148050,0
34187,80148050,0
34188,80148050,0
34189,80148050,0
34190,80148050,0
34191,80148050,0
34192,80148050,0
34193,80148050,0
34194,80148050,0
34195,80148050,0
34196,80148050,0
34197,80148050,0
34198,80148050,0
34199,80148050,0
34200,80148050,0
34201,80148050,0
34202,80148050,0
34203,80148050,0
34204,80148050,0
34205,80148050,0
34206,80148050,0
34207,80148050,0
34208,80148050,0
34209,80148050,0
34210,80148050,0
34211,80148050,0
34212,80148050,0
34213,80148050,0
34214,80148050,0
34215,80148050,0
34216,80148050,0
34217,80148050,0
34218,80148050,0
34219,80148050,0
34220,80148050,0
34221,80148050,0
34222,80148050,0
34223,80148050,0
34224,80148050,0
34225,80148050,0
34226,80148050,0
34227,80148050,0
34228,80148050,0
34229,80148050,0
34230,80148050,0
34231,80148050,0
34232,80148050,0
34233,80148050,0
34234,80148050,0
34235,80148050,0
34236,80148050,0
34237,80148050,0
34238,80148050,0
34239,80148050,0
34240,80148050,0
34241,80148050,0
34242,80148050,0
34243,80148050,0
34244,80148050,0
34245,80148050,0
34246,80148050,0
34247,80148050,0
34248,80148050,0
34249,80148050,0
34250,80148050,0
34251,80148050,0
34252,80148050,0
34253,80148050,0
34254,80148050,0
34255,80148050,0
34256,80148050,0
34257,80148050,0
34258,80148050,0
34259,80148050,0
34260,80148050,0
34261,80148050,0
34262,80148050,0
34263,80148050,0
34264,80148050,0
34265,80148050,0
34266,80148050,0
34267,80148050,0
34268,80148050,0
34269,80148050,0
34270,80148050,0
34271,80148050,0
34272,80148050,0
34273,80148050,0
34274,80148050,0
34275,80148050,0
34276,80148050,0
34277,80148050,0
34278,80148050,0
34279,80148050,0
34280,80148050,0
34281,80148050,0
34282,80148050,0
34283,80148050,0
34284,80148050,0
34285,80148050,0
34286,80148050,0
34287,80148050,0
34288,80148050,0
34289,80148050,0
34290,80148050,0
34291,80148050,0
34292,80148050,0
34293,80148050,0
34294,80148050,0
34295,80148050,0
34296,80148050,0
34297,80148050,0
34298,80148050,0
34299,80148050,0
34300,80148050,0
34301,80148050,0
34302,80148050,0
34303,80148050,0
34304,80148050,0
34305,80148050,0
34306,80148050,0
34307,80148050,0
34308,80148050,0
34309,80148050,0
34310,80148050,0
34311,80148050,0
34312,80148050,0
34313,80148050,0
34314,80148050,0
34315,80148050,0
34316,80148050,0
34317,80148050,0
34318,80148050,0
34319,80148050,0
34320,80148050,0
34321,80148050,0
34322,80148050,0
34323,80148050,0
34324,80148050,0
34325,80148050,0
34326,80148050,0
34327,80148050,0
34328,80148050,0
34329,80148050,0
34330,80148050,0
34331,80148050,0
34332,80148050,0
34333,80148050,0
34334,80148050,0
34335,80148050,0
34336,80148050,0
34337,80148050,0
34338,80148050,0
34339,80148050,0
34340,80148050,0
34341,80148050,0
34342,80148050,0
34343,80148050,0
34344,80148050,0
34345,80148050,0
34346,80148050,0
34347,80148050,0
34348,80148050,0
34349,80148050,0
34350,80148050,0
34351,80148050,0
34352,80148050,0
34353,80148050,0
34354,80148050,0
34355,80148050,0
34356,80148050,0
34357,80148050,0
34358,80148050,0
34359,80148050,0
34360,80148050,0
34361,80148050,0
34362,80148050,0
34363,80148050,0
34364,80148050,0
34365,80148050,0
34366,80148050,0
34367,80148050,0
34368,80148050,0
34369,80148050,0
34370,80148050,0
34371,80148050,0
34372,80148050,0
34373,80148050,0
34374,80148050,0
34375,80148050,0
34376,80148050,0
34377,80148050,0
34378,80148050,0
34379,80148050,0
34380,80148050,0
34381,80148050,0
34382,80148050,0
34383,80148050,0
34384,80148050,0
34385,80148050,0
34386,80148050,0
34387,80148050,0
34388,80148050,0
34389,80148050,0
34390,80148050,0
34391,80148050,0
34392,80148050,0
34393,80148050,0
34394,80148050,0
34395,80148050,0
34396,80148050,0
34397,80148050,0
34398,80148050,0
34399,80148050,0
34400,80148050,0
34401,80148050,0
34402,80148050,0
34403,80148050,0
34404,80148050,0
34405,80148050,0
34406,80148050,0
34407,80148050,0
34408,80148050,0
34409,80148050,0
34410,80148050,0
34411,80148050,0
34412,80148050,0
34413,80148050,0
34414,80148050,0
34415,80148050,0
34416,80148050,0
34417,80148050,0
34418,80148050,0
34419,80148050,0
34420,80148050,0
34421,80148050,0
34422,80148050,0
34423,80148050,0
34424,80148050,0
34425,80148050,0
34426,80148050,0
34427,80148050,0
34428,80148050,0
34429,80148050,0
34430,80148050,0
34431,80148050,0
34432,80148050,0
34433,80148050,0
34434,80148050,0
34435,80148050,0
34436,80148050,0
34437,80148050,0
34438,80148050,0
34439,80148050,0
34440,80148050,0
34441,80148050,0
34442,80148050,0
34443,80148050,0
34444,80148050,0
34445,80148050,0
34446,80148050,0
34447,80148050,0
34448,80148050,0
34449,80148050,0
34450,80148050,0
34451,80148050,0
34452,80148050,0
34453,80148050,0
34454,80148050,0
34455,80148050,0
34456,80148050,0
34457,80148050,0
34458,80148050,0
34459,80148050,0
34460,80148050,0
34461,80148050,0
34462,80148050,0
34463,80148050,0
34464,80148050,0
34465,80148050,0
34466,80148050,0
34467,80148050,0
34468,80148050,0
34469,80148050,0
34470,80148050,0
34471,80148050,0
34472,80148050,0
34473,80148050,0
34474,80148050,0
34475,80148050,0
34476,80148050,0
34477,80148050,0
34478,80148050,0
34479,80148050,0
34480,80148050,0
34481,80148050,0
34482,80148050,0
34483,80148050,0
34484,80148050,0
34485,80148050,0
34486,80148050,0
34487,80148050,0
34488,80148050,0
34489,80148050,0
34490,80148050,0
34491,80148050,0
34492,80148050,0
34493,80148050,0
34494,80148050,0
34495,80148050,0
34496,80148050,0
34497,80148050,0
34498,80148050,0
34499,80148050,0
34500,80148050,0
34501,80148050,0
34502,80148050,0
34503,80148050,0
34504,80148050,0
34505,80148050,0
34506,80148050,0
34507,80148050,0
34508,80148050,0
34509,80148050,0
34510,80148050,0
34511,80148050,0
34512,80148050,0
34513,80148050,0
34514,80148050,0
34515,80148050,0
34516,80148050,0
34517,80148050,0
34518,80148050,0
34519,80148050,0
34520,80148050,0
34521,80148050,0
34522,80148050,0
34523,80148050,0
34524,80148050,0
34525,80148050,0
34526,80148050,0
34527,80148050,0
34528,80148050,0
34529,80148050,0
34530,80148050,0
34531,80148050,0
34532,80148050,0
34533,80148050,0
34534,80148050,0
34535,80148050,0
34536,80148050,0
34537,80148050,0
34538,80148050,0
34539,80148050,0
34540,80148050,0
34541,80148050,0
34542,80148050,0
34543,80148050,0
34544,80148050,0
34545,80148050,0
34546,80148050,0
34547,80148050,0
34548,80148050,0
34549,80148050,0
34550,80148050,0
34551,80148050,0
34552,80148050,0
34553,80148050,0
34554,80148050,0
34555,80148050,0
34556,80148050,0
34557,80148050,0
34558,80148050,0
34559,80148050,0
34560,80148050,0
34561,80148050,0
34562,80148050,0
34563,80148050,0
34564,80148050,0
34565,80148050,0
34566,80148050,0
34567,80148050,0
34568,80148050,0
34569,80148050,0
34570,80148050,0
34571,80148050,0
34572,80148050,0
34573,80148050,0
34574,80148050,0
34575,80148050,0
34576,80148050,0
34577,80148050,0
34578,80148050,0
34579,80148050,0
34580,80148050,0
34581,80148050,0
34582,80148050,0
34583,80148050,0
34584,80148050,0
34585,80148050,0
34586,80148050,0
34587,80148050,0
34588,80148050,0
34589,80148050,0
34590,80148050,0
34591,80148050,0
34592,80148050,0
34593,80148050,0
34594,80148050,0
34595,80148050,0
34596,80148050,0
34597,80148050,0
34598,80148050,0
34599,80148050,0
34600,80148050,0
34601,80148050,0
34602,80148050,0
34603,80148050,0
34604,80148050,0
34605,80148050,0
34606,80148050,0
34607,80148050,0
34608,80148050,0
34609,80148050,0
34610,80148050,0
34611,80148050,0
34612,80148050,0
34613,80148050,0
34614,80148050,0
34615,80148050,0
34616,80148050,0
34617,80148050,0
34618,80148050,0
34619,80148050,0
34620,80148050,0
34621,80148050,0
34622,80148050,0
34623,80148050,0
34624,80148050,0
34625,80148050,0
34626,80148050,0
34627,80148050,0
34628,80148050,0
34629,80148050,0
34630,80148050,0
34631,80148050,0
34632,80148050,0
34633,80148050,0
34634,80148050,0
34635,80148050,0
34636,80148050,0
34637,80148050,0
34638,80148050,0
34639,80148050,0
34640,80148050,0
34641,80148050,0
34642,80148050,0
34643,80148050,0
34644,80148050,0
34645,80148050,0
34646,80148050,0
34647,80148050,0
34648,80148050,0
34649,80148050,0
34650,80148050,0
34651,80148050,0
34652,80148050,0
34653,80148050,0
34654,80148050,0
34655,80148050,0
34656,80148050,0
34657,80148050,0
34658,80148050,0
34659,80148050,0
34660,80148050,0
34661,80148050,0
34662,80148050,0
34663,80148050,0
34664,80148050,0
34665,80148050,0
34666,80148050,0
34667,80148050,0
34668,80148050,0
34669,80148050,0
34670,80148050,0
34671,80148050,0
34672,80148050,0
34673,80148050,0
34674,80148050,0
34675,80148050,0
34676,80148050,0
34677,80148050,0
34678,80148050,0
34679,80148050,0
34680,80148050,0
34681,80148050,0
34682,80148050,0
34683,80148050,0
34684,80148050,0
34685,80148050,0
34686,80148050,0
34687,80148050,0
34688,80148050,0
34689,80148050,0
34690,80148050,0
34691,80148050,0
34692,80148050,0
34693,80148050,0
34694,80148050,0
34695,80148050,0
34696,80148050,0
34697,80148050,0
34698,80148050,0
34699,80148050,0
34700,80148050,0
34701,80148050,0
34702,80148050,0
34703,80148050,0
34704,80148050,0
34705,80148050,0
34706,80148050,0
34707,80148050,0
34708,80148050,0
34709,80148050,0
34710,80148050,0
34711,80148050,0
34712,80148050,0
34713,80148050,0
34714,80148050,0
34715,80148050,0
34716,80148050,0
34717,80148050,0
34718,80148050,0
34719,80148050,0
34720,80148050,0
34721,80148050,0
34722,80148050,0
34723,80148050,0
34724,80148050,0
34725,80148050,0
34726,80148050,0
34727,80148050,0
34728,80148050,0
34729,80148050,0
34730,80148050,0
34731,80148050,0
34732,80148050,0
34733,80148050,0
34734,80148050,0
34735,80148050,0
34736,80148050,0
34737,80148050,0
34738,80148050,0
34739,80148050,0
34740,80148050,0
34741,80148050,0
34742,80148050,0
34743,80148050,0
34744,80148050,0
34745,80148050,0
34746,80148050,0
34747,80148050,0
34748,80148050,0
34749,80148050,0
34750,80148050,0
34751,80148050,0
34752,80148050,0
34753,80148050,0
34754,80148050,0
34755,80148050,0
34756,80148050,0
34757,80148050,0
34758,80148050,0
34759,80148050,0
34760,80148050,0
34761,80148050,0
34762,80148050,0
34763,80148050,0
34764,80148050,0
34765,80148050,0
34766,80148050,0
34767,80148050,0
34768,80148050,0
34769,80148050,0
34770,80148050,0
34771,80148050,0
34772,80148050,0
34773,80148050,0
34774,80148050,0
34775,80148050,0
34776,80148050,0
34777,80148050,0
34778,80148050,0
34779,80148050,0
34780,80148050,0
34781,80148050,0
34782,80148050,0
34783,80148050,0
34784,80148050,0
34785,80148050,0
34786,80148050,0
34787,80148050,0
34788,80148050,0
34789,80148050,0
34790,80148050,0
34791,80148050,0
34792,80148050,0
34793,80148050,0
34794,80148050,0
34795,80148050,0
34796,80148050,0
34797,80148050,0
34798,80148050,0
34799,80148050,0
34800,80148050,0
34801,80148050,0
34802,80148050,0
34803,80148050,0
34804,80148050,0
34805,80148050,0
34806,80148050,0
34807,80148050,0
34808,80148050,0
34809,80148050,0
34810,80148050,0
34811,80148050,0
34812,80148050,0
34813,80148050,0
34814,80148050,0
34815,80148050,0
34816,80148050,0
34817,80148050,0
34818,80148050,0
34819,80148050,0
34820,80148050,0
34821,80148050,0
34822,80148050,0
34823,80148050,0
34824,80148050,0
34825,80148050,0
34826,80148050,0
34827,80148050,0
34828,80148050,0
34829,80148050,0
34830,80148050,0
34831,80148050,0
34832,80148050,0
34833,80148050,0
34834,80148050,0
34835,80148050,0
34836,80148050,0
34837,80148050,0
34838,80148050,0
34839,80148050,0
34840,80148050,0
34841,80148050,0
34842,80148050,0
34843,80148050,0
34844,80148050,0
34845,80148050,0
34846,80148050,0
34847,80148050,0
34848,80148050,0
34849,80148050,0
34850,80148050,0
34851,80148050,0
34852,80148050,0
34853,80148050,0
34854,80148050,0
34855,80148050,0
34856,80148050,0
34857,80148050,0
34858,80148050,0
34859,80148050,0
34860,80148050,0
34861,80148050,0
34862,80148050,0
34863,80148050,0
34864,80148050,0
34865,80148050,0
34866,80148050,0
34867,80148050,0
34868,80148050,0
34869,80148050,0
34870,80148050,0
34871,80148050,0
34872,80148050,0
34873,80148050,0
34874,80148050,0
34875,80148050,0
34876,80148050,0
34877,80148050,0
34878,80148050,0
34879,80148050,0
34880,80148050,0
34881,80148050,0
34882,80148050,0
34883,80148050,0
34884,80148050,0
34885,80148050,0
34886,80148050,0
34887,80148050,0
34888,80148050,0
34889,80148050,0
34890,80148050,0
34891,80148050,0
34892,80148050,0
34893,80148050,0
34894,80148050,0
34895,80148050,0
34896,80148050,0
34897,80148050,0
34898,80148050,0
34899,80148050,0
34900,80148050,0
34901,80148050,0
34902,80148050,0
34903,80148050,0
34904,80148050,0
34905,80148050,0
34906,80148050,0
34907,80148050,0
34908,80148050,0
34909,80148050,0
34910,80148050,0
34911,80148050,0
34912,80148050,0
34913,80148050,0
34914,80148050,0
34915,80148050,0
34916,80148050,0
34917,80148050,0
34918,80148050,0
34919,80148050,0
34920,80148050,0
34921,80148050,0
34922,80148050,0
34923,80148050,0
34924,80148050,0
34925,80148050,0
34926,80148050,0
34927,80148050,0
34928,80148050,0
34929,80148050,0
34930,80148050,0
34931,80148050,0
34932,80148050,0
34933,80148050,0
34934,80148050,0
34935,80148050,0
34936,80148050,0
34937,80148050,0
34938,80148050,0
34939,80148050,0
34940,80148050,0
34941,80148050,0
34942,80148050,0
34943,80148050,0
34944,80148050,0
34945,80148050,0
34946,80148050,0
34947,80148050,0
34948,80148050,0
34949,80148050,0
34950,80148050,0
34951,80148050,0
34952,80148050,0
34953,80148050,0
34954,80148050,0
34955,80148050,0
34956,80148050,0
34957,80148050,0
34958,80148050,0
34959,80148050,0
34960,80148050,0
34961,80148050,0
34962,80148050,0
34963,80148050,0
34964,80148050,0
34965,80148050,0
34966,80148050,0
34967,80148050,0
34968,80148050,0
34969,80148050,0
34970,80148050,0
34971,80148050,0
34972,80148050,0
34973,80148050,0
34974,80148050,0
34975,80148050,0
34976,80148050,0
34977,80148050,0
34978,80148050,0
34979,80148050,0
34980,80148050,0
34981,80148050,0
34982,80148050,0
34983,80148050,0
34984,80148050,0
34985,80148050,0
34986,80148050,0
34987,80148050,0
34988,80148050,0
34989,80148050,0
34990,80148050,0
34991,80148050,0
34992,80148050,0
34993,80148050,0
34994,80148050,0
34995,80148050,0
34996,80148050,0
34997,80148050,0
34998,80148050,0
34999,80148050,0
35000,80148050,0
35001,80148050,0
35002,80148050,0
35003,80148050,0
35004,80148050,0
35005,80148050,0
35006,80148050,0
35007,80148050,0
35008,80148050,0
35009,80148050,0
35010,80148050,0
35011,80148050,0
35012,80148050,0
35013,80148050,0
35014,80148050,0
35015,80148050,0
35016,80148050,0
35017,80148050,0
35018,80148050,0
35019,80148050,0
35020,80148050,0
35021,80148050,0
35022,80148050,0
35023,80148050,0
35024,80148050,0
35025,80148050,0
35026,80148050,0
35027,80148050,0
35028,80148050,0
35029,80148050,0
35030,80148050,0
35031,80148050,0
35032,80148050,0
35033,80148050,0
35034,80148050,0
35035,80148050,0
35036,80148050,0
35037,80148050,0
35038,80148050,0
35039,80148050,0
35040,80148050,0
35041,80148050,0
35042,80148050,0
35043,80148050,0
35044,80148050,0
35045,80148050,0
35046,80148050,0
35047,80148050,0
35048,80148050,0
35049,80148050,0
35050,80148050,0
35051,80148050,0
35052,80148050,0
35053,80148050,0
35054,80148050,0
35055,80148050,0
35056,80148050,0
35057,80148050,0
35058,80148050,0
35059,80148050,0
35060,80148050,0
35061,80148050,0
35062,80148050,0
35063,80148050,0
35064,80148050,0
35065,80148050,0
35066,80148050,0
35067,80148050,0
35068,80148050,0
35069,80148050,0
35070,80148050,0
35071,80148050,0
35072,80148050,0
35073,80148050,0
35074,80148050,0
35075,80148050,0
35076,80148050,0
35077,80148050,0
35078,80148050,0
35079,80148050,0
35080,80148050,0
35081,80148050,0
35082,80148050,0
35083,80148050,0
35084,80148050,0
35085,80148050,0
35086,80148050,0
35087,80148050,0
35088,80148050,0
35089,80148050,0
35090,80148050,0
35091,80148050,0
35092,80148050,0
35093,80148050,0
35094,80148050,0
35095,80148050,0
35096,80148050,0
35097,80148050,0
35098,80148050,0
35099,80148050,0
35100,80148050,0
35101,80148050,0
35102,80148050,0
35103,80148050,0
35104,80148050,0
35105,80148050,0
35106,80148050,0
35107,80148050,0
35108,80148050,0
35109,80148050,0
35110,80148050,0
35111,80148050,0
35112,80148050,0
35113,80148050,0
35114,80148050,0
35115,80148050,0
35116,80148050,0
35117,80148050,0
35118,80148050,0
35119,80148050,0
35120,80148050,0
35121,80148050,0
35122,80148050,0
35123,80148050,0
35124,80148050,0
35125,80148050,0
35126,80148050,0
35127,80148050,0
35128,80148050,0
35129,80148050,0
35130,80148050,0
35131,80148050,0
35132,80148050,0
35133,80148050,0
35134,80148050,0
35135,80148050,0
35136,80148050,0
35137,80148050,0
35138,80148050,0
35139,80148050,0
35140,80148050,0
35141,80148050,0
35142,80148050,0
35143,80148050,0
35144,80148050,0
35145,80148050,0
35146,80148050,0
35147,80148050,0
35148,80148050,0
35149,80148050,0
35150,80148050,0
35151,80148050,0
35152,80148050,0
35153,80148050,0
35154,80148050,0
35155,80148050,0
35156,80148050,0
35157,80148050,0
35158,80148050,0
35159,80148050,0
35160,80148050,0
35161,80148050,0
35162,80148050,0
35163,80148050,0
35164,80148050,0
35165,80148050,0
35166,80148050,0
35167,80148050,0
35168,80148050,0
35169,80148050,0
35170,80148050,0
35171,80148050,0
35172,80148050,0
35173,80148050,0
35174,80148050,0
35175,80148050,0
35176,80148050,0
35177,80148050,0
35178,80148050,0
35179,80148050,0
35180,80148050,0
35181,80148050,0
35182,80148050,0
35183,80148050,0
35184,80148050,0
35185,80148050,0
35186,80148050,0
35187,80148050,0
35188,80148050,0
35189,80148050,0
35190,80148050,0
35191,80148050,0
35192,80148050,0
35193,80148050,0
35194,80148050,0
35195,80148050,0
35196,80148050,0
35197,80148050,0
35198,80148050,0
35199,80148050,0
35200,80148050,0
35201,80148050,0
35202,80148050,0
35203,80148050,0
35204,80148050,0
35205,80148050,0
35206,80148050,0
35207,80148050,0
35208,80148050,0
35209,80148050,0
35210,80148050,0
35211,80148050,0
35212,80148050,0
35213,80148050,0
35214,80148050,0
35215,80148050,0
35216,80148050,0
35217,80148050,0
35218,80148050,0
35219,80148050,0
35220,80148050,0
35221,80148050,0
35222,80148050,0
35223,80148050,0
35224,80148050,0
35225,80148050,0
35226,80148050,0
35227,80148050,0
35228,80148050,0
35229,80148050,0
35230,80148050,0
35231,80148050,0
35232,80148050,0
35233,80148050,0
35234,80148050,0
35235,80148050,0
35236,80148050,0
35237,80148050,0
35238,80148050,0
35239,80148050,0
35240,80148050,0
35241,80148050,0
35242,80148050,0
35243,80148050,0
35244,80148050,0
35245,80148050,0
35246,80148050,0
35247,80148050,0
35248,80148050,0
35249,80148050,0
35250,80148050,0
35251,80148050,0
35252,80148050,0
35253,80148050,0
35254,80148050,0
35255,80148050,0
35256,80148050,0
35257,80148050,0
35258,80148050,0
35259,80148050,0
35260,80148050,0
35261,80148050,0
35262,80148050,0
35263,80148050,0
35264,80148050,0
35265,80148050,0
35266,80148050,0
35267,80148050,0
35268,80148050,0
35269,80148050,0
35270,80148050,0
35271,80148050,0
35272,80148050,0
35273,80148050,0
35274,80148050,0
35275,80148050,0
35276,80148050,0
35277,80148050,0
35278,80148050,0
35279,80148050,0
35280,80148050,0
35281,80148050,0
35282,80148050,0
35283,80148050,0
35284,80148050,0
35285,80148050,0
35286,80148050,0
35287,80148050,0
35288,80148050,0
35289,80148050,0
35290,80148050,0
35291,80148050,0
35292,80148050,0
35293,80148050,0
35294,80148050,0
35295,80148050,0
35296,80148050,0
35297,80148050,0
35298,80148050,0
35299,80148050,0
35300,80148050,0
35301,80148050,0
35302,80148050,0
35303,80148050,0
35304,80148050,0
35305,80148050,0
35306,80148050,0
35307,80148050,0
35308,80148050,0
35309,80148050,0
35310,80148050,0
35311,80148050,0
35312,80148050,0
35313,80148050,0
35314,80148050,0
35315,80148050,0
35316,80148050,0
35317,80148050,0
35318,80148050,0
35319,80148050,0
35320,80148050,0
35321,80148050,0
35322,80148050,0
35323,80148050,0
35324,80148050,0
35325,80148050,0
35326,80148050,0
35327,80148050,0
35328,80148050,0
35329,80148050,0
35330,80148050,0
35331,80148050,0
35332,80148050,0
35333,80148050,0
35334,80148050,0
35335,80148050,0
35336,80148050,0
35337,80148050,0
35338,80148050,0
35339,80148050,0
35340,80148050,0
35341,80148050,0
35342,80148050,0
35343,80148050,0
35344,80148050,0
35345,80148050,0
35346,80148050,0
35347,80148050,0
35348,80148050,0
35349,80148050,0
35350,80148050,0
35351,80148050,0
35352,80148050,0
35353,80148050,0
35354,80148050,0
35355,80148050,0
35356,80148050,0
35357,80148050,0
35358,80148050,0
35359,80148050,0
35360,80148050,0
35361,80148050,0
35362,80148050,0
35363,80148050,0
35364,80148050,0
35365,80148050,0
35366,80148050,0
35367,80148050,0
35368,80148050,0
35369,80148050,0
35370,80148050,0
35371,80148050,0
35372,80148050,0
35373,80148050,0
35374,80148050,0
35375,80148050,0
35376,80148050,0
35377,80148050,0
35378,80148050,0
35379,80148050,0
35380,80148050,0
35381,80148050,0
35382,80148050,0
35383,80148050,0
35384,80148050,0
35385,80148050,0
35386,80148050,0
35387,80148050,0
35388,80148050,0
35389,80148050,0
35390,80148050,0
35391,80148050,0
35392,80148050,0
35393,80148050,0
35394,80148050,0
35395,80148050,0
35396,80148050,0
35397,80148050,0
35398,80148050,0
35399,80148050,0
35400,80148050,0
35401,80148050,0
35402,80148050,0
35403,80148050,0
35404,80148050,0
35405,80148050,0
35406,80148050,0
35407,80148050,0
35408,80148050,0
35409,80148050,0
35410,80148050,0
35411,80148050,0
35412,80148050,0
35413,80148050,0
35414,80148050,0
35415,80148050,0
35416,80148050,0
35417,80148050,0
35418,80148050,0
35419,80148050,0
35420,80148050,0
35421,80148050,0
35422,80148050,0
35423,80148050,0
35424,80148050,0
35425,80148050,0
35426,80148050,0
35427,80148050,0
35428,80148050,0
35429,80148050,0
35430,80148050,0
35431,80148050,0
35432,80148050,0
35433,80148050,0
35434,80148050,0
35435,80148050,0
35436,80148050,0
35437,80148050,0
35438,80148050,0
35439,80148050,0
35440,80148050,0
35441,80148050,0
35442,80148050,0
35443,80148050,0
35444,80148050,0
35445,80148050,0
35446,80148050,0
35447,80148050,0
35448,80148050,0
35449,80148050,0
35450,80148050,0
35451,80148050,0
35452,80148050,0
35453,80148050,0
35454,80148050,0
35455,80148050,0
35456,80148050,0
35457,80148050,0
35458,80148050,0
35459,80148050,0
35460,80148050,0
35461,80148050,0
35462,80148050,0
35463,80148050,0
35464,80148050,0
35465,80148050,0
35466,80148050,0
35467,80148050,0
35468,80148050,0
35469,80148050,0
35470,80148050,0
35471,80148050,0
35472,80148050,0
35473,80148050,0
35474,80148050,0
35475,80148050,0
35476,80148050,0
35477,80148050,0
35478,80148050,0
35479,80148050,0
35480,80148050,0
35481,80148050,0
35482,80148050,0
35483,80148050,0
35484,80148050,0
35485,80148050,0
35486,80148050,0
35487,80148050,0
35488,80148050,0
35489,80148050,0
35490,80148050,0
35491,80148050,0
35492,80148050,0
35493,80148050,0
35494,80148050,0
35495,80148050,0
35496,80148050,0
35497,80148050,0
35498,80148050,0
35499,80148050,0
35500,80148050,0
35501,80148050,0
35502,80148050,0
35503,80148050,0
35504,80148050,0
35505,80148050,0
35506,80148050,0
35507,80148050,0
35508,80148050,0
35509,80148050,0
35510,80148050,0
35511,80148050,0
35512,80148050,0
35513,80148050,0
35514,80148050,0
35515,80148050,0
35516,80148050,0
35517,80148050,0
35518,80148050,0
35519,80148050,0
35520,80148050,0
35521,80148050,0
35522,80148050,0
35523,80148050,0
35524,80148050,0
35525,80148050,0
35526,80148050,0
35527,80148050,0
35528,80148050,0
35529,80148050,0
35530,80148050,0
35531,80148050,0
35532,80148050,0
35533,80148050,0
35534,80148050,0
35535,80148050,0
35536,80148050,0
35537,80148050,0
35538,80148050,0
35539,80148050,0
35540,80148050,0
35541,80148050,0
35542,80148050,0
35543,80148050,0
35544,80148050,0
35545,80148050,0
35546,80148050,0
35547,80148050,0
35548,80148050,0
35549,80148050,0
35550,80148050,0
35551,80148050,0
35552,80148050,0
35553,80148050,0
35554,80148050,0
35555,80148050,0
35556,80148050,0
35557,80148050,0
35558,80148050,0
35559,80148050,0
35560,80148050,0
35561,80148050,0
35562,80148050,0
35563,80148050,0
35564,80148050,0
35565,80148050,0
35566,80148050,0
35567,80148050,0
35568,80148050,0
35569,80148050,0
35570,80148050,0
35571,80148050,0
35572,80148050,0
35573,80148050,0
35574,80148050,0
35575,80148050,0
35576,80148050,0
35577,80148050,0
35578,80148050,0
35579,80148050,0
35580,80148050,0
35581,80148050,0
35582,80148050,0
35583,80148050,0
35584,80148050,0
35585,80148050,0
35586,80148050,0
35587,80148050,0
35588,80148050,0
35589,80148050,0
35590,80148050,0
35591,80148050,0
35592,80148050,0
35593,80148050,0
35594,80148050,0
35595,80148050,0
35596,80148050,0
35597,80148050,0
35598,80148050,0
35599,80148050,0
35600,80148050,0
35601,80148050,0
35602,80148050,0
35603,80148050,0
35604,80148050,0
35605,80148050,0
35606,80148050,0
35607,80148050,0
35608,80148050,0
35609,80148050,0
35610,80148050,0
35611,80148050,0
35612,80148050,0
35613,80148050,0
35614,80148050,0
35615,80148050,0
35616,80148050,0
35617,80148050,0
35618,80148050,0
35619,80148050,0
35620,80148050,0
35621,80148050,0
35622,80148050,0
35623,80148050,0
35624,80148050,0
35625,80148050,0
35626,80148050,0
35627,80148050,0
35628,80148050,0
35629,80148050,0
35630,80148050,0
35631,80148050,0
35632,80148050,0
35633,80148050,0
35634,80148050,0
35635,80148050,0
35636,80148050,0
35637,80148050,0
35638,80148050,0
35639,80148050,0
35640,80148050,0
35641,80148050,0
35642,80148050,0
35643,80148050,0
35644,80148050,0
35645,80148050,0
35646,80148050,0
35647,80148050,0
35648,80148050,0
35649,80148050,0
35650,80148050,0
35651,80148050,0
35652,80148050,0
35653,80148050,0
35654,80148050,0
35655,80148050,0
35656,80148050,0
35657,80148050,0
35658,80148050,0
35659,80148050,0
35660,80148050,0
35661,80148050,0
35662,80148050,0
35663,80148050,0
35664,80148050,0
35665,80148050,0
35666,80148050,0
35667,80148050,0
35668,80148050,0
35669,80148050,0
35670,80148050,0
35671,80148050,0
35672,80148050,0
35673,80148050,0
35674,80148050,0
35675,80148050,0
35676,80148050,0
35677,80148050,0
35678,80148050,0
35679,80148050,0
35680,80148050,0
35681,80148050,0
35682,80148050,0
35683,80148050,0
35684,80148050,0
35685,80148050,0
35686,80148050,0
35687,80148050,0
35688,80148050,0
35689,80148050,0
35690,80148050,0
35691,80148050,0
35692,80148050,0
35693,80148050,0
35694,80148050,0
35695,80148050,0
35696,80148050,0
35697,80148050,0
35698,80148050,0
35699,80148050,0
35700,80148050,0
35701,80148050,0
35702,80148050,0
35703,80148050,0
35704,80148050,0
35705,80148050,0
35706,80148050,0
35707,80148050,0
35708,80148050,0
35709,80148050,0
35710,80148050,0
35711,80148050,0
35712,80148050,0
35713,80148050,0
35714,80148050,0
35715,80148050,0
35716,80148050,0
35717,80148050,0
35718,80148050,0
35719,80148050,0
35720,80148050,0
35721,80148050,0
35722,80148050,0
35723,80148050,0
35724,80148050,0
35725,80148050,0
35726,80148050,0
35727,80148050,0
35728,80148050,0
35729,80148050,0
35730,80148050,0
35731,80148050,0
35732,80148050,0
35733,80148050,0
35734,80148050,0
35735,80148050,0
35736,80148050,0
35737,80148050,0
35738,80148050,0
35739,80148050,0
35740,80148050,0
35741,80148050,0
35742,80148050,0
35743,80148050,0
35744,80148050,0
35745,80148050,0
35746,80148050,0
35747,80148050,0
35748,80148050,0
35749,80148050,0
35750,80148050,0
35751,80148050,0
35752,80148050,0
35753,80148050,0
35754,80148050,0
35755,80148050,0
35756,80148050,0
35757,80148050,0
35758,80148050,0
35759,80148050,0
35760,80148050,0
35761,80148050,0
35762,80148050,0
35763,80148050,0
35764,80148050,0
35765,80148050,0
35766,80148050,0
35767,80148050,0
35768,80148050,0
35769,80148050,0
35770,80148050,0
35771,80148050,0
35772,80148050,0
35773,80148050,0
35774,80148050,0
35775,80148050,0
35776,80148050,0
35777,80148050,0
35778,80148050,0
35779,80148050,0
35780,80148050,0
35781,80148050,0
35782,80148050,0
35783,80148050,0
35784,80148050,0
35785,80148050,0
35786,80148050,0
35787,80148050,0
35788,80148050,0
35789,80148050,0
35790,80148050,0
35791,80148050,0
35792,80148050,0
35793,80148050,0
35794,80148050,0
35795,80148050,0
35796,80148050,0
35797,80148050,0
35798,80148050,0
35799,80148050,0
35800,80148050,0
35801,80148050,0
35802,80148050,0
35803,80148050,0
35804,80148050,0
35805,80148050,0
35806,80148050,0
35807,80148050,0
35808,80148050,0
35809,80148050,0
35810,80148050,0
35811,80148050,0
35812,80148050,0
35813,80148050,0
35814,80148050,0
35815,80148050,0
35816,80148050,0
35817,80148050,0
35818,80148050,0
35819,80148050,0
35820,80148050,0
35821,80148050,0
35822,80148050,0
35823,80148050,0
35824,80148050,0
35825,80148050,0
35826,80148050,0
35827,80148050,0
35828,80148050,0
35829,80148050,0
35830,80148050,0
35831,80148050,0
35832,80148050,0
35833,80148050,0
35834,80148050,0
35835,80148050,0
35836,80148050,0
35837,80148050,0
35838,80148050,0
35839,80148050,0
35840,80148050,0
35841,80148050,0
35842,80148050,0
35843,80148050,0
35844,80148050,0
35845,80148050,0
35846,80148050,0
35847,80148050,0
35848,80148050,0
35849,80148050,0
35850,80148050,0
35851,80148050,0
35852,80148050,0
35853,80148050,0
35854,80148050,0
35855,80148050,0
35856,80148050,0
35857,80148050,0
35858,80148050,0
35859,80148050,0
35860,80148050,0
35861,80148050,0
35862,80148050,0
35863,80148050,0
35864,80148050,0
35865,80148050,0
35866,80148050,0
35867,80148050,0
35868,80148050,0
35869,80148050,0
35870,80148050,0
35871,80148050,0
35872,80148050,0
35873,80148050,0
35874,80148050,0
35875,80148050,0
35876,80148050,0
35877,80148050,0
35878,80148050,0
35879,80148050,0
35880,80148050,0
35881,80148050,0
35882,80148050,0
35883,80148050,0
35884,80148050,0
35885,80148050,0
35886,80148050,0
35887,80148050,0
35888,80148050,0
35889,80148050,0
35890,80148050,0
35891,80148050,0
35892,80148050,0
35893,80148050,0
35894,80148050,0
35895,80148050,0
35896,80148050,0
35897,80148050,0
35898,80148050,0
35899,80148050,0
35900,80148050,0
35901,80148050,0
35902,80148050,0
35903,80148050,0
35904,80148050,0
35905,80148050,0
35906,80148050,0
35907,80148050,0
35908,80148050,0
35909,80148050,0
35910,80148050,0
35911,80148050,0
35912,80148050,0
35913,80148050,0
35914,80148050,0
35915,80148050,0
35916,80148050,0
35917,80148050,0
35918,80148050,0
35919,80148050,0
35920,80148050,0
35921,80148050,0
35922,80148050,0
35923,80148050,0
35924,80148050,0
35925,80148050,0
35926,80148050,0
35927,80148050,0
35928,80148050,0
35929,80148050,0
35930,80148050,0
35931,80148050,0
35932,80148050,0
35933,80148050,0
35934,80148050,0
35935,80148050,0
35936,80148050,0
35937,80148050,0
35938,80148050,0
35939,80148050,0
35940,80148050,0
35941,80148050,0
35942,80148050,0
35943,80148050,0
35944,80148050,0
35945,80148050,0
35946,80148050,0
35947,80148050,0
35948,80148050,0
35949,80148050,0
35950,80148050,0
35951,80148050,0
35952,80148050,0
35953,80148050,0
35954,80148050,0
35955,80148050,0
35956,80148050,0
35957,80148050,0
35958,80148050,0
35959,80148050,0
35960,80148050,0
35961,80148050,0
35962,80148050,0
35963,80148050,0
35964,80148050,0
35965,80148050,0
35966,80148050,0
35967,80148050,0
35968,80148050,0
35969,80148050,0
35970,80148050,0
35971,80148050,0
35972,80148050,0
35973,80148050,0
35974,80148050,0
35975,80148050,0
35976,80148050,0
35977,80148050,0
35978,80148050,0
35979,80148050,0
35980,80148050,0
35981,80148050,0
35982,80148050,0
35983,80148050,0
35984,80148050,0
35985,80148050,0
35986,80148050,0
35987,80148050,0
35988,80148050,0
35989,80148050,0
35990,80148050,0
35991,80148050,0
35992,80148050,0
35993,80148050,0
35994,80148050,0
35995,80148050,0
35996,80148050,0
35997,80148050,0
35998,80148050,0
35999,80148050,0
36000,80148050,0
36001,80148050,0
36002,80148050,0
36003,80148050,0
36004,80148050,0
36005,80148050,0
36006,80148050,0
36007,80148050,0
36008,80148050,0
36009,80148050,0
36010,80148050,0
36011,80148050,0
36012,80148050,0
36013,80148050,0
36014,80148050,0
36015,80148050,0
36016,80148050,0
36017,80148050,0
36018,80148050,0
36019,80148050,0
36020,80148050,0
36021,80148050,0
36022,80148050,0
36023,80148050,0
36024,80148050,0
36025,80148050,0
36026,80148050,0
36027,80148050,0
36028,80148050,0
36029,80148050,0
36030,80148050,0
36031,80148050,0
36032,80148050,0
36033,80148050,0
36034,80148050,0
36035,80148050,0
36036,80148050,0
36037,80148050,0
36038,80148050,0
36039,80148050,0
36040,80148050,0
36041,80148050,0
36042,80148050,0
36043,80148050,0
36044,80148050,0
36045,80148050,0
36046,80148050,0
36047,80148050,0
36048,80148050,0
36049,80148050,0
36050,80148050,0
36051,80148050,0
36052,80148050,0
36053,80148050,0
36054,80148050,0
36055,80148050,0
36056,80148050,0
36057,80148050,0
36058,80148050,0
36059,80148050,0
36060,80148050,0
36061,80148050,0
36062,80148050,0
36063,80148050,0
36064,80148050,0
36065,80148050,0
36066,80148050,0
36067,80148050,0
36068,80148050,0
36069,80148050,0
36070,80148050,0
36071,80148050,0
36072,80148050,0
36073,80148050,0
36074,80148050,0
36075,80148050,0
36076,80148050,0
36077,80148050,0
36078,80148050,0
36079,80148050,0
36080,80148050,0
36081,80148050,0
36082,80148050,0
36083,80148050,0
36084,80148050,0
36085,80148050,0
36086,80148050,0
36087,80148050,0
36088,80148050,0
36089,80148050,0
36090,80148050,0
36091,80148050,0
36092,80148050,0
36093,80148050,0
36094,80148050,0
36095,80148050,0
36096,80148050,0
36097,80148050,0
36098,80148050,0
36099,80148050,0
36100,80148050,0
36101,80148050,0
36102,80148050,0
36103,80148050,0
36104,80148050,0
36105,80148050,0
36106,80148050,0
36107,80148050,0
36108,80148050,0
36109,80148050,0
36110,80148050,0
36111,80148050,0
36112,80148050,0
36113,80148050,0
36114,80148050,0
36115,80148050,0
36116,80148050,0
36117,80148050,0
36118,80148050,0
36119,80148050,0
36120,80148050,0
36121,80148050,0
36122,80148050,0
36123,80148050,0
36124,80148050,0
36125,80148050,0
36126,80148050,0
36127,80148050,0
36128,80148050,0
36129,80148050,0
36130,80148050,0
36131,80148050,0
36132,80148050,0
36133,80148050,0
36134,80148050,0
36135,80148050,0
36136,80148050,0
36137,80148050,0
36138,80148050,0
36139,80148050,0
36140,80148050,0
36141,80148050,0
36142,80148050,0
36143,80148050,0
36144,80148050,0
36145,80148050,0
36146,80148050,0
36147,80148050,0
36148,80148050,0
36149,80148050,0
36150,80148050,0
36151,80148050,0
36152,80148050,0
36153,80148050,0
36154,80148050,0
36155,80148050,0
36156,80148050,0
36157,80148050,0
36158,80148050,0
36159,80148050,0
36160,80148050,0
36161,80148050,0
36162,80148050,0
36163,80148050,0
36164,80148050,0
36165,80148050,0
36166,80148050,0
36167,80148050,0
36168,80148050,0
36169,80148050,0
36170,80148050,0
36171,80148050,0
36172,80148050,0
36173,80148050,0
36174,80148050,0
36175,80148050,0
36176,80148050,0
36177,80148050,0
36178,80148050,0
36179,80148050,0
36180,80148050,0
36181,80148050,0
36182,80148050,0
36183,80148050,0
36184,80148050,0
36185,80148050,0
36186,80148050,0
36187,80148050,0
36188,80148050,0
36189,80148050,0
36190,80148050,0
36191,80148050,0
36192,80148050,0
36193,80148050,0
36194,80148050,0
36195,80148050,0
36196,80148050,0
36197,80148050,0
36198,80148050,0
36199,80148050,0
36200,80148050,0
36201,80148050,0
36202,80148050,0
36203,80148050,0
36204,80148050,0
36205,80148050,0
36206,80148050,0
36207,80148050,0
36208,80148050,0
36209,80148050,0
36210,80148050,0
36211,80148050,0
36212,80148050,0
36213,80148050,0
36214,80148050,0
36215,80148050,0
36216,80148050,0
36217,80148050,0
36218,80148050,0
36219,80148050,0
36220,80148050,0
36221,80148050,0
36222,80148050,0
36223,80148050,0
36224,80148050,0
36225,80148050,0
36226,80148050,0
36227,80148050,0
36228,80148050,0
36229,80148050,0
36230,80148050,0
36231,80148050,0
36232,80148050,0
36233,80148050,0
36234,80148050,0
36235,80148050,0
36236,80148050,0
36237,80148050,0
36238,80148050,0
36239,80148050,0
36240,80148050,0
36241,80148050,0
36242,80148050,0
36243,80148050,0
36244,80148050,0
36245,80148050,0
36246,80148050,0
36247,80148050,0
36248,80148050,0
36249,80148050,0
36250,80148050,0
36251,80148050,0
36252,80148050,0
36253,80148050,0
36254,80148050,0
36255,80148050,0
36256,80148050,0
36257,80148050,0
36258,80148050,0
36259,80148050,0
36260,80148050,0
36261,80148050,0
36262,80148050,0
36263,80148050,0
36264,80148050,0
36265,80148050,0
36266,80148050,0
36267,80148050,0
36268,80148050,0
36269,80148050,0
36270,80148050,0
36271,80148050,0
36272,80148050,0
36273,80148050,0
36274,80148050,0
36275,80148050,0
36276,80148050,0
36277,80148050,0
36278,80148050,0
36279,80148050,0
36280,80148050,0
36281,80148050,0
36282,80148050,0
36283,80148050,0
36284,80148050,0
36285,80148050,0
36286,80148050,0
36287,80148050,0
36288,80148050,0
36289,80148050,0
36290,80148050,0
36291,80148050,0
36292,80148050,0
36293,80148050,0
36294,80148050,0
36295,80148050,0
36296,80148050,0
36297,80148050,0
36298,80148050,0
36299,80148050,0
36300,80148050,0
36301,80148050,0
36302,80148050,0
36303,80148050,0
36304,80148050,0
36305,80148050,0
36306,80148050,0
36307,80148050,0
36308,80148050,0
36309,80148050,0
36310,80148050,0
36311,80148050,0
36312,80148050,0
36313,80148050,0
36314,80148050,0
36315,80148050,0
36316,80148050,0
36317,80148050,0
36318,80148050,0
36319,80148050,0
36320,80148050,0
36321,80148050,0
36322,80148050,0
36323,80148050,0
36324,80148050,0
36325,80148050,0
36326,80148050,0
36327,80148050,0
36328,80148050,0
36329,80148050,0
36330,80148050,0
36331,80148050,0
36332,80148050,0
36333,80148050,0
36334,80148050,0
36335,80148050,0
36336,80148050,0
36337,80148050,0
36338,80148050,0
36339,80148050,0
36340,80148050,0
36341,80148050,0
36342,80148050,0
36343,80148050,0
36344,80148050,0
36345,80148050,0
36346,80148050,0
36347,80148050,0
36348,80148050,0
36349,80148050,0
36350,80148050,0
36351,80148050,0
36352,80148050,0
36353,80148050,0
36354,80148050,0
36355,80148050,0
36356,80148050,0
36357,80148050,0
36358,80148050,0
36359,80148050,0
36360,80148050,0
36361,80148050,0
36362,80148050,0
36363,80148050,0
36364,80148050,0
36365,80148050,0
36366,80148050,0
36367,80148050,0
36368,80148050,0
36369,80148050,0
36370,80148050,0
36371,80148050,0
36372,80148050,0
36373,80148050,0
36374,80148050,0
36375,80148050,0
36376,80148050,0
36377,80148050,0
36378,80148050,0
36379,80148050,0
36380,80148050,0
36381,80148050,0
36382,80148050,0
36383,80148050,0
36384,80148050,0
36385,80148050,0
36386,80148050,0
36387,80148050,0
36388,80148050,0
36389,80148050,0
36390,80148050,0
36391,80148050,0
36392,80148050,0
36393,80148050,0
36394,80148050,0
36395,80148050,0
36396,80148050,0
36397,80148050,0
36398,80148050,0
36399,80148050,0
36400,80148050,0
36401,80148050,0
36402,80148050,0
36403,80148050,0
36404,80148050,0
36405,80148050,0
36406,80148050,0
36407,80148050,0
36408,80148050,0
36409,80148050,0
36410,80148050,0
36411,80148050,0
36412,80148050,0
36413,80148050,0
36414,80148050,0
36415,80148050,0
36416,80148050,0
36417,80148050,0
36418,80148050,0
36419,80148050,0
36420,80148050,0
36421,80148050,0
36422,80148050,0
36423,80148050,0
36424,80148050,0
36425,80148050,0
36426,80148050,0
36427,80148050,0
36428,80148050,0
36429,80148050,0
36430,80148050,0
36431,80148050,0
36432,80148050,0
36433,80148050,0
36434,80148050,0
36435,80148050,0
36436,80148050,0
36437,80148050,0
36438,80148050,0
36439,80148050,0
36440,80148050,0
36441,80148050,0
36442,80148050,0
36443,80148050,0
36444,80148050,0
36445,80148050,0
36446,80148050,0
36447,80148050,0
36448,80148050,0
36449,80148050,0
36450,80148050,0
36451,80148050,0
36452,80148050,0
36453,80148050,0
36454,80148050,0
36455,80148050,0
36456,80148050,0
36457,80148050,0
36458,80148050,0
36459,80148050,0
36460,80148050,0
36461,80148050,0
36462,80148050,0
36463,80148050,0
36464,80148050,0
36465,80148050,0
36466,80148050,0
36467,80148050,0
36468,80148050,0
36469,80148050,0
36470,80148050,0
36471,80148050,0
36472,80148050,0
36473,80148050,0
36474,80148050,0
36475,80148050,0
36476,80148050,0
36477,80148050,0
36478,80148050,0
36479,80148050,0
36480,80148050,0
36481,80148050,0
36482,80148050,0
36483,80148050,0
36484,80148050,0
36485,80148050,0
36486,80148050,0
36487,80148050,0
36488,80148050,0
36489,80148050,0
36490,80148050,0
36491,80148050,0
36492,80148050,0
36493,80148050,0
36494,80148050,0
36495,80148050,0
36496,80148050,0
36497,80148050,0
36498,80148050,0
36499,80148050,0
36500,80148050,0
36501,80148050,0
36502,80148050,0
36503,80148050,0
36504,80148050,0
36505,80148050,0
36506,80148050,0
36507,80148050,0
36508,80148050,0
36509,80148050,0
36510,80148050,0
36511,80148050,0
36512,80148050,0
36513,80148050,0
36514,80148050,0
36515,80148050,0
36516,80148050,0
36517,80148050,0
36518,80148050,0
36519,80148050,0
36520,80148050,0
36521,80148050,0
36522,80148050,0
36523,80148050,0
36524,80148050,0
36525,80148050,0
36526,80148050,0
36527,80148050,0
36528,80148050,0
36529,80148050,0
36530,80148050,0
36531,80148050,0
36532,80148050,0
36533,80148050,0
36534,80148050,0
36535,80148050,0
36536,80148050,0
36537,80148050,0
36538,80148050,0
36539,80148050,0
36540,80148050,0
36541,80148050,0
36542,80148050,0
36543,80148050,0
36544,80148050,0
36545,80148050,0
36546,80148050,0
36547,80148050,0
36548,80148050,0
36549,80148050,0
36550,80148050,0
36551,80148050,0
36552,80148050,0
36553,80148050,0
36554,80148050,0
36555,80148050,0
36556,80148050,0
36557,80148050,0
36558,80148050,0
36559,80148050,0
36560,80148050,0
36561,80148050,0
36562,80148050,0
36563,80148050,0
36564,80148050,0
36565,80148050,0
36566,80148050,0
36567,80148050,0
36568,80148050,0
36569,80148050,0
36570,80148050,0
36571,80148050,0
36572,80148050,0
36573,80148050,0
36574,80148050,0
36575,80148050,0
36576,80148050,0
36577,80148050,0
36578,80148050,0
36579,80148050,0
36580,80148050,0
36581,80148050,0
36582,80148050,0
36583,80148050,0
36584,80148050,0
36585,80148050,0
36586,80148050,0
36587,80148050,0
36588,80148050,0
36589,80148050,0
36590,80148050,0
36591,80148050,0
36592,80148050,0
36593,80148050,0
36594,80148050,0
36595,80148050,0
36596,80148050,0
36597,80148050,0
36598,80148050,0
36599,80148050,0
36600,80148050,0
36601,80148050,0
36602,80148050,0
36603,80148050,0
36604,80148050,0
36605,80148050,0
36606,80148050,0
36607,80148050,0
36608,80148050,0
36609,80148050,0
36610,80148050,0
36611,80148050,0
36612,80148050,0
36613,80148050,0
36614,80148050,0
36615,80148050,0
36616,80148050,0
36617,80148050,0
36618,80148050,0
36619,80148050,0
36620,80148050,0
36621,80148050,0
36622,80148050,0
36623,80148050,0
36624,80148050,0
36625,80148050,0
36626,80148050,0
36627,80148050,0
36628,80148050,0
36629,80148050,0
36630,80148050,0
36631,80148050,0
36632,80148050,0
36633,80148050,0
36634,80148050,0
36635,80148050,0
36636,80148050,0
36637,80148050,0
36638,80148050,0
36639,80148050,0
36640,80148050,0
36641,80148050,0
36642,80148050,0
36643,80148050,0
36644,80148050,0
36645,80148050,0
36646,80148050,0
36647,80148050,0
36648,80148050,0
36649,80148050,0
36650,80148050,0
36651,80148050,0
36652,80148050,0
36653,80148050,0
36654,80148050,0
36655,80148050,0
36656,80148050,0
36657,80148050,0
36658,80148050,0
36659,80148050,0
36660,80148050,0
36661,80148050,0
36662,80148050,0
36663,80148050,0
36664,80148050,0
36665,80148050,0
36666,80148050,0
36667,80148050,0
36668,80148050,0
36669,80148050,0
36670,80148050,0
36671,80148050,0
36672,80148050,0
36673,80148050,0
36674,80148050,0
36675,80148050,0
36676,80148050,0
36677,80148050,0
36678,80148050,0
36679,80148050,0
36680,80148050,0
36681,80148050,0
36682,80148050,0
36683,80148050,0
36684,80148050,0
36685,80148050,0
36686,80148050,0
36687,80148050,0
36688,80148050,0
36689,80148050,0
36690,80148050,0
36691,80148050,0
36692,80148050,0
36693,80148050,0
36694,80148050,0
36695,80148050,0
36696,80148050,0
36697,80148050,0
36698,80148050,0
36699,80148050,0
36700,80148050,0
36701,80148050,0
36702,80148050,0
36703,80148050,0
36704,80148050,0
36705,80148050,0
36706,80148050,0
36707,80148050,0
36708,80148050,0
36709,80148050,0
36710,80148050,0
36711,80148050,0
36712,80148050,0
36713,80148050,0
36714,80148050,0
36715,80148050,0
36716,80148050,0
36717,80148050,0
36718,80148050,0
36719,80148050,0
36720,80148050,0
36721,80148050,0
36722,80148050,0
36723,80148050,0
36724,80148050,0
36725,80148050,0
36726,80148050,0
36727,80148050,0
36728,80148050,0
36729,80148050,0
36730,80148050,0
36731,80148050,0
36732,80148050,0
36733,80148050,0
36734,80148050,0
36735,80148050,0
36736,80148050,0
36737,80148050,0
36738,80148050,0
36739,80148050,0
36740,80148050,0
36741,80148050,0
36742,80148050,0
36743,80148050,0
36744,80148050,0
36745,80148050,0
36746,80148050,0
36747,80148050,0
36748,80148050,0
36749,80148050,0
36750,80148050,0
36751,80148050,0
36752,80148050,0
36753,80148050,0
36754,80148050,0
36755,80148050,0
36756,80148050,0
36757,80148050,0
36758,80148050,0
36759,80148050,0
36760,80148050,0
36761,80148050,0
36762,80148050,0
36763,80148050,0
36764,80148050,0
36765,80148050,0
36766,80148050,0
36767,80148050,0
36768,80148050,0
36769,80148050,0
36770,80148050,0
36771,80148050,0
36772,80148050,0
36773,80148050,0
36774,80148050,0
36775,80148050,0
36776,80148050,0
36777,80148050,0
36778,80148050,0
36779,80148050,0
36780,80148050,0
36781,80148050,0
36782,80148050,0
36783,80148050,0
36784,80148050,0
36785,80148050,0
36786,80148050,0
36787,80148050,0
36788,80148050,0
36789,80148050,0
36790,80148050,0
36791,80148050,0
36792,80148050,0
36793,80148050,0
36794,80148050,0
36795,80148050,0
36796,80148050,0
36797,80148050,0
36798,80148050,0
36799,80148050,0
36800,80148050,0
36801,80148050,0
36802,80148050,0
36803,80148050,0
36804,80148050,0
36805,80148050,0
36806,80148050,0
36807,80148050,0
36808,80148050,0
36809,80148050,0
36810,80148050,0
36811,80148050,0
36812,80148050,0
36813,80148050,0
36814,80148050,0
36815,80148050,0
36816,80148050,0
36817,80148050,0
36818,80148050,0
36819,80148050,0
36820,80148050,0
36821,80148050,0
36822,80148050,0
36823,80148050,0
36824,80148050,0
36825,80148050,0
36826,80148050,0
36827,80148050,0
36828,80148050,0
36829,80148050,0
36830,80148050,0
36831,80148050,0
36832,80148050,0
36833,80148050,0
36834,80148050,0
36835,80148050,0
36836,80148050,0
36837,80148050,0
36838,80148050,0
36839,80148050,0
36840,80148050,0
36841,80148050,0
36842,80148050,0
36843,80148050,0
36844,80148050,0
36845,80148050,0
36846,80148050,0
36847,80148050,0
36848,80148050,0
36849,80148050,0
36850,80148050,0
36851,80148050,0
36852,80148050,0
36853,80148050,0
36854,80148050,0
36855,80148050,0
36856,80148050,0
36857,80148050,0
36858,80148050,0
36859,80148050,0
36860,80148050,0
36861,80148050,0
36862,80148050,0
36863,80148050,0
36864,80148050,0
36865,80148050,0
36866,80148050,0
36867,80148050,0
36868,80148050,0
36869,80148050,0
36870,80148050,0
36871,80148050,0
36872,80148050,0
36873,80148050,0
36874,80148050,0
36875,80148050,0
36876,80148050,0
36877,80148050,0
36878,80148050,0
36879,80148050,0
36880,80148050,0
36881,80148050,0
36882,80148050,0
36883,80148050,0
36884,80148050,0
36885,80148050,0
36886,80148050,0
36887,80148050,0
36888,80148050,0
36889,80148050,0
36890,80148050,0
36891,80148050,0
36892,80148050,0
36893,80148050,0
36894,80148050,0
36895,80148050,0
36896,80148050,0
36897,80148050,0
36898,80148050,0
36899,80148050,0
36900,80148050,0
36901,80148050,0
36902,80148050,0
36903,80148050,0
36904,80148050,0
36905,80148050,0
36906,80148050,0
36907,80148050,0
36908,80148050,0
36909,80148050,0
36910,80148050,0
36911,80148050,0
36912,80148050,0
36913,80148050,0
36914,80148050,0
36915,80148050,0
36916,80148050,0
36917,80148050,0
36918,80148050,0
36919,80148050,0
36920,80148050,0
36921,80148050,0
36922,80148050,0
36923,80148050,0
36924,80148050,0
36925,80148050,0
36926,80148050,0
36927,80148050,0
36928,80148050,0
36929,80148050,0
36930,80148050,0
36931,80148050,0
36932,80148050,0
36933,80148050,0
36934,80148050,0
36935,80148050,0
36936,80148050,0
36937,80148050,0
36938,80148050,0
36939,80148050,0
36940,80148050,0
36941,80148050,0
36942,80148050,0
36943,80148050,0
36944,80148050,0
36945,80148050,0
36946,80148050,0
36947,80148050,0
36948,80148050,0
36949,80148050,0
36950,80148050,0
36951,80148050,0
36952,80148050,0
36953,80148050,0
36954,80148050,0
36955,80148050,0
36956,80148050,0
36957,80148050,0
36958,80148050,0
36959,80148050,0
36960,80148050,0
36961,80148050,0
36962,80148050,0
36963,80148050,0
36964,80148050,0
36965,80148050,0
36966,80148050,0
36967,80148050,0
36968,80148050,0
36969,80148050,0
36970,80148050,0
36971,80148050,0
36972,80148050,0
36973,80148050,0
36974,80148050,0
36975,80148050,0
36976,80148050,0
36977,80148050,0
36978,80148050,0
36979,80148050,0
36980,80148050,0
36981,80148050,0
36982,80148050,0
36983,80148050,0
36984,80148050,0
36985,80148050,0
36986,80148050,0
36987,80148050,0
36988,80148050,0
36989,80148050,0
36990,80148050,0
36991,80148050,0
36992,80148050,0
36993,80148050,0
36994,80148050,0
36995,80148050,0
36996,80148050,0
36997,80148050,0
36998,80148050,0
36999,80148050,0
37000,80148050,0
37001,80148050,0
37002,80148050,0
37003,80148050,0
37004,80148050,0
37005,80148050,0
37006,80148050,0
37007,80148050,0
37008,80148050,0
37009,80148050,0
37010,80148050,0
37011,80148050,0
37012,80148050,0
37013,80148050,0
37014,80148050,0
37015,80148050,0
37016,80148050,0
37017,80148050,0
37018,80148050,0
37019,80148050,0
37020,80148050,0
37021,80148050,0
37022,80148050,0
37023,80148050,0
37024,80148050,0
37025,80148050,0
37026,80148050,0
37027,80148050,0
37028,80148050,0
37029,80148050,0
37030,80148050,0
37031,80148050,0
37032,80148050,0
37033,80148050,0
37034,80148050,0
37035,80148050,0
37036,80148050,0
37037,80148050,0
37038,80148050,0
37039,80148050,0
37040,80148050,0
37041,80148050,0
37042,80148050,0
37043,80148050,0
37044,80148050,0
37045,80148050,0
37046,80148050,0
37047,80148050,0
37048,80148050,0
37049,80148050,0
37050,80148050,0
37051,80148050,0
37052,80148050,0
37053,80148050,0
37054,80148050,0
37055,80148050,0
37056,80148050,0
37057,80148050,0
37058,80148050,0
37059,80148050,0
37060,80148050,0
37061,80148050,0
37062,80148050,0
37063,80148050,0
37064,80148050,0
37065,80148050,0
37066,80148050,0
37067,80148050,0
37068,80148050,0
37069,80148050,0
37070,80148050,0
37071,80148050,0
37072,80148050,0
37073,80148050,0
37074,80148050,0
37075,80148050,0
37076,80148050,0
37077,80148050,0
37078,80148050,0
37079,80148050,0
37080,80148050,0
37081,80148050,0
37082,80148050,0
37083,80148050,0
37084,80148050,0
37085,80148050,0
37086,80148050,0
37087,80148050,0
37088,80148050,0
37089,80148050,0
37090,80148050,0
37091,80148050,0
37092,80148050,0
37093,80148050,0
37094,80148050,0
37095,80148050,0
37096,80148050,0
37097,80148050,0
37098,80148050,0
37099,80148050,0
37100,80148050,0
37101,80148050,0
37102,80148050,0
37103,80148050,0
37104,80148050,0
37105,80148050,0
37106,80148050,0
37107,80148050,0
37108,80148050,0
37109,80148050,0
37110,80148050,0
37111,80148050,0
37112,80148050,0
37113,80148050,0
37114,80148050,0
37115,80148050,0
37116,80148050,0
37117,80148050,0
37118,80148050,0
37119,80148050,0
37120,80148050,0
37121,80148050,0
37122,80148050,0
37123,80148050,0
37124,80148050,0
37125,80148050,0
37126,80148050,0
37127,80148050,0
37128,80148050,0
37129,80148050,0
37130,80148050,0
37131,80148050,0
37132,80148050,0
37133,80148050,0
37134,80148050,0
37135,80148050,0
37136,80148050,0
37137,80148050,0
37138,80148050,0
37139,80148050,0
37140,80148050,0
37141,80148050,0
37142,80148050,0
37143,80148050,0
37144,80148050,0
37145,80148050,0
37146,80148050,0
37147,80148050,0
37148,80148050,0
37149,80148050,0
37150,80148050,0
37151,80148050,0
37152,80148050,0
37153,80148050,0
37154,80148050,0
37155,80148050,0
37156,80148050,0
37157,80148050,0
37158,80148050,0
37159,80148050,0
37160,80148050,0
37161,80148050,0
37162,80148050,0
37163,80148050,0
37164,80148050,0
37165,80148050,0
37166,80148050,0
37167,80148050,0
37168,80148050,0
37169,80148050,0
37170,80148050,0
37171,80148050,0
37172,80148050,0
37173,80148050,0
37174,80148050,0
37175,80148050,0
37176,80148050,0
37177,80148050,0
37178,80148050,0
37179,80148050,0
37180,80148050,0
37181,80148050,0
37182,80148050,0
37183,80148050,0
37184,80148050,0
37185,80148050,0
37186,80148050,0
37187,80148050,0
37188,80148050,0
37189,80148050,0
37190,80148050,0
37191,80148050,0
37192,80148050,0
37193,80148050,0
37194,80148050,0
37195,80148050,0
37196,80148050,0
37197,80148050,0
37198,80148050,0
37199,80148050,0
37200,80148050,0
37201,80148050,0
37202,80148050,0
37203,80148050,0
37204,80148050,0
37205,80148050,0
37206,80148050,0
37207,80148050,0
37208,80148050,0
37209,80148050,0
37210,80148050,0
37211,80148050,0
37212,80148050,0
37213,80148050,0
37214,80148050,0
37215,80148050,0
37216,80148050,0
37217,80148050,0
37218,80148050,0
37219,80148050,0
37220,80148050,0
37221,80148050,0
37222,80148050,0
37223,80148050,0
37224,80148050,0
37225,80148050,0
37226,80148050,0
37227,80148050,0
37228,80148050,0
37229,80148050,0
37230,80148050,0
37231,80148050,0
37232,80148050,0
37233,80148050,0
37234,80148050,0
37235,80148050,0
37236,80148050,0
37237,80148050,0
37238,80148050,0
37239,80148050,0
37240,80148050,0
37241,80148050,0
37242,80148050,0
37243,80148050,0
37244,80148050,0
37245,80148050,0
37246,80148050,0
37247,80148050,0
37248,80148050,0
37249,80148050,0
37250,80148050,0
37251,80148050,0
37252,80148050,0
37253,80148050,0
37254,80148050,0
37255,80148050,0
37256,80148050,0
37257,80148050,0
37258,80148050,0
37259,80148050,0
37260,80148050,0
37261,80148050,0
37262,80148050,0
37263,80148050,0
37264,80148050,0
37265,80148050,0
37266,80148050,0
37267,80148050,0
37268,80148050,0
37269,80148050,0
37270,80148050,0
37271,80148050,0
37272,80148050,0
37273,80148050,0
37274,80148050,0
37275,80148050,0
37276,80148050,0
37277,80148050,0
37278,80148050,0
37279,80148050,0
37280,80148050,0
37281,80148050,0
37282,80148050,0
37283,80148050,0
37284,80148050,0
37285,80148050,0
37286,80148050,0
37287,80148050,0
37288,80148050,0
37289,80148050,0
37290,80148050,0
37291,80148050,0
37292,80148050,0
37293,80148050,0
37294,80148050,0
37295,80148050,0
37296,80148050,0
37297,80148050,0
37298,80148050,0
37299,80148050,0
37300,80148050,0
37301,80148050,0
37302,80148050,0
37303,80148050,0
37304,80148050,0
37305,80148050,0
37306,80148050,0
37307,80148050,0
37308,80148050,0
37309,80148050,0
37310,80148050,0
37311,80148050,0
37312,80148050,0
37313,80148050,0
37314,80148050,0
37315,80148050,0
37316,80148050,0
37317,80148050,0
37318,80148050,0
37319,80148050,0
37320,80148050,0
37321,80148050,0
37322,80148050,0
37323,80148050,0
37324,80148050,0
37325,80148050,0
37326,80148050,0
37327,80148050,0
37328,80148050,0
37329,80148050,0
37330,80148050,0
37331,80148050,0
37332,80148050,0
37333,80148050,0
37334,80148050,0
37335,80148050,0
37336,80148050,0
37337,80148050,0
37338,80148050,0
37339,80148050,0
37340,80148050,0
37341,80148050,0
37342,80148050,0
37343,80148050,0
37344,80148050,0
37345,80148050,0
37346,80148050,0
37347,80148050,0
37348,80148050,0
37349,80148050,0
37350,80148050,0
37351,80148050,0
37352,80148050,0
37353,80148050,0
37354,80148050,0
37355,80148050,0
37356,80148050,0
37357,80148050,0
37358,80148050,0
37359,80148050,0
37360,80148050,0
37361,80148050,0
37362,80148050,0
37363,80148050,0
37364,80148050,0
37365,80148050,0
37366,80148050,0
37367,80148050,0
37368,80148050,0
37369,80148050,0
37370,80148050,0
37371,80148050,0
37372,80148050,0
37373,80148050,0
37374,80148050,0
37375,80148050,0
37376,80148050,0
37377,80148050,0
37378,80148050,0
37379,80148050,0
37380,80148050,0
37381,80148050,0
37382,80148050,0
37383,80148050,0
37384,80148050,0
37385,80148050,0
37386,80148050,0
37387,80148050,0
37388,80148050,0
37389,80148050,0
37390,80148050,0
37391,80148050,0
37392,80148050,0
37393,80148050,0
37394,80148050,0
37395,80148050,0
37396,80148050,0
37397,80148050,0
37398,80148050,0
37399,80148050,0
37400,80148050,0
37401,80148050,0
37402,80148050,0
37403,80148050,0
37404,80148050,0
37405,80148050,0
37406,80148050,0
37407,80148050,0
37408,80148050,0
37409,80148050,0
37410,80148050,0
37411,80148050,0
37412,80148050,0
37413,80148050,0
37414,80148050,0
37415,80148050,0
37416,80148050,0
37417,80148050,0
37418,80148050,0
37419,80148050,0
37420,80148050,0
37421,80148050,0
37422,80148050,0
37423,80148050,0
37424,80148050,0
37425,80148050,0
37426,80148050,0
37427,80148050,0
37428,80148050,0
37429,80148050,0
37430,80148050,0
37431,80148050,0
37432,80148050,0
37433,80148050,0
37434,80148050,0
37435,80148050,0
37436,80148050,0
37437,80148050,0
37438,80148050,0
37439,80148050,0
37440,80148050,0
37441,80148050,0
37442,80148050,0
37443,80148050,0
37444,80148050,0
37445,80148050,0
37446,80148050,0
37447,80148050,0
37448,80148050,0
37449,80148050,0
37450,80148050,0
37451,80148050,0
37452,80148050,0
37453,80148050,0
37454,80148050,0
37455,80148050,0
37456,80148050,0
37457,80148050,0
37458,80148050,0
37459,80148050,0
37460,80148050,0
37461,80148050,0
37462,80148050,0
37463,80148050,0
37464,80148050,0
37465,80148050,0
37466,80148050,0
37467,80148050,0
37468,80148050,0
37469,80148050,0
37470,80148050,0
37471,80148050,0
37472,80148050,0
37473,80148050,0
37474,80148050,0
37475,80148050,0
37476,80148050,0
37477,80148050,0
37478,80148050,0
37479,80148050,0
37480,80148050,0
37481,80148050,0
37482,80148050,0
37483,80148050,0
37484,80148050,0
37485,80148050,0
37486,80148050,0
37487,80148050,0
37488,80148050,0
37489,80148050,0
37490,80148050,0
37491,80148050,0
37492,80148050,0
37493,80148050,0
37494,80148050,0
37495,80148050,0
37496,80148050,0
37497,80148050,0
37498,80148050,0
37499,80148050,0
37500,80148050,0
37501,80148050,0
37502,80148050,0
37503,80148050,0
37504,80148050,0
37505,80148050,0
37506,80148050,0
37507,80148050,0
37508,80148050,0
37509,80148050,0
37510,80148050,0
37511,80148050,0
37512,80148050,0
37513,80148050,0
37514,80148050,0
37515,80148050,0
37516,80148050,0
37517,80148050,0
37518,80148050,0
37519,80148050,0
37520,80148050,0
37521,80148050,0
37522,80148050,0
37523,80148050,0
37524,80148050,0
37525,80148050,0
37526,80148050,0
37527,80148050,0
37528,80148050,0
37529,80148050,0
37530,80148050,0
37531,80148050,0
37532,80148050,0
37533,80148050,0
37534,80148050,0
37535,80148050,0
37536,80148050,0
37537,80148050,0
37538,80148050,0
37539,80148050,0
37540,80148050,0
37541,80148050,0
37542,80148050,0
37543,80148050,0
37544,80148050,0
37545,80148050,0
37546,80148050,0
37547,80148050,0
37548,80148050,0
37549,80148050,0
37550,80148050,0
37551,80148050,0
37552,80148050,0
37553,80148050,0
37554,80148050,0
37555,80148050,0
37556,80148050,0
37557,80148050,0
37558,80148050,0
37559,80148050,0
37560,80148050,0
37561,80148050,0
37562,80148050,0
37563,80148050,0
37564,80148050,0
37565,80148050,0
37566,80148050,0
37567,80148050,0
37568,80148050,0
37569,80148050,0
37570,80148050,0
37571,80148050,0
37572,80148050,0
37573,80148050,0
37574,80148050,0
37575,80148050,0
37576,80148050,0
37577,80148050,0
37578,80148050,0
37579,80148050,0
37580,80148050,0
37581,80148050,0
37582,80148050,0
37583,80148050,0
37584,80148050,0
37585,80148050,0
37586,80148050,0
37587,80148050,0
37588,80148050,0
37589,80148050,0
37590,80148050,0
37591,80148050,0
37592,80148050,0
37593,80148050,0
37594,80148050,0
37595,80148050,0
37596,80148050,0
37597,80148050,0
37598,80148050,0
37599,80148050,0
37600,80148050,0
37601,80148050,0
37602,80148050,0
37603,80148050,0
37604,80148050,0
37605,80148050,0
37606,80148050,0
37607,80148050,0
37608,80148050,0
37609,80148050,0
37610,80148050,0
37611,80148050,0
37612,80148050,0
37613,80148050,0
37614,80148050,0
37615,80148050,0
37616,80148050,0
37617,80148050,0
37618,80148050,0
37619,80148050,0
37620,80148050,0
37621,80148050,0
37622,80148050,0
37623,80148050,0
37624,80148050,0
37625,80148050,0
37626,80148050,0
37627,80148050,0
37628,80148050,0
37629,80148050,0
37630,80148050,0
37631,80148050,0
37632,80148050,0
37633,80148050,0
37634,80148050,0
37635,80148050,0
37636,80148050,0
37637,80148050,0
37638,80148050,0
37639,80148050,0
37640,80148050,0
37641,80148050,0
37642,80148050,0
37643,80148050,0
37644,80148050,0
37645,80148050,0
37646,80148050,0
37647,80148050,0
37648,80148050,0
37649,80148050,0
37650,80148050,0
37651,80148050,0
37652,80148050,0
37653,80148050,0
37654,80148050,0
37655,80148050,0
37656,80148050,0
37657,80148050,0
37658,80148050,0
37659,80148050,0
37660,80148050,0
37661,80148050,0
37662,80148050,0
37663,80148050,0
37664,80148050,0
37665,80148050,0
37666,80148050,0
37667,80148050,0
37668,80148050,0
37669,80148050,0
37670,80148050,0
37671,80148050,0
37672,80148050,0
37673,80148050,0
37674,80148050,0
37675,80148050,0
37676,80148050,0
37677,80148050,0
37678,80148050,0
37679,80148050,0
37680,80148050,0
37681,80148050,0
37682,80148050,0
37683,80148050,0
37684,80148050,0
37685,80148050,0
37686,80148050,0
37687,80148050,0
37688,80148050,0
37689,80148050,0
37690,80148050,0
37691,80148050,0
37692,80148050,0
37693,80148050,0
37694,80148050,0
37695,80148050,0
37696,80148050,0
37697,80148050,0
37698,80148050,0
37699,80148050,0
37700,80148050,0
37701,80148050,0
37702,80148050,0
37703,80148050,0
37704,80148050,0
37705,80148050,0
37706,80148050,0
37707,80148050,0
37708,80148050,0
37709,80148050,0
37710,80148050,0
37711,80148050,0
37712,80148050,0
37713,80148050,0
37714,80148050,0
37715,80148050,0
37716,80148050,0
37717,80148050,0
37718,80148050,0
37719,80148050,0
37720,80148050,0
37721,80148050,0
37722,80148050,0
37723,80148050,0
37724,80148050,0
37725,80148050,0
37726,80148050,0
37727,80148050,0
37728,80148050,0
37729,80148050,0
37730,80148050,0
37731,80148050,0
37732,80148050,0
37733,80148050,0
37734,80148050,0
37735,80148050,0
37736,80148050,0
37737,80148050,0
37738,80148050,0
37739,80148050,0
37740,80148050,0
37741,80148050,0
37742,80148050,0
37743,80148050,0
37744,80148050,0
37745,80148050,0
37746,80148050,0
37747,80148050,0
37748,80148050,0
37749,80148050,0
37750,80148050,0
37751,80148050,0
37752,80148050,0
37753,80148050,0
37754,80148050,0
37755,80148050,0
37756,80148050,0
37757,80148050,0
37758,80148050,0
37759,80148050,0
37760,80148050,0
37761,80148050,0
37762,80148050,0
37763,80148050,0
37764,80148050,0
37765,80148050,0
37766,80148050,0
37767,80148050,0
37768,80148050,0
37769,80148050,0
37770,80148050,0
37771,80148050,0
37772,80148050,0
37773,80148050,0
37774,80148050,0
37775,80148050,0
37776,80148050,0
37777,80148050,0
37778,80148050,0
37779,80148050,0
37780,80148050,0
37781,80148050,0
37782,80148050,0
37783,80148050,0
37784,80148050,0
37785,80148050,0
37786,80148050,0
37787,80148050,0
37788,80148050,0
37789,80148050,0
37790,80148050,0
37791,80148050,0
37792,80148050,0
37793,80148050,0
37794,80148050,0
37795,80148050,0
37796,80148050,0
37797,80148050,0
37798,80148050,0
37799,80148050,0
37800,80148050,0
37801,80148050,0
37802,80148050,0
37803,80148050,0
37804,80148050,0
37805,80148050,0
37806,80148050,0
37807,80148050,0
37808,80148050,0
37809,80148050,0
37810,80148050,0
37811,80148050,0
37812,80148050,0
37813,80148050,0
37814,80148050,0
37815,80148050,0
37816,80148050,0
37817,80148050,0
37818,80148050,0
37819,80148050,0
37820,80148050,0
37821,80148050,0
37822,80148050,0
37823,80148050,0
37824,80148050,0
37825,80148050,0
37826,80148050,0
37827,80148050,0
37828,80148050,0
37829,80148050,0
37830,80148050,0
37831,80148050,0
37832,80148050,0
37833,80148050,0
37834,80148050,0
37835,80148050,0
37836,80148050,0
37837,80148050,0
37838,80148050,0
37839,80148050,0
37840,80148050,0
37841,80148050,0
37842,80148050,0
37843,80148050,0
37844,80148050,0
37845,80148050,0
37846,80148050,0
37847,80148050,0
37848,80148050,0
37849,80148050,0
37850,80148050,0
37851,80148050,0
37852,80148050,0
37853,80148050,0
37854,80148050,0
37855,80148050,0
37856,80148050,0
37857,80148050,0
37858,80148050,0
37859,80148050,0
37860,80148050,0
37861,80148050,0
37862,80148050,0
37863,80148050,0
37864,80148050,0
37865,80148050,0
37866,80148050,0
37867,80148050,0
37868,80148050,0
37869,80148050,0
37870,80148050,0
37871,80148050,0
37872,80148050,0
37873,80148050,0
37874,80148050,0
37875,80148050,0
37876,80148050,0
37877,80148050,0
37878,80148050,0
37879,80148050,0
37880,80148050,0
37881,80148050,0
37882,80148050,0
37883,80148050,0
37884,80148050,0
37885,80148050,0
37886,80148050,0
37887,80148050,0
37888,80148050,0
37889,80148050,0
37890,80148050,0
37891,80148050,0
37892,80148050,0
37893,80148050,0
37894,80148050,0
37895,80148050,0
37896,80148050,0
37897,80148050,0
37898,80148050,0
37899,80148050,0
37900,80148050,0
37901,80148050,0
37902,80148050,0
37903,80148050,0
37904,80148050,0
37905,80148050,0
37906,80148050,0
37907,80148050,0
37908,80148050,0
37909,80148050,0
37910,80148050,0
37911,80148050,0
37912,80148050,0
37913,80148050,0
37914,80148050,0
37915,80148050,0
37916,80148050,0
37917,80148050,0
37918,80148050,0
37919,80148050,0
37920,80148050,0
37921,80148050,0
37922,80148050,0
37923,80148050,0
37924,80148050,0
37925,80148050,0
37926,80148050,0
37927,80148050,0
37928,80148050,0
37929,80148050,0
37930,80148050,0
37931,80148050,0
37932,80148050,0
37933,80148050,0
37934,80148050,0
37935,80148050,0
37936,80148050,0
37937,80148050,0
37938,80148050,0
37939,80148050,0
37940,80148050,0
37941,80148050,0
37942,80148050,0
37943,80148050,0
37944,80148050,0
37945,80148050,0
37946,80148050,0
37947,80148050,0
37948,80148050,0
37949,80148050,0
37950,80148050,0
37951,80148050,0
37952,80148050,0
37953,80148050,0
37954,80148050,0
37955,80148050,0
37956,80148050,0
37957,80148050,0
37958,80148050,0
37959,80148050,0
37960,80148050,0
37961,80148050,0
37962,80148050,0
37963,80148050,0
37964,80148050,0
37965,80148050,0
37966,80148050,0
37967,80148050,0
37968,80148050,0
37969,80148050,0
37970,80148050,0
37971,80148050,0
37972,80148050,0
37973,80148050,0
37974,80148050,0
37975,80148050,0
37976,80148050,0
37977,80148050,0
37978,80148050,0
37979,80148050,0
37980,80148050,0
37981,80148050,0
37982,80148050,0
37983,80148050,0
37984,80148050,0
37985,80148050,0
37986,80148050,0
37987,80148050,0
37988,80148050,0
37989,80148050,0
37990,80148050,0
37991,80148050,0
37992,80148050,0
37993,80148050,0
37994,80148050,0
37995,80148050,0
37996,80148050,0
37997,80148050,0
37998,80148050,0
37999,80148050,0
38000,80148050,0
38001,80148050,0
38002,80148050,0
38003,80148050,0
38004,80148050,0
38005,80148050,0
38006,80148050,0
38007,80148050,0
38008,80148050,0
38009,80148050,0
38010,80148050,0
38011,80148050,0
38012,80148050,0
38013,80148050,0
38014,80148050,0
38015,80148050,0
38016,80148050,0
38017,80148050,0
38018,80148050,0
38019,80148050,0
38020,80148050,0
38021,80148050,0
38022,80148050,0
38023,80148050,0
38024,80148050,0
38025,80148050,0
38026,80148050,0
38027,80148050,0
38028,80148050,0
38029,80148050,0
38030,80148050,0
38031,80148050,0
38032,80148050,0
38033,80148050,0
38034,80148050,0
38035,80148050,0
38036,80148050,0
38037,80148050,0
38038,80148050,0
38039,80148050,0
38040,80148050,0
38041,80148050,0
38042,80148050,0
38043,80148050,0
38044,80148050,0
38045,80148050,0
38046,80148050,0
38047,80148050,0
38048,80148050,0
38049,80148050,0
38050,80148050,0
38051,80148050,0
38052,80148050,0
38053,80148050,0
38054,80148050,0
38055,80148050,0
38056,80148050,0
38057,80148050,0
38058,80148050,0
38059,80148050,0
38060,80148050,0
38061,80148050,0
38062,80148050,0
38063,80148050,0
38064,80148050,0
38065,80148050,0
38066,80148050,0
38067,80148050,0
38068,80148050,0
38069,80148050,0
38070,80148050,0
38071,80148050,0
38072,80148050,0
38073,80148050,0
38074,80148050,0
38075,80148050,0
38076,80148050,0
38077,80148050,0
38078,80148050,0
38079,80148050,0
38080,80148050,0
38081,80148050,0
38082,80148050,0
38083,80148050,0
38084,80148050,0
38085,80148050,0
38086,80148050,0
38087,80148050,0
38088,80148050,0
38089,80148050,0
38090,80148050,0
38091,80148050,0
38092,80148050,0
38093,80148050,0
38094,80148050,0
38095,80148050,0
38096,80148050,0
38097,80148050,0
38098,80148050,0
38099,80148050,0
38100,80148050,0
38101,80148050,0
38102,80148050,0
38103,80148050,0
38104,80148050,0
38105,80148050,0
38106,80148050,0
38107,80148050,0
38108,80148050,0
38109,80148050,0
38110,80148050,0
38111,80148050,0
38112,80148050,0
38113,80148050,0
38114,80148050,0
38115,80148050,0
38116,80148050,0
38117,80148050,0
38118,80148050,0
38119,80148050,0
38120,80148050,0
38121,80148050,0
38122,80148050,0
38123,80148050,0
38124,80148050,0
38125,80148050,0
38126,80148050,0
38127,80148050,0
38128,80148050,0
38129,80148050,0
38130,80148050,0
38131,80148050,0
38132,80148050,0
38133,80148050,0
38134,80148050,0
38135,80148050,0
38136,80148050,0
38137,80148050,0
38138,80148050,0
38139,80148050,0
38140,80148050,0
38141,80148050,0
38142,80148050,0
38143,80148050,0
38144,80148050,0
38145,80148050,0
38146,80148050,0
38147,80148050,0
38148,80148050,0
38149,80148050,0
38150,80148050,0
38151,80148050,0
38152,80148050,0
38153,80148050,0
38154,80148050,0
38155,80148050,0
38156,80148050,0
38157,80148050,0
38158,80148050,0
38159,80148050,0
38160,80148050,0
38161,80148050,0
38162,80148050,0
38163,80148050,0
38164,80148050,0
38165,80148050,0
38166,80148050,0
38167,80148050,0
38168,80148050,0
38169,80148050,0
38170,80148050,0
38171,80148050,0
38172,80148050,0
38173,80148050,0
38174,80148050,0
38175,80148050,0
38176,80148050,0
38177,80148050,0
38178,80148050,0
38179,80148050,0
38180,80148050,0
38181,80148050,0
38182,80148050,0
38183,80148050,0
38184,80148050,0
38185,80148050,0
38186,80148050,0
38187,80148050,0
38188,80148050,0
38189,80148050,0
38190,80148050,0
38191,80148050,0
38192,80148050,0
38193,80148050,0
38194,80148050,0
38195,80148050,0
38196,80148050,0
38197,80148050,0
38198,80148050,0
38199,80148050,0
38200,80148050,0
38201,80148050,0
38202,80148050,0
38203,80148050,0
38204,80148050,0
38205,80148050,0
38206,80148050,0
38207,80148050,0
38208,80148050,0
38209,80148050,0
38210,80148050,0
38211,80148050,0
38212,80148050,0
38213,80148050,0
38214,80148050,0
38215,80148050,0
38216,80148050,0
38217,80148050,0
38218,80148050,0
38219,80148050,0
38220,80148050,0
38221,80148050,0
38222,80148050,0
38223,80148050,0
38224,80148050,0
38225,80148050,0
38226,80148050,0
38227,80148050,0
38228,80148050,0
38229,80148050,0
38230,80148050,0
38231,80148050,0
38232,80148050,0
38233,80148050,0
38234,80148050,0
38235,80148050,0
38236,80148050,0
38237,80148050,0
38238,80148050,0
38239,80148050,0
38240,80148050,0
38241,80148050,0
38242,80148050,0
38243,80148050,0
38244,80148050,0
38245,80148050,0
38246,80148050,0
38247,80148050,0
38248,80148050,0
38249,80148050,0
38250,80148050,0
38251,80148050,0
38252,80148050,0
38253,80148050,0
38254,80148050,0
38255,80148050,0
38256,80148050,0
38257,80148050,0
38258,80148050,0
38259,80148050,0
38260,80148050,0
38261,80148050,0
38262,80148050,0
38263,80148050,0
38264,80148050,0
38265,80148050,0
38266,80148050,0
38267,80148050,0
38268,80148050,0
38269,80148050,0
38270,80148050,0
38271,80148050,0
38272,80148050,0
38273,80148050,0
38274,80148050,0
38275,80148050,0
38276,80148050,0
38277,80148050,0
38278,80148050,0
38279,80148050,0
38280,80148050,0
38281,80148050,0
38282,80148050,0
38283,80148050,0
38284,80148050,0
38285,80148050,0
38286,80148050,0
38287,80148050,0
38288,80148050,0
38289,80148050,0
38290,80148050,0
38291,80148050,0
38292,80148050,0
38293,80148050,0
38294,80148050,0
38295,80148050,0
38296,80148050,0
38297,80148050,0
38298,80148050,0
38299,80148050,0
38300,80148050,0
38301,80148050,0
38302,80148050,0
38303,80148050,0
38304,80148050,0
38305,80148050,0
38306,80148050,0
38307,80148050,0
38308,80148050,0
38309,80148050,0
38310,80148050,0
38311,80148050,0
38312,80148050,0
38313,80148050,0
38314,80148050,0
38315,80148050,0
38316,80148050,0
38317,80148050,0
38318,80148050,0
38319,80148050,0
38320,80148049,0
38321,80148049,0
38322,80148049,0
38323,80148049,0
38324,80148049,0
38325,80148049,0
38326,80148049,0
38327,80148049,0
38328,80148049,0
38329,80148049,0
38330,80148049,0
38331,80148049,0
38332,80148049,0
38333,80148049,0
38334,80148049,0
38335,80148049,0
38336,80148049,0
38337,80148049,0
38338,80148049,0
38339,80148049,0
38340,80148049,0
38341,80148049,0
38342,80148049,0
38343,80148049,0
38344,80148049,0
38345,80148049,0
38346,80148049,0
38347,80148049,0
38348,80148049,0
38349,80148049,0
38350,80148049,0
38351,80148049,0
38352,80148049,0
38353,80148049,0
38354,80148049,0
38355,80148049,0
38356,80148049,0
38357,80148049,0
38358,80148049,0
38359,80148049,0
38360,80148049,0
38361,80148049,0
38362,80148049,0
38363,80148049,0
38364,80148049,0
38365,80148049,0
38366,80148049,0
38367,80148049,0
38368,80148049,0
38369,80148049,0
38370,80148049,0
38371,80148049,0
38372,80148049,0
38373,80148049,0
38374,80148049,0
38375,80148049,0
38376,80148049,0
38377,80148049,0
38378,80148049,0
38379,80148049,0
38380,80148049,0
38381,80148049,0
38382,80148049,0
38383,80148049,0
38384,80148049,0
38385,80148049,0
38386,80148049,0
38387,80148049,0
38388,80148049,0
38389,80148049,0
38390,80148049,0
38391,80148049,0
38392,80148049,0
38393,80148049,0
38394,80148049,0
38395,80148049,0
38396,80148049,0
38397,80148049,0
38398,80148049,0
38399,80148049,0
38400,80148049,0
38401,80148049,0
38402,80148049,0
38403,80148049,0
38404,80148049,0
38405,80148049,0
38406,80148049,0
38407,80148049,0
38408,80148049,0
38409,80148049,0
38410,80148049,0
38411,80148049,0
38412,80148049,0
38413,80148049,0
38414,80148049,0
38415,80148049,0
38416,80148049,0
38417,80148049,0
38418,80148049,0
38419,80148049,0
38420,80148049,0
38421,80148049,0
38422,80148049,0
38423,80148049,0
38424,80148049,0
38425,80148049,0
38426,80148049,0
38427,80148049,0
38428,80148049,0
38429,80148049,0
38430,80148049,0
38431,80148049,0
38432,80148049,0
38433,80148049,0
38434,80148049,0
38435,80148049,0
38436,80148049,0
38437,80148049,0
38438,80148049,0
38439,80148049,0
38440,80148049,0
38441,80148049,0
38442,80148049,0
38443,80148049,0
38444,80148049,0
38445,80148049,0
38446,80148049,0
38447,80148049,0
38448,80148049,0
38449,80148049,0
38450,80148049,0
38451,80148049,0
38452,80148049,0
38453,80148049,0
38454,80148049,0
38455,80148049,0
38456,80148049,0
38457,80148049,0
38458,80148049,0
38459,80148049,0
38460,80148049,0
38461,80148049,0
38462,80148049,0
38463,80148049,0
38464,80148049,0
38465,80148049,0
38466,80148049,0
38467,80148049,0
38468,80148049,0
38469,80148049,0
38470,80148049,0
38471,80148049,0
38472,80148049,0
38473,80148049,0
38474,80148049,0
38475,80148049,0
38476,80148049,0
38477,80148049,0
38478,80148049,0
38479,80148049,0
38480,80148049,0
38481,80148049,0
38482,80148049,0
38483,80148049,0
38484,80148049,0
38485,80148049,0
38486,80148049,0
38487,80148049,0
38488,80148049,0
38489,80148049,0
38490,80148049,0
38491,80148049,0
38492,80148049,0
38493,80148049,0
38494,80148049,0
38495,80148049,0
38496,80148049,0
38497,80148049,0
38498,80148049,0
38499,80148049,0
38500,80148049,0
38501,80148049,0
38502,80148049,0
38503,80148049,0
38504,80148049,0
38505,80148049,0
38506,80148049,0
38507,80148049,0
38508,80148049,0
38509,80148049,0
38510,80148049,0
38511,80148049,0
38512,80148049,0
38513,80148049,0
38514,80148049,0
38515,80148049,0
38516,80148049,0
38517,80148049,0
38518,80148049,0
38519,80148049,0
38520,80148049,0
38521,80148049,0
38522,80148049,0
38523,80148049,0
38524,80148049,0
38525,80148049,0
38526,80148049,0
38527,80148049,0
38528,80148049,0
38529,80148049,0
38530,80148049,0
38531,80148049,0
38532,80148049,0
38533,80148049,0
38534,80148049,0
38535,80148049,0
38536,80148049,0
38537,80148049,0
38538,80148049,0
38539,80148049,0
38540,80148049,0
38541,80148049,0
38542,80148049,0
38543,80148049,0
38544,80148049,0
38545,80148049,0
38546,80148049,0
38547,80148049,0
38548,80148049,0
38549,80148049,0
38550,80148049,0
38551,80148049,0
38552,80148049,0
38553,80148049,0
38554,80148049,0
38555,80148049,0
38556,80148049,0
38557,80148049,0
38558,80148049,0
38559,80148049,0
38560,80148049,0
38561,80148049,0
38562,80148049,0
38563,80148049,0
38564,80148049,0
38565,80148049,0
38566,80148049,0
38567,80148049,0
38568,80148049,0
38569,80148049,0
38570,80148049,0
38571,80148049,0
38572,80148049,0
38573,80148049,0
38574,80148049,0
38575,80148049,0
38576,80148049,0
38577,80148049,0
38578,80148049,0
38579,80148049,0
38580,80148049,0
38581,80148049,0
38582,80148049,0
38583,80148049,0
38584,80148049,0
38585,80148049,0
38586,80148049,0
38587,80148049,0
38588,80148049,0
38589,80148049,0
38590,80148049,0
38591,80148049,0
38592,80148049,0
38593,80148049,0
38594,80148049,0
38595,80148049,0
38596,80148049,0
38597,80148049,0
38598,80148049,0
38599,80148049,0
38600,80148049,0
38601,80148049,0
38602,80148049,0
38603,80148049,0
38604,80148049,0
38605,80148049,0
38606,80148049,0
38607,80148049,0
38608,80148049,0
38609,80148049,0
38610,80148049,0
38611,80148049,0
38612,80148049,0
38613,80148049,0
38614,80148049,0
38615,80148049,0
38616,80148049,0
38617,80148049,0
38618,80148049,0
38619,80148049,0
38620,80148049,0
38621,80148049,0
38622,80148049,0
38623,80148049,0
38624,80148049,0
38625,80148049,0
38626,80148049,0
38627,80148049,0
38628,80148049,0
38629,80148049,0
38630,80148049,0
38631,80148049,0
38632,80148049,0
38633,80148049,0
38634,80148049,0
38635,80148049,0
38636,80148049,0
38637,80148049,0
38638,80148049,0
38639,80148049,0
38640,80148049,0
38641,80148049,0
38642,80148049,0
38643,80148049,0
38644,80148049,0
38645,80148049,0
38646,80148049,0
38647,80148049,0
38648,80148049,0
38649,80148049,0
38650,80148049,0
38651,80148049,0
38652,80148049,0
38653,80148049,0
38654,80148049,0
38655,80148049,0
38656,80148049,0
38657,80148049,0
38658,80148049,0
38659,80148049,0
38660,80148049,0
38661,80148049,0
38662,80148049,0
38663,80148049,0
38664,80148049,0
38665,80148049,0
38666,80148049,0
38667,80148049,0
38668,80148049,0
38669,80148049,0
38670,80148049,0
38671,80148049,0
38672,80148049,0
38673,80148049,0
38674,80148049,0
38675,80148049,0
38676,80148049,0
38677,80148049,0
38678,80148049,0
38679,80148049,0
38680,80148049,0
38681,80148049,0
38682,80148049,0
38683,80148049,0
38684,80148049,0
38685,80148049,0
38686,80148049,0
38687,80148049,0
38688,80148049,0
38689,80148049,0
38690,80148049,0
38691,80148049,0
38692,80148049,0
38693,80148049,0
38694,80148049,0
38695,80148049,0
38696,80148049,0
38697,80148049,0
38698,80148049,0
38699,80148049,0
38700,80148049,0
38701,80148049,0
38702,80148049,0
38703,80148049,0
38704,80148049,0
38705,80148049,0
38706,80148049,0
38707,80148049,0
38708,80148049,0
38709,80148049,0
38710,80148049,0
38711,80148049,0
38712,80148049,0
38713,80148049,0
38714,80148049,0
38715,80148049,0
38716,80148049,0
38717,80148049,0
38718,80148049,0
38719,80148049,0
38720,80148049,0
38721,80148049,0
38722,80148049,0
38723,80148049,0
38724,80148049,0
38725,80148049,0
38726,80148049,0
38727,80148049,0
38728,80148049,0
38729,80148049,0
38730,80148049,0
38731,80148049,0
38732,80148049,0
38733,80148049,0
38734,80148049,0
38735,80148049,0
38736,80148049,0
38737,80148049,0
38738,80148049,0
38739,80148049,0
38740,80148049,0
38741,80148049,0
38742,80148049,0
38743,80148049,0
38744,80148049,0
38745,80148049,0
38746,80148049,0
38747,80148049,0
38748,80148049,0
38749,80148049,0
38750,80148049,0
38751,80148049,0
38752,80148049,0
38753,80148049,0
38754,80148049,0
38755,80148049,0
38756,80148049,0
38757,80148049,0
38758,80148049,0
38759,80148049,0
38760,80148049,0
38761,80148049,0
38762,80148049,0
38763,80148049,0
38764,80148049,0
38765,80148049,0
38766,80148049,0
38767,80148049,0
38768,80148049,0
38769,80148049,0
38770,80148049,0
38771,80148049,0
38772,80148049,0
38773,80148049,0
38774,80148049,0
38775,80148049,0
38776,80148049,0
38777,80148049,0
38778,80148049,0
38779,80148049,0
38780,80148049,0
38781,80148049,0
38782,80148049,0
38783,80148049,0
38784,80148049,0
38785,80148049,0
38786,80148049,0
38787,80148049,0
38788,80148049,0
38789,80148049,0
38790,80148049,0
38791,80148049,0
38792,80148049,0
38793,80148049,0
38794,80148049,0
38795,80148049,0
38796,80148049,0
38797,80148049,0
38798,80148049,0
38799,80148049,0
38800,80148049,0
38801,80148049,0
38802,80148049,0
38803,80148049,0
38804,80148049,0
38805,80148049,0
38806,80148049,0
38807,80148049,0
38808,80148049,0
38809,80148049,0
38810,80148049,0
38811,80148049,0
38812,80148049,0
38813,80148049,0
38814,80148049,0
38815,80148049,0
38816,80148049,0
38817,80148049,0
38818,80148049,0
38819,80148049,0
38820,80148049,0
38821,80148049,0
38822,80148049,0
38823,80148049,0
38824,80148049,0
38825,80148049,0
38826,80148049,0
38827,80148049,0
38828,80148049,0
38829,80148049,0
38830,80148049,0
38831,80148049,0
38832,80148049,0
38833,80148049,0
38834,80148049,0
38835,80148049,0
38836,80148049,0
38837,80148049,0
38838,80148049,0
38839,80148049,0
38840,80148049,0
38841,80148049,0
38842,80148049,0
38843,80148049,0
38844,80148049,0
38845,80148049,0
38846,80148049,0
38847,80148049,0
38848,80148049,0
38849,80148049,0
38850,80148049,0
38851,80148049,0
38852,80148049,0
38853,80148049,0
38854,80148049,0
38855,80148049,0
38856,80148049,0
38857,80148049,0
38858,80148049,0
38859,80148049,0
38860,80148049,0
38861,80148049,0
38862,80148049,0
38863,80148049,0
38864,80148049,0
38865,80148049,0
38866,80148049,0
38867,80148049,0
38868,80148049,0
38869,80148049,0
38870,80148049,0
38871,80148049,0
38872,80148049,0
38873,80148049,0
38874,80148049,0
38875,80148049,0
38876,80148049,0
38877,80148049,0
38878,80148049,0
38879,80148049,0
38880,80148049,0
38881,80148049,0
38882,80148049,0
38883,80148049,0
38884,80148049,0
38885,80148049,0
38886,80148049,0
38887,80148049,0
38888,80148049,0
38889,80148049,0
38890,80148049,0
38891,80148049,0
38892,80148049,0
38893,80148049,0
38894,80148049,0
38895,80148049,0
38896,80148049,0
38897,80148049,0
38898,80148049,0
38899,80148049,0
38900,80148049,0
38901,80148049,0
38902,80148049,0
38903,80148049,0
38904,80148049,0
38905,80148049,0
38906,80148049,0
38907,80148049,0
38908,80148049,0
38909,80148049,0
38910,80148049,0
38911,80148049,0
38912,80148049,0
38913,80148049,0
38914,80148049,0
38915,80148049,0
38916,80148049,0
38917,80148049,0
38918,80148049,0
38919,80148049,0
38920,80148049,0
38921,80148049,0
38922,80148049,0
38923,80148049,0
38924,80148049,0
38925,80148049,0
38926,80148049,0
38927,80148049,0
38928,80148049,0
38929,80148049,0
38930,80148049,0
38931,80148049,0
38932,80148049,0
38933,80148049,0
38934,80148049,0
38935,80148049,0
38936,80148049,0
38937,80148049,0
38938,80148049,0
38939,80148049,0
38940,80148049,0
38941,80148049,0
38942,80148049,0
38943,80148049,0
38944,80148049,0
38945,80148049,0
38946,80148049,0
38947,80148049,0
38948,80148049,0
38949,80148049,0
38950,80148049,0
38951,80148049,0
38952,80148049,0
38953,80148049,0
38954,80148049,0
38955,80148049,0
38956,80148049,0
38957,80148049,0
38958,80148049,0
38959,80148049,0
38960,80148049,0
38961,80148049,0
38962,80148049,0
38963,80148049,0
38964,80148049,0
38965,80148049,0
38966,80148049,0
38967,80148049,0
38968,80148049,0
38969,80148049,0
38970,80148049,0
38971,80148049,0
38972,80148049,0
38973,80148049,0
38974,80148049,0
38975,80148049,0
38976,80148049,0
38977,80148049,0
38978,80148049,0
38979,80148049,0
38980,80148049,0
38981,80148049,0
38982,80148049,0
38983,80148049,0
38984,80148049,0
38985,80148049,0
38986,80148049,0
38987,80148049,0
38988,80148049,0
38989,80148049,0
38990,80148049,0
38991,80148049,0
38992,80148049,0
38993,80148049,0
38994,80148049,0
38995,80148049,0
38996,80148049,0
38997,80148049,0
38998,80148049,0
38999,80148049,0
39000,80148049,0
39001,80148049,0
39002,80148049,0
39003,80148049,0
39004,80148049,0
39005,80148049,0
39006,80148049,0
39007,80148049,0
39008,80148049,0
39009,80148049,0
39010,80148049,0
39011,80148049,0
39012,80148049,0
39013,80148049,0
39014,80148049,0
39015,80148049,0
39016,80148049,0
39017,80148049,0
39018,80148049,0
39019,80148049,0
39020,80148049,0
39021,80148049,0
39022,80148049,0
39023,80148049,0
39024,80148049,0
39025,80148049,0
39026,80148049,0
39027,80148049,0
39028,80148049,0
39029,80148049,0
39030,80148049,0
39031,80148049,0
39032,80148049,0
39033,80148049,0
39034,80148049,0
39035,80148049,0
39036,80148049,0
39037,80148049,0
39038,80148049,0
39039,80148049,0
39040,80148049,0
39041,80148049,0
39042,80148049,0
39043,80148049,0
39044,80148049,0
39045,80148049,0
39046,80148049,0
39047,80148049,0
39048,80148049,0
39049,80148049,0
39050,80148049,0
39051,80148049,0
39052,80148049,0
39053,80148049,0
39054,80148049,0
39055,80148049,0
39056,80148049,0
39057,80148049,0
39058,80148049,0
39059,80148049,0
39060,80148049,0
39061,80148049,0
39062,80148049,0
39063,80148049,0
39064,80148049,0
39065,80148049,0
39066,80148049,0
39067,80148049,0
39068,80148049,0
39069,80148049,0
39070,80148049,0
39071,80148049,0
39072,80148049,0
39073,80148049,0
39074,80148049,0
39075,80148049,0
39076,80148049,0
39077,80148049,0
39078,80148049,0
39079,80148049,0
39080,80148049,0
39081,80148049,0
39082,80148049,0
39083,80148049,0
39084,80148049,0
39085,80148049,0
39086,80148049,0
39087,80148049,0
39088,80148049,0
39089,80148049,0
39090,80148049,0
39091,80148049,0
39092,80148049,0
39093,80148049,0
39094,80148049,0
39095,80148049,0
39096,80148049,0
39097,80148049,0
39098,80148049,0
39099,80148049,0
39100,80148049,0
39101,80148049,0
39102,80148049,0
39103,80148049,0
39104,80148049,0
39105,80148049,0
39106,80148049,0
39107,80148049,0
39108,80148049,0
39109,80148049,0
39110,80148049,0
39111,80148049,0
39112,80148049,0
39113,80148049,0
39114,80148049,0
39115,80148049,0
39116,80148049,0
39117,80148049,0
39118,80148049,0
39119,80148049,0
39120,80148049,0
39121,80148049,0
39122,80148049,0
39123,80148049,0
39124,80148049,0
39125,80148049,0
39126,80148049,0
39127,80148049,0
39128,80148049,0
39129,80148049,0
39130,80148049,0
39131,80148049,0
39132,80148049,0
39133,80148049,0
39134,80148049,0
39135,80148049,0
39136,80148049,0
39137,80148049,0
39138,80148049,0
39139,80148049,0
39140,80148049,0
39141,80148049,0
39142,80148049,0
39143,80148049,0
39144,80148049,0
39145,80148049,0
39146,80148049,0
39147,80148049,0
39148,80148049,0
39149,80148049,0
39150,80148049,0
39151,80148049,0
39152,80148049,0
39153,80148049,0
39154,80148049,0
39155,80148049,0
39156,80148049,0
39157,80148049,0
39158,80148049,0
39159,80148049,0
39160,80148049,0
39161,80148049,0
39162,80148049,0
39163,80148049,0
39164,80148049,0
39165,80148049,0
39166,80148049,0
39167,80148049,0
39168,80148049,0
39169,80148049,0
39170,80148049,0
39171,80148049,0
39172,80148049,0
39173,80148049,0
39174,80148049,0
39175,80148049,0
39176,80148049,0
39177,80148049,0
39178,80148049,0
39179,80148049,0
39180,80148049,0
39181,80148049,0
39182,80148049,0
39183,80148049,0
39184,80148049,0
39185,80148049,0
39186,80148049,0
39187,80148049,0
39188,80148049,0
39189,80148049,0
39190,80148049,0
39191,80148049,0
39192,80148049,0
39193,80148049,0
39194,80148049,0
39195,80148049,0
39196,80148049,0
39197,80148049,0
39198,80148049,0
39199,80148049,0
39200,80148049,0
39201,80148049,0
39202,80148049,0
39203,80148049,0
39204,80148049,0
39205,80148049,0
39206,80148049,0
39207,80148049,0
39208,80148049,0
39209,80148049,0
39210,80148049,0
39211,80148049,0
39212,80148049,0
39213,80148049,0
39214,80148049,0
39215,80148049,0
39216,80148049,0
39217,80148049,0
39218,80148049,0
39219,80148049,0
39220,80148049,0
39221,80148049,0
39222,80148049,0
39223,80148049,0
39224,80148049,0
39225,80148049,0
39226,80148049,0
39227,80148049,0
39228,80148049,0
39229,80148049,0
39230,80148049,0
39231,80148049,0
39232,80148049,0
39233,80148049,0
39234,80148049,0
39235,80148049,0
39236,80148049,0
39237,80148049,0
39238,80148049,0
39239,80148049,0
39240,80148049,0
39241,80148049,0
39242,80148049,0
39243,80148049,0
39244,80148049,0
39245,80148049,0
39246,80148049,0
39247,80148049,0
39248,80148049,0
39249,80148049,0
39250,80148049,0
39251,80148049,0
39252,80148049,0
39253,80148049,0
39254,80148049,0
39255,80148049,0
39256,80148049,0
39257,80148049,0
39258,80148049,0
39259,80148049,0
39260,80148049,0
39261,80148049,0
39262,80148049,0
39263,80148049,0
39264,80148049,0
39265,80148049,0
39266,80148049,0
39267,80148049,0
39268,80148049,0
39269,80148049,0
39270,80148049,0
39271,80148049,0
39272,80148049,0
39273,80148049,0
39274,80148049,0
39275,80148049,0
39276,80148049,0
39277,80148049,0
39278,80148049,0
39279,80148049,0
39280,80148049,0
39281,80148049,0
39282,80148049,0
39283,80148049,0
39284,80148049,0
39285,80148049,0
39286,80148049,0
39287,80148049,0
39288,80148049,0
39289,80148049,0
39290,80148049,0
39291,80148049,0
39292,80148049,0
39293,80148049,0
39294,80148049,0
39295,80148049,0
39296,80148049,0
39297,80148049,0
39298,80148049,0
39299,80148049,0
39300,80148049,0
39301,80148049,0
39302,80148049,0
39303,80148049,0
39304,80148049,0
39305,80148049,0
39306,80148049,0
39307,80148049,0
39308,80148049,0
39309,80148049,0
39310,80148049,0
39311,80148049,0
39312,80148049,0
39313,80148049,0
39314,80148049,0
39315,80148049,0
39316,80148049,0
39317,80148049,0
39318,80148049,0
39319,80148049,0
39320,80148049,0
39321,80148049,0
39322,80148049,0
39323,80148049,0
39324,80148049,0
39325,80148049,0
39326,80148049,0
39327,80148049,0
39328,80148049,0
39329,80148049,0
39330,80148049,0
39331,80148049,0
39332,80148049,0
39333,80148049,0
39334,80148049,0
39335,80148049,0
39336,80148049,0
39337,80148049,0
39338,80148049,0
39339,80148049,0
39340,80148049,0
39341,80148049,0
39342,80148049,0
39343,80148049,0
39344,80148049,0
39345,80148049,0
39346,80148049,0
39347,80148049,0
39348,80148049,0
39349,80148049,0
39350,80148049,0
39351,80148049,0
39352,80148049,0
39353,80148049,0
39354,80148049,0
39355,80148049,0
39356,80148049,0
39357,80148049,0
39358,80148049,0
39359,80148049,0
39360,80148049,0
39361,80148049,0
39362,80148049,0
39363,80148049,0
39364,80148049,0
39365,80148049,0
39366,80148049,0
39367,80148049,0
39368,80148049,0
39369,80148049,0
39370,80148049,0
39371,80148049,0
39372,80148049,0
39373,80148049,0
39374,80148049,0
39375,80148049,0
39376,80148049,0
39377,80148049,0
39378,80148049,0
39379,80148049,0
39380,80148049,0
39381,80148049,0
39382,80148049,0
39383,80148049,0
39384,80148049,0
39385,80148049,0
39386,80148049,0
39387,80148049,0
39388,80148049,0
39389,80148049,0
39390,80148049,0
39391,80148049,0
39392,80148049,0
39393,80148049,0
39394,80148049,0
39395,80148049,0
39396,80148049,0
39397,80148049,0
39398,80148049,0
39399,80148049,0
39400,80148049,0
39401,80148049,0
39402,80148049,0
39403,80148049,0
39404,80148049,0
39405,80148049,0
39406,80148049,0
39407,80148049,0
39408,80148049,0
39409,80148049,0
39410,80148049,0
39411,80148049,0
39412,80148049,0
39413,80148049,0
39414,80148049,0
39415,80148049,0
39416,80148049,0
39417,80148049,0
39418,80148049,0
39419,80148049,0
39420,80148049,0
39421,80148049,0
39422,80148049,0
39423,80148049,0
39424,80148049,0
39425,80148049,0
39426,80148049,0
39427,80148049,0
39428,80148049,0
39429,80148049,0
39430,80148049,0
39431,80148049,0
39432,80148049,0
39433,80148049,0
39434,80148049,0
39435,80148049,0
39436,80148049,0
39437,80148049,0
39438,80148049,0
39439,80148049,0
39440,80148049,0
39441,80148049,0
39442,80148049,0
39443,80148049,0
39444,80148049,0
39445,80148049,0
39446,80148049,0
39447,80148049,0
39448,80148049,0
39449,80148049,0
39450,80148049,0
39451,80148049,0
39452,80148049,0
39453,80148049,0
39454,80148049,0
39455,80148049,0
39456,80148049,0
39457,80148049,0
39458,80148049,0
39459,80148049,0
39460,80148049,0
39461,80148049,0
39462,80148049,0
39463,80148049,0
39464,80148049,0
39465,80148049,0
39466,80148049,0
39467,80148049,0
39468,80148049,0
39469,80148049,0
39470,80148049,0
39471,80148049,0
39472,80148049,0
39473,80148049,0
39474,80148049,0
39475,80148049,0
39476,80148049,0
39477,80148049,0
39478,80148049,0
39479,80148049,0
39480,80148049,0
39481,80148049,0
39482,80148049,0
39483,80148049,0
39484,80148049,0
39485,80148049,0
39486,80148049,0
39487,80148049,0
39488,80148049,0
39489,80148049,0
39490,80148049,0
39491,80148049,0
39492,80148049,0
39493,80148049,0
39494,80148049,0
39495,80148049,0
39496,80148049,0
39497,80148049,0
39498,80148049,0
39499,80148049,0
39500,80148049,0
39501,80148049,0
39502,80148049,0
39503,80148049,0
39504,80148049,0
39505,80148049,0
39506,80148049,0
39507,80148049,0
39508,80148049,0
39509,80148049,0
39510,80148049,0
39511,80148049,0
39512,80148049,0
39513,80148049,0
39514,80148049,0
39515,80148049,0
39516,80148049,0
39517,80148049,0
39518,80148049,0
39519,80148049,0
39520,80148049,0
39521,80148049,0
39522,80148049,0
39523,80148049,0
39524,80148049,0
39525,80148049,0
39526,80148049,0
39527,80148049,0
39528,80148049,0
39529,80148049,0
39530,80148049,0
39531,80148049,0
39532,80148049,0
39533,80148049,0
39534,80148049,0
39535,80148049,0
39536,80148049,0
39537,80148049,0
39538,80148049,0
39539,80148049,0
39540,80148049,0
39541,80148049,0
39542,80148049,0
39543,80148049,0
39544,80148049,0
39545,80148049,0
39546,80148049,0
39547,80148049,0
39548,80148049,0
39549,80148049,0
39550,80148049,0
39551,80148049,0
39552,80148049,0
39553,80148049,0
39554,80148049,0
39555,80148049,0
39556,80148049,0
39557,80148049,0
39558,80148049,0
39559,80148049,0
39560,80148049,0
39561,80148049,0
39562,80148049,0
39563,80148049,0
39564,80148049,0
39565,80148049,0
39566,80148049,0
39567,80148049,0
39568,80148049,0
39569,80148049,0
39570,80148049,0
39571,80148049,0
39572,80148049,0
39573,80148049,0
39574,80148049,0
39575,80148049,0
39576,80148049,0
39577,80148049,0
39578,80148049,0
39579,80148049,0
39580,80148049,0
39581,80148049,0
39582,80148049,0
39583,80148049,0
39584,80148049,0
39585,80148049,0
39586,80148049,0
39587,80148049,0
39588,80148049,0
39589,80148049,0
39590,80148049,0
39591,80148049,0
39592,80148049,0
39593,80148049,0
39594,80148049,0
39595,80148049,0
39596,80148049,0
39597,80148049,0
39598,80148049,0
39599,80148049,0
39600,80148049,0
39601,80148049,0
39602,80148049,0
39603,80148049,0
39604,80148049,0
39605,80148049,0
39606,80148049,0
39607,80148049,0
39608,80148049,0
39609,80148049,0
39610,80148049,0
39611,80148049,0
39612,80148049,0
39613,80148049,0
39614,80148049,0
39615,80148049,0
39616,80148049,0
39617,80148049,0
39618,80148049,0
39619,80148049,0
39620,80148049,0
39621,80148049,0
39622,80148049,0
39623,80148049,0
39624,80148049,0
39625,80148049,0
39626,80148049,0
39627,80148049,0
39628,80148049,0
39629,80148049,0
39630,80148049,0
39631,80148049,0
39632,80148049,0
39633,80148049,0
39634,80148049,0
39635,80148049,0
39636,80148049,0
39637,80148049,0
39638,80148049,0
39639,80148049,0
39640,80148049,0
39641,80148049,0
39642,80148049,0
39643,80148049,0
39644,80148049,0
39645,80148049,0
39646,80148049,0
39647,80148049,0
39648,80148049,0
39649,80148049,0
39650,80148049,0
39651,80148049,0
39652,80148049,0
39653,80148049,0
39654,80148049,0
39655,80148049,0
39656,80148049,0
39657,80148049,0
39658,80148049,0
39659,80148049,0
39660,80148049,0
39661,80148049,0
39662,80148049,0
39663,80148049,0
39664,80148049,0
39665,80148049,0
39666,80148049,0
39667,80148049,0
39668,80148049,0
39669,80148049,0
39670,80148049,0
39671,80148049,0
39672,80148049,0
39673,80148049,0
39674,80148049,0
39675,80148049,0
39676,80148049,0
39677,80148049,0
39678,80148049,0
39679,80148049,0
39680,80148049,0
39681,80148049,0
39682,80148049,0
39683,80148049,0
39684,80148049,0
39685,80148049,0
39686,80148049,0
39687,80148049,0
39688,80148049,0
39689,80148049,0
39690,80148049,0
39691,80148049,0
39692,80148049,0
39693,80148049,0
39694,80148049,0
39695,80148049,0
39696,80148049,0
39697,80148049,0
39698,80148049,0
39699,80148049,0
39700,80148049,0
39701,80148049,0
39702,80148049,0
39703,80148049,0
39704,80148049,0
39705,80148049,0
39706,80148049,0
39707,80148049,0
39708,80148049,0
39709,80148049,0
39710,80148049,0
39711,80148049,0
39712,80148049,0
39713,80148049,0
39714,80148049,0
39715,80148049,0
39716,80148049,0
39717,80148049,0
39718,80148049,0
39719,80148049,0
39720,80148049,0
39721,80148049,0
39722,80148049,0
39723,80148049,0
39724,80148049,0
39725,80148049,0
39726,80148049,0
39727,80148049,0
39728,80148049,0
39729,80148049,0
39730,80148049,0
39731,80148049,0
39732,80148049,0
39733,80148049,0
39734,80148049,0
39735,80148049,0
39736,80148049,0
39737,80148049,0
39738,80148049,0
39739,80148049,0
39740,80148049,0
39741,80148049,0
39742,80148049,0
39743,80148049,0
39744,80148049,0
39745,80148049,0
39746,80148049,0
39747,80148049,0
39748,80148049,0
39749,80148049,0
39750,80148049,0
39751,80148049,0
39752,80148049,0
39753,80148049,0
39754,80148049,0
39755,80148049,0
39756,80148049,0
39757,80148049,0
39758,80148049,0
39759,80148049,0
39760,80148049,0
39761,80148049,0
39762,80148049,0
39763,80148049,0
39764,80148049,0
39765,80148049,0
39766,80148049,0
39767,80148049,0
39768,80148049,0
39769,80148049,0
39770,80148049,0
39771,80148049,0
39772,80148049,0
39773,80148049,0
39774,80148049,0
39775,80148049,0
39776,80148049,0
39777,80148049,0
39778,80148049,0
39779,80148049,0
39780,80148049,0
39781,80148049,0
39782,80148049,0
39783,80148049,0
39784,80148049,0
39785,80148049,0
39786,80148049,0
39787,80148049,0
39788,80148049,0
39789,80148049,0
39790,80148049,0
39791,80148049,0
39792,80148049,0
39793,80148049,0
39794,80148049,0
39795,80148049,0
39796,80148049,0
39797,80148049,0
39798,80148049,0
39799,80148049,0
39800,80148049,0
39801,80148049,0
39802,80148049,0
39803,80148049,0
39804,80148049,0
39805,80148049,0
39806,80148049,0
39807,80148049,0
39808,80148049,0
39809,80148049,0
39810,80148049,0
39811,80148049,0
39812,80148049,0
39813,80148049,0
39814,80148049,0
39815,80148049,0
39816,80148049,0
39817,80148049,0
39818,80148049,0
39819,80148049,0
39820,80148049,0
39821,80148049,0
39822,80148049,0
39823,80148049,0
39824,80148049,0
39825,80148049,0
39826,80148049,0
39827,80148049,0
39828,80148049,0
39829,80148049,0
39830,80148049,0
39831,80148049,0
39832,80148049,0
39833,80148049,0
39834,80148049,0
39835,80148049,0
39836,80148049,0
39837,80148049,0
39838,80148049,0
39839,80148049,0
39840,80148049,0
39841,80148049,0
39842,80148049,0
39843,80148049,0
39844,80148049,0
39845,80148049,0
39846,80148049,0
39847,80148049,0
39848,80148049,0
39849,80148049,0
39850,80148049,0
39851,80148049,0
39852,80148049,0
39853,80148049,0
39854,80148049,0
39855,80148049,0
39856,80148049,0
39857,80148049,0
39858,80148049,0
39859,80148049,0
39860,80148049,0
39861,80148049,0
39862,80148049,0
39863,80148049,0
39864,80148049,0
39865,80148049,0
39866,80148049,0
39867,80148049,0
39868,80148049,0
39869,80148049,0
39870,80148049,0
39871,80148049,0
39872,80148049,0
39873,80148049,0
39874,80148049,0
39875,80148049,0
39876,80148049,0
39877,80148049,0
39878,80148049,0
39879,80148049,0
39880,80148049,0
39881,80148049,0
39882,80148049,0
39883,80148049,0
39884,80148049,0
39885,80148049,0
39886,80148049,0
39887,80148049,0
39888,80148049,0
39889,80148049,0
39890,80148049,0
39891,80148049,0
39892,80148049,0
39893,80148049,0
39894,80148049,0
39895,80148049,0
39896,80148049,0
39897,80148049,0
39898,80148049,0
39899,80148049,0
39900,80148049,0
39901,80148049,0
39902,80148049,0
39903,80148049,0
39904,80148049,0
39905,80148049,0
39906,80148049,0
39907,80148049,0
39908,80148049,0
39909,80148049,0
39910,80148049,0
39911,80148049,0
39912,80148049,0
39913,80148049,0
39914,80148049,0
39915,80148049,0
39916,80148049,0
39917,80148049,0
39918,80148049,0
39919,80148049,0
39920,80148049,0
39921,80148049,0
39922,80148049,0
39923,80148049,0
39924,80148049,0
39925,80148049,0
39926,80148049,0
39927,80148049,0
39928,80148049,0
39929,80148049,0
39930,80148049,0
39931,80148049,0
39932,80148049,0
39933,80148049,0
39934,80148049,0
39935,80148049,0
39936,80148049,0
39937,80148049,0
39938,80148049,0
39939,80148049,0
39940,80148049,0
39941,80148049,0
39942,80148049,0
39943,80148049,0
39944,80148049,0
39945,80148049,0
39946,80148049,0
39947,80148049,0
39948,80148049,0
39949,80148049,0
39950,80148049,0
39951,80148049,0
39952,80148049,0
39953,80148049,0
39954,80148049,0
39955,80148049,0
39956,80148049,0
39957,80148049,0
39958,80148049,0
39959,80148049,0
39960,80148049,0
39961,80148049,0
39962,80148049,0
39963,80148049,0
39964,80148049,0
39965,80148049,0
39966,80148049,0
39967,80148049,0
39968,80148049,0
39969,80148049,0
39970,80148049,0
39971,80148049,0
39972,80148049,0
39973,80148049,0
39974,80148049,0
39975,80148049,0
39976,80148049,0
39977,80148049,0
39978,80148049,0
39979,80148049,0
39980,80148049,0
39981,80148049,0
39982,80148049,0
39983,80148049,0
39984,80148049,0
39985,80148049,0
39986,80148049,0
39987,80148049,0
39988,80148049,0
39989,80148049,0
39990,80148049,0
39991,80148049,0
39992,80148049,0
39993,80148049,0
39994,80148049,0
39995,80148049,0
39996,80148049,0
39997,80148049,0
39998,80148049,0
39999,80148049,0
40000,80148049,0
